data_source,scale,scale_id,pipeline_name,store_path,resolution_id,component,R2_Nagelkerke_adjusted,R2_Nagelkerke_percentage,fitted_auc_mean,fitted_auc_median,fitted_auc_n,predictive_tjur_r2_mean,predictive_auc_mean,predictive_log_loss_mean,cv_strategy,effective_folds,cv_feasibility_status,n_locations,n_samples,n_taxa,n_effective_mev,regularization_source,source_tier,candidate_id,continent_id,taxonomic_scale
paleo,local,am_r002_l005,pipeline_paleo_spatial_resolution,D:/GITHUB/BIODYNAMICS_vegetation_cooccurrence/Data/targets/paleo_spatial_local/am_r002_l005/pipeline_paleo_spatial_resolution,family,Abiotic,0.6150664646434507,37.283972985934795,0.7710050182797223,0.8224041928241359,6,-9.737497535662597e-4,0.4711335099334716,0.6939118106307854,spatially_stratified_group_kfold,5,grouped_kfold_feasible,15,355,6,3,unit_cv,NA,candidate_004,america,Family
paleo,local,am_r002_l005,pipeline_paleo_spatial_resolution,D:/GITHUB/BIODYNAMICS_vegetation_cooccurrence/Data/targets/paleo_spatial_local/am_r002_l005/pipeline_paleo_spatial_resolution,family,Associations,0.36124784274534394,21.898047746681097,0.7710050182797223,0.8224041928241359,6,-9.737497535662597e-4,0.4711335099334716,0.6939118106307854,spatially_stratified_group_kfold,5,grouped_kfold_feasible,15,355,6,3,unit_cv,NA,candidate_004,america,Family
paleo,local,am_r002_l005,pipeline_paleo_spatial_resolution,D:/GITHUB/BIODYNAMICS_vegetation_cooccurrence/Data/targets/paleo_spatial_local/am_r002_l005/pipeline_paleo_spatial_resolution,family,Spatial,0.673366280233886,40.817979267384096,0.7710050182797223,0.8224041928241359,6,-9.737497535662597e-4,0.4711335099334716,0.6939118106307854,spatially_stratified_group_kfold,5,grouped_kfold_feasible,15,355,6,3,unit_cv,NA,candidate_004,america,Family
paleo,local,am_r002_l005,pipeline_paleo_spatial_resolution,D:/GITHUB/BIODYNAMICS_vegetation_cooccurrence/Data/targets/paleo_spatial_local/am_r002_l005/pipeline_paleo_spatial_resolution,functional_type,Abiotic,0.6128005002160132,40.48228831418583,0.8365699860835077,0.8452987641737801,5,0.06113586662754193,0.6129128816720146,0.5653320768957538,spatially_stratified_group_kfold,5,grouped_kfold_feasible,15,355,5,3,unit_cv,NA,candidate_004,america,Functional type
paleo,local,am_r002_l005,pipeline_paleo_spatial_resolution,D:/GITHUB/BIODYNAMICS_vegetation_cooccurrence/Data/targets/paleo_spatial_local/am_r002_l005/pipeline_paleo_spatial_resolution,functional_type,Associations,0.2513358206271595,16.603526189558565,0.8365699860835077,0.8452987641737801,5,0.06113586662754193,0.6129128816720146,0.5653320768957538,spatially_stratified_group_kfold,5,grouped_kfold_feasible,15,355,5,3,unit_cv,NA,candidate_004,america,Functional type
paleo,local,am_r002_l005,pipeline_paleo_spatial_resolution,D:/GITHUB/BIODYNAMICS_vegetation_cooccurrence/Data/targets/paleo_spatial_local/am_r002_l005/pipeline_paleo_spatial_resolution,functional_type,Spatial,0.6496133354510225,42.9141854962556,0.8365699860835077,0.8452987641737801,5,0.06113586662754193,0.6129128816720146,0.5653320768957538,spatially_stratified_group_kfold,5,grouped_kfold_feasible,15,355,5,3,unit_cv,NA,candidate_004,america,Functional type
paleo,local,am_r002_l005,pipeline_paleo_spatial_resolution,D:/GITHUB/BIODYNAMICS_vegetation_cooccurrence/Data/targets/paleo_spatial_local/am_r002_l005/pipeline_paleo_spatial_resolution,genus,Abiotic,1.0213649435114283,43.104857091891255,0.8069687105486711,0.8638712496080918,10,0.0868560595691338,0.6417100904917338,0.5334289207971915,spatially_stratified_group_kfold,5,grouped_kfold_feasible,15,355,10,3,unit_cv,NA,candidate_008,america,Genus
paleo,local,am_r002_l005,pipeline_paleo_spatial_resolution,D:/GITHUB/BIODYNAMICS_vegetation_cooccurrence/Data/targets/paleo_spatial_local/am_r002_l005/pipeline_paleo_spatial_resolution,genus,Associations,0.4141406513875634,17.47805591665476,0.8069687105486711,0.8638712496080918,10,0.0868560595691338,0.6417100904917338,0.5334289207971915,spatially_stratified_group_kfold,5,grouped_kfold_feasible,15,355,10,3,unit_cv,NA,candidate_008,america,Genus
paleo,local,am_r002_l005,pipeline_paleo_spatial_resolution,D:/GITHUB/BIODYNAMICS_vegetation_cooccurrence/Data/targets/paleo_spatial_local/am_r002_l005/pipeline_paleo_spatial_resolution,genus,Spatial,0.9339836284014709,39.417086991454,0.8069687105486711,0.8638712496080918,10,0.0868560595691338,0.6417100904917338,0.5334289207971915,spatially_stratified_group_kfold,5,grouped_kfold_feasible,15,355,10,3,unit_cv,NA,candidate_008,america,Genus
paleo,local,am_r002_l006,pipeline_paleo_spatial_resolution,D:/GITHUB/BIODYNAMICS_vegetation_cooccurrence/Data/targets/paleo_spatial_local/am_r002_l006/pipeline_paleo_spatial_resolution,family,Abiotic,0.7752982463654849,47.954073126688165,0.9057373847686102,0.8911996533932018,4,0.07154872200140953,0.6760494407026665,0.5090703175510789,leave_one_location_out,14,leave_one_location_out_required,14,370,4,3,unit_cv,NA,candidate_008,america,Family
paleo,local,am_r002_l006,pipeline_paleo_spatial_resolution,D:/GITHUB/BIODYNAMICS_vegetation_cooccurrence/Data/targets/paleo_spatial_local/am_r002_l006/pipeline_paleo_spatial_resolution,family,Associations,0.1970021899089539,12.185062284480171,0.9057373847686102,0.8911996533932018,4,0.07154872200140953,0.6760494407026665,0.5090703175510789,leave_one_location_out,14,leave_one_location_out_required,14,370,4,3,unit_cv,NA,candidate_008,america,Family
paleo,local,am_r002_l006,pipeline_paleo_spatial_resolution,D:/GITHUB/BIODYNAMICS_vegetation_cooccurrence/Data/targets/paleo_spatial_local/am_r002_l006/pipeline_paleo_spatial_resolution,family,Spatial,0.6444511675304181,39.86086458883165,0.9057373847686102,0.8911996533932018,4,0.07154872200140953,0.6760494407026665,0.5090703175510789,leave_one_location_out,14,leave_one_location_out_required,14,370,4,3,unit_cv,NA,candidate_008,america,Family
paleo,local,am_r002_l006,pipeline_paleo_spatial_resolution,D:/GITHUB/BIODYNAMICS_vegetation_cooccurrence/Data/targets/paleo_spatial_local/am_r002_l006/pipeline_paleo_spatial_resolution,functional_type,Abiotic,0.7343121241786259,46.902804252417745,0.8454679610985532,0.863365103685759,6,-0.004617771862016425,0.4786359675388127,0.4446431240507981,spatially_stratified_group_kfold,5,grouped_kfold_feasible,14,370,6,3,unit_cv,NA,candidate_004,america,Functional type
paleo,local,am_r002_l006,pipeline_paleo_spatial_resolution,D:/GITHUB/BIODYNAMICS_vegetation_cooccurrence/Data/targets/paleo_spatial_local/am_r002_l006/pipeline_paleo_spatial_resolution,functional_type,Associations,0.18737453407725746,11.968195545652948,0.8454679610985532,0.863365103685759,6,-0.004617771862016425,0.4786359675388127,0.4446431240507981,spatially_stratified_group_kfold,5,grouped_kfold_feasible,14,370,6,3,unit_cv,NA,candidate_004,america,Functional type
paleo,local,am_r002_l006,pipeline_paleo_spatial_resolution,D:/GITHUB/BIODYNAMICS_vegetation_cooccurrence/Data/targets/paleo_spatial_local/am_r002_l006/pipeline_paleo_spatial_resolution,functional_type,Spatial,0.6439172238206847,41.12900020192931,0.8454679610985532,0.863365103685759,6,-0.004617771862016425,0.4786359675388127,0.4446431240507981,spatially_stratified_group_kfold,5,grouped_kfold_feasible,14,370,6,3,unit_cv,NA,candidate_004,america,Functional type
paleo,local,am_r002_l006,pipeline_paleo_spatial_resolution,D:/GITHUB/BIODYNAMICS_vegetation_cooccurrence/Data/targets/paleo_spatial_local/am_r002_l006/pipeline_paleo_spatial_resolution,genus,Abiotic,1.071848239105849,45.81596122220274,0.8056149302406336,0.838018152689324,10,0.004495162613314337,0.4247176113786254,0.6374673008675402,spatially_stratified_group_kfold,5,grouped_kfold_feasible,14,370,9,3,unit_cv,NA,candidate_004,america,Genus
paleo,local,am_r002_l006,pipeline_paleo_spatial_resolution,D:/GITHUB/BIODYNAMICS_vegetation_cooccurrence/Data/targets/paleo_spatial_local/am_r002_l006/pipeline_paleo_spatial_resolution,genus,Associations,0.43769985779250814,18.709402114905966,0.8056149302406336,0.838018152689324,10,0.004495162613314337,0.4247176113786254,0.6374673008675402,spatially_stratified_group_kfold,5,grouped_kfold_feasible,14,370,9,3,unit_cv,NA,candidate_004,america,Genus
paleo,local,am_r002_l006,pipeline_paleo_spatial_resolution,D:/GITHUB/BIODYNAMICS_vegetation_cooccurrence/Data/targets/paleo_spatial_local/am_r002_l006/pipeline_paleo_spatial_resolution,genus,Spatial,0.8299166016757806,35.47463666289131,0.8056149302406336,0.838018152689324,10,0.004495162613314337,0.4247176113786254,0.6374673008675402,spatially_stratified_group_kfold,5,grouped_kfold_feasible,14,370,9,3,unit_cv,NA,candidate_004,america,Genus
paleo,local,am_r004_l002,pipeline_paleo_spatial_resolution,D:/GITHUB/BIODYNAMICS_vegetation_cooccurrence/Data/targets/paleo_spatial_local/am_r004_l002/pipeline_paleo_spatial_resolution,family,Abiotic,0.7202683259197395,41.02966651895025,0.8616203203698748,0.8618351841028639,5,-0.05437328679708285,0.3956222697174273,0.6909250920808252,spatially_stratified_group_kfold,5,grouped_kfold_feasible,9,204,5,NA,unit_cv,NA,candidate_008,america,Family
paleo,local,am_r004_l002,pipeline_paleo_spatial_resolution,D:/GITHUB/BIODYNAMICS_vegetation_cooccurrence/Data/targets/paleo_spatial_local/am_r004_l002/pipeline_paleo_spatial_resolution,family,Associations,0.26811125386533996,15.27280173263972,0.8616203203698748,0.8618351841028639,5,-0.05437328679708285,0.3956222697174273,0.6909250920808252,spatially_stratified_group_kfold,5,grouped_kfold_feasible,9,204,5,NA,unit_cv,NA,candidate_008,america,Family
paleo,local,am_r004_l002,pipeline_paleo_spatial_resolution,D:/GITHUB/BIODYNAMICS_vegetation_cooccurrence/Data/targets/paleo_spatial_local/am_r004_l002/pipeline_paleo_spatial_resolution,family,Spatial,0.7671022143140058,43.697531748410036,0.8616203203698748,0.8618351841028639,5,-0.05437328679708285,0.3956222697174273,0.6909250920808252,spatially_stratified_group_kfold,5,grouped_kfold_feasible,9,204,5,NA,unit_cv,NA,candidate_008,america,Family
paleo,local,am_r004_l002,pipeline_paleo_spatial_resolution,D:/GITHUB/BIODYNAMICS_vegetation_cooccurrence/Data/targets/paleo_spatial_local/am_r004_l002/pipeline_paleo_spatial_resolution,functional_type,Abiotic,0.4567407854118092,34.12681536898484,0.9095865973631936,0.93302162478083,3,NA,NA,NA,none,NA,tier_pooled_regularization_required,9,204,3,NA,tier_pooled,paleo_spatial_local,candidate_004,america,Functional type
paleo,local,am_r004_l002,pipeline_paleo_spatial_resolution,D:/GITHUB/BIODYNAMICS_vegetation_cooccurrence/Data/targets/paleo_spatial_local/am_r004_l002/pipeline_paleo_spatial_resolution,functional_type,Associations,0.18340606084573818,13.703757089246965,0.9095865973631936,0.93302162478083,3,NA,NA,NA,none,NA,tier_pooled_regularization_required,9,204,3,NA,tier_pooled,paleo_spatial_local,candidate_004,america,Functional type
paleo,local,am_r004_l002,pipeline_paleo_spatial_resolution,D:/GITHUB/BIODYNAMICS_vegetation_cooccurrence/Data/targets/paleo_spatial_local/am_r004_l002/pipeline_paleo_spatial_resolution,functional_type,Spatial,0.698216491995528,52.16942754176819,0.9095865973631936,0.93302162478083,3,NA,NA,NA,none,NA,tier_pooled_regularization_required,9,204,3,NA,tier_pooled,paleo_spatial_local,candidate_004,america,Functional type
paleo,local,am_r004_l002,pipeline_paleo_spatial_resolution,D:/GITHUB/BIODYNAMICS_vegetation_cooccurrence/Data/targets/paleo_spatial_local/am_r004_l002/pipeline_paleo_spatial_resolution,genus,Abiotic,0.7336977775002235,39.68718836974173,0.8651010772470079,0.8752762865026738,6,-0.06601171708120783,0.38594237019556055,0.6816605780820568,leave_one_location_out,9,leave_one_location_out_required,9,204,6,NA,unit_cv,NA,candidate_008,america,Genus
paleo,local,am_r004_l002,pipeline_paleo_spatial_resolution,D:/GITHUB/BIODYNAMICS_vegetation_cooccurrence/Data/targets/paleo_spatial_local/am_r004_l002/pipeline_paleo_spatial_resolution,genus,Associations,0.34401444329158803,18.608433106260748,0.8651010772470079,0.8752762865026738,6,-0.06601171708120783,0.38594237019556055,0.6816605780820568,leave_one_location_out,9,leave_one_location_out_required,9,204,6,NA,unit_cv,NA,candidate_008,america,Genus
paleo,local,am_r004_l002,pipeline_paleo_spatial_resolution,D:/GITHUB/BIODYNAMICS_vegetation_cooccurrence/Data/targets/paleo_spatial_local/am_r004_l002/pipeline_paleo_spatial_resolution,genus,Spatial,0.7709896087880552,41.70437852399752,0.8651010772470079,0.8752762865026738,6,-0.06601171708120783,0.38594237019556055,0.6816605780820568,leave_one_location_out,9,leave_one_location_out_required,9,204,6,NA,unit_cv,NA,candidate_008,america,Genus
paleo,local,am_r004_l006,pipeline_paleo_spatial_resolution,D:/GITHUB/BIODYNAMICS_vegetation_cooccurrence/Data/targets/paleo_spatial_local/am_r004_l006/pipeline_paleo_spatial_resolution,family,Abiotic,0.782588996474736,46.236700817249634,0.7963428549886338,0.7993754076758232,6,0.021034985176436167,0.5217509020380926,0.6268577400673675,spatially_stratified_group_kfold,5,grouped_kfold_feasible,17,331,6,3,unit_cv,NA,candidate_008,america,Family
paleo,local,am_r004_l006,pipeline_paleo_spatial_resolution,D:/GITHUB/BIODYNAMICS_vegetation_cooccurrence/Data/targets/paleo_spatial_local/am_r004_l006/pipeline_paleo_spatial_resolution,family,Associations,0.27222560042119937,16.083555606033208,0.7963428549886338,0.7993754076758232,6,0.021034985176436167,0.5217509020380926,0.6268577400673675,spatially_stratified_group_kfold,5,grouped_kfold_feasible,17,331,6,3,unit_cv,NA,candidate_008,america,Family
paleo,local,am_r004_l006,pipeline_paleo_spatial_resolution,D:/GITHUB/BIODYNAMICS_vegetation_cooccurrence/Data/targets/paleo_spatial_local/am_r004_l006/pipeline_paleo_spatial_resolution,family,Spatial,0.6377564184278347,37.679743576717165,0.7963428549886338,0.7993754076758232,6,0.021034985176436167,0.5217509020380926,0.6268577400673675,spatially_stratified_group_kfold,5,grouped_kfold_feasible,17,331,6,3,unit_cv,NA,candidate_008,america,Family
paleo,local,am_r004_l006,pipeline_paleo_spatial_resolution,D:/GITHUB/BIODYNAMICS_vegetation_cooccurrence/Data/targets/paleo_spatial_local/am_r004_l006/pipeline_paleo_spatial_resolution,functional_type,Abiotic,0.5860996822536557,43.754492675630004,0.8287634149107985,0.8265993265993266,5,0.01354265445804546,0.4860225323101291,0.5153377806500126,spatially_stratified_group_kfold,5,grouped_kfold_feasible,17,331,5,3,unit_cv,NA,candidate_004,america,Functional type
paleo,local,am_r004_l006,pipeline_paleo_spatial_resolution,D:/GITHUB/BIODYNAMICS_vegetation_cooccurrence/Data/targets/paleo_spatial_local/am_r004_l006/pipeline_paleo_spatial_resolution,functional_type,Associations,0.16205580123391128,12.098060420145018,0.8287634149107985,0.8265993265993266,5,0.01354265445804546,0.4860225323101291,0.5153377806500126,spatially_stratified_group_kfold,5,grouped_kfold_feasible,17,331,5,3,unit_cv,NA,candidate_004,america,Functional type
paleo,local,am_r004_l006,pipeline_paleo_spatial_resolution,D:/GITHUB/BIODYNAMICS_vegetation_cooccurrence/Data/targets/paleo_spatial_local/am_r004_l006/pipeline_paleo_spatial_resolution,functional_type,Spatial,0.5913633782637346,44.14744690422497,0.8287634149107985,0.8265993265993266,5,0.01354265445804546,0.4860225323101291,0.5153377806500126,spatially_stratified_group_kfold,5,grouped_kfold_feasible,17,331,5,3,unit_cv,NA,candidate_004,america,Functional type
paleo,local,am_r004_l006,pipeline_paleo_spatial_resolution,D:/GITHUB/BIODYNAMICS_vegetation_cooccurrence/Data/targets/paleo_spatial_local/am_r004_l006/pipeline_paleo_spatial_resolution,genus,Abiotic,0.8720330971409953,36.97777344473169,0.7533765864734902,0.8330912115905031,10,0.03319751997611367,0.5308606044592545,0.5342290943013382,spatially_stratified_group_kfold,5,grouped_kfold_feasible,17,331,10,3,unit_cv,NA,candidate_008,america,Genus
paleo,local,am_r004_l006,pipeline_paleo_spatial_resolution,D:/GITHUB/BIODYNAMICS_vegetation_cooccurrence/Data/targets/paleo_spatial_local/am_r004_l006/pipeline_paleo_spatial_resolution,genus,Associations,0.5388748765401923,22.850500932924078,0.7533765864734902,0.8330912115905031,10,0.03319751997611367,0.5308606044592545,0.5342290943013382,spatially_stratified_group_kfold,5,grouped_kfold_feasible,17,331,10,3,unit_cv,NA,candidate_008,america,Genus
paleo,local,am_r004_l006,pipeline_paleo_spatial_resolution,D:/GITHUB/BIODYNAMICS_vegetation_cooccurrence/Data/targets/paleo_spatial_local/am_r004_l006/pipeline_paleo_spatial_resolution,genus,Spatial,0.94735488507197,40.17172562234425,0.7533765864734902,0.8330912115905031,10,0.03319751997611367,0.5308606044592545,0.5342290943013382,spatially_stratified_group_kfold,5,grouped_kfold_feasible,17,331,10,3,unit_cv,NA,candidate_008,america,Genus
paleo,local,am_r005_l005,pipeline_paleo_spatial_resolution,D:/GITHUB/BIODYNAMICS_vegetation_cooccurrence/Data/targets/paleo_spatial_local/am_r005_l005/pipeline_paleo_spatial_resolution,family,Abiotic,0.7475600695959262,55.70574242700871,0.8865770354125002,0.8829389941380892,4,0.1604139710514982,0.7413387095803788,0.5742951113557399,spatially_stratified_group_kfold,5,grouped_kfold_feasible,11,271,4,NA,unit_cv,NA,candidate_008,america,Family
paleo,local,am_r005_l005,pipeline_paleo_spatial_resolution,D:/GITHUB/BIODYNAMICS_vegetation_cooccurrence/Data/targets/paleo_spatial_local/am_r005_l005/pipeline_paleo_spatial_resolution,family,Associations,0.3237565937634232,24.125287257490015,0.8865770354125002,0.8829389941380892,4,0.1604139710514982,0.7413387095803788,0.5742951113557399,spatially_stratified_group_kfold,5,grouped_kfold_feasible,11,271,4,NA,unit_cv,NA,candidate_008,america,Family
paleo,local,am_r005_l005,pipeline_paleo_spatial_resolution,D:/GITHUB/BIODYNAMICS_vegetation_cooccurrence/Data/targets/paleo_spatial_local/am_r005_l005/pipeline_paleo_spatial_resolution,family,Spatial,0.2706636011985728,20.168970315501277,0.8865770354125002,0.8829389941380892,4,0.1604139710514982,0.7413387095803788,0.5742951113557399,spatially_stratified_group_kfold,5,grouped_kfold_feasible,11,271,4,NA,unit_cv,NA,candidate_008,america,Family
paleo,local,am_r005_l005,pipeline_paleo_spatial_resolution,D:/GITHUB/BIODYNAMICS_vegetation_cooccurrence/Data/targets/paleo_spatial_local/am_r005_l005/pipeline_paleo_spatial_resolution,functional_type,Abiotic,0.6535595674552526,52.77778420360768,0.8769773186003542,0.8909568072512024,4,NA,NA,NA,none,NA,tier_pooled_regularization_required,11,271,3,NA,tier_pooled,paleo_spatial_local,candidate_004,america,Functional type
paleo,local,am_r005_l005,pipeline_paleo_spatial_resolution,D:/GITHUB/BIODYNAMICS_vegetation_cooccurrence/Data/targets/paleo_spatial_local/am_r005_l005/pipeline_paleo_spatial_resolution,functional_type,Associations,0.1066053821897156,8.608849347977996,0.8769773186003542,0.8909568072512024,4,NA,NA,NA,none,NA,tier_pooled_regularization_required,11,271,3,NA,tier_pooled,paleo_spatial_local,candidate_004,america,Functional type
paleo,local,am_r005_l005,pipeline_paleo_spatial_resolution,D:/GITHUB/BIODYNAMICS_vegetation_cooccurrence/Data/targets/paleo_spatial_local/am_r005_l005/pipeline_paleo_spatial_resolution,functional_type,Spatial,0.478158290553846,38.61336644841432,0.8769773186003542,0.8909568072512024,4,NA,NA,NA,none,NA,tier_pooled_regularization_required,11,271,3,NA,tier_pooled,paleo_spatial_local,candidate_004,america,Functional type
paleo,local,am_r005_l005,pipeline_paleo_spatial_resolution,D:/GITHUB/BIODYNAMICS_vegetation_cooccurrence/Data/targets/paleo_spatial_local/am_r005_l005/pipeline_paleo_spatial_resolution,genus,Abiotic,1.134806663965396,45.40222959818342,0.891883675380025,0.8952380952380953,9,0.05145415868442887,0.5596041720745855,0.5298796653353184,spatially_stratified_group_kfold,5,grouped_kfold_feasible,11,271,8,NA,unit_cv,NA,candidate_008,america,Genus
paleo,local,am_r005_l005,pipeline_paleo_spatial_resolution,D:/GITHUB/BIODYNAMICS_vegetation_cooccurrence/Data/targets/paleo_spatial_local/am_r005_l005/pipeline_paleo_spatial_resolution,genus,Associations,0.565225796566218,22.61399426475176,0.891883675380025,0.8952380952380953,9,0.05145415868442887,0.5596041720745855,0.5298796653353184,spatially_stratified_group_kfold,5,grouped_kfold_feasible,11,271,8,NA,unit_cv,NA,candidate_008,america,Genus
paleo,local,am_r005_l005,pipeline_paleo_spatial_resolution,D:/GITHUB/BIODYNAMICS_vegetation_cooccurrence/Data/targets/paleo_spatial_local/am_r005_l005/pipeline_paleo_spatial_resolution,genus,Spatial,0.7994189408832639,31.98377613706482,0.891883675380025,0.8952380952380953,9,0.05145415868442887,0.5596041720745855,0.5298796653353184,spatially_stratified_group_kfold,5,grouped_kfold_feasible,11,271,8,NA,unit_cv,NA,candidate_008,america,Genus
paleo,local,am_r005_l006,pipeline_paleo_spatial_resolution,D:/GITHUB/BIODYNAMICS_vegetation_cooccurrence/Data/targets/paleo_spatial_local/am_r005_l006/pipeline_paleo_spatial_resolution,family,Abiotic,0.5952854486235725,45.09449341290262,0.8352110690813298,0.8479674796747968,5,-0.016616707027418874,0.3914288396477673,0.4803749143826605,spatially_stratified_group_kfold,5,grouped_kfold_feasible,12,291,5,3,unit_cv,NA,candidate_008,america,Family
paleo,local,am_r005_l006,pipeline_paleo_spatial_resolution,D:/GITHUB/BIODYNAMICS_vegetation_cooccurrence/Data/targets/paleo_spatial_local/am_r005_l006/pipeline_paleo_spatial_resolution,family,Associations,0.18248661603107097,13.823857988774224,0.8352110690813298,0.8479674796747968,5,-0.016616707027418874,0.3914288396477673,0.4803749143826605,spatially_stratified_group_kfold,5,grouped_kfold_feasible,12,291,5,3,unit_cv,NA,candidate_008,america,Family
paleo,local,am_r005_l006,pipeline_paleo_spatial_resolution,D:/GITHUB/BIODYNAMICS_vegetation_cooccurrence/Data/targets/paleo_spatial_local/am_r005_l006/pipeline_paleo_spatial_resolution,family,Spatial,0.5423125034829973,41.08164859832315,0.8352110690813298,0.8479674796747968,5,-0.016616707027418874,0.3914288396477673,0.4803749143826605,spatially_stratified_group_kfold,5,grouped_kfold_feasible,12,291,5,3,unit_cv,NA,candidate_008,america,Family
paleo,local,am_r005_l006,pipeline_paleo_spatial_resolution,D:/GITHUB/BIODYNAMICS_vegetation_cooccurrence/Data/targets/paleo_spatial_local/am_r005_l006/pipeline_paleo_spatial_resolution,functional_type,Abiotic,0.5491987222470642,51.54990539451285,0.750670102224666,0.8478564180618975,3,0.0013501162666534276,0.3418636164407996,0.37153282864880344,spatially_stratified_group_kfold,5,grouped_kfold_feasible,12,291,3,3,unit_cv,NA,candidate_008,america,Functional type
paleo,local,am_r005_l006,pipeline_paleo_spatial_resolution,D:/GITHUB/BIODYNAMICS_vegetation_cooccurrence/Data/targets/paleo_spatial_local/am_r005_l006/pipeline_paleo_spatial_resolution,functional_type,Associations,0.07406585503488422,6.952106160025566,0.750670102224666,0.8478564180618975,3,0.0013501162666534276,0.3418636164407996,0.37153282864880344,spatially_stratified_group_kfold,5,grouped_kfold_feasible,12,291,3,3,unit_cv,NA,candidate_008,america,Functional type
paleo,local,am_r005_l006,pipeline_paleo_spatial_resolution,D:/GITHUB/BIODYNAMICS_vegetation_cooccurrence/Data/targets/paleo_spatial_local/am_r005_l006/pipeline_paleo_spatial_resolution,functional_type,Spatial,0.4421083231027006,41.49798844546158,0.750670102224666,0.8478564180618975,3,0.0013501162666534276,0.3418636164407996,0.37153282864880344,spatially_stratified_group_kfold,5,grouped_kfold_feasible,12,291,3,3,unit_cv,NA,candidate_008,america,Functional type
paleo,local,am_r005_l006,pipeline_paleo_spatial_resolution,D:/GITHUB/BIODYNAMICS_vegetation_cooccurrence/Data/targets/paleo_spatial_local/am_r005_l006/pipeline_paleo_spatial_resolution,genus,Abiotic,0.6883217200878521,47.36547653398322,0.8395919494671419,0.8439927732610659,5,0.0069374969604685645,0.5067666245074636,0.48299654741944625,spatially_stratified_group_kfold,5,grouped_kfold_feasible,12,291,5,3,unit_cv,NA,candidate_008,america,Genus
paleo,local,am_r005_l006,pipeline_paleo_spatial_resolution,D:/GITHUB/BIODYNAMICS_vegetation_cooccurrence/Data/targets/paleo_spatial_local/am_r005_l006/pipeline_paleo_spatial_resolution,genus,Associations,0.19518710034000686,13.431408236995408,0.8395919494671419,0.8439927732610659,5,0.0069374969604685645,0.5067666245074636,0.48299654741944625,spatially_stratified_group_kfold,5,grouped_kfold_feasible,12,291,5,3,unit_cv,NA,candidate_008,america,Genus
paleo,local,am_r005_l006,pipeline_paleo_spatial_resolution,D:/GITHUB/BIODYNAMICS_vegetation_cooccurrence/Data/targets/paleo_spatial_local/am_r005_l006/pipeline_paleo_spatial_resolution,genus,Spatial,0.5697051456429842,39.20311522902137,0.8395919494671419,0.8439927732610659,5,0.0069374969604685645,0.5067666245074636,0.48299654741944625,spatially_stratified_group_kfold,5,grouped_kfold_feasible,12,291,5,3,unit_cv,NA,candidate_008,america,Genus
paleo,local,am_r005_l009,pipeline_paleo_spatial_resolution,D:/GITHUB/BIODYNAMICS_vegetation_cooccurrence/Data/targets/paleo_spatial_local/am_r005_l009/pipeline_paleo_spatial_resolution,family,Abiotic,0.6928913888019227,37.0034523514516,0.8484862358310672,0.9508050089445438,5,0.12609048053852043,0.639220567859373,0.6433301533824679,spatially_stratified_group_kfold,5,grouped_kfold_feasible,11,173,5,NA,unit_cv,NA,candidate_004,america,Family
paleo,local,am_r005_l009,pipeline_paleo_spatial_resolution,D:/GITHUB/BIODYNAMICS_vegetation_cooccurrence/Data/targets/paleo_spatial_local/am_r005_l009/pipeline_paleo_spatial_resolution,family,Associations,0.30338513447070486,16.202102593505792,0.8484862358310672,0.9508050089445438,5,0.12609048053852043,0.639220567859373,0.6433301533824679,spatially_stratified_group_kfold,5,grouped_kfold_feasible,11,173,5,NA,unit_cv,NA,candidate_004,america,Family
paleo,local,am_r005_l009,pipeline_paleo_spatial_resolution,D:/GITHUB/BIODYNAMICS_vegetation_cooccurrence/Data/targets/paleo_spatial_local/am_r005_l009/pipeline_paleo_spatial_resolution,family,Spatial,0.8762281885066274,46.79444505504261,0.8484862358310672,0.9508050089445438,5,0.12609048053852043,0.639220567859373,0.6433301533824679,spatially_stratified_group_kfold,5,grouped_kfold_feasible,11,173,5,NA,unit_cv,NA,candidate_004,america,Family
paleo,local,am_r005_l009,pipeline_paleo_spatial_resolution,D:/GITHUB/BIODYNAMICS_vegetation_cooccurrence/Data/targets/paleo_spatial_local/am_r005_l009/pipeline_paleo_spatial_resolution,functional_type,Abiotic,0.6562314969485099,38.29784015694144,0.9344045712106352,0.940142475754604,4,0.15342776756370832,0.6072660228469725,0.42154549258191587,spatially_stratified_group_kfold,5,grouped_kfold_feasible,11,173,4,NA,unit_cv,NA,candidate_004,america,Functional type
paleo,local,am_r005_l009,pipeline_paleo_spatial_resolution,D:/GITHUB/BIODYNAMICS_vegetation_cooccurrence/Data/targets/paleo_spatial_local/am_r005_l009/pipeline_paleo_spatial_resolution,functional_type,Associations,0.20618206523685456,12.032838738139235,0.9344045712106352,0.940142475754604,4,0.15342776756370832,0.6072660228469725,0.42154549258191587,spatially_stratified_group_kfold,5,grouped_kfold_feasible,11,173,4,NA,unit_cv,NA,candidate_004,america,Functional type
paleo,local,am_r005_l009,pipeline_paleo_spatial_resolution,D:/GITHUB/BIODYNAMICS_vegetation_cooccurrence/Data/targets/paleo_spatial_local/am_r005_l009/pipeline_paleo_spatial_resolution,functional_type,Spatial,0.8510812308873688,49.66932110491933,0.9344045712106352,0.940142475754604,4,0.15342776756370832,0.6072660228469725,0.42154549258191587,spatially_stratified_group_kfold,5,grouped_kfold_feasible,11,173,4,NA,unit_cv,NA,candidate_004,america,Functional type
paleo,local,am_r005_l009,pipeline_paleo_spatial_resolution,D:/GITHUB/BIODYNAMICS_vegetation_cooccurrence/Data/targets/paleo_spatial_local/am_r005_l009/pipeline_paleo_spatial_resolution,genus,Abiotic,0.8577225405433927,34.50827526720677,0.8104700131014883,0.9097744360902256,9,0.07122054205597354,0.5254144357360052,0.5986077462517726,spatially_stratified_group_kfold,5,grouped_kfold_feasible,11,173,9,NA,unit_cv,NA,candidate_004,america,Genus
paleo,local,am_r005_l009,pipeline_paleo_spatial_resolution,D:/GITHUB/BIODYNAMICS_vegetation_cooccurrence/Data/targets/paleo_spatial_local/am_r005_l009/pipeline_paleo_spatial_resolution,genus,Associations,0.4946116085847983,19.89943452877774,0.8104700131014883,0.9097744360902256,9,0.07122054205597354,0.5254144357360052,0.5986077462517726,spatially_stratified_group_kfold,5,grouped_kfold_feasible,11,173,9,NA,unit_cv,NA,candidate_004,america,Genus
paleo,local,am_r005_l009,pipeline_paleo_spatial_resolution,D:/GITHUB/BIODYNAMICS_vegetation_cooccurrence/Data/targets/paleo_spatial_local/am_r005_l009/pipeline_paleo_spatial_resolution,genus,Spatial,1.133221949812769,45.5922902040155,0.8104700131014883,0.9097744360902256,9,0.07122054205597354,0.5254144357360052,0.5986077462517726,spatially_stratified_group_kfold,5,grouped_kfold_feasible,11,173,9,NA,unit_cv,NA,candidate_004,america,Genus
paleo,local,am_r007_l004,pipeline_paleo_spatial_resolution,D:/GITHUB/BIODYNAMICS_vegetation_cooccurrence/Data/targets/paleo_spatial_local/am_r007_l004/pipeline_paleo_spatial_resolution,family,Abiotic,1.3006874319955666,56.95626670144706,0.9062133266716397,0.9266376536236349,6,NA,NA,NA,none,NA,tier_pooled_regularization_required,5,122,4,NA,tier_pooled,paleo_spatial_local,candidate_004,america,Family
paleo,local,am_r007_l004,pipeline_paleo_spatial_resolution,D:/GITHUB/BIODYNAMICS_vegetation_cooccurrence/Data/targets/paleo_spatial_local/am_r007_l004/pipeline_paleo_spatial_resolution,family,Associations,0.518717899819623,22.71432345556919,0.9062133266716397,0.9266376536236349,6,NA,NA,NA,none,NA,tier_pooled_regularization_required,5,122,4,NA,tier_pooled,paleo_spatial_local,candidate_004,america,Family
paleo,local,am_r007_l004,pipeline_paleo_spatial_resolution,D:/GITHUB/BIODYNAMICS_vegetation_cooccurrence/Data/targets/paleo_spatial_local/am_r007_l004/pipeline_paleo_spatial_resolution,family,Spatial,0.46425458363099,20.32940984298375,0.9062133266716397,0.9266376536236349,6,NA,NA,NA,none,NA,tier_pooled_regularization_required,5,122,4,NA,tier_pooled,paleo_spatial_local,candidate_004,america,Family
paleo,local,am_r007_l004,pipeline_paleo_spatial_resolution,D:/GITHUB/BIODYNAMICS_vegetation_cooccurrence/Data/targets/paleo_spatial_local/am_r007_l004/pipeline_paleo_spatial_resolution,functional_type,Abiotic,1.1476763606687281,62.140778453279985,0.7569224299821732,0.8652900688298918,5,NA,NA,NA,none,NA,tier_pooled_regularization_required,5,122,4,NA,tier_pooled,paleo_spatial_local,candidate_004,america,Functional type
paleo,local,am_r007_l004,pipeline_paleo_spatial_resolution,D:/GITHUB/BIODYNAMICS_vegetation_cooccurrence/Data/targets/paleo_spatial_local/am_r007_l004/pipeline_paleo_spatial_resolution,functional_type,Associations,0.28890126411772576,15.642519148823045,0.7569224299821732,0.8652900688298918,5,NA,NA,NA,none,NA,tier_pooled_regularization_required,5,122,4,NA,tier_pooled,paleo_spatial_local,candidate_004,america,Functional type
paleo,local,am_r007_l004,pipeline_paleo_spatial_resolution,D:/GITHUB/BIODYNAMICS_vegetation_cooccurrence/Data/targets/paleo_spatial_local/am_r007_l004/pipeline_paleo_spatial_resolution,functional_type,Spatial,0.4103196771705835,22.216702397896963,0.7569224299821732,0.8652900688298918,5,NA,NA,NA,none,NA,tier_pooled_regularization_required,5,122,4,NA,tier_pooled,paleo_spatial_local,candidate_004,america,Functional type
paleo,local,am_r007_l004,pipeline_paleo_spatial_resolution,D:/GITHUB/BIODYNAMICS_vegetation_cooccurrence/Data/targets/paleo_spatial_local/am_r007_l004/pipeline_paleo_spatial_resolution,genus,Abiotic,1.3495301434253177,54.881083380308674,0.8788571208277626,0.8721955128205128,7,NA,NA,NA,none,NA,tier_pooled_regularization_required,5,122,4,NA,tier_pooled,paleo_spatial_local,candidate_004,america,Genus
paleo,local,am_r007_l004,pipeline_paleo_spatial_resolution,D:/GITHUB/BIODYNAMICS_vegetation_cooccurrence/Data/targets/paleo_spatial_local/am_r007_l004/pipeline_paleo_spatial_resolution,genus,Associations,0.5678099210338584,23.091017101205015,0.8788571208277626,0.8721955128205128,7,NA,NA,NA,none,NA,tier_pooled_regularization_required,5,122,4,NA,tier_pooled,paleo_spatial_local,candidate_004,america,Genus
paleo,local,am_r007_l004,pipeline_paleo_spatial_resolution,D:/GITHUB/BIODYNAMICS_vegetation_cooccurrence/Data/targets/paleo_spatial_local/am_r007_l004/pipeline_paleo_spatial_resolution,genus,Spatial,0.5416677763181235,22.02789951848631,0.8788571208277626,0.8721955128205128,7,NA,NA,NA,none,NA,tier_pooled_regularization_required,5,122,4,NA,tier_pooled,paleo_spatial_local,candidate_004,america,Genus
paleo,local,am_r007_l005,pipeline_paleo_spatial_resolution,D:/GITHUB/BIODYNAMICS_vegetation_cooccurrence/Data/targets/paleo_spatial_local/am_r007_l005/pipeline_paleo_spatial_resolution,family,Abiotic,0.8923828889581841,60.70609674292473,0.8708304822163871,0.9200186605846983,4,NA,NA,NA,none,NA,tier_pooled_regularization_required,5,119,4,NA,tier_pooled,paleo_spatial_local,candidate_004,america,Family
paleo,local,am_r007_l005,pipeline_paleo_spatial_resolution,D:/GITHUB/BIODYNAMICS_vegetation_cooccurrence/Data/targets/paleo_spatial_local/am_r007_l005/pipeline_paleo_spatial_resolution,family,Associations,0.17102867895455126,11.634561418530419,0.8708304822163871,0.9200186605846983,4,NA,NA,NA,none,NA,tier_pooled_regularization_required,5,119,4,NA,tier_pooled,paleo_spatial_local,candidate_004,america,Family
paleo,local,am_r007_l005,pipeline_paleo_spatial_resolution,D:/GITHUB/BIODYNAMICS_vegetation_cooccurrence/Data/targets/paleo_spatial_local/am_r007_l005/pipeline_paleo_spatial_resolution,family,Spatial,0.4065938134861122,27.659341838544844,0.8708304822163871,0.9200186605846983,4,NA,NA,NA,none,NA,tier_pooled_regularization_required,5,119,4,NA,tier_pooled,paleo_spatial_local,candidate_004,america,Family
paleo,local,am_r007_l005,pipeline_paleo_spatial_resolution,D:/GITHUB/BIODYNAMICS_vegetation_cooccurrence/Data/targets/paleo_spatial_local/am_r007_l005/pipeline_paleo_spatial_resolution,functional_type,Abiotic,0.9598776059653175,56.6615358858234,0.8879026504791702,0.9174311926605505,5,NA,NA,NA,none,NA,tier_pooled_regularization_required,5,119,5,NA,tier_pooled,paleo_spatial_local,candidate_004,america,Functional type
paleo,local,am_r007_l005,pipeline_paleo_spatial_resolution,D:/GITHUB/BIODYNAMICS_vegetation_cooccurrence/Data/targets/paleo_spatial_local/am_r007_l005/pipeline_paleo_spatial_resolution,functional_type,Associations,0.20280274762832584,11.971437911534286,0.8879026504791702,0.9174311926605505,5,NA,NA,NA,none,NA,tier_pooled_regularization_required,5,119,5,NA,tier_pooled,paleo_spatial_local,candidate_004,america,Functional type
paleo,local,am_r007_l005,pipeline_paleo_spatial_resolution,D:/GITHUB/BIODYNAMICS_vegetation_cooccurrence/Data/targets/paleo_spatial_local/am_r007_l005/pipeline_paleo_spatial_resolution,functional_type,Spatial,0.5313746891421061,31.36702620264232,0.8879026504791702,0.9174311926605505,5,NA,NA,NA,none,NA,tier_pooled_regularization_required,5,119,5,NA,tier_pooled,paleo_spatial_local,candidate_004,america,Functional type
paleo,local,am_r007_l005,pipeline_paleo_spatial_resolution,D:/GITHUB/BIODYNAMICS_vegetation_cooccurrence/Data/targets/paleo_spatial_local/am_r007_l005/pipeline_paleo_spatial_resolution,genus,Abiotic,0.623136674501086,55.65990782845736,0.8520638084441089,0.9100145137880987,3,NA,NA,NA,none,NA,tier_pooled_regularization_required,5,119,3,NA,tier_pooled,paleo_spatial_local,candidate_004,america,Genus
paleo,local,am_r007_l005,pipeline_paleo_spatial_resolution,D:/GITHUB/BIODYNAMICS_vegetation_cooccurrence/Data/targets/paleo_spatial_local/am_r007_l005/pipeline_paleo_spatial_resolution,genus,Associations,0.10277114861047842,9.179740004331832,0.8520638084441089,0.9100145137880987,3,NA,NA,NA,none,NA,tier_pooled_regularization_required,5,119,3,NA,tier_pooled,paleo_spatial_local,candidate_004,america,Genus
paleo,local,am_r007_l005,pipeline_paleo_spatial_resolution,D:/GITHUB/BIODYNAMICS_vegetation_cooccurrence/Data/targets/paleo_spatial_local/am_r007_l005/pipeline_paleo_spatial_resolution,genus,Spatial,0.39363530732548174,35.16035216721081,0.8520638084441089,0.9100145137880987,3,NA,NA,NA,none,NA,tier_pooled_regularization_required,5,119,3,NA,tier_pooled,paleo_spatial_local,candidate_004,america,Genus
paleo,local,am_r007_l006,pipeline_paleo_spatial_resolution,D:/GITHUB/BIODYNAMICS_vegetation_cooccurrence/Data/targets/paleo_spatial_local/am_r007_l006/pipeline_paleo_spatial_resolution,family,Abiotic,1.0582927362051198,48.67935121928978,0.7224487320545069,0.7926565559820977,8,NA,NA,NA,none,NA,tier_pooled_regularization_required,5,158,8,NA,tier_pooled,paleo_spatial_local,candidate_004,america,Family
paleo,local,am_r007_l006,pipeline_paleo_spatial_resolution,D:/GITHUB/BIODYNAMICS_vegetation_cooccurrence/Data/targets/paleo_spatial_local/am_r007_l006/pipeline_paleo_spatial_resolution,family,Associations,0.6222429398543445,28.62193188768341,0.7224487320545069,0.7926565559820977,8,NA,NA,NA,none,NA,tier_pooled_regularization_required,5,158,8,NA,tier_pooled,paleo_spatial_local,candidate_004,america,Family
paleo,local,am_r007_l006,pipeline_paleo_spatial_resolution,D:/GITHUB/BIODYNAMICS_vegetation_cooccurrence/Data/targets/paleo_spatial_local/am_r007_l006/pipeline_paleo_spatial_resolution,family,Spatial,0.49347180287702264,22.69871689302681,0.7224487320545069,0.7926565559820977,8,NA,NA,NA,none,NA,tier_pooled_regularization_required,5,158,8,NA,tier_pooled,paleo_spatial_local,candidate_004,america,Family
paleo,local,am_r007_l006,pipeline_paleo_spatial_resolution,D:/GITHUB/BIODYNAMICS_vegetation_cooccurrence/Data/targets/paleo_spatial_local/am_r007_l006/pipeline_paleo_spatial_resolution,functional_type,Abiotic,0.9321123285596609,53.69369546682368,0.7214134195112418,0.7967793880837359,7,NA,NA,NA,none,NA,tier_pooled_regularization_required,5,158,7,NA,tier_pooled,paleo_spatial_local,candidate_004,america,Functional type
paleo,local,am_r007_l006,pipeline_paleo_spatial_resolution,D:/GITHUB/BIODYNAMICS_vegetation_cooccurrence/Data/targets/paleo_spatial_local/am_r007_l006/pipeline_paleo_spatial_resolution,functional_type,Associations,0.3360020476586091,19.355168975276335,0.7214134195112418,0.7967793880837359,7,NA,NA,NA,none,NA,tier_pooled_regularization_required,5,158,7,NA,tier_pooled,paleo_spatial_local,candidate_004,america,Functional type
paleo,local,am_r007_l006,pipeline_paleo_spatial_resolution,D:/GITHUB/BIODYNAMICS_vegetation_cooccurrence/Data/targets/paleo_spatial_local/am_r007_l006/pipeline_paleo_spatial_resolution,functional_type,Spatial,0.4678665810536981,26.951135557899995,0.7214134195112418,0.7967793880837359,7,NA,NA,NA,none,NA,tier_pooled_regularization_required,5,158,7,NA,tier_pooled,paleo_spatial_local,candidate_004,america,Functional type
paleo,local,am_r007_l006,pipeline_paleo_spatial_resolution,D:/GITHUB/BIODYNAMICS_vegetation_cooccurrence/Data/targets/paleo_spatial_local/am_r007_l006/pipeline_paleo_spatial_resolution,genus,Abiotic,1.1722985656411231,40.47502726580648,0.7312307413526284,0.7578181818181818,13,NA,NA,NA,none,NA,tier_pooled_regularization_required,5,158,13,NA,tier_pooled,paleo_spatial_local,candidate_004,america,Genus
paleo,local,am_r007_l006,pipeline_paleo_spatial_resolution,D:/GITHUB/BIODYNAMICS_vegetation_cooccurrence/Data/targets/paleo_spatial_local/am_r007_l006/pipeline_paleo_spatial_resolution,genus,Associations,1.1737050233078876,40.523586919532036,0.7312307413526284,0.7578181818181818,13,NA,NA,NA,none,NA,tier_pooled_regularization_required,5,158,13,NA,tier_pooled,paleo_spatial_local,candidate_004,america,Genus
paleo,local,am_r007_l006,pipeline_paleo_spatial_resolution,D:/GITHUB/BIODYNAMICS_vegetation_cooccurrence/Data/targets/paleo_spatial_local/am_r007_l006/pipeline_paleo_spatial_resolution,genus,Spatial,0.5503466912927697,19.001385814661482,0.7312307413526284,0.7578181818181818,13,NA,NA,NA,none,NA,tier_pooled_regularization_required,5,158,13,NA,tier_pooled,paleo_spatial_local,candidate_004,america,Genus
paleo,local,am_r008_l005,pipeline_paleo_spatial_resolution,D:/GITHUB/BIODYNAMICS_vegetation_cooccurrence/Data/targets/paleo_spatial_local/am_r008_l005/pipeline_paleo_spatial_resolution,family,Abiotic,1.0799322330522423,43.75429349821315,0.8146998591081317,0.7766784939198732,8,0.031318884151639415,0.5040603818188414,0.7541467468772901,spatially_stratified_group_kfold,5,grouped_kfold_feasible,7,149,8,NA,unit_cv,NA,candidate_004,america,Family
paleo,local,am_r008_l005,pipeline_paleo_spatial_resolution,D:/GITHUB/BIODYNAMICS_vegetation_cooccurrence/Data/targets/paleo_spatial_local/am_r008_l005/pipeline_paleo_spatial_resolution,family,Associations,0.5848056311213351,23.693854521937254,0.8146998591081317,0.7766784939198732,8,0.031318884151639415,0.5040603818188414,0.7541467468772901,spatially_stratified_group_kfold,5,grouped_kfold_feasible,7,149,8,NA,unit_cv,NA,candidate_004,america,Family
paleo,local,am_r008_l005,pipeline_paleo_spatial_resolution,D:/GITHUB/BIODYNAMICS_vegetation_cooccurrence/Data/targets/paleo_spatial_local/am_r008_l005/pipeline_paleo_spatial_resolution,family,Spatial,0.8034364490428956,32.551851979849594,0.8146998591081317,0.7766784939198732,8,0.031318884151639415,0.5040603818188414,0.7541467468772901,spatially_stratified_group_kfold,5,grouped_kfold_feasible,7,149,8,NA,unit_cv,NA,candidate_004,america,Family
paleo,local,am_r008_l005,pipeline_paleo_spatial_resolution,D:/GITHUB/BIODYNAMICS_vegetation_cooccurrence/Data/targets/paleo_spatial_local/am_r008_l005/pipeline_paleo_spatial_resolution,functional_type,Abiotic,0.8978028156990749,46.27439046970068,0.9107841015082607,0.9513973300919114,4,0.13490325660312702,0.656239243090487,0.5431838028494554,leave_one_location_out,7,leave_one_location_out_required,7,149,4,NA,unit_cv,NA,candidate_003,america,Functional type
paleo,local,am_r008_l005,pipeline_paleo_spatial_resolution,D:/GITHUB/BIODYNAMICS_vegetation_cooccurrence/Data/targets/paleo_spatial_local/am_r008_l005/pipeline_paleo_spatial_resolution,functional_type,Associations,0.25142275234412503,12.958786062482696,0.9107841015082607,0.9513973300919114,4,0.13490325660312702,0.656239243090487,0.5431838028494554,leave_one_location_out,7,leave_one_location_out_required,7,149,4,NA,unit_cv,NA,candidate_003,america,Functional type
paleo,local,am_r008_l005,pipeline_paleo_spatial_resolution,D:/GITHUB/BIODYNAMICS_vegetation_cooccurrence/Data/targets/paleo_spatial_local/am_r008_l005/pipeline_paleo_spatial_resolution,functional_type,Spatial,0.7909465370587224,40.76682346781663,0.9107841015082607,0.9513973300919114,4,0.13490325660312702,0.656239243090487,0.5431838028494554,leave_one_location_out,7,leave_one_location_out_required,7,149,4,NA,unit_cv,NA,candidate_003,america,Functional type
paleo,local,am_r008_l005,pipeline_paleo_spatial_resolution,D:/GITHUB/BIODYNAMICS_vegetation_cooccurrence/Data/targets/paleo_spatial_local/am_r008_l005/pipeline_paleo_spatial_resolution,genus,Abiotic,1.3544882381731151,34.69700948526091,0.7617075728053277,0.7651955272363817,16,-0.002140378380277536,0.4358713092961579,0.8472988463742168,spatially_stratified_group_kfold,5,grouped_kfold_feasible,7,149,16,NA,unit_cv,NA,candidate_004,america,Genus
paleo,local,am_r008_l005,pipeline_paleo_spatial_resolution,D:/GITHUB/BIODYNAMICS_vegetation_cooccurrence/Data/targets/paleo_spatial_local/am_r008_l005/pipeline_paleo_spatial_resolution,genus,Associations,1.442231347110312,36.94466538751253,0.7617075728053277,0.7651955272363817,16,-0.002140378380277536,0.4358713092961579,0.8472988463742168,spatially_stratified_group_kfold,5,grouped_kfold_feasible,7,149,16,NA,unit_cv,NA,candidate_004,america,Genus
paleo,local,am_r008_l005,pipeline_paleo_spatial_resolution,D:/GITHUB/BIODYNAMICS_vegetation_cooccurrence/Data/targets/paleo_spatial_local/am_r008_l005/pipeline_paleo_spatial_resolution,genus,Spatial,1.1070411660530652,28.358325127226568,0.7617075728053277,0.7651955272363817,16,-0.002140378380277536,0.4358713092961579,0.8472988463742168,spatially_stratified_group_kfold,5,grouped_kfold_feasible,7,149,16,NA,unit_cv,NA,candidate_004,america,Genus
paleo,local,am_r008_l006,pipeline_paleo_spatial_resolution,D:/GITHUB/BIODYNAMICS_vegetation_cooccurrence/Data/targets/paleo_spatial_local/am_r008_l006/pipeline_paleo_spatial_resolution,family,Abiotic,0.9421085700347189,45.20674511570103,0.8596221384013154,0.86268572237158625,8,0.014764012043952286,0.43330584833368385,0.5335723006878816,spatially_stratified_group_kfold,5,grouped_kfold_feasible,10,206,5,NA,unit_cv,NA,candidate_008,america,Family
paleo,local,am_r008_l006,pipeline_paleo_spatial_resolution,D:/GITHUB/BIODYNAMICS_vegetation_cooccurrence/Data/targets/paleo_spatial_local/am_r008_l006/pipeline_paleo_spatial_resolution,family,Associations,0.42944883704252884,20.606949914170062,0.8596221384013154,0.86268572237158625,8,0.014764012043952286,0.43330584833368385,0.5335723006878816,spatially_stratified_group_kfold,5,grouped_kfold_feasible,10,206,5,NA,unit_cv,NA,candidate_008,america,Family
paleo,local,am_r008_l006,pipeline_paleo_spatial_resolution,D:/GITHUB/BIODYNAMICS_vegetation_cooccurrence/Data/targets/paleo_spatial_local/am_r008_l006/pipeline_paleo_spatial_resolution,family,Spatial,0.7124425969564632,34.18630497012891,0.8596221384013154,0.86268572237158625,8,0.014764012043952286,0.43330584833368385,0.5335723006878816,spatially_stratified_group_kfold,5,grouped_kfold_feasible,10,206,5,NA,unit_cv,NA,candidate_008,america,Family
paleo,local,am_r008_l006,pipeline_paleo_spatial_resolution,D:/GITHUB/BIODYNAMICS_vegetation_cooccurrence/Data/targets/paleo_spatial_local/am_r008_l006/pipeline_paleo_spatial_resolution,functional_type,Abiotic,0.6129730390690399,44.33843807943967,0.8578682063273182,0.843332724542392,4,0.014338719683533025,0.3640304773249658,0.6680014401913669,spatially_stratified_group_kfold,5,grouped_kfold_feasible,10,206,3,NA,unit_cv,NA,candidate_004,america,Functional type
paleo,local,am_r008_l006,pipeline_paleo_spatial_resolution,D:/GITHUB/BIODYNAMICS_vegetation_cooccurrence/Data/targets/paleo_spatial_local/am_r008_l006/pipeline_paleo_spatial_resolution,functional_type,Associations,0.16104517244223504,11.648948569038906,0.8578682063273182,0.843332724542392,4,0.014338719683533025,0.3640304773249658,0.6680014401913669,spatially_stratified_group_kfold,5,grouped_kfold_feasible,10,206,3,NA,unit_cv,NA,candidate_004,america,Functional type
paleo,local,am_r008_l006,pipeline_paleo_spatial_resolution,D:/GITHUB/BIODYNAMICS_vegetation_cooccurrence/Data/targets/paleo_spatial_local/am_r008_l006/pipeline_paleo_spatial_resolution,functional_type,Spatial,0.608468555322498,44.012613351521416,0.8578682063273182,0.843332724542392,4,0.014338719683533025,0.3640304773249658,0.6680014401913669,spatially_stratified_group_kfold,5,grouped_kfold_feasible,10,206,3,NA,unit_cv,NA,candidate_004,america,Functional type
paleo,local,am_r008_l006,pipeline_paleo_spatial_resolution,D:/GITHUB/BIODYNAMICS_vegetation_cooccurrence/Data/targets/paleo_spatial_local/am_r008_l006/pipeline_paleo_spatial_resolution,genus,Abiotic,1.2522656070833456,38.17755826426031,0.8706003327246296,0.867671366067088,15,0.059358152270813806,0.5730494965533525,0.5730889426696941,spatially_stratified_group_kfold,5,grouped_kfold_feasible,10,206,13,NA,unit_cv,NA,candidate_008,america,Genus
paleo,local,am_r008_l006,pipeline_paleo_spatial_resolution,D:/GITHUB/BIODYNAMICS_vegetation_cooccurrence/Data/targets/paleo_spatial_local/am_r008_l006/pipeline_paleo_spatial_resolution,genus,Associations,1.1965206196596747,36.478072553505655,0.8706003327246296,0.867671366067088,15,0.059358152270813806,0.5730494965533525,0.5730889426696941,spatially_stratified_group_kfold,5,grouped_kfold_feasible,10,206,13,NA,unit_cv,NA,candidate_008,america,Genus
paleo,local,am_r008_l006,pipeline_paleo_spatial_resolution,D:/GITHUB/BIODYNAMICS_vegetation_cooccurrence/Data/targets/paleo_spatial_local/am_r008_l006/pipeline_paleo_spatial_resolution,genus,Spatial,0.8313229892925331,25.344369182234033,0.8706003327246296,0.867671366067088,15,0.059358152270813806,0.5730494965533525,0.5730889426696941,spatially_stratified_group_kfold,5,grouped_kfold_feasible,10,206,13,NA,unit_cv,NA,candidate_008,america,Genus
paleo,local,am_r008_l009,pipeline_paleo_spatial_resolution,D:/GITHUB/BIODYNAMICS_vegetation_cooccurrence/Data/targets/paleo_spatial_local/am_r008_l009/pipeline_paleo_spatial_resolution,family,Abiotic,1.034810600626213,46.05985539673506,0.8098330258358547,0.8330025628580083,10,0.06614235600078074,0.5659305863434603,0.5412879586149759,spatially_stratified_group_kfold,5,grouped_kfold_feasible,15,352,10,3,unit_cv,NA,candidate_004,america,Family
paleo,local,am_r008_l009,pipeline_paleo_spatial_resolution,D:/GITHUB/BIODYNAMICS_vegetation_cooccurrence/Data/targets/paleo_spatial_local/am_r008_l009/pipeline_paleo_spatial_resolution,family,Associations,0.5833463519680361,25.964991662823167,0.8098330258358547,0.8330025628580083,10,0.06614235600078074,0.5659305863434603,0.5412879586149759,spatially_stratified_group_kfold,5,grouped_kfold_feasible,15,352,10,3,unit_cv,NA,candidate_004,america,Family
paleo,local,am_r008_l009,pipeline_paleo_spatial_resolution,D:/GITHUB/BIODYNAMICS_vegetation_cooccurrence/Data/targets/paleo_spatial_local/am_r008_l009/pipeline_paleo_spatial_resolution,family,Spatial,0.6285079396701874,27.975152940441767,0.8098330258358547,0.8330025628580083,10,0.06614235600078074,0.5659305863434603,0.5412879586149759,spatially_stratified_group_kfold,5,grouped_kfold_feasible,15,352,10,3,unit_cv,NA,candidate_004,america,Family
paleo,local,am_r008_l009,pipeline_paleo_spatial_resolution,D:/GITHUB/BIODYNAMICS_vegetation_cooccurrence/Data/targets/paleo_spatial_local/am_r008_l009/pipeline_paleo_spatial_resolution,functional_type,Abiotic,0.894825842974407,54.14353023615922,0.795356577122486,0.8044473509157128,6,0.09860149934373623,0.6188783439744353,0.48245245770604445,spatially_stratified_group_kfold,5,grouped_kfold_feasible,15,352,6,3,unit_cv,NA,candidate_004,america,Functional type
paleo,local,am_r008_l009,pipeline_paleo_spatial_resolution,D:/GITHUB/BIODYNAMICS_vegetation_cooccurrence/Data/targets/paleo_spatial_local/am_r008_l009/pipeline_paleo_spatial_resolution,functional_type,Associations,0.29391506046042287,17.784018072169847,0.795356577122486,0.8044473509157128,6,0.09860149934373623,0.6188783439744353,0.48245245770604445,spatially_stratified_group_kfold,5,grouped_kfold_feasible,15,352,6,3,unit_cv,NA,candidate_004,america,Functional type
paleo,local,am_r008_l009,pipeline_paleo_spatial_resolution,D:/GITHUB/BIODYNAMICS_vegetation_cooccurrence/Data/targets/paleo_spatial_local/am_r008_l009/pipeline_paleo_spatial_resolution,functional_type,Spatial,0.46395118936263313,28.07245169167093,0.795356577122486,0.8044473509157128,6,0.09860149934373623,0.6188783439744353,0.48245245770604445,spatially_stratified_group_kfold,5,grouped_kfold_feasible,15,352,6,3,unit_cv,NA,candidate_004,america,Functional type
paleo,local,am_r008_l009,pipeline_paleo_spatial_resolution,D:/GITHUB/BIODYNAMICS_vegetation_cooccurrence/Data/targets/paleo_spatial_local/am_r008_l009/pipeline_paleo_spatial_resolution,genus,Abiotic,1.3049800730176218,40.96650510303434,0.8385705796956521,0.8230462197026668,19,0.12680582798942533,0.6794598421364809,0.45696005975068305,spatially_stratified_group_kfold,5,grouped_kfold_feasible,15,352,19,3,unit_cv,NA,candidate_008,america,Genus
paleo,local,am_r008_l009,pipeline_paleo_spatial_resolution,D:/GITHUB/BIODYNAMICS_vegetation_cooccurrence/Data/targets/paleo_spatial_local/am_r008_l009/pipeline_paleo_spatial_resolution,genus,Associations,1.1991671024694277,37.64477806094541,0.8385705796956521,0.8230462197026668,19,0.12680582798942533,0.6794598421364809,0.45696005975068305,spatially_stratified_group_kfold,5,grouped_kfold_feasible,15,352,19,3,unit_cv,NA,candidate_008,america,Genus
paleo,local,am_r008_l009,pipeline_paleo_spatial_resolution,D:/GITHUB/BIODYNAMICS_vegetation_cooccurrence/Data/targets/paleo_spatial_local/am_r008_l009/pipeline_paleo_spatial_resolution,genus,Spatial,0.6813334256418062,21.388716836020237,0.8385705796956521,0.8230462197026668,19,0.12680582798942533,0.6794598421364809,0.45696005975068305,spatially_stratified_group_kfold,5,grouped_kfold_feasible,15,352,19,3,unit_cv,NA,candidate_008,america,Genus
paleo,local,am_r008_l010,pipeline_paleo_spatial_resolution,D:/GITHUB/BIODYNAMICS_vegetation_cooccurrence/Data/targets/paleo_spatial_local/am_r008_l010/pipeline_paleo_spatial_resolution,family,Abiotic,0.7930117200275996,43.82032392334807,0.6850485526684966,0.8112846513830329,6,0.06872112958886757,0.5503818070075026,0.5446252396088042,spatially_stratified_group_kfold,5,grouped_kfold_feasible,14,263,5,3,unit_cv,NA,candidate_004,america,Family
paleo,local,am_r008_l010,pipeline_paleo_spatial_resolution,D:/GITHUB/BIODYNAMICS_vegetation_cooccurrence/Data/targets/paleo_spatial_local/am_r008_l010/pipeline_paleo_spatial_resolution,family,Associations,0.4209641437948849,23.261680345108545,0.6850485526684966,0.8112846513830329,6,0.06872112958886757,0.5503818070075026,0.5446252396088042,spatially_stratified_group_kfold,5,grouped_kfold_feasible,14,263,5,3,unit_cv,NA,candidate_004,america,Family
paleo,local,am_r008_l010,pipeline_paleo_spatial_resolution,D:/GITHUB/BIODYNAMICS_vegetation_cooccurrence/Data/targets/paleo_spatial_local/am_r008_l010/pipeline_paleo_spatial_resolution,family,Spatial,0.5957134516074092,32.91799573154339,0.6850485526684966,0.8112846513830329,6,0.06872112958886757,0.5503818070075026,0.5446252396088042,spatially_stratified_group_kfold,5,grouped_kfold_feasible,14,263,5,3,unit_cv,NA,candidate_004,america,Family
paleo,local,am_r008_l010,pipeline_paleo_spatial_resolution,D:/GITHUB/BIODYNAMICS_vegetation_cooccurrence/Data/targets/paleo_spatial_local/am_r008_l010/pipeline_paleo_spatial_resolution,functional_type,Abiotic,0.8940028932026659,56.20018559690748,0.8079679919464937,0.8145416227608009,5,0.12622163917316243,0.6160163428864586,0.3640275490251476,spatially_stratified_group_kfold,5,grouped_kfold_feasible,14,263,5,3,unit_cv,NA,candidate_004,america,Functional type
paleo,local,am_r008_l010,pipeline_paleo_spatial_resolution,D:/GITHUB/BIODYNAMICS_vegetation_cooccurrence/Data/targets/paleo_spatial_local/am_r008_l010/pipeline_paleo_spatial_resolution,functional_type,Associations,0.28006615587405165,17.605949666614777,0.8079679919464937,0.8145416227608009,5,0.12622163917316243,0.6160163428864586,0.3640275490251476,spatially_stratified_group_kfold,5,grouped_kfold_feasible,14,263,5,3,unit_cv,NA,candidate_004,america,Functional type
paleo,local,am_r008_l010,pipeline_paleo_spatial_resolution,D:/GITHUB/BIODYNAMICS_vegetation_cooccurrence/Data/targets/paleo_spatial_local/am_r008_l010/pipeline_paleo_spatial_resolution,functional_type,Spatial,0.41667817659055884,26.19386473647775,0.8079679919464937,0.8145416227608009,5,0.12622163917316243,0.6160163428864586,0.3640275490251476,spatially_stratified_group_kfold,5,grouped_kfold_feasible,14,263,5,3,unit_cv,NA,candidate_004,america,Functional type
paleo,local,am_r008_l010,pipeline_paleo_spatial_resolution,D:/GITHUB/BIODYNAMICS_vegetation_cooccurrence/Data/targets/paleo_spatial_local/am_r008_l010/pipeline_paleo_spatial_resolution,genus,Abiotic,1.2638146720739556,39.98975414607282,0.7683169789276312,0.8003437257036998,12,0.09448652909013952,0.6001742858646268,0.5558537270064811,spatially_stratified_group_kfold,5,grouped_kfold_feasible,14,263,11,3,unit_cv,NA,candidate_004,america,Genus
paleo,local,am_r008_l010,pipeline_paleo_spatial_resolution,D:/GITHUB/BIODYNAMICS_vegetation_cooccurrence/Data/targets/paleo_spatial_local/am_r008_l010/pipeline_paleo_spatial_resolution,genus,Associations,1.0405322112572497,32.92462750172279,0.7683169789276312,0.8003437257036998,12,0.09448652909013952,0.6001742858646268,0.5558537270064811,spatially_stratified_group_kfold,5,grouped_kfold_feasible,14,263,11,3,unit_cv,NA,candidate_004,america,Genus
paleo,local,am_r008_l010,pipeline_paleo_spatial_resolution,D:/GITHUB/BIODYNAMICS_vegetation_cooccurrence/Data/targets/paleo_spatial_local/am_r008_l010/pipeline_paleo_spatial_resolution,genus,Spatial,0.8559993079895736,27.0856183522044,0.7683169789276312,0.8003437257036998,12,0.09448652909013952,0.6001742858646268,0.5558537270064811,spatially_stratified_group_kfold,5,grouped_kfold_feasible,14,263,11,3,unit_cv,NA,candidate_004,america,Genus
paleo,local,am_r008_l013,pipeline_paleo_spatial_resolution,D:/GITHUB/BIODYNAMICS_vegetation_cooccurrence/Data/targets/paleo_spatial_local/am_r008_l013/pipeline_paleo_spatial_resolution,family,Abiotic,1.0473915968986978,47.87274614551309,0.9002120839418369,0.9309091327821444,8,0.1749701730633585,0.7513888435208412,0.4340532169977764,spatially_stratified_group_kfold,5,grouped_kfold_feasible,10,228,8,NA,unit_cv,NA,candidate_008,america,Family
paleo,local,am_r008_l013,pipeline_paleo_spatial_resolution,D:/GITHUB/BIODYNAMICS_vegetation_cooccurrence/Data/targets/paleo_spatial_local/am_r008_l013/pipeline_paleo_spatial_resolution,family,Associations,0.3874447335635902,17.7087952874799,0.9002120839418369,0.9309091327821444,8,0.1749701730633585,0.7513888435208412,0.4340532169977764,spatially_stratified_group_kfold,5,grouped_kfold_feasible,10,228,8,NA,unit_cv,NA,candidate_008,america,Family
paleo,local,am_r008_l013,pipeline_paleo_spatial_resolution,D:/GITHUB/BIODYNAMICS_vegetation_cooccurrence/Data/targets/paleo_spatial_local/am_r008_l013/pipeline_paleo_spatial_resolution,family,Spatial,0.7530297963629125,34.418458567007,0.9002120839418369,0.9309091327821444,8,0.1749701730633585,0.7513888435208412,0.4340532169977764,spatially_stratified_group_kfold,5,grouped_kfold_feasible,10,228,8,NA,unit_cv,NA,candidate_008,america,Family
paleo,local,am_r008_l013,pipeline_paleo_spatial_resolution,D:/GITHUB/BIODYNAMICS_vegetation_cooccurrence/Data/targets/paleo_spatial_local/am_r008_l013/pipeline_paleo_spatial_resolution,functional_type,Abiotic,0.8847819225281723,44.66796394432236,0.8141451101981367,0.9331656678082192,8,0.07680078502075462,0.5307603843398616,0.4302815125481996,spatially_stratified_group_kfold,5,grouped_kfold_feasible,10,228,8,NA,unit_cv,NA,candidate_008,america,Functional type
paleo,local,am_r008_l013,pipeline_paleo_spatial_resolution,D:/GITHUB/BIODYNAMICS_vegetation_cooccurrence/Data/targets/paleo_spatial_local/am_r008_l013/pipeline_paleo_spatial_resolution,functional_type,Associations,0.26460287352272305,13.358400881772928,0.8141451101981367,0.9331656678082192,8,0.07680078502075462,0.5307603843398616,0.4302815125481996,spatially_stratified_group_kfold,5,grouped_kfold_feasible,10,228,8,NA,unit_cv,NA,candidate_008,america,Functional type
paleo,local,am_r008_l013,pipeline_paleo_spatial_resolution,D:/GITHUB/BIODYNAMICS_vegetation_cooccurrence/Data/targets/paleo_spatial_local/am_r008_l013/pipeline_paleo_spatial_resolution,functional_type,Spatial,0.8314127250338661,41.97363517390472,0.8141451101981367,0.9331656678082192,8,0.07680078502075462,0.5307603843398616,0.4302815125481996,spatially_stratified_group_kfold,5,grouped_kfold_feasible,10,228,8,NA,unit_cv,NA,candidate_008,america,Functional type
paleo,local,am_r008_l013,pipeline_paleo_spatial_resolution,D:/GITHUB/BIODYNAMICS_vegetation_cooccurrence/Data/targets/paleo_spatial_local/am_r008_l013/pipeline_paleo_spatial_resolution,genus,Abiotic,1.397795113939155,37.6918593687523,0.8799482347874581,0.9127766990291262,19,0.13945755217823752,0.7026776664203747,0.41831534816919985,spatially_stratified_group_kfold,5,grouped_kfold_feasible,10,228,18,NA,unit_cv,NA,candidate_008,america,Genus
paleo,local,am_r008_l013,pipeline_paleo_spatial_resolution,D:/GITHUB/BIODYNAMICS_vegetation_cooccurrence/Data/targets/paleo_spatial_local/am_r008_l013/pipeline_paleo_spatial_resolution,genus,Associations,1.283334912303419,34.605414309422244,0.8799482347874581,0.9127766990291262,19,0.13945755217823752,0.7026776664203747,0.41831534816919985,spatially_stratified_group_kfold,5,grouped_kfold_feasible,10,228,18,NA,unit_cv,NA,candidate_008,america,Genus
paleo,local,am_r008_l013,pipeline_paleo_spatial_resolution,D:/GITHUB/BIODYNAMICS_vegetation_cooccurrence/Data/targets/paleo_spatial_local/am_r008_l013/pipeline_paleo_spatial_resolution,genus,Spatial,1.0273501000999588,27.702726321825455,0.8799482347874581,0.9127766990291262,19,0.13945755217823752,0.7026776664203747,0.41831534816919985,spatially_stratified_group_kfold,5,grouped_kfold_feasible,10,228,18,NA,unit_cv,NA,candidate_008,america,Genus
paleo,local,am_r008_l014,pipeline_paleo_spatial_resolution,D:/GITHUB/BIODYNAMICS_vegetation_cooccurrence/Data/targets/paleo_spatial_local/am_r008_l014/pipeline_paleo_spatial_resolution,family,Abiotic,0.6011344581259535,50.827043700518196,0.6983971511826336,0.7351152618170089,4,NA,NA,NA,none,NA,tier_pooled_regularization_required,5,104,3,NA,tier_pooled,paleo_spatial_local,candidate_004,america,Family
paleo,local,am_r008_l014,pipeline_paleo_spatial_resolution,D:/GITHUB/BIODYNAMICS_vegetation_cooccurrence/Data/targets/paleo_spatial_local/am_r008_l014/pipeline_paleo_spatial_resolution,family,Associations,0.08784064814644305,7.4270912300383145,0.6983971511826336,0.7351152618170089,4,NA,NA,NA,none,NA,tier_pooled_regularization_required,5,104,3,NA,tier_pooled,paleo_spatial_local,candidate_004,america,Family
paleo,local,am_r008_l014,pipeline_paleo_spatial_resolution,D:/GITHUB/BIODYNAMICS_vegetation_cooccurrence/Data/targets/paleo_spatial_local/am_r008_l014/pipeline_paleo_spatial_resolution,family,Spatial,0.49373082025746906,41.74586506944348,0.6983971511826336,0.7351152618170089,4,NA,NA,NA,none,NA,tier_pooled_regularization_required,5,104,3,NA,tier_pooled,paleo_spatial_local,candidate_004,america,Family
paleo,local,am_r008_l014,pipeline_paleo_spatial_resolution,D:/GITHUB/BIODYNAMICS_vegetation_cooccurrence/Data/targets/paleo_spatial_local/am_r008_l014/pipeline_paleo_spatial_resolution,genus,Abiotic,1.3387173998261659,48.1606334050791,0.9015714203110875,0.9360714516069586,8,NA,NA,NA,none,NA,tier_pooled_regularization_required,5,104,5,NA,tier_pooled,paleo_spatial_local,candidate_004,america,Genus
paleo,local,am_r008_l014,pipeline_paleo_spatial_resolution,D:/GITHUB/BIODYNAMICS_vegetation_cooccurrence/Data/targets/paleo_spatial_local/am_r008_l014/pipeline_paleo_spatial_resolution,genus,Associations,0.6397773761859631,23.016122506031923,0.9015714203110875,0.9360714516069586,8,NA,NA,NA,none,NA,tier_pooled_regularization_required,5,104,5,NA,tier_pooled,paleo_spatial_local,candidate_004,america,Genus
paleo,local,am_r008_l014,pipeline_paleo_spatial_resolution,D:/GITHUB/BIODYNAMICS_vegetation_cooccurrence/Data/targets/paleo_spatial_local/am_r008_l014/pipeline_paleo_spatial_resolution,genus,Spatial,0.8011974854376186,28.823244088888973,0.9015714203110875,0.9360714516069586,8,NA,NA,NA,none,NA,tier_pooled_regularization_required,5,104,5,NA,tier_pooled,paleo_spatial_local,candidate_004,america,Genus
paleo,local,am_r010_l002,pipeline_paleo_spatial_resolution,D:/GITHUB/BIODYNAMICS_vegetation_cooccurrence/Data/targets/paleo_spatial_local/am_r010_l002/pipeline_paleo_spatial_resolution,family,Abiotic,1.1027317693231982,41.10453805917087,0.7513111797110374,0.7463074137602439,10,0.0326838608928029,0.47081795381833186,0.6986000568942256,spatially_stratified_group_kfold,5,grouped_kfold_feasible,10,251,10,NA,unit_cv,NA,candidate_004,america,Family
paleo,local,am_r010_l002,pipeline_paleo_spatial_resolution,D:/GITHUB/BIODYNAMICS_vegetation_cooccurrence/Data/targets/paleo_spatial_local/am_r010_l002/pipeline_paleo_spatial_resolution,family,Associations,0.8014093543159995,29.87268728611623,0.7513111797110374,0.7463074137602439,10,0.0326838608928029,0.47081795381833186,0.6986000568942256,spatially_stratified_group_kfold,5,grouped_kfold_feasible,10,251,10,NA,unit_cv,NA,candidate_004,america,Family
paleo,local,am_r010_l002,pipeline_paleo_spatial_resolution,D:/GITHUB/BIODYNAMICS_vegetation_cooccurrence/Data/targets/paleo_spatial_local/am_r010_l002/pipeline_paleo_spatial_resolution,family,Spatial,0.7786083278588145,29.0227746547129,0.7513111797110374,0.7463074137602439,10,0.0326838608928029,0.47081795381833186,0.6986000568942256,spatially_stratified_group_kfold,5,grouped_kfold_feasible,10,251,10,NA,unit_cv,NA,candidate_004,america,Family
paleo,local,am_r010_l002,pipeline_paleo_spatial_resolution,D:/GITHUB/BIODYNAMICS_vegetation_cooccurrence/Data/targets/paleo_spatial_local/am_r010_l002/pipeline_paleo_spatial_resolution,functional_type,Abiotic,0.923699775631909,44.06819694878904,0.781226177925725,0.7617085295656725,7,-0.02457543522587869,0.39231563225066013,0.7851275648803079,spatially_stratified_group_kfold,5,grouped_kfold_feasible,10,251,7,NA,unit_cv,NA,candidate_004,america,Functional type
paleo,local,am_r010_l002,pipeline_paleo_spatial_resolution,D:/GITHUB/BIODYNAMICS_vegetation_cooccurrence/Data/targets/paleo_spatial_local/am_r010_l002/pipeline_paleo_spatial_resolution,functional_type,Associations,0.4826708531902116,23.02743248505722,0.781226177925725,0.7617085295656725,7,-0.02457543522587869,0.39231563225066013,0.7851275648803079,spatially_stratified_group_kfold,5,grouped_kfold_feasible,10,251,7,NA,unit_cv,NA,candidate_004,america,Functional type
paleo,local,am_r010_l002,pipeline_paleo_spatial_resolution,D:/GITHUB/BIODYNAMICS_vegetation_cooccurrence/Data/targets/paleo_spatial_local/am_r010_l002/pipeline_paleo_spatial_resolution,functional_type,Spatial,0.6896982816107844,32.90437056615375,0.781226177925725,0.7617085295656725,7,-0.02457543522587869,0.39231563225066013,0.7851275648803079,spatially_stratified_group_kfold,5,grouped_kfold_feasible,10,251,7,NA,unit_cv,NA,candidate_004,america,Functional type
paleo,local,am_r010_l002,pipeline_paleo_spatial_resolution,D:/GITHUB/BIODYNAMICS_vegetation_cooccurrence/Data/targets/paleo_spatial_local/am_r010_l002/pipeline_paleo_spatial_resolution,genus,Abiotic,1.2688599720160951,36.82670429680035,0.7429132476157931,0.759166896651394,16,0.03596218080593375,0.46118095346275456,0.7977388705433414,spatially_stratified_group_kfold,5,grouped_kfold_feasible,10,251,16,NA,unit_cv,NA,candidate_004,america,Genus
paleo,local,am_r010_l002,pipeline_paleo_spatial_resolution,D:/GITHUB/BIODYNAMICS_vegetation_cooccurrence/Data/targets/paleo_spatial_local/am_r010_l002/pipeline_paleo_spatial_resolution,genus,Associations,1.2849253450347093,37.29297697828013,0.7429132476157931,0.759166896651394,16,0.03596218080593375,0.46118095346275456,0.7977388705433414,spatially_stratified_group_kfold,5,grouped_kfold_feasible,10,251,16,NA,unit_cv,NA,candidate_004,america,Genus
paleo,local,am_r010_l002,pipeline_paleo_spatial_resolution,D:/GITHUB/BIODYNAMICS_vegetation_cooccurrence/Data/targets/paleo_spatial_local/am_r010_l002/pipeline_paleo_spatial_resolution,genus,Spatial,0.8917034831140764,25.880318724919515,0.7429132476157931,0.759166896651394,16,0.03596218080593375,0.46118095346275456,0.7977388705433414,spatially_stratified_group_kfold,5,grouped_kfold_feasible,10,251,16,NA,unit_cv,NA,candidate_004,america,Genus
paleo,local,am_r011_l001,pipeline_paleo_spatial_resolution,D:/GITHUB/BIODYNAMICS_vegetation_cooccurrence/Data/targets/paleo_spatial_local/am_r011_l001/pipeline_paleo_spatial_resolution,family,Abiotic,0.8800500551623354,43.7908815224769,0.7560395985866594,0.8187181760230762,8,0.1163549142572394,0.6533069364035639,0.5236585557450343,spatially_stratified_group_kfold,5,grouped_kfold_feasible,15,291,8,3,unit_cv,NA,candidate_008,america,Family
paleo,local,am_r011_l001,pipeline_paleo_spatial_resolution,D:/GITHUB/BIODYNAMICS_vegetation_cooccurrence/Data/targets/paleo_spatial_local/am_r011_l001/pipeline_paleo_spatial_resolution,family,Associations,0.6268862768695969,31.1935696355355,0.7560395985866594,0.8187181760230762,8,0.1163549142572394,0.6533069364035639,0.5236585557450343,spatially_stratified_group_kfold,5,grouped_kfold_feasible,15,291,8,3,unit_cv,NA,candidate_008,america,Family
paleo,local,am_r011_l001,pipeline_paleo_spatial_resolution,D:/GITHUB/BIODYNAMICS_vegetation_cooccurrence/Data/targets/paleo_spatial_local/am_r011_l001/pipeline_paleo_spatial_resolution,family,Spatial,0.5027287502081343,25.015548841987613,0.7560395985866594,0.8187181760230762,8,0.1163549142572394,0.6533069364035639,0.5236585557450343,spatially_stratified_group_kfold,5,grouped_kfold_feasible,15,291,8,3,unit_cv,NA,candidate_008,america,Family
paleo,local,am_r011_l001,pipeline_paleo_spatial_resolution,D:/GITHUB/BIODYNAMICS_vegetation_cooccurrence/Data/targets/paleo_spatial_local/am_r011_l001/pipeline_paleo_spatial_resolution,functional_type,Abiotic,0.8802698549841846,51.733625986768594,0.718207336361013,0.8178925558679887,5,0.11576545634596373,0.5692563205060976,0.5789498547190949,spatially_stratified_group_kfold,5,grouped_kfold_feasible,15,291,5,3,unit_cv,NA,candidate_004,america,Functional type
paleo,local,am_r011_l001,pipeline_paleo_spatial_resolution,D:/GITHUB/BIODYNAMICS_vegetation_cooccurrence/Data/targets/paleo_spatial_local/am_r011_l001/pipeline_paleo_spatial_resolution,functional_type,Associations,0.3831015817760202,22.51495247090582,0.718207336361013,0.8178925558679887,5,0.11576545634596373,0.5692563205060976,0.5789498547190949,spatially_stratified_group_kfold,5,grouped_kfold_feasible,15,291,5,3,unit_cv,NA,candidate_004,america,Functional type
paleo,local,am_r011_l001,pipeline_paleo_spatial_resolution,D:/GITHUB/BIODYNAMICS_vegetation_cooccurrence/Data/targets/paleo_spatial_local/am_r011_l001/pipeline_paleo_spatial_resolution,functional_type,Spatial,0.43817149241572917,25.75142154232558,0.718207336361013,0.8178925558679887,5,0.11576545634596373,0.5692563205060976,0.5789498547190949,spatially_stratified_group_kfold,5,grouped_kfold_feasible,15,291,5,3,unit_cv,NA,candidate_004,america,Functional type
paleo,local,am_r011_l001,pipeline_paleo_spatial_resolution,D:/GITHUB/BIODYNAMICS_vegetation_cooccurrence/Data/targets/paleo_spatial_local/am_r011_l001/pipeline_paleo_spatial_resolution,genus,Abiotic,1.0641257001650968,31.12457773872153,0.708567921650326,0.7438624675333926,20,0.019614655359142873,0.4709455727776165,0.7974374189258334,spatially_stratified_group_kfold,5,grouped_kfold_feasible,15,291,19,3,unit_cv,NA,candidate_004,america,Genus
paleo,local,am_r011_l001,pipeline_paleo_spatial_resolution,D:/GITHUB/BIODYNAMICS_vegetation_cooccurrence/Data/targets/paleo_spatial_local/am_r011_l001/pipeline_paleo_spatial_resolution,genus,Associations,1.4958082249934552,43.75084576362054,0.708567921650326,0.7438624675333926,20,0.019614655359142873,0.4709455727776165,0.7974374189258334,spatially_stratified_group_kfold,5,grouped_kfold_feasible,15,291,19,3,unit_cv,NA,candidate_004,america,Genus
paleo,local,am_r011_l001,pipeline_paleo_spatial_resolution,D:/GITHUB/BIODYNAMICS_vegetation_cooccurrence/Data/targets/paleo_spatial_local/am_r011_l001/pipeline_paleo_spatial_resolution,genus,Spatial,0.8589902096458121,25.12457649765793,0.708567921650326,0.7438624675333926,20,0.019614655359142873,0.4709455727776165,0.7974374189258334,spatially_stratified_group_kfold,5,grouped_kfold_feasible,15,291,19,3,unit_cv,NA,candidate_004,america,Genus
paleo,local,am_r011_l002,pipeline_paleo_spatial_resolution,D:/GITHUB/BIODYNAMICS_vegetation_cooccurrence/Data/targets/paleo_spatial_local/am_r011_l002/pipeline_paleo_spatial_resolution,family,Abiotic,1.3784707922837063,57.04319377617652,0.9108662080734032,0.9068177980412023,6,NA,NA,NA,none,NA,tier_pooled_regularization_required,5,114,6,NA,tier_pooled,paleo_spatial_local,candidate_004,america,Family
paleo,local,am_r011_l002,pipeline_paleo_spatial_resolution,D:/GITHUB/BIODYNAMICS_vegetation_cooccurrence/Data/targets/paleo_spatial_local/am_r011_l002/pipeline_paleo_spatial_resolution,family,Associations,0.6150482066994089,25.4516194560207,0.9108662080734032,0.9068177980412023,6,NA,NA,NA,none,NA,tier_pooled_regularization_required,5,114,6,NA,tier_pooled,paleo_spatial_local,candidate_004,america,Family
paleo,local,am_r011_l002,pipeline_paleo_spatial_resolution,D:/GITHUB/BIODYNAMICS_vegetation_cooccurrence/Data/targets/paleo_spatial_local/am_r011_l002/pipeline_paleo_spatial_resolution,family,Spatial,0.4230195940214893,17.505186767802773,0.9108662080734032,0.9068177980412023,6,NA,NA,NA,none,NA,tier_pooled_regularization_required,5,114,6,NA,tier_pooled,paleo_spatial_local,candidate_004,america,Family
paleo,local,am_r011_l002,pipeline_paleo_spatial_resolution,D:/GITHUB/BIODYNAMICS_vegetation_cooccurrence/Data/targets/paleo_spatial_local/am_r011_l002/pipeline_paleo_spatial_resolution,functional_type,Abiotic,1.0921338026069498,61.57983539190833,0.9730538558170698,0.9737219302436694,3,NA,NA,NA,none,NA,tier_pooled_regularization_required,5,114,3,NA,tier_pooled,paleo_spatial_local,candidate_004,america,Functional type
paleo,local,am_r011_l002,pipeline_paleo_spatial_resolution,D:/GITHUB/BIODYNAMICS_vegetation_cooccurrence/Data/targets/paleo_spatial_local/am_r011_l002/pipeline_paleo_spatial_resolution,functional_type,Associations,0.4785161353768519,26.981075742313216,0.9730538558170698,0.9737219302436694,3,NA,NA,NA,none,NA,tier_pooled_regularization_required,5,114,3,NA,tier_pooled,paleo_spatial_local,candidate_004,america,Functional type
paleo,local,am_r011_l002,pipeline_paleo_spatial_resolution,D:/GITHUB/BIODYNAMICS_vegetation_cooccurrence/Data/targets/paleo_spatial_local/am_r011_l002/pipeline_paleo_spatial_resolution,functional_type,Spatial,0.20287510581723678,11.439088865778437,0.9730538558170698,0.9737219302436694,3,NA,NA,NA,none,NA,tier_pooled_regularization_required,5,114,3,NA,tier_pooled,paleo_spatial_local,candidate_004,america,Functional type
paleo,local,am_r011_l002,pipeline_paleo_spatial_resolution,D:/GITHUB/BIODYNAMICS_vegetation_cooccurrence/Data/targets/paleo_spatial_local/am_r011_l002/pipeline_paleo_spatial_resolution,genus,Abiotic,1.5756168973557685,54.41993596637842,0.8589722732114532,0.9247883195831523,12,NA,NA,NA,none,NA,tier_pooled_regularization_required,5,114,12,NA,tier_pooled,paleo_spatial_local,candidate_004,america,Genus
paleo,local,am_r011_l002,pipeline_paleo_spatial_resolution,D:/GITHUB/BIODYNAMICS_vegetation_cooccurrence/Data/targets/paleo_spatial_local/am_r011_l002/pipeline_paleo_spatial_resolution,genus,Associations,0.7760423812682964,26.80358199172108,0.8589722732114532,0.9247883195831523,12,NA,NA,NA,none,NA,tier_pooled_regularization_required,5,114,12,NA,tier_pooled,paleo_spatial_local,candidate_004,america,Genus
paleo,local,am_r011_l002,pipeline_paleo_spatial_resolution,D:/GITHUB/BIODYNAMICS_vegetation_cooccurrence/Data/targets/paleo_spatial_local/am_r011_l002/pipeline_paleo_spatial_resolution,genus,Spatial,0.5436342739615387,18.776482041900493,0.8589722732114532,0.9247883195831523,12,NA,NA,NA,none,NA,tier_pooled_regularization_required,5,114,12,NA,tier_pooled,paleo_spatial_local,candidate_004,america,Genus
paleo,local,am_r011_l004,pipeline_paleo_spatial_resolution,D:/GITHUB/BIODYNAMICS_vegetation_cooccurrence/Data/targets/paleo_spatial_local/am_r011_l004/pipeline_paleo_spatial_resolution,genus,Abiotic,0.47856199812889355,34.5188001021748,0.9212328590576349,0.9122641509433962,3,0.09840429670870969,0.6451824930405197,0.673668470697962,leave_one_location_out,7,leave_one_location_out_required,7,93,3,NA,unit_cv,NA,candidate_008,america,Genus
paleo,local,am_r011_l004,pipeline_paleo_spatial_resolution,D:/GITHUB/BIODYNAMICS_vegetation_cooccurrence/Data/targets/paleo_spatial_local/am_r011_l004/pipeline_paleo_spatial_resolution,genus,Associations,0.19075758149780692,13.759393452556628,0.9212328590576349,0.9122641509433962,3,0.09840429670870969,0.6451824930405197,0.673668470697962,leave_one_location_out,7,leave_one_location_out_required,7,93,3,NA,unit_cv,NA,candidate_008,america,Genus
paleo,local,am_r011_l004,pipeline_paleo_spatial_resolution,D:/GITHUB/BIODYNAMICS_vegetation_cooccurrence/Data/targets/paleo_spatial_local/am_r011_l004/pipeline_paleo_spatial_resolution,genus,Spatial,0.7170611656841499,51.721806445268584,0.9212328590576349,0.9122641509433962,3,0.09840429670870969,0.6451824930405197,0.673668470697962,leave_one_location_out,7,leave_one_location_out_required,7,93,3,NA,unit_cv,NA,candidate_008,america,Genus
paleo,local,am_r011_l005,pipeline_paleo_spatial_resolution,D:/GITHUB/BIODYNAMICS_vegetation_cooccurrence/Data/targets/paleo_spatial_local/am_r011_l005/pipeline_paleo_spatial_resolution,family,Abiotic,1.0791142317701117,43.668124576609856,0.7509563008656297,0.7705843293492696,13,0.06334655674894474,0.6230140871863857,0.4474640791375584,spatially_stratified_group_kfold,5,grouped_kfold_feasible,42,1007,13,3,unit_cv,NA,candidate_004,america,Family
paleo,local,am_r011_l005,pipeline_paleo_spatial_resolution,D:/GITHUB/BIODYNAMICS_vegetation_cooccurrence/Data/targets/paleo_spatial_local/am_r011_l005/pipeline_paleo_spatial_resolution,family,Associations,0.7408471681693298,29.979593892279315,0.7509563008656297,0.7705843293492696,13,0.06334655674894474,0.6230140871863857,0.4474640791375584,spatially_stratified_group_kfold,5,grouped_kfold_feasible,42,1007,13,3,unit_cv,NA,candidate_004,america,Family
paleo,local,am_r011_l005,pipeline_paleo_spatial_resolution,D:/GITHUB/BIODYNAMICS_vegetation_cooccurrence/Data/targets/paleo_spatial_local/am_r011_l005/pipeline_paleo_spatial_resolution,family,Spatial,0.6512100603254729,26.352281531110833,0.7509563008656297,0.7705843293492696,13,0.06334655674894474,0.6230140871863857,0.4474640791375584,spatially_stratified_group_kfold,5,grouped_kfold_feasible,42,1007,13,3,unit_cv,NA,candidate_004,america,Family
paleo,local,am_r011_l005,pipeline_paleo_spatial_resolution,D:/GITHUB/BIODYNAMICS_vegetation_cooccurrence/Data/targets/paleo_spatial_local/am_r011_l005/pipeline_paleo_spatial_resolution,functional_type,Abiotic,1.021407313933883,54.45745455483626,0.7883673498437311,0.797823245240125,7,0.12699187553990113,0.6253043398969585,0.39164226084204545,spatially_stratified_group_kfold,5,grouped_kfold_feasible,42,1007,7,3,unit_cv,NA,candidate_004,america,Functional type
paleo,local,am_r011_l005,pipeline_paleo_spatial_resolution,D:/GITHUB/BIODYNAMICS_vegetation_cooccurrence/Data/targets/paleo_spatial_local/am_r011_l005/pipeline_paleo_spatial_resolution,functional_type,Associations,0.42005792447578383,22.395850333630552,0.7883673498437311,0.797823245240125,7,0.12699187553990113,0.6253043398969585,0.39164226084204545,spatially_stratified_group_kfold,5,grouped_kfold_feasible,42,1007,7,3,unit_cv,NA,candidate_004,america,Functional type
paleo,local,am_r011_l005,pipeline_paleo_spatial_resolution,D:/GITHUB/BIODYNAMICS_vegetation_cooccurrence/Data/targets/paleo_spatial_local/am_r011_l005/pipeline_paleo_spatial_resolution,functional_type,Spatial,0.4341408145786726,23.14669511153319,0.7883673498437311,0.797823245240125,7,0.12699187553990113,0.6253043398969585,0.39164226084204545,spatially_stratified_group_kfold,5,grouped_kfold_feasible,42,1007,7,3,unit_cv,NA,candidate_004,america,Functional type
paleo,local,am_r011_l005,pipeline_paleo_spatial_resolution,D:/GITHUB/BIODYNAMICS_vegetation_cooccurrence/Data/targets/paleo_spatial_local/am_r011_l005/pipeline_paleo_spatial_resolution,genus,Abiotic,1.3469649510311898,38.40740137425898,0.6937057077786923,0.7136049706661386,27,0.02941040057592483,0.5365432419055182,0.48128188308686976,spatially_stratified_group_kfold,5,grouped_kfold_feasible,42,1007,26,3,unit_cv,NA,candidate_004,america,Genus
paleo,local,am_r011_l005,pipeline_paleo_spatial_resolution,D:/GITHUB/BIODYNAMICS_vegetation_cooccurrence/Data/targets/paleo_spatial_local/am_r011_l005/pipeline_paleo_spatial_resolution,genus,Associations,1.3802648226009628,39.356914969332415,0.6937057077786923,0.7136049706661386,27,0.02941040057592483,0.5365432419055182,0.48128188308686976,spatially_stratified_group_kfold,5,grouped_kfold_feasible,42,1007,26,3,unit_cv,NA,candidate_004,america,Genus
paleo,local,am_r011_l005,pipeline_paleo_spatial_resolution,D:/GITHUB/BIODYNAMICS_vegetation_cooccurrence/Data/targets/paleo_spatial_local/am_r011_l005/pipeline_paleo_spatial_resolution,genus,Spatial,0.7798154906536501,22.2356836564086,0.6937057077786923,0.7136049706661386,27,0.02941040057592483,0.5365432419055182,0.48128188308686976,spatially_stratified_group_kfold,5,grouped_kfold_feasible,42,1007,26,3,unit_cv,NA,candidate_004,america,Genus
paleo,local,am_r011_l006,pipeline_paleo_spatial_resolution,D:/GITHUB/BIODYNAMICS_vegetation_cooccurrence/Data/targets/paleo_spatial_local/am_r011_l006/pipeline_paleo_spatial_resolution,family,Abiotic,1.0414054214414201,48.034349596263574,0.7951035796179553,0.7896680601141548,10,0.056609426472648425,0.5449326528946568,0.4778121914227282,spatially_stratified_group_kfold,5,grouped_kfold_feasible,21,426,10,3,unit_cv,NA,candidate_004,america,Family
paleo,local,am_r011_l006,pipeline_paleo_spatial_resolution,D:/GITHUB/BIODYNAMICS_vegetation_cooccurrence/Data/targets/paleo_spatial_local/am_r011_l006/pipeline_paleo_spatial_resolution,family,Associations,0.5961142562982482,27.49549790773526,0.7951035796179553,0.7896680601141548,10,0.056609426472648425,0.5449326528946568,0.4778121914227282,spatially_stratified_group_kfold,5,grouped_kfold_feasible,21,426,10,3,unit_cv,NA,candidate_004,america,Family
paleo,local,am_r011_l006,pipeline_paleo_spatial_resolution,D:/GITHUB/BIODYNAMICS_vegetation_cooccurrence/Data/targets/paleo_spatial_local/am_r011_l006/pipeline_paleo_spatial_resolution,family,Spatial,0.5305234626267565,24.470152496001152,0.7951035796179553,0.7896680601141548,10,0.056609426472648425,0.5449326528946568,0.4778121914227282,spatially_stratified_group_kfold,5,grouped_kfold_feasible,21,426,10,3,unit_cv,NA,candidate_004,america,Family
paleo,local,am_r011_l006,pipeline_paleo_spatial_resolution,D:/GITHUB/BIODYNAMICS_vegetation_cooccurrence/Data/targets/paleo_spatial_local/am_r011_l006/pipeline_paleo_spatial_resolution,functional_type,Abiotic,0.9992654391291613,52.392056313379634,0.8267450287774141,0.8148577190599018,6,0.13829877206958327,0.5733546555315037,0.33731049639056937,spatially_stratified_group_kfold,5,grouped_kfold_feasible,21,426,6,3,unit_cv,NA,candidate_008,america,Functional type
paleo,local,am_r011_l006,pipeline_paleo_spatial_resolution,D:/GITHUB/BIODYNAMICS_vegetation_cooccurrence/Data/targets/paleo_spatial_local/am_r011_l006/pipeline_paleo_spatial_resolution,functional_type,Associations,0.404908447896295,21.22958062317593,0.8267450287774141,0.8148577190599018,6,0.13829877206958327,0.5733546555315037,0.33731049639056937,spatially_stratified_group_kfold,5,grouped_kfold_feasible,21,426,6,3,unit_cv,NA,candidate_008,america,Functional type
paleo,local,am_r011_l006,pipeline_paleo_spatial_resolution,D:/GITHUB/BIODYNAMICS_vegetation_cooccurrence/Data/targets/paleo_spatial_local/am_r011_l006/pipeline_paleo_spatial_resolution,functional_type,Spatial,0.503110364526193,26.37836306344444,0.8267450287774141,0.8148577190599018,6,0.13829877206958327,0.5733546555315037,0.33731049639056937,spatially_stratified_group_kfold,5,grouped_kfold_feasible,21,426,6,3,unit_cv,NA,candidate_008,america,Functional type
paleo,local,am_r011_l006,pipeline_paleo_spatial_resolution,D:/GITHUB/BIODYNAMICS_vegetation_cooccurrence/Data/targets/paleo_spatial_local/am_r011_l006/pipeline_paleo_spatial_resolution,genus,Abiotic,0.9729151461102752,33.8557177912312,0.8282851254327954,0.8193429543395013,18,0.11449113065315365,0.608414747498152,0.3888712251153322,spatially_stratified_group_kfold,5,grouped_kfold_feasible,21,426,18,3,unit_cv,NA,candidate_008,america,Genus
paleo,local,am_r011_l006,pipeline_paleo_spatial_resolution,D:/GITHUB/BIODYNAMICS_vegetation_cooccurrence/Data/targets/paleo_spatial_local/am_r011_l006/pipeline_paleo_spatial_resolution,genus,Associations,1.2198424070907095,42.44834757620088,0.8282851254327954,0.8193429543395013,18,0.11449113065315365,0.608414747498152,0.3888712251153322,spatially_stratified_group_kfold,5,grouped_kfold_feasible,21,426,18,3,unit_cv,NA,candidate_008,america,Genus
paleo,local,am_r011_l006,pipeline_paleo_spatial_resolution,D:/GITHUB/BIODYNAMICS_vegetation_cooccurrence/Data/targets/paleo_spatial_local/am_r011_l006/pipeline_paleo_spatial_resolution,genus,Spatial,0.6809524419900345,23.695934632567912,0.8282851254327954,0.8193429543395013,18,0.11449113065315365,0.608414747498152,0.3888712251153322,spatially_stratified_group_kfold,5,grouped_kfold_feasible,21,426,18,3,unit_cv,NA,candidate_008,america,Genus
paleo,local,am_r011_l009,pipeline_paleo_spatial_resolution,D:/GITHUB/BIODYNAMICS_vegetation_cooccurrence/Data/targets/paleo_spatial_local/am_r011_l009/pipeline_paleo_spatial_resolution,family,Abiotic,0.8920571014442329,44.39039040194381,0.7832610061618315,0.8071574492922807,8,0.002934661455674303,0.4381980663206232,0.7486822332585111,spatially_stratified_group_kfold,5,grouped_kfold_feasible,9,166,7,NA,unit_cv,NA,candidate_004,america,Family
paleo,local,am_r011_l009,pipeline_paleo_spatial_resolution,D:/GITHUB/BIODYNAMICS_vegetation_cooccurrence/Data/targets/paleo_spatial_local/am_r011_l009/pipeline_paleo_spatial_resolution,family,Associations,0.41453403053985227,20.627970362843083,0.7832610061618315,0.8071574492922807,8,0.002934661455674303,0.4381980663206232,0.7486822332585111,spatially_stratified_group_kfold,5,grouped_kfold_feasible,9,166,7,NA,unit_cv,NA,candidate_004,america,Family
paleo,local,am_r011_l009,pipeline_paleo_spatial_resolution,D:/GITHUB/BIODYNAMICS_vegetation_cooccurrence/Data/targets/paleo_spatial_local/am_r011_l009/pipeline_paleo_spatial_resolution,family,Spatial,0.702981420469003,34.981639235213116,0.7832610061618315,0.8071574492922807,8,0.002934661455674303,0.4381980663206232,0.7486822332585111,spatially_stratified_group_kfold,5,grouped_kfold_feasible,9,166,7,NA,unit_cv,NA,candidate_004,america,Family
paleo,local,am_r011_l009,pipeline_paleo_spatial_resolution,D:/GITHUB/BIODYNAMICS_vegetation_cooccurrence/Data/targets/paleo_spatial_local/am_r011_l009/pipeline_paleo_spatial_resolution,functional_type,Abiotic,0.924604959773585,56.278050137388256,0.8843358469745817,0.89937106918239,5,0.12587087512257134,0.5742664288890704,0.4947691573039183,spatially_stratified_group_kfold,5,grouped_kfold_feasible,9,166,4,NA,unit_cv,NA,candidate_008,america,Functional type
paleo,local,am_r011_l009,pipeline_paleo_spatial_resolution,D:/GITHUB/BIODYNAMICS_vegetation_cooccurrence/Data/targets/paleo_spatial_local/am_r011_l009/pipeline_paleo_spatial_resolution,functional_type,Associations,0.22516935741269972,13.705412513662612,0.8843358469745817,0.89937106918239,5,0.12587087512257134,0.5742664288890704,0.4947691573039183,spatially_stratified_group_kfold,5,grouped_kfold_feasible,9,166,4,NA,unit_cv,NA,candidate_008,america,Functional type
paleo,local,am_r011_l009,pipeline_paleo_spatial_resolution,D:/GITHUB/BIODYNAMICS_vegetation_cooccurrence/Data/targets/paleo_spatial_local/am_r011_l009/pipeline_paleo_spatial_resolution,functional_type,Spatial,0.49314855863546453,30.01653734894913,0.8843358469745817,0.89937106918239,5,0.12587087512257134,0.5742664288890704,0.4947691573039183,spatially_stratified_group_kfold,5,grouped_kfold_feasible,9,166,4,NA,unit_cv,NA,candidate_008,america,Functional type
paleo,local,am_r011_l009,pipeline_paleo_spatial_resolution,D:/GITHUB/BIODYNAMICS_vegetation_cooccurrence/Data/targets/paleo_spatial_local/am_r011_l009/pipeline_paleo_spatial_resolution,genus,Abiotic,1.169512073173408,32.90962232487888,0.7701767479563405,0.7978603603603603,15,4.459834820492981e-4,0.39684421199230063,0.7722167028830216,spatially_stratified_group_kfold,5,grouped_kfold_feasible,9,166,14,NA,unit_cv,NA,candidate_004,america,Genus
paleo,local,am_r011_l009,pipeline_paleo_spatial_resolution,D:/GITHUB/BIODYNAMICS_vegetation_cooccurrence/Data/targets/paleo_spatial_local/am_r011_l009/pipeline_paleo_spatial_resolution,genus,Associations,1.1990526835725397,33.740883800311,0.7701767479563405,0.7978603603603603,15,4.459834820492981e-4,0.39684421199230063,0.7722167028830216,spatially_stratified_group_kfold,5,grouped_kfold_feasible,9,166,14,NA,unit_cv,NA,candidate_004,america,Genus
paleo,local,am_r011_l009,pipeline_paleo_spatial_resolution,D:/GITHUB/BIODYNAMICS_vegetation_cooccurrence/Data/targets/paleo_spatial_local/am_r011_l009/pipeline_paleo_spatial_resolution,genus,Spatial,1.18514382619724,33.34949387481012,0.7701767479563405,0.7978603603603603,15,4.459834820492981e-4,0.39684421199230063,0.7722167028830216,spatially_stratified_group_kfold,5,grouped_kfold_feasible,9,166,14,NA,unit_cv,NA,candidate_004,america,Genus
paleo,local,am_r011_l010,pipeline_paleo_spatial_resolution,D:/GITHUB/BIODYNAMICS_vegetation_cooccurrence/Data/targets/paleo_spatial_local/am_r011_l010/pipeline_paleo_spatial_resolution,family,Abiotic,1.1449822304105006,51.35457955922674,0.8731257303035678,0.870381974701971,8,0.09075888401822628,0.6644735569918385,0.4759767172223744,spatially_stratified_group_kfold,5,grouped_kfold_feasible,11,236,8,NA,unit_cv,NA,candidate_004,america,Family
paleo,local,am_r011_l010,pipeline_paleo_spatial_resolution,D:/GITHUB/BIODYNAMICS_vegetation_cooccurrence/Data/targets/paleo_spatial_local/am_r011_l010/pipeline_paleo_spatial_resolution,family,Associations,0.4234567802303162,18.992823061048906,0.8731257303035678,0.870381974701971,8,0.09075888401822628,0.6644735569918385,0.4759767172223744,spatially_stratified_group_kfold,5,grouped_kfold_feasible,11,236,8,NA,unit_cv,NA,candidate_004,america,Family
paleo,local,am_r011_l010,pipeline_paleo_spatial_resolution,D:/GITHUB/BIODYNAMICS_vegetation_cooccurrence/Data/targets/paleo_spatial_local/am_r011_l010/pipeline_paleo_spatial_resolution,family,Spatial,0.6611230658824727,29.652597379724348,0.8731257303035678,0.870381974701971,8,0.09075888401822628,0.6644735569918385,0.4759767172223744,spatially_stratified_group_kfold,5,grouped_kfold_feasible,11,236,8,NA,unit_cv,NA,candidate_004,america,Family
paleo,local,am_r011_l010,pipeline_paleo_spatial_resolution,D:/GITHUB/BIODYNAMICS_vegetation_cooccurrence/Data/targets/paleo_spatial_local/am_r011_l010/pipeline_paleo_spatial_resolution,functional_type,Abiotic,0.9423732868176999,49.70535997389654,0.86964751824334,0.8505919251751305,6,0.1561256397615238,0.7460605539697567,0.4886131856470204,spatially_stratified_group_kfold,5,grouped_kfold_feasible,11,236,6,NA,unit_cv,NA,candidate_008,america,Functional type
paleo,local,am_r011_l010,pipeline_paleo_spatial_resolution,D:/GITHUB/BIODYNAMICS_vegetation_cooccurrence/Data/targets/paleo_spatial_local/am_r011_l010/pipeline_paleo_spatial_resolution,functional_type,Associations,0.2798557865923636,14.760958112814507,0.86964751824334,0.8505919251751305,6,0.1561256397615238,0.7460605539697567,0.4886131856470204,spatially_stratified_group_kfold,5,grouped_kfold_feasible,11,236,6,NA,unit_cv,NA,candidate_008,america,Functional type
paleo,local,am_r011_l010,pipeline_paleo_spatial_resolution,D:/GITHUB/BIODYNAMICS_vegetation_cooccurrence/Data/targets/paleo_spatial_local/am_r011_l010/pipeline_paleo_spatial_resolution,functional_type,Spatial,0.6736897717861093,35.53368191328896,0.86964751824334,0.8505919251751305,6,0.1561256397615238,0.7460605539697567,0.4886131856470204,spatially_stratified_group_kfold,5,grouped_kfold_feasible,11,236,6,NA,unit_cv,NA,candidate_008,america,Functional type
paleo,local,am_r011_l010,pipeline_paleo_spatial_resolution,D:/GITHUB/BIODYNAMICS_vegetation_cooccurrence/Data/targets/paleo_spatial_local/am_r011_l010/pipeline_paleo_spatial_resolution,genus,Abiotic,1.3196135057492566,44.495502621189345,0.8459237007759248,0.8658138736263736,15,0.10436182495963192,0.6258374995306918,0.39832970659753353,spatially_stratified_group_kfold,5,grouped_kfold_feasible,11,236,15,NA,unit_cv,NA,candidate_008,america,Genus
paleo,local,am_r011_l010,pipeline_paleo_spatial_resolution,D:/GITHUB/BIODYNAMICS_vegetation_cooccurrence/Data/targets/paleo_spatial_local/am_r011_l010/pipeline_paleo_spatial_resolution,genus,Associations,0.773536858866136,26.082569768579468,0.8459237007759248,0.8658138736263736,15,0.10436182495963192,0.6258374995306918,0.39832970659753353,spatially_stratified_group_kfold,5,grouped_kfold_feasible,11,236,15,NA,unit_cv,NA,candidate_008,america,Genus
paleo,local,am_r011_l010,pipeline_paleo_spatial_resolution,D:/GITHUB/BIODYNAMICS_vegetation_cooccurrence/Data/targets/paleo_spatial_local/am_r011_l010/pipeline_paleo_spatial_resolution,genus,Spatial,0.87257297372676,29.42192761023119,0.8459237007759248,0.8658138736263736,15,0.10436182495963192,0.6258374995306918,0.39832970659753353,spatially_stratified_group_kfold,5,grouped_kfold_feasible,11,236,15,NA,unit_cv,NA,candidate_008,america,Genus
paleo,local,am_r011_l014,pipeline_paleo_spatial_resolution,D:/GITHUB/BIODYNAMICS_vegetation_cooccurrence/Data/targets/paleo_spatial_local/am_r011_l014/pipeline_paleo_spatial_resolution,family,Abiotic,0.851495713218955,54.70273805461458,0.8876867159573927,0.8957827886399315,4,NA,NA,NA,none,NA,tier_pooled_regularization_required,7,125,4,NA,tier_pooled,paleo_spatial_local,candidate_004,america,Family
paleo,local,am_r011_l014,pipeline_paleo_spatial_resolution,D:/GITHUB/BIODYNAMICS_vegetation_cooccurrence/Data/targets/paleo_spatial_local/am_r011_l014/pipeline_paleo_spatial_resolution,family,Associations,0.26439501551246786,16.985559706282647,0.8876867159573927,0.8957827886399315,4,NA,NA,NA,none,NA,tier_pooled_regularization_required,7,125,4,NA,tier_pooled,paleo_spatial_local,candidate_004,america,Family
paleo,local,am_r011_l014,pipeline_paleo_spatial_resolution,D:/GITHUB/BIODYNAMICS_vegetation_cooccurrence/Data/targets/paleo_spatial_local/am_r011_l014/pipeline_paleo_spatial_resolution,family,Spatial,0.44069627861148486,28.31170223910277,0.8876867159573927,0.8957827886399315,4,NA,NA,NA,none,NA,tier_pooled_regularization_required,7,125,4,NA,tier_pooled,paleo_spatial_local,candidate_004,america,Family
paleo,local,am_r011_l014,pipeline_paleo_spatial_resolution,D:/GITHUB/BIODYNAMICS_vegetation_cooccurrence/Data/targets/paleo_spatial_local/am_r011_l014/pipeline_paleo_spatial_resolution,functional_type,Abiotic,0.998327070418717,57.293239222192284,0.8496018962093729,0.8482800982800983,5,0.04385035350982497,0.4501770254667451,0.5776353078908711,leave_one_location_out,7,leave_one_location_out_required,7,125,5,NA,unit_cv,NA,candidate_008,america,Functional type
paleo,local,am_r011_l014,pipeline_paleo_spatial_resolution,D:/GITHUB/BIODYNAMICS_vegetation_cooccurrence/Data/targets/paleo_spatial_local/am_r011_l014/pipeline_paleo_spatial_resolution,functional_type,Associations,0.3072494677896024,17.632815717976868,0.8496018962093729,0.8482800982800983,5,0.04385035350982497,0.4501770254667451,0.5776353078908711,leave_one_location_out,7,leave_one_location_out_required,7,125,5,NA,unit_cv,NA,candidate_008,america,Functional type
paleo,local,am_r011_l014,pipeline_paleo_spatial_resolution,D:/GITHUB/BIODYNAMICS_vegetation_cooccurrence/Data/targets/paleo_spatial_local/am_r011_l014/pipeline_paleo_spatial_resolution,functional_type,Spatial,0.4369101565080433,25.073945059830855,0.8496018962093729,0.8482800982800983,5,0.04385035350982497,0.4501770254667451,0.5776353078908711,leave_one_location_out,7,leave_one_location_out_required,7,125,5,NA,unit_cv,NA,candidate_008,america,Functional type
paleo,local,am_r011_l014,pipeline_paleo_spatial_resolution,D:/GITHUB/BIODYNAMICS_vegetation_cooccurrence/Data/targets/paleo_spatial_local/am_r011_l014/pipeline_paleo_spatial_resolution,genus,Abiotic,1.3399459348231084,46.49757205445676,0.8895002279461048,0.9100949700146947,10,0.14745676015331122,0.6120542385232132,0.5456558604738684,leave_one_location_out,7,leave_one_location_out_required,7,125,8,NA,unit_cv,NA,candidate_008,america,Genus
paleo,local,am_r011_l014,pipeline_paleo_spatial_resolution,D:/GITHUB/BIODYNAMICS_vegetation_cooccurrence/Data/targets/paleo_spatial_local/am_r011_l014/pipeline_paleo_spatial_resolution,genus,Associations,0.7784712675504879,27.0137942991197,0.8895002279461048,0.9100949700146947,10,0.14745676015331122,0.6120542385232132,0.5456558604738684,leave_one_location_out,7,leave_one_location_out_required,7,125,8,NA,unit_cv,NA,candidate_008,america,Genus
paleo,local,am_r011_l014,pipeline_paleo_spatial_resolution,D:/GITHUB/BIODYNAMICS_vegetation_cooccurrence/Data/targets/paleo_spatial_local/am_r011_l014/pipeline_paleo_spatial_resolution,genus,Spatial,0.763337426134314,26.488633646423537,0.8895002279461048,0.9100949700146947,10,0.14745676015331122,0.6120542385232132,0.5456558604738684,leave_one_location_out,7,leave_one_location_out_required,7,125,8,NA,unit_cv,NA,candidate_008,america,Genus
paleo,local,eu_r001_l002,pipeline_paleo_spatial_resolution,D:/GITHUB/BIODYNAMICS_vegetation_cooccurrence/Data/targets/paleo_spatial_local/eu_r001_l002/pipeline_paleo_spatial_resolution,family,Abiotic,1.0706480526339146,46.53256806408406,0.7882298495481778,0.7775962535425451,8,0.017975917452407876,0.5231544425992403,0.6722552066436567,spatially_stratified_group_kfold,5,grouped_kfold_feasible,9,152,8,NA,unit_cv,NA,candidate_004,europe,Family
paleo,local,eu_r001_l002,pipeline_paleo_spatial_resolution,D:/GITHUB/BIODYNAMICS_vegetation_cooccurrence/Data/targets/paleo_spatial_local/eu_r001_l002/pipeline_paleo_spatial_resolution,family,Associations,0.5378613763900602,23.376562488803433,0.7882298495481778,0.7775962535425451,8,0.017975917452407876,0.5231544425992403,0.6722552066436567,spatially_stratified_group_kfold,5,grouped_kfold_feasible,9,152,8,NA,unit_cv,NA,candidate_004,europe,Family
paleo,local,eu_r001_l002,pipeline_paleo_spatial_resolution,D:/GITHUB/BIODYNAMICS_vegetation_cooccurrence/Data/targets/paleo_spatial_local/eu_r001_l002/pipeline_paleo_spatial_resolution,family,Spatial,0.6923480073406627,30.090869447112507,0.7882298495481778,0.7775962535425451,8,0.017975917452407876,0.5231544425992403,0.6722552066436567,spatially_stratified_group_kfold,5,grouped_kfold_feasible,9,152,8,NA,unit_cv,NA,candidate_004,europe,Family
paleo,local,eu_r001_l002,pipeline_paleo_spatial_resolution,D:/GITHUB/BIODYNAMICS_vegetation_cooccurrence/Data/targets/paleo_spatial_local/eu_r001_l002/pipeline_paleo_spatial_resolution,functional_type,Abiotic,1.0696200879763171,41.08403612577194,0.8284977901312236,0.8622866059743136,10,0.013509554456029527,0.47022887440849204,0.7073276382716179,spatially_stratified_group_kfold,5,grouped_kfold_feasible,9,152,10,NA,unit_cv,NA,candidate_004,europe,Functional type
paleo,local,eu_r001_l002,pipeline_paleo_spatial_resolution,D:/GITHUB/BIODYNAMICS_vegetation_cooccurrence/Data/targets/paleo_spatial_local/eu_r001_l002/pipeline_paleo_spatial_resolution,functional_type,Associations,0.6839290285575865,26.26966829866244,0.8284977901312236,0.8622866059743136,10,0.013509554456029527,0.47022887440849204,0.7073276382716179,spatially_stratified_group_kfold,5,grouped_kfold_feasible,9,152,10,NA,unit_cv,NA,candidate_004,europe,Functional type
paleo,local,eu_r001_l002,pipeline_paleo_spatial_resolution,D:/GITHUB/BIODYNAMICS_vegetation_cooccurrence/Data/targets/paleo_spatial_local/eu_r001_l002/pipeline_paleo_spatial_resolution,functional_type,Spatial,0.8499440862805749,32.64629557556563,0.8284977901312236,0.8622866059743136,10,0.013509554456029527,0.47022887440849204,0.7073276382716179,spatially_stratified_group_kfold,5,grouped_kfold_feasible,9,152,10,NA,unit_cv,NA,candidate_004,europe,Functional type
paleo,local,eu_r001_l002,pipeline_paleo_spatial_resolution,D:/GITHUB/BIODYNAMICS_vegetation_cooccurrence/Data/targets/paleo_spatial_local/eu_r001_l002/pipeline_paleo_spatial_resolution,genus,Abiotic,1.1714160308221229,43.02306088042984,0.7997777974981263,0.7946150976246735,10,0.032247825813000314,0.5112214741426835,0.6913046650446582,spatially_stratified_group_kfold,5,grouped_kfold_feasible,9,152,10,NA,unit_cv,NA,candidate_004,europe,Genus
paleo,local,eu_r001_l002,pipeline_paleo_spatial_resolution,D:/GITHUB/BIODYNAMICS_vegetation_cooccurrence/Data/targets/paleo_spatial_local/eu_r001_l002/pipeline_paleo_spatial_resolution,genus,Associations,0.7047215346596145,25.882587135274115,0.7997777974981263,0.7946150976246735,10,0.032247825813000314,0.5112214741426835,0.6913046650446582,spatially_stratified_group_kfold,5,grouped_kfold_feasible,9,152,10,NA,unit_cv,NA,candidate_004,europe,Genus
paleo,local,eu_r001_l002,pipeline_paleo_spatial_resolution,D:/GITHUB/BIODYNAMICS_vegetation_cooccurrence/Data/targets/paleo_spatial_local/eu_r001_l002/pipeline_paleo_spatial_resolution,genus,Spatial,0.8466255453943925,31.094351984296036,0.7997777974981263,0.7946150976246735,10,0.032247825813000314,0.5112214741426835,0.6913046650446582,spatially_stratified_group_kfold,5,grouped_kfold_feasible,9,152,10,NA,unit_cv,NA,candidate_004,europe,Genus
paleo,local,eu_r002_l001,pipeline_paleo_spatial_resolution,D:/GITHUB/BIODYNAMICS_vegetation_cooccurrence/Data/targets/paleo_spatial_local/eu_r002_l001/pipeline_paleo_spatial_resolution,family,Abiotic,0.8598706050833838,53.120356079563905,0.8490850989408131,0.8401161155679229,6,0.05715554610915614,0.5989130476420615,0.4212151913218341,spatially_stratified_group_kfold,5,grouped_kfold_feasible,12,231,6,NA,unit_cv,NA,candidate_008,europe,Family
paleo,local,eu_r002_l001,pipeline_paleo_spatial_resolution,D:/GITHUB/BIODYNAMICS_vegetation_cooccurrence/Data/targets/paleo_spatial_local/eu_r002_l001/pipeline_paleo_spatial_resolution,family,Associations,0.22680067788750158,14.011099690170548,0.8490850989408131,0.8401161155679229,6,0.05715554610915614,0.5989130476420615,0.4212151913218341,spatially_stratified_group_kfold,5,grouped_kfold_feasible,12,231,6,NA,unit_cv,NA,candidate_008,europe,Family
paleo,local,eu_r002_l001,pipeline_paleo_spatial_resolution,D:/GITHUB/BIODYNAMICS_vegetation_cooccurrence/Data/targets/paleo_spatial_local/eu_r002_l001/pipeline_paleo_spatial_resolution,family,Spatial,0.5320501800318584,32.86854423026555,0.8490850989408131,0.8401161155679229,6,0.05715554610915614,0.5989130476420615,0.4212151913218341,spatially_stratified_group_kfold,5,grouped_kfold_feasible,12,231,6,NA,unit_cv,NA,candidate_008,europe,Family
paleo,local,eu_r002_l001,pipeline_paleo_spatial_resolution,D:/GITHUB/BIODYNAMICS_vegetation_cooccurrence/Data/targets/paleo_spatial_local/eu_r002_l001/pipeline_paleo_spatial_resolution,functional_type,Abiotic,1.0898846291073567,50.887812512342464,0.7272468332151357,0.7765468227424749,9,0.04764129465100649,0.5511292024922739,0.5372778553162065,spatially_stratified_group_kfold,5,grouped_kfold_feasible,12,231,9,NA,unit_cv,NA,candidate_004,europe,Functional type
paleo,local,eu_r002_l001,pipeline_paleo_spatial_resolution,D:/GITHUB/BIODYNAMICS_vegetation_cooccurrence/Data/targets/paleo_spatial_local/eu_r002_l001/pipeline_paleo_spatial_resolution,functional_type,Associations,0.46359167890714414,21.645563033429134,0.7272468332151357,0.7765468227424749,9,0.04764129465100649,0.5511292024922739,0.5372778553162065,spatially_stratified_group_kfold,5,grouped_kfold_feasible,12,231,9,NA,unit_cv,NA,candidate_004,europe,Functional type
paleo,local,eu_r002_l001,pipeline_paleo_spatial_resolution,D:/GITHUB/BIODYNAMICS_vegetation_cooccurrence/Data/targets/paleo_spatial_local/eu_r002_l001/pipeline_paleo_spatial_resolution,functional_type,Spatial,0.5882636790266262,27.466624454228388,0.7272468332151357,0.7765468227424749,9,0.04764129465100649,0.5511292024922739,0.5372778553162065,spatially_stratified_group_kfold,5,grouped_kfold_feasible,12,231,9,NA,unit_cv,NA,candidate_004,europe,Functional type
paleo,local,eu_r002_l001,pipeline_paleo_spatial_resolution,D:/GITHUB/BIODYNAMICS_vegetation_cooccurrence/Data/targets/paleo_spatial_local/eu_r002_l001/pipeline_paleo_spatial_resolution,genus,Abiotic,1.1783951858905146,52.78741971334908,0.8481090132483311,0.8548841059602649,11,0.047895406769958335,0.4891643581438856,0.37972894075025576,spatially_stratified_group_kfold,5,grouped_kfold_feasible,12,231,9,NA,unit_cv,NA,candidate_008,europe,Genus
paleo,local,eu_r002_l001,pipeline_paleo_spatial_resolution,D:/GITHUB/BIODYNAMICS_vegetation_cooccurrence/Data/targets/paleo_spatial_local/eu_r002_l001/pipeline_paleo_spatial_resolution,genus,Associations,0.5520408331135308,24.729234729900142,0.8481090132483311,0.8548841059602649,11,0.047895406769958335,0.4891643581438856,0.37972894075025576,spatially_stratified_group_kfold,5,grouped_kfold_feasible,12,231,9,NA,unit_cv,NA,candidate_008,europe,Genus
paleo,local,eu_r002_l001,pipeline_paleo_spatial_resolution,D:/GITHUB/BIODYNAMICS_vegetation_cooccurrence/Data/targets/paleo_spatial_local/eu_r002_l001/pipeline_paleo_spatial_resolution,genus,Spatial,0.5019049294445441,22.483345556750773,0.8481090132483311,0.8548841059602649,11,0.047895406769958335,0.4891643581438856,0.37972894075025576,spatially_stratified_group_kfold,5,grouped_kfold_feasible,12,231,9,NA,unit_cv,NA,candidate_008,europe,Genus
paleo,local,eu_r002_l003,pipeline_paleo_spatial_resolution,D:/GITHUB/BIODYNAMICS_vegetation_cooccurrence/Data/targets/paleo_spatial_local/eu_r002_l003/pipeline_paleo_spatial_resolution,family,Abiotic,1.2019117622532867,48.74989775249688,0.812203652631934,0.8230070218917802,9,0.16484875306118998,0.6860285990837325,0.5430793819991646,spatially_stratified_group_kfold,5,grouped_kfold_feasible,28,413,9,3,unit_cv,NA,candidate_004,europe,Family
paleo,local,eu_r002_l003,pipeline_paleo_spatial_resolution,D:/GITHUB/BIODYNAMICS_vegetation_cooccurrence/Data/targets/paleo_spatial_local/eu_r002_l003/pipeline_paleo_spatial_resolution,family,Associations,0.7533218396870196,30.55495737109351,0.812203652631934,0.8230070218917802,9,0.16484875306118998,0.6860285990837325,0.5430793819991646,spatially_stratified_group_kfold,5,grouped_kfold_feasible,28,413,9,3,unit_cv,NA,candidate_004,europe,Family
paleo,local,eu_r002_l003,pipeline_paleo_spatial_resolution,D:/GITHUB/BIODYNAMICS_vegetation_cooccurrence/Data/targets/paleo_spatial_local/eu_r002_l003/pipeline_paleo_spatial_resolution,family,Spatial,0.5102315942235709,20.695144876409614,0.812203652631934,0.8230070218917802,9,0.16484875306118998,0.6860285990837325,0.5430793819991646,spatially_stratified_group_kfold,5,grouped_kfold_feasible,28,413,9,3,unit_cv,NA,candidate_004,europe,Family
paleo,local,eu_r002_l003,pipeline_paleo_spatial_resolution,D:/GITHUB/BIODYNAMICS_vegetation_cooccurrence/Data/targets/paleo_spatial_local/eu_r002_l003/pipeline_paleo_spatial_resolution,functional_type,Abiotic,1.0982285199701165,50.58347998149604,0.8825898329475053,0.9110711576525918,6,0.2505198023329549,0.8462043218072846,0.3524211510880879,spatially_stratified_group_kfold,5,grouped_kfold_feasible,28,413,6,3,unit_cv,NA,candidate_004,europe,Functional type
paleo,local,eu_r002_l003,pipeline_paleo_spatial_resolution,D:/GITHUB/BIODYNAMICS_vegetation_cooccurrence/Data/targets/paleo_spatial_local/eu_r002_l003/pipeline_paleo_spatial_resolution,functional_type,Associations,0.46434893601160643,21.38752061347962,0.8825898329475053,0.9110711576525918,6,0.2505198023329549,0.8462043218072846,0.3524211510880879,spatially_stratified_group_kfold,5,grouped_kfold_feasible,28,413,6,3,unit_cv,NA,candidate_004,europe,Functional type
paleo,local,eu_r002_l003,pipeline_paleo_spatial_resolution,D:/GITHUB/BIODYNAMICS_vegetation_cooccurrence/Data/targets/paleo_spatial_local/eu_r002_l003/pipeline_paleo_spatial_resolution,functional_type,Spatial,0.6085434719810424,28.02899940502434,0.8825898329475053,0.9110711576525918,6,0.2505198023329549,0.8462043218072846,0.3524211510880879,spatially_stratified_group_kfold,5,grouped_kfold_feasible,28,413,6,3,unit_cv,NA,candidate_004,europe,Functional type
paleo,local,eu_r002_l003,pipeline_paleo_spatial_resolution,D:/GITHUB/BIODYNAMICS_vegetation_cooccurrence/Data/targets/paleo_spatial_local/eu_r002_l003/pipeline_paleo_spatial_resolution,genus,Abiotic,1.1416879749272133,39.57138621822083,0.8727654759860797,0.8974431151771053,15,0.21196076127545355,0.7214118278240547,0.328335227287998,spatially_stratified_group_kfold,5,grouped_kfold_feasible,28,413,15,3,unit_cv,NA,candidate_008,europe,Genus
paleo,local,eu_r002_l003,pipeline_paleo_spatial_resolution,D:/GITHUB/BIODYNAMICS_vegetation_cooccurrence/Data/targets/paleo_spatial_local/eu_r002_l003/pipeline_paleo_spatial_resolution,genus,Associations,0.9647802364662055,33.439689469747286,0.8727654759860797,0.8974431151771053,15,0.21196076127545355,0.7214118278240547,0.328335227287998,spatially_stratified_group_kfold,5,grouped_kfold_feasible,28,413,15,3,unit_cv,NA,candidate_008,europe,Genus
paleo,local,eu_r002_l003,pipeline_paleo_spatial_resolution,D:/GITHUB/BIODYNAMICS_vegetation_cooccurrence/Data/targets/paleo_spatial_local/eu_r002_l003/pipeline_paleo_spatial_resolution,genus,Spatial,0.778666943163077,26.988924312031898,0.8727654759860797,0.8974431151771053,15,0.21196076127545355,0.7214118278240547,0.328335227287998,spatially_stratified_group_kfold,5,grouped_kfold_feasible,28,413,15,3,unit_cv,NA,candidate_008,europe,Genus
paleo,local,eu_r002_l004,pipeline_paleo_spatial_resolution,D:/GITHUB/BIODYNAMICS_vegetation_cooccurrence/Data/targets/paleo_spatial_local/eu_r002_l004/pipeline_paleo_spatial_resolution,family,Abiotic,1.173140859509454,50.14803230515995,0.8754781932459882,0.8667842848114599,8,0.11434563951378716,0.6183063664470108,0.4387542457255651,spatially_stratified_group_kfold,5,grouped_kfold_feasible,18,296,8,3,unit_cv,NA,candidate_008,europe,Family
paleo,local,eu_r002_l004,pipeline_paleo_spatial_resolution,D:/GITHUB/BIODYNAMICS_vegetation_cooccurrence/Data/targets/paleo_spatial_local/eu_r002_l004/pipeline_paleo_spatial_resolution,family,Associations,0.4822573443012695,20.61496425206202,0.8754781932459882,0.8667842848114599,8,0.11434563951378716,0.6183063664470108,0.4387542457255651,spatially_stratified_group_kfold,5,grouped_kfold_feasible,18,296,8,3,unit_cv,NA,candidate_008,europe,Family
paleo,local,eu_r002_l004,pipeline_paleo_spatial_resolution,D:/GITHUB/BIODYNAMICS_vegetation_cooccurrence/Data/targets/paleo_spatial_local/eu_r002_l004/pipeline_paleo_spatial_resolution,family,Spatial,0.6839575108276442,29.237003442778036,0.8754781932459882,0.8667842848114599,8,0.11434563951378716,0.6183063664470108,0.4387542457255651,spatially_stratified_group_kfold,5,grouped_kfold_feasible,18,296,8,3,unit_cv,NA,candidate_008,europe,Family
paleo,local,eu_r002_l004,pipeline_paleo_spatial_resolution,D:/GITHUB/BIODYNAMICS_vegetation_cooccurrence/Data/targets/paleo_spatial_local/eu_r002_l004/pipeline_paleo_spatial_resolution,functional_type,Abiotic,0.9595690077101506,50.355586714239344,0.9017944389981473,0.8834939494258034,6,0.18639449377367184,0.641193826936658,0.2832649289676134,spatially_stratified_group_kfold,5,grouped_kfold_feasible,18,296,6,3,unit_cv,NA,candidate_008,europe,Functional type
paleo,local,eu_r002_l004,pipeline_paleo_spatial_resolution,D:/GITHUB/BIODYNAMICS_vegetation_cooccurrence/Data/targets/paleo_spatial_local/eu_r002_l004/pipeline_paleo_spatial_resolution,functional_type,Associations,0.4264619817432662,22.379571588337612,0.9017944389981473,0.8834939494258034,6,0.18639449377367184,0.641193826936658,0.2832649289676134,spatially_stratified_group_kfold,5,grouped_kfold_feasible,18,296,6,3,unit_cv,NA,candidate_008,europe,Functional type
paleo,local,eu_r002_l004,pipeline_paleo_spatial_resolution,D:/GITHUB/BIODYNAMICS_vegetation_cooccurrence/Data/targets/paleo_spatial_local/eu_r002_l004/pipeline_paleo_spatial_resolution,functional_type,Spatial,0.519555004719515,27.26484169742304,0.9017944389981473,0.8834939494258034,6,0.18639449377367184,0.641193826936658,0.2832649289676134,spatially_stratified_group_kfold,5,grouped_kfold_feasible,18,296,6,3,unit_cv,NA,candidate_008,europe,Functional type
paleo,local,eu_r002_l004,pipeline_paleo_spatial_resolution,D:/GITHUB/BIODYNAMICS_vegetation_cooccurrence/Data/targets/paleo_spatial_local/eu_r002_l004/pipeline_paleo_spatial_resolution,genus,Abiotic,1.4795055964795707,46.38859375975424,0.880787468138176,0.8729320111095444,12,0.20230744458426095,0.6828453943983968,0.378327964198589,spatially_stratified_group_kfold,5,grouped_kfold_feasible,18,296,11,3,unit_cv,NA,candidate_008,europe,Genus
paleo,local,eu_r002_l004,pipeline_paleo_spatial_resolution,D:/GITHUB/BIODYNAMICS_vegetation_cooccurrence/Data/targets/paleo_spatial_local/eu_r002_l004/pipeline_paleo_spatial_resolution,genus,Associations,0.89017326575153,27.9105980396416,0.880787468138176,0.8729320111095444,12,0.20230744458426095,0.6828453943983968,0.378327964198589,spatially_stratified_group_kfold,5,grouped_kfold_feasible,18,296,11,3,unit_cv,NA,candidate_008,europe,Genus
paleo,local,eu_r002_l004,pipeline_paleo_spatial_resolution,D:/GITHUB/BIODYNAMICS_vegetation_cooccurrence/Data/targets/paleo_spatial_local/eu_r002_l004/pipeline_paleo_spatial_resolution,genus,Spatial,0.8196948104046893,25.700808200604165,0.880787468138176,0.8729320111095444,12,0.20230744458426095,0.6828453943983968,0.378327964198589,spatially_stratified_group_kfold,5,grouped_kfold_feasible,18,296,11,3,unit_cv,NA,candidate_008,europe,Genus
paleo,local,eu_r002_l005,pipeline_paleo_spatial_resolution,D:/GITHUB/BIODYNAMICS_vegetation_cooccurrence/Data/targets/paleo_spatial_local/eu_r002_l005/pipeline_paleo_spatial_resolution,family,Abiotic,1.1194957821377585,51.34286273240636,0.8764192578100417,0.8925063050800346,10,0.053007458377811636,0.5676741407196482,0.4542410627434973,spatially_stratified_group_kfold,5,grouped_kfold_feasible,18,322,9,3,unit_cv,NA,candidate_008,europe,Family
paleo,local,eu_r002_l005,pipeline_paleo_spatial_resolution,D:/GITHUB/BIODYNAMICS_vegetation_cooccurrence/Data/targets/paleo_spatial_local/eu_r002_l005/pipeline_paleo_spatial_resolution,family,Associations,0.4393702622685789,20.150613717614803,0.8764192578100417,0.8925063050800346,10,0.053007458377811636,0.5676741407196482,0.4542410627434973,spatially_stratified_group_kfold,5,grouped_kfold_feasible,18,322,9,3,unit_cv,NA,candidate_008,europe,Family
paleo,local,eu_r002_l005,pipeline_paleo_spatial_resolution,D:/GITHUB/BIODYNAMICS_vegetation_cooccurrence/Data/targets/paleo_spatial_local/eu_r002_l005/pipeline_paleo_spatial_resolution,family,Spatial,0.621565124717312,28.506523549978834,0.8764192578100417,0.8925063050800346,10,0.053007458377811636,0.5676741407196482,0.4542410627434973,spatially_stratified_group_kfold,5,grouped_kfold_feasible,18,322,9,3,unit_cv,NA,candidate_008,europe,Family
paleo,local,eu_r002_l005,pipeline_paleo_spatial_resolution,D:/GITHUB/BIODYNAMICS_vegetation_cooccurrence/Data/targets/paleo_spatial_local/eu_r002_l005/pipeline_paleo_spatial_resolution,functional_type,Abiotic,1.3253435219978642,50.02080773560928,0.7931078395721604,0.9080295267339555,10,0.15289540263215506,0.636000270522699,0.4737308108494274,spatially_stratified_group_kfold,5,grouped_kfold_feasible,18,322,10,3,unit_cv,NA,candidate_004,europe,Functional type
paleo,local,eu_r002_l005,pipeline_paleo_spatial_resolution,D:/GITHUB/BIODYNAMICS_vegetation_cooccurrence/Data/targets/paleo_spatial_local/eu_r002_l005/pipeline_paleo_spatial_resolution,functional_type,Associations,0.6714002534860308,25.339832606295566,0.7931078395721604,0.9080295267339555,10,0.15289540263215506,0.636000270522699,0.4737308108494274,spatially_stratified_group_kfold,5,grouped_kfold_feasible,18,322,10,3,unit_cv,NA,candidate_004,europe,Functional type
paleo,local,eu_r002_l005,pipeline_paleo_spatial_resolution,D:/GITHUB/BIODYNAMICS_vegetation_cooccurrence/Data/targets/paleo_spatial_local/eu_r002_l005/pipeline_paleo_spatial_resolution,functional_type,Spatial,0.6528406314755435,24.63935965809515,0.7931078395721604,0.9080295267339555,10,0.15289540263215506,0.636000270522699,0.4737308108494274,spatially_stratified_group_kfold,5,grouped_kfold_feasible,18,322,10,3,unit_cv,NA,candidate_004,europe,Functional type
paleo,local,eu_r002_l005,pipeline_paleo_spatial_resolution,D:/GITHUB/BIODYNAMICS_vegetation_cooccurrence/Data/targets/paleo_spatial_local/eu_r002_l005/pipeline_paleo_spatial_resolution,genus,Abiotic,1.4553673001806633,46.008891231192436,0.8984609674039027,0.9113929843448215,14,0.1453094793417292,0.6249812247248282,0.3898973893122336,spatially_stratified_group_kfold,5,grouped_kfold_feasible,18,322,13,3,unit_cv,NA,candidate_008,europe,Genus
paleo,local,eu_r002_l005,pipeline_paleo_spatial_resolution,D:/GITHUB/BIODYNAMICS_vegetation_cooccurrence/Data/targets/paleo_spatial_local/eu_r002_l005/pipeline_paleo_spatial_resolution,genus,Associations,0.8178572503963313,25.855126243014976,0.8984609674039027,0.9113929843448215,14,0.1453094793417292,0.6249812247248282,0.3898973893122336,spatially_stratified_group_kfold,5,grouped_kfold_feasible,18,322,13,3,unit_cv,NA,candidate_008,europe,Genus
paleo,local,eu_r002_l005,pipeline_paleo_spatial_resolution,D:/GITHUB/BIODYNAMICS_vegetation_cooccurrence/Data/targets/paleo_spatial_local/eu_r002_l005/pipeline_paleo_spatial_resolution,genus,Spatial,0.8900059929879733,28.135982525792592,0.8984609674039027,0.9113929843448215,14,0.1453094793417292,0.6249812247248282,0.3898973893122336,spatially_stratified_group_kfold,5,grouped_kfold_feasible,18,322,13,3,unit_cv,NA,candidate_008,europe,Genus
paleo,local,eu_r002_l006,pipeline_paleo_spatial_resolution,D:/GITHUB/BIODYNAMICS_vegetation_cooccurrence/Data/targets/paleo_spatial_local/eu_r002_l006/pipeline_paleo_spatial_resolution,family,Abiotic,0.9566377638657799,44.24489151607986,0.7358217924227282,0.7334689194826867,15,0.003514722451967096,0.44528200350956754,0.5185663718391593,spatially_stratified_group_kfold,5,grouped_kfold_feasible,26,316,14,3,unit_cv,NA,candidate_004,europe,Family
paleo,local,eu_r002_l006,pipeline_paleo_spatial_resolution,D:/GITHUB/BIODYNAMICS_vegetation_cooccurrence/Data/targets/paleo_spatial_local/eu_r002_l006/pipeline_paleo_spatial_resolution,family,Associations,0.6032142096064618,27.898906224593023,0.7358217924227282,0.7334689194826867,15,0.003514722451967096,0.44528200350956754,0.5185663718391593,spatially_stratified_group_kfold,5,grouped_kfold_feasible,26,316,14,3,unit_cv,NA,candidate_004,europe,Family
paleo,local,eu_r002_l006,pipeline_paleo_spatial_resolution,D:/GITHUB/BIODYNAMICS_vegetation_cooccurrence/Data/targets/paleo_spatial_local/eu_r002_l006/pipeline_paleo_spatial_resolution,family,Spatial,0.6022908888695282,27.856202259327123,0.7358217924227282,0.7334689194826867,15,0.003514722451967096,0.44528200350956754,0.5185663718391593,spatially_stratified_group_kfold,5,grouped_kfold_feasible,26,316,14,3,unit_cv,NA,candidate_004,europe,Family
paleo,local,eu_r002_l006,pipeline_paleo_spatial_resolution,D:/GITHUB/BIODYNAMICS_vegetation_cooccurrence/Data/targets/paleo_spatial_local/eu_r002_l006/pipeline_paleo_spatial_resolution,functional_type,Abiotic,0.7138287271024579,47.57010769983106,0.8280899553992791,0.8484261501210654,9,0.013267820105153112,0.47064454570650244,0.5392863035166722,spatially_stratified_group_kfold,5,grouped_kfold_feasible,26,316,9,3,unit_cv,NA,candidate_004,europe,Functional type
paleo,local,eu_r002_l006,pipeline_paleo_spatial_resolution,D:/GITHUB/BIODYNAMICS_vegetation_cooccurrence/Data/targets/paleo_spatial_local/eu_r002_l006/pipeline_paleo_spatial_resolution,functional_type,Associations,0.3562513136091763,23.74086768038178,0.8280899553992791,0.8484261501210654,9,0.013267820105153112,0.47064454570650244,0.5392863035166722,spatially_stratified_group_kfold,5,grouped_kfold_feasible,26,316,9,3,unit_cv,NA,candidate_004,europe,Functional type
paleo,local,eu_r002_l006,pipeline_paleo_spatial_resolution,D:/GITHUB/BIODYNAMICS_vegetation_cooccurrence/Data/targets/paleo_spatial_local/eu_r002_l006/pipeline_paleo_spatial_resolution,functional_type,Spatial,0.4305024923503899,28.68902461978716,0.8280899553992791,0.8484261501210654,9,0.013267820105153112,0.47064454570650244,0.5392863035166722,spatially_stratified_group_kfold,5,grouped_kfold_feasible,26,316,9,3,unit_cv,NA,candidate_004,europe,Functional type
paleo,local,eu_r002_l006,pipeline_paleo_spatial_resolution,D:/GITHUB/BIODYNAMICS_vegetation_cooccurrence/Data/targets/paleo_spatial_local/eu_r002_l006/pipeline_paleo_spatial_resolution,genus,Abiotic,1.1297272213796687,39.989716057984275,0.6683545567380472,0.6560357675111773,23,9.82017714903825e-4,0.4304596594991616,0.5127183949241171,spatially_stratified_group_kfold,5,grouped_kfold_feasible,26,316,21,3,unit_cv,NA,candidate_004,europe,Genus
paleo,local,eu_r002_l006,pipeline_paleo_spatial_resolution,D:/GITHUB/BIODYNAMICS_vegetation_cooccurrence/Data/targets/paleo_spatial_local/eu_r002_l006/pipeline_paleo_spatial_resolution,genus,Associations,1.0633861368515936,37.64139596526618,0.6683545567380472,0.6560357675111773,23,9.82017714903825e-4,0.4304596594991616,0.5127183949241171,spatially_stratified_group_kfold,5,grouped_kfold_feasible,26,316,21,3,unit_cv,NA,candidate_004,europe,Genus
paleo,local,eu_r002_l006,pipeline_paleo_spatial_resolution,D:/GITHUB/BIODYNAMICS_vegetation_cooccurrence/Data/targets/paleo_spatial_local/eu_r002_l006/pipeline_paleo_spatial_resolution,genus,Spatial,0.6319310100297857,22.368887976749544,0.6683545567380472,0.6560357675111773,23,9.82017714903825e-4,0.4304596594991616,0.5127183949241171,spatially_stratified_group_kfold,5,grouped_kfold_feasible,26,316,21,3,unit_cv,NA,candidate_004,europe,Genus
paleo,local,eu_r002_l007,pipeline_paleo_spatial_resolution,D:/GITHUB/BIODYNAMICS_vegetation_cooccurrence/Data/targets/paleo_spatial_local/eu_r002_l007/pipeline_paleo_spatial_resolution,family,Abiotic,1.0651339331426155,49.97559496419422,0.858380232620971,0.8607856081861693,7,0.14282413120498064,0.6619276545891624,0.5006419498270589,spatially_stratified_group_kfold,5,grouped_kfold_feasible,20,229,7,3,unit_cv,NA,candidate_008,europe,Family
paleo,local,eu_r002_l007,pipeline_paleo_spatial_resolution,D:/GITHUB/BIODYNAMICS_vegetation_cooccurrence/Data/targets/paleo_spatial_local/eu_r002_l007/pipeline_paleo_spatial_resolution,family,Associations,0.383639436416,18.000186164429195,0.858380232620971,0.8607856081861693,7,0.14282413120498064,0.6619276545891624,0.5006419498270589,spatially_stratified_group_kfold,5,grouped_kfold_feasible,20,229,7,3,unit_cv,NA,candidate_008,europe,Family
paleo,local,eu_r002_l007,pipeline_paleo_spatial_resolution,D:/GITHUB/BIODYNAMICS_vegetation_cooccurrence/Data/targets/paleo_spatial_local/eu_r002_l007/pipeline_paleo_spatial_resolution,family,Spatial,0.6825347897654446,32.02421887137659,0.858380232620971,0.8607856081861693,7,0.14282413120498064,0.6619276545891624,0.5006419498270589,spatially_stratified_group_kfold,5,grouped_kfold_feasible,20,229,7,3,unit_cv,NA,candidate_008,europe,Family
paleo,local,eu_r002_l007,pipeline_paleo_spatial_resolution,D:/GITHUB/BIODYNAMICS_vegetation_cooccurrence/Data/targets/paleo_spatial_local/eu_r002_l007/pipeline_paleo_spatial_resolution,functional_type,Abiotic,0.844069647269577,51.224577704380415,0.8982573375431498,0.8880640722008081,6,0.1124119086117163,0.5831301693726756,0.49478673341687057,spatially_stratified_group_kfold,5,grouped_kfold_feasible,20,229,5,3,unit_cv,NA,candidate_004,europe,Functional type
paleo,local,eu_r002_l007,pipeline_paleo_spatial_resolution,D:/GITHUB/BIODYNAMICS_vegetation_cooccurrence/Data/targets/paleo_spatial_local/eu_r002_l007/pipeline_paleo_spatial_resolution,functional_type,Associations,0.16738546405113242,10.158225375841033,0.8982573375431498,0.8880640722008081,6,0.1124119086117163,0.5831301693726756,0.49478673341687057,spatially_stratified_group_kfold,5,grouped_kfold_feasible,20,229,5,3,unit_cv,NA,candidate_004,europe,Functional type
paleo,local,eu_r002_l007,pipeline_paleo_spatial_resolution,D:/GITHUB/BIODYNAMICS_vegetation_cooccurrence/Data/targets/paleo_spatial_local/eu_r002_l007/pipeline_paleo_spatial_resolution,functional_type,Spatial,0.6363274280312885,38.61719691977854,0.8982573375431498,0.8880640722008081,6,0.1124119086117163,0.5831301693726756,0.49478673341687057,spatially_stratified_group_kfold,5,grouped_kfold_feasible,20,229,5,3,unit_cv,NA,candidate_004,europe,Functional type
paleo,local,eu_r002_l007,pipeline_paleo_spatial_resolution,D:/GITHUB/BIODYNAMICS_vegetation_cooccurrence/Data/targets/paleo_spatial_local/eu_r002_l007/pipeline_paleo_spatial_resolution,genus,Abiotic,1.2106116224568195,47.566579491184434,0.8588693135762235,0.8500717368799915,12,0.09657713484013049,0.6014450568071905,0.4017977176755869,spatially_stratified_group_kfold,5,grouped_kfold_feasible,20,229,12,3,unit_cv,NA,candidate_008,europe,Genus
paleo,local,eu_r002_l007,pipeline_paleo_spatial_resolution,D:/GITHUB/BIODYNAMICS_vegetation_cooccurrence/Data/targets/paleo_spatial_local/eu_r002_l007/pipeline_paleo_spatial_resolution,genus,Associations,0.5624886992049255,22.100947097572035,0.8588693135762235,0.8500717368799915,12,0.09657713484013049,0.6014450568071905,0.4017977176755869,spatially_stratified_group_kfold,5,grouped_kfold_feasible,20,229,12,3,unit_cv,NA,candidate_008,europe,Genus
paleo,local,eu_r002_l007,pipeline_paleo_spatial_resolution,D:/GITHUB/BIODYNAMICS_vegetation_cooccurrence/Data/targets/paleo_spatial_local/eu_r002_l007/pipeline_paleo_spatial_resolution,genus,Spatial,0.77198834228388,30.332473411243537,0.8588693135762235,0.8500717368799915,12,0.09657713484013049,0.6014450568071905,0.4017977176755869,spatially_stratified_group_kfold,5,grouped_kfold_feasible,20,229,12,3,unit_cv,NA,candidate_008,europe,Genus
paleo,local,eu_r002_l008,pipeline_paleo_spatial_resolution,D:/GITHUB/BIODYNAMICS_vegetation_cooccurrence/Data/targets/paleo_spatial_local/eu_r002_l008/pipeline_paleo_spatial_resolution,family,Abiotic,1.2376961164835891,50.101357736122246,0.7501496133322151,0.7533206831119544,7,0.08362812996990449,0.5494964253699938,0.7394644265820897,spatially_stratified_group_kfold,5,grouped_kfold_feasible,12,158,6,NA,unit_cv,NA,candidate_004,europe,Family
paleo,local,eu_r002_l008,pipeline_paleo_spatial_resolution,D:/GITHUB/BIODYNAMICS_vegetation_cooccurrence/Data/targets/paleo_spatial_local/eu_r002_l008/pipeline_paleo_spatial_resolution,family,Associations,0.6021747078590038,24.375749472175777,0.7501496133322151,0.7533206831119544,7,0.08362812996990449,0.5494964253699938,0.7394644265820897,spatially_stratified_group_kfold,5,grouped_kfold_feasible,12,158,6,NA,unit_cv,NA,candidate_004,europe,Family
paleo,local,eu_r002_l008,pipeline_paleo_spatial_resolution,D:/GITHUB/BIODYNAMICS_vegetation_cooccurrence/Data/targets/paleo_spatial_local/eu_r002_l008/pipeline_paleo_spatial_resolution,family,Spatial,0.6305135572591671,25.522892791701977,0.7501496133322151,0.7533206831119544,7,0.08362812996990449,0.5494964253699938,0.7394644265820897,spatially_stratified_group_kfold,5,grouped_kfold_feasible,12,158,6,NA,unit_cv,NA,candidate_004,europe,Family
paleo,local,eu_r002_l008,pipeline_paleo_spatial_resolution,D:/GITHUB/BIODYNAMICS_vegetation_cooccurrence/Data/targets/paleo_spatial_local/eu_r002_l008/pipeline_paleo_spatial_resolution,functional_type,Abiotic,1.0480182809128773,51.8780286823127,0.7263901620250801,0.8408519641278263,6,0.13754563955505625,0.6212620414666438,0.6102948315257242,spatially_stratified_group_kfold,5,grouped_kfold_feasible,12,158,6,NA,unit_cv,NA,candidate_004,europe,Functional type
paleo,local,eu_r002_l008,pipeline_paleo_spatial_resolution,D:/GITHUB/BIODYNAMICS_vegetation_cooccurrence/Data/targets/paleo_spatial_local/eu_r002_l008/pipeline_paleo_spatial_resolution,functional_type,Associations,0.5137488321667133,25.431118078812442,0.7263901620250801,0.8408519641278263,6,0.13754563955505625,0.6212620414666438,0.6102948315257242,spatially_stratified_group_kfold,5,grouped_kfold_feasible,12,158,6,NA,unit_cv,NA,candidate_004,europe,Functional type
paleo,local,eu_r002_l008,pipeline_paleo_spatial_resolution,D:/GITHUB/BIODYNAMICS_vegetation_cooccurrence/Data/targets/paleo_spatial_local/eu_r002_l008/pipeline_paleo_spatial_resolution,functional_type,Spatial,0.45839114569053985,22.690853238874844,0.7263901620250801,0.8408519641278263,6,0.13754563955505625,0.6212620414666438,0.6102948315257242,spatially_stratified_group_kfold,5,grouped_kfold_feasible,12,158,6,NA,unit_cv,NA,candidate_004,europe,Functional type
paleo,local,eu_r002_l008,pipeline_paleo_spatial_resolution,D:/GITHUB/BIODYNAMICS_vegetation_cooccurrence/Data/targets/paleo_spatial_local/eu_r002_l008/pipeline_paleo_spatial_resolution,genus,Abiotic,1.4849855532089844,49.11376497874117,0.7700639593073508,0.8512814178575048,10,0.1374625936686152,0.6482897234276894,0.7129610946576471,spatially_stratified_group_kfold,5,grouped_kfold_feasible,12,158,9,NA,unit_cv,NA,candidate_004,europe,Genus
paleo,local,eu_r002_l008,pipeline_paleo_spatial_resolution,D:/GITHUB/BIODYNAMICS_vegetation_cooccurrence/Data/targets/paleo_spatial_local/eu_r002_l008/pipeline_paleo_spatial_resolution,genus,Associations,0.8147016777754943,26.94508821556235,0.7700639593073508,0.8512814178575048,10,0.1374625936686152,0.6482897234276894,0.7129610946576471,spatially_stratified_group_kfold,5,grouped_kfold_feasible,12,158,9,NA,unit_cv,NA,candidate_004,europe,Genus
paleo,local,eu_r002_l008,pipeline_paleo_spatial_resolution,D:/GITHUB/BIODYNAMICS_vegetation_cooccurrence/Data/targets/paleo_spatial_local/eu_r002_l008/pipeline_paleo_spatial_resolution,genus,Spatial,0.7238756212052453,23.941146805696473,0.7700639593073508,0.8512814178575048,10,0.1374625936686152,0.6482897234276894,0.7129610946576471,spatially_stratified_group_kfold,5,grouped_kfold_feasible,12,158,9,NA,unit_cv,NA,candidate_004,europe,Genus
paleo,local,eu_r004_l003,pipeline_paleo_spatial_resolution,D:/GITHUB/BIODYNAMICS_vegetation_cooccurrence/Data/targets/paleo_spatial_local/eu_r004_l003/pipeline_paleo_spatial_resolution,family,Abiotic,0.9156429426297279,52.689393024919426,0.7902643331159969,0.8018691588785046,7,NA,NA,NA,none,NA,tier_pooled_regularization_required,7,112,4,NA,tier_pooled,paleo_spatial_local,candidate_004,europe,Family
paleo,local,eu_r004_l003,pipeline_paleo_spatial_resolution,D:/GITHUB/BIODYNAMICS_vegetation_cooccurrence/Data/targets/paleo_spatial_local/eu_r004_l003/pipeline_paleo_spatial_resolution,family,Associations,0.27601813633113725,15.88307776980065,0.7902643331159969,0.8018691588785046,7,NA,NA,NA,none,NA,tier_pooled_regularization_required,7,112,4,NA,tier_pooled,paleo_spatial_local,candidate_004,europe,Family
paleo,local,eu_r004_l003,pipeline_paleo_spatial_resolution,D:/GITHUB/BIODYNAMICS_vegetation_cooccurrence/Data/targets/paleo_spatial_local/eu_r004_l003/pipeline_paleo_spatial_resolution,family,Spatial,0.54615158135328,31.42752920527993,0.7902643331159969,0.8018691588785046,7,NA,NA,NA,none,NA,tier_pooled_regularization_required,7,112,4,NA,tier_pooled,paleo_spatial_local,candidate_004,europe,Family
paleo,local,eu_r004_l003,pipeline_paleo_spatial_resolution,D:/GITHUB/BIODYNAMICS_vegetation_cooccurrence/Data/targets/paleo_spatial_local/eu_r004_l003/pipeline_paleo_spatial_resolution,functional_type,Abiotic,1.0653954064228461,51.99822100423474,0.9386019067269076,0.9402798539466268,6,0.3320482658401301,0.8352458902778234,0.4377023203756346,spatially_stratified_group_kfold,5,grouped_kfold_feasible,7,112,5,NA,unit_cv,NA,candidate_004,europe,Functional type
paleo,local,eu_r004_l003,pipeline_paleo_spatial_resolution,D:/GITHUB/BIODYNAMICS_vegetation_cooccurrence/Data/targets/paleo_spatial_local/eu_r004_l003/pipeline_paleo_spatial_resolution,functional_type,Associations,0.34781966973926337,16.975860743991213,0.9386019067269076,0.9402798539466268,6,0.3320482658401301,0.8352458902778234,0.4377023203756346,spatially_stratified_group_kfold,5,grouped_kfold_feasible,7,112,5,NA,unit_cv,NA,candidate_004,europe,Functional type
paleo,local,eu_r004_l003,pipeline_paleo_spatial_resolution,D:/GITHUB/BIODYNAMICS_vegetation_cooccurrence/Data/targets/paleo_spatial_local/eu_r004_l003/pipeline_paleo_spatial_resolution,functional_type,Spatial,0.6356923399898398,31.025918251774055,0.9386019067269076,0.9402798539466268,6,0.3320482658401301,0.8352458902778234,0.4377023203756346,spatially_stratified_group_kfold,5,grouped_kfold_feasible,7,112,5,NA,unit_cv,NA,candidate_004,europe,Functional type
paleo,local,eu_r004_l003,pipeline_paleo_spatial_resolution,D:/GITHUB/BIODYNAMICS_vegetation_cooccurrence/Data/targets/paleo_spatial_local/eu_r004_l003/pipeline_paleo_spatial_resolution,genus,Abiotic,1.1528316311241338,45.52606221723517,0.773105362309913,0.820855614973262,9,0.1258327927373295,0.6238413237988306,0.5844223111129863,leave_one_location_out,7,leave_one_location_out_required,7,112,7,2,unit_cv,NA,candidate_004,europe,Genus
paleo,local,eu_r004_l003,pipeline_paleo_spatial_resolution,D:/GITHUB/BIODYNAMICS_vegetation_cooccurrence/Data/targets/paleo_spatial_local/eu_r004_l003/pipeline_paleo_spatial_resolution,genus,Associations,0.7253568694706904,28.644809075043327,0.773105362309913,0.820855614973262,9,0.1258327927373295,0.6238413237988306,0.5844223111129863,leave_one_location_out,7,leave_one_location_out_required,7,112,7,2,unit_cv,NA,candidate_004,europe,Genus
paleo,local,eu_r004_l003,pipeline_paleo_spatial_resolution,D:/GITHUB/BIODYNAMICS_vegetation_cooccurrence/Data/targets/paleo_spatial_local/eu_r004_l003/pipeline_paleo_spatial_resolution,genus,Spatial,0.6540569319734613,25.829128707721488,0.773105362309913,0.820855614973262,9,0.1258327927373295,0.6238413237988306,0.5844223111129863,leave_one_location_out,7,leave_one_location_out_required,7,112,7,2,unit_cv,NA,candidate_004,europe,Genus
paleo,local,eu_r005_l001,pipeline_paleo_spatial_resolution,D:/GITHUB/BIODYNAMICS_vegetation_cooccurrence/Data/targets/paleo_spatial_local/eu_r005_l001/pipeline_paleo_spatial_resolution,family,Abiotic,1.1219917957546808,50.70711225570176,0.8658139694258683,0.8700626959247649,9,0.061561912281050665,0.5879644980611667,0.5198956029794117,spatially_stratified_group_kfold,5,grouped_kfold_feasible,17,307,8,3,unit_cv,NA,candidate_004,europe,Family
paleo,local,eu_r005_l001,pipeline_paleo_spatial_resolution,D:/GITHUB/BIODYNAMICS_vegetation_cooccurrence/Data/targets/paleo_spatial_local/eu_r005_l001/pipeline_paleo_spatial_resolution,family,Associations,0.4560967695141888,20.612762213348315,0.8658139694258683,0.8700626959247649,9,0.061561912281050665,0.5879644980611667,0.5198956029794117,spatially_stratified_group_kfold,5,grouped_kfold_feasible,17,307,8,3,unit_cv,NA,candidate_004,europe,Family
paleo,local,eu_r005_l001,pipeline_paleo_spatial_resolution,D:/GITHUB/BIODYNAMICS_vegetation_cooccurrence/Data/targets/paleo_spatial_local/eu_r005_l001/pipeline_paleo_spatial_resolution,family,Spatial,0.6346026053440229,28.680125530949923,0.8658139694258683,0.8700626959247649,9,0.061561912281050665,0.5879644980611667,0.5198956029794117,spatially_stratified_group_kfold,5,grouped_kfold_feasible,17,307,8,3,unit_cv,NA,candidate_004,europe,Family
paleo,local,eu_r005_l001,pipeline_paleo_spatial_resolution,D:/GITHUB/BIODYNAMICS_vegetation_cooccurrence/Data/targets/paleo_spatial_local/eu_r005_l001/pipeline_paleo_spatial_resolution,functional_type,Abiotic,0.9824013701292583,56.811092215399206,0.7371027895954049,0.8159449272727513,8,0.09407477380171252,0.5396015944617977,0.3703689504964262,spatially_stratified_group_kfold,5,grouped_kfold_feasible,17,307,7,3,unit_cv,NA,candidate_008,europe,Functional type
paleo,local,eu_r005_l001,pipeline_paleo_spatial_resolution,D:/GITHUB/BIODYNAMICS_vegetation_cooccurrence/Data/targets/paleo_spatial_local/eu_r005_l001/pipeline_paleo_spatial_resolution,functional_type,Associations,0.3019986670972185,17.464220477553212,0.7371027895954049,0.8159449272727513,8,0.09407477380171252,0.5396015944617977,0.3703689504964262,spatially_stratified_group_kfold,5,grouped_kfold_feasible,17,307,7,3,unit_cv,NA,candidate_008,europe,Functional type
paleo,local,eu_r005_l001,pipeline_paleo_spatial_resolution,D:/GITHUB/BIODYNAMICS_vegetation_cooccurrence/Data/targets/paleo_spatial_local/eu_r005_l001/pipeline_paleo_spatial_resolution,functional_type,Spatial,0.44484214386816634,25.724687307047578,0.7371027895954049,0.8159449272727513,8,0.09407477380171252,0.5396015944617977,0.3703689504964262,spatially_stratified_group_kfold,5,grouped_kfold_feasible,17,307,7,3,unit_cv,NA,candidate_008,europe,Functional type
paleo,local,eu_r005_l001,pipeline_paleo_spatial_resolution,D:/GITHUB/BIODYNAMICS_vegetation_cooccurrence/Data/targets/paleo_spatial_local/eu_r005_l001/pipeline_paleo_spatial_resolution,genus,Abiotic,1.3857429529088596,42.66957239259109,0.868502042322941,0.8745978120978121,17,0.11489205948975023,0.6637794070340055,0.38225245836553834,spatially_stratified_group_kfold,5,grouped_kfold_feasible,17,307,15,3,unit_cv,NA,candidate_008,europe,Genus
paleo,local,eu_r005_l001,pipeline_paleo_spatial_resolution,D:/GITHUB/BIODYNAMICS_vegetation_cooccurrence/Data/targets/paleo_spatial_local/eu_r005_l001/pipeline_paleo_spatial_resolution,genus,Associations,1.0248527426814211,31.557099535520106,0.868502042322941,0.8745978120978121,17,0.11489205948975023,0.6637794070340055,0.38225245836553834,spatially_stratified_group_kfold,5,grouped_kfold_feasible,17,307,15,3,unit_cv,NA,candidate_008,europe,Genus
paleo,local,eu_r005_l001,pipeline_paleo_spatial_resolution,D:/GITHUB/BIODYNAMICS_vegetation_cooccurrence/Data/targets/paleo_spatial_local/eu_r005_l001/pipeline_paleo_spatial_resolution,genus,Spatial,0.8370181782001964,25.773328071888802,0.868502042322941,0.8745978120978121,17,0.11489205948975023,0.6637794070340055,0.38225245836553834,spatially_stratified_group_kfold,5,grouped_kfold_feasible,17,307,15,3,unit_cv,NA,candidate_008,europe,Genus
paleo,local,eu_r005_l002,pipeline_paleo_spatial_resolution,D:/GITHUB/BIODYNAMICS_vegetation_cooccurrence/Data/targets/paleo_spatial_local/eu_r005_l002/pipeline_paleo_spatial_resolution,family,Abiotic,1.0679480987167653,44.166673595988456,0.8267701143752383,0.8714053174172545,9,0.06471526731849558,0.6797230690414348,0.5625794209154114,spatially_stratified_group_kfold,5,grouped_kfold_feasible,25,445,9,3,unit_cv,NA,candidate_004,europe,Family
paleo,local,eu_r005_l002,pipeline_paleo_spatial_resolution,D:/GITHUB/BIODYNAMICS_vegetation_cooccurrence/Data/targets/paleo_spatial_local/eu_r005_l002/pipeline_paleo_spatial_resolution,family,Associations,0.6406025799982127,26.493127418388628,0.8267701143752383,0.8714053174172545,9,0.06471526731849558,0.6797230690414348,0.5625794209154114,spatially_stratified_group_kfold,5,grouped_kfold_feasible,25,445,9,3,unit_cv,NA,candidate_004,europe,Family
paleo,local,eu_r005_l002,pipeline_paleo_spatial_resolution,D:/GITHUB/BIODYNAMICS_vegetation_cooccurrence/Data/targets/paleo_spatial_local/eu_r005_l002/pipeline_paleo_spatial_resolution,family,Spatial,0.7094446371327707,29.340198985622912,0.8267701143752383,0.8714053174172545,9,0.06471526731849558,0.6797230690414348,0.5625794209154114,spatially_stratified_group_kfold,5,grouped_kfold_feasible,25,445,9,3,unit_cv,NA,candidate_004,europe,Family
paleo,local,eu_r005_l002,pipeline_paleo_spatial_resolution,D:/GITHUB/BIODYNAMICS_vegetation_cooccurrence/Data/targets/paleo_spatial_local/eu_r005_l002/pipeline_paleo_spatial_resolution,functional_type,Abiotic,0.9329229482362267,51.77954008676511,0.8017804513089273,0.8304571323664403,7,0.06226273629551746,0.6369730323431791,0.41300638374772486,spatially_stratified_group_kfold,5,grouped_kfold_feasible,25,445,7,3,unit_cv,NA,candidate_004,europe,Functional type
paleo,local,eu_r005_l002,pipeline_paleo_spatial_resolution,D:/GITHUB/BIODYNAMICS_vegetation_cooccurrence/Data/targets/paleo_spatial_local/eu_r005_l002/pipeline_paleo_spatial_resolution,functional_type,Associations,0.36369954340855043,20.186227729808913,0.8017804513089273,0.8304571323664403,7,0.06226273629551746,0.6369730323431791,0.41300638374772486,spatially_stratified_group_kfold,5,grouped_kfold_feasible,25,445,7,3,unit_cv,NA,candidate_004,europe,Functional type
paleo,local,eu_r005_l002,pipeline_paleo_spatial_resolution,D:/GITHUB/BIODYNAMICS_vegetation_cooccurrence/Data/targets/paleo_spatial_local/eu_r005_l002/pipeline_paleo_spatial_resolution,functional_type,Spatial,0.505098703006549,28.034232183425978,0.8017804513089273,0.8304571323664403,7,0.06226273629551746,0.6369730323431791,0.41300638374772486,spatially_stratified_group_kfold,5,grouped_kfold_feasible,25,445,7,3,unit_cv,NA,candidate_004,europe,Functional type
paleo,local,eu_r005_l002,pipeline_paleo_spatial_resolution,D:/GITHUB/BIODYNAMICS_vegetation_cooccurrence/Data/targets/paleo_spatial_local/eu_r005_l002/pipeline_paleo_spatial_resolution,genus,Abiotic,1.234024327249561,38.59772443138916,0.9107643738091697,0.9123846153846153,17,0.16523460154892508,0.7811532962252006,0.32003600797008225,spatially_stratified_group_kfold,5,grouped_kfold_feasible,25,445,16,3,unit_cv,NA,candidate_008,europe,Genus
paleo,local,eu_r005_l002,pipeline_paleo_spatial_resolution,D:/GITHUB/BIODYNAMICS_vegetation_cooccurrence/Data/targets/paleo_spatial_local/eu_r005_l002/pipeline_paleo_spatial_resolution,genus,Associations,1.1554835014486435,36.14113011316022,0.9107643738091697,0.9123846153846153,17,0.16523460154892508,0.7811532962252006,0.32003600797008225,spatially_stratified_group_kfold,5,grouped_kfold_feasible,25,445,16,3,unit_cv,NA,candidate_008,europe,Genus
paleo,local,eu_r005_l002,pipeline_paleo_spatial_resolution,D:/GITHUB/BIODYNAMICS_vegetation_cooccurrence/Data/targets/paleo_spatial_local/eu_r005_l002/pipeline_paleo_spatial_resolution,genus,Spatial,0.8076348667038196,25.261145455450606,0.9107643738091697,0.9123846153846153,17,0.16523460154892508,0.7811532962252006,0.32003600797008225,spatially_stratified_group_kfold,5,grouped_kfold_feasible,25,445,16,3,unit_cv,NA,candidate_008,europe,Genus
paleo,local,eu_r005_l003,pipeline_paleo_spatial_resolution,D:/GITHUB/BIODYNAMICS_vegetation_cooccurrence/Data/targets/paleo_spatial_local/eu_r005_l003/pipeline_paleo_spatial_resolution,family,Abiotic,0.964333704773864,41.49489386130343,0.9065772262743236,0.9227559370988447,6,0.30695436948842436,0.7701208481498224,0.4789280715845187,spatially_stratified_group_kfold,5,grouped_kfold_feasible,9,120,6,NA,unit_cv,NA,candidate_008,europe,Family
paleo,local,eu_r005_l003,pipeline_paleo_spatial_resolution,D:/GITHUB/BIODYNAMICS_vegetation_cooccurrence/Data/targets/paleo_spatial_local/eu_r005_l003/pipeline_paleo_spatial_resolution,family,Associations,0.7286120460913268,31.35188510881357,0.9065772262743236,0.9227559370988447,6,0.30695436948842436,0.7701208481498224,0.4789280715845187,spatially_stratified_group_kfold,5,grouped_kfold_feasible,9,120,6,NA,unit_cv,NA,candidate_008,europe,Family
paleo,local,eu_r005_l003,pipeline_paleo_spatial_resolution,D:/GITHUB/BIODYNAMICS_vegetation_cooccurrence/Data/targets/paleo_spatial_local/eu_r005_l003/pipeline_paleo_spatial_resolution,family,Spatial,0.6310358647937062,27.153221029882996,0.9065772262743236,0.9227559370988447,6,0.30695436948842436,0.7701208481498224,0.4789280715845187,spatially_stratified_group_kfold,5,grouped_kfold_feasible,9,120,6,NA,unit_cv,NA,candidate_008,europe,Family
paleo,local,eu_r005_l003,pipeline_paleo_spatial_resolution,D:/GITHUB/BIODYNAMICS_vegetation_cooccurrence/Data/targets/paleo_spatial_local/eu_r005_l003/pipeline_paleo_spatial_resolution,functional_type,Abiotic,1.0243201671505606,52.645508150798726,0.8002998191715688,0.9367361610352265,5,0.21421909836547995,0.7694808959346748,0.40821530360805836,spatially_stratified_group_kfold,5,grouped_kfold_feasible,9,120,5,NA,unit_cv,NA,candidate_008,europe,Functional type
paleo,local,eu_r005_l003,pipeline_paleo_spatial_resolution,D:/GITHUB/BIODYNAMICS_vegetation_cooccurrence/Data/targets/paleo_spatial_local/eu_r005_l003/pipeline_paleo_spatial_resolution,functional_type,Associations,0.28085873050424115,14.434891609246902,0.8002998191715688,0.9367361610352265,5,0.21421909836547995,0.7694808959346748,0.40821530360805836,spatially_stratified_group_kfold,5,grouped_kfold_feasible,9,120,5,NA,unit_cv,NA,candidate_008,europe,Functional type
paleo,local,eu_r005_l003,pipeline_paleo_spatial_resolution,D:/GITHUB/BIODYNAMICS_vegetation_cooccurrence/Data/targets/paleo_spatial_local/eu_r005_l003/pipeline_paleo_spatial_resolution,functional_type,Spatial,0.6405144827120088,32.91960023995436,0.8002998191715688,0.9367361610352265,5,0.21421909836547995,0.7694808959346748,0.40821530360805836,spatially_stratified_group_kfold,5,grouped_kfold_feasible,9,120,5,NA,unit_cv,NA,candidate_008,europe,Functional type
paleo,local,eu_r005_l003,pipeline_paleo_spatial_resolution,D:/GITHUB/BIODYNAMICS_vegetation_cooccurrence/Data/targets/paleo_spatial_local/eu_r005_l003/pipeline_paleo_spatial_resolution,genus,Abiotic,1.1061717529301096,39.25651260330456,0.9227821072137959,0.9242068155111633,9,0.30953202068564717,0.7944729868602465,0.43594221731610333,spatially_stratified_group_kfold,5,grouped_kfold_feasible,9,120,9,NA,unit_cv,NA,candidate_008,europe,Genus
paleo,local,eu_r005_l003,pipeline_paleo_spatial_resolution,D:/GITHUB/BIODYNAMICS_vegetation_cooccurrence/Data/targets/paleo_spatial_local/eu_r005_l003/pipeline_paleo_spatial_resolution,genus,Associations,0.9328020066050156,33.10385899086615,0.9227821072137959,0.9242068155111633,9,0.30953202068564717,0.7944729868602465,0.43594221731610333,spatially_stratified_group_kfold,5,grouped_kfold_feasible,9,120,9,NA,unit_cv,NA,candidate_008,europe,Genus
paleo,local,eu_r005_l003,pipeline_paleo_spatial_resolution,D:/GITHUB/BIODYNAMICS_vegetation_cooccurrence/Data/targets/paleo_spatial_local/eu_r005_l003/pipeline_paleo_spatial_resolution,genus,Spatial,0.7788306748735331,27.6396284058293,0.9227821072137959,0.9242068155111633,9,0.30953202068564717,0.7944729868602465,0.43594221731610333,spatially_stratified_group_kfold,5,grouped_kfold_feasible,9,120,9,NA,unit_cv,NA,candidate_008,europe,Genus
paleo,local,eu_r005_l005,pipeline_paleo_spatial_resolution,D:/GITHUB/BIODYNAMICS_vegetation_cooccurrence/Data/targets/paleo_spatial_local/eu_r005_l005/pipeline_paleo_spatial_resolution,family,Abiotic,1.1065069806486552,48.211202135643,0.7926455176916393,0.8020370242621209,12,0.03570074858891784,0.5078271816307931,0.5384697048843263,spatially_stratified_group_kfold,5,grouped_kfold_feasible,17,356,11,3,unit_cv,NA,candidate_004,europe,Family
paleo,local,eu_r005_l005,pipeline_paleo_spatial_resolution,D:/GITHUB/BIODYNAMICS_vegetation_cooccurrence/Data/targets/paleo_spatial_local/eu_r005_l005/pipeline_paleo_spatial_resolution,family,Associations,0.5829609452895463,25.39997348599104,0.7926455176916393,0.8020370242621209,12,0.03570074858891784,0.5078271816307931,0.5384697048843263,spatially_stratified_group_kfold,5,grouped_kfold_feasible,17,356,11,3,unit_cv,NA,candidate_004,europe,Family
paleo,local,eu_r005_l005,pipeline_paleo_spatial_resolution,D:/GITHUB/BIODYNAMICS_vegetation_cooccurrence/Data/targets/paleo_spatial_local/eu_r005_l005/pipeline_paleo_spatial_resolution,family,Spatial,0.6056563016956162,26.388824378365953,0.7926455176916393,0.8020370242621209,12,0.03570074858891784,0.5078271816307931,0.5384697048843263,spatially_stratified_group_kfold,5,grouped_kfold_feasible,17,356,11,3,unit_cv,NA,candidate_004,europe,Family
paleo,local,eu_r005_l005,pipeline_paleo_spatial_resolution,D:/GITHUB/BIODYNAMICS_vegetation_cooccurrence/Data/targets/paleo_spatial_local/eu_r005_l005/pipeline_paleo_spatial_resolution,functional_type,Abiotic,1.011322842725173,52.761029997847885,0.8425287744618738,0.8567173704925009,7,0.05697605668586016,0.5806374107668368,0.4821946596551119,spatially_stratified_group_kfold,5,grouped_kfold_feasible,17,356,7,3,unit_cv,NA,candidate_004,europe,Functional type
paleo,local,eu_r005_l005,pipeline_paleo_spatial_resolution,D:/GITHUB/BIODYNAMICS_vegetation_cooccurrence/Data/targets/paleo_spatial_local/eu_r005_l005/pipeline_paleo_spatial_resolution,functional_type,Associations,0.4263309818354969,22.241821079628522,0.8425287744618738,0.8567173704925009,7,0.05697605668586016,0.5806374107668368,0.4821946596551119,spatially_stratified_group_kfold,5,grouped_kfold_feasible,17,356,7,3,unit_cv,NA,candidate_004,europe,Functional type
paleo,local,eu_r005_l005,pipeline_paleo_spatial_resolution,D:/GITHUB/BIODYNAMICS_vegetation_cooccurrence/Data/targets/paleo_spatial_local/eu_r005_l005/pipeline_paleo_spatial_resolution,functional_type,Spatial,0.4791450756246084,24.997148922523593,0.8425287744618738,0.8567173704925009,7,0.05697605668586016,0.5806374107668368,0.4821946596551119,spatially_stratified_group_kfold,5,grouped_kfold_feasible,17,356,7,3,unit_cv,NA,candidate_004,europe,Functional type
paleo,local,eu_r005_l005,pipeline_paleo_spatial_resolution,D:/GITHUB/BIODYNAMICS_vegetation_cooccurrence/Data/targets/paleo_spatial_local/eu_r005_l005/pipeline_paleo_spatial_resolution,genus,Abiotic,1.183967263167552,35.9356589248132,0.8450367033356474,0.845981040564374,20,0.06593038502660309,0.5612753635494367,0.38206031904000276,spatially_stratified_group_kfold,5,grouped_kfold_feasible,17,356,18,3,unit_cv,NA,candidate_008,europe,Genus
paleo,local,eu_r005_l005,pipeline_paleo_spatial_resolution,D:/GITHUB/BIODYNAMICS_vegetation_cooccurrence/Data/targets/paleo_spatial_local/eu_r005_l005/pipeline_paleo_spatial_resolution,genus,Associations,1.3242542047336778,40.1936344960618,0.8450367033356474,0.845981040564374,20,0.06593038502660309,0.5612753635494367,0.38206031904000276,spatially_stratified_group_kfold,5,grouped_kfold_feasible,17,356,18,3,unit_cv,NA,candidate_008,europe,Genus
paleo,local,eu_r005_l005,pipeline_paleo_spatial_resolution,D:/GITHUB/BIODYNAMICS_vegetation_cooccurrence/Data/targets/paleo_spatial_local/eu_r005_l005/pipeline_paleo_spatial_resolution,genus,Spatial,0.7864649204706138,23.87070657912501,0.8450367033356474,0.845981040564374,20,0.06593038502660309,0.5612753635494367,0.38206031904000276,spatially_stratified_group_kfold,5,grouped_kfold_feasible,17,356,18,3,unit_cv,NA,candidate_008,europe,Genus
paleo,local,eu_r005_l006,pipeline_paleo_spatial_resolution,D:/GITHUB/BIODYNAMICS_vegetation_cooccurrence/Data/targets/paleo_spatial_local/eu_r005_l006/pipeline_paleo_spatial_resolution,family,Abiotic,1.0623452153298678,43.93217545123415,0.7069170695500548,0.7570729053318824,17,0.029873345401967812,0.5966046957096749,0.35929711330662845,spatially_stratified_group_kfold,5,grouped_kfold_feasible,102,1840,17,3,unit_cv,NA,candidate_004,europe,Family
paleo,local,eu_r005_l006,pipeline_paleo_spatial_resolution,D:/GITHUB/BIODYNAMICS_vegetation_cooccurrence/Data/targets/paleo_spatial_local/eu_r005_l006/pipeline_paleo_spatial_resolution,family,Associations,0.8455486744201519,34.96678121306374,0.7069170695500548,0.7570729053318824,17,0.029873345401967812,0.5966046957096749,0.35929711330662845,spatially_stratified_group_kfold,5,grouped_kfold_feasible,102,1840,17,3,unit_cv,NA,candidate_004,europe,Family
paleo,local,eu_r005_l006,pipeline_paleo_spatial_resolution,D:/GITHUB/BIODYNAMICS_vegetation_cooccurrence/Data/targets/paleo_spatial_local/eu_r005_l006/pipeline_paleo_spatial_resolution,family,Spatial,0.5102545502449412,21.10104333570211,0.7069170695500548,0.7570729053318824,17,0.029873345401967812,0.5966046957096749,0.35929711330662845,spatially_stratified_group_kfold,5,grouped_kfold_feasible,102,1840,17,3,unit_cv,NA,candidate_004,europe,Family
paleo,local,eu_r005_l006,pipeline_paleo_spatial_resolution,D:/GITHUB/BIODYNAMICS_vegetation_cooccurrence/Data/targets/paleo_spatial_local/eu_r005_l006/pipeline_paleo_spatial_resolution,functional_type,Abiotic,0.7327467066135089,45.28152652334153,0.6911847903941355,0.7573062946538557,9,0.001961111484605299,0.5425724020864043,0.6629920311673893,spatially_stratified_group_kfold,5,grouped_kfold_feasible,102,1840,9,3,unit_cv,NA,candidate_004,europe,Functional type
paleo,local,eu_r005_l006,pipeline_paleo_spatial_resolution,D:/GITHUB/BIODYNAMICS_vegetation_cooccurrence/Data/targets/paleo_spatial_local/eu_r005_l006/pipeline_paleo_spatial_resolution,functional_type,Associations,0.46522206162475266,28.749313961524525,0.6911847903941355,0.7573062946538557,9,0.001961111484605299,0.5425724020864043,0.6629920311673893,spatially_stratified_group_kfold,5,grouped_kfold_feasible,102,1840,9,3,unit_cv,NA,candidate_004,europe,Functional type
paleo,local,eu_r005_l006,pipeline_paleo_spatial_resolution,D:/GITHUB/BIODYNAMICS_vegetation_cooccurrence/Data/targets/paleo_spatial_local/eu_r005_l006/pipeline_paleo_spatial_resolution,functional_type,Spatial,0.42023353824934256,25.969159515133946,0.6911847903941355,0.7573062946538557,9,0.001961111484605299,0.5425724020864043,0.6629920311673893,spatially_stratified_group_kfold,5,grouped_kfold_feasible,102,1840,9,3,unit_cv,NA,candidate_004,europe,Functional type
paleo,local,eu_r005_l006,pipeline_paleo_spatial_resolution,D:/GITHUB/BIODYNAMICS_vegetation_cooccurrence/Data/targets/paleo_spatial_local/eu_r005_l006/pipeline_paleo_spatial_resolution,genus,Abiotic,1.2413184906116583,39.06655911093297,0.7043428082065811,0.7452087890784487,28,0.023151081121935726,0.5602171401149034,0.44753130152294723,spatially_stratified_group_kfold,5,grouped_kfold_feasible,102,1840,27,3,unit_cv,NA,candidate_004,europe,Genus
paleo,local,eu_r005_l006,pipeline_paleo_spatial_resolution,D:/GITHUB/BIODYNAMICS_vegetation_cooccurrence/Data/targets/paleo_spatial_local/eu_r005_l006/pipeline_paleo_spatial_resolution,genus,Associations,1.2452533052648687,39.19039491165842,0.7043428082065811,0.7452087890784487,28,0.023151081121935726,0.5602171401149034,0.44753130152294723,spatially_stratified_group_kfold,5,grouped_kfold_feasible,102,1840,27,3,unit_cv,NA,candidate_004,europe,Genus
paleo,local,eu_r005_l006,pipeline_paleo_spatial_resolution,D:/GITHUB/BIODYNAMICS_vegetation_cooccurrence/Data/targets/paleo_spatial_local/eu_r005_l006/pipeline_paleo_spatial_resolution,genus,Spatial,0.690873361468465,21.743045977408613,0.7043428082065811,0.7452087890784487,28,0.023151081121935726,0.5602171401149034,0.44753130152294723,spatially_stratified_group_kfold,5,grouped_kfold_feasible,102,1840,27,3,unit_cv,NA,candidate_004,europe,Genus
paleo,local,eu_r005_l007,pipeline_paleo_spatial_resolution,D:/GITHUB/BIODYNAMICS_vegetation_cooccurrence/Data/targets/paleo_spatial_local/eu_r005_l007/pipeline_paleo_spatial_resolution,family,Abiotic,1.0008089046749622,47.48374092624717,0.8387408291908343,0.8115171456980232,10,0.12413548986896343,0.659631369569963,0.3655805306583779,spatially_stratified_group_kfold,5,grouped_kfold_feasible,23,296,8,3,unit_cv,NA,candidate_008,europe,Family
paleo,local,eu_r005_l007,pipeline_paleo_spatial_resolution,D:/GITHUB/BIODYNAMICS_vegetation_cooccurrence/Data/targets/paleo_spatial_local/eu_r005_l007/pipeline_paleo_spatial_resolution,family,Associations,0.574843767903768,27.273670748438487,0.8387408291908343,0.8115171456980232,10,0.12413548986896343,0.659631369569963,0.3655805306583779,spatially_stratified_group_kfold,5,grouped_kfold_feasible,23,296,8,3,unit_cv,NA,candidate_008,europe,Family
paleo,local,eu_r005_l007,pipeline_paleo_spatial_resolution,D:/GITHUB/BIODYNAMICS_vegetation_cooccurrence/Data/targets/paleo_spatial_local/eu_r005_l007/pipeline_paleo_spatial_resolution,family,Spatial,0.5320348961607281,25.242588325314337,0.8387408291908343,0.8115171456980232,10,0.12413548986896343,0.659631369569963,0.3655805306583779,spatially_stratified_group_kfold,5,grouped_kfold_feasible,23,296,8,3,unit_cv,NA,candidate_008,europe,Family
paleo,local,eu_r005_l007,pipeline_paleo_spatial_resolution,D:/GITHUB/BIODYNAMICS_vegetation_cooccurrence/Data/targets/paleo_spatial_local/eu_r005_l007/pipeline_paleo_spatial_resolution,functional_type,Abiotic,0.7716590650620019,51.01630281886538,0.8966473373847714,0.922594246031746,6,0.16633069673440481,0.7567108528995906,0.27824347760425455,spatially_stratified_group_kfold,5,grouped_kfold_feasible,23,296,5,3,unit_cv,NA,candidate_004,europe,Functional type
paleo,local,eu_r005_l007,pipeline_paleo_spatial_resolution,D:/GITHUB/BIODYNAMICS_vegetation_cooccurrence/Data/targets/paleo_spatial_local/eu_r005_l007/pipeline_paleo_spatial_resolution,functional_type,Associations,0.20082650571514477,13.277140506079865,0.8966473373847714,0.922594246031746,6,0.16633069673440481,0.7567108528995906,0.27824347760425455,spatially_stratified_group_kfold,5,grouped_kfold_feasible,23,296,5,3,unit_cv,NA,candidate_004,europe,Functional type
paleo,local,eu_r005_l007,pipeline_paleo_spatial_resolution,D:/GITHUB/BIODYNAMICS_vegetation_cooccurrence/Data/targets/paleo_spatial_local/eu_r005_l007/pipeline_paleo_spatial_resolution,functional_type,Spatial,0.5400879055913707,35.70655667505476,0.8966473373847714,0.922594246031746,6,0.16633069673440481,0.7567108528995906,0.27824347760425455,spatially_stratified_group_kfold,5,grouped_kfold_feasible,23,296,5,3,unit_cv,NA,candidate_004,europe,Functional type
paleo,local,eu_r005_l007,pipeline_paleo_spatial_resolution,D:/GITHUB/BIODYNAMICS_vegetation_cooccurrence/Data/targets/paleo_spatial_local/eu_r005_l007/pipeline_paleo_spatial_resolution,genus,Abiotic,1.1954147011858283,40.68758888858032,0.7804985174892574,0.7484722107095491,16,0.08905627071801124,0.5769798280833662,0.501765265573493,spatially_stratified_group_kfold,5,grouped_kfold_feasible,23,296,13,3,unit_cv,NA,candidate_004,europe,Genus
paleo,local,eu_r005_l007,pipeline_paleo_spatial_resolution,D:/GITHUB/BIODYNAMICS_vegetation_cooccurrence/Data/targets/paleo_spatial_local/eu_r005_l007/pipeline_paleo_spatial_resolution,genus,Associations,1.040083159191929,35.40066551729533,0.7804985174892574,0.7484722107095491,16,0.08905627071801124,0.5769798280833662,0.501765265573493,spatially_stratified_group_kfold,5,grouped_kfold_feasible,23,296,13,3,unit_cv,NA,candidate_004,europe,Genus
paleo,local,eu_r005_l007,pipeline_paleo_spatial_resolution,D:/GITHUB/BIODYNAMICS_vegetation_cooccurrence/Data/targets/paleo_spatial_local/eu_r005_l007/pipeline_paleo_spatial_resolution,genus,Spatial,0.7025349251465334,23.911745594124344,0.7804985174892574,0.7484722107095491,16,0.08905627071801124,0.5769798280833662,0.501765265573493,spatially_stratified_group_kfold,5,grouped_kfold_feasible,23,296,13,3,unit_cv,NA,candidate_004,europe,Genus
paleo,local,eu_r005_l008,pipeline_paleo_spatial_resolution,D:/GITHUB/BIODYNAMICS_vegetation_cooccurrence/Data/targets/paleo_spatial_local/eu_r005_l008/pipeline_paleo_spatial_resolution,family,Abiotic,1.1100653846335033,44.43506997470312,0.9137180073422267,0.9080269675651756,8,0.16194400788758592,0.809437525897667,0.39083881928718833,spatially_stratified_group_kfold,5,grouped_kfold_feasible,14,299,8,NA,unit_cv,NA,candidate_008,europe,Family
paleo,local,eu_r005_l008,pipeline_paleo_spatial_resolution,D:/GITHUB/BIODYNAMICS_vegetation_cooccurrence/Data/targets/paleo_spatial_local/eu_r005_l008/pipeline_paleo_spatial_resolution,family,Associations,0.4922931618944045,19.70611947697832,0.9137180073422267,0.9080269675651756,8,0.16194400788758592,0.809437525897667,0.39083881928718833,spatially_stratified_group_kfold,5,grouped_kfold_feasible,14,299,8,NA,unit_cv,NA,candidate_008,europe,Family
paleo,local,eu_r005_l008,pipeline_paleo_spatial_resolution,D:/GITHUB/BIODYNAMICS_vegetation_cooccurrence/Data/targets/paleo_spatial_local/eu_r005_l008/pipeline_paleo_spatial_resolution,family,Spatial,0.8958154976796597,35.858810548318566,0.9137180073422267,0.9080269675651756,8,0.16194400788758592,0.809437525897667,0.39083881928718833,spatially_stratified_group_kfold,5,grouped_kfold_feasible,14,299,8,NA,unit_cv,NA,candidate_008,europe,Family
paleo,local,eu_r005_l008,pipeline_paleo_spatial_resolution,D:/GITHUB/BIODYNAMICS_vegetation_cooccurrence/Data/targets/paleo_spatial_local/eu_r005_l008/pipeline_paleo_spatial_resolution,functional_type,Abiotic,0.5154313531596596,42.332369553181785,0.6549464363399382,0.78398563055398,5,0.0018679661559916883,0.44020565160639735,0.43892758963716144,spatially_stratified_group_kfold,5,grouped_kfold_feasible,14,299,5,NA,unit_cv,NA,candidate_004,europe,Functional type
paleo,local,eu_r005_l008,pipeline_paleo_spatial_resolution,D:/GITHUB/BIODYNAMICS_vegetation_cooccurrence/Data/targets/paleo_spatial_local/eu_r005_l008/pipeline_paleo_spatial_resolution,functional_type,Associations,0.2918198396091993,23.967159191148923,0.6549464363399382,0.78398563055398,5,0.0018679661559916883,0.44020565160639735,0.43892758963716144,spatially_stratified_group_kfold,5,grouped_kfold_feasible,14,299,5,NA,unit_cv,NA,candidate_004,europe,Functional type
paleo,local,eu_r005_l008,pipeline_paleo_spatial_resolution,D:/GITHUB/BIODYNAMICS_vegetation_cooccurrence/Data/targets/paleo_spatial_local/eu_r005_l008/pipeline_paleo_spatial_resolution,functional_type,Spatial,0.4103309048080973,33.70047125566929,0.6549464363399382,0.78398563055398,5,0.0018679661559916883,0.44020565160639735,0.43892758963716144,spatially_stratified_group_kfold,5,grouped_kfold_feasible,14,299,5,NA,unit_cv,NA,candidate_004,europe,Functional type
paleo,local,eu_r005_l008,pipeline_paleo_spatial_resolution,D:/GITHUB/BIODYNAMICS_vegetation_cooccurrence/Data/targets/paleo_spatial_local/eu_r005_l008/pipeline_paleo_spatial_resolution,genus,Abiotic,1.2708385918742184,42.945160662602476,0.7840722334003178,0.8694696312428005,12,0.0667469517200687,0.6459929306796237,0.5020032851285446,spatially_stratified_group_kfold,5,grouped_kfold_feasible,14,299,12,NA,unit_cv,NA,candidate_004,europe,Genus
paleo,local,eu_r005_l008,pipeline_paleo_spatial_resolution,D:/GITHUB/BIODYNAMICS_vegetation_cooccurrence/Data/targets/paleo_spatial_local/eu_r005_l008/pipeline_paleo_spatial_resolution,genus,Associations,0.9176480879506645,31.009873968850737,0.7840722334003178,0.8694696312428005,12,0.0667469517200687,0.6459929306796237,0.5020032851285446,spatially_stratified_group_kfold,5,grouped_kfold_feasible,14,299,12,NA,unit_cv,NA,candidate_004,europe,Genus
paleo,local,eu_r005_l008,pipeline_paleo_spatial_resolution,D:/GITHUB/BIODYNAMICS_vegetation_cooccurrence/Data/targets/paleo_spatial_local/eu_r005_l008/pipeline_paleo_spatial_resolution,genus,Spatial,0.7707258886377861,26.04496536854679,0.7840722334003178,0.8694696312428005,12,0.0667469517200687,0.6459929306796237,0.5020032851285446,spatially_stratified_group_kfold,5,grouped_kfold_feasible,14,299,12,NA,unit_cv,NA,candidate_004,europe,Genus
paleo,local,eu_r005_l009,pipeline_paleo_spatial_resolution,D:/GITHUB/BIODYNAMICS_vegetation_cooccurrence/Data/targets/paleo_spatial_local/eu_r005_l009/pipeline_paleo_spatial_resolution,family,Abiotic,1.210169261696481,49.63189908444428,0.755233957818264,0.795747189902552,12,0.05972133103314056,0.6008012483331981,0.5307433611607281,spatially_stratified_group_kfold,5,grouped_kfold_feasible,14,246,10,3,unit_cv,NA,candidate_004,europe,Family
paleo,local,eu_r005_l009,pipeline_paleo_spatial_resolution,D:/GITHUB/BIODYNAMICS_vegetation_cooccurrence/Data/targets/paleo_spatial_local/eu_r005_l009/pipeline_paleo_spatial_resolution,family,Associations,0.6156232727577515,25.248164132606547,0.755233957818264,0.795747189902552,12,0.05972133103314056,0.6008012483331981,0.5307433611607281,spatially_stratified_group_kfold,5,grouped_kfold_feasible,14,246,10,3,unit_cv,NA,candidate_004,europe,Family
paleo,local,eu_r005_l009,pipeline_paleo_spatial_resolution,D:/GITHUB/BIODYNAMICS_vegetation_cooccurrence/Data/targets/paleo_spatial_local/eu_r005_l009/pipeline_paleo_spatial_resolution,family,Spatial,0.6124967190709758,25.119936782949182,0.755233957818264,0.795747189902552,12,0.05972133103314056,0.6008012483331981,0.5307433611607281,spatially_stratified_group_kfold,5,grouped_kfold_feasible,14,246,10,3,unit_cv,NA,candidate_004,europe,Family
paleo,local,eu_r005_l009,pipeline_paleo_spatial_resolution,D:/GITHUB/BIODYNAMICS_vegetation_cooccurrence/Data/targets/paleo_spatial_local/eu_r005_l009/pipeline_paleo_spatial_resolution,functional_type,Abiotic,0.7908852784877942,34.68272853038777,0.8201388592749763,0.8491723866383716,10,0.023797803042134733,0.5071247788276343,0.5493127634584856,spatially_stratified_group_kfold,5,grouped_kfold_feasible,14,246,10,3,unit_cv,NA,candidate_004,europe,Functional type
paleo,local,eu_r005_l009,pipeline_paleo_spatial_resolution,D:/GITHUB/BIODYNAMICS_vegetation_cooccurrence/Data/targets/paleo_spatial_local/eu_r005_l009/pipeline_paleo_spatial_resolution,functional_type,Associations,0.5938286798726208,26.041196438705118,0.8201388592749763,0.8491723866383716,10,0.023797803042134733,0.5071247788276343,0.5493127634584856,spatially_stratified_group_kfold,5,grouped_kfold_feasible,14,246,10,3,unit_cv,NA,candidate_004,europe,Functional type
paleo,local,eu_r005_l009,pipeline_paleo_spatial_resolution,D:/GITHUB/BIODYNAMICS_vegetation_cooccurrence/Data/targets/paleo_spatial_local/eu_r005_l009/pipeline_paleo_spatial_resolution,functional_type,Spatial,0.895629347947936,39.27607503090712,0.8201388592749763,0.8491723866383716,10,0.023797803042134733,0.5071247788276343,0.5493127634584856,spatially_stratified_group_kfold,5,grouped_kfold_feasible,14,246,10,3,unit_cv,NA,candidate_004,europe,Functional type
paleo,local,eu_r005_l009,pipeline_paleo_spatial_resolution,D:/GITHUB/BIODYNAMICS_vegetation_cooccurrence/Data/targets/paleo_spatial_local/eu_r005_l009/pipeline_paleo_spatial_resolution,genus,Abiotic,1.4579902497041306,36.341010072614324,0.7717177973860283,0.8449950288687043,22,0.026069982039203618,0.5201726320135113,0.7401869095978948,spatially_stratified_group_kfold,5,grouped_kfold_feasible,14,246,20,3,unit_cv,NA,candidate_004,europe,Genus
paleo,local,eu_r005_l009,pipeline_paleo_spatial_resolution,D:/GITHUB/BIODYNAMICS_vegetation_cooccurrence/Data/targets/paleo_spatial_local/eu_r005_l009/pipeline_paleo_spatial_resolution,genus,Associations,1.419495630793365,35.381515772936076,0.7717177973860283,0.8449950288687043,22,0.026069982039203618,0.5201726320135113,0.7401869095978948,spatially_stratified_group_kfold,5,grouped_kfold_feasible,14,246,20,3,unit_cv,NA,candidate_004,europe,Genus
paleo,local,eu_r005_l009,pipeline_paleo_spatial_resolution,D:/GITHUB/BIODYNAMICS_vegetation_cooccurrence/Data/targets/paleo_spatial_local/eu_r005_l009/pipeline_paleo_spatial_resolution,genus,Spatial,1.1344836459159577,28.277474154449582,0.7717177973860283,0.8449950288687043,22,0.026069982039203618,0.5201726320135113,0.7401869095978948,spatially_stratified_group_kfold,5,grouped_kfold_feasible,14,246,20,3,unit_cv,NA,candidate_004,europe,Genus
paleo,local,eu_r005_l010,pipeline_paleo_spatial_resolution,D:/GITHUB/BIODYNAMICS_vegetation_cooccurrence/Data/targets/paleo_spatial_local/eu_r005_l010/pipeline_paleo_spatial_resolution,family,Abiotic,1.0445431061308779,47.62778409876937,0.8293233380225732,0.8840821289272827,10,0.11848587796891731,0.6045951660304912,0.26487972520409525,spatially_stratified_group_kfold,5,grouped_kfold_feasible,41,878,8,3,unit_cv,NA,candidate_008,europe,Family
paleo,local,eu_r005_l010,pipeline_paleo_spatial_resolution,D:/GITHUB/BIODYNAMICS_vegetation_cooccurrence/Data/targets/paleo_spatial_local/eu_r005_l010/pipeline_paleo_spatial_resolution,family,Associations,0.489601805840116,22.324257338977542,0.8293233380225732,0.8840821289272827,10,0.11848587796891731,0.6045951660304912,0.26487972520409525,spatially_stratified_group_kfold,5,grouped_kfold_feasible,41,878,8,3,unit_cv,NA,candidate_008,europe,Family
paleo,local,eu_r005_l010,pipeline_paleo_spatial_resolution,D:/GITHUB/BIODYNAMICS_vegetation_cooccurrence/Data/targets/paleo_spatial_local/eu_r005_l010/pipeline_paleo_spatial_resolution,family,Spatial,0.6589932444562066,30.04795856225309,0.8293233380225732,0.8840821289272827,10,0.11848587796891731,0.6045951660304912,0.26487972520409525,spatially_stratified_group_kfold,5,grouped_kfold_feasible,41,878,8,3,unit_cv,NA,candidate_008,europe,Family
paleo,local,eu_r005_l010,pipeline_paleo_spatial_resolution,D:/GITHUB/BIODYNAMICS_vegetation_cooccurrence/Data/targets/paleo_spatial_local/eu_r005_l010/pipeline_paleo_spatial_resolution,functional_type,Abiotic,0.9377518677893424,56.01332955745444,0.6333167439195051,0.7888698919284025,7,0.10735553186909498,0.6184786509237058,0.2660544950544187,spatially_stratified_group_kfold,5,grouped_kfold_feasible,41,878,6,3,unit_cv,NA,candidate_004,europe,Functional type
paleo,local,eu_r005_l010,pipeline_paleo_spatial_resolution,D:/GITHUB/BIODYNAMICS_vegetation_cooccurrence/Data/targets/paleo_spatial_local/eu_r005_l010/pipeline_paleo_spatial_resolution,functional_type,Associations,0.2875474632622817,17.175642487484104,0.6333167439195051,0.7888698919284025,7,0.10735553186909498,0.6184786509237058,0.2660544950544187,spatially_stratified_group_kfold,5,grouped_kfold_feasible,41,878,6,3,unit_cv,NA,candidate_004,europe,Functional type
paleo,local,eu_r005_l010,pipeline_paleo_spatial_resolution,D:/GITHUB/BIODYNAMICS_vegetation_cooccurrence/Data/targets/paleo_spatial_local/eu_r005_l010/pipeline_paleo_spatial_resolution,functional_type,Spatial,0.4488590794521901,26.81102795506145,0.6333167439195051,0.7888698919284025,7,0.10735553186909498,0.6184786509237058,0.2660544950544187,spatially_stratified_group_kfold,5,grouped_kfold_feasible,41,878,6,3,unit_cv,NA,candidate_004,europe,Functional type
paleo,local,eu_r005_l010,pipeline_paleo_spatial_resolution,D:/GITHUB/BIODYNAMICS_vegetation_cooccurrence/Data/targets/paleo_spatial_local/eu_r005_l010/pipeline_paleo_spatial_resolution,genus,Abiotic,1.242391038635678,43.620718376964234,0.8224071114337681,0.884093980318906,20,0.1415643441907149,0.661003957316404,0.29648680170369807,spatially_stratified_group_kfold,5,grouped_kfold_feasible,41,878,17,3,unit_cv,NA,candidate_008,europe,Genus
paleo,local,eu_r005_l010,pipeline_paleo_spatial_resolution,D:/GITHUB/BIODYNAMICS_vegetation_cooccurrence/Data/targets/paleo_spatial_local/eu_r005_l010/pipeline_paleo_spatial_resolution,genus,Associations,0.9520063767004747,33.42522664742359,0.8224071114337681,0.884093980318906,20,0.1415643441907149,0.661003957316404,0.29648680170369807,spatially_stratified_group_kfold,5,grouped_kfold_feasible,41,878,17,3,unit_cv,NA,candidate_008,europe,Genus
paleo,local,eu_r005_l010,pipeline_paleo_spatial_resolution,D:/GITHUB/BIODYNAMICS_vegetation_cooccurrence/Data/targets/paleo_spatial_local/eu_r005_l010/pipeline_paleo_spatial_resolution,genus,Spatial,0.6537698887854939,22.954054975612173,0.8224071114337681,0.884093980318906,20,0.1415643441907149,0.661003957316404,0.29648680170369807,spatially_stratified_group_kfold,5,grouped_kfold_feasible,41,878,17,3,unit_cv,NA,candidate_008,europe,Genus
paleo,local,eu_r005_l011,pipeline_paleo_spatial_resolution,D:/GITHUB/BIODYNAMICS_vegetation_cooccurrence/Data/targets/paleo_spatial_local/eu_r005_l011/pipeline_paleo_spatial_resolution,family,Abiotic,1.1031028100983906,50.965301235002194,0.8527653739221468,0.8385357957351687,8,0.17629161009681954,0.7855895014022283,0.4148699514604139,spatially_stratified_group_kfold,5,grouped_kfold_feasible,27,495,8,3,unit_cv,NA,candidate_008,europe,Family
paleo,local,eu_r005_l011,pipeline_paleo_spatial_resolution,D:/GITHUB/BIODYNAMICS_vegetation_cooccurrence/Data/targets/paleo_spatial_local/eu_r005_l011/pipeline_paleo_spatial_resolution,family,Associations,0.5184545611810818,23.95351788188982,0.8527653739221468,0.8385357957351687,8,0.17629161009681954,0.7855895014022283,0.4148699514604139,spatially_stratified_group_kfold,5,grouped_kfold_feasible,27,495,8,3,unit_cv,NA,candidate_008,europe,Family
paleo,local,eu_r005_l011,pipeline_paleo_spatial_resolution,D:/GITHUB/BIODYNAMICS_vegetation_cooccurrence/Data/targets/paleo_spatial_local/eu_r005_l011/pipeline_paleo_spatial_resolution,family,Spatial,0.5428619166826603,25.08118088310798,0.8527653739221468,0.8385357957351687,8,0.17629161009681954,0.7855895014022283,0.4148699514604139,spatially_stratified_group_kfold,5,grouped_kfold_feasible,27,495,8,3,unit_cv,NA,candidate_008,europe,Family
paleo,local,eu_r005_l011,pipeline_paleo_spatial_resolution,D:/GITHUB/BIODYNAMICS_vegetation_cooccurrence/Data/targets/paleo_spatial_local/eu_r005_l011/pipeline_paleo_spatial_resolution,functional_type,Abiotic,0.9401975381581453,54.56652641512212,0.8316813716059521,0.9347894903450459,7,0.1613373976193777,0.6476973293921438,0.2524645392917897,spatially_stratified_group_kfold,5,grouped_kfold_feasible,27,495,7,3,unit_cv,NA,candidate_004,europe,Functional type
paleo,local,eu_r005_l011,pipeline_paleo_spatial_resolution,D:/GITHUB/BIODYNAMICS_vegetation_cooccurrence/Data/targets/paleo_spatial_local/eu_r005_l011/pipeline_paleo_spatial_resolution,functional_type,Associations,0.3149644556228328,18.279686544634433,0.8316813716059521,0.9347894903450459,7,0.1613373976193777,0.6476973293921438,0.2524645392917897,spatially_stratified_group_kfold,5,grouped_kfold_feasible,27,495,7,3,unit_cv,NA,candidate_004,europe,Functional type
paleo,local,eu_r005_l011,pipeline_paleo_spatial_resolution,D:/GITHUB/BIODYNAMICS_vegetation_cooccurrence/Data/targets/paleo_spatial_local/eu_r005_l011/pipeline_paleo_spatial_resolution,functional_type,Spatial,0.46786785606775,27.153787040243444,0.8316813716059521,0.9347894903450459,7,0.1613373976193777,0.6476973293921438,0.2524645392917897,spatially_stratified_group_kfold,5,grouped_kfold_feasible,27,495,7,3,unit_cv,NA,candidate_004,europe,Functional type
paleo,local,eu_r005_l011,pipeline_paleo_spatial_resolution,D:/GITHUB/BIODYNAMICS_vegetation_cooccurrence/Data/targets/paleo_spatial_local/eu_r005_l011/pipeline_paleo_spatial_resolution,genus,Abiotic,1.023034701145385,36.79678803657808,0.881846094478712,0.8871601042312576,16,0.18411838759137114,0.6888923727581403,0.31240707354796393,spatially_stratified_group_kfold,5,grouped_kfold_feasible,27,495,16,3,unit_cv,NA,candidate_008,europe,Genus
paleo,local,eu_r005_l011,pipeline_paleo_spatial_resolution,D:/GITHUB/BIODYNAMICS_vegetation_cooccurrence/Data/targets/paleo_spatial_local/eu_r005_l011/pipeline_paleo_spatial_resolution,genus,Associations,1.1381969619582981,40.93897529200694,0.881846094478712,0.8871601042312576,16,0.18411838759137114,0.6888923727581403,0.31240707354796393,spatially_stratified_group_kfold,5,grouped_kfold_feasible,27,495,16,3,unit_cv,NA,candidate_008,europe,Genus
paleo,local,eu_r005_l011,pipeline_paleo_spatial_resolution,D:/GITHUB/BIODYNAMICS_vegetation_cooccurrence/Data/targets/paleo_spatial_local/eu_r005_l011/pipeline_paleo_spatial_resolution,genus,Spatial,0.6189966006470305,22.264236671414984,0.881846094478712,0.8871601042312576,16,0.18411838759137114,0.6888923727581403,0.31240707354796393,spatially_stratified_group_kfold,5,grouped_kfold_feasible,27,495,16,3,unit_cv,NA,candidate_008,europe,Genus
paleo,local,eu_r005_l012,pipeline_paleo_spatial_resolution,D:/GITHUB/BIODYNAMICS_vegetation_cooccurrence/Data/targets/paleo_spatial_local/eu_r005_l012/pipeline_paleo_spatial_resolution,family,Abiotic,1.2692623713785725,53.16511921227688,0.8267570163921105,0.8486398855427518,8,0.24365643309569893,0.7609714466928633,0.4664749451224134,spatially_stratified_group_kfold,5,grouped_kfold_feasible,30,368,8,3,unit_cv,NA,candidate_008,europe,Family
paleo,local,eu_r005_l012,pipeline_paleo_spatial_resolution,D:/GITHUB/BIODYNAMICS_vegetation_cooccurrence/Data/targets/paleo_spatial_local/eu_r005_l012/pipeline_paleo_spatial_resolution,family,Associations,0.5869899323938703,24.58702821090604,0.8267570163921105,0.8486398855427518,8,0.24365643309569893,0.7609714466928633,0.4664749451224134,spatially_stratified_group_kfold,5,grouped_kfold_feasible,30,368,8,3,unit_cv,NA,candidate_008,europe,Family
paleo,local,eu_r005_l012,pipeline_paleo_spatial_resolution,D:/GITHUB/BIODYNAMICS_vegetation_cooccurrence/Data/targets/paleo_spatial_local/eu_r005_l012/pipeline_paleo_spatial_resolution,family,Spatial,0.5311445274293856,22.247852576817092,0.8267570163921105,0.8486398855427518,8,0.24365643309569893,0.7609714466928633,0.4664749451224134,spatially_stratified_group_kfold,5,grouped_kfold_feasible,30,368,8,3,unit_cv,NA,candidate_008,europe,Family
paleo,local,eu_r005_l012,pipeline_paleo_spatial_resolution,D:/GITHUB/BIODYNAMICS_vegetation_cooccurrence/Data/targets/paleo_spatial_local/eu_r005_l012/pipeline_paleo_spatial_resolution,functional_type,Abiotic,0.9226759448741472,58.60941335802665,0.8661515253913522,0.886414782240478,6,0.17678295044711367,0.6971763076909123,0.30250227102398136,spatially_stratified_group_kfold,5,grouped_kfold_feasible,30,368,6,3,unit_cv,NA,candidate_004,europe,Functional type
paleo,local,eu_r005_l012,pipeline_paleo_spatial_resolution,D:/GITHUB/BIODYNAMICS_vegetation_cooccurrence/Data/targets/paleo_spatial_local/eu_r005_l012/pipeline_paleo_spatial_resolution,functional_type,Associations,0.27044171777802745,17.17876196357237,0.8661515253913522,0.886414782240478,6,0.17678295044711367,0.6971763076909123,0.30250227102398136,spatially_stratified_group_kfold,5,grouped_kfold_feasible,30,368,6,3,unit_cv,NA,candidate_004,europe,Functional type
paleo,local,eu_r005_l012,pipeline_paleo_spatial_resolution,D:/GITHUB/BIODYNAMICS_vegetation_cooccurrence/Data/targets/paleo_spatial_local/eu_r005_l012/pipeline_paleo_spatial_resolution,functional_type,Spatial,0.3811617781567739,24.21182467840098,0.8661515253913522,0.886414782240478,6,0.17678295044711367,0.6971763076909123,0.30250227102398136,spatially_stratified_group_kfold,5,grouped_kfold_feasible,30,368,6,3,unit_cv,NA,candidate_004,europe,Functional type
paleo,local,eu_r005_l012,pipeline_paleo_spatial_resolution,D:/GITHUB/BIODYNAMICS_vegetation_cooccurrence/Data/targets/paleo_spatial_local/eu_r005_l012/pipeline_paleo_spatial_resolution,genus,Abiotic,1.2833245480351305,44.24068861576755,0.8803793569771239,0.906911833884049,16,0.21408212357463136,0.7727401516707296,0.3347446509289536,spatially_stratified_group_kfold,5,grouped_kfold_feasible,30,368,16,3,unit_cv,NA,candidate_008,europe,Genus
paleo,local,eu_r005_l012,pipeline_paleo_spatial_resolution,D:/GITHUB/BIODYNAMICS_vegetation_cooccurrence/Data/targets/paleo_spatial_local/eu_r005_l012/pipeline_paleo_spatial_resolution,genus,Associations,0.8817715992928894,30.397753097041353,0.8803793569771239,0.906911833884049,16,0.21408212357463136,0.7727401516707296,0.3347446509289536,spatially_stratified_group_kfold,5,grouped_kfold_feasible,30,368,16,3,unit_cv,NA,candidate_008,europe,Genus
paleo,local,eu_r005_l012,pipeline_paleo_spatial_resolution,D:/GITHUB/BIODYNAMICS_vegetation_cooccurrence/Data/targets/paleo_spatial_local/eu_r005_l012/pipeline_paleo_spatial_resolution,genus,Spatial,0.7356827243140203,25.361558287191098,0.8803793569771239,0.906911833884049,16,0.21408212357463136,0.7727401516707296,0.3347446509289536,spatially_stratified_group_kfold,5,grouped_kfold_feasible,30,368,16,3,unit_cv,NA,candidate_008,europe,Genus
paleo,local,eu_r005_l014,pipeline_paleo_spatial_resolution,D:/GITHUB/BIODYNAMICS_vegetation_cooccurrence/Data/targets/paleo_spatial_local/eu_r005_l014/pipeline_paleo_spatial_resolution,family,Abiotic,1.0463185104815413,51.049938873493474,0.7652303139831471,0.8226337448559671,7,0.096516700507545,0.6183686328253936,0.5375598132230189,spatially_stratified_group_kfold,5,grouped_kfold_feasible,14,237,7,NA,unit_cv,NA,candidate_004,europe,Family
paleo,local,eu_r005_l014,pipeline_paleo_spatial_resolution,D:/GITHUB/BIODYNAMICS_vegetation_cooccurrence/Data/targets/paleo_spatial_local/eu_r005_l014/pipeline_paleo_spatial_resolution,family,Associations,0.5433961903575886,26.512330637328912,0.7652303139831471,0.8226337448559671,7,0.096516700507545,0.6183686328253936,0.5375598132230189,spatially_stratified_group_kfold,5,grouped_kfold_feasible,14,237,7,NA,unit_cv,NA,candidate_004,europe,Family
paleo,local,eu_r005_l014,pipeline_paleo_spatial_resolution,D:/GITHUB/BIODYNAMICS_vegetation_cooccurrence/Data/targets/paleo_spatial_local/eu_r005_l014/pipeline_paleo_spatial_resolution,family,Spatial,0.4598832684638629,22.437730489177614,0.7652303139831471,0.8226337448559671,7,0.096516700507545,0.6183686328253936,0.5375598132230189,spatially_stratified_group_kfold,5,grouped_kfold_feasible,14,237,7,NA,unit_cv,NA,candidate_004,europe,Family
paleo,local,eu_r005_l014,pipeline_paleo_spatial_resolution,D:/GITHUB/BIODYNAMICS_vegetation_cooccurrence/Data/targets/paleo_spatial_local/eu_r005_l014/pipeline_paleo_spatial_resolution,functional_type,Abiotic,0.8956298733966692,57.715912825374815,0.8684006264285631,0.862942008486563,5,0.21824999261295772,0.6590537803955884,0.27241535156669733,spatially_stratified_group_kfold,5,grouped_kfold_feasible,14,237,5,NA,unit_cv,NA,candidate_008,europe,Functional type
paleo,local,eu_r005_l014,pipeline_paleo_spatial_resolution,D:/GITHUB/BIODYNAMICS_vegetation_cooccurrence/Data/targets/paleo_spatial_local/eu_r005_l014/pipeline_paleo_spatial_resolution,functional_type,Associations,0.2082853532048599,13.422262527692508,0.8684006264285631,0.862942008486563,5,0.21824999261295772,0.6590537803955884,0.27241535156669733,spatially_stratified_group_kfold,5,grouped_kfold_feasible,14,237,5,NA,unit_cv,NA,candidate_008,europe,Functional type
paleo,local,eu_r005_l014,pipeline_paleo_spatial_resolution,D:/GITHUB/BIODYNAMICS_vegetation_cooccurrence/Data/targets/paleo_spatial_local/eu_r005_l014/pipeline_paleo_spatial_resolution,functional_type,Spatial,0.44787496357788587,28.861824646932675,0.8684006264285631,0.862942008486563,5,0.21824999261295772,0.6590537803955884,0.27241535156669733,spatially_stratified_group_kfold,5,grouped_kfold_feasible,14,237,5,NA,unit_cv,NA,candidate_008,europe,Functional type
paleo,local,eu_r005_l014,pipeline_paleo_spatial_resolution,D:/GITHUB/BIODYNAMICS_vegetation_cooccurrence/Data/targets/paleo_spatial_local/eu_r005_l014/pipeline_paleo_spatial_resolution,genus,Abiotic,1.253676407458252,43.44820039450749,0.7509527429599305,0.806063611083558,14,0.06687954661581383,0.5882120282173133,0.6609289200557522,spatially_stratified_group_kfold,5,grouped_kfold_feasible,14,237,14,NA,unit_cv,NA,candidate_004,europe,Genus
paleo,local,eu_r005_l014,pipeline_paleo_spatial_resolution,D:/GITHUB/BIODYNAMICS_vegetation_cooccurrence/Data/targets/paleo_spatial_local/eu_r005_l014/pipeline_paleo_spatial_resolution,genus,Associations,1.1088041135731437,38.427414792349,0.7509527429599305,0.806063611083558,14,0.06687954661581383,0.5882120282173133,0.6609289200557522,spatially_stratified_group_kfold,5,grouped_kfold_feasible,14,237,14,NA,unit_cv,NA,candidate_004,europe,Genus
paleo,local,eu_r005_l014,pipeline_paleo_spatial_resolution,D:/GITHUB/BIODYNAMICS_vegetation_cooccurrence/Data/targets/paleo_spatial_local/eu_r005_l014/pipeline_paleo_spatial_resolution,genus,Spatial,0.5229701905629462,18.124384813143507,0.7509527429599305,0.806063611083558,14,0.06687954661581383,0.5882120282173133,0.6609289200557522,spatially_stratified_group_kfold,5,grouped_kfold_feasible,14,237,14,NA,unit_cv,NA,candidate_004,europe,Genus
paleo,local,eu_r005_l015,pipeline_paleo_spatial_resolution,D:/GITHUB/BIODYNAMICS_vegetation_cooccurrence/Data/targets/paleo_spatial_local/eu_r005_l015/pipeline_paleo_spatial_resolution,family,Abiotic,1.1774498726571898,52.62352927168734,0.8577433387326511,0.8630952380952381,7,0.12425837915244266,0.7526354241942048,0.46088702311814667,spatially_stratified_group_kfold,5,grouped_kfold_feasible,20,323,7,3,unit_cv,NA,candidate_004,europe,Family
paleo,local,eu_r005_l015,pipeline_paleo_spatial_resolution,D:/GITHUB/BIODYNAMICS_vegetation_cooccurrence/Data/targets/paleo_spatial_local/eu_r005_l015/pipeline_paleo_spatial_resolution,family,Associations,0.6216245673676902,27.78214119897198,0.8577433387326511,0.8630952380952381,7,0.12425837915244266,0.7526354241942048,0.46088702311814667,spatially_stratified_group_kfold,5,grouped_kfold_feasible,20,323,7,3,unit_cv,NA,candidate_004,europe,Family
paleo,local,eu_r005_l015,pipeline_paleo_spatial_resolution,D:/GITHUB/BIODYNAMICS_vegetation_cooccurrence/Data/targets/paleo_spatial_local/eu_r005_l015/pipeline_paleo_spatial_resolution,family,Spatial,0.43842252939766424,19.594329529340673,0.8577433387326511,0.8630952380952381,7,0.12425837915244266,0.7526354241942048,0.46088702311814667,spatially_stratified_group_kfold,5,grouped_kfold_feasible,20,323,7,3,unit_cv,NA,candidate_004,europe,Family
paleo,local,eu_r005_l015,pipeline_paleo_spatial_resolution,D:/GITHUB/BIODYNAMICS_vegetation_cooccurrence/Data/targets/paleo_spatial_local/eu_r005_l015/pipeline_paleo_spatial_resolution,functional_type,Abiotic,0.8849331790706705,59.34466276778261,0.9234253560066848,0.9305586576869709,4,0.27686281752199504,0.8099332674131099,0.24671136401549495,spatially_stratified_group_kfold,5,grouped_kfold_feasible,20,323,4,3,unit_cv,NA,candidate_008,europe,Functional type
paleo,local,eu_r005_l015,pipeline_paleo_spatial_resolution,D:/GITHUB/BIODYNAMICS_vegetation_cooccurrence/Data/targets/paleo_spatial_local/eu_r005_l015/pipeline_paleo_spatial_resolution,functional_type,Associations,0.27446730016467746,18.406100883415718,0.9234253560066848,0.9305586576869709,4,0.27686281752199504,0.8099332674131099,0.24671136401549495,spatially_stratified_group_kfold,5,grouped_kfold_feasible,20,323,4,3,unit_cv,NA,candidate_008,europe,Functional type
paleo,local,eu_r005_l015,pipeline_paleo_spatial_resolution,D:/GITHUB/BIODYNAMICS_vegetation_cooccurrence/Data/targets/paleo_spatial_local/eu_r005_l015/pipeline_paleo_spatial_resolution,functional_type,Spatial,0.3317752016063138,22.249236348801666,0.9234253560066848,0.9305586576869709,4,0.27686281752199504,0.8099332674131099,0.24671136401549495,spatially_stratified_group_kfold,5,grouped_kfold_feasible,20,323,4,3,unit_cv,NA,candidate_008,europe,Functional type
paleo,local,eu_r005_l015,pipeline_paleo_spatial_resolution,D:/GITHUB/BIODYNAMICS_vegetation_cooccurrence/Data/targets/paleo_spatial_local/eu_r005_l015/pipeline_paleo_spatial_resolution,genus,Abiotic,1.1976149517552048,41.856827808847655,0.871511895818054,0.8832271762208068,15,0.27185104263240817,0.7604642865215331,0.30322523284627456,spatially_stratified_group_kfold,5,grouped_kfold_feasible,20,323,13,3,unit_cv,NA,candidate_008,europe,Genus
paleo,local,eu_r005_l015,pipeline_paleo_spatial_resolution,D:/GITHUB/BIODYNAMICS_vegetation_cooccurrence/Data/targets/paleo_spatial_local/eu_r005_l015/pipeline_paleo_spatial_resolution,genus,Associations,1.1162427026262156,39.01285511527114,0.871511895818054,0.8832271762208068,15,0.27185104263240817,0.7604642865215331,0.30322523284627456,spatially_stratified_group_kfold,5,grouped_kfold_feasible,20,323,13,3,unit_cv,NA,candidate_008,europe,Genus
paleo,local,eu_r005_l015,pipeline_paleo_spatial_resolution,D:/GITHUB/BIODYNAMICS_vegetation_cooccurrence/Data/targets/paleo_spatial_local/eu_r005_l015/pipeline_paleo_spatial_resolution,genus,Spatial,0.5473600117649237,19.1303170758812,0.871511895818054,0.8832271762208068,15,0.27185104263240817,0.7604642865215331,0.30322523284627456,spatially_stratified_group_kfold,5,grouped_kfold_feasible,20,323,13,3,unit_cv,NA,candidate_008,europe,Genus
paleo,local,eu_r005_l016,pipeline_paleo_spatial_resolution,D:/GITHUB/BIODYNAMICS_vegetation_cooccurrence/Data/targets/paleo_spatial_local/eu_r005_l016/pipeline_paleo_spatial_resolution,family,Abiotic,0.6390902660208769,47.20772014949169,0.9313449690245643,0.948322469298543,4,0.28677134517617864,0.8604037207013246,0.46355812465089036,spatially_stratified_group_kfold,5,grouped_kfold_feasible,9,121,4,NA,unit_cv,NA,candidate_008,europe,Family
paleo,local,eu_r005_l016,pipeline_paleo_spatial_resolution,D:/GITHUB/BIODYNAMICS_vegetation_cooccurrence/Data/targets/paleo_spatial_local/eu_r005_l016/pipeline_paleo_spatial_resolution,family,Associations,0.29867203389403263,22.062025573220673,0.9313449690245643,0.948322469298543,4,0.28677134517617864,0.8604037207013246,0.46355812465089036,spatially_stratified_group_kfold,5,grouped_kfold_feasible,9,121,4,NA,unit_cv,NA,candidate_008,europe,Family
paleo,local,eu_r005_l016,pipeline_paleo_spatial_resolution,D:/GITHUB/BIODYNAMICS_vegetation_cooccurrence/Data/targets/paleo_spatial_local/eu_r005_l016/pipeline_paleo_spatial_resolution,family,Spatial,0.41602107279845857,30.73025427728763,0.9313449690245643,0.948322469298543,4,0.28677134517617864,0.8604037207013246,0.46355812465089036,spatially_stratified_group_kfold,5,grouped_kfold_feasible,9,121,4,NA,unit_cv,NA,candidate_008,europe,Family
paleo,local,eu_r005_l016,pipeline_paleo_spatial_resolution,D:/GITHUB/BIODYNAMICS_vegetation_cooccurrence/Data/targets/paleo_spatial_local/eu_r005_l016/pipeline_paleo_spatial_resolution,functional_type,Abiotic,0.8563131530000039,47.74889544112837,0.8065532417773972,0.8734567901234568,5,0.15058665944623012,0.7110572205422521,0.5741602063399972,spatially_stratified_group_kfold,5,grouped_kfold_feasible,9,121,5,NA,unit_cv,NA,candidate_004,europe,Functional type
paleo,local,eu_r005_l016,pipeline_paleo_spatial_resolution,D:/GITHUB/BIODYNAMICS_vegetation_cooccurrence/Data/targets/paleo_spatial_local/eu_r005_l016/pipeline_paleo_spatial_resolution,functional_type,Associations,0.376080452783811,20.970629908596447,0.8065532417773972,0.8734567901234568,5,0.15058665944623012,0.7110572205422521,0.5741602063399972,spatially_stratified_group_kfold,5,grouped_kfold_feasible,9,121,5,NA,unit_cv,NA,candidate_004,europe,Functional type
paleo,local,eu_r005_l016,pipeline_paleo_spatial_resolution,D:/GITHUB/BIODYNAMICS_vegetation_cooccurrence/Data/targets/paleo_spatial_local/eu_r005_l016/pipeline_paleo_spatial_resolution,functional_type,Spatial,0.5609738534818942,31.28047465027518,0.8065532417773972,0.8734567901234568,5,0.15058665944623012,0.7110572205422521,0.5741602063399972,spatially_stratified_group_kfold,5,grouped_kfold_feasible,9,121,5,NA,unit_cv,NA,candidate_004,europe,Functional type
paleo,local,eu_r005_l016,pipeline_paleo_spatial_resolution,D:/GITHUB/BIODYNAMICS_vegetation_cooccurrence/Data/targets/paleo_spatial_local/eu_r005_l016/pipeline_paleo_spatial_resolution,genus,Abiotic,0.8339281961641503,37.179417484354666,0.7396713319337873,0.7755988174522779,6,0.03418009865524041,0.5225474184620214,1.2240134256090816,spatially_stratified_group_kfold,5,grouped_kfold_feasible,9,121,6,NA,unit_cv,NA,candidate_004,europe,Genus
paleo,local,eu_r005_l016,pipeline_paleo_spatial_resolution,D:/GITHUB/BIODYNAMICS_vegetation_cooccurrence/Data/targets/paleo_spatial_local/eu_r005_l016/pipeline_paleo_spatial_resolution,genus,Associations,0.8212405024911562,36.61375600156557,0.7396713319337873,0.7755988174522779,6,0.03418009865524041,0.5225474184620214,1.2240134256090816,spatially_stratified_group_kfold,5,grouped_kfold_feasible,9,121,6,NA,unit_cv,NA,candidate_004,europe,Genus
paleo,local,eu_r005_l016,pipeline_paleo_spatial_resolution,D:/GITHUB/BIODYNAMICS_vegetation_cooccurrence/Data/targets/paleo_spatial_local/eu_r005_l016/pipeline_paleo_spatial_resolution,genus,Spatial,0.587814792183603,26.20682651407975,0.7396713319337873,0.7755988174522779,6,0.03418009865524041,0.5225474184620214,1.2240134256090816,spatially_stratified_group_kfold,5,grouped_kfold_feasible,9,121,6,NA,unit_cv,NA,candidate_004,europe,Genus
paleo,local,eu_r006_l003,pipeline_paleo_spatial_resolution,D:/GITHUB/BIODYNAMICS_vegetation_cooccurrence/Data/targets/paleo_spatial_local/eu_r006_l003/pipeline_paleo_spatial_resolution,family,Abiotic,0.6597784428103839,47.836002225439444,0.6299482332323735,0.6727093596059114,5,0.06458423262809243,0.5655473143720449,0.5131159180899015,spatially_stratified_group_kfold,5,grouped_kfold_feasible,8,180,5,NA,unit_cv,NA,candidate_004,europe,Family
paleo,local,eu_r006_l003,pipeline_paleo_spatial_resolution,D:/GITHUB/BIODYNAMICS_vegetation_cooccurrence/Data/targets/paleo_spatial_local/eu_r006_l003/pipeline_paleo_spatial_resolution,family,Associations,0.2856319363968889,20.709209423298713,0.6299482332323735,0.6727093596059114,5,0.06458423262809243,0.5655473143720449,0.5131159180899015,spatially_stratified_group_kfold,5,grouped_kfold_feasible,8,180,5,NA,unit_cv,NA,candidate_004,europe,Family
paleo,local,eu_r006_l003,pipeline_paleo_spatial_resolution,D:/GITHUB/BIODYNAMICS_vegetation_cooccurrence/Data/targets/paleo_spatial_local/eu_r006_l003/pipeline_paleo_spatial_resolution,family,Spatial,0.43384041959695974,31.454788351261854,0.6299482332323735,0.6727093596059114,5,0.06458423262809243,0.5655473143720449,0.5131159180899015,spatially_stratified_group_kfold,5,grouped_kfold_feasible,8,180,5,NA,unit_cv,NA,candidate_004,europe,Family
paleo,local,eu_r006_l003,pipeline_paleo_spatial_resolution,D:/GITHUB/BIODYNAMICS_vegetation_cooccurrence/Data/targets/paleo_spatial_local/eu_r006_l003/pipeline_paleo_spatial_resolution,functional_type,Abiotic,0.8052261340693181,50.95258217003767,0.8060190075483022,0.7936909788580689,6,0.0932596076684783,0.533152358782027,0.48263679859085745,spatially_stratified_group_kfold,5,grouped_kfold_feasible,8,180,6,NA,unit_cv,NA,candidate_008,europe,Functional type
paleo,local,eu_r006_l003,pipeline_paleo_spatial_resolution,D:/GITHUB/BIODYNAMICS_vegetation_cooccurrence/Data/targets/paleo_spatial_local/eu_r006_l003/pipeline_paleo_spatial_resolution,functional_type,Associations,0.3210283557362089,20.313826119748313,0.8060190075483022,0.7936909788580689,6,0.0932596076684783,0.533152358782027,0.48263679859085745,spatially_stratified_group_kfold,5,grouped_kfold_feasible,8,180,6,NA,unit_cv,NA,candidate_008,europe,Functional type
paleo,local,eu_r006_l003,pipeline_paleo_spatial_resolution,D:/GITHUB/BIODYNAMICS_vegetation_cooccurrence/Data/targets/paleo_spatial_local/eu_r006_l003/pipeline_paleo_spatial_resolution,functional_type,Spatial,0.454089625792261,28.733591710214014,0.8060190075483022,0.7936909788580689,6,0.0932596076684783,0.533152358782027,0.48263679859085745,spatially_stratified_group_kfold,5,grouped_kfold_feasible,8,180,6,NA,unit_cv,NA,candidate_008,europe,Functional type
paleo,local,eu_r006_l003,pipeline_paleo_spatial_resolution,D:/GITHUB/BIODYNAMICS_vegetation_cooccurrence/Data/targets/paleo_spatial_local/eu_r006_l003/pipeline_paleo_spatial_resolution,genus,Abiotic,0.7419039992732037,37.65605414170247,0.7833595081063618,0.8603611556982343,8,0.07764955290726885,0.571741011228481,0.4489587047769575,spatially_stratified_group_kfold,5,grouped_kfold_feasible,8,180,7,NA,unit_cv,NA,candidate_008,europe,Genus
paleo,local,eu_r006_l003,pipeline_paleo_spatial_resolution,D:/GITHUB/BIODYNAMICS_vegetation_cooccurrence/Data/targets/paleo_spatial_local/eu_r006_l003/pipeline_paleo_spatial_resolution,genus,Associations,0.6624244680921019,33.621993761593124,0.7833595081063618,0.8603611556982343,8,0.07764955290726885,0.571741011228481,0.4489587047769575,spatially_stratified_group_kfold,5,grouped_kfold_feasible,8,180,7,NA,unit_cv,NA,candidate_008,europe,Genus
paleo,local,eu_r006_l003,pipeline_paleo_spatial_resolution,D:/GITHUB/BIODYNAMICS_vegetation_cooccurrence/Data/targets/paleo_spatial_local/eu_r006_l003/pipeline_paleo_spatial_resolution,genus,Spatial,0.5658832719777628,28.721952096704406,0.7833595081063618,0.8603611556982343,8,0.07764955290726885,0.571741011228481,0.4489587047769575,spatially_stratified_group_kfold,5,grouped_kfold_feasible,8,180,7,NA,unit_cv,NA,candidate_008,europe,Genus
paleo,local,eu_r006_l005,pipeline_paleo_spatial_resolution,D:/GITHUB/BIODYNAMICS_vegetation_cooccurrence/Data/targets/paleo_spatial_local/eu_r006_l005/pipeline_paleo_spatial_resolution,family,Abiotic,0.7810265403486701,40.23411010945216,0.8819992475076871,0.8841392169385662,6,0.06241585024062201,0.6147885858480827,0.49259947090274186,spatially_stratified_group_kfold,5,grouped_kfold_feasible,13,259,6,NA,unit_cv,NA,candidate_004,europe,Family
paleo,local,eu_r006_l005,pipeline_paleo_spatial_resolution,D:/GITHUB/BIODYNAMICS_vegetation_cooccurrence/Data/targets/paleo_spatial_local/eu_r006_l005/pipeline_paleo_spatial_resolution,family,Associations,0.27957203555342947,14.401984415227187,0.8819992475076871,0.8841392169385662,6,0.06241585024062201,0.6147885858480827,0.49259947090274186,spatially_stratified_group_kfold,5,grouped_kfold_feasible,13,259,6,NA,unit_cv,NA,candidate_004,europe,Family
paleo,local,eu_r006_l005,pipeline_paleo_spatial_resolution,D:/GITHUB/BIODYNAMICS_vegetation_cooccurrence/Data/targets/paleo_spatial_local/eu_r006_l005/pipeline_paleo_spatial_resolution,family,Spatial,0.8806063823385064,45.363905475320664,0.8819992475076871,0.8841392169385662,6,0.06241585024062201,0.6147885858480827,0.49259947090274186,spatially_stratified_group_kfold,5,grouped_kfold_feasible,13,259,6,NA,unit_cv,NA,candidate_004,europe,Family
paleo,local,eu_r006_l005,pipeline_paleo_spatial_resolution,D:/GITHUB/BIODYNAMICS_vegetation_cooccurrence/Data/targets/paleo_spatial_local/eu_r006_l005/pipeline_paleo_spatial_resolution,functional_type,Abiotic,0.6833992943607329,35.22497263706798,0.8487923399803292,0.9070160881416671,6,0.08973789649799029,0.700100595257783,0.49955074859762927,spatially_stratified_group_kfold,5,grouped_kfold_feasible,13,259,6,NA,unit_cv,NA,candidate_004,europe,Functional type
paleo,local,eu_r006_l005,pipeline_paleo_spatial_resolution,D:/GITHUB/BIODYNAMICS_vegetation_cooccurrence/Data/targets/paleo_spatial_local/eu_r006_l005/pipeline_paleo_spatial_resolution,functional_type,Associations,0.3007341662734373,15.500971197113312,0.8487923399803292,0.9070160881416671,6,0.08973789649799029,0.700100595257783,0.49955074859762927,spatially_stratified_group_kfold,5,grouped_kfold_feasible,13,259,6,NA,unit_cv,NA,candidate_004,europe,Functional type
paleo,local,eu_r006_l005,pipeline_paleo_spatial_resolution,D:/GITHUB/BIODYNAMICS_vegetation_cooccurrence/Data/targets/paleo_spatial_local/eu_r006_l005/pipeline_paleo_spatial_resolution,functional_type,Spatial,0.9559654044578566,49.274056165818706,0.8487923399803292,0.9070160881416671,6,0.08973789649799029,0.700100595257783,0.49955074859762927,spatially_stratified_group_kfold,5,grouped_kfold_feasible,13,259,6,NA,unit_cv,NA,candidate_004,europe,Functional type
paleo,local,eu_r006_l005,pipeline_paleo_spatial_resolution,D:/GITHUB/BIODYNAMICS_vegetation_cooccurrence/Data/targets/paleo_spatial_local/eu_r006_l005/pipeline_paleo_spatial_resolution,genus,Abiotic,0.854739673840629,31.50968810833792,0.8296589647384144,0.865597667638484,11,0.01464472146496597,0.5014566509411076,0.6918865586089832,spatially_stratified_group_kfold,5,grouped_kfold_feasible,13,259,10,NA,unit_cv,NA,candidate_004,europe,Genus
paleo,local,eu_r006_l005,pipeline_paleo_spatial_resolution,D:/GITHUB/BIODYNAMICS_vegetation_cooccurrence/Data/targets/paleo_spatial_local/eu_r006_l005/pipeline_paleo_spatial_resolution,genus,Associations,0.7832820839987709,28.875428300584677,0.8296589647384144,0.865597667638484,11,0.01464472146496597,0.5014566509411076,0.6918865586089832,spatially_stratified_group_kfold,5,grouped_kfold_feasible,13,259,10,NA,unit_cv,NA,candidate_004,europe,Genus
paleo,local,eu_r006_l005,pipeline_paleo_spatial_resolution,D:/GITHUB/BIODYNAMICS_vegetation_cooccurrence/Data/targets/paleo_spatial_local/eu_r006_l005/pipeline_paleo_spatial_resolution,genus,Spatial,1.074603231979057,39.6148835910774,0.8296589647384144,0.865597667638484,11,0.01464472146496597,0.5014566509411076,0.6918865586089832,spatially_stratified_group_kfold,5,grouped_kfold_feasible,13,259,10,NA,unit_cv,NA,candidate_004,europe,Genus
paleo,local,eu_r006_l008,pipeline_paleo_spatial_resolution,D:/GITHUB/BIODYNAMICS_vegetation_cooccurrence/Data/targets/paleo_spatial_local/eu_r006_l008/pipeline_paleo_spatial_resolution,family,Abiotic,0.7114944809037249,43.24576387327381,0.8573955426530719,0.8611190531129849,4,NA,NA,NA,none,NA,tier_pooled_regularization_required,7,143,4,NA,tier_pooled,paleo_spatial_local,candidate_004,europe,Family
paleo,local,eu_r006_l008,pipeline_paleo_spatial_resolution,D:/GITHUB/BIODYNAMICS_vegetation_cooccurrence/Data/targets/paleo_spatial_local/eu_r006_l008/pipeline_paleo_spatial_resolution,family,Associations,0.2241644820717119,13.62507302675722,0.8573955426530719,0.8611190531129849,4,NA,NA,NA,none,NA,tier_pooled_regularization_required,7,143,4,NA,tier_pooled,paleo_spatial_local,candidate_004,europe,Family
paleo,local,eu_r006_l008,pipeline_paleo_spatial_resolution,D:/GITHUB/BIODYNAMICS_vegetation_cooccurrence/Data/targets/paleo_spatial_local/eu_r006_l008/pipeline_paleo_spatial_resolution,family,Spatial,0.709576124069548,43.12916309996897,0.8573955426530719,0.8611190531129849,4,NA,NA,NA,none,NA,tier_pooled_regularization_required,7,143,4,NA,tier_pooled,paleo_spatial_local,candidate_004,europe,Family
paleo,local,eu_r006_l008,pipeline_paleo_spatial_resolution,D:/GITHUB/BIODYNAMICS_vegetation_cooccurrence/Data/targets/paleo_spatial_local/eu_r006_l008/pipeline_paleo_spatial_resolution,functional_type,Abiotic,0.7177592109740737,41.008002341839905,0.8656506456343881,0.8587182688306284,5,NA,NA,NA,none,NA,tier_pooled_regularization_required,7,143,5,NA,tier_pooled,paleo_spatial_local,candidate_004,europe,Functional type
paleo,local,eu_r006_l008,pipeline_paleo_spatial_resolution,D:/GITHUB/BIODYNAMICS_vegetation_cooccurrence/Data/targets/paleo_spatial_local/eu_r006_l008/pipeline_paleo_spatial_resolution,functional_type,Associations,0.28135770035412627,16.074913506659914,0.8656506456343881,0.8587182688306284,5,NA,NA,NA,none,NA,tier_pooled_regularization_required,7,143,5,NA,tier_pooled,paleo_spatial_local,candidate_004,europe,Functional type
paleo,local,eu_r006_l008,pipeline_paleo_spatial_resolution,D:/GITHUB/BIODYNAMICS_vegetation_cooccurrence/Data/targets/paleo_spatial_local/eu_r006_l008/pipeline_paleo_spatial_resolution,functional_type,Spatial,0.7511736904691808,42.91708415150018,0.8656506456343881,0.8587182688306284,5,NA,NA,NA,none,NA,tier_pooled_regularization_required,7,143,5,NA,tier_pooled,paleo_spatial_local,candidate_004,europe,Functional type
paleo,local,eu_r006_l008,pipeline_paleo_spatial_resolution,D:/GITHUB/BIODYNAMICS_vegetation_cooccurrence/Data/targets/paleo_spatial_local/eu_r006_l008/pipeline_paleo_spatial_resolution,genus,Abiotic,0.7356588970554728,41.582614222028226,0.7658875441448941,0.8079646017699115,5,NA,NA,NA,none,NA,tier_pooled_regularization_required,7,143,5,NA,tier_pooled,paleo_spatial_local,candidate_004,europe,Genus
paleo,local,eu_r006_l008,pipeline_paleo_spatial_resolution,D:/GITHUB/BIODYNAMICS_vegetation_cooccurrence/Data/targets/paleo_spatial_local/eu_r006_l008/pipeline_paleo_spatial_resolution,genus,Associations,0.27148339857468096,15.345412766434377,0.7658875441448941,0.8079646017699115,5,NA,NA,NA,none,NA,tier_pooled_regularization_required,7,143,5,NA,tier_pooled,paleo_spatial_local,candidate_004,europe,Genus
paleo,local,eu_r006_l008,pipeline_paleo_spatial_resolution,D:/GITHUB/BIODYNAMICS_vegetation_cooccurrence/Data/targets/paleo_spatial_local/eu_r006_l008/pipeline_paleo_spatial_resolution,genus,Spatial,0.7620078908575453,43.071973011537395,0.7658875441448941,0.8079646017699115,5,NA,NA,NA,none,NA,tier_pooled_regularization_required,7,143,5,NA,tier_pooled,paleo_spatial_local,candidate_004,europe,Genus
paleo,local,eu_r007_l001,pipeline_paleo_spatial_resolution,D:/GITHUB/BIODYNAMICS_vegetation_cooccurrence/Data/targets/paleo_spatial_local/eu_r007_l001/pipeline_paleo_spatial_resolution,family,Abiotic,0.7881663127369618,53.19415366685523,0.83740248820926,0.8858711032741204,4,NA,NA,NA,none,NA,tier_pooled_regularization_required,6,73,3,NA,tier_pooled,paleo_spatial_local,candidate_004,europe,Family
paleo,local,eu_r007_l001,pipeline_paleo_spatial_resolution,D:/GITHUB/BIODYNAMICS_vegetation_cooccurrence/Data/targets/paleo_spatial_local/eu_r007_l001/pipeline_paleo_spatial_resolution,family,Associations,0.24235781623360142,16.356977849415095,0.83740248820926,0.8858711032741204,4,NA,NA,NA,none,NA,tier_pooled_regularization_required,6,73,3,NA,tier_pooled,paleo_spatial_local,candidate_004,europe,Family
paleo,local,eu_r007_l001,pipeline_paleo_spatial_resolution,D:/GITHUB/BIODYNAMICS_vegetation_cooccurrence/Data/targets/paleo_spatial_local/eu_r007_l001/pipeline_paleo_spatial_resolution,family,Spatial,0.4511543232764565,30.44886848372968,0.83740248820926,0.8858711032741204,4,NA,NA,NA,none,NA,tier_pooled_regularization_required,6,73,3,NA,tier_pooled,paleo_spatial_local,candidate_004,europe,Family
paleo,local,eu_r007_l001,pipeline_paleo_spatial_resolution,D:/GITHUB/BIODYNAMICS_vegetation_cooccurrence/Data/targets/paleo_spatial_local/eu_r007_l001/pipeline_paleo_spatial_resolution,functional_type,Abiotic,0.7422587550897519,48.51390866889797,0.8743843787844103,0.8840155945419104,5,-0.033363291870688046,0.49663534927804515,0.5682820450333558,leave_one_location_out,6,leave_one_location_out_required,6,73,5,2,unit_cv,NA,candidate_004,europe,Functional type
paleo,local,eu_r007_l001,pipeline_paleo_spatial_resolution,D:/GITHUB/BIODYNAMICS_vegetation_cooccurrence/Data/targets/paleo_spatial_local/eu_r007_l001/pipeline_paleo_spatial_resolution,functional_type,Associations,0.24688127207924337,16.136118844789532,0.8743843787844103,0.8840155945419104,5,-0.033363291870688046,0.49663534927804515,0.5682820450333558,leave_one_location_out,6,leave_one_location_out_required,6,73,5,2,unit_cv,NA,candidate_004,europe,Functional type
paleo,local,eu_r007_l001,pipeline_paleo_spatial_resolution,D:/GITHUB/BIODYNAMICS_vegetation_cooccurrence/Data/targets/paleo_spatial_local/eu_r007_l001/pipeline_paleo_spatial_resolution,functional_type,Spatial,0.5408516297712551,35.34997248631249,0.8743843787844103,0.8840155945419104,5,-0.033363291870688046,0.49663534927804515,0.5682820450333558,leave_one_location_out,6,leave_one_location_out_required,6,73,5,2,unit_cv,NA,candidate_004,europe,Functional type
paleo,local,eu_r008_l001,pipeline_paleo_spatial_resolution,D:/GITHUB/BIODYNAMICS_vegetation_cooccurrence/Data/targets/paleo_spatial_local/eu_r008_l001/pipeline_paleo_spatial_resolution,family,Abiotic,1.061783592010999,48.7718194675002,0.8862873250278935,0.8929172510518935,6,0.10270681384620207,0.6069031664589161,0.7197615554669728,spatially_stratified_group_kfold,5,grouped_kfold_feasible,10,187,6,NA,unit_cv,NA,candidate_008,europe,Family
paleo,local,eu_r008_l001,pipeline_paleo_spatial_resolution,D:/GITHUB/BIODYNAMICS_vegetation_cooccurrence/Data/targets/paleo_spatial_local/eu_r008_l001/pipeline_paleo_spatial_resolution,family,Associations,0.3460897583445377,15.897238703379502,0.8862873250278935,0.8929172510518935,6,0.10270681384620207,0.6069031664589161,0.7197615554669728,spatially_stratified_group_kfold,5,grouped_kfold_feasible,10,187,6,NA,unit_cv,NA,candidate_008,europe,Family
paleo,local,eu_r008_l001,pipeline_paleo_spatial_resolution,D:/GITHUB/BIODYNAMICS_vegetation_cooccurrence/Data/targets/paleo_spatial_local/eu_r008_l001/pipeline_paleo_spatial_resolution,family,Spatial,0.7691698758430136,35.33094182912029,0.8862873250278935,0.8929172510518935,6,0.10270681384620207,0.6069031664589161,0.7197615554669728,spatially_stratified_group_kfold,5,grouped_kfold_feasible,10,187,6,NA,unit_cv,NA,candidate_008,europe,Family
paleo,local,eu_r008_l001,pipeline_paleo_spatial_resolution,D:/GITHUB/BIODYNAMICS_vegetation_cooccurrence/Data/targets/paleo_spatial_local/eu_r008_l001/pipeline_paleo_spatial_resolution,functional_type,Abiotic,0.8737401608568629,46.08098045585045,0.9113295630428451,0.9284543495955309,6,0.06249163132923728,0.4738786631879662,0.38689676412629664,spatially_stratified_group_kfold,5,grouped_kfold_feasible,10,187,4,NA,unit_cv,NA,candidate_004,europe,Functional type
paleo,local,eu_r008_l001,pipeline_paleo_spatial_resolution,D:/GITHUB/BIODYNAMICS_vegetation_cooccurrence/Data/targets/paleo_spatial_local/eu_r008_l001/pipeline_paleo_spatial_resolution,functional_type,Associations,0.23867783007144872,12.587848098891508,0.9113295630428451,0.9284543495955309,6,0.06249163132923728,0.4738786631879662,0.38689676412629664,spatially_stratified_group_kfold,5,grouped_kfold_feasible,10,187,4,NA,unit_cv,NA,candidate_004,europe,Functional type
paleo,local,eu_r008_l001,pipeline_paleo_spatial_resolution,D:/GITHUB/BIODYNAMICS_vegetation_cooccurrence/Data/targets/paleo_spatial_local/eu_r008_l001/pipeline_paleo_spatial_resolution,functional_type,Spatial,0.7836791671909287,41.33117144525804,0.9113295630428451,0.9284543495955309,6,0.06249163132923728,0.4738786631879662,0.38689676412629664,spatially_stratified_group_kfold,5,grouped_kfold_feasible,10,187,4,NA,unit_cv,NA,candidate_004,europe,Functional type
paleo,local,eu_r008_l001,pipeline_paleo_spatial_resolution,D:/GITHUB/BIODYNAMICS_vegetation_cooccurrence/Data/targets/paleo_spatial_local/eu_r008_l001/pipeline_paleo_spatial_resolution,genus,Abiotic,1.392819742989539,43.669317821080206,0.8305435065633332,0.8570060882417861,12,0.0811812150835958,0.5574258626618527,0.7394350901253829,spatially_stratified_group_kfold,5,grouped_kfold_feasible,10,187,12,NA,unit_cv,NA,candidate_004,europe,Genus
paleo,local,eu_r008_l001,pipeline_paleo_spatial_resolution,D:/GITHUB/BIODYNAMICS_vegetation_cooccurrence/Data/targets/paleo_spatial_local/eu_r008_l001/pipeline_paleo_spatial_resolution,genus,Associations,0.8907006888061328,27.926292442870842,0.8305435065633332,0.8570060882417861,12,0.0811812150835958,0.5574258626618527,0.7394350901253829,spatially_stratified_group_kfold,5,grouped_kfold_feasible,10,187,12,NA,unit_cv,NA,candidate_004,europe,Genus
paleo,local,eu_r008_l001,pipeline_paleo_spatial_resolution,D:/GITHUB/BIODYNAMICS_vegetation_cooccurrence/Data/targets/paleo_spatial_local/eu_r008_l001/pipeline_paleo_spatial_resolution,genus,Spatial,0.9059494580160535,28.40438973604895,0.8305435065633332,0.8570060882417861,12,0.0811812150835958,0.5574258626618527,0.7394350901253829,spatially_stratified_group_kfold,5,grouped_kfold_feasible,10,187,12,NA,unit_cv,NA,candidate_004,europe,Genus
paleo,local,eu_r008_l002,pipeline_paleo_spatial_resolution,D:/GITHUB/BIODYNAMICS_vegetation_cooccurrence/Data/targets/paleo_spatial_local/eu_r008_l002/pipeline_paleo_spatial_resolution,family,Abiotic,1.0885731207864826,47.29706381538379,0.7727234420820669,0.8298540965207631,9,0.09617540608252055,0.6525144431542422,0.4528302285759845,spatially_stratified_group_kfold,5,grouped_kfold_feasible,18,354,8,3,unit_cv,NA,candidate_004,europe,Family
paleo,local,eu_r008_l002,pipeline_paleo_spatial_resolution,D:/GITHUB/BIODYNAMICS_vegetation_cooccurrence/Data/targets/paleo_spatial_local/eu_r008_l002/pipeline_paleo_spatial_resolution,family,Associations,0.6150213066978085,26.721863175980953,0.7727234420820669,0.8298540965207631,9,0.09617540608252055,0.6525144431542422,0.4528302285759845,spatially_stratified_group_kfold,5,grouped_kfold_feasible,18,354,8,3,unit_cv,NA,candidate_004,europe,Family
paleo,local,eu_r008_l002,pipeline_paleo_spatial_resolution,D:/GITHUB/BIODYNAMICS_vegetation_cooccurrence/Data/targets/paleo_spatial_local/eu_r008_l002/pipeline_paleo_spatial_resolution,family,Spatial,0.5979715323722163,25.981073008635274,0.7727234420820669,0.8298540965207631,9,0.09617540608252055,0.6525144431542422,0.4528302285759845,spatially_stratified_group_kfold,5,grouped_kfold_feasible,18,354,8,3,unit_cv,NA,candidate_004,europe,Family
paleo,local,eu_r008_l002,pipeline_paleo_spatial_resolution,D:/GITHUB/BIODYNAMICS_vegetation_cooccurrence/Data/targets/paleo_spatial_local/eu_r008_l002/pipeline_paleo_spatial_resolution,functional_type,Abiotic,0.9502936029867686,55.14063447645825,0.8837679426937921,0.9474360528213361,6,0.1547766444524077,0.7319567872825904,0.3424379916024531,spatially_stratified_group_kfold,5,grouped_kfold_feasible,18,354,6,3,unit_cv,NA,candidate_004,europe,Functional type
paleo,local,eu_r008_l002,pipeline_paleo_spatial_resolution,D:/GITHUB/BIODYNAMICS_vegetation_cooccurrence/Data/targets/paleo_spatial_local/eu_r008_l002/pipeline_paleo_spatial_resolution,functional_type,Associations,0.3544528756902701,20.567071477843896,0.8837679426937921,0.9474360528213361,6,0.1547766444524077,0.7319567872825904,0.3424379916024531,spatially_stratified_group_kfold,5,grouped_kfold_feasible,18,354,6,3,unit_cv,NA,candidate_004,europe,Functional type
paleo,local,eu_r008_l002,pipeline_paleo_spatial_resolution,D:/GITHUB/BIODYNAMICS_vegetation_cooccurrence/Data/targets/paleo_spatial_local/eu_r008_l002/pipeline_paleo_spatial_resolution,functional_type,Spatial,0.41865335523761654,24.292294045697858,0.8837679426937921,0.9474360528213361,6,0.1547766444524077,0.7319567872825904,0.3424379916024531,spatially_stratified_group_kfold,5,grouped_kfold_feasible,18,354,6,3,unit_cv,NA,candidate_004,europe,Functional type
paleo,local,eu_r008_l002,pipeline_paleo_spatial_resolution,D:/GITHUB/BIODYNAMICS_vegetation_cooccurrence/Data/targets/paleo_spatial_local/eu_r008_l002/pipeline_paleo_spatial_resolution,genus,Abiotic,1.1073753981103676,40.042403270631475,0.90985062954039,0.9354964207905384,15,0.23110176677775673,0.7879978754659148,0.34005131303952196,spatially_stratified_group_kfold,5,grouped_kfold_feasible,18,354,15,3,unit_cv,NA,candidate_008,europe,Genus
paleo,local,eu_r008_l002,pipeline_paleo_spatial_resolution,D:/GITHUB/BIODYNAMICS_vegetation_cooccurrence/Data/targets/paleo_spatial_local/eu_r008_l002/pipeline_paleo_spatial_resolution,genus,Associations,1.0585170069437992,38.275696690745,0.90985062954039,0.9354964207905384,15,0.23110176677775673,0.7879978754659148,0.34005131303952196,spatially_stratified_group_kfold,5,grouped_kfold_feasible,18,354,15,3,unit_cv,NA,candidate_008,europe,Genus
paleo,local,eu_r008_l002,pipeline_paleo_spatial_resolution,D:/GITHUB/BIODYNAMICS_vegetation_cooccurrence/Data/targets/paleo_spatial_local/eu_r008_l002/pipeline_paleo_spatial_resolution,genus,Spatial,0.5996144268560853,21.68190003862353,0.90985062954039,0.9354964207905384,15,0.23110176677775673,0.7879978754659148,0.34005131303952196,spatially_stratified_group_kfold,5,grouped_kfold_feasible,18,354,15,3,unit_cv,NA,candidate_008,europe,Genus
paleo,local,eu_r008_l003,pipeline_paleo_spatial_resolution,D:/GITHUB/BIODYNAMICS_vegetation_cooccurrence/Data/targets/paleo_spatial_local/eu_r008_l003/pipeline_paleo_spatial_resolution,family,Abiotic,1.1089933809595185,41.66644561283089,0.9366926411767814,0.9289767544077889,6,0.32675975197070223,0.8418142793576756,0.4353000594426907,leave_one_location_out,7,leave_one_location_out_required,7,123,5,NA,unit_cv,NA,candidate_007,europe,Family
paleo,local,eu_r008_l003,pipeline_paleo_spatial_resolution,D:/GITHUB/BIODYNAMICS_vegetation_cooccurrence/Data/targets/paleo_spatial_local/eu_r008_l003/pipeline_paleo_spatial_resolution,family,Associations,0.7775750529733745,29.214591548397944,0.9366926411767814,0.9289767544077889,6,0.32675975197070223,0.8418142793576756,0.4353000594426907,leave_one_location_out,7,leave_one_location_out_required,7,123,5,NA,unit_cv,NA,candidate_007,europe,Family
paleo,local,eu_r008_l003,pipeline_paleo_spatial_resolution,D:/GITHUB/BIODYNAMICS_vegetation_cooccurrence/Data/targets/paleo_spatial_local/eu_r008_l003/pipeline_paleo_spatial_resolution,family,Spatial,0.7750298009259298,29.11896283877116,0.9366926411767814,0.9289767544077889,6,0.32675975197070223,0.8418142793576756,0.4353000594426907,leave_one_location_out,7,leave_one_location_out_required,7,123,5,NA,unit_cv,NA,candidate_007,europe,Family
paleo,local,eu_r008_l003,pipeline_paleo_spatial_resolution,D:/GITHUB/BIODYNAMICS_vegetation_cooccurrence/Data/targets/paleo_spatial_local/eu_r008_l003/pipeline_paleo_spatial_resolution,functional_type,Abiotic,1.1222671775855066,57.08704091488514,0.9794286458269712,0.9774281079586062,4,0.4115006557184006,0.8825098033456634,0.3011665883178968,leave_one_location_out,7,leave_one_location_out_required,7,123,4,NA,unit_cv,NA,candidate_008,europe,Functional type
paleo,local,eu_r008_l003,pipeline_paleo_spatial_resolution,D:/GITHUB/BIODYNAMICS_vegetation_cooccurrence/Data/targets/paleo_spatial_local/eu_r008_l003/pipeline_paleo_spatial_resolution,functional_type,Associations,0.3804300796162681,19.351566145800625,0.9794286458269712,0.9774281079586062,4,0.4115006557184006,0.8825098033456634,0.3011665883178968,leave_one_location_out,7,leave_one_location_out_required,7,123,4,NA,unit_cv,NA,candidate_008,europe,Functional type
paleo,local,eu_r008_l003,pipeline_paleo_spatial_resolution,D:/GITHUB/BIODYNAMICS_vegetation_cooccurrence/Data/targets/paleo_spatial_local/eu_r008_l003/pipeline_paleo_spatial_resolution,functional_type,Spatial,0.4631905513093888,23.561392939314242,0.9794286458269712,0.9774281079586062,4,0.4115006557184006,0.8825098033456634,0.3011665883178968,leave_one_location_out,7,leave_one_location_out_required,7,123,4,NA,unit_cv,NA,candidate_008,europe,Functional type
paleo,local,eu_r008_l003,pipeline_paleo_spatial_resolution,D:/GITHUB/BIODYNAMICS_vegetation_cooccurrence/Data/targets/paleo_spatial_local/eu_r008_l003/pipeline_paleo_spatial_resolution,genus,Abiotic,1.2499325043099287,40.51119139285787,0.9475430761682817,0.9495597936731657,10,0.31658169463611663,0.8344830663627456,0.4281636885505463,spatially_stratified_group_kfold,5,grouped_kfold_feasible,7,123,9,NA,unit_cv,NA,candidate_008,europe,Genus
paleo,local,eu_r008_l003,pipeline_paleo_spatial_resolution,D:/GITHUB/BIODYNAMICS_vegetation_cooccurrence/Data/targets/paleo_spatial_local/eu_r008_l003/pipeline_paleo_spatial_resolution,genus,Associations,1.0576569489268022,34.27940543846806,0.9475430761682817,0.9495597936731657,10,0.31658169463611663,0.8344830663627456,0.4281636885505463,spatially_stratified_group_kfold,5,grouped_kfold_feasible,7,123,9,NA,unit_cv,NA,candidate_008,europe,Genus
paleo,local,eu_r008_l003,pipeline_paleo_spatial_resolution,D:/GITHUB/BIODYNAMICS_vegetation_cooccurrence/Data/targets/paleo_spatial_local/eu_r008_l003/pipeline_paleo_spatial_resolution,genus,Spatial,0.7778110529806503,25.209403168674072,0.9475430761682817,0.9495597936731657,10,0.31658169463611663,0.8344830663627456,0.4281636885505463,spatially_stratified_group_kfold,5,grouped_kfold_feasible,7,123,9,NA,unit_cv,NA,candidate_008,europe,Genus
paleo,local,eu_r008_l004,pipeline_paleo_spatial_resolution,D:/GITHUB/BIODYNAMICS_vegetation_cooccurrence/Data/targets/paleo_spatial_local/eu_r008_l004/pipeline_paleo_spatial_resolution,family,Abiotic,0.9954613469092611,45.088778122741964,0.794044210340476,0.8205847810906322,8,0.08843646105078039,0.6592737467834048,0.4852506598784904,spatially_stratified_group_kfold,5,grouped_kfold_feasible,22,381,8,3,unit_cv,NA,candidate_004,europe,Family
paleo,local,eu_r008_l004,pipeline_paleo_spatial_resolution,D:/GITHUB/BIODYNAMICS_vegetation_cooccurrence/Data/targets/paleo_spatial_local/eu_r008_l004/pipeline_paleo_spatial_resolution,family,Associations,0.4882600436768326,22.115423008535693,0.794044210340476,0.8205847810906322,8,0.08843646105078039,0.6592737467834048,0.4852506598784904,spatially_stratified_group_kfold,5,grouped_kfold_feasible,22,381,8,3,unit_cv,NA,candidate_004,europe,Family
paleo,local,eu_r008_l004,pipeline_paleo_spatial_resolution,D:/GITHUB/BIODYNAMICS_vegetation_cooccurrence/Data/targets/paleo_spatial_local/eu_r008_l004/pipeline_paleo_spatial_resolution,family,Spatial,0.7240593219437241,32.79579886872234,0.794044210340476,0.8205847810906322,8,0.08843646105078039,0.6592737467834048,0.4852506598784904,spatially_stratified_group_kfold,5,grouped_kfold_feasible,22,381,8,3,unit_cv,NA,candidate_004,europe,Family
paleo,local,eu_r008_l004,pipeline_paleo_spatial_resolution,D:/GITHUB/BIODYNAMICS_vegetation_cooccurrence/Data/targets/paleo_spatial_local/eu_r008_l004/pipeline_paleo_spatial_resolution,functional_type,Abiotic,0.6059969247342101,48.480767704599586,0.8500539926978903,0.8291340378280914,4,0.13535265190647103,0.773673827559631,0.33207269119381416,spatially_stratified_group_kfold,5,grouped_kfold_feasible,22,381,4,3,unit_cv,NA,candidate_008,europe,Functional type
paleo,local,eu_r008_l004,pipeline_paleo_spatial_resolution,D:/GITHUB/BIODYNAMICS_vegetation_cooccurrence/Data/targets/paleo_spatial_local/eu_r008_l004/pipeline_paleo_spatial_resolution,functional_type,Associations,0.13710578266710183,10.96869196713572,0.8500539926978903,0.8291340378280914,4,0.13535265190647103,0.773673827559631,0.33207269119381416,spatially_stratified_group_kfold,5,grouped_kfold_feasible,22,381,4,3,unit_cv,NA,candidate_008,europe,Functional type
paleo,local,eu_r008_l004,pipeline_paleo_spatial_resolution,D:/GITHUB/BIODYNAMICS_vegetation_cooccurrence/Data/targets/paleo_spatial_local/eu_r008_l004/pipeline_paleo_spatial_resolution,functional_type,Spatial,0.5068711552789122,40.550540328264695,0.8500539926978903,0.8291340378280914,4,0.13535265190647103,0.773673827559631,0.33207269119381416,spatially_stratified_group_kfold,5,grouped_kfold_feasible,22,381,4,3,unit_cv,NA,candidate_008,europe,Functional type
paleo,local,eu_r008_l004,pipeline_paleo_spatial_resolution,D:/GITHUB/BIODYNAMICS_vegetation_cooccurrence/Data/targets/paleo_spatial_local/eu_r008_l004/pipeline_paleo_spatial_resolution,genus,Abiotic,1.0744798244534552,41.270735427304686,0.8045439517500526,0.8370145766106598,13,0.1258984055440624,0.6685200101777674,0.34445123015305373,spatially_stratified_group_kfold,5,grouped_kfold_feasible,22,381,13,3,unit_cv,NA,candidate_008,europe,Genus
paleo,local,eu_r008_l004,pipeline_paleo_spatial_resolution,D:/GITHUB/BIODYNAMICS_vegetation_cooccurrence/Data/targets/paleo_spatial_local/eu_r008_l004/pipeline_paleo_spatial_resolution,genus,Associations,0.7839557722125778,30.111715944178886,0.8045439517500526,0.8370145766106598,13,0.1258984055440624,0.6685200101777674,0.34445123015305373,spatially_stratified_group_kfold,5,grouped_kfold_feasible,22,381,13,3,unit_cv,NA,candidate_008,europe,Genus
paleo,local,eu_r008_l004,pipeline_paleo_spatial_resolution,D:/GITHUB/BIODYNAMICS_vegetation_cooccurrence/Data/targets/paleo_spatial_local/eu_r008_l004/pipeline_paleo_spatial_resolution,genus,Spatial,0.7450552627252931,28.61754862851643,0.8045439517500526,0.8370145766106598,13,0.1258984055440624,0.6685200101777674,0.34445123015305373,spatially_stratified_group_kfold,5,grouped_kfold_feasible,22,381,13,3,unit_cv,NA,candidate_008,europe,Genus
paleo,local,eu_r008_l005,pipeline_paleo_spatial_resolution,D:/GITHUB/BIODYNAMICS_vegetation_cooccurrence/Data/targets/paleo_spatial_local/eu_r008_l005/pipeline_paleo_spatial_resolution,family,Abiotic,0.7100982198566292,51.75095047580797,0.9058824038755132,0.9011627906976745,3,NA,NA,NA,none,NA,tier_pooled_regularization_required,5,90,3,NA,tier_pooled,paleo_spatial_local,candidate_004,europe,Family
paleo,local,eu_r008_l005,pipeline_paleo_spatial_resolution,D:/GITHUB/BIODYNAMICS_vegetation_cooccurrence/Data/targets/paleo_spatial_local/eu_r008_l005/pipeline_paleo_spatial_resolution,family,Associations,0.137946521490436,10.053346709421254,0.9058824038755132,0.9011627906976745,3,NA,NA,NA,none,NA,tier_pooled_regularization_required,5,90,3,NA,tier_pooled,paleo_spatial_local,candidate_004,europe,Family
paleo,local,eu_r008_l005,pipeline_paleo_spatial_resolution,D:/GITHUB/BIODYNAMICS_vegetation_cooccurrence/Data/targets/paleo_spatial_local/eu_r008_l005/pipeline_paleo_spatial_resolution,family,Spatial,0.5241005300496002,38.19570281477077,0.9058824038755132,0.9011627906976745,3,NA,NA,NA,none,NA,tier_pooled_regularization_required,5,90,3,NA,tier_pooled,paleo_spatial_local,candidate_004,europe,Family
paleo,local,eu_r008_l005,pipeline_paleo_spatial_resolution,D:/GITHUB/BIODYNAMICS_vegetation_cooccurrence/Data/targets/paleo_spatial_local/eu_r008_l005/pipeline_paleo_spatial_resolution,functional_type,Abiotic,0.8602846512551479,64.97551463922292,0.9596053171634567,0.998001998001998,3,NA,NA,NA,none,NA,tier_pooled_regularization_required,5,90,3,NA,tier_pooled,paleo_spatial_local,candidate_004,europe,Functional type
paleo,local,eu_r008_l005,pipeline_paleo_spatial_resolution,D:/GITHUB/BIODYNAMICS_vegetation_cooccurrence/Data/targets/paleo_spatial_local/eu_r008_l005/pipeline_paleo_spatial_resolution,functional_type,Associations,0.07268380949427794,5.489657313936282,0.9596053171634567,0.998001998001998,3,NA,NA,NA,none,NA,tier_pooled_regularization_required,5,90,3,NA,tier_pooled,paleo_spatial_local,candidate_004,europe,Functional type
paleo,local,eu_r008_l005,pipeline_paleo_spatial_resolution,D:/GITHUB/BIODYNAMICS_vegetation_cooccurrence/Data/targets/paleo_spatial_local/eu_r008_l005/pipeline_paleo_spatial_resolution,functional_type,Spatial,0.3910451404230858,29.534828046840794,0.9596053171634567,0.998001998001998,3,NA,NA,NA,none,NA,tier_pooled_regularization_required,5,90,3,NA,tier_pooled,paleo_spatial_local,candidate_004,europe,Functional type
paleo,local,eu_r008_l005,pipeline_paleo_spatial_resolution,D:/GITHUB/BIODYNAMICS_vegetation_cooccurrence/Data/targets/paleo_spatial_local/eu_r008_l005/pipeline_paleo_spatial_resolution,genus,Abiotic,1.0149232471928413,57.90744309730892,0.9295019283893006,0.9406487232574189,5,NA,NA,NA,none,NA,tier_pooled_regularization_required,5,90,5,NA,tier_pooled,paleo_spatial_local,candidate_004,europe,Genus
paleo,local,eu_r008_l005,pipeline_paleo_spatial_resolution,D:/GITHUB/BIODYNAMICS_vegetation_cooccurrence/Data/targets/paleo_spatial_local/eu_r008_l005/pipeline_paleo_spatial_resolution,genus,Associations,0.2465168411179705,14.065260588966346,0.9295019283893006,0.9406487232574189,5,NA,NA,NA,none,NA,tier_pooled_regularization_required,5,90,5,NA,tier_pooled,paleo_spatial_local,candidate_004,europe,Genus
paleo,local,eu_r008_l005,pipeline_paleo_spatial_resolution,D:/GITHUB/BIODYNAMICS_vegetation_cooccurrence/Data/targets/paleo_spatial_local/eu_r008_l005/pipeline_paleo_spatial_resolution,genus,Spatial,0.4912244965981478,28.027296313724737,0.9295019283893006,0.9406487232574189,5,NA,NA,NA,none,NA,tier_pooled_regularization_required,5,90,5,NA,tier_pooled,paleo_spatial_local,candidate_004,europe,Genus
paleo,local,eu_r008_l007,pipeline_paleo_spatial_resolution,D:/GITHUB/BIODYNAMICS_vegetation_cooccurrence/Data/targets/paleo_spatial_local/eu_r008_l007/pipeline_paleo_spatial_resolution,functional_type,Abiotic,0.6197011551690952,45.419694845398425,0.9528153988884369,0.9544649633189982,3,NA,NA,NA,none,NA,tier_pooled_regularization_required,5,126,3,NA,tier_pooled,paleo_spatial_local,candidate_004,europe,Functional type
paleo,local,eu_r008_l007,pipeline_paleo_spatial_resolution,D:/GITHUB/BIODYNAMICS_vegetation_cooccurrence/Data/targets/paleo_spatial_local/eu_r008_l007/pipeline_paleo_spatial_resolution,functional_type,Associations,0.2305603951455712,16.898440003857797,0.9528153988884369,0.9544649633189982,3,NA,NA,NA,none,NA,tier_pooled_regularization_required,5,126,3,NA,tier_pooled,paleo_spatial_local,candidate_004,europe,Functional type
paleo,local,eu_r008_l007,pipeline_paleo_spatial_resolution,D:/GITHUB/BIODYNAMICS_vegetation_cooccurrence/Data/targets/paleo_spatial_local/eu_r008_l007/pipeline_paleo_spatial_resolution,functional_type,Spatial,0.5141270861093815,37.681865150743775,0.9528153988884369,0.9544649633189982,3,NA,NA,NA,none,NA,tier_pooled_regularization_required,5,126,3,NA,tier_pooled,paleo_spatial_local,candidate_004,europe,Functional type
paleo,local,eu_r008_l008,pipeline_paleo_spatial_resolution,D:/GITHUB/BIODYNAMICS_vegetation_cooccurrence/Data/targets/paleo_spatial_local/eu_r008_l008/pipeline_paleo_spatial_resolution,family,Abiotic,1.0757507042466665,53.80437422821388,0.8054484738782357,0.8461897654803259,8,0.12103190391915863,0.610177075162278,0.37558700409735896,spatially_stratified_group_kfold,5,grouped_kfold_feasible,27,536,6,3,unit_cv,NA,candidate_008,europe,Family
paleo,local,eu_r008_l008,pipeline_paleo_spatial_resolution,D:/GITHUB/BIODYNAMICS_vegetation_cooccurrence/Data/targets/paleo_spatial_local/eu_r008_l008/pipeline_paleo_spatial_resolution,family,Associations,0.4882159404452309,24.41843919803874,0.8054484738782357,0.8461897654803259,8,0.12103190391915863,0.610177075162278,0.37558700409735896,spatially_stratified_group_kfold,5,grouped_kfold_feasible,27,536,6,3,unit_cv,NA,candidate_008,europe,Family
paleo,local,eu_r008_l008,pipeline_paleo_spatial_resolution,D:/GITHUB/BIODYNAMICS_vegetation_cooccurrence/Data/targets/paleo_spatial_local/eu_r008_l008/pipeline_paleo_spatial_resolution,family,Spatial,0.4354074204794907,21.77718657374738,0.8054484738782357,0.8461897654803259,8,0.12103190391915863,0.610177075162278,0.37558700409735896,spatially_stratified_group_kfold,5,grouped_kfold_feasible,27,536,6,3,unit_cv,NA,candidate_008,europe,Family
paleo,local,eu_r008_l008,pipeline_paleo_spatial_resolution,D:/GITHUB/BIODYNAMICS_vegetation_cooccurrence/Data/targets/paleo_spatial_local/eu_r008_l008/pipeline_paleo_spatial_resolution,functional_type,Abiotic,0.6879108754853398,55.20309081365612,0.8726224618489624,0.8731031698420775,4,0.07149287963274423,0.7083443555490296,0.3284613021214071,spatially_stratified_group_kfold,5,grouped_kfold_feasible,27,536,4,3,unit_cv,NA,candidate_004,europe,Functional type
paleo,local,eu_r008_l008,pipeline_paleo_spatial_resolution,D:/GITHUB/BIODYNAMICS_vegetation_cooccurrence/Data/targets/paleo_spatial_local/eu_r008_l008/pipeline_paleo_spatial_resolution,functional_type,Associations,0.16874433021580731,13.541301521975003,0.8726224618489624,0.8731031698420775,4,0.07149287963274423,0.7083443555490296,0.3284613021214071,spatially_stratified_group_kfold,5,grouped_kfold_feasible,27,536,4,3,unit_cv,NA,candidate_004,europe,Functional type
paleo,local,eu_r008_l008,pipeline_paleo_spatial_resolution,D:/GITHUB/BIODYNAMICS_vegetation_cooccurrence/Data/targets/paleo_spatial_local/eu_r008_l008/pipeline_paleo_spatial_resolution,functional_type,Spatial,0.38949037300830547,31.255607664368867,0.8726224618489624,0.8731031698420775,4,0.07149287963274423,0.7083443555490296,0.3284613021214071,spatially_stratified_group_kfold,5,grouped_kfold_feasible,27,536,4,3,unit_cv,NA,candidate_004,europe,Functional type
paleo,local,eu_r008_l008,pipeline_paleo_spatial_resolution,D:/GITHUB/BIODYNAMICS_vegetation_cooccurrence/Data/targets/paleo_spatial_local/eu_r008_l008/pipeline_paleo_spatial_resolution,genus,Abiotic,1.0685895725236865,44.58108470250708,0.7731531419817164,0.8358108249815517,10,0.06483773555198603,0.5872814864025714,0.5552487430728885,spatially_stratified_group_kfold,5,grouped_kfold_feasible,27,536,9,3,unit_cv,NA,candidate_004,europe,Genus
paleo,local,eu_r008_l008,pipeline_paleo_spatial_resolution,D:/GITHUB/BIODYNAMICS_vegetation_cooccurrence/Data/targets/paleo_spatial_local/eu_r008_l008/pipeline_paleo_spatial_resolution,genus,Associations,0.757633323467023,31.608127418983035,0.7731531419817164,0.8358108249815517,10,0.06483773555198603,0.5872814864025714,0.5552487430728885,spatially_stratified_group_kfold,5,grouped_kfold_feasible,27,536,9,3,unit_cv,NA,candidate_004,europe,Genus
paleo,local,eu_r008_l008,pipeline_paleo_spatial_resolution,D:/GITHUB/BIODYNAMICS_vegetation_cooccurrence/Data/targets/paleo_spatial_local/eu_r008_l008/pipeline_paleo_spatial_resolution,genus,Spatial,0.5707344226893201,23.81078787850989,0.7731531419817164,0.8358108249815517,10,0.06483773555198603,0.5872814864025714,0.5552487430728885,spatially_stratified_group_kfold,5,grouped_kfold_feasible,27,536,9,3,unit_cv,NA,candidate_004,europe,Genus
paleo,local,eu_r009_l001,pipeline_paleo_spatial_resolution,D:/GITHUB/BIODYNAMICS_vegetation_cooccurrence/Data/targets/paleo_spatial_local/eu_r009_l001/pipeline_paleo_spatial_resolution,genus,Abiotic,1.1361485031350425,50.53154963927247,0.9069726899402893,0.8970365924147436,6,0.2172099068087377,0.7055291232046986,0.4088562274970976,spatially_stratified_group_kfold,5,grouped_kfold_feasible,9,105,5,NA,unit_cv,NA,candidate_008,europe,Genus
paleo,local,eu_r009_l001,pipeline_paleo_spatial_resolution,D:/GITHUB/BIODYNAMICS_vegetation_cooccurrence/Data/targets/paleo_spatial_local/eu_r009_l001/pipeline_paleo_spatial_resolution,genus,Associations,0.5248415742208071,23.34295031618796,0.9069726899402893,0.8970365924147436,6,0.2172099068087377,0.7055291232046986,0.4088562274970976,spatially_stratified_group_kfold,5,grouped_kfold_feasible,9,105,5,NA,unit_cv,NA,candidate_008,europe,Genus
paleo,local,eu_r009_l001,pipeline_paleo_spatial_resolution,D:/GITHUB/BIODYNAMICS_vegetation_cooccurrence/Data/targets/paleo_spatial_local/eu_r009_l001/pipeline_paleo_spatial_resolution,genus,Spatial,0.5874042648830488,26.125500044539578,0.9069726899402893,0.8970365924147436,6,0.2172099068087377,0.7055291232046986,0.4088562274970976,spatially_stratified_group_kfold,5,grouped_kfold_feasible,9,105,5,NA,unit_cv,NA,candidate_008,europe,Genus
paleo,local,eu_r009_l002,pipeline_paleo_spatial_resolution,D:/GITHUB/BIODYNAMICS_vegetation_cooccurrence/Data/targets/paleo_spatial_local/eu_r009_l002/pipeline_paleo_spatial_resolution,functional_type,Abiotic,0.8154370666456557,66.22106341914761,0.8910075328674293,0.9106002554278416,3,NA,NA,NA,spatially_stratified_group_kfold,5,grouped_kfold_feasible,7,137,3,NA,tier_pooled,paleo_spatial_local,candidate_004,europe,Functional type
paleo,local,eu_r009_l002,pipeline_paleo_spatial_resolution,D:/GITHUB/BIODYNAMICS_vegetation_cooccurrence/Data/targets/paleo_spatial_local/eu_r009_l002/pipeline_paleo_spatial_resolution,functional_type,Associations,0.190738916032879,15.489771524699972,0.8910075328674293,0.9106002554278416,3,NA,NA,NA,spatially_stratified_group_kfold,5,grouped_kfold_feasible,7,137,3,NA,tier_pooled,paleo_spatial_local,candidate_004,europe,Functional type
paleo,local,eu_r009_l002,pipeline_paleo_spatial_resolution,D:/GITHUB/BIODYNAMICS_vegetation_cooccurrence/Data/targets/paleo_spatial_local/eu_r009_l002/pipeline_paleo_spatial_resolution,functional_type,Spatial,0.22521026293991703,18.289165056152413,0.8910075328674293,0.9106002554278416,3,NA,NA,NA,spatially_stratified_group_kfold,5,grouped_kfold_feasible,7,137,3,NA,tier_pooled,paleo_spatial_local,candidate_004,europe,Functional type
paleo,local,eu_r009_l002,pipeline_paleo_spatial_resolution,D:/GITHUB/BIODYNAMICS_vegetation_cooccurrence/Data/targets/paleo_spatial_local/eu_r009_l002/pipeline_paleo_spatial_resolution,genus,Abiotic,0.9140159488185355,58.06455055792625,0.907641787991704,0.908428463350599,4,NA,NA,NA,spatially_stratified_group_kfold,5,grouped_kfold_feasible,7,137,4,NA,tier_pooled,paleo_spatial_local,candidate_004,europe,Genus
paleo,local,eu_r009_l002,pipeline_paleo_spatial_resolution,D:/GITHUB/BIODYNAMICS_vegetation_cooccurrence/Data/targets/paleo_spatial_local/eu_r009_l002/pipeline_paleo_spatial_resolution,genus,Associations,0.3140188347657533,19.948626203914458,0.907641787991704,0.908428463350599,4,NA,NA,NA,spatially_stratified_group_kfold,5,grouped_kfold_feasible,7,137,4,NA,tier_pooled,paleo_spatial_local,candidate_004,europe,Genus
paleo,local,eu_r009_l002,pipeline_paleo_spatial_resolution,D:/GITHUB/BIODYNAMICS_vegetation_cooccurrence/Data/targets/paleo_spatial_local/eu_r009_l002/pipeline_paleo_spatial_resolution,genus,Spatial,0.34610286156409925,21.986823238159293,0.907641787991704,0.908428463350599,4,NA,NA,NA,spatially_stratified_group_kfold,5,grouped_kfold_feasible,7,137,4,NA,tier_pooled,paleo_spatial_local,candidate_004,europe,Genus
paleo,local,eu_r009_l003,pipeline_paleo_spatial_resolution,D:/GITHUB/BIODYNAMICS_vegetation_cooccurrence/Data/targets/paleo_spatial_local/eu_r009_l003/pipeline_paleo_spatial_resolution,family,Abiotic,0.8242547559753959,47.17640622312477,0.8682789918514973,0.8719654140339208,5,NA,NA,NA,none,NA,tier_pooled_regularization_required,6,128,4,NA,tier_pooled,paleo_spatial_local,candidate_004,europe,Family
paleo,local,eu_r009_l003,pipeline_paleo_spatial_resolution,D:/GITHUB/BIODYNAMICS_vegetation_cooccurrence/Data/targets/paleo_spatial_local/eu_r009_l003/pipeline_paleo_spatial_resolution,family,Associations,0.22213811227792146,12.714124785437262,0.8682789918514973,0.8719654140339208,5,NA,NA,NA,none,NA,tier_pooled_regularization_required,6,128,4,NA,tier_pooled,paleo_spatial_local,candidate_004,europe,Family
paleo,local,eu_r009_l003,pipeline_paleo_spatial_resolution,D:/GITHUB/BIODYNAMICS_vegetation_cooccurrence/Data/targets/paleo_spatial_local/eu_r009_l003/pipeline_paleo_spatial_resolution,family,Spatial,0.7007829383925173,40.10946899143797,0.8682789918514973,0.8719654140339208,5,NA,NA,NA,none,NA,tier_pooled_regularization_required,6,128,4,NA,tier_pooled,paleo_spatial_local,candidate_004,europe,Family
paleo,local,eu_r009_l003,pipeline_paleo_spatial_resolution,D:/GITHUB/BIODYNAMICS_vegetation_cooccurrence/Data/targets/paleo_spatial_local/eu_r009_l003/pipeline_paleo_spatial_resolution,functional_type,Abiotic,0.6419682244715527,42.3040052961989,0.735025791240599,0.8248753987240829,4,0.04100639341089916,0.6415760044049518,0.5531879743394637,leave_one_location_out,6,leave_one_location_out_required,6,128,4,NA,unit_cv,NA,candidate_004,europe,Functional type
paleo,local,eu_r009_l003,pipeline_paleo_spatial_resolution,D:/GITHUB/BIODYNAMICS_vegetation_cooccurrence/Data/targets/paleo_spatial_local/eu_r009_l003/pipeline_paleo_spatial_resolution,functional_type,Associations,0.2794988509802569,18.418233833743656,0.735025791240599,0.8248753987240829,4,0.04100639341089916,0.6415760044049518,0.5531879743394637,leave_one_location_out,6,leave_one_location_out_required,6,128,4,NA,unit_cv,NA,candidate_004,europe,Functional type
paleo,local,eu_r009_l003,pipeline_paleo_spatial_resolution,D:/GITHUB/BIODYNAMICS_vegetation_cooccurrence/Data/targets/paleo_spatial_local/eu_r009_l003/pipeline_paleo_spatial_resolution,functional_type,Spatial,0.5960446116253355,39.27776087005745,0.735025791240599,0.8248753987240829,4,0.04100639341089916,0.6415760044049518,0.5531879743394637,leave_one_location_out,6,leave_one_location_out_required,6,128,4,NA,unit_cv,NA,candidate_004,europe,Functional type
paleo,local,eu_r009_l003,pipeline_paleo_spatial_resolution,D:/GITHUB/BIODYNAMICS_vegetation_cooccurrence/Data/targets/paleo_spatial_local/eu_r009_l003/pipeline_paleo_spatial_resolution,genus,Abiotic,1.2542139895134299,49.189983812496216,0.7950588799056155,0.8395403336385872,8,0.1728723829109863,0.7345616741671086,0.5587037563352217,leave_one_location_out,6,leave_one_location_out_required,6,128,6,NA,unit_cv,NA,candidate_004,europe,Genus
paleo,local,eu_r009_l003,pipeline_paleo_spatial_resolution,D:/GITHUB/BIODYNAMICS_vegetation_cooccurrence/Data/targets/paleo_spatial_local/eu_r009_l003/pipeline_paleo_spatial_resolution,genus,Associations,0.7638022386239782,29.95614788863711,0.7950588799056155,0.8395403336385872,8,0.1728723829109863,0.7345616741671086,0.5587037563352217,leave_one_location_out,6,leave_one_location_out_required,6,128,6,NA,unit_cv,NA,candidate_004,europe,Genus
paleo,local,eu_r009_l003,pipeline_paleo_spatial_resolution,D:/GITHUB/BIODYNAMICS_vegetation_cooccurrence/Data/targets/paleo_spatial_local/eu_r009_l003/pipeline_paleo_spatial_resolution,genus,Spatial,0.5317182753222366,20.853868298866683,0.7950588799056155,0.8395403336385872,8,0.1728723829109863,0.7345616741671086,0.5587037563352217,leave_one_location_out,6,leave_one_location_out_required,6,128,6,NA,unit_cv,NA,candidate_004,europe,Genus
paleo,regional,am_r002,pipeline_paleo_spatial_resolution,D:/GITHUB/BIODYNAMICS_vegetation_cooccurrence/Data/targets/paleo_spatial_regional/am_r002/pipeline_paleo_spatial_resolution,family,Abiotic,0.6989192849803402,44.37177992804865,0.8199545808782375,0.8666943866943867,9,0.051652070808123306,0.5719988088058422,0.33552226538784397,spatially_stratified_group_kfold,5,grouped_kfold_feasible,40,964,9,4,unit_cv,NA,candidate_008,america,Family
paleo,regional,am_r002,pipeline_paleo_spatial_resolution,D:/GITHUB/BIODYNAMICS_vegetation_cooccurrence/Data/targets/paleo_spatial_regional/am_r002/pipeline_paleo_spatial_resolution,family,Associations,0.2823395723192022,17.92468692329675,0.8199545808782375,0.8666943866943867,9,0.051652070808123306,0.5719988088058422,0.33552226538784397,spatially_stratified_group_kfold,5,grouped_kfold_feasible,40,964,9,4,unit_cv,NA,candidate_008,america,Family
paleo,regional,am_r002,pipeline_paleo_spatial_resolution,D:/GITHUB/BIODYNAMICS_vegetation_cooccurrence/Data/targets/paleo_spatial_regional/am_r002/pipeline_paleo_spatial_resolution,family,Spatial,0.5938848176075207,37.70353314865459,0.8199545808782375,0.8666943866943867,9,0.051652070808123306,0.5719988088058422,0.33552226538784397,spatially_stratified_group_kfold,5,grouped_kfold_feasible,40,964,9,4,unit_cv,NA,candidate_008,america,Family
paleo,regional,am_r002,pipeline_paleo_spatial_resolution,D:/GITHUB/BIODYNAMICS_vegetation_cooccurrence/Data/targets/paleo_spatial_regional/am_r002/pipeline_paleo_spatial_resolution,functional_type,Abiotic,0.7624320476500083,45.70693310944805,0.7925124445782827,0.8403821264197703,9,0.07842632887368543,0.5827636012194204,0.29426918050536466,spatially_stratified_group_kfold,5,grouped_kfold_feasible,40,964,9,4,unit_cv,NA,candidate_008,america,Functional type
paleo,regional,am_r002,pipeline_paleo_spatial_resolution,D:/GITHUB/BIODYNAMICS_vegetation_cooccurrence/Data/targets/paleo_spatial_regional/am_r002/pipeline_paleo_spatial_resolution,functional_type,Associations,0.38301833187662315,22.96151287021126,0.7925124445782827,0.8403821264197703,9,0.07842632887368543,0.5827636012194204,0.29426918050536466,spatially_stratified_group_kfold,5,grouped_kfold_feasible,40,964,9,4,unit_cv,NA,candidate_008,america,Functional type
paleo,regional,am_r002,pipeline_paleo_spatial_resolution,D:/GITHUB/BIODYNAMICS_vegetation_cooccurrence/Data/targets/paleo_spatial_regional/am_r002/pipeline_paleo_spatial_resolution,functional_type,Spatial,0.522638017094332,31.33155402034069,0.7925124445782827,0.8403821264197703,9,0.07842632887368543,0.5827636012194204,0.29426918050536466,spatially_stratified_group_kfold,5,grouped_kfold_feasible,40,964,9,4,unit_cv,NA,candidate_008,america,Functional type
paleo,regional,am_r002,pipeline_paleo_spatial_resolution,D:/GITHUB/BIODYNAMICS_vegetation_cooccurrence/Data/targets/paleo_spatial_regional/am_r002/pipeline_paleo_spatial_resolution,genus,Abiotic,1.1107744232080718,42.16209520790741,0.8188949277807597,0.8327543578454761,18,0.08172028824110299,0.5570382961426752,0.357825371805912,spatially_stratified_group_kfold,5,grouped_kfold_feasible,40,964,18,4,unit_cv,NA,candidate_008,america,Genus
paleo,regional,am_r002,pipeline_paleo_spatial_resolution,D:/GITHUB/BIODYNAMICS_vegetation_cooccurrence/Data/targets/paleo_spatial_regional/am_r002/pipeline_paleo_spatial_resolution,genus,Associations,0.8827292398707701,33.5060958162371,0.8188949277807597,0.8327543578454761,18,0.08172028824110299,0.5570382961426752,0.357825371805912,spatially_stratified_group_kfold,5,grouped_kfold_feasible,40,964,18,4,unit_cv,NA,candidate_008,america,Genus
paleo,regional,am_r002,pipeline_paleo_spatial_resolution,D:/GITHUB/BIODYNAMICS_vegetation_cooccurrence/Data/targets/paleo_spatial_regional/am_r002/pipeline_paleo_spatial_resolution,genus,Spatial,0.64102960129211,24.33180897585549,0.8188949277807597,0.8327543578454761,18,0.08172028824110299,0.5570382961426752,0.357825371805912,spatially_stratified_group_kfold,5,grouped_kfold_feasible,40,964,18,4,unit_cv,NA,candidate_008,america,Genus
paleo,regional,am_r003,pipeline_paleo_spatial_resolution,D:/GITHUB/BIODYNAMICS_vegetation_cooccurrence/Data/targets/paleo_spatial_regional/am_r003/pipeline_paleo_spatial_resolution,genus,Abiotic,0.9990582163993904,54.339115589300846,0.7880382704872697,0.8948587308939324,5,NA,NA,NA,spatially_stratified_group_kfold,5,grouped_kfold_feasible,7,161,5,NA,tier_pooled,paleo_spatial_regional,candidate_004,america,Genus
paleo,regional,am_r003,pipeline_paleo_spatial_resolution,D:/GITHUB/BIODYNAMICS_vegetation_cooccurrence/Data/targets/paleo_spatial_regional/am_r003/pipeline_paleo_spatial_resolution,genus,Associations,0.4663098398493844,25.362750510501208,0.7880382704872697,0.8948587308939324,5,NA,NA,NA,spatially_stratified_group_kfold,5,grouped_kfold_feasible,7,161,5,NA,tier_pooled,paleo_spatial_regional,candidate_004,america,Genus
paleo,regional,am_r003,pipeline_paleo_spatial_resolution,D:/GITHUB/BIODYNAMICS_vegetation_cooccurrence/Data/targets/paleo_spatial_regional/am_r003/pipeline_paleo_spatial_resolution,genus,Spatial,0.3731937340283215,20.298133900197943,0.7880382704872697,0.8948587308939324,5,NA,NA,NA,spatially_stratified_group_kfold,5,grouped_kfold_feasible,7,161,5,NA,tier_pooled,paleo_spatial_regional,candidate_004,america,Genus
paleo,regional,am_r004,pipeline_paleo_spatial_resolution,D:/GITHUB/BIODYNAMICS_vegetation_cooccurrence/Data/targets/paleo_spatial_regional/am_r004/pipeline_paleo_spatial_resolution,family,Abiotic,0.5940925662436936,36.88954889900822,0.7430390258861417,0.7535524058860702,9,0.012179294452246784,0.4569344159053383,0.4762272736251345,spatially_stratified_group_kfold,5,grouped_kfold_feasible,37,773,9,4,unit_cv,NA,candidate_008,america,Family
paleo,regional,am_r004,pipeline_paleo_spatial_resolution,D:/GITHUB/BIODYNAMICS_vegetation_cooccurrence/Data/targets/paleo_spatial_regional/am_r004/pipeline_paleo_spatial_resolution,family,Associations,0.4543211760095562,28.2105924068821,0.7430390258861417,0.7535524058860702,9,0.012179294452246784,0.4569344159053383,0.4762272736251345,spatially_stratified_group_kfold,5,grouped_kfold_feasible,37,773,9,4,unit_cv,NA,candidate_008,america,Family
paleo,regional,am_r004,pipeline_paleo_spatial_resolution,D:/GITHUB/BIODYNAMICS_vegetation_cooccurrence/Data/targets/paleo_spatial_regional/am_r004/pipeline_paleo_spatial_resolution,family,Spatial,0.5620493400417625,34.899858694109675,0.7430390258861417,0.7535524058860702,9,0.012179294452246784,0.4569344159053383,0.4762272736251345,spatially_stratified_group_kfold,5,grouped_kfold_feasible,37,773,9,4,unit_cv,NA,candidate_008,america,Family
paleo,regional,am_r004,pipeline_paleo_spatial_resolution,D:/GITHUB/BIODYNAMICS_vegetation_cooccurrence/Data/targets/paleo_spatial_regional/am_r004/pipeline_paleo_spatial_resolution,functional_type,Abiotic,0.5717325863386502,43.83152897280269,0.7563625562164731,0.7849604735864831,8,-0.0019972021548921325,0.4450559126866637,0.3673555994504525,spatially_stratified_group_kfold,5,grouped_kfold_feasible,37,773,8,4,unit_cv,NA,candidate_008,america,Functional type
paleo,regional,am_r004,pipeline_paleo_spatial_resolution,D:/GITHUB/BIODYNAMICS_vegetation_cooccurrence/Data/targets/paleo_spatial_regional/am_r004/pipeline_paleo_spatial_resolution,functional_type,Associations,0.20970723109463746,16.07707658294349,0.7563625562164731,0.7849604735864831,8,-0.0019972021548921325,0.4450559126866637,0.3673555994504525,spatially_stratified_group_kfold,5,grouped_kfold_feasible,37,773,8,4,unit_cv,NA,candidate_008,america,Functional type
paleo,regional,am_r004,pipeline_paleo_spatial_resolution,D:/GITHUB/BIODYNAMICS_vegetation_cooccurrence/Data/targets/paleo_spatial_regional/am_r004/pipeline_paleo_spatial_resolution,functional_type,Spatial,0.5229467730810619,40.09139444425383,0.7563625562164731,0.7849604735864831,8,-0.0019972021548921325,0.4450559126866637,0.3673555994504525,spatially_stratified_group_kfold,5,grouped_kfold_feasible,37,773,8,4,unit_cv,NA,candidate_008,america,Functional type
paleo,regional,am_r004,pipeline_paleo_spatial_resolution,D:/GITHUB/BIODYNAMICS_vegetation_cooccurrence/Data/targets/paleo_spatial_regional/am_r004/pipeline_paleo_spatial_resolution,genus,Abiotic,0.7054278529493307,30.092971351638592,0.7862971401587512,0.7694041059215244,14,0.052726416711117254,0.5099922836044465,0.46186087074666465,spatially_stratified_group_kfold,5,grouped_kfold_feasible,37,773,14,4,unit_cv,NA,candidate_008,america,Genus
paleo,regional,am_r004,pipeline_paleo_spatial_resolution,D:/GITHUB/BIODYNAMICS_vegetation_cooccurrence/Data/targets/paleo_spatial_regional/am_r004/pipeline_paleo_spatial_resolution,genus,Associations,0.8901675458438695,37.97381453431511,0.7862971401587512,0.7694041059215244,14,0.052726416711117254,0.5099922836044465,0.46186087074666465,spatially_stratified_group_kfold,5,grouped_kfold_feasible,37,773,14,4,unit_cv,NA,candidate_008,america,Genus
paleo,regional,am_r004,pipeline_paleo_spatial_resolution,D:/GITHUB/BIODYNAMICS_vegetation_cooccurrence/Data/targets/paleo_spatial_regional/am_r004/pipeline_paleo_spatial_resolution,genus,Spatial,0.7485661155562943,31.933214114046304,0.7862971401587512,0.7694041059215244,14,0.052726416711117254,0.5099922836044465,0.46186087074666465,spatially_stratified_group_kfold,5,grouped_kfold_feasible,37,773,14,4,unit_cv,NA,candidate_008,america,Genus
paleo,regional,am_r005,pipeline_paleo_spatial_resolution,D:/GITHUB/BIODYNAMICS_vegetation_cooccurrence/Data/targets/paleo_spatial_regional/am_r005/pipeline_paleo_spatial_resolution,family,Abiotic,0.7431204149916673,37.138800450063776,0.782129058727553,0.807957209223032,7,0.12153842957584729,0.6866813831984823,0.4214266413352237,spatially_stratified_group_kfold,5,grouped_kfold_feasible,53,1087,7,4,unit_cv,NA,candidate_004,america,Family
paleo,regional,am_r005,pipeline_paleo_spatial_resolution,D:/GITHUB/BIODYNAMICS_vegetation_cooccurrence/Data/targets/paleo_spatial_regional/am_r005/pipeline_paleo_spatial_resolution,family,Associations,0.34058382749334126,17.0212990393165,0.782129058727553,0.807957209223032,7,0.12153842957584729,0.6866813831984823,0.4214266413352237,spatially_stratified_group_kfold,5,grouped_kfold_feasible,53,1087,7,4,unit_cv,NA,candidate_004,america,Family
paleo,regional,am_r005,pipeline_paleo_spatial_resolution,D:/GITHUB/BIODYNAMICS_vegetation_cooccurrence/Data/targets/paleo_spatial_regional/am_r005/pipeline_paleo_spatial_resolution,family,Spatial,0.9172231056959186,45.83990051061973,0.782129058727553,0.807957209223032,7,0.12153842957584729,0.6866813831984823,0.4214266413352237,spatially_stratified_group_kfold,5,grouped_kfold_feasible,53,1087,7,4,unit_cv,NA,candidate_004,america,Family
paleo,regional,am_r005,pipeline_paleo_spatial_resolution,D:/GITHUB/BIODYNAMICS_vegetation_cooccurrence/Data/targets/paleo_spatial_regional/am_r005/pipeline_paleo_spatial_resolution,functional_type,Abiotic,0.634014432696881,37.47504616086697,0.8235991203988434,0.8188184870979145,7,0.11202224733278199,0.5246312877641396,0.2514087885892864,spatially_stratified_group_kfold,5,grouped_kfold_feasible,53,1087,6,4,unit_cv,NA,candidate_008,america,Functional type
paleo,regional,am_r005,pipeline_paleo_spatial_resolution,D:/GITHUB/BIODYNAMICS_vegetation_cooccurrence/Data/targets/paleo_spatial_regional/am_r005/pipeline_paleo_spatial_resolution,functional_type,Associations,0.1825846709820073,10.792134406487135,0.8235991203988434,0.8188184870979145,7,0.11202224733278199,0.5246312877641396,0.2514087885892864,spatially_stratified_group_kfold,5,grouped_kfold_feasible,53,1087,6,4,unit_cv,NA,candidate_008,america,Functional type
paleo,regional,am_r005,pipeline_paleo_spatial_resolution,D:/GITHUB/BIODYNAMICS_vegetation_cooccurrence/Data/targets/paleo_spatial_regional/am_r005/pipeline_paleo_spatial_resolution,functional_type,Spatial,0.8752318549149554,51.732819432645904,0.8235991203988434,0.8188184870979145,7,0.11202224733278199,0.5246312877641396,0.2514087885892864,spatially_stratified_group_kfold,5,grouped_kfold_feasible,53,1087,6,4,unit_cv,NA,candidate_008,america,Functional type
paleo,regional,am_r005,pipeline_paleo_spatial_resolution,D:/GITHUB/BIODYNAMICS_vegetation_cooccurrence/Data/targets/paleo_spatial_regional/am_r005/pipeline_paleo_spatial_resolution,genus,Abiotic,0.8897272703091299,36.11837638744934,0.8184395364164098,0.8175957680257815,14,0.09478358364313912,0.6179410143922602,0.34216824730807865,spatially_stratified_group_kfold,5,grouped_kfold_feasible,53,1087,13,4,unit_cv,NA,candidate_008,america,Genus
paleo,regional,am_r005,pipeline_paleo_spatial_resolution,D:/GITHUB/BIODYNAMICS_vegetation_cooccurrence/Data/targets/paleo_spatial_regional/am_r005/pipeline_paleo_spatial_resolution,genus,Associations,0.5419459419188803,22.000233290675634,0.8184395364164098,0.8175957680257815,14,0.09478358364313912,0.6179410143922602,0.34216824730807865,spatially_stratified_group_kfold,5,grouped_kfold_feasible,53,1087,13,4,unit_cv,NA,candidate_008,america,Genus
paleo,regional,am_r005,pipeline_paleo_spatial_resolution,D:/GITHUB/BIODYNAMICS_vegetation_cooccurrence/Data/targets/paleo_spatial_regional/am_r005/pipeline_paleo_spatial_resolution,genus,Spatial,1.0316913110408115,41.88139032187504,0.8184395364164098,0.8175957680257815,14,0.09478358364313912,0.6179410143922602,0.34216824730807865,spatially_stratified_group_kfold,5,grouped_kfold_feasible,53,1087,13,4,unit_cv,NA,candidate_008,america,Genus
paleo,regional,am_r006,pipeline_paleo_spatial_resolution,D:/GITHUB/BIODYNAMICS_vegetation_cooccurrence/Data/targets/paleo_spatial_regional/am_r006/pipeline_paleo_spatial_resolution,functional_type,Abiotic,0.5635875780911836,45.396039514937684,0.9085595776772247,0.9053544494720965,4,NA,NA,NA,none,NA,tier_pooled_regularization_required,6,86,4,NA,tier_pooled,paleo_spatial_regional,candidate_004,america,Functional type
paleo,regional,am_r006,pipeline_paleo_spatial_resolution,D:/GITHUB/BIODYNAMICS_vegetation_cooccurrence/Data/targets/paleo_spatial_regional/am_r006/pipeline_paleo_spatial_resolution,functional_type,Associations,0.12019917332523855,9.681842954055577,0.9085595776772247,0.9053544494720965,4,NA,NA,NA,none,NA,tier_pooled_regularization_required,6,86,4,NA,tier_pooled,paleo_spatial_regional,candidate_004,america,Functional type
paleo,regional,am_r006,pipeline_paleo_spatial_resolution,D:/GITHUB/BIODYNAMICS_vegetation_cooccurrence/Data/targets/paleo_spatial_regional/am_r006/pipeline_paleo_spatial_resolution,functional_type,Spatial,0.5577038810554561,44.92211753100675,0.9085595776772247,0.9053544494720965,4,NA,NA,NA,none,NA,tier_pooled_regularization_required,6,86,4,NA,tier_pooled,paleo_spatial_regional,candidate_004,america,Functional type
paleo,regional,am_r006,pipeline_paleo_spatial_resolution,D:/GITHUB/BIODYNAMICS_vegetation_cooccurrence/Data/targets/paleo_spatial_regional/am_r006/pipeline_paleo_spatial_resolution,genus,Abiotic,0.9072980373468129,47.574696532019544,0.8683123341214503,0.9198036006546645,7,NA,NA,NA,none,NA,tier_pooled_regularization_required,6,86,6,NA,tier_pooled,paleo_spatial_regional,candidate_004,america,Genus
paleo,regional,am_r006,pipeline_paleo_spatial_resolution,D:/GITHUB/BIODYNAMICS_vegetation_cooccurrence/Data/targets/paleo_spatial_regional/am_r006/pipeline_paleo_spatial_resolution,genus,Associations,0.28891115862533046,15.149223442065388,0.8683123341214503,0.9198036006546645,7,NA,NA,NA,none,NA,tier_pooled_regularization_required,6,86,6,NA,tier_pooled,paleo_spatial_regional,candidate_004,america,Genus
paleo,regional,am_r006,pipeline_paleo_spatial_resolution,D:/GITHUB/BIODYNAMICS_vegetation_cooccurrence/Data/targets/paleo_spatial_regional/am_r006/pipeline_paleo_spatial_resolution,genus,Spatial,0.7108929055329445,37.27608002591506,0.8683123341214503,0.9198036006546645,7,NA,NA,NA,none,NA,tier_pooled_regularization_required,6,86,6,NA,tier_pooled,paleo_spatial_regional,candidate_004,america,Genus
paleo,regional,am_r007,pipeline_paleo_spatial_resolution,D:/GITHUB/BIODYNAMICS_vegetation_cooccurrence/Data/targets/paleo_spatial_regional/am_r007/pipeline_paleo_spatial_resolution,family,Abiotic,1.1672602660647662,38.824047466371326,0.8596949267055845,0.8747501185657913,18,0.053896169158207594,0.5338124945713286,0.4219501556109154,spatially_stratified_group_kfold,5,grouped_kfold_feasible,20,534,15,4,unit_cv,NA,candidate_008,america,Family
paleo,regional,am_r007,pipeline_paleo_spatial_resolution,D:/GITHUB/BIODYNAMICS_vegetation_cooccurrence/Data/targets/paleo_spatial_regional/am_r007/pipeline_paleo_spatial_resolution,family,Associations,0.9515264712063022,31.648561985380326,0.8596949267055845,0.8747501185657913,18,0.053896169158207594,0.5338124945713286,0.4219501556109154,spatially_stratified_group_kfold,5,grouped_kfold_feasible,20,534,15,4,unit_cv,NA,candidate_008,america,Family
paleo,regional,am_r007,pipeline_paleo_spatial_resolution,D:/GITHUB/BIODYNAMICS_vegetation_cooccurrence/Data/targets/paleo_spatial_regional/am_r007/pipeline_paleo_spatial_resolution,family,Spatial,0.8877526171736881,29.527390548248356,0.8596949267055845,0.8747501185657913,18,0.053896169158207594,0.5338124945713286,0.4219501556109154,spatially_stratified_group_kfold,5,grouped_kfold_feasible,20,534,15,4,unit_cv,NA,candidate_008,america,Family
paleo,regional,am_r007,pipeline_paleo_spatial_resolution,D:/GITHUB/BIODYNAMICS_vegetation_cooccurrence/Data/targets/paleo_spatial_regional/am_r007/pipeline_paleo_spatial_resolution,functional_type,Abiotic,0.9051881909600772,50.57451947026805,0.7617869927434398,0.8202750491159135,9,0.0564550715286997,0.4996418108510817,0.3361584123634851,spatially_stratified_group_kfold,5,grouped_kfold_feasible,20,534,8,4,unit_cv,NA,candidate_008,america,Functional type
paleo,regional,am_r007,pipeline_paleo_spatial_resolution,D:/GITHUB/BIODYNAMICS_vegetation_cooccurrence/Data/targets/paleo_spatial_regional/am_r007/pipeline_paleo_spatial_resolution,functional_type,Associations,0.298073733736272,16.65392456615185,0.7617869927434398,0.8202750491159135,9,0.0564550715286997,0.4996418108510817,0.3361584123634851,spatially_stratified_group_kfold,5,grouped_kfold_feasible,20,534,8,4,unit_cv,NA,candidate_008,america,Functional type
paleo,regional,am_r007,pipeline_paleo_spatial_resolution,D:/GITHUB/BIODYNAMICS_vegetation_cooccurrence/Data/targets/paleo_spatial_regional/am_r007/pipeline_paleo_spatial_resolution,functional_type,Spatial,0.5865488346371583,32.7715559635801,0.7617869927434398,0.8202750491159135,9,0.0564550715286997,0.4996418108510817,0.3361584123634851,spatially_stratified_group_kfold,5,grouped_kfold_feasible,20,534,8,4,unit_cv,NA,candidate_008,america,Functional type
paleo,regional,am_r007,pipeline_paleo_spatial_resolution,D:/GITHUB/BIODYNAMICS_vegetation_cooccurrence/Data/targets/paleo_spatial_regional/am_r007/pipeline_paleo_spatial_resolution,genus,Abiotic,0.9865982929804036,28.703897195388212,0.8613613282683659,0.8583850962216165,28,0.07514407754682474,0.579907303587587,0.4024684297157301,spatially_stratified_group_kfold,5,grouped_kfold_feasible,20,534,24,4,unit_cv,NA,candidate_008,america,Genus
paleo,regional,am_r007,pipeline_paleo_spatial_resolution,D:/GITHUB/BIODYNAMICS_vegetation_cooccurrence/Data/targets/paleo_spatial_regional/am_r007/pipeline_paleo_spatial_resolution,genus,Associations,1.5560872280972826,45.27249655726718,0.8613613282683659,0.8583850962216165,28,0.07514407754682474,0.579907303587587,0.4024684297157301,spatially_stratified_group_kfold,5,grouped_kfold_feasible,20,534,24,4,unit_cv,NA,candidate_008,america,Genus
paleo,regional,am_r007,pipeline_paleo_spatial_resolution,D:/GITHUB/BIODYNAMICS_vegetation_cooccurrence/Data/targets/paleo_spatial_regional/am_r007/pipeline_paleo_spatial_resolution,genus,Spatial,0.8944724587764159,26.02360624734461,0.8613613282683659,0.8583850962216165,28,0.07514407754682474,0.579907303587587,0.4024684297157301,spatially_stratified_group_kfold,5,grouped_kfold_feasible,20,534,24,4,unit_cv,NA,candidate_008,america,Genus
paleo,regional,am_r008,pipeline_paleo_spatial_resolution,D:/GITHUB/BIODYNAMICS_vegetation_cooccurrence/Data/targets/paleo_spatial_regional/am_r008/pipeline_paleo_spatial_resolution,family,Abiotic,1.1041116501371742,45.806067336229475,0.7505141302195036,0.810146914388607,15,0.10207072246161197,0.5910646522417529,0.32085094302757416,spatially_stratified_group_kfold,5,grouped_kfold_feasible,69,1356,14,4,unit_cv,NA,candidate_008,america,Family
paleo,regional,am_r008,pipeline_paleo_spatial_resolution,D:/GITHUB/BIODYNAMICS_vegetation_cooccurrence/Data/targets/paleo_spatial_regional/am_r008/pipeline_paleo_spatial_resolution,family,Associations,0.7566506895271585,31.391021397319236,0.7505141302195036,0.810146914388607,15,0.10207072246161197,0.5910646522417529,0.32085094302757416,spatially_stratified_group_kfold,5,grouped_kfold_feasible,69,1356,14,4,unit_cv,NA,candidate_008,america,Family
paleo,regional,am_r008,pipeline_paleo_spatial_resolution,D:/GITHUB/BIODYNAMICS_vegetation_cooccurrence/Data/targets/paleo_spatial_regional/am_r008/pipeline_paleo_spatial_resolution,family,Spatial,0.5496424698834566,22.802911266451286,0.7505141302195036,0.810146914388607,15,0.10207072246161197,0.5910646522417529,0.32085094302757416,spatially_stratified_group_kfold,5,grouped_kfold_feasible,69,1356,14,4,unit_cv,NA,candidate_008,america,Family
paleo,regional,am_r008,pipeline_paleo_spatial_resolution,D:/GITHUB/BIODYNAMICS_vegetation_cooccurrence/Data/targets/paleo_spatial_regional/am_r008/pipeline_paleo_spatial_resolution,functional_type,Abiotic,1.0701429942809904,47.02319669856148,0.7801125488704043,0.8086582860225984,9,0.14568076492844215,0.6681751023792104,0.29759611419690185,spatially_stratified_group_kfold,5,grouped_kfold_feasible,69,1356,9,4,unit_cv,NA,candidate_008,america,Functional type
paleo,regional,am_r008,pipeline_paleo_spatial_resolution,D:/GITHUB/BIODYNAMICS_vegetation_cooccurrence/Data/targets/paleo_spatial_regional/am_r008/pipeline_paleo_spatial_resolution,functional_type,Associations,0.48364799130834524,21.25199599464449,0.7801125488704043,0.8086582860225984,9,0.14568076492844215,0.6681751023792104,0.29759611419690185,spatially_stratified_group_kfold,5,grouped_kfold_feasible,69,1356,9,4,unit_cv,NA,candidate_008,america,Functional type
paleo,regional,am_r008,pipeline_paleo_spatial_resolution,D:/GITHUB/BIODYNAMICS_vegetation_cooccurrence/Data/targets/paleo_spatial_regional/am_r008/pipeline_paleo_spatial_resolution,functional_type,Spatial,0.7219857999428312,31.724807306794027,0.7801125488704043,0.8086582860225984,9,0.14568076492844215,0.6681751023792104,0.29759611419690185,spatially_stratified_group_kfold,5,grouped_kfold_feasible,69,1356,9,4,unit_cv,NA,candidate_008,america,Functional type
paleo,regional,am_r008,pipeline_paleo_spatial_resolution,D:/GITHUB/BIODYNAMICS_vegetation_cooccurrence/Data/targets/paleo_spatial_regional/am_r008/pipeline_paleo_spatial_resolution,genus,Abiotic,1.3705758737896891,39.540151713810054,0.6943933417977093,0.6872313685304401,26,0.024675497402052923,0.5573403499005668,0.5682616982630669,spatially_stratified_group_kfold,5,grouped_kfold_feasible,69,1356,24,4,unit_cv,NA,candidate_004,america,Genus
paleo,regional,am_r008,pipeline_paleo_spatial_resolution,D:/GITHUB/BIODYNAMICS_vegetation_cooccurrence/Data/targets/paleo_spatial_regional/am_r008/pipeline_paleo_spatial_resolution,genus,Associations,1.387655678252861,40.0328920812942,0.6943933417977093,0.6872313685304401,26,0.024675497402052923,0.5573403499005668,0.5682616982630669,spatially_stratified_group_kfold,5,grouped_kfold_feasible,69,1356,24,4,unit_cv,NA,candidate_004,america,Genus
paleo,regional,am_r008,pipeline_paleo_spatial_resolution,D:/GITHUB/BIODYNAMICS_vegetation_cooccurrence/Data/targets/paleo_spatial_regional/am_r008/pipeline_paleo_spatial_resolution,genus,Spatial,0.7080573072159047,20.42695620489574,0.6943933417977093,0.6872313685304401,26,0.024675497402052923,0.5573403499005668,0.5682616982630669,spatially_stratified_group_kfold,5,grouped_kfold_feasible,69,1356,24,4,unit_cv,NA,candidate_004,america,Genus
paleo,regional,am_r010,pipeline_paleo_spatial_resolution,D:/GITHUB/BIODYNAMICS_vegetation_cooccurrence/Data/targets/paleo_spatial_regional/am_r010/pipeline_paleo_spatial_resolution,family,Abiotic,1.2506724317453126,37.727596230579685,0.7243325353748445,0.7912485687718358,14,-0.0059000998938456,0.45654365669101943,0.7550704606423151,spatially_stratified_group_kfold,5,grouped_kfold_feasible,15,322,14,4,unit_cv,NA,candidate_004,america,Family
paleo,regional,am_r010,pipeline_paleo_spatial_resolution,D:/GITHUB/BIODYNAMICS_vegetation_cooccurrence/Data/targets/paleo_spatial_regional/am_r010/pipeline_paleo_spatial_resolution,family,Associations,1.0533116132132598,31.77403950036282,0.7243325353748445,0.7912485687718358,14,-0.0059000998938456,0.45654365669101943,0.7550704606423151,spatially_stratified_group_kfold,5,grouped_kfold_feasible,15,322,14,4,unit_cv,NA,candidate_004,america,Family
paleo,regional,am_r010,pipeline_paleo_spatial_resolution,D:/GITHUB/BIODYNAMICS_vegetation_cooccurrence/Data/targets/paleo_spatial_regional/am_r010/pipeline_paleo_spatial_resolution,family,Spatial,1.0110228908175107,30.498364269057497,0.7243325353748445,0.7912485687718358,14,-0.0059000998938456,0.45654365669101943,0.7550704606423151,spatially_stratified_group_kfold,5,grouped_kfold_feasible,15,322,14,4,unit_cv,NA,candidate_004,america,Family
paleo,regional,am_r010,pipeline_paleo_spatial_resolution,D:/GITHUB/BIODYNAMICS_vegetation_cooccurrence/Data/targets/paleo_spatial_regional/am_r010/pipeline_paleo_spatial_resolution,functional_type,Abiotic,1.0105433248523852,43.56893438771397,0.8262537445165088,0.8010621828134801,8,-0.016247601525206122,0.4441569662547549,0.6682907874995923,spatially_stratified_group_kfold,5,grouped_kfold_feasible,15,322,8,4,unit_cv,NA,candidate_004,america,Functional type
paleo,regional,am_r010,pipeline_paleo_spatial_resolution,D:/GITHUB/BIODYNAMICS_vegetation_cooccurrence/Data/targets/paleo_spatial_regional/am_r010/pipeline_paleo_spatial_resolution,functional_type,Associations,0.5769824330737983,24.876231578817254,0.8262537445165088,0.8010621828134801,8,-0.016247601525206122,0.4441569662547549,0.6682907874995923,spatially_stratified_group_kfold,5,grouped_kfold_feasible,15,322,8,4,unit_cv,NA,candidate_004,america,Functional type
paleo,regional,am_r010,pipeline_paleo_spatial_resolution,D:/GITHUB/BIODYNAMICS_vegetation_cooccurrence/Data/targets/paleo_spatial_regional/am_r010/pipeline_paleo_spatial_resolution,functional_type,Spatial,0.7318867754621675,31.554834033468765,0.8262537445165088,0.8010621828134801,8,-0.016247601525206122,0.4441569662547549,0.6682907874995923,spatially_stratified_group_kfold,5,grouped_kfold_feasible,15,322,8,4,unit_cv,NA,candidate_004,america,Functional type
paleo,regional,am_r010,pipeline_paleo_spatial_resolution,D:/GITHUB/BIODYNAMICS_vegetation_cooccurrence/Data/targets/paleo_spatial_regional/am_r010/pipeline_paleo_spatial_resolution,genus,Abiotic,1.3008531856115473,33.853335412934236,0.7272917497190085,0.7398511269840835,20,-0.012918267141686911,0.4296203391642286,0.7843887502395613,spatially_stratified_group_kfold,5,grouped_kfold_feasible,15,322,19,4,unit_cv,NA,candidate_004,america,Genus
paleo,regional,am_r010,pipeline_paleo_spatial_resolution,D:/GITHUB/BIODYNAMICS_vegetation_cooccurrence/Data/targets/paleo_spatial_regional/am_r010/pipeline_paleo_spatial_resolution,genus,Associations,1.469746378533116,38.24860305126296,0.7272917497190085,0.7398511269840835,20,-0.012918267141686911,0.4296203391642286,0.7843887502395613,spatially_stratified_group_kfold,5,grouped_kfold_feasible,15,322,19,4,unit_cv,NA,candidate_004,america,Genus
paleo,regional,am_r010,pipeline_paleo_spatial_resolution,D:/GITHUB/BIODYNAMICS_vegetation_cooccurrence/Data/targets/paleo_spatial_regional/am_r010/pipeline_paleo_spatial_resolution,genus,Spatial,1.0720149662821812,27.89806153580281,0.7272917497190085,0.7398511269840835,20,-0.012918267141686911,0.4296203391642286,0.7843887502395613,spatially_stratified_group_kfold,5,grouped_kfold_feasible,15,322,19,4,unit_cv,NA,candidate_004,america,Genus
paleo,regional,am_r011,pipeline_paleo_spatial_resolution,D:/GITHUB/BIODYNAMICS_vegetation_cooccurrence/Data/targets/paleo_spatial_regional/am_r011/pipeline_paleo_spatial_resolution,family,Abiotic,1.065461112623045,44.47308457006259,0.7076846751939712,0.7370305099680582,17,0.03709707473205473,0.5932085169111729,0.3694419076898193,spatially_stratified_group_kfold,5,grouped_kfold_feasible,132,2671,17,4,unit_cv,NA,candidate_004,america,Family
paleo,regional,am_r011,pipeline_paleo_spatial_resolution,D:/GITHUB/BIODYNAMICS_vegetation_cooccurrence/Data/targets/paleo_spatial_regional/am_r011/pipeline_paleo_spatial_resolution,family,Associations,0.8667880284928184,36.18033247649583,0.7076846751939712,0.7370305099680582,17,0.03709707473205473,0.5932085169111729,0.3694419076898193,spatially_stratified_group_kfold,5,grouped_kfold_feasible,132,2671,17,4,unit_cv,NA,candidate_004,america,Family
paleo,regional,am_r011,pipeline_paleo_spatial_resolution,D:/GITHUB/BIODYNAMICS_vegetation_cooccurrence/Data/targets/paleo_spatial_regional/am_r011/pipeline_paleo_spatial_resolution,family,Spatial,0.4634945382876306,19.346582953441583,0.7076846751939712,0.7370305099680582,17,0.03709707473205473,0.5932085169111729,0.3694419076898193,spatially_stratified_group_kfold,5,grouped_kfold_feasible,132,2671,17,4,unit_cv,NA,candidate_004,america,Family
paleo,regional,am_r011,pipeline_paleo_spatial_resolution,D:/GITHUB/BIODYNAMICS_vegetation_cooccurrence/Data/targets/paleo_spatial_regional/am_r011/pipeline_paleo_spatial_resolution,functional_type,Abiotic,1.1106390077230315,53.43627010547293,0.8167413928555884,0.8346523459581685,9,0.14204898440328123,0.6306011036954258,0.28148216548549554,spatially_stratified_group_kfold,5,grouped_kfold_feasible,132,2671,9,4,unit_cv,NA,candidate_008,america,Functional type
paleo,regional,am_r011,pipeline_paleo_spatial_resolution,D:/GITHUB/BIODYNAMICS_vegetation_cooccurrence/Data/targets/paleo_spatial_regional/am_r011/pipeline_paleo_spatial_resolution,functional_type,Associations,0.5014162964407309,24.12468539784491,0.8167413928555884,0.8346523459581685,9,0.14204898440328123,0.6306011036954258,0.28148216548549554,spatially_stratified_group_kfold,5,grouped_kfold_feasible,132,2671,9,4,unit_cv,NA,candidate_008,america,Functional type
paleo,regional,am_r011,pipeline_paleo_spatial_resolution,D:/GITHUB/BIODYNAMICS_vegetation_cooccurrence/Data/targets/paleo_spatial_regional/am_r011/pipeline_paleo_spatial_resolution,functional_type,Spatial,0.46638131862230325,22.43904449668216,0.8167413928555884,0.8346523459581685,9,0.14204898440328123,0.6306011036954258,0.28148216548549554,spatially_stratified_group_kfold,5,grouped_kfold_feasible,132,2671,9,4,unit_cv,NA,candidate_008,america,Functional type
paleo,regional,am_r011,pipeline_paleo_spatial_resolution,D:/GITHUB/BIODYNAMICS_vegetation_cooccurrence/Data/targets/paleo_spatial_regional/am_r011/pipeline_paleo_spatial_resolution,genus,Abiotic,1.0873656635083981,35.714960413029104,0.6320868019657649,0.6398508500474709,34,0.008938382315456777,0.5134612364362072,0.41426532010838746,spatially_stratified_group_kfold,5,grouped_kfold_feasible,132,2671,34,4,unit_cv,NA,candidate_004,america,Genus
paleo,regional,am_r011,pipeline_paleo_spatial_resolution,D:/GITHUB/BIODYNAMICS_vegetation_cooccurrence/Data/targets/paleo_spatial_regional/am_r011/pipeline_paleo_spatial_resolution,genus,Associations,1.4239121574118367,46.768964700899666,0.6320868019657649,0.6398508500474709,34,0.008938382315456777,0.5134612364362072,0.41426532010838746,spatially_stratified_group_kfold,5,grouped_kfold_feasible,132,2671,34,4,unit_cv,NA,candidate_004,america,Genus
paleo,regional,am_r011,pipeline_paleo_spatial_resolution,D:/GITHUB/BIODYNAMICS_vegetation_cooccurrence/Data/targets/paleo_spatial_regional/am_r011/pipeline_paleo_spatial_resolution,genus,Spatial,0.5332885202809117,17.516074886071227,0.6320868019657649,0.6398508500474709,34,0.008938382315456777,0.5134612364362072,0.41426532010838746,spatially_stratified_group_kfold,5,grouped_kfold_feasible,132,2671,34,4,unit_cv,NA,candidate_004,america,Genus
paleo,regional,as_r008,pipeline_paleo_spatial_resolution,D:/GITHUB/BIODYNAMICS_vegetation_cooccurrence/Data/targets/paleo_spatial_regional/as_r008/pipeline_paleo_spatial_resolution,functional_type,Abiotic,0.7568215284176779,55.62009814159895,0.9043435972571202,0.9338958606736658,4,NA,NA,NA,none,NA,tier_pooled_regularization_required,8,172,4,NA,tier_pooled,paleo_spatial_regional,candidate_004,asia,Functional type
paleo,regional,as_r008,pipeline_paleo_spatial_resolution,D:/GITHUB/BIODYNAMICS_vegetation_cooccurrence/Data/targets/paleo_spatial_regional/as_r008/pipeline_paleo_spatial_resolution,functional_type,Associations,0.1662663828265447,12.219198560320804,0.9043435972571202,0.9338958606736658,4,NA,NA,NA,none,NA,tier_pooled_regularization_required,8,172,4,NA,tier_pooled,paleo_spatial_regional,candidate_004,asia,Functional type
paleo,regional,as_r008,pipeline_paleo_spatial_resolution,D:/GITHUB/BIODYNAMICS_vegetation_cooccurrence/Data/targets/paleo_spatial_regional/as_r008/pipeline_paleo_spatial_resolution,functional_type,Spatial,0.43761002656046066,32.16070329808024,0.9043435972571202,0.9338958606736658,4,NA,NA,NA,none,NA,tier_pooled_regularization_required,8,172,4,NA,tier_pooled,paleo_spatial_regional,candidate_004,asia,Functional type
paleo,regional,as_r008,pipeline_paleo_spatial_resolution,D:/GITHUB/BIODYNAMICS_vegetation_cooccurrence/Data/targets/paleo_spatial_regional/as_r008/pipeline_paleo_spatial_resolution,genus,Abiotic,0.9406323207610944,54.25818069719698,0.8969551353288686,0.9035991755192643,5,NA,NA,NA,spatially_stratified_group_kfold,5,grouped_kfold_feasible,8,172,5,NA,tier_pooled,paleo_spatial_regional,candidate_004,asia,Genus
paleo,regional,as_r008,pipeline_paleo_spatial_resolution,D:/GITHUB/BIODYNAMICS_vegetation_cooccurrence/Data/targets/paleo_spatial_regional/as_r008/pipeline_paleo_spatial_resolution,genus,Associations,0.25345634849498505,14.620038087108679,0.8969551353288686,0.9035991755192643,5,NA,NA,NA,spatially_stratified_group_kfold,5,grouped_kfold_feasible,8,172,5,NA,tier_pooled,paleo_spatial_regional,candidate_004,asia,Genus
paleo,regional,as_r008,pipeline_paleo_spatial_resolution,D:/GITHUB/BIODYNAMICS_vegetation_cooccurrence/Data/targets/paleo_spatial_regional/as_r008/pipeline_paleo_spatial_resolution,genus,Spatial,0.5395343691029791,31.121781215694348,0.8969551353288686,0.9035991755192643,5,NA,NA,NA,spatially_stratified_group_kfold,5,grouped_kfold_feasible,8,172,5,NA,tier_pooled,paleo_spatial_regional,candidate_004,asia,Genus
paleo,regional,eu_r001,pipeline_paleo_spatial_resolution,D:/GITHUB/BIODYNAMICS_vegetation_cooccurrence/Data/targets/paleo_spatial_regional/eu_r001/pipeline_paleo_spatial_resolution,family,Abiotic,1.0175668020452537,36.98078599421667,0.7726656207069822,0.7550860719874805,11,1.7490732334177918e-4,0.46732316462961715,0.6918538789463791,spatially_stratified_group_kfold,5,grouped_kfold_feasible,12,205,10,NA,unit_cv,NA,candidate_004,europe,Family
paleo,regional,eu_r001,pipeline_paleo_spatial_resolution,D:/GITHUB/BIODYNAMICS_vegetation_cooccurrence/Data/targets/paleo_spatial_regional/eu_r001/pipeline_paleo_spatial_resolution,family,Associations,0.8075464817139146,29.348150470927774,0.7726656207069822,0.7550860719874805,11,1.7490732334177918e-4,0.46732316462961715,0.6918538789463791,spatially_stratified_group_kfold,5,grouped_kfold_feasible,12,205,10,NA,unit_cv,NA,candidate_004,europe,Family
paleo,regional,eu_r001,pipeline_paleo_spatial_resolution,D:/GITHUB/BIODYNAMICS_vegetation_cooccurrence/Data/targets/paleo_spatial_regional/eu_r001/pipeline_paleo_spatial_resolution,family,Spatial,0.9264961660897031,33.67106353485557,0.7726656207069822,0.7550860719874805,11,1.7490732334177918e-4,0.46732316462961715,0.6918538789463791,spatially_stratified_group_kfold,5,grouped_kfold_feasible,12,205,10,NA,unit_cv,NA,candidate_004,europe,Family
paleo,regional,eu_r001,pipeline_paleo_spatial_resolution,D:/GITHUB/BIODYNAMICS_vegetation_cooccurrence/Data/targets/paleo_spatial_regional/eu_r001/pipeline_paleo_spatial_resolution,functional_type,Abiotic,0.9279122675982298,31.904827724950636,0.7800184425798495,0.7957671100978203,10,-0.008248094665647363,0.4758514861710054,0.6845493470839287,spatially_stratified_group_kfold,5,grouped_kfold_feasible,12,205,10,NA,unit_cv,NA,candidate_004,europe,Functional type
paleo,regional,eu_r001,pipeline_paleo_spatial_resolution,D:/GITHUB/BIODYNAMICS_vegetation_cooccurrence/Data/targets/paleo_spatial_regional/eu_r001/pipeline_paleo_spatial_resolution,functional_type,Associations,0.816919234094757,28.088503988048323,0.7800184425798495,0.7957671100978203,10,-0.008248094665647363,0.4758514861710054,0.6845493470839287,spatially_stratified_group_kfold,5,grouped_kfold_feasible,12,205,10,NA,unit_cv,NA,candidate_004,europe,Functional type
paleo,regional,eu_r001,pipeline_paleo_spatial_resolution,D:/GITHUB/BIODYNAMICS_vegetation_cooccurrence/Data/targets/paleo_spatial_regional/eu_r001/pipeline_paleo_spatial_resolution,functional_type,Spatial,1.1635442325303686,40.006668287001034,0.7800184425798495,0.7957671100978203,10,-0.008248094665647363,0.4758514861710054,0.6845493470839287,spatially_stratified_group_kfold,5,grouped_kfold_feasible,12,205,10,NA,unit_cv,NA,candidate_004,europe,Functional type
paleo,regional,eu_r001,pipeline_paleo_spatial_resolution,D:/GITHUB/BIODYNAMICS_vegetation_cooccurrence/Data/targets/paleo_spatial_regional/eu_r001/pipeline_paleo_spatial_resolution,genus,Abiotic,1.0989608094322652,32.9034032495269,0.7754702986451858,0.8264444444444444,15,0.023091551366257543,0.5239186442081681,0.7364953352550272,spatially_stratified_group_kfold,5,grouped_kfold_feasible,12,205,13,NA,unit_cv,NA,candidate_004,europe,Genus
paleo,regional,eu_r001,pipeline_paleo_spatial_resolution,D:/GITHUB/BIODYNAMICS_vegetation_cooccurrence/Data/targets/paleo_spatial_regional/eu_r001/pipeline_paleo_spatial_resolution,genus,Associations,1.0485745431422249,31.39481475051053,0.7754702986451858,0.8264444444444444,15,0.023091551366257543,0.5239186442081681,0.7364953352550272,spatially_stratified_group_kfold,5,grouped_kfold_feasible,12,205,13,NA,unit_cv,NA,candidate_004,europe,Genus
paleo,regional,eu_r001,pipeline_paleo_spatial_resolution,D:/GITHUB/BIODYNAMICS_vegetation_cooccurrence/Data/targets/paleo_spatial_regional/eu_r001/pipeline_paleo_spatial_resolution,genus,Spatial,1.1924255660519636,35.70178199996257,0.7754702986451858,0.8264444444444444,15,0.023091551366257543,0.5239186442081681,0.7364953352550272,spatially_stratified_group_kfold,5,grouped_kfold_feasible,12,205,13,NA,unit_cv,NA,candidate_004,europe,Genus
paleo,regional,eu_r002,pipeline_paleo_spatial_resolution,D:/GITHUB/BIODYNAMICS_vegetation_cooccurrence/Data/targets/paleo_spatial_regional/eu_r002/pipeline_paleo_spatial_resolution,family,Abiotic,0.985744008223421,43.73991657019267,0.7237351251653432,0.735747383643089,22,0.04170456556635129,0.5666179678488488,0.32171304502328973,spatially_stratified_group_kfold,5,grouped_kfold_feasible,134,1965,22,4,unit_cv,NA,candidate_004,europe,Family
paleo,regional,eu_r002,pipeline_paleo_spatial_resolution,D:/GITHUB/BIODYNAMICS_vegetation_cooccurrence/Data/targets/paleo_spatial_regional/eu_r002/pipeline_paleo_spatial_resolution,family,Associations,0.6156749059935671,27.319028873484353,0.7237351251653432,0.735747383643089,22,0.04170456556635129,0.5666179678488488,0.32171304502328973,spatially_stratified_group_kfold,5,grouped_kfold_feasible,134,1965,22,4,unit_cv,NA,candidate_004,europe,Family
paleo,regional,eu_r002,pipeline_paleo_spatial_resolution,D:/GITHUB/BIODYNAMICS_vegetation_cooccurrence/Data/targets/paleo_spatial_regional/eu_r002/pipeline_paleo_spatial_resolution,family,Spatial,0.6522296647452626,28.94105455632298,0.7237351251653432,0.735747383643089,22,0.04170456556635129,0.5666179678488488,0.32171304502328973,spatially_stratified_group_kfold,5,grouped_kfold_feasible,134,1965,22,4,unit_cv,NA,candidate_004,europe,Family
paleo,regional,eu_r002,pipeline_paleo_spatial_resolution,D:/GITHUB/BIODYNAMICS_vegetation_cooccurrence/Data/targets/paleo_spatial_regional/eu_r002/pipeline_paleo_spatial_resolution,functional_type,Abiotic,0.8060956569364357,44.27218990292568,0.8176823168067305,0.8280226065041345,12,0.07619496221734999,0.6134062542737275,0.26114900070715436,spatially_stratified_group_kfold,5,grouped_kfold_feasible,134,1965,12,4,unit_cv,NA,candidate_008,europe,Functional type
paleo,regional,eu_r002,pipeline_paleo_spatial_resolution,D:/GITHUB/BIODYNAMICS_vegetation_cooccurrence/Data/targets/paleo_spatial_regional/eu_r002/pipeline_paleo_spatial_resolution,functional_type,Associations,0.5350154438987573,29.383988276656403,0.8176823168067305,0.8280226065041345,12,0.07619496221734999,0.6134062542737275,0.26114900070715436,spatially_stratified_group_kfold,5,grouped_kfold_feasible,134,1965,12,4,unit_cv,NA,candidate_008,europe,Functional type
paleo,regional,eu_r002,pipeline_paleo_spatial_resolution,D:/GITHUB/BIODYNAMICS_vegetation_cooccurrence/Data/targets/paleo_spatial_regional/eu_r002/pipeline_paleo_spatial_resolution,functional_type,Spatial,0.4796609429781754,26.34382182041792,0.8176823168067305,0.8280226065041345,12,0.07619496221734999,0.6134062542737275,0.26114900070715436,spatially_stratified_group_kfold,5,grouped_kfold_feasible,134,1965,12,4,unit_cv,NA,candidate_008,europe,Functional type
paleo,regional,eu_r002,pipeline_paleo_spatial_resolution,D:/GITHUB/BIODYNAMICS_vegetation_cooccurrence/Data/targets/paleo_spatial_regional/eu_r002/pipeline_paleo_spatial_resolution,genus,Abiotic,1.2047676993925267,40.1712712774838,0.6163913044051815,0.6751080520987464,37,0.02226304571772755,0.5421070751633408,0.3336295830414675,spatially_stratified_group_kfold,5,grouped_kfold_feasible,134,1965,33,4,unit_cv,NA,candidate_004,europe,Genus
paleo,regional,eu_r002,pipeline_paleo_spatial_resolution,D:/GITHUB/BIODYNAMICS_vegetation_cooccurrence/Data/targets/paleo_spatial_regional/eu_r002/pipeline_paleo_spatial_resolution,genus,Associations,1.1291846066786873,37.65106018373534,0.6163913044051815,0.6751080520987464,37,0.02226304571772755,0.5421070751633408,0.3336295830414675,spatially_stratified_group_kfold,5,grouped_kfold_feasible,134,1965,33,4,unit_cv,NA,candidate_004,europe,Genus
paleo,regional,eu_r002,pipeline_paleo_spatial_resolution,D:/GITHUB/BIODYNAMICS_vegetation_cooccurrence/Data/targets/paleo_spatial_regional/eu_r002/pipeline_paleo_spatial_resolution,genus,Spatial,0.6651255450392766,22.17766853878087,0.6163913044051815,0.6751080520987464,37,0.02226304571772755,0.5421070751633408,0.3336295830414675,spatially_stratified_group_kfold,5,grouped_kfold_feasible,134,1965,33,4,unit_cv,NA,candidate_004,europe,Genus
paleo,regional,eu_r004,pipeline_paleo_spatial_resolution,D:/GITHUB/BIODYNAMICS_vegetation_cooccurrence/Data/targets/paleo_spatial_regional/eu_r004/pipeline_paleo_spatial_resolution,family,Abiotic,1.0751777149564474,41.715724704402945,0.8522523095839276,0.8846695792090229,12,0.06586497468195643,0.5386648707766506,0.5040384767460397,spatially_stratified_group_kfold,5,grouped_kfold_feasible,11,189,10,NA,unit_cv,NA,candidate_008,europe,Family
paleo,regional,eu_r004,pipeline_paleo_spatial_resolution,D:/GITHUB/BIODYNAMICS_vegetation_cooccurrence/Data/targets/paleo_spatial_regional/eu_r004/pipeline_paleo_spatial_resolution,family,Associations,0.549212734385153,21.308856120303304,0.8522523095839276,0.8846695792090229,12,0.06586497468195643,0.5386648707766506,0.5040384767460397,spatially_stratified_group_kfold,5,grouped_kfold_feasible,11,189,10,NA,unit_cv,NA,candidate_008,europe,Family
paleo,regional,eu_r004,pipeline_paleo_spatial_resolution,D:/GITHUB/BIODYNAMICS_vegetation_cooccurrence/Data/targets/paleo_spatial_regional/eu_r004/pipeline_paleo_spatial_resolution,family,Spatial,0.9530014636004425,36.97541917529375,0.8522523095839276,0.8846695792090229,12,0.06586497468195643,0.5386648707766506,0.5040384767460397,spatially_stratified_group_kfold,5,grouped_kfold_feasible,11,189,10,NA,unit_cv,NA,candidate_008,europe,Family
paleo,regional,eu_r004,pipeline_paleo_spatial_resolution,D:/GITHUB/BIODYNAMICS_vegetation_cooccurrence/Data/targets/paleo_spatial_regional/eu_r004/pipeline_paleo_spatial_resolution,functional_type,Abiotic,1.0068211776875384,47.01032797938983,0.8773645328994834,0.8870387038703871,7,0.16207836130786402,0.6447856005940206,0.5258457679890414,spatially_stratified_group_kfold,5,grouped_kfold_feasible,11,189,7,NA,unit_cv,NA,candidate_008,europe,Functional type
paleo,regional,eu_r004,pipeline_paleo_spatial_resolution,D:/GITHUB/BIODYNAMICS_vegetation_cooccurrence/Data/targets/paleo_spatial_regional/eu_r004/pipeline_paleo_spatial_resolution,functional_type,Associations,0.35450697939248793,16.552581274165146,0.8773645328994834,0.8870387038703871,7,0.16207836130786402,0.6447856005940206,0.5258457679890414,spatially_stratified_group_kfold,5,grouped_kfold_feasible,11,189,7,NA,unit_cv,NA,candidate_008,europe,Functional type
paleo,regional,eu_r004,pipeline_paleo_spatial_resolution,D:/GITHUB/BIODYNAMICS_vegetation_cooccurrence/Data/targets/paleo_spatial_regional/eu_r004/pipeline_paleo_spatial_resolution,functional_type,Spatial,0.7803739347006287,36.43709074644503,0.8773645328994834,0.8870387038703871,7,0.16207836130786402,0.6447856005940206,0.5258457679890414,spatially_stratified_group_kfold,5,grouped_kfold_feasible,11,189,7,NA,unit_cv,NA,candidate_008,europe,Functional type
paleo,regional,eu_r004,pipeline_paleo_spatial_resolution,D:/GITHUB/BIODYNAMICS_vegetation_cooccurrence/Data/targets/paleo_spatial_regional/eu_r004/pipeline_paleo_spatial_resolution,genus,Abiotic,1.2127320807642556,38.266117987075496,0.8650775715763007,0.8790268456375839,15,0.08296725973093687,0.5638785629638197,0.49971351623476024,spatially_stratified_group_kfold,5,grouped_kfold_feasible,11,189,13,NA,unit_cv,NA,candidate_008,europe,Genus
paleo,regional,eu_r004,pipeline_paleo_spatial_resolution,D:/GITHUB/BIODYNAMICS_vegetation_cooccurrence/Data/targets/paleo_spatial_regional/eu_r004/pipeline_paleo_spatial_resolution,genus,Associations,1.0398275615306256,32.81035010689948,0.8650775715763007,0.8790268456375839,15,0.08296725973093687,0.5638785629638197,0.49971351623476024,spatially_stratified_group_kfold,5,grouped_kfold_feasible,11,189,13,NA,unit_cv,NA,candidate_008,europe,Genus
paleo,regional,eu_r004,pipeline_paleo_spatial_resolution,D:/GITHUB/BIODYNAMICS_vegetation_cooccurrence/Data/targets/paleo_spatial_regional/eu_r004/pipeline_paleo_spatial_resolution,genus,Spatial,0.9166462885859568,28.92353190602503,0.8650775715763007,0.8790268456375839,15,0.08296725973093687,0.5638785629638197,0.49971351623476024,spatially_stratified_group_kfold,5,grouped_kfold_feasible,11,189,13,NA,unit_cv,NA,candidate_008,europe,Genus
paleo,regional,eu_r005,pipeline_paleo_spatial_resolution,D:/GITHUB/BIODYNAMICS_vegetation_cooccurrence/Data/targets/paleo_spatial_regional/eu_r005/pipeline_paleo_spatial_resolution,family,Abiotic,0.9594765315931519,44.88452099806374,0.6668466937686582,0.6927865807554489,23,0.021357219820007187,0.5283585136460077,0.23936288811330864,spatially_stratified_group_kfold,5,grouped_kfold_feasible,365,6423,23,4,unit_cv,NA,candidate_004,europe,Family
paleo,regional,eu_r005,pipeline_paleo_spatial_resolution,D:/GITHUB/BIODYNAMICS_vegetation_cooccurrence/Data/targets/paleo_spatial_regional/eu_r005/pipeline_paleo_spatial_resolution,family,Associations,0.6936630277932937,32.44970743043735,0.6668466937686582,0.6927865807554489,23,0.021357219820007187,0.5283585136460077,0.23936288811330864,spatially_stratified_group_kfold,5,grouped_kfold_feasible,365,6423,23,4,unit_cv,NA,candidate_004,europe,Family
paleo,regional,eu_r005,pipeline_paleo_spatial_resolution,D:/GITHUB/BIODYNAMICS_vegetation_cooccurrence/Data/targets/paleo_spatial_regional/eu_r005/pipeline_paleo_spatial_resolution,family,Spatial,0.48451616302739603,22.6657715714989,0.6668466937686582,0.6927865807554489,23,0.021357219820007187,0.5283585136460077,0.23936288811330864,spatially_stratified_group_kfold,5,grouped_kfold_feasible,365,6423,23,4,unit_cv,NA,candidate_004,europe,Family
paleo,regional,eu_r005,pipeline_paleo_spatial_resolution,D:/GITHUB/BIODYNAMICS_vegetation_cooccurrence/Data/targets/paleo_spatial_regional/eu_r005/pipeline_paleo_spatial_resolution,functional_type,Abiotic,0.6951992285650088,45.968990735839874,0.7373394881915862,0.8026016707083563,12,0.006083926922256256,0.553498950373219,0.30622066224163924,spatially_stratified_group_kfold,5,grouped_kfold_feasible,365,6423,11,4,unit_cv,NA,candidate_004,europe,Functional type
paleo,regional,eu_r005,pipeline_paleo_spatial_resolution,D:/GITHUB/BIODYNAMICS_vegetation_cooccurrence/Data/targets/paleo_spatial_regional/eu_r005/pipeline_paleo_spatial_resolution,functional_type,Associations,0.37158056201760503,24.57019903238886,0.7373394881915862,0.8026016707083563,12,0.006083926922256256,0.553498950373219,0.30622066224163924,spatially_stratified_group_kfold,5,grouped_kfold_feasible,365,6423,11,4,unit_cv,NA,candidate_004,europe,Functional type
paleo,regional,eu_r005,pipeline_paleo_spatial_resolution,D:/GITHUB/BIODYNAMICS_vegetation_cooccurrence/Data/targets/paleo_spatial_regional/eu_r005/pipeline_paleo_spatial_resolution,functional_type,Spatial,0.44554235840682316,29.460810231771266,0.7373394881915862,0.8026016707083563,12,0.006083926922256256,0.553498950373219,0.30622066224163924,spatially_stratified_group_kfold,5,grouped_kfold_feasible,365,6423,11,4,unit_cv,NA,candidate_004,europe,Functional type
paleo,regional,eu_r005,pipeline_paleo_spatial_resolution,D:/GITHUB/BIODYNAMICS_vegetation_cooccurrence/Data/targets/paleo_spatial_regional/eu_r005/pipeline_paleo_spatial_resolution,genus,Abiotic,1.3064218079614716,41.50147849944311,0.6197667121314453,0.6353187368993951,42,0.01519561884889771,0.534697758764396,0.28045856033023236,spatially_stratified_group_kfold,5,grouped_kfold_feasible,365,6423,40,4,unit_cv,NA,candidate_004,europe,Genus
paleo,regional,eu_r005,pipeline_paleo_spatial_resolution,D:/GITHUB/BIODYNAMICS_vegetation_cooccurrence/Data/targets/paleo_spatial_regional/eu_r005/pipeline_paleo_spatial_resolution,genus,Associations,1.2795367475386206,40.64741302817222,0.6197667121314453,0.6353187368993951,42,0.01519561884889771,0.534697758764396,0.28045856033023236,spatially_stratified_group_kfold,5,grouped_kfold_feasible,365,6423,40,4,unit_cv,NA,candidate_004,europe,Genus
paleo,regional,eu_r005,pipeline_paleo_spatial_resolution,D:/GITHUB/BIODYNAMICS_vegetation_cooccurrence/Data/targets/paleo_spatial_regional/eu_r005/pipeline_paleo_spatial_resolution,genus,Spatial,0.5619336526750982,17.851108472384666,0.6197667121314453,0.6353187368993951,42,0.01519561884889771,0.534697758764396,0.28045856033023236,spatially_stratified_group_kfold,5,grouped_kfold_feasible,365,6423,40,4,unit_cv,NA,candidate_004,europe,Genus
paleo,regional,eu_r006,pipeline_paleo_spatial_resolution,D:/GITHUB/BIODYNAMICS_vegetation_cooccurrence/Data/targets/paleo_spatial_regional/eu_r006/pipeline_paleo_spatial_resolution,family,Abiotic,0.7340659875555304,43.850265302203326,0.8186141951513273,0.8608060357176965,9,0.04412424341008417,0.5769684047918164,0.34135179621356737,spatially_stratified_group_kfold,5,grouped_kfold_feasible,33,677,9,4,unit_cv,NA,candidate_008,europe,Family
paleo,regional,eu_r006,pipeline_paleo_spatial_resolution,D:/GITHUB/BIODYNAMICS_vegetation_cooccurrence/Data/targets/paleo_spatial_regional/eu_r006/pipeline_paleo_spatial_resolution,family,Associations,0.2685650225545151,16.043036579210572,0.8186141951513273,0.8608060357176965,9,0.04412424341008417,0.5769684047918164,0.34135179621356737,spatially_stratified_group_kfold,5,grouped_kfold_feasible,33,677,9,4,unit_cv,NA,candidate_008,europe,Family
paleo,regional,eu_r006,pipeline_paleo_spatial_resolution,D:/GITHUB/BIODYNAMICS_vegetation_cooccurrence/Data/targets/paleo_spatial_regional/eu_r006/pipeline_paleo_spatial_resolution,family,Spatial,0.6713976017958583,40.10669811858611,0.8186141951513273,0.8608060357176965,9,0.04412424341008417,0.5769684047918164,0.34135179621356737,spatially_stratified_group_kfold,5,grouped_kfold_feasible,33,677,9,4,unit_cv,NA,candidate_008,europe,Family
paleo,regional,eu_r006,pipeline_paleo_spatial_resolution,D:/GITHUB/BIODYNAMICS_vegetation_cooccurrence/Data/targets/paleo_spatial_regional/eu_r006/pipeline_paleo_spatial_resolution,functional_type,Abiotic,0.7551684228920453,42.428210401238694,0.7254059337801128,0.823355629877369,7,0.07701399354288069,0.6348970316861984,0.4362447125733469,spatially_stratified_group_kfold,5,grouped_kfold_feasible,33,677,7,4,unit_cv,NA,candidate_004,europe,Functional type
paleo,regional,eu_r006,pipeline_paleo_spatial_resolution,D:/GITHUB/BIODYNAMICS_vegetation_cooccurrence/Data/targets/paleo_spatial_regional/eu_r006/pipeline_paleo_spatial_resolution,functional_type,Associations,0.2873058707961169,16.14192750402031,0.7254059337801128,0.823355629877369,7,0.07701399354288069,0.6348970316861984,0.4362447125733469,spatially_stratified_group_kfold,5,grouped_kfold_feasible,33,677,7,4,unit_cv,NA,candidate_004,europe,Functional type
paleo,regional,eu_r006,pipeline_paleo_spatial_resolution,D:/GITHUB/BIODYNAMICS_vegetation_cooccurrence/Data/targets/paleo_spatial_regional/eu_r006/pipeline_paleo_spatial_resolution,functional_type,Spatial,0.7373990871367764,41.429862094741004,0.7254059337801128,0.823355629877369,7,0.07701399354288069,0.6348970316861984,0.4362447125733469,spatially_stratified_group_kfold,5,grouped_kfold_feasible,33,677,7,4,unit_cv,NA,candidate_004,europe,Functional type
paleo,regional,eu_r006,pipeline_paleo_spatial_resolution,D:/GITHUB/BIODYNAMICS_vegetation_cooccurrence/Data/targets/paleo_spatial_regional/eu_r006/pipeline_paleo_spatial_resolution,genus,Abiotic,0.8564172777308099,35.07626173983681,0.6949443763381384,0.6967228505734342,16,0.011137505769108394,0.5118278458028865,0.5886189298219471,spatially_stratified_group_kfold,5,grouped_kfold_feasible,33,677,16,4,unit_cv,NA,candidate_004,europe,Genus
paleo,regional,eu_r006,pipeline_paleo_spatial_resolution,D:/GITHUB/BIODYNAMICS_vegetation_cooccurrence/Data/targets/paleo_spatial_regional/eu_r006/pipeline_paleo_spatial_resolution,genus,Associations,0.866241356671568,35.478626303512925,0.6949443763381384,0.6967228505734342,16,0.011137505769108394,0.5118278458028865,0.5886189298219471,spatially_stratified_group_kfold,5,grouped_kfold_feasible,33,677,16,4,unit_cv,NA,candidate_004,europe,Genus
paleo,regional,eu_r006,pipeline_paleo_spatial_resolution,D:/GITHUB/BIODYNAMICS_vegetation_cooccurrence/Data/targets/paleo_spatial_regional/eu_r006/pipeline_paleo_spatial_resolution,genus,Spatial,0.718927883804492,29.445111956650265,0.6949443763381384,0.6967228505734342,16,0.011137505769108394,0.5118278458028865,0.5886189298219471,spatially_stratified_group_kfold,5,grouped_kfold_feasible,33,677,16,4,unit_cv,NA,candidate_004,europe,Genus
paleo,regional,eu_r007,pipeline_paleo_spatial_resolution,D:/GITHUB/BIODYNAMICS_vegetation_cooccurrence/Data/targets/paleo_spatial_regional/eu_r007/pipeline_paleo_spatial_resolution,family,Abiotic,0.873632880787165,37.40115411569972,0.9107699437145853,0.9113756613756614,7,-0.04658120516820146,0.42457769750169544,0.9757779139253296,leave_one_location_out,8,leave_one_location_out_required,8,93,7,NA,unit_cv,NA,candidate_004,europe,Family
paleo,regional,eu_r007,pipeline_paleo_spatial_resolution,D:/GITHUB/BIODYNAMICS_vegetation_cooccurrence/Data/targets/paleo_spatial_regional/eu_r007/pipeline_paleo_spatial_resolution,family,Associations,0.4998313126906088,21.398310856786843,0.9107699437145853,0.9113756613756614,7,-0.04658120516820146,0.42457769750169544,0.9757779139253296,leave_one_location_out,8,leave_one_location_out_required,8,93,7,NA,unit_cv,NA,candidate_004,europe,Family
paleo,regional,eu_r007,pipeline_paleo_spatial_resolution,D:/GITHUB/BIODYNAMICS_vegetation_cooccurrence/Data/targets/paleo_spatial_regional/eu_r007/pipeline_paleo_spatial_resolution,family,Spatial,0.9623805189196009,41.20053502751343,0.9107699437145853,0.9113756613756614,7,-0.04658120516820146,0.42457769750169544,0.9757779139253296,leave_one_location_out,8,leave_one_location_out_required,8,93,7,NA,unit_cv,NA,candidate_004,europe,Family
paleo,regional,eu_r007,pipeline_paleo_spatial_resolution,D:/GITHUB/BIODYNAMICS_vegetation_cooccurrence/Data/targets/paleo_spatial_regional/eu_r007/pipeline_paleo_spatial_resolution,functional_type,Abiotic,0.746497235466099,36.652673987414644,0.9078813203508376,0.9384633080285254,6,NA,NA,NA,spatially_stratified_group_kfold,5,grouped_kfold_feasible,8,93,6,NA,tier_pooled,paleo_spatial_regional,candidate_004,europe,Functional type
paleo,regional,eu_r007,pipeline_paleo_spatial_resolution,D:/GITHUB/BIODYNAMICS_vegetation_cooccurrence/Data/targets/paleo_spatial_regional/eu_r007/pipeline_paleo_spatial_resolution,functional_type,Associations,0.3841121902178645,18.85973345079662,0.9078813203508376,0.9384633080285254,6,NA,NA,NA,spatially_stratified_group_kfold,5,grouped_kfold_feasible,8,93,6,NA,tier_pooled,paleo_spatial_regional,candidate_004,europe,Functional type
paleo,regional,eu_r007,pipeline_paleo_spatial_resolution,D:/GITHUB/BIODYNAMICS_vegetation_cooccurrence/Data/targets/paleo_spatial_regional/eu_r007/pipeline_paleo_spatial_resolution,functional_type,Spatial,0.9060693599413969,44.48759256178873,0.9078813203508376,0.9384633080285254,6,NA,NA,NA,spatially_stratified_group_kfold,5,grouped_kfold_feasible,8,93,6,NA,tier_pooled,paleo_spatial_regional,candidate_004,europe,Functional type
paleo,regional,eu_r007,pipeline_paleo_spatial_resolution,D:/GITHUB/BIODYNAMICS_vegetation_cooccurrence/Data/targets/paleo_spatial_regional/eu_r007/pipeline_paleo_spatial_resolution,genus,Abiotic,1.0132554420053514,46.35619886248558,0.9142637870851483,0.9204685214601387,6,NA,NA,NA,none,NA,tier_pooled_regularization_required,8,93,5,NA,tier_pooled,paleo_spatial_regional,candidate_004,europe,Genus
paleo,regional,eu_r007,pipeline_paleo_spatial_resolution,D:/GITHUB/BIODYNAMICS_vegetation_cooccurrence/Data/targets/paleo_spatial_regional/eu_r007/pipeline_paleo_spatial_resolution,genus,Associations,0.3973281695070034,18.177670581153166,0.9142637870851483,0.9204685214601387,6,NA,NA,NA,none,NA,tier_pooled_regularization_required,8,93,5,NA,tier_pooled,paleo_spatial_regional,candidate_004,europe,Genus
paleo,regional,eu_r007,pipeline_paleo_spatial_resolution,D:/GITHUB/BIODYNAMICS_vegetation_cooccurrence/Data/targets/paleo_spatial_regional/eu_r007/pipeline_paleo_spatial_resolution,genus,Spatial,0.7752199419911296,35.46613055636127,0.9142637870851483,0.9204685214601387,6,NA,NA,NA,none,NA,tier_pooled_regularization_required,8,93,5,NA,tier_pooled,paleo_spatial_regional,candidate_004,europe,Genus
paleo,regional,eu_r008,pipeline_paleo_spatial_resolution,D:/GITHUB/BIODYNAMICS_vegetation_cooccurrence/Data/targets/paleo_spatial_regional/eu_r008/pipeline_paleo_spatial_resolution,family,Abiotic,0.9654042924563715,45.70567811047876,0.7576872417733843,0.7518449970634602,15,0.04110193178406737,0.5808328568376807,0.31233091804948393,spatially_stratified_group_kfold,5,grouped_kfold_feasible,105,2015,14,4,unit_cv,NA,candidate_004,europe,Family
paleo,regional,eu_r008,pipeline_paleo_spatial_resolution,D:/GITHUB/BIODYNAMICS_vegetation_cooccurrence/Data/targets/paleo_spatial_regional/eu_r008/pipeline_paleo_spatial_resolution,family,Associations,0.60024649684833975,28.417807323072935,0.7576872417733843,0.7518449970634602,15,0.04110193178406737,0.5808328568376807,0.31233091804948393,spatially_stratified_group_kfold,5,grouped_kfold_feasible,105,2015,14,4,unit_cv,NA,candidate_004,europe,Family
paleo,regional,eu_r008,pipeline_paleo_spatial_resolution,D:/GITHUB/BIODYNAMICS_vegetation_cooccurrence/Data/targets/paleo_spatial_regional/eu_r008/pipeline_paleo_spatial_resolution,family,Spatial,0.5465688130887103,25.87651456644831,0.7576872417733843,0.7518449970634602,15,0.04110193178406737,0.5808328568376807,0.31233091804948393,spatially_stratified_group_kfold,5,grouped_kfold_feasible,105,2015,14,4,unit_cv,NA,candidate_004,europe,Family
paleo,regional,eu_r008,pipeline_paleo_spatial_resolution,D:/GITHUB/BIODYNAMICS_vegetation_cooccurrence/Data/targets/paleo_spatial_regional/eu_r008/pipeline_paleo_spatial_resolution,functional_type,Abiotic,0.8653452707167837,54.364213323210734,0.8044188987883304,0.8419899189129958,9,0.06344193309875876,0.7131765001642969,0.23170995200170924,spatially_stratified_group_kfold,5,grouped_kfold_feasible,105,2015,8,4,unit_cv,NA,candidate_004,europe,Functional type
paleo,regional,eu_r008,pipeline_paleo_spatial_resolution,D:/GITHUB/BIODYNAMICS_vegetation_cooccurrence/Data/targets/paleo_spatial_regional/eu_r008/pipeline_paleo_spatial_resolution,functional_type,Associations,0.271201521665504,17.037889818465562,0.8044188987883304,0.8419899189129958,9,0.06344193309875876,0.7131765001642969,0.23170995200170924,spatially_stratified_group_kfold,5,grouped_kfold_feasible,105,2015,8,4,unit_cv,NA,candidate_004,europe,Functional type
paleo,regional,eu_r008,pipeline_paleo_spatial_resolution,D:/GITHUB/BIODYNAMICS_vegetation_cooccurrence/Data/targets/paleo_spatial_regional/eu_r008/pipeline_paleo_spatial_resolution,functional_type,Spatial,0.4552085514724272,28.597896858323708,0.8044188987883304,0.8419899189129958,9,0.06344193309875876,0.7131765001642969,0.23170995200170924,spatially_stratified_group_kfold,5,grouped_kfold_feasible,105,2015,8,4,unit_cv,NA,candidate_004,europe,Functional type
paleo,regional,eu_r008,pipeline_paleo_spatial_resolution,D:/GITHUB/BIODYNAMICS_vegetation_cooccurrence/Data/targets/paleo_spatial_regional/eu_r008/pipeline_paleo_spatial_resolution,genus,Abiotic,1.260031193093146,40.10690970365341,0.7828395917220174,0.7677421656330607,25,0.023402145301760376,0.5795224763256895,0.4701783159405349,spatially_stratified_group_kfold,5,grouped_kfold_feasible,105,2015,24,4,unit_cv,NA,candidate_004,europe,Genus
paleo,regional,eu_r008,pipeline_paleo_spatial_resolution,D:/GITHUB/BIODYNAMICS_vegetation_cooccurrence/Data/targets/paleo_spatial_regional/eu_r008/pipeline_paleo_spatial_resolution,genus,Associations,1.1947559090846203,38.029191361472066,0.7828395917220174,0.7677421656330607,25,0.023402145301760376,0.5795224763256895,0.4701783159405349,spatially_stratified_group_kfold,5,grouped_kfold_feasible,105,2015,24,4,unit_cv,NA,candidate_004,europe,Genus
paleo,regional,eu_r008,pipeline_paleo_spatial_resolution,D:/GITHUB/BIODYNAMICS_vegetation_cooccurrence/Data/targets/paleo_spatial_regional/eu_r008/pipeline_paleo_spatial_resolution,genus,Spatial,0.6868939757297832,21.863898934874523,0.7828395917220174,0.7677421656330607,25,0.023402145301760376,0.5795224763256895,0.4701783159405349,spatially_stratified_group_kfold,5,grouped_kfold_feasible,105,2015,24,4,unit_cv,NA,candidate_004,europe,Genus
paleo,regional,eu_r009,pipeline_paleo_spatial_resolution,D:/GITHUB/BIODYNAMICS_vegetation_cooccurrence/Data/targets/paleo_spatial_regional/eu_r009/pipeline_paleo_spatial_resolution,family,Abiotic,0.5753552801985442,37.51880906889868,0.7838612022255909,0.8327626010003848,9,0.057735220366722295,0.5740524715190203,0.3490747285980642,spatially_stratified_group_kfold,5,grouped_kfold_feasible,33,573,8,4,unit_cv,NA,candidate_008,europe,Family
paleo,regional,eu_r009,pipeline_paleo_spatial_resolution,D:/GITHUB/BIODYNAMICS_vegetation_cooccurrence/Data/targets/paleo_spatial_regional/eu_r009/pipeline_paleo_spatial_resolution,family,Associations,0.251230311080878,16.382681098382893,0.7838612022255909,0.8327626010003848,9,0.057735220366722295,0.5740524715190203,0.3490747285980642,spatially_stratified_group_kfold,5,grouped_kfold_feasible,33,573,8,4,unit_cv,NA,candidate_008,europe,Family
paleo,regional,eu_r009,pipeline_paleo_spatial_resolution,D:/GITHUB/BIODYNAMICS_vegetation_cooccurrence/Data/targets/paleo_spatial_regional/eu_r009/pipeline_paleo_spatial_resolution,family,Spatial,0.7069259845863654,46.09850983271843,0.7838612022255909,0.8327626010003848,9,0.057735220366722295,0.5740524715190203,0.3490747285980642,spatially_stratified_group_kfold,5,grouped_kfold_feasible,33,573,8,4,unit_cv,NA,candidate_008,europe,Family
paleo,regional,eu_r009,pipeline_paleo_spatial_resolution,D:/GITHUB/BIODYNAMICS_vegetation_cooccurrence/Data/targets/paleo_spatial_regional/eu_r009/pipeline_paleo_spatial_resolution,functional_type,Abiotic,0.6026990845036084,40.02995105161363,0.653639197088409,0.7074288041393304,6,0.10668439059901574,0.6320180015344316,0.47286892227216065,spatially_stratified_group_kfold,5,grouped_kfold_feasible,33,573,5,4,unit_cv,NA,candidate_004,europe,Functional type
paleo,regional,eu_r009,pipeline_paleo_spatial_resolution,D:/GITHUB/BIODYNAMICS_vegetation_cooccurrence/Data/targets/paleo_spatial_regional/eu_r009/pipeline_paleo_spatial_resolution,functional_type,Associations,0.19799716991618,13.150537679396887,0.653639197088409,0.7074288041393304,6,0.10668439059901574,0.6320180015344316,0.47286892227216065,spatially_stratified_group_kfold,5,grouped_kfold_feasible,33,573,5,4,unit_cv,NA,candidate_004,europe,Functional type
paleo,regional,eu_r009,pipeline_paleo_spatial_resolution,D:/GITHUB/BIODYNAMICS_vegetation_cooccurrence/Data/targets/paleo_spatial_regional/eu_r009/pipeline_paleo_spatial_resolution,functional_type,Spatial,0.7049240840275486,46.81951126898948,0.653639197088409,0.7074288041393304,6,0.10668439059901574,0.6320180015344316,0.47286892227216065,spatially_stratified_group_kfold,5,grouped_kfold_feasible,33,573,5,4,unit_cv,NA,candidate_004,europe,Functional type
paleo,regional,eu_r009,pipeline_paleo_spatial_resolution,D:/GITHUB/BIODYNAMICS_vegetation_cooccurrence/Data/targets/paleo_spatial_regional/eu_r009/pipeline_paleo_spatial_resolution,genus,Abiotic,0.6962993726509146,32.637544994763694,0.7876778076214107,0.8150040155859701,14,0.07744500777913989,0.5794411882152868,0.3482837617237983,spatially_stratified_group_kfold,5,grouped_kfold_feasible,33,573,11,4,unit_cv,NA,candidate_008,europe,Genus
paleo,regional,eu_r009,pipeline_paleo_spatial_resolution,D:/GITHUB/BIODYNAMICS_vegetation_cooccurrence/Data/targets/paleo_spatial_regional/eu_r009/pipeline_paleo_spatial_resolution,genus,Associations,0.6696975556526407,31.390641675120882,0.7876778076214107,0.8150040155859701,14,0.07744500777913989,0.5794411882152868,0.3482837617237983,spatially_stratified_group_kfold,5,grouped_kfold_feasible,33,573,11,4,unit_cv,NA,candidate_008,europe,Genus
paleo,regional,eu_r009,pipeline_paleo_spatial_resolution,D:/GITHUB/BIODYNAMICS_vegetation_cooccurrence/Data/targets/paleo_spatial_regional/eu_r009/pipeline_paleo_spatial_resolution,genus,Spatial,0.7674336736691958,35.971813330115424,0.7876778076214107,0.8150040155859701,14,0.07744500777913989,0.5794411882152868,0.3482837617237983,spatially_stratified_group_kfold,5,grouped_kfold_feasible,33,573,11,4,unit_cv,NA,candidate_008,europe,Genus
paleo,continental,america,pipeline_paleo_spatial_resolution,D:/GITHUB/BIODYNAMICS_vegetation_cooccurrence/Data/targets/paleo_spatial_continental/america/pipeline_paleo_spatial_resolution,family,Abiotic,1.6777180484318865,52.056192256425426,0.878281078687501,0.8897992010464171,33,0.11860349184604309,0.8020353665942441,0.21791434418037522,spatially_stratified_group_kfold,5,grouped_kfold_feasible,385,8096,31,5,unit_cv,NA,candidate_002,america,Family
paleo,continental,america,pipeline_paleo_spatial_resolution,D:/GITHUB/BIODYNAMICS_vegetation_cooccurrence/Data/targets/paleo_spatial_continental/america/pipeline_paleo_spatial_resolution,family,Associations,1.0167643156401374,31.548136913652968,0.878281078687501,0.8897992010464171,33,0.11860349184604309,0.8020353665942441,0.21791434418037522,spatially_stratified_group_kfold,5,grouped_kfold_feasible,385,8096,31,5,unit_cv,NA,candidate_002,america,Family
paleo,continental,america,pipeline_paleo_spatial_resolution,D:/GITHUB/BIODYNAMICS_vegetation_cooccurrence/Data/targets/paleo_spatial_continental/america/pipeline_paleo_spatial_resolution,family,Spatial,0.5284157690982937,16.395670829921603,0.878281078687501,0.8897992010464171,33,0.11860349184604309,0.8020353665942441,0.21791434418037522,spatially_stratified_group_kfold,5,grouped_kfold_feasible,385,8096,31,5,unit_cv,NA,candidate_002,america,Family
paleo,continental,america,pipeline_paleo_spatial_resolution,D:/GITHUB/BIODYNAMICS_vegetation_cooccurrence/Data/targets/paleo_spatial_continental/america/pipeline_paleo_spatial_resolution,functional_type,Abiotic,0.950162745350166,46.348434785625706,0.7269615818048085,0.7496356420272436,20,0.058264828980290985,0.546989896281257,0.19301294258750867,spatially_stratified_group_kfold,5,grouped_kfold_feasible,385,8096,20,5,unit_cv,NA,candidate_008,america,Functional type
paleo,continental,america,pipeline_paleo_spatial_resolution,D:/GITHUB/BIODYNAMICS_vegetation_cooccurrence/Data/targets/paleo_spatial_continental/america/pipeline_paleo_spatial_resolution,functional_type,Associations,0.49648118621986065,24.21808894782646,0.7269615818048085,0.7496356420272436,20,0.058264828980290985,0.546989896281257,0.19301294258750867,spatially_stratified_group_kfold,5,grouped_kfold_feasible,385,8096,20,5,unit_cv,NA,candidate_008,america,Functional type
paleo,continental,america,pipeline_paleo_spatial_resolution,D:/GITHUB/BIODYNAMICS_vegetation_cooccurrence/Data/targets/paleo_spatial_continental/america/pipeline_paleo_spatial_resolution,functional_type,Spatial,0.6033988578897056,29.433476266547842,0.7269615818048085,0.7496356420272436,20,0.058264828980290985,0.546989896281257,0.19301294258750867,spatially_stratified_group_kfold,5,grouped_kfold_feasible,385,8096,20,5,unit_cv,NA,candidate_008,america,Functional type
paleo,continental,america,pipeline_paleo_spatial_resolution,D:/GITHUB/BIODYNAMICS_vegetation_cooccurrence/Data/targets/paleo_spatial_continental/america/pipeline_paleo_spatial_resolution,genus,Abiotic,1.4227532704833643,38.2360918428352,0.6542541717171104,0.6891058346299868,56,0.013162077902251608,0.5173025001978697,0.3150988419655782,spatially_stratified_group_kfold,5,grouped_kfold_feasible,385,8096,54,5,unit_cv,NA,candidate_004,america,Genus
paleo,continental,america,pipeline_paleo_spatial_resolution,D:/GITHUB/BIODYNAMICS_vegetation_cooccurrence/Data/targets/paleo_spatial_continental/america/pipeline_paleo_spatial_resolution,genus,Associations,1.5550048877597185,41.79031666132687,0.6542541717171104,0.6891058346299868,56,0.013162077902251608,0.5173025001978697,0.3150988419655782,spatially_stratified_group_kfold,5,grouped_kfold_feasible,385,8096,54,5,unit_cv,NA,candidate_004,america,Genus
paleo,continental,america,pipeline_paleo_spatial_resolution,D:/GITHUB/BIODYNAMICS_vegetation_cooccurrence/Data/targets/paleo_spatial_continental/america/pipeline_paleo_spatial_resolution,genus,Spatial,0.7432112241180078,19.973591495837926,0.6542541717171104,0.6891058346299868,56,0.013162077902251608,0.5173025001978697,0.3150988419655782,spatially_stratified_group_kfold,5,grouped_kfold_feasible,385,8096,54,5,unit_cv,NA,candidate_004,america,Genus
paleo,continental,asia,pipeline_paleo_spatial_resolution,D:/GITHUB/BIODYNAMICS_vegetation_cooccurrence/Data/targets/paleo_spatial_continental/asia/pipeline_paleo_spatial_resolution,functional_type,Abiotic,0.7260109628438509,46.310743905586946,0.8528289512829278,0.867136916355214,5,0.07752104184445593,0.6379171103064144,0.4738637323338135,spatially_stratified_group_kfold,5,grouped_kfold_feasible,24,435,5,5,unit_cv,NA,candidate_004,asia,Functional type
paleo,continental,asia,pipeline_paleo_spatial_resolution,D:/GITHUB/BIODYNAMICS_vegetation_cooccurrence/Data/targets/paleo_spatial_continental/asia/pipeline_paleo_spatial_resolution,functional_type,Associations,0.1788522234650628,11.408614940731654,0.8528289512829278,0.867136916355214,5,0.07752104184445593,0.6379171103064144,0.4738637323338135,spatially_stratified_group_kfold,5,grouped_kfold_feasible,24,435,5,5,unit_cv,NA,candidate_004,asia,Functional type
paleo,continental,asia,pipeline_paleo_spatial_resolution,D:/GITHUB/BIODYNAMICS_vegetation_cooccurrence/Data/targets/paleo_spatial_continental/asia/pipeline_paleo_spatial_resolution,functional_type,Spatial,0.6628312655961544,42.28064115368141,0.8528289512829278,0.867136916355214,5,0.07752104184445593,0.6379171103064144,0.4738637323338135,spatially_stratified_group_kfold,5,grouped_kfold_feasible,24,435,5,5,unit_cv,NA,candidate_004,asia,Functional type
paleo,continental,asia,pipeline_paleo_spatial_resolution,D:/GITHUB/BIODYNAMICS_vegetation_cooccurrence/Data/targets/paleo_spatial_continental/asia/pipeline_paleo_spatial_resolution,genus,Abiotic,0.8933402938851019,39.76216355266416,0.8798746743611097,0.8897861613670401,8,0.05994038501562529,0.6081516013660964,0.5550698638531625,spatially_stratified_group_kfold,5,grouped_kfold_feasible,24,435,8,5,unit_cv,NA,candidate_004,asia,Genus
paleo,continental,asia,pipeline_paleo_spatial_resolution,D:/GITHUB/BIODYNAMICS_vegetation_cooccurrence/Data/targets/paleo_spatial_continental/asia/pipeline_paleo_spatial_resolution,genus,Associations,0.39969798108113086,17.790372385757035,0.8798746743611097,0.8897861613670401,8,0.05994038501562529,0.6081516013660964,0.5550698638531625,spatially_stratified_group_kfold,5,grouped_kfold_feasible,24,435,8,5,unit_cv,NA,candidate_004,asia,Genus
paleo,continental,asia,pipeline_paleo_spatial_resolution,D:/GITHUB/BIODYNAMICS_vegetation_cooccurrence/Data/targets/paleo_spatial_continental/asia/pipeline_paleo_spatial_resolution,genus,Spatial,0.9536711947081006,42.44746406157881,0.8798746743611097,0.8897861613670401,8,0.05994038501562529,0.6081516013660964,0.5550698638531625,spatially_stratified_group_kfold,5,grouped_kfold_feasible,24,435,8,5,unit_cv,NA,candidate_004,asia,Genus
paleo,continental,europe,pipeline_paleo_spatial_resolution,D:/GITHUB/BIODYNAMICS_vegetation_cooccurrence/Data/targets/paleo_spatial_continental/europe/pipeline_paleo_spatial_resolution,family,Abiotic,1.5400905990918903,56.97775329869066,0.8684784639401769,0.8789425974167593,34,0.10329159396489232,0.7967766958881589,0.15539725647768582,spatially_stratified_group_kfold,5,grouped_kfold_feasible,702,12161,33,5,unit_cv,NA,candidate_002,europe,Family
paleo,continental,europe,pipeline_paleo_spatial_resolution,D:/GITHUB/BIODYNAMICS_vegetation_cooccurrence/Data/targets/paleo_spatial_continental/europe/pipeline_paleo_spatial_resolution,family,Associations,0.6968581280214806,25.781217368645382,0.8684784639401769,0.8789425974167593,34,0.10329159396489232,0.7967766958881589,0.15539725647768582,spatially_stratified_group_kfold,5,grouped_kfold_feasible,702,12161,33,5,unit_cv,NA,candidate_002,europe,Family
paleo,continental,europe,pipeline_paleo_spatial_resolution,D:/GITHUB/BIODYNAMICS_vegetation_cooccurrence/Data/targets/paleo_spatial_continental/europe/pipeline_paleo_spatial_resolution,family,Spatial,0.4660195542408912,17.24102933266396,0.8684784639401769,0.8789425974167593,34,0.10329159396489232,0.7967766958881589,0.15539725647768582,spatially_stratified_group_kfold,5,grouped_kfold_feasible,702,12161,33,5,unit_cv,NA,candidate_002,europe,Family
paleo,continental,europe,pipeline_paleo_spatial_resolution,D:/GITHUB/BIODYNAMICS_vegetation_cooccurrence/Data/targets/paleo_spatial_continental/europe/pipeline_paleo_spatial_resolution,functional_type,Abiotic,0.8737525088766331,50.114051372680926,0.7891944173584574,0.8354445966725412,18,0.05455904306155799,0.634989097937901,0.1669462272769838,spatially_stratified_group_kfold,5,grouped_kfold_feasible,702,12161,16,5,unit_cv,NA,candidate_008,europe,Functional type
paleo,continental,europe,pipeline_paleo_spatial_resolution,D:/GITHUB/BIODYNAMICS_vegetation_cooccurrence/Data/targets/paleo_spatial_continental/europe/pipeline_paleo_spatial_resolution,functional_type,Associations,0.45033197928920476,25.828778419046238,0.7891944173584574,0.8354445966725412,18,0.05455904306155799,0.634989097937901,0.1669462272769838,spatially_stratified_group_kfold,5,grouped_kfold_feasible,702,12161,16,5,unit_cv,NA,candidate_008,europe,Functional type
paleo,continental,europe,pipeline_paleo_spatial_resolution,D:/GITHUB/BIODYNAMICS_vegetation_cooccurrence/Data/targets/paleo_spatial_continental/europe/pipeline_paleo_spatial_resolution,functional_type,Spatial,0.4194434943930595,24.057170208272836,0.7891944173584574,0.8354445966725412,18,0.05455904306155799,0.634989097937901,0.1669462272769838,spatially_stratified_group_kfold,5,grouped_kfold_feasible,702,12161,16,5,unit_cv,NA,candidate_008,europe,Functional type
paleo,continental,europe,pipeline_paleo_spatial_resolution,D:/GITHUB/BIODYNAMICS_vegetation_cooccurrence/Data/targets/paleo_spatial_continental/europe/pipeline_paleo_spatial_resolution,genus,Abiotic,1.32814536444661,41.68855341681612,0.6436249508919141,0.6510423307974368,59,0.012437156185670338,0.5635122139011932,0.22053035483526107,spatially_stratified_group_kfold,5,grouped_kfold_feasible,702,12161,56,5,unit_cv,NA,candidate_004,europe,Genus
paleo,continental,europe,pipeline_paleo_spatial_resolution,D:/GITHUB/BIODYNAMICS_vegetation_cooccurrence/Data/targets/paleo_spatial_continental/europe/pipeline_paleo_spatial_resolution,genus,Associations,1.3269983494867894,41.652550283648324,0.6436249508919141,0.6510423307974368,59,0.012437156185670338,0.5635122139011932,0.22053035483526107,spatially_stratified_group_kfold,5,grouped_kfold_feasible,702,12161,56,5,unit_cv,NA,candidate_004,europe,Genus
paleo,continental,europe,pipeline_paleo_spatial_resolution,D:/GITHUB/BIODYNAMICS_vegetation_cooccurrence/Data/targets/paleo_spatial_continental/europe/pipeline_paleo_spatial_resolution,genus,Spatial,0.5307316777295539,16.658896299535566,0.6436249508919141,0.6510423307974368,59,0.012437156185670338,0.5635122139011932,0.22053035483526107,spatially_stratified_group_kfold,5,grouped_kfold_feasible,702,12161,56,5,unit_cv,NA,candidate_004,europe,Genus
