candidate_id,review_stage,taxon_name,trait_domain_name,n_records,n_trait_names,n_datasets,n_domain_outliers,n_taxon_outliers,n_invalid_values,source_references,candidate_reasons,triage_outcome,reconciliation_outcome,has_objective_scale_evidence,closure_outcome
935b153b31fdb30d0a35d56fd6223f3f218278668695a0597a05371a4d25cdce,raw,ARCTOSTAPHYLOS UVA-URSI,Leaf Area,59,3,23,0,14,0,review_submission_csv:1033,taxon_outlier;source_review,pending_submitted_note,agent_threshold_rule_not_corroborated,FALSE,approve_none_insufficient_evidence
824fa16a1b695b081a00e2b50380ed8809a985b5f7bed75e9c62111403643dba,raw,ATROPA BELLA-DONNA,Leaf Area,20,1,2,20,2,0,review_submission_csv:1816,domain_outlier;taxon_outlier;source_review,pending_submitted_note,agent_unparsed_exclusion_instruction,FALSE,approve_none_insufficient_evidence
09d40b65ad9795adc2c7da42a5918ca7d0712c99f26f773bbf19860c9af02a38,raw,Abies alba,Leaf Area,142,3,20,0,13,0,review_submission_csv:1662,taxon_outlier;source_review,pending_submitted_note,pending_submitted_note,FALSE,approve_none_insufficient_evidence
b702daa52ef4c08c53b9d3a4d6e043c98e2580826e449721d8ebb0a09376f220,raw,Abutilon incanum,Leaf Area,10,1,1,0,2,0,review_submission_csv:1608,taxon_outlier;source_review,pending_submitted_note,pending_submitted_note,FALSE,approve_none_insufficient_evidence
2c19ca6e7c78d330c2dcbd3df6eaba4c2d7e66dc6714efcdf406a2bbf6970fae,raw,Acer monspessulanum,Leaf Area,24,2,3,0,2,0,review_submission_csv:1850,taxon_outlier;source_review,pending_submitted_note,agent_threshold_rule_not_corroborated,FALSE,approve_none_insufficient_evidence
e8b8310ad454aebebed77ef9c4d75ebcab886bb0fadca3b430921bf16e329705,raw,Acer obtusatum,Leaf Area,20,1,2,20,6,0,review_submission_csv:1037,domain_outlier;taxon_outlier;source_review,pending_submitted_note,pending_submitted_note,FALSE,approve_none_insufficient_evidence
1995111244a5c0c4f184ca9ed82b3cb9a87965d2a583bfb936870a6724977d30,raw,Acer pensylvanicum,Leaf Area,15,2,14,0,2,0,review_submission_csv:1763,taxon_outlier;source_review,pending_submitted_note,pending_submitted_note,FALSE,approve_none_insufficient_evidence
71b50d206d4b7ed0e829dccf887a8ec1eeb18aa94a7dd881c8e625a11b84626e,raw,Acer saccharinum,Leaf Area,16,2,3,0,2,0,review_submission_csv:1779,taxon_outlier;source_review,pending_isolated_source_pattern,pending_isolated_source_pattern,FALSE,approve_none_insufficient_evidence
2396fd4213da68a227adb2d0d99fd62e6ba0b03b6d2769a2c048ccf8f4249eb5,raw,Acer saccharum,Leaf Area,151,5,15,39,27,0,review_submission_csv:1042,domain_outlier;taxon_outlier;source_review,pending_submitted_note,pending_submitted_note,FALSE,approve_none_insufficient_evidence
62fe5a54ea290622f43364cefb8f35672823a56848dabb08bb1d06a7d93ec1c4,raw,Achillea collina,Leaf Area,10,1,1,0,1,0,review_submission_csv:1868,taxon_outlier;source_review,pending_submitted_note,pending_submitted_note,FALSE,approve_none_insufficient_evidence
f7b67ae4ceaf650af91b9709b6ff395602b8bba69ff7a938c424711db549d385,raw,Achillea millefolium,Leaf Area,443,5,84,22,76,0,review_submission_csv:1016,domain_outlier;taxon_outlier;source_review,pending_submitted_note,agent_threshold_rule_not_corroborated,FALSE,approve_none_insufficient_evidence
b48dead9638ab72a7fa83497c081d826d526eb3991ddda45b258dbd10bcdea38,raw,Acmispon wrightii,Leaf Area,21,1,4,0,2,0,review_submission_csv:1833,taxon_outlier;source_review,pending_submitted_note,pending_submitted_note,FALSE,approve_none_insufficient_evidence
a063ac0dc798946f52fbc71dcdf23b075c54b211760418c16f9323080177f362,raw,Actaea spicata,Leaf Area,14,1,2,14,2,0,review_submission_csv:1748,domain_outlier;taxon_outlier;source_review,pending_submitted_note,agent_unparsed_exclusion_instruction,FALSE,approve_none_insufficient_evidence
6a1a8d6fac19f5a95224231e14c1f205892c6fab96815d5befd39b2843231c86,raw,Aegopodium podagraria,Leaf Area,25,3,13,22,3,0,review_submission_csv:1745,domain_outlier;taxon_outlier;source_review,pending_submitted_note,agent_unparsed_exclusion_instruction,FALSE,approve_none_insufficient_evidence
52a49482a563c392043adc5b06de575fbfee6127d04a25e0cb8f8c632a74e156,raw,Ageratina altissima,Leaf Area,27,2,3,0,2,0,review_submission_csv:1861,taxon_outlier;source_review,pending_submitted_note,pending_submitted_note,FALSE,approve_none_insufficient_evidence
652e20b39918634d9d148aac97ffee49f673773a3a2d9c7618bfe2ce5e14fac3,raw,Agropyron desertorum,Leaf Area,10,1,1,0,1,0,review_submission_csv:1869,taxon_outlier;source_review,pending_submitted_note,pending_submitted_note,FALSE,approve_none_insufficient_evidence
2065b4de7bfe96e7403c862051f8f0e5e983356c0d19176c1724e5d4bd648c55,raw,Ajuga reptans,Leaf Area,47,2,5,0,7,0,review_submission_csv:1556,taxon_outlier;source_review,pending_submitted_note,agent_unparsed_exclusion_instruction,FALSE,approve_none_insufficient_evidence
04d4db458d42e7abfd629800b895a143dcde150d4a5a6513b9e9f8557a9d9887,raw,Alchemilla coriacea,Leaf Area,10,1,1,0,2,0,review_submission_csv:1609,taxon_outlier;source_review,pending_submitted_note,pending_submitted_note,FALSE,approve_none_insufficient_evidence
00b5a7eb13addae5699869d8d0c22a2e4604b9f8b2df28e518f27f13a6cfb817,raw,Alchemilla xanthochlora,Leaf Area,27,1,2,2,3,0,review_submission_csv:1761,domain_outlier;taxon_outlier;source_review,pending_submitted_note,pending_submitted_note,FALSE,approve_none_insufficient_evidence
e663384ad949c40b0c831be6794de9f1e9d5c4d9084388982444eeae697546d0,raw,Alkanna tinctoria,Leaf Area,10,1,1,0,1,0,review_submission_csv:1870,taxon_outlier;source_review,pending_submitted_note,pending_submitted_note,FALSE,approve_none_insufficient_evidence
8368c864a554a1343d5231a091c7b99f44e5ab33a2f1339c5f073dc04884b542,raw,Alliaria petiolata,Leaf Area,11,2,2,2,3,0,review_submission_csv:1501,domain_outlier;taxon_outlier;source_review,pending_submitted_note,agent_unparsed_exclusion_instruction,FALSE,approve_none_insufficient_evidence
a40cdb950c26b202ed8431a168efbeb45d309db1639ae35381444f18b4f7b55b,raw,Allium flavum,Leaf Area,10,1,1,0,1,0,review_submission_csv:1871,taxon_outlier;source_review,pending_submitted_note,agent_unparsed_exclusion_instruction,FALSE,approve_none_insufficient_evidence
88fb776fe7daeeebad3b70386474d44c5ed730d2885626b3310ed48383051b34,raw,Alnus alnobetula,Leaf Area,10,2,2,8,2,0,review_submission_csv:1610,domain_outlier;taxon_outlier;source_review,pending_submitted_note,pending_submitted_note,FALSE,approve_none_insufficient_evidence
eb9d6bb6878e869d254d7fe18b92251975a24ceff8b1592ae837081bdc59103b,raw,Aloysia wrightii,Leaf Area,10,1,1,0,4,0,review_submission_csv:1035,taxon_outlier;source_review,pending_submitted_note,pending_submitted_note,FALSE,approve_none_insufficient_evidence
c0f49d65337ba31189491d87e74a3531a36255c4e6ad2ddf365f9cfece8fb89f,raw,Ambrosia artemesifolia,Leaf Area,21,1,1,0,6,0,review_submission_csv:1045,taxon_outlier;source_review,pending_submitted_note,pending_submitted_note,FALSE,approve_none_insufficient_evidence
8024c0454ab6771ce42a379ed373bac0215f0e819f19ca6a0ed59735022e9dca,raw,Ambrosia artemisiifolia,Leaf Area,46,3,10,2,9,0,review_submission_csv:1468,domain_outlier;taxon_outlier;source_review,pending_submitted_note,agent_threshold_rule_not_corroborated,FALSE,approve_none_insufficient_evidence
0ea61fa807a85f70bf4412b5c26006164850a1c6aa8f577676c38bd6fe4996fd,raw,Ambrosia dumosa,Leaf Area,12,2,2,0,2,0,review_submission_csv:1701,taxon_outlier;source_review,pending_submitted_note,pending_submitted_note,FALSE,approve_none_insufficient_evidence
f0425fe7f2e6c96019c4940d8bd825ae66f2040bbe8eff61da285fc2f4f25123,raw,Ambrosia psilostachya,Leaf Area,20,1,2,0,2,0,review_submission_csv:1817,taxon_outlier;source_review,pending_submitted_note,pending_submitted_note,FALSE,approve_none_insufficient_evidence
f12522c84c97c444c19b0a551f4bb7773646ff116b386d4a4c2f0b36e884cc3d,raw,Ambrosia salsola,Leaf Area,13,2,3,0,4,0,review_submission_csv:1062,taxon_outlier;source_review,pending_isolated_source_pattern,agent_strong_isolated_source_pattern,TRUE,pending_objective_scale_evidence
d928dba887410ae09287b1b8108a26e0fdb08f9e3094ef3dfc1f183970e005bf,raw,Amelanchier arborea,Leaf Area,176,3,3,130,15,0,review_submission_csv:1693,domain_outlier;taxon_outlier;source_review,pending_submitted_note,agent_unparsed_exclusion_instruction,FALSE,approve_none_insufficient_evidence
6bed31e5e9b6d3b5d56726d1d3ee19b54b8cfd6982bdf93f560557cb0688419d,raw,Amelanchier ovalis,Leaf Area,25,2,2,1,3,0,review_submission_csv:1746,domain_outlier;taxon_outlier;source_review,pending_isolated_source_pattern,pending_isolated_source_pattern,FALSE,approve_none_insufficient_evidence
f743995528c846a99ebea65a5f34840576d7dcad31be5d32fd1e7cdff8418a62,raw,Ammophila arenaria,Leaf Area,70,2,13,0,6,0,review_submission_csv:1773,taxon_outlier;source_review,pending_isolated_source_pattern,agent_strong_isolated_source_pattern,TRUE,pending_objective_scale_evidence
2dc0f25410a98d0caa6f62a8aea19cc680fa0048d431655dd68fb81d20a8b072,raw,Amphicarpa bracteata,Leaf Area,13,1,3,0,2,0,review_submission_csv:1729,taxon_outlier;source_review,pending_submitted_note,pending_submitted_note,FALSE,approve_none_insufficient_evidence
7484e0a86676e1a494d3ec9b09b6ef7100c788a7f116308fdaedd8360c88bba3,raw,Andromeda polifolia,Leaf Area,18,2,5,0,2,0,review_submission_csv:1802,taxon_outlier;source_review,pending_submitted_note,pending_submitted_note,FALSE,approve_none_insufficient_evidence
d61467ea08cc35be97a144d7b9de3a5142ea024a14589659e9f8ff6b8fcd9b24,raw,Androsace obtusifolia,Leaf Area,15,1,3,0,1,0,review_submission_csv:1764,taxon_outlier;source_review,pending_submitted_note,pending_submitted_note,FALSE,approve_none_insufficient_evidence
c1a9c88ef07d867fbd7ea383ebdfc438c963c08e0ec64dd58f17824b40720a8d,raw,Antennaria alpina,Leaf Area,44,1,5,0,7,0,review_submission_csv:1542,taxon_outlier;source_review,pending_isolated_source_pattern,agent_unparsed_exclusion_instruction,FALSE,approve_none_insufficient_evidence
10e096643d796915e950a1a92d75337edc51d3093e14b627872b5064eb432a95,raw,Antennaria parvifolia,Leaf Area,25,1,3,0,2,0,review_submission_csv:1854,taxon_outlier;source_review,pending_submitted_note,pending_submitted_note,FALSE,approve_none_insufficient_evidence
8da639ffb9b961d796aaad07af54fdfc25eaf4888cdc523ca0bfb222ecc7fae6,raw,Anthemis maritima,Leaf Area,241,1,2,0,18,0,review_submission_csv:1726,taxon_outlier;source_review,pending_submitted_note,agent_unparsed_exclusion_instruction,FALSE,approve_none_insufficient_evidence
26c10db8e30c244c943cdb6caec993c69895ef481a678af1b55f4177c6fe50d0,raw,Anthriscus sylvestris,Leaf Area,56,3,8,15,12,0,review_submission_csv:1048,domain_outlier;taxon_outlier;source_review,pending_submitted_note,pending_submitted_note,FALSE,approve_none_insufficient_evidence
c3ef3914e0cffa5c04b74f3f0f970e9b5ea7818207377b482a43dad66cda5c2d,raw,Anthyllis vulneraria subsp. polyphylla,Leaf Area,10,1,1,2,2,0,review_submission_csv:1611,domain_outlier;taxon_outlier;source_review,pending_submitted_note,pending_submitted_note,FALSE,approve_none_insufficient_evidence
fab4d4d2394dd53ce640ca1a18f500c1b717deac32f436ce5f5be431417ea973,raw,Apocynum cannabinum,Leaf Area,22,1,4,0,2,0,review_submission_csv:1841,taxon_outlier;source_review,pending_submitted_note,pending_submitted_note,FALSE,approve_none_insufficient_evidence
d4682ee561b73e3c4a9c8d896299da083d4417255fdcecac8cfcab4c3dc68922,raw,Arbutus andrachne,Leaf Area,63,2,17,2,8,0,review_submission_csv:1587,domain_outlier;taxon_outlier;source_review,pending_isolated_source_pattern,agent_unparsed_exclusion_instruction,FALSE,approve_none_insufficient_evidence
7f17cd4e229e1ddbf6f8c69c2ac52ba4a98305305d697b303f458f4378735251,raw,Arenaria ciliata,Leaf Area,10,1,1,0,1,0,review_submission_csv:1872,taxon_outlier;source_review,pending_submitted_note,pending_submitted_note,FALSE,approve_none_insufficient_evidence
29a81b8876e8c6e2e4192553a37f7d8c82cb4b53c8f3f6948527f9dd34ff7ba6,raw,Armoracia macrocarpa,Leaf Area,10,1,2,10,2,0,review_submission_csv:1612,domain_outlier;taxon_outlier;source_review,pending_submitted_note,pending_submitted_note,FALSE,approve_none_insufficient_evidence
255da15f42ca03b2bae0d28aa5d341ece28838c72baa4c2a158d98bfeb21eb8b,raw,Arnica latifolia,Leaf Area,31,2,3,1,6,0,review_submission_csv:1510,domain_outlier;taxon_outlier;source_review,pending_submitted_note,agent_threshold_rule_not_corroborated,FALSE,approve_none_insufficient_evidence
e85784f920b5f681acecd0b2ed140f8d0a8b7dfb0bec6dec4749d0015921b8d8,raw,Artemisia californica,Leaf Area,97,2,2,0,9,0,review_submission_csv:1717,taxon_outlier;source_review,pending_submitted_note,pending_submitted_note,FALSE,approve_none_insufficient_evidence
af26bc8379324c085f17aa7280fd5efb41364b09e6495fee30de5f3a09488160,raw,Artemisia frigida,Leaf Area,10,1,1,0,1,0,review_submission_csv:1873,taxon_outlier;source_review,pending_submitted_note,pending_submitted_note,FALSE,approve_none_insufficient_evidence
4809ff16c909af22767548bccd6cd1a0f35f43cf4703e3a8d720ac698d8bbc55,raw,Artemisia ludoviciana,Leaf Area,29,1,1,0,4,0,review_submission_csv:1650,taxon_outlier;source_review,pending_submitted_note,pending_submitted_note,FALSE,approve_none_insufficient_evidence
986d71ba32df6b6b2502cc98fbeee09e78b65de7a319c8e6da84e955dd8c7e37,raw,Asparagus albus,Leaf Area,23,2,4,0,2,0,review_submission_csv:1848,taxon_outlier;source_review,pending_isolated_source_pattern,agent_unparsed_exclusion_instruction,FALSE,approve_none_insufficient_evidence
02543f377df0e88f90fd3fbc10cdc51bbcee74660c1a28dce4f5d80c076eac62,raw,Astragalus laxmannii,Leaf Area,10,1,1,0,2,0,review_submission_csv:1613,taxon_outlier;source_review,pending_submitted_note,pending_submitted_note,FALSE,approve_none_insufficient_evidence
14a14555b6088cc7df2eebc4d785487f52f2599ceac0498b4046f47fcff6405f,raw,Astragalus rusbyi,Leaf Area,22,1,3,0,4,0,review_submission_csv:1560,taxon_outlier;source_review,pending_submitted_note,pending_submitted_note,FALSE,approve_none_insufficient_evidence
21a1e13d23735e0eb808ae0558d45ded58c2cfcd982f3ed7182f09fae1e0e431,raw,Astragalus shortianus,Leaf Area,10,1,1,0,2,0,review_submission_csv:1614,taxon_outlier;source_review,pending_submitted_note,pending_submitted_note,FALSE,approve_none_insufficient_evidence
e34cf6a29cf608bdb3f6febd607919f7cdb279e5d4db0f383e284c7cbf14b14e,raw,Atriplex sp,Leaf Area,10,1,1,0,2,0,review_submission_csv:1615,taxon_outlier;source_review,pending_submitted_note,pending_submitted_note,FALSE,approve_none_insufficient_evidence
5f8f4465268df4a18dca80465988c85c9f57a5bd164a644ab6f851d73100f849,raw,Avena barbata,Leaf Area,113,3,5,0,17,0,review_submission_csv:1495,taxon_outlier;source_review,pending_submitted_note,agent_threshold_rule_not_corroborated,FALSE,approve_none_insufficient_evidence
57080cc8a9aa56ed3b48493049abcc6e2f1f5734ad076c9901821624acab4deb,raw,Baccharis glutinosa,Leaf Area,72,1,1,0,5,0,review_submission_csv:1832,taxon_outlier;source_review,pending_submitted_note,pending_submitted_note,FALSE,approve_none_insufficient_evidence
5e7401dee08025e48fd4d525e671d0b7a1f5d61c4b9c98268fbf6acf7c960439,raw,Baccharis pilularis,Leaf Area,177,2,3,0,15,0,review_submission_csv:1694,taxon_outlier;source_review,pending_submitted_note,pending_submitted_note,FALSE,approve_none_insufficient_evidence
59c911634414d30460d1a3a56429fe8e8be212e8318ecded2fd373cfa9a0de8b,raw,Baccharis sergiloides,Leaf Area,12,2,2,0,2,0,review_submission_csv:1702,taxon_outlier;source_review,pending_submitted_note,pending_submitted_note,FALSE,approve_none_insufficient_evidence
ad43a536537a7b811022ecc5ab97c863a88c504f3d8947acba23f9f3a1708b75,raw,Berberis aggregata,Leaf Area,15,1,1,0,2,0,review_submission_csv:1765,taxon_outlier;source_review,pending_submitted_note,pending_submitted_note,FALSE,approve_none_insufficient_evidence
20dab548395408ab0cebfdeff66946729f9f1852dda06f6bf6a05d006e7b18a6,raw,Berberis koreana,Leaf Area,11,1,1,0,3,0,review_submission_csv:1502,taxon_outlier;source_review,pending_submitted_note,pending_submitted_note,FALSE,approve_none_insufficient_evidence
ce513f426089ae1224afba6938b6188dda36f0042dc9ee501470cd31dece6a40,raw,Berberis vulgaris,Leaf Area,61,2,4,0,10,0,review_submission_csv:1509,taxon_outlier;source_review,pending_submitted_note,pending_submitted_note,FALSE,approve_none_insufficient_evidence
087560ea0485ead5f5a9d2086b9888e96a4cbcb78fb4641cb06162400115561d,raw,Betula pubescens,Leaf Area,24,3,7,4,5,0,review_submission_csv:1511,domain_outlier;taxon_outlier;source_review,pending_submitted_note,agent_unparsed_exclusion_instruction,FALSE,approve_none_insufficient_evidence
da0a325706f3af8c90b1b69642d499fbaf88faedb2c50576eed3f00e1e2d7e07,raw,Bistorta bistortoides,Leaf Area,40,2,3,3,7,0,review_submission_csv:1516,domain_outlier;taxon_outlier;source_review,agent_repeated_source_pattern,,TRUE,pending_objective_scale_evidence
9fb2827764add4d279c5546f8da673ad2fd3bcd08d96ef97a7a5ea6f6043ad04,raw,Botrychium biternatum,Leaf Area,10,1,2,1,1,0,review_submission_csv:1874,domain_outlier;taxon_outlier;source_review,pending_submitted_note,agent_unparsed_exclusion_instruction,FALSE,approve_none_insufficient_evidence
5d06ce837e2d5b7dbbd0f9aed2ff5cacf5edf3191fc59499476578d99b89b35d,raw,Botrychium dissectum,Leaf Area,12,1,2,3,3,0,review_submission_csv:1519,domain_outlier;taxon_outlier;source_review,pending_submitted_note,propose_scale_validated_threshold,TRUE,pending_objective_scale_evidence
ceba4b2cdff7dea47589879bf65c5c7481d8363436446589d0c3bb811d2b88d0,raw,Bouteloua curtipendula,Leaf Area,10,1,1,0,2,0,review_submission_csv:1616,taxon_outlier;source_review,pending_submitted_note,pending_submitted_note,FALSE,approve_none_insufficient_evidence
432472466d737e8b39aa2b30343b59e7073c3502b214f62237b84b79eb9b44ed,raw,Brachypodium retusum,Leaf Area,96,2,13,1,11,0,review_submission_csv:1589,domain_outlier;taxon_outlier;source_review,pending_submitted_note,agent_unparsed_exclusion_instruction,FALSE,approve_none_insufficient_evidence
e5850df6336767bdc7939b680349eb9a618c9cceeb8f0ec2e25d47ab10c09847,raw,Briza media,Leaf Area,10,2,10,0,1,0,review_submission_csv:1875,taxon_outlier;source_review,pending_submitted_note,agent_unparsed_exclusion_instruction,FALSE,approve_none_insufficient_evidence
abcbd53d749f34fd1930a72bb12ca5186d47159fcad2526816f88d62c2d985d9,raw,Bromus ciliatus,Leaf Area,24,2,5,0,4,0,review_submission_csv:1578,taxon_outlier;source_review,pending_submitted_note,pending_submitted_note,FALSE,approve_none_insufficient_evidence
072f049e099f851aaa5d268a2b8438fe9c7049553fbe362df76d2b3361d06db2,raw,Broussonetia papyrifera,Leaf Area,15,1,1,0,2,0,review_submission_csv:1766,taxon_outlier;source_review,pending_submitted_note,pending_submitted_note,FALSE,approve_none_insufficient_evidence
43ff42d95da663ac2bc4c56a688f0600b1f77b090d41cd73b32f39fe10c43dae,raw,Calamagrostis canadensis,Leaf Area,21,2,4,0,5,0,review_submission_csv:1479,taxon_outlier;source_review,agent_repeated_source_pattern,,TRUE,pending_objective_scale_evidence
0b98bc1b7add8a5588f94d66438f89aeb5be27a710f352a260eb54aee43e7b31,raw,Calamagrostis varia,Leaf Area,10,1,1,8,1,0,review_submission_csv:1876,domain_outlier;taxon_outlier;source_review,pending_submitted_note,pending_submitted_note,FALSE,approve_none_insufficient_evidence
4c50f534ab36d138153cb1a60a634ceffda8aab3453a44858752339e949c3ed0,raw,Calicotome villosa,Leaf Area,36,2,4,0,6,0,review_submission_csv:1543,taxon_outlier;source_review,pending_submitted_note,pending_submitted_note,FALSE,approve_none_insufficient_evidence
84e09abe1c7e72e1a42b666f09cb2a20133d9839f284d9666a60b3a773acce07,raw,Calluna vulgaris,Leaf Area,49,3,13,0,12,0,,taxon_outlier,pending_historical_drift,agent_historical_drift,FALSE,approve_none_insufficient_evidence
7a8a97c80f3ac3ef77564eb431fe507e771bfd09f01af0700a41332f4d553deb,raw,Caltha leptosepala,Leaf Area,22,2,3,7,4,0,review_submission_csv:1561,domain_outlier;taxon_outlier;source_review,agent_repeated_source_pattern,,TRUE,pending_objective_scale_evidence
fc2532de925ef941c28fc7578d289fe40cc1b46735d41b28e52ab5340c10896d,raw,Campanula patula,Leaf Area,10,1,1,0,1,0,review_submission_csv:1877,taxon_outlier;source_review,pending_submitted_note,pending_submitted_note,FALSE,approve_none_insufficient_evidence
745ae3d73c616633ffd2f7f612ef05e816ad55ffd456faac466a8403f3ec6996,raw,Campanula scheuchzeri,Leaf Area,40,1,4,0,3,0,review_submission_csv:1847,taxon_outlier;source_review,pending_submitted_note,pending_submitted_note,FALSE,approve_none_insufficient_evidence
8c8672ae77e19a57262f9d8811c6b5c23cb2bfc7b0fe593353db3c4c134e55cf,raw,Campsis radicans,Leaf Area,48,2,7,0,8,0,review_submission_csv:1517,taxon_outlier;source_review,pending_submitted_note,pending_submitted_note,FALSE,approve_none_insufficient_evidence
af6447b9ccaf9df32a10943639992ad2149c47524976e4f75f60bb3bc7d304dd,raw,Cardamine amara,Leaf Area,15,2,2,1,3,0,review_submission_csv:1568,domain_outlier;taxon_outlier;source_review,pending_isolated_source_pattern,pending_isolated_source_pattern,FALSE,approve_none_insufficient_evidence
4af84b65acadede12c48e9467d182d27d9c12cfd0613c64446d0dd859048b285,raw,Cardamine bellidifolia,Leaf Area,38,1,1,0,3,0,review_submission_csv:1840,taxon_outlier;source_review,pending_submitted_note,pending_submitted_note,FALSE,approve_none_insufficient_evidence
50f802eb7c2cb1c9c206f233c4258df23d261cc5cdbe6e0266b981ffbcb68c97,raw,Cardamine parviflora,Leaf Area,10,1,2,0,2,0,review_submission_csv:1617,taxon_outlier;source_review,pending_submitted_note,pending_submitted_note,FALSE,approve_none_insufficient_evidence
f19041fda0890999656ef4fae7462bc4f33e6fc665489ad5f7a4e7886633639c,raw,Carduus pycnocephalus,Leaf Area,100,1,1,0,10,0,review_submission_csv:1652,taxon_outlier;source_review,pending_submitted_note,pending_submitted_note,FALSE,approve_none_insufficient_evidence
1a31d5a93d437e03af811318e1e06a5c4dd08603719b8bd231dc7ab163878213,raw,Carex arenaria,Leaf Area,10,2,10,0,2,0,review_submission_csv:1618,taxon_outlier;source_review,pending_submitted_note,pending_submitted_note,FALSE,approve_none_insufficient_evidence
79b9a826a7a15ad764860eded7d5c4e4f3149fb7dcd08db38910135985dbf2f8,raw,Carex brevior,Leaf Area,26,2,2,0,2,0,review_submission_csv:1859,taxon_outlier;source_review,pending_submitted_note,pending_submitted_note,FALSE,approve_none_insufficient_evidence
5a955d08f7c6dac83153a4e6403ef38fa42803941ea0467ea281d2c6ab756f97,raw,Carex capillaris,Leaf Area,10,1,1,0,3,0,review_submission_csv:1483,taxon_outlier;source_review,pending_submitted_note,pending_submitted_note,FALSE,approve_none_insufficient_evidence
ef8c3a71666bf7cca58f2bd6a6346d6656aa5fad18a23aa5555f0e80e433aa20,raw,Carex flacca,Leaf Area,16,3,12,0,2,0,review_submission_csv:1780,taxon_outlier;source_review,pending_submitted_note,agent_threshold_rule_not_corroborated,FALSE,approve_none_insufficient_evidence
5f96944c7137c27b8346e6a3dc5fc1f23f640a678ad0783b66c8307ec890f420,raw,Carex macrolepis,Leaf Area,40,1,4,0,8,0,review_submission_csv:1471,taxon_outlier;source_review,pending_submitted_note,pending_submitted_note,FALSE,approve_none_insufficient_evidence
3dcaa46406ac0c1c5f9cc4e775657c592db0fde726c551e4fdb48e9f0a923eef,raw,Carex michelii,Leaf Area,10,1,1,0,1,0,review_submission_csv:1878,taxon_outlier;source_review,pending_submitted_note,agent_unparsed_exclusion_instruction,FALSE,approve_none_insufficient_evidence
44e7dec2ce8f041b9bbfff839cbaeca60c99248e80fce826fdf5a7842ab9284b,raw,Carex pensylvanica,Leaf Area,135,1,5,0,9,0,review_submission_csv:1801,taxon_outlier;source_review,pending_submitted_note,pending_submitted_note,FALSE,approve_none_insufficient_evidence
37daad3ef14dba7de066717c15426234c1fbc83bb79c92ed9f02ea9538f7fdb1,raw,Carex richardsonii,Leaf Area,18,1,1,0,2,0,review_submission_csv:1803,taxon_outlier;source_review,pending_submitted_note,pending_submitted_note,FALSE,approve_none_insufficient_evidence
e79eec047c294d144505e93088602462c7a471159311c413f9779e8669a25ec6,raw,Carex swanii,Leaf Area,10,1,2,0,2,0,review_submission_csv:1619,taxon_outlier;source_review,pending_submitted_note,pending_submitted_note,FALSE,approve_none_insufficient_evidence
4011d5172d0ba1500d50495f4d8cfa25cfe229eebabbe33327aef643addb11e6,raw,Carthamus lanatus,Leaf Area,13,1,4,0,5,0,review_submission_csv:1024,taxon_outlier;source_review,agent_repeated_source_pattern,,TRUE,pending_objective_scale_evidence
a864cd0ddfc06bb69ce49fa7c9f886f3b6ea3d7645e8b935e68643dedee8d6e5,raw,Carum carvi,Leaf Area,14,1,1,0,2,0,review_submission_csv:1749,taxon_outlier;source_review,pending_submitted_note,pending_submitted_note,FALSE,approve_none_insufficient_evidence
e38d501bdf29c081ba73b132354076f88b3eaada7ef181fbffeaaaed5edaa467,raw,Castilleja integra,Leaf Area,11,1,2,0,2,0,review_submission_csv:1663,taxon_outlier;source_review,pending_submitted_note,pending_submitted_note,FALSE,approve_none_insufficient_evidence
4cc17679cb7b84e2f561cc5b06f6158da935edae1357e51360d77bebd6ca4897,raw,Catalpa speciosa,Leaf Area,40,1,1,0,4,0,review_submission_csv:1759,taxon_outlier;source_review,pending_submitted_note,pending_submitted_note,FALSE,approve_none_insufficient_evidence
e36d87cf6594627933d9f1163400d6bef86213890b5b4737f4c5743a0f0fdc5e,raw,Celtis ehrenbergiana,Leaf Area,11,1,1,0,2,0,review_submission_csv:1664,taxon_outlier;source_review,pending_submitted_note,pending_submitted_note,FALSE,approve_none_insufficient_evidence
0e037f7bcadddb124602d6d30d2ca6e177c7833885af24ef66bd72d415bfadb2,raw,Centaurea diffusa,Leaf Area,10,1,1,0,1,0,review_submission_csv:1879,taxon_outlier;source_review,pending_submitted_note,pending_submitted_note,FALSE,approve_none_insufficient_evidence
3c9d49ad4581d09c408b77d41b1f75cc037f5517d134974d905fb8b753417e72,raw,Centaurea jacea,Leaf Area,268,4,68,45,53,0,review_submission_csv:1027,domain_outlier;taxon_outlier;source_review,pending_submitted_note,propose_scale_validated_threshold,TRUE,pending_objective_scale_evidence
508297a4e7b6f7e577bdc0467a93c93edc89bb112fe7208b419aea9ef0fc255e,raw,Chaenactis douglasii,Leaf Area,25,1,1,0,2,0,review_submission_csv:1856,taxon_outlier;source_review,pending_submitted_note,pending_submitted_note,FALSE,approve_none_insufficient_evidence
0bf12740315f7b35ca9be99b6539bf3a17588d244e3ca1df0a398ef939f6a745,raw,Chenopodium fremontii,Leaf Area,21,1,2,0,3,0,review_submission_csv:1689,taxon_outlier;source_review,pending_submitted_note,pending_submitted_note,FALSE,approve_none_insufficient_evidence
b642ad5a40b9099a2b411d0e23872841c79a7a6b3fe681a518b68374d2034066,raw,Chilopsis linearis,Leaf Area,28,2,2,0,3,0,review_submission_csv:1776,taxon_outlier;source_review,pending_submitted_note,pending_submitted_note,FALSE,approve_none_insufficient_evidence
72b8b1c7ceaa47dca1a8c92b9ef9ce17f3639588d4a9721d307e0c4bb709a0a3,raw,Chionophila jamesii,Leaf Area,11,1,2,0,3,0,review_submission_csv:1503,taxon_outlier;source_review,agent_repeated_source_pattern,,TRUE,pending_objective_scale_evidence
eaf308c92024f2e52e416b0ec62083bc7f6e6a4037d30461c845aa67e4ba6f47,raw,Cirsium wheeleri,Leaf Area,21,1,2,0,3,0,review_submission_csv:1690,taxon_outlier;source_review,pending_submitted_note,pending_submitted_note,FALSE,approve_none_insufficient_evidence
35f9256353224140c605bf8bf3d3bc745edd66ea79581412eae95d646ff95843,raw,Cistus clusii,Leaf Area,15,2,6,0,4,0,review_submission_csv:1474,taxon_outlier;source_review,pending_submitted_note,agent_threshold_rule_not_corroborated,FALSE,approve_none_insufficient_evidence
dc7ed1393385f9ccd8def6cc584e085ccf56fd588d7d005be53b0fbeeb4e0053,raw,Cistus creticus,Leaf Area,172,3,37,0,27,0,review_submission_csv:1065,taxon_outlier;source_review,pending_submitted_note,propose_scale_validated_threshold,TRUE,pending_objective_scale_evidence
6fd20f6183eb2670d331f606f99a8db24699e7755367380ccf7db4b5a78a1a11,raw,Cistus salviifolius,Leaf Area,182,4,30,0,14,0,review_submission_csv:1741,taxon_outlier;source_review,pending_submitted_note,agent_unparsed_exclusion_instruction,FALSE,approve_none_insufficient_evidence
b34ec1a061de4ead7a4f3e5a3c9a51e4ee8eb24a5d0f13ab7ca963c2a4901644,raw,Clematis vitalba,Leaf Area,20,1,2,20,2,0,review_submission_csv:1818,domain_outlier;taxon_outlier;source_review,pending_submitted_note,pending_submitted_note,FALSE,approve_none_insufficient_evidence
6a62a0e65b2c69fe25fbb596a6abad0b3b1fb58682f4b389b11f97c3b1ee5924,raw,Cleomella arborea,Leaf Area,11,1,1,0,2,0,review_submission_csv:1665,taxon_outlier;source_review,pending_submitted_note,pending_submitted_note,FALSE,approve_none_insufficient_evidence
3c906f862c9f16dc83e5da3063842d87eac27d42244341c6565b2d7041edc58b,raw,Clinopodium alpinum,Leaf Area,20,1,2,0,6,0,review_submission_csv:1038,taxon_outlier;source_review,pending_submitted_note,pending_submitted_note,FALSE,approve_none_insufficient_evidence
44757d01f060178fa2bf4e78790bbb7c1c1b11d9a647bda5f87cd7316ad6770b,raw,Clintonia borealis,Leaf Area,10,1,7,0,2,0,review_submission_csv:1620,taxon_outlier;source_review,pending_submitted_note,pending_submitted_note,FALSE,approve_none_insufficient_evidence
773952121dd7b51bcf07d324e816e8708ca7893bfb7bc3fe23d252a6bac40d84,raw,Cologania angustifolia,Leaf Area,20,1,2,0,3,0,review_submission_csv:1656,taxon_outlier;source_review,pending_submitted_note,pending_submitted_note,FALSE,approve_none_insufficient_evidence
6166810e36e18ea1c9678f3df7dd17be4513f097772939402223cebb976467cb,raw,Commelina erecta,Leaf Area,20,1,1,0,2,0,review_submission_csv:1819,taxon_outlier;source_review,pending_submitted_note,pending_submitted_note,FALSE,approve_none_insufficient_evidence
925264cc3e1f0822c38adfe332796ca2e999a58d2d5f420c32cf99ab3dfd0cf5,raw,Condalia ericoides,Leaf Area,11,1,1,0,4,0,review_submission_csv:1039,taxon_outlier;source_review,pending_submitted_note,pending_submitted_note,FALSE,approve_none_insufficient_evidence
295c7c846dad6695ad0b8e1d02598ee28408f87160364b35be64c2c300dfcfcf,raw,Cornus canadensis,Leaf Area,26,2,8,0,3,0,review_submission_csv:1755,taxon_outlier;source_review,pending_submitted_note,pending_submitted_note,FALSE,approve_none_insufficient_evidence
6d872c282770a3a907d505d2165e41a3290ac0bc67cb13a13bdee40479758db1,raw,Cornus racemosa,Leaf Area,51,2,6,0,4,0,review_submission_csv:1811,taxon_outlier;source_review,pending_submitted_note,pending_submitted_note,FALSE,approve_none_insufficient_evidence
e0d1734a87f5088c5aa2f91f9c3093c1ba25a37715ae024b83f0045ddb1ce3b5,raw,Cornus suecica,Leaf Area,19,3,4,0,4,0,review_submission_csv:1528,taxon_outlier;source_review,pending_isolated_source_pattern,agent_unparsed_exclusion_instruction,FALSE,approve_none_insufficient_evidence
b6efeb0fe2ae2fd8788dc4b920c2cd18697e20426811c7f8fd9d01afac020f8e,raw,Corylus americana,Leaf Area,23,2,5,0,4,0,review_submission_csv:1574,taxon_outlier;source_review,pending_submitted_note,pending_submitted_note,FALSE,approve_none_insufficient_evidence
f10344260a5b16c6a2a2541aa63dc2dbf13354b2244abb48a8eae1798f59ea9d,raw,Cotoneaster franchetii,Leaf Area,15,1,1,0,2,0,review_submission_csv:1767,taxon_outlier;source_review,pending_submitted_note,pending_submitted_note,FALSE,approve_none_insufficient_evidence
17b21ca97e3ea060688e504f6ca059200d28b28d86dc429ab0bfec2baa02ad61,raw,Crataegus laciniata,Leaf Area,30,1,1,0,3,0,review_submission_csv:1785,taxon_outlier;source_review,pending_submitted_note,pending_submitted_note,FALSE,approve_none_insufficient_evidence
c222062d429ddaa0a2e8a8816936e3fd166d247b7172be2ae6ccde7fe9b17eba,raw,Crepis aurea,Leaf Area,34,1,4,1,7,0,review_submission_csv:1482,domain_outlier;taxon_outlier;source_review,pending_submitted_note,pending_submitted_note,FALSE,approve_none_insufficient_evidence
153363ca3d63952fc0145022124857102611fed69f6e26ca78fe73d7d20fc715,raw,Crucianella maritima,Leaf Area,67,1,2,0,8,0,review_submission_csv:1599,taxon_outlier;source_review,pending_submitted_note,agent_unparsed_exclusion_instruction,FALSE,approve_none_insufficient_evidence
f4d239970a847921f12b87f642dd9b3b4f853d9150e9554d89aaf6836b5399b2,raw,Crupina vulgaris,Leaf Area,15,1,2,0,3,0,review_submission_csv:1569,taxon_outlier;source_review,pending_submitted_note,propose_scale_validated_threshold,TRUE,pending_objective_scale_evidence
a8e3df957e7d8ae97e09661316430403081d7f35747e9cfa800f9f5dc1b505b4,raw,Cryptomeria japonica,Leaf Area,35,2,2,0,6,0,review_submission_csv:1534,taxon_outlier;source_review,pending_submitted_note,agent_threshold_rule_not_corroborated,FALSE,approve_none_insufficient_evidence
c1405350ebf1788f3cce464094503069a1e70886cabc78132fbf4bb9844cc780,raw,Cymopterus lemmonii,Leaf Area,63,2,6,3,15,0,review_submission_csv:1030,domain_outlier;taxon_outlier;source_review,pending_submitted_note,pending_submitted_note,FALSE,approve_none_insufficient_evidence
03ca1c48eebd99fe5b8b27f3afffa34ee22a3b24b0140dbf80a928398a694800,raw,Cytisus scoparius,Leaf Area,30,1,1,0,3,0,review_submission_csv:1786,taxon_outlier;source_review,pending_submitted_note,pending_submitted_note,FALSE,approve_none_insufficient_evidence
8bab8ee6ab6532ac15688a1eab5ccef15287a5168b32bcbf73d26f87d94f9b23,raw,Danthonia intermedia,Leaf Area,25,1,2,0,1,0,,taxon_outlier,agent_repeated_source_pattern,,TRUE,pending_objective_scale_evidence
0b4cafe964ce0de7c58c8925830b3b1e77bf1b83876f79bb538aef5022cf04bd,raw,Daphne laureola,Leaf Area,214,3,20,0,34,0,review_submission_csv:1053,taxon_outlier;source_review,agent_recovered_rule,,FALSE,approve_none_insufficient_evidence
20903bdc2ac1d854da975c1e4f02c0cf956be01d4e35d99f5dd2d9e2d5c1ab23,raw,Daucus carota,Leaf Area,206,4,26,9,19,0,review_submission_csv:1603,domain_outlier;taxon_outlier;source_review,pending_submitted_note,pending_submitted_note,FALSE,approve_none_insufficient_evidence
cc93de764f5ed258af428f5efd5d5946c9a27dbaf5c596c460c43f2e6692ae74,raw,Dennstaedtia punctilobula,Leaf Area,11,2,3,0,2,0,review_submission_csv:1666,taxon_outlier;source_review,pending_submitted_note,pending_submitted_note,FALSE,approve_none_insufficient_evidence
15ac0e1196512359d0fc4dbdbc4c40bf5f941053c4b558c2590aceb2179261e1,raw,Deschampsia cespitosa,Leaf Area,13,3,13,1,5,0,review_submission_csv:1025,domain_outlier;taxon_outlier;source_review,pending_submitted_note,agent_unparsed_exclusion_instruction,FALSE,approve_none_insufficient_evidence
c3118fe58dc3fbb644de3b1b27092e4ea8a97d2d81b4efca71af066e94c366ae,raw,Descurainia sophia,Leaf Area,10,1,1,0,2,0,review_submission_csv:1621,taxon_outlier;source_review,pending_submitted_note,pending_submitted_note,FALSE,approve_none_insufficient_evidence
04677261e7d6b9d8db3437a063d0c0bff5f2f3ade9fcabd252e13e32c29896c5,raw,Desmodium rigidum,Leaf Area,10,1,2,0,2,0,review_submission_csv:1622,taxon_outlier;source_review,pending_submitted_note,pending_submitted_note,FALSE,approve_none_insufficient_evidence
fab2a7ddea3116cece904e6407232469a7542d7da01dbdcfe794f9fc501a3a66,raw,Deutzia discolor,Leaf Area,15,1,1,0,4,0,review_submission_csv:1475,taxon_outlier;source_review,pending_submitted_note,pending_submitted_note,FALSE,approve_none_insufficient_evidence
eb480357670d93a73e8136e8933402bcb8cf290080cd8dc844c5f99fcf4bb441,raw,Doronicum glaciale,Leaf Area,18,1,3,0,4,0,review_submission_csv:1514,taxon_outlier;source_review,pending_submitted_note,pending_submitted_note,FALSE,approve_none_insufficient_evidence
d404537af5b8d438a0188ab6932ef345b1ce1c81224a5e6057a165e97b9a31e6,raw,Echinops ritro,Leaf Area,13,2,4,10,3,0,review_submission_csv:1535,domain_outlier;taxon_outlier;source_review,pending_submitted_note,agent_unparsed_exclusion_instruction,FALSE,approve_none_insufficient_evidence
ac39946923e31452b49d3f295011218758a76cea8771ebbbd0852314cb62a899,raw,Echium plantagineum,Leaf Area,210,2,2,0,12,0,review_submission_csv:1813,taxon_outlier;source_review,pending_submitted_note,agent_unparsed_exclusion_instruction,FALSE,approve_none_insufficient_evidence
7a2dff43fcdf6587bfde0a169373b547e0d96b9369be62841c8f74386f9fbac3,raw,Elymus repens,Leaf Area,13,3,4,0,2,0,review_submission_csv:1730,taxon_outlier;source_review,pending_submitted_note,pending_submitted_note,FALSE,approve_none_insufficient_evidence
7b11ec0a06d9cf8e44872d8cfe5363351af4d24dc63eede8a06aa76122a4cc39,raw,Elymus riparius,Leaf Area,24,1,1,0,3,0,review_submission_csv:1737,taxon_outlier;source_review,pending_submitted_note,pending_submitted_note,FALSE,approve_none_insufficient_evidence
6468a0b461014d27ea10425c1fccc2ad56616afe7faad13acb967bf6f9684a38,raw,Elymus scribneri,Leaf Area,11,1,2,0,1,0,,taxon_outlier,agent_repeated_source_pattern,,TRUE,pending_objective_scale_evidence
74a681b5271a8eb821f7eaaef449572e7acdb949ef69d23e667f4145c5c63f43,raw,Elymus smithii,Leaf Area,33,3,5,0,4,0,review_submission_csv:1715,taxon_outlier;source_review,pending_submitted_note,pending_submitted_note,FALSE,approve_none_insufficient_evidence
b5352668cecccd2fd02212aa5e739990fd20700af42b0ec18b8b8886cc566bb7,raw,Elymus violaceus,Leaf Area,12,2,2,0,3,0,review_submission_csv:1520,taxon_outlier;source_review,pending_submitted_note,pending_submitted_note,FALSE,approve_none_insufficient_evidence
89800039d62e3db67ff7e920d17733c9e24b417e63d2ce436bd22f6d768fa97c,raw,Encelia farinosa,Leaf Area,42,3,3,0,3,0,review_submission_csv:1849,taxon_outlier;source_review,pending_submitted_note,pending_submitted_note,FALSE,approve_none_insufficient_evidence
60ff921ec33b8ddfb5a286840fb6fa9a3b967af41386ab4d2c10e7d48ed7c161,raw,Epilobium alsinifolium,Leaf Area,10,1,1,0,3,0,review_submission_csv:1484,taxon_outlier;source_review,pending_submitted_note,pending_submitted_note,FALSE,approve_none_insufficient_evidence
5289f762ae2ba87ba953e5924bb8d10cddd4505e22d016c8970f1571af28f3f7,raw,Epilobium hirsutum,Leaf Area,13,2,10,2,4,0,review_submission_csv:1063,domain_outlier;taxon_outlier;source_review,pending_submitted_note,pending_submitted_note,FALSE,approve_none_insufficient_evidence
31d84893d90443dcda90e9f443857df7475100228f8c4b1c7c172fdbde354df0,raw,Epipactis helleborine,Leaf Area,108,3,14,70,12,0,review_submission_csv:1592,domain_outlier;taxon_outlier;source_review,pending_submitted_note,agent_unparsed_exclusion_instruction,FALSE,approve_none_insufficient_evidence
59841a0c84356f663a43b85b6e8315bae099e721f96c8ad7da6e3e0fd51ad6bb,raw,Equisetum arvense,Leaf Area,19,2,5,0,1,0,,taxon_outlier,pending_isolated_source_pattern,agent_strong_isolated_source_pattern,TRUE,pending_objective_scale_evidence
0734ee581dd497359a93ffe16ed0af548d81b6722686ccd4951b8e2fa5d5ddf7,raw,Equisetum ramosissimum,Leaf Area,10,1,1,0,2,0,review_submission_csv:1623,taxon_outlier;source_review,pending_submitted_note,pending_submitted_note,FALSE,approve_none_insufficient_evidence
4a3d1aca04307a58060cc34b38274bdc10a52505f432df1a287f289e9417e9cd,raw,Equisetum variegatum,Leaf Area,12,1,1,0,2,0,review_submission_csv:1704,taxon_outlier;source_review,pending_submitted_note,pending_submitted_note,FALSE,approve_none_insufficient_evidence
1283f90990c07850d4aa343a3a26abd0891cc677f2ffd855d3c0f8c055cebc1e,raw,Eragrostis spectabilis,Leaf Area,12,1,1,0,2,0,review_submission_csv:1705,taxon_outlier;source_review,pending_submitted_note,pending_submitted_note,FALSE,approve_none_insufficient_evidence
b82edb5e48901953dd7a0b7e8c4c4737d24c50b377d1ee2ebb4fe76b547beb2b,raw,Eremogone congesta,Leaf Area,25,1,1,0,6,0,review_submission_csv:1459,taxon_outlier;source_review,pending_submitted_note,pending_submitted_note,FALSE,approve_none_insufficient_evidence
734fe6ccbe4498be58eeb9691263e36a6ee54147e867a3134dbb7694b5a98e44,raw,Erica arborea,Leaf Area,106,2,6,0,13,0,review_submission_csv:1557,taxon_outlier;source_review,pending_submitted_note,agent_unparsed_exclusion_instruction,FALSE,approve_none_insufficient_evidence
9145ce5d3ff02e7ee4adc87bddb21964ea56bc00c7210d379eb2721cfd4aa28a,raw,Erica scoparia,Leaf Area,52,2,5,0,6,0,review_submission_csv:1653,taxon_outlier;source_review,pending_submitted_note,pending_submitted_note,FALSE,approve_none_insufficient_evidence
c56edc7e6d715edfcc25f499fa89bd013016cd0fd27c577adfec005e8b63a496,raw,Ericameria cuneata,Leaf Area,11,1,1,0,3,0,review_submission_csv:1504,taxon_outlier;source_review,pending_submitted_note,pending_submitted_note,FALSE,approve_none_insufficient_evidence
f65e7afac9607da6c13b185086c86b161163162e64bf900ab0b9f5743945e46e,raw,Ericameria ericoides,Leaf Area,133,1,1,0,9,0,review_submission_csv:1798,taxon_outlier;source_review,pending_submitted_note,pending_submitted_note,FALSE,approve_none_insufficient_evidence
49f386ebaddd62199aa70a247575d8a1d39d683bfba81dc06e294692e08c6258,raw,Erigeron alpinus,Leaf Area,10,1,1,0,3,0,review_submission_csv:1485,taxon_outlier;source_review,pending_submitted_note,pending_submitted_note,FALSE,approve_none_insufficient_evidence
dfbc0811b8144674ac126e3f1b709eba9be684986f627488c658bbeac58eb812,raw,Erigeron flagellaris,Leaf Area,22,1,2,0,2,0,review_submission_csv:1842,taxon_outlier;source_review,pending_submitted_note,pending_submitted_note,FALSE,approve_none_insufficient_evidence
b13637977ebb489a453b58fe5d6d2b2649bdcc5f3a5e250002a4cb8088d8e364,raw,Erigeron grandiflorus,Leaf Area,30,1,2,0,5,0,review_submission_csv:1558,taxon_outlier;source_review,agent_repeated_source_pattern,,TRUE,pending_objective_scale_evidence
db82b03e6b72d8a7800f06ef544c677484f443151f996dd1e761f6eb0efc96d9,raw,Erigeron rufescens,Leaf Area,52,3,3,0,4,0,review_submission_csv:1814,taxon_outlier;source_review,pending_submitted_note,pending_submitted_note,FALSE,approve_none_insufficient_evidence
84dbdece8338721e3fe727dc59291129c0076001b24f715aab1415cee6975112,raw,Eriogonum fasciculatum,Leaf Area,11,1,1,0,2,0,review_submission_csv:1667,taxon_outlier;source_review,pending_submitted_note,pending_submitted_note,FALSE,approve_none_insufficient_evidence
22df7478f69155c48225abb6340db9bebec13bd6b3556bb412dda4f0993426ce,raw,Eriogonum plumatella,Leaf Area,11,1,1,0,2,0,review_submission_csv:1668,taxon_outlier;source_review,pending_submitted_note,pending_submitted_note,FALSE,approve_none_insufficient_evidence
4517ca152d0e5506046d1300b9f207be3737caa9a8c7f69b19697ab225b42da5,raw,Eriogonum racemosum,Leaf Area,21,1,3,0,2,0,review_submission_csv:1834,taxon_outlier;source_review,pending_submitted_note,pending_submitted_note,FALSE,approve_none_insufficient_evidence
81aeb3a7066194ba498cefbf3378f0f228680288ded24a0678577d79ff5afe57,raw,Eriophorum angustifolium,Leaf Area,14,2,3,10,4,0,review_submission_csv:1462,domain_outlier;taxon_outlier;source_review,pending_isolated_source_pattern,pending_isolated_source_pattern,FALSE,approve_none_insufficient_evidence
1679263e735fa8d532a8a6720e79367ef97931adfe415c741fd1dfbb11d3141c,raw,Erodium cicutarium,Leaf Area,22,2,4,0,2,0,review_submission_csv:1843,taxon_outlier;source_review,pending_submitted_note,agent_threshold_rule_not_corroborated,FALSE,approve_none_insufficient_evidence
bcf8c4f7eee914395a11020b52f65c295a0e786292c9e88f6404a07fcdf81bf5,raw,Euphorbia corollata,Leaf Area,16,2,2,0,3,0,review_submission_csv:1584,taxon_outlier;source_review,pending_submitted_note,pending_submitted_note,FALSE,approve_none_insufficient_evidence
e8453758cc4f1585a89f80baf7faff06233c1a38551ba7cfc6ce9ce891547eb2,raw,Euphorbia fendleri,Leaf Area,20,1,1,0,2,0,review_submission_csv:1820,taxon_outlier;source_review,pending_submitted_note,pending_submitted_note,FALSE,approve_none_insufficient_evidence
146d9921b230917d1ace1014f4d42c7e3260561e11d5fa95f35763daf5c985e4,raw,Euphorbia maculata,Leaf Area,31,2,3,0,2,0,,taxon_outlier,pending_isolated_source_pattern,agent_strong_isolated_source_pattern,TRUE,pending_objective_scale_evidence
e7d216b0fcdc025bbe071f46cf08916d47294b30d31a4bedad62a08889bee527,raw,Euphrasia officinalis,Leaf Area,28,1,4,0,3,0,review_submission_csv:1864,taxon_outlier;source_review,pending_submitted_note,pending_submitted_note,FALSE,approve_none_insufficient_evidence
02082163501464af28b6a519fb30b0a5fff68e3270f2c538feba01c1e2a98120,raw,Festuca brachyphylla,Leaf Area,37,1,2,0,2,0,,taxon_outlier,agent_repeated_source_pattern,,TRUE,pending_objective_scale_evidence
c69a26322bb15a937f2849f61062dfda1f11117ec01f5b5dd3430709cbcdb9e6,raw,Festuca ovina,Leaf Area,98,3,53,0,7,0,review_submission_csv:1799,taxon_outlier;source_review,pending_submitted_note,pending_submitted_note,FALSE,approve_none_insufficient_evidence
0fd50806dba2d415c2bb37d282f7f745625ea4ac31183611a9a2551839391d30,raw,Festuca subverticillata,Leaf Area,24,1,3,0,2,0,review_submission_csv:1851,taxon_outlier;source_review,pending_submitted_note,pending_submitted_note,FALSE,approve_none_insufficient_evidence
b9f63819dbab9ea043ae54812ef4acb0ea42bd07ee05953ccff78035fc38eb22,raw,Festuca vaginata,Leaf Area,19,2,10,0,3,0,review_submission_csv:1647,taxon_outlier;source_review,pending_submitted_note,pending_submitted_note,FALSE,approve_none_insufficient_evidence
0cd723bf550909fa83ade9fc27b9370c3352caf7b5dc188a56cc4bb661849728,raw,Filago pyramidata,Leaf Area,11,2,3,0,1,0,,taxon_outlier,agent_repeated_source_pattern,,TRUE,pending_objective_scale_evidence
43d1cb54c1bf4f7cfa3372da915f158fdeea78f5b0e22dda2eee7830e2c198ba,raw,Filipendula ulmaria,Leaf Area,32,3,15,30,3,0,review_submission_csv:1800,domain_outlier;taxon_outlier;source_review,pending_submitted_note,agent_unparsed_exclusion_instruction,FALSE,approve_none_insufficient_evidence
bb5f3cb9962b464df964e6c64c88f9e4b259f2763b146e39ee4ffdbf5041c359,raw,Fragaria virginiana,Leaf Area,38,2,9,0,4,0,review_submission_csv:1753,taxon_outlier;source_review,pending_submitted_note,pending_submitted_note,FALSE,approve_none_insufficient_evidence
ed325519e757baf96c3c08d28d6e767dfc7c16ca758e249e1f9dd14d29e7e267,raw,Fraxinus americana,Leaf Area,158,3,9,143,20,0,review_submission_csv:1518,domain_outlier;taxon_outlier;source_review,agent_recovered_rule,,FALSE,approve_none_insufficient_evidence
3b534b8c7fc4b7e6ecb561b1bdc6048155b404a5c9536f9437e45a991ccfdaee,raw,Fraxinus ornus,Leaf Area,71,3,4,38,7,0,review_submission_csv:1720,domain_outlier;taxon_outlier;source_review,pending_submitted_note,agent_unparsed_exclusion_instruction,FALSE,approve_none_insufficient_evidence
3a2984ee3d999f36f378613b38c37a59675eec19535cd1a773a1c4e435b7d42c,raw,Fumana ericoides,Leaf Area,56,2,11,0,8,0,review_submission_csv:1554,taxon_outlier;source_review,pending_submitted_note,agent_threshold_rule_not_corroborated,FALSE,approve_none_insufficient_evidence
0437620477597ae415a5ffe4575763852d5da88c52ac2c61c4690ee4346c6be8,raw,Galatella sedifolia,Leaf Area,20,1,3,0,2,0,review_submission_csv:1821,taxon_outlier;source_review,pending_submitted_note,pending_submitted_note,FALSE,approve_none_insufficient_evidence
dd743dd90eb206b5bc2c073c7ae0f4d348df3cdda13f92c2332e82bc67898900,raw,Galeopsis tetrahit,Leaf Area,26,3,10,0,3,0,review_submission_csv:1466,taxon_outlier;source_review,pending_isolated_source_pattern,propose_scale_validated_threshold,TRUE,pending_objective_scale_evidence
6d53a562a8d30714b7050e72912939cd4d06f0c7e0717ac681db23ee47be0435,raw,Galium boreale,Leaf Area,69,2,20,0,7,0,review_submission_csv:1698,taxon_outlier;source_review,pending_isolated_source_pattern,agent_threshold_rule_not_corroborated,FALSE,approve_none_insufficient_evidence
69f5872d25b831b1cf46369cee2d09a3618e29e3d050ff34dae7d7ae9901e264,raw,Galium odoratum,Leaf Area,110,2,11,0,12,0,review_submission_csv:1596,taxon_outlier;source_review,pending_submitted_note,pending_submitted_note,FALSE,approve_none_insufficient_evidence
5a12eee061d993c6d237f8a723400957a9d2aabd1ba84959ad17c35d5e152c72,raw,Genista hispanica subsp. occidentalis,Leaf Area,10,1,1,0,3,0,review_submission_csv:1486,taxon_outlier;source_review,pending_submitted_note,pending_submitted_note,FALSE,approve_none_insufficient_evidence
834bff38c3829436e3566ff7e0172bcd5d816ef16b158ec9acefdbe6f67911f3,raw,Genista scorpius,Leaf Area,32,2,6,0,7,0,review_submission_csv:1464,taxon_outlier;source_review,pending_isolated_source_pattern,agent_threshold_rule_not_corroborated,FALSE,approve_none_insufficient_evidence
631b6c9bea3116a3808259d990e409ff2b647facc66eef3f6c8adf49084884bd,raw,Genista sp,Leaf Area,10,1,1,0,2,0,review_submission_csv:1624,taxon_outlier;source_review,pending_submitted_note,pending_submitted_note,FALSE,approve_none_insufficient_evidence
9b7c2e37591c44f02ee00bca243f1ec36e14c60cba0e7bc6c4a398f330a6aab2,raw,Gentiana algida,Leaf Area,26,1,2,0,1,0,,taxon_outlier,agent_repeated_source_pattern,,TRUE,pending_objective_scale_evidence
10df23a1ad858e8730ea10bf744c2dc118d66df0a28de23f19b764912f7fbc19,raw,Gentiana puberulenta,Leaf Area,16,1,1,0,3,0,review_submission_csv:1585,taxon_outlier;source_review,pending_submitted_note,agent_threshold_rule_not_corroborated,FALSE,approve_none_insufficient_evidence
b53233750eafe88dbc078d423ca3a9198f28abaaac063c884ab9d1119b2fc23c,raw,Gentianella amarella,Leaf Area,15,1,2,0,2,0,review_submission_csv:1768,taxon_outlier;source_review,agent_repeated_source_pattern,,TRUE,pending_objective_scale_evidence
ffb796d71ed466ef43108589bc4e83d2a549517d372bdfcaf1f92ff949a5a919,raw,Geranium caespitosum,Leaf Area,11,1,2,0,2,0,review_submission_csv:1669,taxon_outlier;source_review,pending_submitted_note,pending_submitted_note,FALSE,approve_none_insufficient_evidence
e055d514086377b3d5a7d41de3a53d67bf8bdb9f57fc75f0fc4b7f6180be01ae,raw,Geranium dissectum,Leaf Area,209,2,2,0,21,0,review_submission_csv:1577,taxon_outlier;source_review,pending_submitted_note,pending_submitted_note,FALSE,approve_none_insufficient_evidence
a9dae0f39f231c927bb270c3ea2afccd77aae040db04b22597c45fbface9d29d,raw,Geranium nodosum,Leaf Area,20,1,2,20,2,0,review_submission_csv:1822,domain_outlier;taxon_outlier;source_review,pending_submitted_note,agent_unparsed_exclusion_instruction,FALSE,approve_none_insufficient_evidence
3194c7b494bd497938969955c472b6cc60dd239204112e1de5b30bcf9e6617cc,raw,Geranium richardsonii,Leaf Area,12,1,2,0,2,0,review_submission_csv:1706,taxon_outlier;source_review,pending_submitted_note,pending_submitted_note,FALSE,approve_none_insufficient_evidence
c41f2630c7f6b522d53bf421d7b6db5aab8f894258efe57e0b5d80bd382d5e2d,raw,Glechoma hederacea,Leaf Area,37,4,9,0,5,0,review_submission_csv:1604,taxon_outlier;source_review,pending_submitted_note,pending_submitted_note,FALSE,approve_none_insufficient_evidence
81d0a86664802d51c0924285e4a5cdee2b2e2a3ebe069e9f5a4ecd7383ab7295,raw,Gnaphalium supinum,Leaf Area,71,1,4,0,4,0,review_submission_csv:1863,taxon_outlier;source_review,pending_submitted_note,pending_submitted_note,FALSE,approve_none_insufficient_evidence
ad2d1c26af61aa9343a38f196d03eb819f5f4c7211d7bfc0ac8da69359266814,raw,Grindelia squarrosa,Leaf Area,12,2,2,0,2,0,review_submission_csv:1707,taxon_outlier;source_review,pending_submitted_note,pending_submitted_note,FALSE,approve_none_insufficient_evidence
9937e4e1beb04524b6a7f6362cdfd977eac2c43ede175cdd0e4f7e6645c2ba7a,raw,Harrimanella hypnoides,Leaf Area,12,1,1,0,3,0,review_submission_csv:1521,taxon_outlier;source_review,pending_submitted_note,pending_submitted_note,FALSE,approve_none_insufficient_evidence
35fbe05d4580558f332d26e30f592b9e55e70a4ba0d0fe7a099f7b7cd365c9ce,raw,Hedera helix,Leaf Area,122,3,13,43,22,0,review_submission_csv:1047,domain_outlier;taxon_outlier;source_review,agent_recovered_rule,,FALSE,approve_none_insufficient_evidence
9a10a18c069e72cc1bc845a14b24a6df98a1e01ba48b7ebeee07ebbc3201ac51,raw,Helianthella quinquenervis,Leaf Area,20,1,2,0,3,0,review_submission_csv:1657,taxon_outlier;source_review,pending_submitted_note,pending_submitted_note,FALSE,approve_none_insufficient_evidence
7a05d6f2b3f7cf644b89a19af54d4d1bac0cc594f6639828bd491b94dabdca96,raw,Helianthemum marifolium,Leaf Area,22,2,4,0,4,0,review_submission_csv:1562,taxon_outlier;source_review,pending_submitted_note,pending_submitted_note,FALSE,approve_none_insufficient_evidence
7f9e6bd3fe344dcdcfb60b0020a44994efb2c005d4c2b9db91672f0f286df999,raw,Helianthus mollis,Leaf Area,20,1,1,0,2,0,review_submission_csv:1823,taxon_outlier;source_review,pending_submitted_note,pending_submitted_note,FALSE,approve_none_insufficient_evidence
8198e3a5b85a7745631ee15635753b1cbb24bf164f375cefb6a56a0700c519ae,raw,Helictotrichon pratense,Leaf Area,14,1,14,0,3,0,review_submission_csv:1549,taxon_outlier;source_review,pending_submitted_note,pending_submitted_note,FALSE,approve_none_insufficient_evidence
4711bd336a4beae72ebd473229a6fb1369f285d46d0c5ca5e8edde9156259b67,raw,Helictotrichon pubescens,Leaf Area,82,3,47,25,13,0,review_submission_csv:1050,domain_outlier;taxon_outlier;source_review,pending_submitted_note,agent_threshold_rule_not_corroborated,FALSE,approve_none_insufficient_evidence
086a1322588c193cdd8f732bb0b438e008d19500c6736c3b9255431ed2b7d668,raw,Heuchera parvifolia,Leaf Area,11,1,2,0,1,0,,taxon_outlier,agent_repeated_source_pattern,,TRUE,pending_objective_scale_evidence
23ee91e4dff2dc0efbcf6825f36b8d2e9bda62fe5e6afe757a8825ffb7227c0d,raw,Hieracium fendleri,Leaf Area,21,1,1,0,4,0,review_submission_csv:1546,taxon_outlier;source_review,pending_submitted_note,pending_submitted_note,FALSE,approve_none_insufficient_evidence
c8757eb01d60073851ef14c51ae3c16484a87aba216b60648be5c3dd1db9faad,raw,Hieracium murorum,Leaf Area,29,2,4,2,6,0,review_submission_csv:1019,domain_outlier;taxon_outlier;source_review,agent_recovered_rule,,FALSE,approve_none_insufficient_evidence
2f58e921924e0462d87703c5f73428666614211f4ac582d30de92b6ab9611a80,raw,Homogyne alpina,Leaf Area,27,1,4,0,4,0,review_submission_csv:1601,taxon_outlier;source_review,pending_submitted_note,pending_submitted_note,FALSE,approve_none_insufficient_evidence
289d1d0351eb05d98d307853965425c4dc018221733d505e66bc7195982cf5bb,raw,Hordelymus europaeus,Leaf Area,20,1,2,10,4,0,review_submission_csv:1540,domain_outlier;taxon_outlier;source_review,pending_submitted_note,pending_submitted_note,FALSE,approve_none_insufficient_evidence
2deb3b7217cf9150f6aa60756a9225df0b564c8bf8ec6b6d4cdef62e449e648f,raw,Hormathophylla lapeyrousiana,Leaf Area,11,2,2,0,2,0,review_submission_csv:1670,taxon_outlier;source_review,pending_isolated_source_pattern,pending_isolated_source_pattern,FALSE,approve_none_insufficient_evidence
f754cb58a8deecb1e3bc9d524806a999cf5cfd2f33b356bf6479c4aae611ddd8,raw,Hornungia alpina,Leaf Area,10,1,1,0,2,0,review_submission_csv:1625,taxon_outlier;source_review,pending_submitted_note,pending_submitted_note,FALSE,approve_none_insufficient_evidence
193d5a677c9705ec1bec0c94fbaf09d556e20821c17b56758e47ff09c55d64ed,raw,Hylodesmum glutinosum,Leaf Area,28,1,3,0,2,0,review_submission_csv:1865,taxon_outlier;source_review,pending_submitted_note,pending_submitted_note,FALSE,approve_none_insufficient_evidence
78d53e9bb89e8d8ac0998bbb7a525ca4c586f45c758cb664e8114d57916e774b,raw,Hymenoxys richardsonii,Leaf Area,21,1,2,0,3,0,review_submission_csv:1691,taxon_outlier;source_review,pending_submitted_note,pending_submitted_note,FALSE,approve_none_insufficient_evidence
9921da408a21688daa0c883013728df50b37a6bbdd06127e96c3349c877006fe,raw,Hyparrhenia hirta,Leaf Area,10,2,4,0,2,0,review_submission_csv:1626,taxon_outlier;source_review,pending_submitted_note,pending_submitted_note,FALSE,approve_none_insufficient_evidence
0c3287852d5143907c265ed514ff5698047ec5ced463668739219044a400e5b0,raw,Hypericum maculatum,Leaf Area,33,2,5,0,5,0,review_submission_csv:1581,taxon_outlier;source_review,pending_submitted_note,pending_submitted_note,FALSE,approve_none_insufficient_evidence
9a62120f875d93d4505a723370149a371d3af6b65826d823a2df54b5c59eaeb7,raw,Hypericum perforatum,Leaf Area,68,4,17,0,16,0,review_submission_csv:1029,taxon_outlier;source_review,agent_recovered_rule,,FALSE,approve_none_insufficient_evidence
321fd1bb5fbcffac3749985e3bd7aa380c5f0c70acc2b129ef001f4d53b4a960,raw,Impatiens capensis,Leaf Area,53,4,12,0,10,0,review_submission_csv:1469,taxon_outlier;source_review,pending_submitted_note,pending_submitted_note,FALSE,approve_none_insufficient_evidence
ed497dc98f697803c5f3dbc9ddb657763e90891fd01a699304a80152bfb1a180,raw,Jacobaea vulgaris,Leaf Area,47,3,47,33,3,0,review_submission_csv:1860,domain_outlier;taxon_outlier;source_review,pending_submitted_note,agent_unparsed_exclusion_instruction,FALSE,approve_none_insufficient_evidence
1e7920ec7b1f672f82646857cf9bef8c2dbc9ed0426dabf6d9edbd8de7ea38b2,raw,Juncus drummondii,Leaf Area,23,1,2,0,6,0,review_submission_csv:1059,taxon_outlier;source_review,pending_submitted_note,pending_submitted_note,FALSE,approve_none_insufficient_evidence
c4c30ff35e1a8f6049aed0563e6383c752f1e8e6e22f28b61d499a849a67fc80,raw,Juniperus communis,Leaf Area,77,3,13,0,5,0,review_submission_csv:1846,taxon_outlier;source_review,pending_submitted_note,pending_submitted_note,FALSE,approve_none_insufficient_evidence
535c664b5681cda40219d0b3d343e45e0ec7548e4e8cab7a7d4de18a19231c60,raw,Juniperus oxycedrus,Leaf Area,56,2,8,0,14,0,review_submission_csv:1026,taxon_outlier;source_review,pending_submitted_note,agent_threshold_rule_not_corroborated,FALSE,approve_none_insufficient_evidence
cf3ae193eaaca4d8ffb4cde7d6c140d3fbdbe23f895ca68ca9fb8bf3ed287624,raw,Juniperus phoenicea,Leaf Area,40,3,3,0,9,0,review_submission_csv:1057,taxon_outlier;source_review,pending_submitted_note,pending_submitted_note,FALSE,approve_none_insufficient_evidence
1698bc684641c16e1d78752601a5a477baa6c2fa2bcb9fa94a18ffcfe54abede,raw,Koeleria macrantha,Leaf Area,96,2,11,0,13,0,review_submission_csv:1532,taxon_outlier;source_review,pending_submitted_note,agent_threshold_rule_not_corroborated,FALSE,approve_none_insufficient_evidence
e0094ec8cb0d73b80f9fe01324b7bd800dd464735439c4a1cd4ffcf396dc1db0,raw,Laennecia schiedeana,Leaf Area,14,1,2,0,2,0,review_submission_csv:1750,taxon_outlier;source_review,pending_submitted_note,pending_submitted_note,FALSE,approve_none_insufficient_evidence
4bc7666496c59de9d3e6b780c8a053273c830cea614d38e79913da33e871bc31,raw,Lamium galeobdolon,Leaf Area,32,3,5,11,4,0,review_submission_csv:1696,domain_outlier;taxon_outlier;source_review,pending_submitted_note,agent_unparsed_exclusion_instruction,FALSE,approve_none_insufficient_evidence
9a3e17d3cfe2400000c188e31ef3d3fca04828cd340cde77f741c758d55f5964,raw,Lappula occidentalis,Leaf Area,10,1,1,0,2,0,review_submission_csv:1627,taxon_outlier;source_review,pending_submitted_note,pending_submitted_note,FALSE,approve_none_insufficient_evidence
dec52e9d51cf54eec6f4600da196e67c09dddd47fd35678fa276a4c670c529eb,raw,Larrea tridentata,Leaf Area,42,3,3,0,4,0,review_submission_csv:1778,taxon_outlier;source_review,pending_submitted_note,pending_submitted_note,FALSE,approve_none_insufficient_evidence
880eeea116a7e820e9e7776eebaca9cc7bee08b8bc0468b9d3ee8b74a4422995,raw,Lavandula latifolia,Leaf Area,34,2,3,0,4,0,review_submission_csv:1721,taxon_outlier;source_review,pending_submitted_note,pending_submitted_note,FALSE,approve_none_insufficient_evidence
0ab7d6c1bd58a21ad96176d4451fc66406894f64e614fba983b2a5e54240667f,raw,Lavandula multifida,Leaf Area,14,2,5,0,3,0,review_submission_csv:1550,taxon_outlier;source_review,pending_submitted_note,pending_submitted_note,FALSE,approve_none_insufficient_evidence
a2f7aac691e9ab872911cef3e84a6e657bf4e2fb28c40c8d9f270a897b442ae6,raw,Ledum palustre subsp. groenlandicum,Leaf Area,23,2,7,0,3,0,review_submission_csv:1723,taxon_outlier;source_review,pending_submitted_note,pending_submitted_note,FALSE,approve_none_insufficient_evidence
4a3199287b240530e076b695369d3f7004ec8a211075cdf3c065ad59ddb55366,raw,Leontodon hispidus,Leaf Area,104,3,13,11,18,0,review_submission_csv:1022,domain_outlier;taxon_outlier;source_review,pending_submitted_note,agent_threshold_rule_not_corroborated,FALSE,approve_none_insufficient_evidence
33fba37d9458ed218c9e81cf3f88c393470e6b8c65d2af9e6d9eca5b2c9ef87f,raw,Lespedeza cuneata,Leaf Area,58,2,11,0,8,0,review_submission_csv:1564,taxon_outlier;source_review,pending_submitted_note,pending_submitted_note,FALSE,approve_none_insufficient_evidence
6ed4712376f596256cb03e4d5860397c29a901829d22b37502b016aa99940dbd,raw,Leucanthemella serotina,Leaf Area,11,1,2,1,2,0,review_submission_csv:1671,domain_outlier;taxon_outlier;source_review,pending_submitted_note,pending_submitted_note,FALSE,approve_none_insufficient_evidence
c733686101315b3b7a0877361738fefa7e3f802a62481b33a82313f408bbe5fa,raw,Leucanthemopsis alpina,Leaf Area,92,1,5,0,9,0,review_submission_csv:1742,taxon_outlier;source_review,pending_submitted_note,agent_threshold_rule_not_corroborated,FALSE,approve_none_insufficient_evidence
1277acb751b88b38f5dc49969ca045d4f2a3d6290ec88b5f399b37b754b3167c,raw,Leucanthemum ircutianum subsp. cantabricum,Leaf Area,10,1,1,0,3,0,review_submission_csv:1487,taxon_outlier;source_review,pending_submitted_note,pending_submitted_note,FALSE,approve_none_insufficient_evidence
c26ca5a6e73bbd6227045a6a135f5d54f78a81df889289982198b04f620467fe,raw,Lewisia pygmaea,Leaf Area,30,1,1,0,6,0,review_submission_csv:1499,taxon_outlier;source_review,pending_submitted_note,agent_threshold_rule_not_corroborated,FALSE,approve_none_insufficient_evidence
d8b150a55e5a9afdfe34fd6340fa1b0c102ce92a2ae125cdd5cc3e342440cc87,raw,Ligusticum mutellina,Leaf Area,24,1,3,0,5,0,,taxon_outlier,pending_unresolved_evidence,pending_unresolved_evidence,FALSE,approve_none_insufficient_evidence
6b210bb23d946699c08bdbbbe35a661338a4908dc49eb94a1fe53eabb94ff43f,raw,Limonium hungaricum,Leaf Area,20,2,2,18,3,0,review_submission_csv:1658,domain_outlier;taxon_outlier;source_review,pending_submitted_note,pending_submitted_note,FALSE,approve_none_insufficient_evidence
afbb97d29f866021d2c7a9de59f62bd06f434f94112cf67a69295b6a7f596176,raw,Linaria alpina,Leaf Area,17,1,2,0,5,0,review_submission_csv:1054,taxon_outlier;source_review,pending_submitted_note,pending_submitted_note,FALSE,approve_none_insufficient_evidence
484290386fd20efb20c8ee2e10436120c2a828f4a9d825fb55aa8c4dd2996d0e,raw,Linaria dalmatica,Leaf Area,31,2,4,0,4,0,review_submission_csv:1686,taxon_outlier;source_review,pending_submitted_note,pending_submitted_note,FALSE,approve_none_insufficient_evidence
a8848a9d230cacd1570f91c7501da958f20e8228017993e5e165128bcad9fdf3,raw,Linaria purpurea,Leaf Area,20,1,2,0,2,0,review_submission_csv:1824,taxon_outlier;source_review,pending_submitted_note,pending_submitted_note,FALSE,approve_none_insufficient_evidence
fe289c551ea430451716bbf8fcc3955afbb47f0f20fa5c081a9097a7f8e3bf63,raw,Lindera benzoin,Leaf Area,71,2,5,67,5,0,review_submission_csv:1831,domain_outlier;taxon_outlier;source_review,pending_submitted_note,pending_submitted_note,FALSE,approve_none_insufficient_evidence
0cee9f0fb0fa2ae19b307deea7e0f5ab9c0e0e57e7a30a346d2d2c197452b8a3,raw,Liriodendron tulipifera,Leaf Area,55,2,15,0,4,0,review_submission_csv:1839,taxon_outlier;source_review,pending_submitted_note,pending_submitted_note,FALSE,approve_none_insufficient_evidence
a8c79e46c8c5778f7b0b416e4700c64efc9b17521330176bcc67d2c541cc49d3,raw,Lithospermum multiflorum,Leaf Area,10,1,1,0,2,0,review_submission_csv:1628,taxon_outlier;source_review,pending_submitted_note,pending_submitted_note,FALSE,approve_none_insufficient_evidence
65259f6545b40d36df869c3edd30e01ca4b59ae3012d33ab28c1fc8c0ad5279d,raw,Lolium perenne,Leaf Area,203,3,54,31,29,0,review_submission_csv:1034,domain_outlier;taxon_outlier;source_review,pending_submitted_note,pending_submitted_note,FALSE,approve_none_insufficient_evidence
c2b94be5c1f9af8df9ffc40e60be38f8caaeaef188d602067a93265a6375a9eb,raw,Lolium pratense,Leaf Area,223,2,74,33,42,0,review_submission_csv:1566,domain_outlier;taxon_outlier;source_review,pending_submitted_note,agent_threshold_rule_not_corroborated,FALSE,approve_none_insufficient_evidence
b32e3b768e0f798d9d735360fd8fb08193673294cbd859beb689d675822e6cf1,raw,Lolium rigidum,Leaf Area,33,2,5,0,2,0,,taxon_outlier,pending_isolated_source_pattern,agent_strong_isolated_source_pattern,TRUE,pending_objective_scale_evidence
46d1e0ec6602e9758fa7a1200ca39f1a8ed76643390d39a8fe32dc464eed6e95,raw,Lonicera sp,Leaf Area,25,1,10,0,6,0,review_submission_csv:1460,taxon_outlier;source_review,pending_submitted_note,pending_submitted_note,FALSE,approve_none_insufficient_evidence
1442fb1786487dce006dd134297952842954b6edc0f4d0eb75184d1fb693b7da,raw,Lotus alpinus,Leaf Area,10,1,1,0,2,0,review_submission_csv:1629,taxon_outlier;source_review,pending_submitted_note,pending_submitted_note,FALSE,approve_none_insufficient_evidence
23431bf21a4e82c2a9b15b73fe7cf1b84dd70d13c8e5a117a8f886fee3589331,raw,Lotus corniculatus subsp. corniculatus,Leaf Area,11,2,2,0,2,0,review_submission_csv:1672,taxon_outlier;source_review,pending_submitted_note,pending_submitted_note,FALSE,approve_none_insufficient_evidence
12503b3640ccbdd48a7c34b306d1d19d83a8d42a23eb36f99a17b6296df1282e,raw,Lotus dorycnium,Leaf Area,17,2,7,0,4,0,review_submission_csv:1500,taxon_outlier;source_review,pending_isolated_source_pattern,agent_strong_isolated_source_pattern,TRUE,pending_objective_scale_evidence
e3f0748a2189827c9b84f3c03c5f98792b6792ee8daab10a2e6f3873c65acce5,raw,Lupinus argenteus,Leaf Area,49,1,4,0,4,0,review_submission_csv:1807,taxon_outlier;source_review,pending_submitted_note,pending_submitted_note,FALSE,approve_none_insufficient_evidence
3c7b33e141c30edacd1fd824f8c1afe8e40360987ca17e8069d466d60973657c,raw,Lupinus perennis,Leaf Area,14,1,1,0,4,0,review_submission_csv:1463,taxon_outlier;source_review,pending_submitted_note,pending_submitted_note,FALSE,approve_none_insufficient_evidence
c0509abf65c2ce4230de78e013e3a13cbb266a550a3b12be4c88a53790d9dd6f,raw,Lupinus variicolor,Leaf Area,78,1,1,0,8,0,review_submission_csv:1685,taxon_outlier;source_review,pending_submitted_note,pending_submitted_note,FALSE,approve_none_insufficient_evidence
05cd92a873324197ca29ea37a0d06762fb4c5109488a2a81715b33b40522f897,raw,Lycium exsertum,Leaf Area,10,1,1,0,2,0,review_submission_csv:1630,taxon_outlier;source_review,pending_submitted_note,pending_submitted_note,FALSE,approve_none_insufficient_evidence
83133a0ed4a2742d9de5445aa02eeead18d503b930197cb61dbd4441b0d2e160,raw,Maianthemum canadense,Leaf Area,98,3,9,0,8,0,review_submission_csv:1758,taxon_outlier;source_review,pending_submitted_note,pending_submitted_note,FALSE,approve_none_insufficient_evidence
1e44216d6849967f645e723666428f962149d3b476a57cf6dc734d31fdfede96,raw,Matthiola perennis,Leaf Area,10,1,1,0,2,0,review_submission_csv:1631,taxon_outlier;source_review,pending_submitted_note,pending_submitted_note,FALSE,approve_none_insufficient_evidence
bed892d23a5c1ae97a4bc7b624ec58138f060d9d4445832e9a7b44c34d255c82,raw,Medicago lupulina,Leaf Area,40,2,13,0,9,0,review_submission_csv:1058,taxon_outlier;source_review,pending_submitted_note,agent_unparsed_exclusion_instruction,FALSE,approve_none_insufficient_evidence
ce96bfd1e3d1cb035dbb15d908757971c602ce641af4738a688dd53d2305632c,raw,Medicago polymorpha,Leaf Area,200,1,1,0,14,0,review_submission_csv:1760,taxon_outlier;source_review,pending_submitted_note,pending_submitted_note,FALSE,approve_none_insufficient_evidence
abbf0e3dac83f3add32b98c7847c2c437597982c2faf2656b8417be83d87aa87,raw,Menodora spinescens,Leaf Area,11,1,1,0,2,0,review_submission_csv:1674,taxon_outlier;source_review,pending_submitted_note,pending_submitted_note,FALSE,approve_none_insufficient_evidence
5961cf714f9c0500993ebd8d9cee83d225e40b1fa88f9603369b4a2084e25ebf,raw,Mentha aquatica,Leaf Area,11,2,11,0,2,0,review_submission_csv:1675,taxon_outlier;source_review,pending_isolated_source_pattern,pending_isolated_source_pattern,FALSE,approve_none_insufficient_evidence
3973c4333cc5e78268e78b2607a096db710136e6d14c780f3c928a54588b698d,raw,Micranthes stellaris,Leaf Area,17,1,2,0,2,0,review_submission_csv:1791,taxon_outlier;source_review,pending_submitted_note,pending_submitted_note,FALSE,approve_none_insufficient_evidence
7c7e7e9f225d25efa62570671210c5cb1b6100fa5ab93ca8055fe9a44607005b,raw,Misopates orontium,Leaf Area,11,2,2,0,2,0,review_submission_csv:1676,taxon_outlier;source_review,pending_submitted_note,pending_submitted_note,FALSE,approve_none_insufficient_evidence
19f1b652408f9c15c1c2b7e1943750afb098388d8166e0e481170ab3e942bffd,raw,Monarda fistulosa,Leaf Area,41,2,8,0,5,0,review_submission_csv:1661,taxon_outlier;source_review,pending_submitted_note,pending_submitted_note,FALSE,approve_none_insufficient_evidence
64d501502d569fd9bf13cdaa49df2ed73d440ffa9234c75f29d140fff7f22d80,raw,Muhlenbergia minutissima,Leaf Area,10,1,1,0,3,0,review_submission_csv:1488,taxon_outlier;source_review,pending_submitted_note,pending_submitted_note,FALSE,approve_none_insufficient_evidence
462dc156874c6c839d2b132487d13065a2c85d67e72830da5f8f5984dc193f1c,raw,Muhlenbergia montana,Leaf Area,20,1,2,0,2,0,review_submission_csv:1825,taxon_outlier;source_review,pending_submitted_note,pending_submitted_note,FALSE,approve_none_insufficient_evidence
5985e6102ac4ce784932b491136506be21b295b06adf83bb5bce6c821f36fb7d,raw,Munroa squarrosa,Leaf Area,10,1,1,0,2,0,review_submission_csv:1632,taxon_outlier;source_review,pending_submitted_note,pending_submitted_note,FALSE,approve_none_insufficient_evidence
fb28f6e9a30619eb4b08228cfe12cafd67d3d2aacb6e0726a064e353d7cdb83f,raw,Musineon divaricatum,Leaf Area,10,1,1,0,2,0,review_submission_csv:1633,taxon_outlier;source_review,pending_submitted_note,pending_submitted_note,FALSE,approve_none_insufficient_evidence
00237da6e9c9e39889710eb9e6c34a6073be17e85e0a24e4930cf547582e3490,raw,Nassella pulchra,Leaf Area,204,1,1,0,10,0,review_submission_csv:1853,taxon_outlier;source_review,pending_submitted_note,pending_submitted_note,FALSE,approve_none_insufficient_evidence
c9ba3a1e98694b1d7c5079cfbce372fbb7183cbcb88f2faca8ad6a9255e6a99e,raw,Neatostema apulum,Leaf Area,28,2,3,0,1,0,,taxon_outlier,agent_repeated_source_pattern,,TRUE,pending_objective_scale_evidence
f02a3576c1ee10f670a2866d4c71cdf6c347d46cf74bc37248977b75b9354cea,raw,Noccaea montana,Leaf Area,33,2,5,0,4,0,review_submission_csv:1716,taxon_outlier;source_review,pending_isolated_source_pattern,agent_threshold_rule_not_corroborated,FALSE,approve_none_insufficient_evidence
bc33905d1b0a3eeae32883a16032fef5679765361c6950ac9cc3498aae247bd2,raw,Oclemena acuminata,Leaf Area,13,2,6,0,2,0,review_submission_csv:1731,taxon_outlier;source_review,pending_submitted_note,pending_submitted_note,FALSE,approve_none_insufficient_evidence
93d6195f965c8b641cca5e0a22f1afea0f3aba739e3df6912c2eee5360b9d289,raw,Onoclea sensibilis,Leaf Area,43,1,4,0,8,0,review_submission_csv:1496,taxon_outlier;source_review,pending_submitted_note,pending_submitted_note,FALSE,approve_none_insufficient_evidence
7206533998100ae41ca0a9b858a22641a5fdd0b9b0c25b9b6c5fa4f4f1a3d052,raw,Oxalis acetosella,Leaf Area,19,3,4,0,2,0,review_submission_csv:1808,taxon_outlier;source_review,pending_submitted_note,pending_submitted_note,FALSE,approve_none_insufficient_evidence
d6cd04972a2029034b8491b862c53e880c73f6acf0019355462c944c6663b4e2,raw,Oxalis dillenii,Leaf Area,56,2,3,0,8,0,review_submission_csv:1555,taxon_outlier;source_review,pending_submitted_note,pending_submitted_note,FALSE,approve_none_insufficient_evidence
fc9e42b5966c407d0564429b60ce9f05d38db915b5077ba694f2088b188ce0b6,raw,Oxyria digyna,Leaf Area,27,1,2,0,2,0,review_submission_csv:1862,taxon_outlier;source_review,pending_submitted_note,pending_submitted_note,FALSE,approve_none_insufficient_evidence
47260d2405c87c35d83722373951cb1b160782b7d48cefabb5784a9d73f730b1,raw,Panicum acuminatum,Leaf Area,16,1,4,0,2,0,review_submission_csv:1781,taxon_outlier;source_review,pending_submitted_note,pending_submitted_note,FALSE,approve_none_insufficient_evidence
e461a09a25f4f487d12b42cab03ab4a9dd76a42f74e4fc3a11455fca42b765d5,raw,Panicum scoparium,Leaf Area,10,1,2,0,2,0,review_submission_csv:1634,taxon_outlier;source_review,pending_submitted_note,pending_submitted_note,FALSE,approve_none_insufficient_evidence
5509e9b3a408b590795cce035fd3e9ac77faa6e2f62abfe1942c4a2a2974c996,raw,Parthenium incanum,Leaf Area,11,1,1,0,4,0,review_submission_csv:1040,taxon_outlier;source_review,pending_submitted_note,pending_submitted_note,FALSE,approve_none_insufficient_evidence
34659ba5b52e745c3be00cd18d28d8e8fb5e5d331f26f93d79b98a06febc9250,raw,Parthenocissus quinquefolia,Leaf Area,28,2,4,0,4,0,review_submission_csv:1606,taxon_outlier;source_review,pending_submitted_note,pending_submitted_note,FALSE,approve_none_insufficient_evidence
c5ec094dacdc1c1cbd3856bef5782a4fb509bc47b8b9c4f5802b80936a8d8a9a,raw,Persicaria amphibia,Leaf Area,11,4,6,2,3,0,review_submission_csv:1505,domain_outlier;taxon_outlier;source_review,pending_submitted_note,agent_threshold_rule_not_corroborated,FALSE,approve_none_insufficient_evidence
729efe893ca48496da7e49b9953d6ea2ba4181550c62d511a9d13d9e96540f13,raw,Persicaria hydropiperoides,Leaf Area,12,1,1,0,2,0,review_submission_csv:1708,taxon_outlier;source_review,pending_submitted_note,pending_submitted_note,FALSE,approve_none_insufficient_evidence
831fd77442a7c6926d187596d4c3215dc4d330ef42ab5d7e301a8c389dd5c24b,raw,Persicaria pensylvanica,Leaf Area,12,1,1,0,2,0,review_submission_csv:1709,taxon_outlier;source_review,pending_submitted_note,pending_submitted_note,FALSE,approve_none_insufficient_evidence
dfeb9ace5932faed2eb8bdb6776e78dfa2ca3981081c6ba7426b01768e5f5f9d,raw,Persicaria sagittata,Leaf Area,24,1,3,0,3,0,review_submission_csv:1738,taxon_outlier;source_review,pending_submitted_note,pending_submitted_note,FALSE,approve_none_insufficient_evidence
a1c4827828b77319b23dfda4cb50ca25ddc76f6e01753711296e3e96e4456282,raw,Peucedanum officinale,Leaf Area,15,1,2,15,3,0,review_submission_csv:1570,domain_outlier;taxon_outlier;source_review,pending_submitted_note,pending_submitted_note,FALSE,approve_none_insufficient_evidence
5a1ba87ce41f88dd6264459b44a85259e480ff605ac12a0b78ae3177a6f0d00b,raw,Phacelia hastata,Leaf Area,25,1,1,0,2,0,review_submission_csv:1857,taxon_outlier;source_review,pending_submitted_note,pending_submitted_note,FALSE,approve_none_insufficient_evidence
9282fd693914be8c04818fc57e50e69fae555e590c561d456d4fe876cd0deffb,raw,Phagnalon saxatile,Leaf Area,14,2,5,0,3,0,review_submission_csv:1551,taxon_outlier;source_review,pending_submitted_note,agent_threshold_rule_not_corroborated,FALSE,approve_none_insufficient_evidence
2b7a50ff13e31a75859beb7fbcc0ccb544d27f718a24bddd7c06dff45f57c80a,raw,Phegopteris connectilis,Leaf Area,15,2,6,5,2,0,review_submission_csv:1769,domain_outlier;taxon_outlier;source_review,pending_submitted_note,agent_threshold_rule_not_corroborated,FALSE,approve_none_insufficient_evidence
4f6124cb25f62d0afef933ac1229094529c2a0580ddce95c098a2acba2837bc3,raw,Philadelphus delavayi,Leaf Area,15,1,1,0,5,0,review_submission_csv:1036,taxon_outlier;source_review,pending_submitted_note,pending_submitted_note,FALSE,approve_none_insufficient_evidence
0600b08bcfc4f31704a80feccfb5c676b759e2f56cf82120ad1b18e1569b5a8c,raw,Philadelphus inodorus,Leaf Area,15,1,1,0,3,0,review_submission_csv:1571,taxon_outlier;source_review,pending_submitted_note,pending_submitted_note,FALSE,approve_none_insufficient_evidence
7d2cb9441bfef0c9816579fe1bb023b9dde419622bacca7b86814694885467b0,raw,Phillyrea angustifolia,Leaf Area,54,4,10,0,6,0,review_submission_csv:1688,taxon_outlier;source_review,pending_submitted_note,agent_threshold_rule_not_corroborated,FALSE,approve_none_insufficient_evidence
497446f7803329da9e711b58f25849a09e13c005b2e5189d065e2af67220b1af,raw,Phillyrea latifolia,Leaf Area,145,4,32,0,10,0,review_submission_csv:1784,taxon_outlier;source_review,pending_isolated_source_pattern,agent_threshold_rule_not_corroborated,FALSE,approve_none_insufficient_evidence
ee02fbfb9ed83d518f51aa832cd8724460dcf9a751e371252be5eac1a268a40e,raw,Phlomis purpurea,Leaf Area,33,3,4,0,6,0,review_submission_csv:1526,taxon_outlier;source_review,agent_repeated_source_pattern,,TRUE,pending_objective_scale_evidence
90773008f829bae5fc5ce1d322585a6c8f29ac64108384e0f3a3266caf4dce8f,raw,Phlox speciosa,Leaf Area,12,1,2,0,2,0,review_submission_csv:1710,taxon_outlier;source_review,pending_submitted_note,pending_submitted_note,FALSE,approve_none_insufficient_evidence
e0b6ccd2235305ce1a411de30cc0a2f89eb62c6efff4d514432a02e0bcf39322,raw,Physostegia virginiana,Leaf Area,23,2,3,0,5,0,review_submission_csv:1498,taxon_outlier;source_review,pending_submitted_note,pending_submitted_note,FALSE,approve_none_insufficient_evidence
fe1cf2da086b55957e2410515e1aa4f4138730c22329bd948d1c7dd5d0f213e7,raw,Picea abies,Leaf Area,28,2,8,0,1,0,,taxon_outlier,pending_isolated_source_pattern,agent_strong_isolated_source_pattern,TRUE,pending_objective_scale_evidence
0c9a84a6861d954ece5e779a71f373418946f439c72f7b6c575590b0f9241e19,raw,Picea mariana,Leaf Area,431,3,11,0,24,0,review_submission_csv:1794,taxon_outlier;source_review,pending_isolated_source_pattern,pending_isolated_source_pattern,FALSE,approve_none_insufficient_evidence
889456d2c57853400e6344832b584551b740d7589c10c88b65e9e06928ea8a79,raw,Pilosella aurantiaca,Leaf Area,28,2,3,1,2,0,review_submission_csv:1866,domain_outlier;taxon_outlier;source_review,pending_submitted_note,pending_submitted_note,FALSE,approve_none_insufficient_evidence
853270d1fd8b3a74142fda1cc016a93dfb0d004fe6eb6cb7a479f74ce5cddcfc,raw,Pimpinella major,Leaf Area,76,3,7,0,5,0,review_submission_csv:1595,taxon_outlier;source_review,pending_submitted_note,pending_submitted_note,FALSE,approve_none_insufficient_evidence
3a85131619dddf5f981658b6982ea43ddd9d3f273433ec5b9be7277abf3575f8,raw,Pinguicula vulgaris,Leaf Area,13,2,2,0,4,0,review_submission_csv:1064,taxon_outlier;source_review,agent_recovered_rule,,FALSE,approve_none_insufficient_evidence
935814fa4310ceba6df72db7cb774bec490b5d16efc3f179fbb6b9b823332634,raw,Pinus halepensis,Leaf Area,75,3,10,0,13,0,review_submission_csv:1470,taxon_outlier;source_review,pending_submitted_note,agent_threshold_rule_not_corroborated,FALSE,approve_none_insufficient_evidence
88cdaeaf50044361644c6705fa7757de8bb3a4b21a02385bd63814f53d891c67,raw,Pinus nigra subsp. salzmannii,Leaf Area,31,2,2,0,3,0,review_submission_csv:1795,taxon_outlier;source_review,pending_submitted_note,pending_submitted_note,FALSE,approve_none_insufficient_evidence
29b3f1794208591a7e75529042486f335fa200a5fec010b08d629d0d6da098ae,raw,Pinus pinaster,Leaf Area,91,3,6,0,12,0,review_submission_csv:1545,taxon_outlier;source_review,pending_isolated_source_pattern,agent_threshold_rule_not_corroborated,FALSE,approve_none_insufficient_evidence
103af27b88bc91c7dbe0872980b9ee3dd7416a854e7b5562e33b06dfa6903e26,raw,Pinus sylvestris,Leaf Area,116,4,18,0,22,0,review_submission_csv:1041,taxon_outlier;source_review,pending_isolated_source_pattern,pending_isolated_source_pattern,FALSE,approve_none_insufficient_evidence
267bd7a11350e01bbb4650b5fe8dc17cc9a57c4f874ea95e52970a909b9bc4b6,raw,Pinus taeda,Leaf Area,20,1,1,0,2,0,review_submission_csv:1826,taxon_outlier;source_review,pending_submitted_note,pending_submitted_note,FALSE,approve_none_insufficient_evidence
966129ff3881adece736d5ead677da4e612707b72d087d08bd32df2c4f603d5f,raw,Pistacia terebinthus,Leaf Area,33,3,4,2,5,0,review_submission_csv:1582,domain_outlier;taxon_outlier;source_review,pending_submitted_note,agent_threshold_rule_not_corroborated,FALSE,approve_none_insufficient_evidence
9f51a494f71a5a667fbb4f0f124b3852cf4ad6d5c6c714eedfc0f89654da85a8,raw,Plantago afra,Leaf Area,13,2,4,0,3,0,review_submission_csv:1538,taxon_outlier;source_review,pending_submitted_note,agent_unparsed_exclusion_instruction,FALSE,approve_none_insufficient_evidence
e6f41d38fac256c52a7579e0a3454ea2a6ba4190d1ddf8390b441960da6e22c5,raw,Plantago patagonica,Leaf Area,10,1,1,0,2,0,review_submission_csv:1635,taxon_outlier;source_review,pending_submitted_note,pending_submitted_note,FALSE,approve_none_insufficient_evidence
1bb4428d919058e9229cc1b84b890fe973efbab15c07df69fbf29243ef387c82,raw,Poa alpina,Leaf Area,147,3,10,0,9,0,review_submission_csv:1812,taxon_outlier;source_review,pending_submitted_note,pending_submitted_note,FALSE,approve_none_insufficient_evidence
d969a6f15fc6981af248bd809f5cdfe340b73e333982f81b1265bf68c2dbecc0,raw,Poa compressa,Leaf Area,29,2,5,0,2,0,,taxon_outlier,pending_isolated_source_pattern,agent_strong_isolated_source_pattern,TRUE,pending_objective_scale_evidence
72e13c3309a53ecdd3148684d0a5d19c2c3d770c75c8846980fc19d3e3e15f66,raw,Poa cusickii,Leaf Area,11,1,2,0,1,0,,taxon_outlier,agent_repeated_source_pattern,,TRUE,pending_objective_scale_evidence
b5ca560e8d06f49873ecc8f5fd518b75ba5aebdce439b57f04c635fa11381525,raw,Poa fendleriana,Leaf Area,20,1,2,0,2,0,review_submission_csv:1827,taxon_outlier;source_review,pending_submitted_note,pending_submitted_note,FALSE,approve_none_insufficient_evidence
18e3223a5589b499ef3e4ebd85bbf9c1d72591787d9c102f732d74a7cf274940,raw,Poa laxa,Leaf Area,10,1,1,0,3,0,review_submission_csv:1489,taxon_outlier;source_review,pending_submitted_note,pending_submitted_note,FALSE,approve_none_insufficient_evidence
6172a249fcb24632805911b507c2a59992631efca40c6584a2ae6af91e785dd8,raw,Poa nemoralis,Leaf Area,60,1,6,16,2,0,,domain_outlier;taxon_outlier,pending_isolated_source_pattern,agent_strong_isolated_source_pattern,TRUE,pending_objective_scale_evidence
4d2f0c9f6cc877e67c7048241ed0a43047db31432dbba165dc4dd6b45ce3309e,raw,Polygala vulgaris,Leaf Area,21,3,3,0,2,0,,taxon_outlier,pending_unresolved_evidence,pending_unresolved_evidence,FALSE,approve_none_insufficient_evidence
a5b8059e2564066eaedb3eec1346494e986dfdc8c5ed80fb0b841cf1ab8f9c89,raw,Polygonum douglasii,Leaf Area,26,1,3,0,3,0,review_submission_csv:1756,taxon_outlier;source_review,pending_submitted_note,pending_submitted_note,FALSE,approve_none_insufficient_evidence
ad0bad4b444eec3feb346b7a408d146b84d8f574bb3e818d003818669a2a8466,raw,Populus tremula,Leaf Area,28,2,7,24,5,0,review_submission_csv:1544,domain_outlier;taxon_outlier;source_review,pending_submitted_note,agent_unparsed_exclusion_instruction,FALSE,approve_none_insufficient_evidence
4459d3648ced4fe9c7680ebcd7ea31b67a7ccd38718b2ea2b2aac857f51c678f,raw,Portulaca oleracea,Leaf Area,30,2,3,0,3,0,review_submission_csv:1787,taxon_outlier;source_review,pending_submitted_note,agent_threshold_rule_not_corroborated,FALSE,approve_none_insufficient_evidence
dff42cbe17dee9339419f66311a04981f67c4962a53b75727f06a0168b6f9455,raw,Potentilla anserina,Leaf Area,12,3,3,1,3,0,review_submission_csv:1522,domain_outlier;taxon_outlier;source_review,pending_submitted_note,agent_unparsed_exclusion_instruction,FALSE,approve_none_insufficient_evidence
35c7ddf1daeec08389c067b947400effe82582c14e29b3bf05aa58ca70ed16d7,raw,Potentilla crinita,Leaf Area,20,1,4,0,2,0,review_submission_csv:1828,taxon_outlier;source_review,pending_submitted_note,pending_submitted_note,FALSE,approve_none_insufficient_evidence
ae8991180044fa5787b725605dce6544c02cd04a9f2ba9db74af29b4ad8e61cb,raw,Potentilla erecta,Leaf Area,61,3,6,0,3,0,review_submission_csv:1792,taxon_outlier;source_review,pending_isolated_source_pattern,agent_strong_isolated_source_pattern,TRUE,pending_objective_scale_evidence
f2a4e076562a9ffd00d62c6cf30ff7d159279d9712c87d6c8672bb9b7be44e1c,raw,Potentilla pusilla,Leaf Area,52,1,5,0,4,0,review_submission_csv:1815,taxon_outlier;source_review,pending_submitted_note,pending_submitted_note,FALSE,approve_none_insufficient_evidence
5e0ce0876a80ad13f1dedb214c7bcec33501ccc2593c7bac9a8a562d4e61378e,raw,Potentilla recta,Leaf Area,10,1,4,0,3,0,review_submission_csv:1490,taxon_outlier;source_review,pending_submitted_note,pending_submitted_note,FALSE,approve_none_insufficient_evidence
75242c5cea86d9b1cd7a9dadef46ad992a9cf6d359695e2829f0fa5ba0b2ad5d,raw,Potentilla subviscosa,Leaf Area,20,1,1,0,3,0,review_submission_csv:1659,taxon_outlier;source_review,pending_submitted_note,pending_submitted_note,FALSE,approve_none_insufficient_evidence
f71b00baf152440cfa4c86c8e08040bdaad9029fe7d00473530811a23b429f02,raw,Primula acaulis,Leaf Area,51,3,6,40,8,0,review_submission_csv:1531,domain_outlier;taxon_outlier;source_review,agent_recovered_rule,,FALSE,approve_none_insufficient_evidence
4442052285d226225d6a1c59ca4dc39c35c4f475ffb039365e4003469acacd01,raw,Primula pauciflora,Leaf Area,21,1,2,0,3,0,review_submission_csv:1692,taxon_outlier;source_review,agent_repeated_source_pattern,,TRUE,pending_objective_scale_evidence
003e89aad02171bf7024cc75324f433392941f4a48ffbb9a8c6c90a768c6b713,raw,Prosopis glandulosa,Leaf Area,11,1,1,0,3,0,review_submission_csv:1506,taxon_outlier;source_review,pending_submitted_note,pending_submitted_note,FALSE,approve_none_insufficient_evidence
a5bc080e8f2b15964e5ca73146ea874ba16c6e76f72cd98530858f41cbcb5a8e,raw,Prunella vulgaris,Leaf Area,50,3,19,0,6,0,review_submission_csv:1069,taxon_outlier;source_review,pending_submitted_note,propose_scale_validated_threshold,TRUE,pending_objective_scale_evidence
2f6ca29cb0153997332a1f021d50de6c588f94c601c909eceb6710f337f87e21,raw,Prunus fasciculata,Leaf Area,12,2,2,0,4,0,review_submission_csv:1051,taxon_outlier;source_review,pending_submitted_note,pending_submitted_note,FALSE,approve_none_insufficient_evidence
0ada308bd2d29fc87b90c2e3f91436218216263f1944d8ccae410063acfa506b,raw,Pseudognaphalium macounii,Leaf Area,12,1,1,0,3,0,review_submission_csv:1523,taxon_outlier;source_review,pending_submitted_note,pending_submitted_note,FALSE,approve_none_insufficient_evidence
24fdfb092801a5a739945e009eaaae7610d627837f8b6b6c1d16d96dc8f20bda,raw,Pulsatilla alpina,Leaf Area,44,1,5,2,3,0,review_submission_csv:1049,domain_outlier;taxon_outlier;source_review,pending_submitted_note,agent_threshold_rule_not_corroborated,FALSE,approve_none_insufficient_evidence
00f8c56004e5352ab9c46e71acef3901f54c5b52b3cd768d49c577df8c001290,raw,Purshia tridentata,Leaf Area,10,1,1,0,2,0,review_submission_csv:1636,taxon_outlier;source_review,pending_submitted_note,pending_submitted_note,FALSE,approve_none_insufficient_evidence
2a02471ca6a6ab4bcef729ad5527106869e71cf2e5451aa8cf86d43cae922092,raw,Pyracantha angustifolia,Leaf Area,15,1,1,0,3,0,review_submission_csv:1572,taxon_outlier;source_review,pending_submitted_note,pending_submitted_note,FALSE,approve_none_insufficient_evidence
0c29c96ddbb720dc65acaec3990e1f5eb8e21542eabc9ddaf147bf34a4d14569,raw,Quercus coccifera,Leaf Area,261,4,55,0,16,0,review_submission_csv:1790,taxon_outlier;source_review,pending_submitted_note,agent_threshold_rule_not_corroborated,FALSE,approve_none_insufficient_evidence
040d5c0feddd671e7e0a84acf78c37da49955e77aaca84595a4ab0756c032efb,raw,Quercus macrocarpa,Leaf Area,24,2,6,0,5,0,review_submission_csv:1512,taxon_outlier;source_review,pending_submitted_note,pending_submitted_note,FALSE,approve_none_insufficient_evidence
9da80cb7e82a85198df1d9062bfed452ddf38b1d80825b07c7fe8d26e40615d2,raw,Quercus petraea,Leaf Area,657,3,17,329,88,0,review_submission_csv:1046,domain_outlier;taxon_outlier;source_review,pending_isolated_source_pattern,pending_isolated_source_pattern,FALSE,approve_none_insufficient_evidence
8017348a464d6b2864c561e11cac9fb892e4751945d70db3a7258af33c1a8b08,raw,Quercus pyrenaica,Leaf Area,98,2,3,0,11,0,review_submission_csv:1594,taxon_outlier;source_review,pending_submitted_note,pending_submitted_note,FALSE,approve_none_insufficient_evidence
027b9cf3395c680b4877853fc89036d333031d93e6a34691fd8a1300356fde75,raw,Quercus rubra,Leaf Area,149,3,17,132,29,0,review_submission_csv:1032,domain_outlier;taxon_outlier;source_review,pending_submitted_note,pending_submitted_note,FALSE,approve_none_insufficient_evidence
ef409e55dcfef8d0bf9702b10c37b486f58e3e9f318c7430ff20e8853c4c8fa3,raw,Quercus suber,Leaf Area,233,2,14,0,11,0,review_submission_csv:1858,taxon_outlier;source_review,pending_submitted_note,agent_unparsed_exclusion_instruction,FALSE,approve_none_insufficient_evidence
765c4a13e16e4dcccd0e9868d9451c2ce396973018adfa33d12d1c7c2de60227,raw,Quercus velutina,Leaf Area,61,2,4,57,6,0,review_submission_csv:1736,domain_outlier;taxon_outlier;source_review,pending_submitted_note,pending_submitted_note,FALSE,approve_none_insufficient_evidence
d9760caa24e7dc5325a43df479bc13e58de86833ac48d81ae7e633ff8e6d8484,raw,Quercus virginiana,Leaf Area,241,1,12,0,23,0,review_submission_csv:1590,taxon_outlier;source_review,pending_submitted_note,pending_submitted_note,FALSE,approve_none_insufficient_evidence
1822f103e2a95635b59ff78a58010a3a766cc0d14d554f80678429330545d89e,raw,Ranunculus adoneus,Leaf Area,15,1,2,0,2,0,review_submission_csv:1770,taxon_outlier;source_review,agent_repeated_source_pattern,,TRUE,pending_objective_scale_evidence
0cb5cce4e7bb8a5d41a76ccf94c9f56aae1447b88613e331bcf5006a8e7a2b63,raw,Ranunculus bulbosus,Leaf Area,22,2,21,6,1,0,review_submission_csv:1699,domain_outlier;taxon_outlier;source_review,pending_submitted_note,pending_submitted_note,FALSE,approve_none_insufficient_evidence
9389cedbd32d6c8bf3d509e70d38a086bdb25359aa48bfa3cad035ad64e5b38d,raw,Ranunculus montanus,Leaf Area,35,1,4,0,7,0,review_submission_csv:1494,taxon_outlier;source_review,pending_submitted_note,pending_submitted_note,FALSE,approve_none_insufficient_evidence
6a4565ff60f1348060f53c834fc2b3717de31683e453a4631261c29dd54edf6f,raw,Ranunculus trichophyllus,Leaf Area,11,2,2,0,2,0,review_submission_csv:1677,taxon_outlier;source_review,pending_submitted_note,agent_unparsed_exclusion_instruction,FALSE,approve_none_insufficient_evidence
d01c4576c625ce481c5504b3b49ac4441f6fc14f03a78c330d5838be9c76f786,raw,Raphanus sativus,Leaf Area,186,1,1,0,15,0,review_submission_csv:1719,taxon_outlier;source_review,pending_submitted_note,pending_submitted_note,FALSE,approve_none_insufficient_evidence
376360b997e0d74c23d2b67dbcd12541f1673283984d4fed5f2bdb44a1dc31e6,raw,Reseda phyteuma,Leaf Area,16,2,3,0,1,0,,taxon_outlier,pending_isolated_source_pattern,agent_strong_isolated_source_pattern,TRUE,pending_objective_scale_evidence
99dc3c9cca99ec7e32e79c51dd382786f9fc8713b30d46e085fe4c6bdeae95a2,raw,Rhamnus lycioides,Leaf Area,49,3,8,0,6,0,review_submission_csv:1646,taxon_outlier;source_review,pending_submitted_note,pending_submitted_note,FALSE,approve_none_insufficient_evidence
6ca7e218d81b30ef599ce1fbe8055669ec1de48ac1c8de84fede9d0dc954f749,raw,Rhinanthus glacialis,Leaf Area,11,1,2,0,2,0,review_submission_csv:1678,taxon_outlier;source_review,pending_submitted_note,pending_submitted_note,FALSE,approve_none_insufficient_evidence
8d40a9be64c486969eb40cf4f24fee0b640a53541b555c1e9cac48bb8e0c4c77,raw,Rhodiola integrifolia,Leaf Area,16,1,2,0,1,0,,taxon_outlier,agent_repeated_source_pattern,,TRUE,pending_objective_scale_evidence
3b04d0c6d07d5e7ab740c63d3da58e488ce12c7cf012ef4233a1630b6b3df946,raw,Rhododendron ferrugineum,Leaf Area,11,1,2,0,1,0,review_submission_csv:1679,taxon_outlier;source_review,pending_submitted_note,pending_submitted_note,FALSE,approve_none_insufficient_evidence
a750838c25595db8c3915b4745eeb66ef3053f2b87f4b54b9c884d6c958e669c,raw,Rhododendron schlippenbachii,Leaf Area,15,1,1,0,2,0,review_submission_csv:1771,taxon_outlier;source_review,pending_submitted_note,pending_submitted_note,FALSE,approve_none_insufficient_evidence
823f0d5c9283f5f852e5cb7bc5ab3f9580ac9838ebdc968fa3488d6bb62ec9bb,raw,Rhus glabra,Leaf Area,12,2,3,0,4,0,review_submission_csv:1052,taxon_outlier;source_review,pending_submitted_note,pending_submitted_note,FALSE,approve_none_insufficient_evidence
4988163a2271d16a3150c096750e2426c490caba3378ffa80133de8d8ebaba26,raw,Rosa arvensis,Leaf Area,46,2,6,0,1,0,,taxon_outlier,pending_isolated_source_pattern,agent_strong_isolated_source_pattern,TRUE,pending_objective_scale_evidence
0e349a0d06961621d6304823d0ce27e6a987875fd96c1d1846bca484de78dbaa,raw,Rosa woodsii,Leaf Area,23,2,4,0,3,0,review_submission_csv:1724,taxon_outlier;source_review,pending_submitted_note,pending_submitted_note,FALSE,approve_none_insufficient_evidence
9c14e32f944da098be9f7fc64d7fd0df71a58b87cdfa5e1e57cf71db91a563ff,raw,Rose SJ,Leaf Area,31,1,1,0,4,0,review_submission_csv:1687,taxon_outlier;source_review,pending_submitted_note,pending_submitted_note,FALSE,approve_none_insufficient_evidence
b3c7b6df851b16152f2648bb8b1de1c91e153f3e60ec324d035d2c6be6605546,raw,Rose SS,Leaf Area,30,1,1,0,3,0,review_submission_csv:1788,taxon_outlier;source_review,pending_submitted_note,pending_submitted_note,FALSE,approve_none_insufficient_evidence
15e9832ddcbffca3cbfe8d4cfe4fe8045b8e0e20a29c6ad979baef31f2f3e665,raw,Rubus allegheniensis,Leaf Area,29,1,2,0,3,0,review_submission_csv:1783,taxon_outlier;source_review,pending_submitted_note,pending_submitted_note,FALSE,approve_none_insufficient_evidence
d05f47e79f296b729757f1c607348a098abbec88b29a7845e0012dc5718629ab,raw,Rubus caesius,Leaf Area,47,3,45,37,10,0,review_submission_csv:1060,domain_outlier;taxon_outlier;source_review,agent_recovered_rule,,FALSE,approve_none_insufficient_evidence
d1fbb55f2a1471790488366eb948cad7d65ae0f986d8339fb1248abc5b606210,raw,Rubus cuneifolius,Leaf Area,24,1,4,0,6,0,review_submission_csv:1067,taxon_outlier;source_review,pending_submitted_note,pending_submitted_note,FALSE,approve_none_insufficient_evidence
e14c30bc85e5f7b71fd28006a4c4fe30d39b2fb4a533342c727ca8bdb1dc3239,raw,Rubus saxatilis,Leaf Area,14,3,3,13,2,0,review_submission_csv:1751,domain_outlier;taxon_outlier;source_review,pending_submitted_note,pending_submitted_note,FALSE,approve_none_insufficient_evidence
3d7777edea1d677791a2caa3fe870904dad3e96d838c170fc0c54e57d946697f,raw,Rubus sp,Leaf Area,31,1,9,0,3,0,review_submission_csv:1796,taxon_outlier;source_review,pending_submitted_note,pending_submitted_note,FALSE,approve_none_insufficient_evidence
4c13e05153123f15f5e34410af8781f1e15d8c3440cdbb863ee1b03544d2c916,raw,Rudbeckia triloba,Leaf Area,10,1,1,0,3,0,review_submission_csv:1491,taxon_outlier;source_review,pending_submitted_note,pending_submitted_note,FALSE,approve_none_insufficient_evidence
8fc8f8b38c6fb91695f826e7d955836105fb1cd714a333d93984c161a600099c,raw,Rumex acetosella,Leaf Area,31,3,7,0,7,0,review_submission_csv:1070,taxon_outlier;source_review,pending_submitted_note,agent_threshold_rule_not_corroborated,FALSE,approve_none_insufficient_evidence
d751586ad9d44ba0d28dc1d634521a90045577f3ab29f73228eb96a6c4936476,raw,Rumex alpestris,Leaf Area,55,1,4,8,6,0,review_submission_csv:1695,domain_outlier;taxon_outlier;source_review,pending_submitted_note,pending_submitted_note,FALSE,approve_none_insufficient_evidence
24677e3e75788976e54b302224d5c7a07ad0da997facc3f4a0b032a90b20d5d5,raw,Ruscus aculeatus,Leaf Area,44,3,6,0,9,0,review_submission_csv:1461,taxon_outlier;source_review,pending_submitted_note,pending_submitted_note,FALSE,approve_none_insufficient_evidence
d4c217faa164bfa0cf5ac15eadcebe25c5ebd26e6b4b66c496c15b130a1fec7b,raw,Sagittaria latifolia,Leaf Area,11,2,2,0,2,0,review_submission_csv:1680,taxon_outlier;source_review,pending_submitted_note,pending_submitted_note,FALSE,approve_none_insufficient_evidence
b0d9cdde6b2051525e22027b047fb36ed74dde5e31bb24ec4b56798ddfd76d11,raw,Salix herbacea,Leaf Area,175,3,32,0,4,0,,taxon_outlier,pending_isolated_source_pattern,agent_strong_isolated_source_pattern,TRUE,pending_objective_scale_evidence
7a8f170962ec85f8324b396bf47a3a0152716af65a340964b0c1cb651026f846,raw,Salix repens,Leaf Area,21,3,12,0,2,0,review_submission_csv:1835,taxon_outlier;source_review,pending_submitted_note,pending_submitted_note,FALSE,approve_none_insufficient_evidence
37c3471cf5b7c4d34e16bdc03ca99ae618c719174b911d4fe00785b58e4af8da,raw,Salvia dorrii,Leaf Area,12,2,2,0,2,0,review_submission_csv:1711,taxon_outlier;source_review,pending_submitted_note,pending_submitted_note,FALSE,approve_none_insufficient_evidence
8d60d73d94238d0b98f2b8fd4ac6563f114b31b1f37af883623e42abf9000020,raw,Salvia officinalis,Leaf Area,14,2,5,0,3,0,review_submission_csv:1552,taxon_outlier;source_review,pending_submitted_note,agent_threshold_rule_not_corroborated,FALSE,approve_none_insufficient_evidence
86604a54cc2404279ff3453795c286463facfce894c1c6016ac7c1c4360d3e16,raw,Sarracenia leucophylla,Leaf Area,13,1,1,10,2,0,review_submission_csv:1732,domain_outlier;taxon_outlier;source_review,pending_submitted_note,pending_submitted_note,FALSE,approve_none_insufficient_evidence
f1ed352876c813f683757f3952526179ce861e850b7d8863b9875025fd4cdd89,raw,Saxifraga androsacea,Leaf Area,13,1,2,0,2,0,review_submission_csv:1733,taxon_outlier;source_review,pending_submitted_note,pending_submitted_note,FALSE,approve_none_insufficient_evidence
9b81877751764bc3b97639f7282ae2d1b495b5224ba92b3c81e06cb050753aa0,raw,Saxifraga exarata,Leaf Area,10,1,1,0,2,0,review_submission_csv:1637,taxon_outlier;source_review,pending_submitted_note,pending_submitted_note,FALSE,approve_none_insufficient_evidence
10dca642f9da289b668a2a1beda339c540d4988469396c59e529eff863a8a31f,raw,Saxifraga oppositifolia,Leaf Area,29,1,3,0,1,0,,taxon_outlier,pending_isolated_source_pattern,pending_isolated_source_pattern,FALSE,approve_none_insufficient_evidence
80189206e68902f36daf84faa12c73a0682f59a384425f11e348064481bcf08e,raw,Saxifraga rotundifolia,Leaf Area,127,2,13,58,10,0,review_submission_csv:1754,domain_outlier;taxon_outlier;source_review,pending_submitted_note,pending_submitted_note,FALSE,approve_none_insufficient_evidence
bb18f69c314cb8e37a056e17a77f7056e05014c5708379c256735563a5510ab9,raw,Schoenoplectus tabernaemontani,Leaf Area,11,1,2,9,2,0,review_submission_csv:1681,domain_outlier;taxon_outlier;source_review,pending_submitted_note,pending_submitted_note,FALSE,approve_none_insufficient_evidence
8053df69a03d7bdb302f68837aa88e5357ee271f3454db7f03141ee1c8b8d971,raw,Schoenus nigricans,Leaf Area,10,1,1,0,2,0,review_submission_csv:1638,taxon_outlier;source_review,pending_submitted_note,pending_submitted_note,FALSE,approve_none_insufficient_evidence
9de7dcaa7f993623901c43a4c5d509a2b1574fbb742b140aa1ff7dcc22f36e91,raw,Scutellaria mexicana,Leaf Area,11,1,1,0,2,0,review_submission_csv:1682,taxon_outlier;source_review,pending_submitted_note,pending_submitted_note,FALSE,approve_none_insufficient_evidence
94478f58f9ca361ab25d7cac83cee4e84b4391c0e767bc2d50263da9537fc96a,raw,Secale sylvestre,Leaf Area,10,1,1,0,2,0,review_submission_csv:1639,taxon_outlier;source_review,pending_submitted_note,pending_submitted_note,FALSE,approve_none_insufficient_evidence
d291dee798d88f7360a7dad7a34414d67470c8bb233ebada7e43fccfdc62be6e,raw,Sempervivum montanum,Leaf Area,10,1,1,0,2,0,review_submission_csv:1640,taxon_outlier;source_review,pending_submitted_note,pending_submitted_note,FALSE,approve_none_insufficient_evidence
12f2731daa8213149b4bcfc4ec624e5f00aeca603f619ec4c0709699b95b882f,raw,Senecio actinella,Leaf Area,21,1,1,0,5,0,review_submission_csv:1481,taxon_outlier;source_review,pending_submitted_note,pending_submitted_note,FALSE,approve_none_insufficient_evidence
b36f008af2074035cc25b082c6b522e76748b65dcf154b579fa5e9638585b040,raw,Senecio amplectens,Leaf Area,25,1,1,0,5,0,review_submission_csv:1515,taxon_outlier;source_review,pending_submitted_note,pending_submitted_note,FALSE,approve_none_insufficient_evidence
7ac49a5c59e65906b8004a12d7d38b407ce5dc97a5c28a86eeb678b79f90ef63,raw,Senecio eremophilus,Leaf Area,22,1,2,0,2,0,review_submission_csv:1844,taxon_outlier;source_review,pending_submitted_note,pending_submitted_note,FALSE,approve_none_insufficient_evidence
c0a38e620e092b8d920c30b3a0cdd4646125c3d2d90523f1920378109513a45e,raw,Senna hebecarpa,Leaf Area,13,1,2,0,2,0,review_submission_csv:1734,taxon_outlier;source_review,pending_submitted_note,pending_submitted_note,FALSE,approve_none_insufficient_evidence
e98ba424309fe435851051230a33113e9b09315162e750eb1c039195fe0dc26c,raw,Seseli annuum,Leaf Area,10,1,1,2,2,0,review_submission_csv:1641,domain_outlier;taxon_outlier;source_review,pending_submitted_note,pending_submitted_note,FALSE,approve_none_insufficient_evidence
e1af3483c489a235e8bedf94cbd19350c3c4ccd92d7e5bb2e428adb56bc9ea22,raw,Sesleria heufleriana,Leaf Area,30,2,4,0,3,0,review_submission_csv:1789,taxon_outlier;source_review,pending_submitted_note,pending_submitted_note,FALSE,approve_none_insufficient_evidence
cbb84bf8fdb705b364c03c6b9176b988edb5acc5c93a26a5dd8ca4c18d264876,raw,Sibbaldia procumbens,Leaf Area,81,2,12,0,4,0,,taxon_outlier,agent_repeated_source_pattern,,TRUE,pending_objective_scale_evidence
8d86095bd5a0c7b9e6bd1ac289b6cf0e75b360d423c1a9a4dd5071d3d308f077,raw,Sidalcea malviflora,Leaf Area,105,1,1,0,6,0,review_submission_csv:1852,taxon_outlier;source_review,pending_submitted_note,pending_submitted_note,FALSE,approve_none_insufficient_evidence
bec99b3e6604c5b1f7abeca8d449e7851c1ffdb24d9104684f622064b9033abc,raw,Silene acaulis,Leaf Area,67,1,6,0,10,0,review_submission_csv:1563,taxon_outlier;source_review,agent_repeated_source_pattern,,TRUE,pending_objective_scale_evidence
dd80d56c2f2b202d314f7c64eed07140aef9556b427597b1b5f3eb815f1ef592,raw,Silene nutans,Leaf Area,18,2,4,0,2,0,review_submission_csv:1804,taxon_outlier;source_review,pending_submitted_note,agent_threshold_rule_not_corroborated,FALSE,approve_none_insufficient_evidence
7603c223b1e9b484906d1a05f6dec8e3d406938e63fcfc7255757adbbfe671a8,raw,Silene stellata,Leaf Area,20,1,1,0,5,0,review_submission_csv:1465,taxon_outlier;source_review,pending_submitted_note,pending_submitted_note,FALSE,approve_none_insufficient_evidence
19e6f640ed4419b834b9c2fcad1f3f6f227abba9709d0c4e7e04d661f9cd9938,raw,Simmondsia chinensis,Leaf Area,41,2,2,0,4,0,review_submission_csv:1775,taxon_outlier;source_review,pending_submitted_note,pending_submitted_note,FALSE,approve_none_insufficient_evidence
17cd8099facdacee21e2828c33257f8142a5a1d55239e1604a321175d8245a04,raw,Solidago juncea,Leaf Area,48,1,8,0,4,0,review_submission_csv:1806,taxon_outlier;source_review,pending_submitted_note,pending_submitted_note,FALSE,approve_none_insufficient_evidence
1a4f36de40d0f3f81a4e9e8097ec4fadeba03350f76d1cea33f0e7e702f88fb7,raw,Solidago nemoralis,Leaf Area,10,2,4,0,2,0,review_submission_csv:1642,taxon_outlier;source_review,pending_isolated_source_pattern,agent_strong_isolated_source_pattern,TRUE,pending_objective_scale_evidence
100ceef5ad1f7eba311d01fb8cc5b58fe230b590f30d1808ff0710f53d276725,raw,Solidago velutina,Leaf Area,20,1,2,0,3,0,review_submission_csv:1660,taxon_outlier;source_review,pending_submitted_note,pending_submitted_note,FALSE,approve_none_insufficient_evidence
39bc8afdee5896760b7b8f22ec342b8ecad12ae964c92e516f1b911033110a5f,raw,Sonchus arvensis,Leaf Area,11,2,2,10,1,0,,domain_outlier;taxon_outlier,pending_isolated_source_pattern,agent_strong_isolated_source_pattern,TRUE,pending_objective_scale_evidence
d4ae4fa1c19affc9b633be0f07877f86aef79763bd149f08b8ff886fed43cb20,raw,Sonchus asper,Leaf Area,100,2,2,0,9,0,review_submission_csv:1722,taxon_outlier;source_review,pending_submitted_note,agent_threshold_rule_not_corroborated,FALSE,approve_none_insufficient_evidence
5470332802054952d27033e7d2ec209cf6e4655824103cc4e2f3f1ee5e623f96,raw,Sorbaria kirilowii,Leaf Area,15,1,1,0,4,0,review_submission_csv:1476,taxon_outlier;source_review,pending_submitted_note,pending_submitted_note,FALSE,approve_none_insufficient_evidence
8bcca93700c82c9560244c7e7567580e08b609f35229081ae17d9f518671a4e8,raw,Sorbus torminalis,Leaf Area,36,2,2,0,4,0,review_submission_csv:1740,taxon_outlier;source_review,pending_submitted_note,pending_submitted_note,FALSE,approve_none_insufficient_evidence
ace1cd33328182c1ac4dae58132a2c6b39d9ea17f1dc3e67190efd81ed248b7d,raw,Sorghastrum nutans,Leaf Area,47,3,3,0,6,0,review_submission_csv:1600,taxon_outlier;source_review,pending_submitted_note,pending_submitted_note,FALSE,approve_none_insufficient_evidence
0692b40daf6ce054f8f4dc51d91f27e12542db95c5e6a4233f7c11b2efc7ab4b,raw,Sporobolus interruptus,Leaf Area,20,1,2,0,2,0,review_submission_csv:1829,taxon_outlier;source_review,pending_submitted_note,pending_submitted_note,FALSE,approve_none_insufficient_evidence
c95eb3f6f452d0014133a8d613566c7378759be27c99b918352dc8f3b1bb7d95,raw,Stachys recta,Leaf Area,11,1,7,10,2,0,review_submission_csv:1683,domain_outlier;taxon_outlier;source_review,pending_isolated_source_pattern,pending_isolated_source_pattern,FALSE,approve_none_insufficient_evidence
06d346055ef61578b3c519c3663e4ec42bc0e28ff2981ef57c8de7d574ac03a1,raw,Stipa comata,Leaf Area,21,2,2,0,4,0,review_submission_csv:1547,taxon_outlier;source_review,pending_submitted_note,pending_submitted_note,FALSE,approve_none_insufficient_evidence
6fe40d0cf775d3085f0d9789819cf25c43a6a9ec4ed56da5c7ce81ac9df2fc34,raw,Stipa lettermanii,Leaf Area,24,1,1,0,4,0,review_submission_csv:1580,taxon_outlier;source_review,pending_submitted_note,pending_submitted_note,FALSE,approve_none_insufficient_evidence
8c1663f7899ac2ac97cfeb8b4b404c9c175591d2bbff404fa50af4d99414dce0,raw,Stipa tenacissima,Leaf Area,93,2,12,1,13,0,review_submission_csv:1527,domain_outlier;taxon_outlier;source_review,pending_isolated_source_pattern,agent_threshold_rule_not_corroborated,FALSE,approve_none_insufficient_evidence
5b25d89c2eda2929c310edd9f00b46bd5af3b38c8c8371e0e3f32a4065204395,raw,Succisa pratensis,Leaf Area,12,2,3,7,2,0,review_submission_csv:1712,domain_outlier;taxon_outlier;source_review,pending_submitted_note,agent_unparsed_exclusion_instruction,FALSE,approve_none_insufficient_evidence
2b5c20b40b23db4ec960e01c90602971814c1b6cfd735e196a223433eaf1c07b,raw,Symphyotrichum ascendens,Leaf Area,20,1,2,0,2,0,review_submission_csv:1830,taxon_outlier;source_review,pending_submitted_note,pending_submitted_note,FALSE,approve_none_insufficient_evidence
83c2c4d714575086946117e62b9c08b7abcc4a60c49e1e7cea3f21185b517be8,raw,Symphyotrichum ericoides,Leaf Area,26,1,1,0,6,0,review_submission_csv:1467,taxon_outlier;source_review,pending_submitted_note,pending_submitted_note,FALSE,approve_none_insufficient_evidence
65f5fa72dee7ac080695aed16bda7b54d8d6bfb7e187cf6fe3bf2de30da44ee0,raw,Syringa pubescens,Leaf Area,15,1,1,0,3,0,review_submission_csv:1573,taxon_outlier;source_review,pending_submitted_note,pending_submitted_note,FALSE,approve_none_insufficient_evidence
3699fd6445de5dd565792075bb70a6d75463a105d974dee925529d19b3895cb3,raw,Syringa villosa,Leaf Area,14,1,1,0,2,0,review_submission_csv:1752,taxon_outlier;source_review,pending_submitted_note,pending_submitted_note,FALSE,approve_none_insufficient_evidence
89e9077f5df450446e5a5029b2324a551fa6a1389d22e63226576a58494a29b8,raw,Teucrium charidemi,Leaf Area,12,2,3,0,2,0,review_submission_csv:1713,taxon_outlier;source_review,agent_repeated_source_pattern,,TRUE,pending_objective_scale_evidence
1e7e3dd3dbdb02ca340b808ce4b2248617107e77f05d2f74685b98da00da7bea,raw,Teucrium polium,Leaf Area,13,3,4,0,3,0,review_submission_csv:1539,taxon_outlier;source_review,pending_isolated_source_pattern,agent_threshold_rule_not_corroborated,FALSE,approve_none_insufficient_evidence
6ae7ffc5ad758b50013ae8144faa8339a7638d9d4b02d022a9797fb4ba1668f3,raw,Thalictrum fendleri,Leaf Area,21,1,4,0,2,0,review_submission_csv:1836,taxon_outlier;source_review,pending_submitted_note,pending_submitted_note,FALSE,approve_none_insufficient_evidence
c1cc27c39258679dbf43ca2d6ae3d42ac079de324a84845777dd1e5bef580cc6,raw,Thinopyrum junceum,Leaf Area,199,2,33,0,25,0,review_submission_csv:1513,taxon_outlier;source_review,pending_submitted_note,pending_submitted_note,FALSE,approve_none_insufficient_evidence
f631467f744296fdcd0602e18a1245d4ec4732d0631c3414ec9292b7e79e1897,raw,Thymus mastichina,Leaf Area,73,2,5,0,7,0,review_submission_csv:1725,taxon_outlier;source_review,pending_submitted_note,agent_threshold_rule_not_corroborated,FALSE,approve_none_insufficient_evidence
8c767ccb8add056cdd23ce0540c942ad7de863309945d3604b206f6a8588fa9a,raw,Thymus praecox,Leaf Area,187,2,11,0,2,0,,taxon_outlier,pending_unresolved_evidence,pending_unresolved_evidence,FALSE,approve_none_insufficient_evidence
f0d9c36c58b1545e315bce11ad04c422b9cbaf2f9d08377358d9837e62ec6171,raw,Thymus pulegioides,Leaf Area,12,2,3,0,2,0,review_submission_csv:1714,taxon_outlier;source_review,pending_submitted_note,agent_unparsed_exclusion_instruction,FALSE,approve_none_insufficient_evidence
f20733a9960fc3391c2472af42285e5c05d8d24a283f2036d596351cdfa2d9df,raw,Thymus serpyllum,Leaf Area,16,1,16,0,2,0,review_submission_csv:1782,taxon_outlier;source_review,pending_submitted_note,pending_submitted_note,FALSE,approve_none_insufficient_evidence
2dfa991a8f6a31e4a218809cc9f86e0bd0968c43295df3f0fce23575c7cbc4c6,raw,Thymus vulgaris,Leaf Area,85,2,13,0,6,0,review_submission_csv:1809,taxon_outlier;source_review,pending_submitted_note,agent_threshold_rule_not_corroborated,FALSE,approve_none_insufficient_evidence
447ceea0299b290497a84ec19ce6ab3b9bc9f99b41335105c21ee98204f89234,raw,Tilia americana,Leaf Area,49,5,17,9,9,0,review_submission_csv:1493,domain_outlier;taxon_outlier;source_review,pending_isolated_source_pattern,pending_isolated_source_pattern,FALSE,approve_none_insufficient_evidence
77e5f00b05e2f97876ae5f2591aa8bf78a81b25806a8800f8b108948790b4f57,raw,Tofieldia pusilla,Leaf Area,12,1,1,0,3,0,review_submission_csv:1524,taxon_outlier;source_review,pending_submitted_note,pending_submitted_note,FALSE,approve_none_insufficient_evidence
bd46ee9f2267f087cc9b190b5425dcba7d21465dc4bcc6b30e7cc61fdf3e6c86,raw,Toxicodendron radicans,Leaf Area,10,2,4,0,3,0,review_submission_csv:1492,taxon_outlier;source_review,pending_submitted_note,pending_submitted_note,FALSE,approve_none_insufficient_evidence
46d5d89179c8b96112dfab09150f72eedbf95bc8c7b31984fa9f2e13577c7e7b,raw,Tragopogon dubius,Leaf Area,21,1,4,0,2,0,review_submission_csv:1837,taxon_outlier;source_review,pending_submitted_note,pending_submitted_note,FALSE,approve_none_insufficient_evidence
1f7d0b2994ba47c570340045705bd9d38f31dc44861b6f6d1bcf090e9cdace62,raw,Trientalis borealis,Leaf Area,52,2,8,0,6,0,review_submission_csv:1654,taxon_outlier;source_review,pending_submitted_note,pending_submitted_note,FALSE,approve_none_insufficient_evidence
11c28a7462ab059c212982b3fdaf7d70d198eba9897b4372a3d2a77fe9fe0160,raw,Trientalis europaea,Leaf Area,31,3,10,0,3,0,review_submission_csv:1797,taxon_outlier;source_review,pending_submitted_note,pending_submitted_note,FALSE,approve_none_insufficient_evidence
55cd49982214ba2135faca3f8148ab7e0e510fe5aa6fe1e5e75df41e809edabb,raw,Trifolium arvense,Leaf Area,11,2,2,0,3,0,review_submission_csv:1507,taxon_outlier;source_review,pending_submitted_note,pending_submitted_note,FALSE,approve_none_insufficient_evidence
3a7762a2faa035aa9fb964f8ece582b42ec456677e9c30211531e02e1d4cedac,raw,Trifolium repens,Leaf Area,141,3,23,0,15,0,review_submission_csv:1066,taxon_outlier;source_review,pending_submitted_note,propose_scale_validated_threshold,TRUE,pending_objective_scale_evidence
e81b20e82c9ae7b384d1449f699e286eb7e00c82f21545408caa949dc2b7c850,raw,Trillium undulatum,Leaf Area,10,1,5,0,2,0,review_submission_csv:1643,taxon_outlier;source_review,pending_submitted_note,pending_submitted_note,FALSE,approve_none_insufficient_evidence
fd23e69430665173402780da719135356d2dd0ec21b062488dfbe4e468b2c638,raw,Trisetum flavescens,Leaf Area,50,1,5,0,5,0,review_submission_csv:1744,taxon_outlier;source_review,pending_submitted_note,pending_submitted_note,FALSE,approve_none_insufficient_evidence
bdda80aafdcb7358041c5fe6d8c203d1a4373160d61c3a755585470d0abf2e55,raw,Trisetum spicatum,Leaf Area,28,1,4,0,2,0,review_submission_csv:1867,taxon_outlier;source_review,agent_repeated_source_pattern,,TRUE,pending_objective_scale_evidence
215ab2b2aaec37c20dfe2532e3b7099634c0f66bb3a5ecf83c58f5ece2a0addf,raw,Trixis californica,Leaf Area,11,1,1,0,3,0,review_submission_csv:1508,taxon_outlier;source_review,pending_submitted_note,pending_submitted_note,FALSE,approve_none_insufficient_evidence
242dcffac2803ab6d14c2edc9ffa1f4cc0d9cd8a5841d7fc304deb5982afbbd7,raw,Trollius europaeus,Leaf Area,45,3,9,33,4,0,,domain_outlier;taxon_outlier,pending_unresolved_evidence,pending_unresolved_evidence,FALSE,approve_none_insufficient_evidence
036c3ae5333adc1ba3c4707007c63add1833d3797ca7c53d660eef2bc31b3f63,raw,Ulex parviflorus,Leaf Area,38,2,6,0,6,0,review_submission_csv:1553,taxon_outlier;source_review,pending_submitted_note,agent_unparsed_exclusion_instruction,FALSE,approve_none_insufficient_evidence
e3ee6f9c13d1fba86cb1d4a6b64b85e18761aa8818d55ee0913c5f6d2d2cbff1,raw,Vaccinium angustifolium,Leaf Area,53,2,3,0,6,0,review_submission_csv:1684,taxon_outlier;source_review,pending_submitted_note,pending_submitted_note,FALSE,approve_none_insufficient_evidence
1be026946cc216228d33b162acbcae21c566e6478e79e048ef966a1550ee5588,raw,Vaccinium myrtilloides,Leaf Area,30,3,8,0,5,0,review_submission_csv:1559,taxon_outlier;source_review,pending_submitted_note,pending_submitted_note,FALSE,approve_none_insufficient_evidence
0072924bae7f08143f295bb33105229f4ac7cb14cdd1f0359902b68b1a1c08aa,raw,Vaccinium myrtillus,Leaf Area,204,4,78,0,17,0,review_submission_csv:1774,taxon_outlier;source_review,pending_submitted_note,agent_threshold_rule_not_corroborated,FALSE,approve_none_insufficient_evidence
a504c5b8ac8a1fc8345e868e2637d559190ef568a207698075dc365685505cbe,raw,Valeriana collina,Leaf Area,10,1,1,10,2,0,review_submission_csv:1644,domain_outlier;taxon_outlier;source_review,pending_submitted_note,pending_submitted_note,FALSE,approve_none_insufficient_evidence
63f07b31f2a8ce961d62171d82fe48672b3522a1437db1b370c00b1b486a1d13,raw,Veratrum album,Leaf Area,20,2,3,20,4,0,,domain_outlier;taxon_outlier,pending_unresolved_evidence,pending_unresolved_evidence,FALSE,approve_none_insufficient_evidence
c3dc26ce36054376736f33f201aec754a2ca4de60613a614faf7b6bc15266212,raw,Verbascum thapsus,Leaf Area,28,2,5,0,4,0,review_submission_csv:1607,taxon_outlier;source_review,pending_submitted_note,pending_submitted_note,FALSE,approve_none_insufficient_evidence
a910d5fd4870608c6426f29cdba5a947ddfd00b527ef7c48fa300c43f3e74d27,raw,Verbena bracteata,Leaf Area,12,1,2,0,3,0,review_submission_csv:1525,taxon_outlier;source_review,pending_submitted_note,pending_submitted_note,FALSE,approve_none_insufficient_evidence
7c3040f5dfdac46f49856d022462ede5bef4d040ed2faee4b8693c838ec26e2f,raw,Veronica chamaedrys,Leaf Area,101,2,51,38,10,0,review_submission_csv:1655,domain_outlier;taxon_outlier;source_review,pending_submitted_note,pending_submitted_note,FALSE,approve_none_insufficient_evidence
82d1e897ab123924f5ca2605a585e878c88e570d46278c9f84478eb9e6907f6c,raw,Veronica serpyllifolia,Leaf Area,27,1,3,0,3,0,review_submission_csv:1762,taxon_outlier;source_review,pending_submitted_note,pending_submitted_note,FALSE,approve_none_insufficient_evidence
ef92e7bb265a41ecbe5e6c823a483ce80e1cbc09082a26427ae1a9c73419f5b0,raw,Veronicastrum virginicum,Leaf Area,19,1,3,0,3,0,review_submission_csv:1648,taxon_outlier;source_review,pending_submitted_note,pending_submitted_note,FALSE,approve_none_insufficient_evidence
49c395e9166c1ae03571a5b565fb119902b909b10023df821c94a66a394f5c56,raw,Vicia americana,Leaf Area,27,2,4,0,4,0,review_submission_csv:1602,taxon_outlier;source_review,pending_submitted_note,pending_submitted_note,FALSE,approve_none_insufficient_evidence
e500ba3d73d7a26524bdd3d80b0b359d1cce5ba631c656e20733d2b2fedea517,raw,Vicia cracca,Leaf Area,18,1,4,0,2,0,review_submission_csv:1805,taxon_outlier;source_review,pending_submitted_note,propose_scale_validated_threshold,TRUE,pending_objective_scale_evidence
99eb237e14c4b793bed8128e28fc4c4d4e7a1974df9572da92737acec59ecc1d,raw,Viola adunca,Leaf Area,17,1,2,0,5,0,review_submission_csv:1055,taxon_outlier;source_review,agent_recovered_rule,,FALSE,approve_none_insufficient_evidence
43246ec27994fe7e39668af49a428627d68ceb4fcaab16becd14a6c34fbe252f,raw,Viola canadensis,Leaf Area,20,1,1,0,4,0,review_submission_csv:1541,taxon_outlier;source_review,pending_submitted_note,pending_submitted_note,FALSE,approve_none_insufficient_evidence
d86466db7696605ed420510664063db5f3799d8dfad5659131dee76603b20adb,raw,Viola canina subsp. montana,Leaf Area,10,1,1,0,2,0,review_submission_csv:1645,taxon_outlier;source_review,pending_submitted_note,pending_submitted_note,FALSE,approve_none_insufficient_evidence
e686c0965c0b25c06df7544f4e8002e590e6e13b1e9f795c6ce2eb3549848f16,raw,Viola pedata,Leaf Area,19,1,2,0,4,0,review_submission_csv:1529,taxon_outlier;source_review,pending_submitted_note,pending_submitted_note,FALSE,approve_none_insufficient_evidence
cd46f2d259e55c33b6d3c06d0ea6c5cc6916e56aa87ab7e91c203ef98965400c,raw,Viola praemorsa,Leaf Area,21,1,1,0,2,0,review_submission_csv:1838,taxon_outlier;source_review,pending_submitted_note,pending_submitted_note,FALSE,approve_none_insufficient_evidence
ad7b9e3b26114fe2f7f4768c5bf2283a3ba8083f54d5060500060eec766e4404,raw,Viola reichenbachiana,Leaf Area,150,1,15,4,12,0,review_submission_csv:1739,domain_outlier;taxon_outlier;source_review,pending_submitted_note,agent_unparsed_exclusion_instruction,FALSE,approve_none_insufficient_evidence
58a25d8f217b8f6ec5d588cd8ed9a99ad58227112e023a020ab36da1e4769d44,raw,Viola rupestris,Leaf Area,13,1,4,6,2,0,review_submission_csv:1735,domain_outlier;taxon_outlier;source_review,pending_submitted_note,pending_submitted_note,FALSE,approve_none_insufficient_evidence
0108fb9e46bdeb5fc234f80af37ff20fa58c76d4febe4ed179614292cd4d5635,raw,Vulpia bromoides,Leaf Area,99,1,1,0,10,0,review_submission_csv:1651,taxon_outlier;source_review,pending_submitted_note,pending_submitted_note,FALSE,approve_none_insufficient_evidence
b07f6c116bae168f1f752b0722d5ec110946058a7ff19c3b577b5e349f8e720d,raw,Weigela florida,Leaf Area,29,1,1,0,5,0,review_submission_csv:1548,taxon_outlier;source_review,pending_submitted_note,pending_submitted_note,FALSE,approve_none_insufficient_evidence
ad9389ab74f5fabb260ec4a3210ca26e14c47b2d772d1c0a5cb57dbd16d34937,raw,Xanthium strumarium,Leaf Area,35,2,6,5,5,0,review_submission_csv:1597,domain_outlier;taxon_outlier;source_review,pending_submitted_note,agent_threshold_rule_not_corroborated,FALSE,approve_none_insufficient_evidence
990dad2ca513ab0fed6dab7c44a61f73e2443a1e92382657a61413a8b86bc805,raw,Zanthoxylum americanum,Leaf Area,22,1,2,0,3,0,review_submission_csv:1700,taxon_outlier;source_review,pending_submitted_note,pending_submitted_note,FALSE,approve_none_insufficient_evidence
3f1dfd1e010c9ee923169428139387b165663d390d8b80b3b7a3c54e60432c38,raw,Abies alba,Leaf mass per area,120,3,39,4,16,0,,domain_outlier;taxon_outlier,pending_unresolved_evidence,pending_unresolved_evidence,FALSE,approve_none_insufficient_evidence
46adc23f930985ae65ca10dba7e18d0d6bca14229e20cf42058de0fe3e61e183,raw,Ailanthus altissima,Leaf mass per area,113,3,5,0,11,0,,taxon_outlier,agent_repeated_source_pattern,,TRUE,pending_objective_scale_evidence
1a0e3b077e411d4ae74f2e0d87e3403939802f4ac413165c669dddbd9766379c,raw,Alnus glutinosa,Leaf mass per area,124,3,27,0,13,0,,taxon_outlier,pending_unresolved_evidence,pending_unresolved_evidence,FALSE,approve_none_insufficient_evidence
94f855ae80e041841153870c0e154024af38b5438575b1ea1f4ca657cd86e473,raw,Antennaria alpina,Leaf mass per area,42,1,6,5,7,0,,domain_outlier;taxon_outlier,agent_repeated_source_pattern,,TRUE,pending_objective_scale_evidence
d0ab51d9e2916b76e2abfe5e3ce91c2698be2c6d9e4e3f8708fea25d30276f80,raw,Antennaria sp,Leaf mass per area,29,1,1,29,1,0,,domain_outlier;taxon_outlier,pending_unresolved_evidence,pending_unresolved_evidence,FALSE,approve_none_insufficient_evidence
fac4b9dfbb743a9a18a8c1b5e89e1f762972ae1dcca044ee2a1b57088f5d9a64,raw,Anthyllis cornicina,Leaf mass per area,66,2,2,0,7,0,,taxon_outlier,agent_repeated_source_pattern,,TRUE,pending_objective_scale_evidence
2a9a21fd8b3d890c089bd06737957176a36a16e80d344154b5d5c4670691b248,raw,Betula lenta,Leaf mass per area,20,1,11,0,2,0,,taxon_outlier,pending_isolated_source_pattern,agent_strong_isolated_source_pattern,TRUE,pending_objective_scale_evidence
51070f1442c5b6c3903d7525ab3ae889dca8c47955025c7026215aa550d97e63,raw,Campanula barbata,Leaf mass per area,12,1,3,11,3,0,,domain_outlier;taxon_outlier,pending_isolated_source_pattern,agent_strong_isolated_source_pattern,TRUE,pending_objective_scale_evidence
3a0f4742bdd6d39e88d89bf6e99d852ebb975266ffdfe18e9bbcd8022c5158e5,raw,Cardamine enneaphyllos,Leaf mass per area,40,2,3,0,2,0,,taxon_outlier,pending_isolated_source_pattern,agent_strong_isolated_source_pattern,TRUE,pending_objective_scale_evidence
ff2e31289393ed3cf3d545e733e35f3fae2427adda0ba3cf0bfa9d89b35d519a,raw,Carex capillaris,Leaf mass per area,11,1,2,0,1,0,,taxon_outlier,pending_isolated_source_pattern,agent_strong_isolated_source_pattern,TRUE,pending_objective_scale_evidence
e17438daad2b53a6f24ad545fb1e9d1d69fc844623ffed95546039e38b13bc74,raw,Carex engelmannii,Leaf mass per area,21,2,3,0,1,0,,taxon_outlier,pending_isolated_source_pattern,agent_strong_isolated_source_pattern,TRUE,pending_objective_scale_evidence
20cebfade122455eb50393ed8f46278ececc49812ad5ead05355dbfe6459621e,raw,Carya texana,Leaf mass per area,150,3,3,0,7,0,,taxon_outlier,agent_repeated_source_pattern,,TRUE,pending_objective_scale_evidence
be2053049d0256db87e1ec42d4a32149793055500cd1f86b921c2b08bcaee639,raw,Centaurea nigra,Leaf mass per area,20,2,6,0,4,0,,taxon_outlier,pending_isolated_source_pattern,agent_strong_isolated_source_pattern,TRUE,pending_objective_scale_evidence
904bce241524520f15f7abc4b49e9dea6735c40cab874db0112ba2d3b10c2eb0,raw,Chionophila jamesii,Leaf mass per area,12,1,3,0,3,0,,taxon_outlier,agent_repeated_source_pattern,,TRUE,pending_objective_scale_evidence
101418b6c302b06db71bad0c592b5627ade01831b88372545ca9ab5db3cfbcf2,raw,Chrysothamnus parryi,Leaf mass per area,27,2,3,0,2,0,,taxon_outlier,agent_repeated_source_pattern,,TRUE,pending_objective_scale_evidence
a8b856a2e5017d81279ce17b86c4ad9e9ae6134024524a9bf64dda5375b1c004,raw,Corydalis caseana,Leaf mass per area,27,2,3,0,3,0,,taxon_outlier,pending_isolated_source_pattern,agent_strong_isolated_source_pattern,TRUE,pending_objective_scale_evidence
8b76e2dab94ca2dcbf5f856dad1e256a0cce0c29a6f458da293a288f20fdbdc7,raw,Crepis biennis,Leaf mass per area,97,1,3,12,17,0,,domain_outlier;taxon_outlier,pending_isolated_source_pattern,agent_strong_isolated_source_pattern,TRUE,pending_objective_scale_evidence
e2ef71ee2fd0046dc00c00fb73e5ffe24fa727cd590a97e0e011dd6d715f88ff,raw,Crepis occidentalis,Leaf mass per area,27,2,3,0,3,0,,taxon_outlier,pending_isolated_source_pattern,agent_strong_isolated_source_pattern,TRUE,pending_objective_scale_evidence
eb3b28f676b4e0c20b1c13e79b409c9b4ee6ca5901914805e83ae363948801f2,raw,Diospyros virginiana,Leaf mass per area,172,3,13,0,2,0,,taxon_outlier,agent_repeated_source_pattern,,TRUE,pending_objective_scale_evidence
05fcdcb3a0d22ad161f60fed1938a48ece23384cb76197ccc7c24156d78acdfb,raw,Draba streptocarpa,Leaf mass per area,11,1,2,10,3,0,,domain_outlier;taxon_outlier,agent_repeated_source_pattern,,TRUE,pending_objective_scale_evidence
1d07e3e3daa4dcb117970a9c8d09674b71a8a57628398812ae7fb352c516e6f9,raw,Echinacea purpurea,Leaf mass per area,25,3,7,0,5,0,,taxon_outlier,pending_isolated_source_pattern,agent_strong_isolated_source_pattern,TRUE,pending_objective_scale_evidence
1a7867d93bce05880a3bbd7bd87e24e2f00d63db26b71e4440172e85c2072a37,raw,Elymus scribneri,Leaf mass per area,12,1,3,8,1,0,,domain_outlier;taxon_outlier,agent_repeated_source_pattern,,TRUE,pending_objective_scale_evidence
e6e4a911452dfbee69802acb126c9f4381e505fcd59bfa7c6f0be8df7552f623,raw,Erica scoparia,Leaf mass per area,55,1,8,26,8,0,,domain_outlier;taxon_outlier,pending_isolated_source_pattern,agent_strong_isolated_source_pattern,TRUE,pending_objective_scale_evidence
81546cde458881a4dd000542fff7743d5e93b1a82b8887ab10e98a19244468c1,raw,Erigeron melanocephalus,Leaf mass per area,10,1,3,0,3,0,,taxon_outlier,agent_repeated_source_pattern,,TRUE,pending_objective_scale_evidence
ddbea6cb4c58fd21832938c6d025109524afe0bf7c0c49329e27340c1aaf298e,raw,Eriogonum umbellatum,Leaf mass per area,27,2,3,0,1,0,,taxon_outlier,agent_repeated_source_pattern,,TRUE,pending_objective_scale_evidence
54822fbcb1d2c49c5b4d77453618a35cea196ecd5fad3a726382c2cb76b56854,raw,Erysimum odoratum,Leaf mass per area,12,2,3,0,2,0,,taxon_outlier,pending_isolated_source_pattern,agent_strong_isolated_source_pattern,TRUE,pending_objective_scale_evidence
ca78aa9660a463054bedb1f0c81ef7b3a0ac5918f69609a0c58128eaaf08b2a8,raw,Fagus sylvatica,Leaf mass per area,1817,3,133,0,327,0,,taxon_outlier,pending_unresolved_evidence,pending_unresolved_evidence,FALSE,approve_none_insufficient_evidence
5eca5b057ddbac75de060909e2444e31bf0a954c442ac4e4770f6557d2232959,raw,Festuca vivipara,Leaf mass per area,18,1,3,0,3,0,,taxon_outlier,pending_isolated_source_pattern,agent_strong_isolated_source_pattern,TRUE,pending_objective_scale_evidence
ef97ce8e411f1b44c3cc200dd7474fad15921ea88c6c9ad74debc07d90eeed6e,raw,Fragaria virginiana,Leaf mass per area,108,3,16,29,8,0,,domain_outlier;taxon_outlier,pending_unresolved_evidence,pending_unresolved_evidence,FALSE,approve_none_insufficient_evidence
fd77f5926fed08b8a11d9ded5d2de8f50fe2be0ad599ce4a1b49444010b8667f,raw,Frangula caroliniana,Leaf mass per area,384,3,3,0,10,0,,taxon_outlier,agent_repeated_source_pattern,,TRUE,pending_objective_scale_evidence
51f6cbdcdb9cdddca2fb0fdbe30f5588a4049ada439a3e3c186e2b0a48214140,raw,Gaylussacia baccata,Leaf mass per area,10,2,10,0,1,0,,taxon_outlier,pending_isolated_source_pattern,agent_strong_isolated_source_pattern,TRUE,pending_objective_scale_evidence
dbff314d28520332103e27c3032b8365703a32e0e5eb23ced5d27faaa1fa1269,raw,Gentianella amarella,Leaf mass per area,16,1,3,0,4,0,,taxon_outlier,agent_repeated_source_pattern,,TRUE,pending_objective_scale_evidence
fde57c865b041ffc622d9cc92565c2716392781da8f1c3172ba81a04b0b6d1ca,raw,Gymnadenia conopsea,Leaf mass per area,13,2,3,0,2,0,,taxon_outlier,pending_isolated_source_pattern,agent_strong_isolated_source_pattern,TRUE,pending_objective_scale_evidence
5f478a4c9a33f6292668ffaa5012020ded65e96d0392decc6b1c2e43ca82ba69,raw,Gypsophila fastigiata,Leaf mass per area,13,2,4,0,1,0,,taxon_outlier,pending_isolated_source_pattern,agent_strong_isolated_source_pattern,TRUE,pending_objective_scale_evidence
130905fe118a8df5465f2c5c3b71b24020e8d9d917ae2edf358b752be7cb8f8e,raw,Hieracium graciliusculum,Leaf mass per area,13,1,2,0,4,0,,taxon_outlier,agent_repeated_source_pattern,,TRUE,pending_objective_scale_evidence
8be261052d6b26004670036ebd48fdb5dbf128520ad6b558217617d3b4126b06,raw,Hormathophylla lapeyrousiana,Leaf mass per area,22,1,4,2,2,0,,domain_outlier;taxon_outlier,pending_isolated_source_pattern,agent_strong_isolated_source_pattern,TRUE,pending_objective_scale_evidence
831a74ed684b798c87ffaa3418c60ae600fc15938daadd7fb49d0c09b74b50cf,raw,Hydrophyllum capitatum,Leaf mass per area,27,2,3,0,1,0,,taxon_outlier,pending_isolated_source_pattern,agent_strong_isolated_source_pattern,TRUE,pending_objective_scale_evidence
bb4f69a47d853d9537005838b7c8c57adb7c7b3614c278f46ab64841fcd4102e,raw,Juncus effusus,Leaf mass per area,26,2,10,2,4,0,,domain_outlier;taxon_outlier,pending_isolated_source_pattern,agent_strong_isolated_source_pattern,TRUE,pending_objective_scale_evidence
99156f8decc9e0d3aec731380e45f1ac945c3762003a4c270ca4e616af7ac309,raw,Lactuca saligna,Leaf mass per area,11,1,2,0,1,0,,taxon_outlier,pending_isolated_source_pattern,agent_strong_isolated_source_pattern,TRUE,pending_objective_scale_evidence
74e6594e4feb98b1c410e59dc22d72979a6acec1d5a1fd90d1d32413d6928306,raw,Lathyrus lanszwertii,Leaf mass per area,27,2,3,0,2,0,,taxon_outlier,agent_repeated_source_pattern,,TRUE,pending_objective_scale_evidence
670c6b32412c3405618e16cc790d82e9482ee8c52472e586908ac468365afeab,raw,Lonicera involucrata,Leaf mass per area,35,2,11,0,7,0,,taxon_outlier,pending_isolated_source_pattern,agent_strong_isolated_source_pattern,TRUE,pending_objective_scale_evidence
3a4e216a674bb36c43da9ad69e4cef2e8597d9fbecc28935b6d9287ce78ab4b9,raw,Lonicera maackii,Leaf mass per area,231,3,5,0,16,0,,taxon_outlier,agent_repeated_source_pattern,,TRUE,pending_objective_scale_evidence
11a0d1c25ee56dff6f5780eca2e69e7f4b92a2d63a3fc49f30109ea0c9f97586,raw,Lupinus bicolor,Leaf mass per area,61,2,5,0,3,0,,taxon_outlier,pending_isolated_source_pattern,agent_strong_isolated_source_pattern,TRUE,pending_objective_scale_evidence
abfa0ea2a317aa37a1327f465764d7d9fd1727a516a4fb75c45d5e708f85e002,raw,Magnolia fraseri,Leaf mass per area,11,2,11,0,1,0,,taxon_outlier,pending_isolated_source_pattern,agent_strong_isolated_source_pattern,TRUE,pending_objective_scale_evidence
d1e15c33fa7fce01a3f9aeedd7b72626a01f5949055e50757573c21233cc4145,raw,Matteuccia struthiopteris,Leaf mass per area,11,2,8,0,1,0,,taxon_outlier,pending_isolated_source_pattern,agent_strong_isolated_source_pattern,TRUE,pending_objective_scale_evidence
7c011625a6b3728e40a9174dd882d25d48e3c7c8d6168f6d267e5d6f637930a5,raw,Misopates orontium,Leaf mass per area,103,3,4,1,15,0,,domain_outlier;taxon_outlier,pending_unresolved_evidence,pending_unresolved_evidence,FALSE,approve_none_insufficient_evidence
be1ca072912ce682fa56755a31ace58fec7dd27c060bbd103672c259d2323bd4,raw,Packera cana,Leaf mass per area,12,1,3,10,2,0,,domain_outlier;taxon_outlier,agent_repeated_source_pattern,,TRUE,pending_objective_scale_evidence
f81348bed444ec654f89cb1865c093aea377932463887971fc51372a59be4f50,raw,Pedicularis parryi,Leaf mass per area,12,1,3,1,3,0,,domain_outlier;taxon_outlier,agent_repeated_source_pattern,,TRUE,pending_objective_scale_evidence
d16130c8cda273f55cfd94b3fa30b20413fe1e398f66b2eb39631f22d2f5d83f,raw,Pediomelum tenuiflorum,Leaf mass per area,71,2,54,0,18,0,,taxon_outlier,pending_isolated_source_pattern,agent_strong_isolated_source_pattern,TRUE,pending_objective_scale_evidence
01ba63c0c701ceb0b5fabffaca09fd8eb876935640717ad11dece3586ac51737,raw,Phagnalon saxatile,Leaf mass per area,23,1,5,1,3,0,,domain_outlier;taxon_outlier,pending_isolated_source_pattern,agent_strong_isolated_source_pattern,TRUE,pending_objective_scale_evidence
ccec9e1c77d76ac392854fe04ff35f2efdd6270e20f5b8bc3c423f4c57cf97dd,raw,Phlomis purpurea,Leaf mass per area,35,2,6,0,3,0,,taxon_outlier,pending_isolated_source_pattern,agent_strong_isolated_source_pattern,TRUE,pending_objective_scale_evidence
adf037cb0e86fef8e39a023ea60eb597cfcd9362c3ab4e93b6a2d1a2ac62e0d8,raw,Phlox sibirica,Leaf mass per area,11,1,2,10,2,0,,domain_outlier;taxon_outlier,agent_repeated_source_pattern,,TRUE,pending_objective_scale_evidence
99129e7fddadffc6e957d507d154e8834099d7f926c49eed253319854b1f20c1,raw,Pilosella caespitosa,Leaf mass per area,15,2,4,0,3,0,,taxon_outlier,pending_isolated_source_pattern,agent_strong_isolated_source_pattern,TRUE,pending_objective_scale_evidence
4d7cd2e080ca619470fac05b5ced321d44bd35ebd80843f735b2d34bbba42917,raw,Pinus palustris,Leaf mass per area,28,3,14,3,6,0,,domain_outlier;taxon_outlier,pending_isolated_source_pattern,agent_strong_isolated_source_pattern,TRUE,pending_objective_scale_evidence
e09b6f0e71dc8022d9cb0c2dfd16122168ff47925bd0ff9784f4511ea739ab1c,raw,Pinus sylvestris,Leaf mass per area,821,3,298,58,179,0,,domain_outlier;taxon_outlier,pending_unresolved_evidence,pending_unresolved_evidence,FALSE,approve_none_insufficient_evidence
7c83ace3ea27ea32d61fd78bf693ded3be7ab1931dae2f77529d9c827f78fc38,raw,Podospermum laciniatum subsp. decumbens,Leaf mass per area,11,1,2,0,2,0,,taxon_outlier,pending_isolated_source_pattern,agent_strong_isolated_source_pattern,TRUE,pending_objective_scale_evidence
10bc6ca578b1d8192b7ca0c757f8943a63ca2922a52cfe4debe7a3a528700dcc,raw,Populus sp,Leaf mass per area,32,1,4,0,1,0,,taxon_outlier,pending_isolated_source_pattern,agent_strong_isolated_source_pattern,TRUE,pending_objective_scale_evidence
81cf1d6025eab6a2f55f310cad9679b40a38c8d36b1a1ecadc6f3dc98a77a9b1,raw,Potentilla diversifolia,Leaf mass per area,35,1,3,3,9,0,,domain_outlier;taxon_outlier,agent_repeated_source_pattern,,TRUE,pending_objective_scale_evidence
089fcd6a21f78f059f664741e73d3275f105b09da042c2dde18e2b62822637a5,raw,Potentilla indica,Leaf mass per area,50,1,3,0,16,0,,taxon_outlier,pending_isolated_source_pattern,agent_strong_isolated_source_pattern,TRUE,pending_objective_scale_evidence
ce1d1264df7f4fa7a7d642cb6be8eb5687c07de3349ac38bc0474474f0bad65d,raw,Primula angustifolia,Leaf mass per area,12,1,3,10,3,0,,domain_outlier;taxon_outlier,agent_repeated_source_pattern,,TRUE,pending_objective_scale_evidence
be32f474d01b290feab992e352d00eddfb250aadc3a338ac3fa6dbc7440e0e7d,raw,Primula glutinosa,Leaf mass per area,47,2,5,0,2,0,,taxon_outlier,pending_isolated_source_pattern,agent_strong_isolated_source_pattern,TRUE,pending_objective_scale_evidence
3c967fb38538e32cd6c272df74e013266a1e5f02a49bb9fd16888b69c63ecb48,raw,Quercus marilandica,Leaf mass per area,89,3,10,0,1,0,,taxon_outlier,agent_repeated_source_pattern,,TRUE,pending_objective_scale_evidence
3379e940290ea70d2072af599b4f314123db6c7260c441ba2a952aa59436e56a,raw,Quercus petraea,Leaf mass per area,838,2,37,5,128,0,,domain_outlier;taxon_outlier,pending_unresolved_evidence,pending_unresolved_evidence,FALSE,approve_none_insufficient_evidence
ad20db8c021932ddf734eb0aa71e4721e794481f5c14c86aababb1b147d41c03,raw,Quercus robur,Leaf mass per area,256,3,60,68,1,0,,domain_outlier;taxon_outlier,pending_unresolved_evidence,pending_unresolved_evidence,FALSE,approve_none_insufficient_evidence
e21ec8dcb416247fd07d31a36b71cefdadb8eb906f127da5563978973a34e192,raw,Ranunculus adoneus,Leaf mass per area,12,1,3,0,3,0,,taxon_outlier,agent_repeated_source_pattern,,TRUE,pending_objective_scale_evidence
47f9df29cdf9fc6831cd18c46f26402ac3ba8a85ae608e8771580047e63c4a9e,raw,Ranunculus peltatus,Leaf mass per area,12,1,2,0,3,0,,taxon_outlier,pending_isolated_source_pattern,agent_strong_isolated_source_pattern,TRUE,pending_objective_scale_evidence
af19d9ce8fe2600c19529f309505f5f50c001de48687d0dc13dbb2d1c14d63c6,raw,Rubus ursinus,Leaf mass per area,34,2,5,0,6,0,,taxon_outlier,pending_isolated_source_pattern,agent_strong_isolated_source_pattern,TRUE,pending_objective_scale_evidence
90465fdd9b3e12c58883fccbdd13bb4b9df65748c866477a79cb6eb25547b2e9,raw,Salvia pratensis,Leaf mass per area,10,2,3,0,1,0,,taxon_outlier,pending_isolated_source_pattern,agent_strong_isolated_source_pattern,TRUE,pending_objective_scale_evidence
1f311b6f2727a2e2404a5ddd36e4bc0304e2f49385ae51da7c205c1f5d32db17,raw,Sidalcea malviflora,Leaf mass per area,102,1,1,0,8,0,,taxon_outlier,pending_unresolved_evidence,pending_unresolved_evidence,FALSE,approve_none_insufficient_evidence
83b2d4fb55848089111e4102aaa71e94dd7c1a469d9682a2bdb51c47d1f37663,raw,Sideroxylon lanuginosum,Leaf mass per area,36,3,3,0,2,0,,taxon_outlier,agent_repeated_source_pattern,,TRUE,pending_objective_scale_evidence
0ef9f517840227bac14f8c4fd6366c2665d46dcb369c768071c9210cd41fe94e,raw,Silene vulgaris,Leaf mass per area,86,2,11,17,18,0,,domain_outlier;taxon_outlier,pending_isolated_source_pattern,agent_strong_isolated_source_pattern,TRUE,pending_objective_scale_evidence
489fc2cb428189a7a1e70d8093abb87b4ed8ae8fa6a3bbd9155d36877e90c935,raw,Simmondsia chinensis,Leaf mass per area,82,2,4,11,11,0,,domain_outlier;taxon_outlier,pending_isolated_source_pattern,agent_strong_isolated_source_pattern,TRUE,pending_objective_scale_evidence
ebb1cd7c21254e2abdeee8e9374877c6d41c081d88f7e1daa489a5b799688850,raw,Sisymbrium cavanillesianum,Leaf mass per area,11,2,2,0,2,0,,taxon_outlier,agent_repeated_source_pattern,,TRUE,pending_objective_scale_evidence
18d0eab6ce05c24f688986e7a7a2eee0618c30458bc4617415520815f3c9ed2f,raw,Sisymbrium officinale,Leaf mass per area,10,2,2,0,2,0,,taxon_outlier,agent_repeated_source_pattern,,TRUE,pending_objective_scale_evidence
2a0878e5ce264b81babcab582b0c101cb54acf8b4a516b25d6f791e1e3fcc440,raw,Solanum dulcamara,Leaf mass per area,64,2,9,0,9,0,,taxon_outlier,pending_isolated_source_pattern,agent_strong_isolated_source_pattern,TRUE,pending_objective_scale_evidence
ed966ce5d5739e547c6a830ac87e5c7724a0b99b5aef6db5d5c58f2cc27e1dc0,raw,Solidago spathulata,Leaf mass per area,30,1,3,1,5,0,,domain_outlier;taxon_outlier,agent_repeated_source_pattern,,TRUE,pending_objective_scale_evidence
43a19ac6f0935edc146db3da4f1d6992e649dc9800089e4499ece544ad641146,raw,Sorbus aucuparia,Leaf mass per area,113,2,20,0,26,0,,taxon_outlier,pending_isolated_source_pattern,agent_strong_isolated_source_pattern,TRUE,pending_objective_scale_evidence
dd742c9c0a80eb40b162138dccfe3065df9f3419edaeaf88432afd97cda82178,raw,Sorbus domestica,Leaf mass per area,121,2,2,7,9,0,,domain_outlier;taxon_outlier,pending_isolated_source_pattern,agent_strong_isolated_source_pattern,TRUE,pending_objective_scale_evidence
3499379ae30eae529140f56ec952531af142e7a97b637717883f0713875f5968,raw,Sorghum halepense,Leaf mass per area,11,2,3,0,1,0,,taxon_outlier,pending_isolated_source_pattern,agent_strong_isolated_source_pattern,TRUE,pending_objective_scale_evidence
0ce2531158b5424b787842b800bc3871b261ea69b78ebb11e0e69d022edc54cf,raw,Symphoricarpos albus,Leaf mass per area,10,3,4,0,2,0,,taxon_outlier,pending_isolated_source_pattern,agent_strong_isolated_source_pattern,TRUE,pending_objective_scale_evidence
718f43445526a2292221823c1b758438c634037baee1af5be3ae088d1a82a6b3,raw,Taraxacum campylodes,Leaf mass per area,565,2,68,28,47,0,,domain_outlier;taxon_outlier,pending_unresolved_evidence,pending_unresolved_evidence,FALSE,approve_none_insufficient_evidence
324a9e481c91e6065ccb5a76242d67752ca4da0feb2c325801a6439b07e3676c,raw,Tilia platyphyllos,Leaf mass per area,12,2,3,0,2,0,,taxon_outlier,pending_isolated_source_pattern,agent_strong_isolated_source_pattern,TRUE,pending_objective_scale_evidence
7cf1274699a995e7478a78e1c5efa377ff1b71a4abbbe0e38586dc9891844139,raw,Tragopogon dubius,Leaf mass per area,26,1,8,0,2,0,,taxon_outlier,pending_isolated_source_pattern,agent_strong_isolated_source_pattern,TRUE,pending_objective_scale_evidence
fddc658f43d1011821b86a9f027ed852a39030c2f47a4d668518c07bf073c3fb,raw,Tribulus terrestris,Leaf mass per area,11,2,2,0,3,0,,taxon_outlier,pending_isolated_source_pattern,agent_strong_isolated_source_pattern,TRUE,pending_objective_scale_evidence
cd240e8a38d5ccf02abd49aa983c6498540b519e801a0330e5d61a0930980bb1,raw,Trifolium micranthum,Leaf mass per area,17,2,4,0,4,0,,taxon_outlier,agent_repeated_source_pattern,,TRUE,pending_objective_scale_evidence
20267020832c7cc8209f920e7de4252f14834997cd9366eb934adc626d9d2722,raw,Trifolium subterraneum,Leaf mass per area,21,2,6,0,1,0,,taxon_outlier,agent_repeated_source_pattern,,TRUE,pending_objective_scale_evidence
88c2b2be1ccb9e5e5efac9255dde444f45662f1026a3e2ca066d47218102f7b5,raw,Viburnum lantana,Leaf mass per area,68,1,3,0,4,0,,taxon_outlier,pending_isolated_source_pattern,agent_strong_isolated_source_pattern,TRUE,pending_objective_scale_evidence
41365842360e76d754c8160dccb84eff143c22d2ce32c35dfcd5d0a4d0986a02,raw,Viburnum rufidulum,Leaf mass per area,199,3,5,0,28,0,,taxon_outlier,agent_repeated_source_pattern,,TRUE,pending_objective_scale_evidence
96e677e2a22c69bc5041cd5145d9bf4acb295330d167fabe9bb8d48c2c3cf437,raw,Vicia lathyroides,Leaf mass per area,12,2,3,0,3,0,,taxon_outlier,agent_repeated_source_pattern,,TRUE,pending_objective_scale_evidence
1cd51f31c108076724951e8b372f67bb3a1fc24b6d0666e0f3ba03b8b2bff9ad,raw,Abies alba,Leaf nitrogen content per unit mass,54,2,52,2,8,0,review_submission_csv:1153,domain_outlier;taxon_outlier;source_review,pending_isolated_source_pattern,propose_scale_validated_threshold,TRUE,pending_objective_scale_evidence
6e11735cc6f2f5690b2c19f6728f2166caca74fbd2af0e3f11340fdc62a02453,raw,Abies amabilis,Leaf nitrogen content per unit mass,14,2,5,0,2,0,review_submission_csv:1287,taxon_outlier;source_review,pending_isolated_source_pattern,propose_scale_validated_threshold,TRUE,pending_objective_scale_evidence
f630c619c683562beae0922b523884459b0f20a00a0a35960e1b8e1787c0bc7f,raw,Abies balsamea,Leaf nitrogen content per unit mass,343,1,55,0,23,0,review_submission_csv:1284,taxon_outlier;source_review,pending_submitted_note,propose_scale_validated_threshold,TRUE,pending_objective_scale_evidence
43cda2b305e7230ccd30ce929bec6798c8e06fa9cfe3a896aa7d063943a303a7,raw,Abies lasiocarpa,Leaf nitrogen content per unit mass,105,2,14,0,8,0,review_submission_csv:1310,taxon_outlier;source_review,pending_isolated_source_pattern,propose_scale_validated_threshold,TRUE,pending_objective_scale_evidence
33dda60a7d959f99a833459199ac51033b989141d61f03da45c71e95d5cda8a8,raw,Abies magnifica,Leaf nitrogen content per unit mass,15,1,3,8,3,0,review_submission_csv:1178,domain_outlier;taxon_outlier;source_review,pending_submitted_note,agent_unparsed_exclusion_instruction,FALSE,approve_none_insufficient_evidence
a227d6470ac8419955073a8223221aca4ac5237cdcdd3aa4f9423c24799310ff,raw,Acer campestre,Leaf nitrogen content per unit mass,29,2,16,6,6,0,review_submission_csv:1103,domain_outlier;taxon_outlier;source_review,pending_submitted_note,propose_scale_validated_threshold,TRUE,pending_objective_scale_evidence
859770e278070f82e6f153d9237f1de8356f7cf800c5807c2d97a0b45bb2ac75,raw,Acer granatense,Leaf nitrogen content per unit mass,31,1,2,29,3,0,review_submission_csv:1323,domain_outlier;taxon_outlier;source_review,pending_submitted_note,agent_unparsed_exclusion_instruction,FALSE,approve_none_insufficient_evidence
0b9cb226d688bc616346bf8b03a79f7cd1944be1fd0312c8e5694fc9d763cbcd,raw,Acer pensylvanicum,Leaf nitrogen content per unit mass,231,2,48,2,19,0,review_submission_csv:1253,domain_outlier;taxon_outlier;source_review,pending_submitted_note,propose_scale_validated_threshold,TRUE,pending_objective_scale_evidence
c2def49718101b3e556b58a97011a12eec7c4dcb27348536678cf97fc3c0e59f,raw,Acer platanoides,Leaf nitrogen content per unit mass,36,2,19,5,7,0,review_submission_csv:1105,domain_outlier;taxon_outlier;source_review,pending_submitted_note,propose_scale_validated_threshold,TRUE,pending_objective_scale_evidence
24ab523d83c67009bf2931df0593cf2f0649500a8fd0139c79e693339c29d60c,raw,Acer pseudoplatanus,Leaf nitrogen content per unit mass,49,2,18,9,12,0,review_submission_csv:974,domain_outlier;taxon_outlier;source_review,pending_submitted_note,propose_scale_validated_threshold,TRUE,pending_objective_scale_evidence
79e9d4822517098658c6ded0f46295067497c440f6a01eb1d938dcb2d375aa0e,raw,Acer rubrum,Leaf nitrogen content per unit mass,424,2,162,42,68,0,review_submission_csv:955,domain_outlier;taxon_outlier;source_review,pending_submitted_note,propose_scale_validated_threshold,TRUE,pending_objective_scale_evidence
94041fa6de6d3758598cf83bb6bda42e1faf4c7e3c14d9b0d199eda95e328be9,raw,Acer saccharum,Leaf nitrogen content per unit mass,509,2,136,20,101,0,review_submission_csv:933,domain_outlier;taxon_outlier;source_review,pending_isolated_source_pattern,propose_scale_validated_threshold,TRUE,pending_objective_scale_evidence
5721fc729521feca9994be3dcec35c04a4f847c1595fc877b99df13d76312b4d,raw,Acer spicatum,Leaf nitrogen content per unit mass,11,1,9,0,1,0,review_submission_csv:1361,taxon_outlier;source_review,pending_submitted_note,pending_submitted_note,FALSE,approve_none_insufficient_evidence
97105dee6faec7e5e16ddfa11384b478ceb2a251bd1cf2100ea4e2750f1eee36,raw,Achillea millefolium,Leaf nitrogen content per unit mass,259,2,79,80,10,0,review_submission_csv:1368,domain_outlier;taxon_outlier;source_review,pending_isolated_source_pattern,propose_scale_validated_threshold,TRUE,pending_objective_scale_evidence
35d2ae72bba34bbe0978d3695ca0f020188b81dbb912dbe6a43840099c9d3d6a,raw,Achnatherum hymenoides,Leaf nitrogen content per unit mass,67,1,5,0,2,0,review_submission_csv:1412,taxon_outlier;source_review,pending_submitted_note,pending_submitted_note,FALSE,approve_none_insufficient_evidence
38845e6f6d7e8a8c83415118727790bc2f0be8d010d01062d8f53dd816ed0e32,raw,Acmispon wrightii,Leaf nitrogen content per unit mass,10,1,2,0,4,0,review_submission_csv:959,taxon_outlier;source_review,pending_submitted_note,pending_submitted_note,FALSE,approve_none_insufficient_evidence
0a798e0eebd199e8bca8b055dc972b15a0b31e3dd84dcb081550545f46973561,raw,Aegopodium podagraria,Leaf nitrogen content per unit mass,12,1,6,1,1,0,review_submission_csv:1369,domain_outlier;taxon_outlier;source_review,pending_isolated_source_pattern,agent_threshold_rule_not_corroborated,FALSE,approve_none_insufficient_evidence
4d099e39a327605cd006c71b01a21c6486a788f2d8887f00ada646051a40d1e9,raw,Agrostis canina,Leaf nitrogen content per unit mass,15,1,6,1,4,0,review_submission_csv:1085,domain_outlier;taxon_outlier;source_review,pending_submitted_note,agent_unparsed_exclusion_instruction,FALSE,approve_none_insufficient_evidence
bc843a6434da12472abc72e1dd36717ff8b3cde05ab3dee4df35d6717706e134,raw,Agrostis capillaris,Leaf nitrogen content per unit mass,34,1,17,4,5,0,review_submission_csv:1190,domain_outlier;taxon_outlier;source_review,pending_submitted_note,pending_submitted_note,FALSE,approve_none_insufficient_evidence
3d91f0d00123fea029090a419ddfcae4a8ea68b3e289eb2b03688f4a3c3b569e,raw,Agrostis stolonifera,Leaf nitrogen content per unit mass,19,1,16,6,3,0,review_submission_csv:1234,domain_outlier;taxon_outlier;source_review,pending_submitted_note,propose_scale_validated_threshold,TRUE,pending_objective_scale_evidence
a68e946b486002394b46cefbd1b0fae39a5e2a90dd857ba9149bd6a9fe8f33d4,raw,Alnus glutinosa,Leaf nitrogen content per unit mass,37,2,19,7,13,0,review_submission_csv:932,domain_outlier;taxon_outlier;source_review,pending_submitted_note,propose_scale_validated_threshold,TRUE,pending_objective_scale_evidence
a865a7a132f120ac6baa589abbde70b26324f0bd7feaaf0f004d8e2567a1c053,raw,Alnus incana,Leaf nitrogen content per unit mass,59,2,29,15,15,0,review_submission_csv:946,domain_outlier;taxon_outlier;source_review,pending_submitted_note,propose_scale_validated_threshold,TRUE,pending_objective_scale_evidence
92f8b8fd791caa93b124eeca517cf4c70d5a6e82a5da9d55066054f8a6c84ed9,raw,Ambrosia dumosa,Leaf nitrogen content per unit mass,55,2,7,1,11,0,review_submission_csv:1014,domain_outlier;taxon_outlier;source_review,agent_recovered_rule,,FALSE,approve_none_insufficient_evidence
1c0a7260863c3fbc2f01640138c85197c0e46c00ae8570d5908aeb6c15461ce3,raw,Ambrosia psilostachya,Leaf nitrogen content per unit mass,55,1,6,1,4,0,review_submission_csv:1336,domain_outlier;taxon_outlier;source_review,agent_repeated_source_pattern,,TRUE,pending_objective_scale_evidence
c790ff235c1e0a6992a1c8ea8d97dbac620d76a73f3ed0e7b0fc6c2d705bf4e7,raw,Amorpha canescens,Leaf nitrogen content per unit mass,40,2,12,4,6,0,review_submission_csv:1177,domain_outlier;taxon_outlier;source_review,pending_submitted_note,pending_submitted_note,FALSE,approve_none_insufficient_evidence
702525f0c14a3d5427daf911de66abe21422059324d2b9d6c0e351c68ba57a2d,raw,Amphicarpaea bracteata,Leaf nitrogen content per unit mass,74,1,3,1,2,0,review_submission_csv:1425,domain_outlier;taxon_outlier;source_review,agent_repeated_source_pattern,,TRUE,pending_objective_scale_evidence
f9105b966b9961e9cd5723b6bdd50c7135b5d5e7180906cdd268c2ae569527e2,raw,Andromeda polifolia,Leaf nitrogen content per unit mass,32,1,11,6,3,0,review_submission_csv:1326,domain_outlier;taxon_outlier;source_review,pending_submitted_note,propose_scale_validated_threshold,TRUE,pending_objective_scale_evidence
d447776a257fd0de915b9f241af0fbbea49ea5b2fd251bb61ecc10b8be714781,raw,Andropogon gerardii,Leaf nitrogen content per unit mass,122,1,19,6,16,0,review_submission_csv:1135,domain_outlier;taxon_outlier;source_review,pending_submitted_note,propose_scale_validated_threshold,TRUE,pending_objective_scale_evidence
961a2322e1dedff0623465d81525eed5c4ad09e2e31db967e049734b1aed35f8,raw,Androsace septentrionalis,Leaf nitrogen content per unit mass,12,2,5,4,2,0,review_submission_csv:1262,domain_outlier;taxon_outlier;source_review,pending_submitted_note,propose_scale_validated_threshold,TRUE,pending_objective_scale_evidence
1556b2483e369ae70598dd81ba1a34da6760028ff0b52832c72f7ed8781e373e,raw,Anemone nemorosa,Leaf nitrogen content per unit mass,10,1,7,1,1,0,review_submission_csv:1348,domain_outlier;taxon_outlier;source_review,pending_submitted_note,agent_threshold_rule_not_corroborated,FALSE,approve_none_insufficient_evidence
85ca0d71b737339c95c9fcd5402e1632e90b0c59a0e87b2c22c6340b97dd8824,raw,Angelica archangelica,Leaf nitrogen content per unit mass,22,1,7,7,3,0,review_submission_csv:1259,domain_outlier;taxon_outlier;source_review,pending_submitted_note,propose_scale_validated_threshold,TRUE,pending_objective_scale_evidence
cc55c3848cc66980f57d1e0f32ca7200a22dfcbacdb43c6780b9ea9ac4c57b0f,raw,Angelica sylvestris,Leaf nitrogen content per unit mass,11,1,9,0,4,0,review_submission_csv:987,taxon_outlier;source_review,pending_submitted_note,pending_submitted_note,FALSE,approve_none_insufficient_evidence
63ee659b34bc4eef1822ec9952703a1fc386bd643987a85bce3b32b142ff1683,raw,Arbutus menziesii,Leaf nitrogen content per unit mass,19,2,11,4,4,0,review_submission_csv:1136,domain_outlier;taxon_outlier;source_review,pending_submitted_note,agent_threshold_rule_not_corroborated,FALSE,approve_none_insufficient_evidence
6f3ae045fc152f47e561b1c5fd1a3a3fbe5347fd31c2ecd2335e8fbb31c8eb4d,raw,Arbutus unedo,Leaf nitrogen content per unit mass,331,2,68,20,42,0,review_submission_csv:1086,domain_outlier;taxon_outlier;source_review,pending_submitted_note,propose_scale_validated_threshold,TRUE,pending_objective_scale_evidence
5b1d72f2aa335d8c2269eb6183571ca3f4630097059ce12b2cffa699406aa703,raw,Arenaria lanuginosa,Leaf nitrogen content per unit mass,10,1,8,0,2,0,review_submission_csv:1205,taxon_outlier;source_review,pending_submitted_note,pending_submitted_note,FALSE,approve_none_insufficient_evidence
9c5a559cfbda65f3a9d92a8b393e051576ef3824b596bf0acf509138da37da2a,raw,Arnica latifolia,Leaf nitrogen content per unit mass,11,1,1,0,2,0,review_submission_csv:1247,taxon_outlier;source_review,pending_submitted_note,pending_submitted_note,FALSE,approve_none_insufficient_evidence
08d765f272450f555c52379821422f3a89e24ed5b467569eacdd550927c7afe1,raw,Artemisia californica,Leaf nitrogen content per unit mass,24,2,5,1,3,0,review_submission_csv:1278,domain_outlier;taxon_outlier;source_review,pending_isolated_source_pattern,agent_threshold_rule_not_corroborated,FALSE,approve_none_insufficient_evidence
241b63c86cf266279459bfba10f523a76f5d00f25a3fc3cee54f5f2e82c91465,raw,Artemisia campestris,Leaf nitrogen content per unit mass,10,1,6,0,2,0,review_submission_csv:1206,taxon_outlier;source_review,pending_submitted_note,pending_submitted_note,FALSE,approve_none_insufficient_evidence
3bf6c646ee97323e7367db837435f3e0c87a42994191953c0cb7b335875836c6,raw,Artemisia dracunculus,Leaf nitrogen content per unit mass,11,1,3,0,4,0,review_submission_csv:988,taxon_outlier;source_review,pending_submitted_note,pending_submitted_note,FALSE,approve_none_insufficient_evidence
7d924b67b9c3ced5655f30097d3b137c81572575fce8d54b8e1bba4d53f28baf,raw,Artemisia ludoviciana,Leaf nitrogen content per unit mass,14,1,4,1,1,0,review_submission_csv:1386,domain_outlier;taxon_outlier;source_review,agent_repeated_source_pattern,,TRUE,pending_objective_scale_evidence
215fd830843c1bde16eaed216df667388d1cd923f209f9f142ace48888af61fe,raw,Artemisia sp,Leaf nitrogen content per unit mass,62,1,4,0,2,0,review_submission_csv:1430,taxon_outlier;source_review,pending_submitted_note,pending_submitted_note,FALSE,approve_none_insufficient_evidence
ba06647481bb8483a899109e8f7f75777a76f0efb0769b4224d9dfa99f69183f,raw,Artemisia tridentata,Leaf nitrogen content per unit mass,22,2,10,13,1,0,review_submission_csv:1442,domain_outlier;taxon_outlier;source_review,pending_submitted_note,propose_scale_validated_threshold,TRUE,pending_objective_scale_evidence
6aca1265915cefafd30d410ad711b13c81304602e2b934570654ff74dfdf4fdd,raw,Asclepias syriaca,Leaf nitrogen content per unit mass,12,2,10,5,1,0,review_submission_csv:1370,domain_outlier;taxon_outlier;source_review,pending_submitted_note,propose_scale_validated_threshold,TRUE,pending_objective_scale_evidence
d6a19998f25c5628758dddef3a37541bf6bfcec72262896a5d54397637bcaa9f,raw,Asteraceae sp,Leaf nitrogen content per unit mass,54,1,2,0,2,0,review_submission_csv:1406,taxon_outlier;source_review,pending_submitted_note,pending_submitted_note,FALSE,approve_none_insufficient_evidence
20b0d37bc000228e1f0747bf3a5b9f58f449d7477f6df4650c85f2029c2094a0,raw,Astragalus humistratus,Leaf nitrogen content per unit mass,10,1,8,0,4,0,review_submission_csv:960,taxon_outlier;source_review,pending_submitted_note,pending_submitted_note,FALSE,approve_none_insufficient_evidence
5ebcb2ff578e6838027679ff9b77b73af115db35d149e8c8bcaa264adf34d29d,raw,Atriplex parryi,Leaf nitrogen content per unit mass,34,1,3,0,6,0,review_submission_csv:1140,taxon_outlier;source_review,pending_submitted_note,pending_submitted_note,FALSE,approve_none_insufficient_evidence
b0f3d90b6652f374e0d2a61e70ef8b1d449e0cf98f63ec43b9f9dbd201d644f0,raw,Avena barbata,Leaf nitrogen content per unit mass,22,1,8,3,4,0,review_submission_csv:1170,domain_outlier;taxon_outlier;source_review,pending_submitted_note,propose_scale_validated_threshold,TRUE,pending_objective_scale_evidence
917a8bcc850901e15a1e25288d95951b71a4e226587d225a3490b286467214a1,raw,Baccharis pilularis,Leaf nitrogen content per unit mass,26,2,8,2,5,0,review_submission_csv:1132,domain_outlier;taxon_outlier;source_review,pending_submitted_note,propose_scale_validated_threshold,TRUE,pending_objective_scale_evidence
90471b0401c596317a9f89e366f9d3d9ccb737952f872b0f7cb5c7d87e47fa1d,raw,Bartsia alpina,Leaf nitrogen content per unit mass,58,1,15,19,7,0,review_submission_csv:1201,domain_outlier;taxon_outlier;source_review,pending_submitted_note,propose_scale_validated_threshold,TRUE,pending_objective_scale_evidence
ff1589bde462de92f5134e42630637de764ff67444e1645d2eab039083068eda,raw,Berberis vulgaris,Leaf nitrogen content per unit mass,75,1,9,58,17,0,review_submission_csv:954,domain_outlier;taxon_outlier;source_review,pending_isolated_source_pattern,propose_scale_validated_threshold,TRUE,pending_objective_scale_evidence
c41dfd737728276d9b33e9a1a566ded5c23cbf23fc10c1bfe4344c9c6bb49c0e,raw,Beta vulgaris,Leaf nitrogen content per unit mass,169,2,136,1,15,0,review_submission_csv:1244,domain_outlier;taxon_outlier;source_review,pending_submitted_note,agent_threshold_rule_not_corroborated,FALSE,approve_none_insufficient_evidence
61d563e43b2f32069665f5d27fded5f341bf009a99221258e0db1db4214f5138,raw,Betula glandulosa,Leaf nitrogen content per unit mass,72,1,8,71,2,0,review_submission_csv:1447,domain_outlier;taxon_outlier;source_review,pending_submitted_note,agent_unparsed_exclusion_instruction,FALSE,approve_none_insufficient_evidence
a30050ecae86ca9181a50aedabbf802955b20252ab64731c74cf0a0d311727cc,raw,Betula nana,Leaf nitrogen content per unit mass,90,1,21,30,16,0,review_submission_csv:1071,domain_outlier;taxon_outlier;source_review,pending_submitted_note,propose_scale_validated_threshold,TRUE,pending_objective_scale_evidence
e675d1c9436b78ec2707421ce5ee87f0cb7da5628a8a67ca008076a51b794a42,raw,Betula papyrifera,Leaf nitrogen content per unit mass,311,2,79,8,34,0,review_submission_csv:1139,domain_outlier;taxon_outlier;source_review,pending_submitted_note,agent_threshold_rule_not_corroborated,FALSE,approve_none_insufficient_evidence
8a58de034a4f9579909849e30c6db357ef545828eb022ab7093c5076b7402d0f,raw,Betula pendula,Leaf nitrogen content per unit mass,431,2,50,71,71,0,review_submission_csv:950,domain_outlier;taxon_outlier;source_review,pending_submitted_note,propose_scale_validated_threshold,TRUE,pending_objective_scale_evidence
3314e7975b66404109999124c46b11faee45b78a367fae054f0d1f09f400a827,raw,Betula populifolia,Leaf nitrogen content per unit mass,14,2,14,1,1,0,review_submission_csv:1387,domain_outlier;taxon_outlier;source_review,pending_submitted_note,agent_threshold_rule_not_corroborated,FALSE,approve_none_insufficient_evidence
3574494de691530fb48a8f65a2755720160e0afadfb5e64cf22b3f04572f475e,raw,Betula pubescens,Leaf nitrogen content per unit mass,223,2,36,23,23,0,review_submission_csv:1175,domain_outlier;taxon_outlier;source_review,pending_isolated_source_pattern,agent_threshold_rule_not_corroborated,FALSE,approve_none_insufficient_evidence
81a24933a6d3a19f0f50597671cf2850246a4f4e3e707b4c6cd447105d80a060,raw,Bidens tinctoria,Leaf nitrogen content per unit mass,10,1,2,0,4,0,review_submission_csv:961,taxon_outlier;source_review,pending_submitted_note,pending_submitted_note,FALSE,approve_none_insufficient_evidence
00df6ef5da54a36e7b90569fe54af9eccce8f3a45cb328998fe054cb9737cb83,raw,Bistorta sp,Leaf nitrogen content per unit mass,60,1,4,0,2,0,review_submission_csv:1409,taxon_outlier;source_review,pending_submitted_note,pending_submitted_note,FALSE,approve_none_insufficient_evidence
de2a0ca38cd9c80a00e6bc2ae75ac1bf2e8a2619090dcef61c86f96161b3fda4,raw,Bistorta vivipara,Leaf nitrogen content per unit mass,511,1,64,21,27,0,review_submission_csv:1325,domain_outlier;taxon_outlier;source_review,pending_submitted_note,propose_scale_validated_threshold,TRUE,pending_objective_scale_evidence
a648adfbb9b8d2e0ce537ba98d14f30bc643bed516d7ae2b60cc436961e08c61,raw,Blepharoneuron tricholepis,Leaf nitrogen content per unit mass,10,1,2,0,2,0,review_submission_csv:1207,taxon_outlier;source_review,pending_submitted_note,pending_submitted_note,FALSE,approve_none_insufficient_evidence
7dc44959d80e84bc246b84344d660522037bbfb92c6a8cd23112a494736c90ad,raw,Bouteloua curtipendula,Leaf nitrogen content per unit mass,14,2,9,1,3,0,review_submission_csv:1161,domain_outlier;taxon_outlier;source_review,pending_submitted_note,propose_scale_validated_threshold,TRUE,pending_objective_scale_evidence
4b6b1aed8197246fc988df29d1d53ec28249bd309bfec60ae6d4ec74e7777d22,raw,Brachypodium phoenicoides,Leaf nitrogen content per unit mass,15,2,14,4,1,0,review_submission_csv:1392,domain_outlier;taxon_outlier;source_review,pending_submitted_note,propose_scale_validated_threshold,TRUE,pending_objective_scale_evidence
c90ef81f4b7e0558af12d505b4ee3f08eff2310c612b5fec37e40b5fc6fc3e62,raw,Brachypodium pinnatum,Leaf nitrogen content per unit mass,11,1,8,0,1,0,review_submission_csv:1362,taxon_outlier;source_review,pending_submitted_note,pending_submitted_note,FALSE,approve_none_insufficient_evidence
325fe9e82bbaf8ef04c2ab6f530c7d08821d9a42481565ea9064d91a17dde836,raw,Briza media,Leaf nitrogen content per unit mass,22,1,13,2,4,0,review_submission_csv:1171,domain_outlier;taxon_outlier;source_review,pending_submitted_note,propose_scale_validated_threshold,TRUE,pending_objective_scale_evidence
caeffcdd2646a2891997d55ee6b82e9615e6f5b287625ed24228865eba5bf398,raw,Bromus ciliatus,Leaf nitrogen content per unit mass,10,1,6,0,2,0,review_submission_csv:1208,taxon_outlier;source_review,pending_submitted_note,pending_submitted_note,FALSE,approve_none_insufficient_evidence
7a44d7d6d7fb11164fd2c47579911ff917eb11e7b03296fd0e7f5af0b12cfda3,raw,Bromus hordeaceus,Leaf nitrogen content per unit mass,31,1,10,8,4,0,review_submission_csv:1254,domain_outlier;taxon_outlier;source_review,pending_submitted_note,propose_scale_validated_threshold,TRUE,pending_objective_scale_evidence
6799bec79f53ced539eef16cd88f9d772f628cb68e39a34bf4efe8d22ee92909,raw,Bromus inermis,Leaf nitrogen content per unit mass,37,2,16,20,1,0,review_submission_csv:1451,domain_outlier;taxon_outlier;source_review,pending_submitted_note,pending_submitted_note,FALSE,approve_none_insufficient_evidence
d7d60e416ff12ae61b072115c823db2ecb160c1b5ebead942e54ee060c5b7cf6,raw,Bromus tectorum,Leaf nitrogen content per unit mass,14,1,6,1,2,0,review_submission_csv:1288,domain_outlier;taxon_outlier;source_review,pending_isolated_source_pattern,agent_threshold_rule_not_corroborated,FALSE,approve_none_insufficient_evidence
8fa5f303bdbd7ae612a6da2e32c27aa5e4927fbf24952097d013b7a6273406e0,raw,Buxus sempervirens,Leaf nitrogen content per unit mass,19,2,11,5,5,0,review_submission_csv:1072,domain_outlier;taxon_outlier;source_review,pending_submitted_note,propose_scale_validated_threshold,TRUE,pending_objective_scale_evidence
98c98a91eb350c012097d053b9cd759e2c71eec872787a124ca2d80409676097,raw,Calamagrostis arundinacea,Leaf nitrogen content per unit mass,18,1,4,0,1,0,review_submission_csv:1403,taxon_outlier;source_review,pending_submitted_note,pending_submitted_note,FALSE,approve_none_insufficient_evidence
aaa2748b792b4727ccb31a8cb1159273c89fb5feb3ce4cdabe1c7586bdfe8fbc,raw,Calamagrostis epigejos,Leaf nitrogen content per unit mass,22,1,20,7,1,0,review_submission_csv:1443,domain_outlier;taxon_outlier;source_review,pending_submitted_note,propose_scale_validated_threshold,TRUE,pending_objective_scale_evidence
c7f92c16c41fc8694fd122502ce8c6d9f3c9cb2420209072e524a8e863f40965,raw,Calamagrostis lapponica,Leaf nitrogen content per unit mass,56,1,14,17,1,0,review_submission_csv:1419,domain_outlier;taxon_outlier;source_review,pending_submitted_note,propose_scale_validated_threshold,TRUE,pending_objective_scale_evidence
f690086d731cfd46d34c8c52c3a972922058171eabe73d50c74aca80dee1bc6f,raw,Calamagrostis sp,Leaf nitrogen content per unit mass,32,1,2,0,2,0,review_submission_csv:1366,taxon_outlier;source_review,pending_submitted_note,pending_submitted_note,FALSE,approve_none_insufficient_evidence
e83ca1a750c8742fc26cef90f2d2e87f5f198ee3692fdc921e303ce27d460996,raw,Calamovilfa longifolia,Leaf nitrogen content per unit mass,12,2,5,2,2,0,review_submission_csv:1263,domain_outlier;taxon_outlier;source_review,pending_submitted_note,propose_scale_validated_threshold,TRUE,pending_objective_scale_evidence
350b3ee211789782dc5e615d54eb5b025553cfed8926b33f6c98b510d68635a3,raw,Calluna vulgaris,Leaf nitrogen content per unit mass,109,1,30,9,12,0,review_submission_csv:1192,domain_outlier;taxon_outlier;source_review,pending_submitted_note,propose_scale_validated_threshold,TRUE,pending_objective_scale_evidence
349508dccd86aea9e9d11ca99565e6857a7f7050a82157b24980bdd746a62bd7,raw,Campanula patula,Leaf nitrogen content per unit mass,24,1,3,23,3,0,review_submission_csv:1279,domain_outlier;taxon_outlier;source_review,pending_isolated_source_pattern,agent_unparsed_exclusion_instruction,FALSE,approve_none_insufficient_evidence
0e0d3a097f8c2d42eb60d87143969a6cf33d3dfe16050bd4eff9f3958b203a0a,raw,Carex flacca,Leaf nitrogen content per unit mass,31,1,20,5,7,0,review_submission_csv:1074,domain_outlier;taxon_outlier;source_review,pending_submitted_note,propose_scale_validated_threshold,TRUE,pending_objective_scale_evidence
629a2174d5fb36543fa2404590a4ed46b120bfe5dff5e723b9873b5e53c8756f,raw,Carex hirta,Leaf nitrogen content per unit mass,17,1,9,2,2,0,review_submission_csv:1321,domain_outlier;taxon_outlier;source_review,pending_submitted_note,propose_scale_validated_threshold,TRUE,pending_objective_scale_evidence
7dfda2bb4e038c8487c04960e8358beeff798eea2085e45ae746326bf7c4bc7d,raw,Carex panicea,Leaf nitrogen content per unit mass,13,1,7,1,1,0,review_submission_csv:1379,domain_outlier;taxon_outlier;source_review,pending_isolated_source_pattern,agent_threshold_rule_not_corroborated,FALSE,approve_none_insufficient_evidence
f18746152ad5b37261b3b345b4c9db1f2b9408566411087d1b4e5038b9a330b2,raw,Carex rostrata,Leaf nitrogen content per unit mass,13,1,9,0,3,0,review_submission_csv:1144,taxon_outlier;source_review,pending_submitted_note,pending_submitted_note,FALSE,approve_none_insufficient_evidence
e46bf3ba818c0bcfb841df84c795b03c9255a479531c543b07528b6de295d53b,raw,Carex sylvatica,Leaf nitrogen content per unit mass,10,1,7,0,2,0,review_submission_csv:1209,taxon_outlier;source_review,pending_submitted_note,pending_submitted_note,FALSE,approve_none_insufficient_evidence
a9120b8c81349aadf1a609e9aa10340626bf19ff3baea98043a2bfa29cd9d77e,raw,Carpinus caroliniana,Leaf nitrogen content per unit mass,14,1,14,0,4,0,review_submission_csv:1075,taxon_outlier;source_review,pending_submitted_note,pending_submitted_note,FALSE,approve_none_insufficient_evidence
257492eca8776cd1123c2def420d7a8580cec3419037b416c13028424e3c8b4e,raw,Carum carvi,Leaf nitrogen content per unit mass,19,2,6,16,3,0,review_submission_csv:1235,domain_outlier;taxon_outlier;source_review,pending_submitted_note,agent_unparsed_exclusion_instruction,FALSE,approve_none_insufficient_evidence
512838362f76472d68ed6380ad1cc924700a03cb13a814a788127eb3dc0d63fa,raw,Carya glabra,Leaf nitrogen content per unit mass,71,2,26,20,2,0,review_submission_csv:1446,domain_outlier;taxon_outlier;source_review,pending_submitted_note,propose_scale_validated_threshold,TRUE,pending_objective_scale_evidence
8586ba1eab74311dae1a66ffde552d6c59fb36204079663a574129855b57ffc6,raw,Carya ovata,Leaf nitrogen content per unit mass,47,2,20,3,3,0,review_submission_csv:1347,domain_outlier;taxon_outlier;source_review,pending_isolated_source_pattern,propose_scale_validated_threshold,TRUE,pending_objective_scale_evidence
bc3fe8e50221ee8621c055dfe8ba24b1aef228e407b31f7d6b88c06f006a8707,raw,Cassiope mertensiana,Leaf nitrogen content per unit mass,38,1,2,0,4,0,review_submission_csv:1297,taxon_outlier;source_review,pending_submitted_note,pending_submitted_note,FALSE,approve_none_insufficient_evidence
6ecdb46dee6d229043ae6cc1a4b87b231bd2b4fffd942800c02a650905cf6298,raw,Cassiope tetragona,Leaf nitrogen content per unit mass,77,1,12,3,2,0,review_submission_csv:1433,domain_outlier;taxon_outlier;source_review,pending_submitted_note,propose_scale_validated_threshold,TRUE,pending_objective_scale_evidence
ce01e7e0c44e62167eaea9a98deb2ea1c0d78106cdbaef008c3a0cc6172cf10c,raw,Castanea dentata,Leaf nitrogen content per unit mass,41,2,34,2,10,0,review_submission_csv:984,domain_outlier;taxon_outlier;source_review,pending_submitted_note,propose_scale_validated_threshold,TRUE,pending_objective_scale_evidence
bc2e14d728a1ef68fd3a8330bc875b15b0f6aa247b32f2e50df562d688e77a0f,raw,Castanea sativa,Leaf nitrogen content per unit mass,83,1,56,5,11,0,review_submission_csv:1155,domain_outlier;taxon_outlier;source_review,pending_submitted_note,propose_scale_validated_threshold,TRUE,pending_objective_scale_evidence
7a671aba832d5b630e4ffa05437924ee8fc3960a3d64f7fce09878b81a23cd62,raw,Ceanothus cuneatus,Leaf nitrogen content per unit mass,11,2,8,2,2,0,review_submission_csv:1248,domain_outlier;taxon_outlier;source_review,pending_submitted_note,propose_scale_validated_threshold,TRUE,pending_objective_scale_evidence
f1a4e767bc36ba1f439f7dcc69c70ae23c3c76a2c73a44ee86ca551646a56636,raw,Centaurea jacea,Leaf nitrogen content per unit mass,61,2,36,21,2,0,review_submission_csv:1429,domain_outlier;taxon_outlier;source_review,pending_submitted_note,propose_scale_validated_threshold,TRUE,pending_objective_scale_evidence
2a872ccaa267ea431dd09ae8eb4fea5dbbfb511204dcefe82a2354969cac7822,raw,Chenopodium album,Leaf nitrogen content per unit mass,63,2,16,22,7,0,review_submission_csv:1239,domain_outlier;taxon_outlier;source_review,pending_submitted_note,propose_scale_validated_threshold,TRUE,pending_objective_scale_evidence
246e8649fe4edb07e0a2f8b757c0349ccff4b55d0c25ca1788cff4c66798794f,raw,Cirsium arvense,Leaf nitrogen content per unit mass,10,1,8,1,2,0,review_submission_csv:1210,domain_outlier;taxon_outlier;source_review,pending_submitted_note,agent_threshold_rule_not_corroborated,FALSE,approve_none_insufficient_evidence
13a4d3105cc81095961fdedbf026698128e9913055f45b49364eea8b275e0fc9,raw,Cistus albidus,Leaf nitrogen content per unit mass,86,2,23,61,14,0,review_submission_csv:1089,domain_outlier;taxon_outlier;source_review,pending_submitted_note,propose_scale_validated_threshold,TRUE,pending_objective_scale_evidence
30e212f9ed8fdf7b91f6e24dd375b12e86d9e3465d09745a7171f6b993b12e7b,raw,Cistus creticus,Leaf nitrogen content per unit mass,156,1,33,129,14,0,review_submission_csv:1246,domain_outlier;taxon_outlier;source_review,pending_submitted_note,agent_unparsed_exclusion_instruction,FALSE,approve_none_insufficient_evidence
8ce32f2788d05e5ec4e83379675e287706bfda3807fbfcc9976ec324fab37cd7,raw,Cistus ladanifer,Leaf nitrogen content per unit mass,14,2,13,2,3,0,review_submission_csv:1162,domain_outlier;taxon_outlier;source_review,pending_submitted_note,propose_scale_validated_threshold,TRUE,pending_objective_scale_evidence
f6a98ff403bb752995779046818e6162e29d6472c2fc782e51bbe364f69a55a8,raw,Cistus monspeliensis,Leaf nitrogen content per unit mass,23,2,20,3,4,0,review_submission_csv:1181,domain_outlier;taxon_outlier;source_review,pending_submitted_note,propose_scale_validated_threshold,TRUE,pending_objective_scale_evidence
57a7cc34950a6045e2efc2f278d9feff5a73c8252475783805b05cff21d1e3f8,raw,Cistus salviifolius,Leaf nitrogen content per unit mass,137,2,35,82,17,0,review_submission_csv:1143,domain_outlier;taxon_outlier;source_review,pending_submitted_note,propose_scale_validated_threshold,TRUE,pending_objective_scale_evidence
3a1d0d5d7228778363be49979b22df43d620d40065801c1f66ea71d4fcf8aeb7,raw,Cologania angustifolia,Leaf nitrogen content per unit mass,10,1,2,0,4,0,review_submission_csv:962,taxon_outlier;source_review,pending_submitted_note,pending_submitted_note,FALSE,approve_none_insufficient_evidence
7f1e0ab4b1ae70e966934999803e88ebd07e6306eceda6a974ffc69057f0dc36,raw,Comandra umbellata,Leaf nitrogen content per unit mass,17,1,3,1,1,0,review_submission_csv:1439,domain_outlier;taxon_outlier;source_review,agent_repeated_source_pattern,,TRUE,pending_objective_scale_evidence
287dbda5d3625cd61259c3d9e48387d46b22d2bc80b3c0ce9bbaeb7831336839,raw,Convolvulus arvensis,Leaf nitrogen content per unit mass,17,2,17,3,3,0,review_submission_csv:1194,domain_outlier;taxon_outlier;source_review,pending_submitted_note,agent_unparsed_exclusion_instruction,FALSE,approve_none_insufficient_evidence
c68933350abdad914f9fa460145dbe5ee0c6ccf31b41e81575a2992f6c937632,raw,Coreopsis palmata,Leaf nitrogen content per unit mass,25,2,7,0,4,0,review_submission_csv:1191,taxon_outlier;source_review,pending_isolated_source_pattern,pending_isolated_source_pattern,FALSE,approve_none_insufficient_evidence
897386d1b768956a808a1da63d9e2ee02bc726cd43aa285cfce652151de5496b,raw,Cornus alternifolia,Leaf nitrogen content per unit mass,15,1,15,0,2,0,review_submission_csv:1305,taxon_outlier;source_review,pending_submitted_note,pending_submitted_note,FALSE,approve_none_insufficient_evidence
d23df331aa56d27358131a2ba598cd2fd11b57821ca69c8dfcaced4ddc3b19af,raw,Cornus florida,Leaf nitrogen content per unit mass,50,2,33,5,9,0,review_submission_csv:1101,domain_outlier;taxon_outlier;source_review,pending_isolated_source_pattern,propose_scale_validated_threshold,TRUE,pending_objective_scale_evidence
4c142978acb1c63ff821ae1293366129f203195cf53b6ce15e471ee598488280,raw,Cornus sanguinea,Leaf nitrogen content per unit mass,25,1,12,3,7,0,review_submission_csv:983,domain_outlier;taxon_outlier;source_review,pending_isolated_source_pattern,propose_scale_validated_threshold,TRUE,pending_objective_scale_evidence
ae25c2ea354b351dbe1d2a533fe6d8998cff9e2f92a27f93c42f95b8bc94e6fe,raw,Corylus americana,Leaf nitrogen content per unit mass,60,2,9,2,2,0,review_submission_csv:1428,domain_outlier;taxon_outlier;source_review,pending_isolated_source_pattern,propose_scale_validated_threshold,TRUE,pending_objective_scale_evidence
04efe42800c04e4f5e7971715322e6be9e6f27a45b64df830cbeece6aa3b401a,raw,Corylus avellana,Leaf nitrogen content per unit mass,23,1,10,4,10,0,review_submission_csv:928,domain_outlier;taxon_outlier;source_review,pending_submitted_note,propose_scale_validated_threshold,TRUE,pending_objective_scale_evidence
02662b5b67a353b6500a7b541074e0e1671b21f7ae357fc5b862478d94a83e31,raw,Crepis biennis,Leaf nitrogen content per unit mass,25,1,2,24,3,0,review_submission_csv:1286,domain_outlier;taxon_outlier;source_review,pending_isolated_source_pattern,agent_unparsed_exclusion_instruction,FALSE,approve_none_insufficient_evidence
0e8ed17056288590d8359b6338089d35260710ce46460616df2407597166b5c1,raw,Crepis paludosa,Leaf nitrogen content per unit mass,22,1,4,8,1,0,review_submission_csv:1444,domain_outlier;taxon_outlier;source_review,pending_submitted_note,propose_scale_validated_threshold,TRUE,pending_objective_scale_evidence
8536a3f2f2c646d93c24af3bc999aa61d3da86bf4ab9e829109e65643c19dc6b,raw,Crocanthemum bicknellii,Leaf nitrogen content per unit mass,21,1,1,0,1,0,review_submission_csv:1407,taxon_outlier;source_review,pending_submitted_note,pending_submitted_note,FALSE,approve_none_insufficient_evidence
0b717fbf8fae544fe9bc896b98633979ae65b7cec0e13f669742a4dda3b6145b,raw,Cynosurus cristatus,Leaf nitrogen content per unit mass,38,1,25,9,9,0,review_submission_csv:997,domain_outlier;taxon_outlier;source_review,pending_submitted_note,propose_scale_validated_threshold,TRUE,pending_objective_scale_evidence
e6e34e1621d85801e1fcba4698e0dc7841f646385b5e331bce8a751b2c8ea9eb,raw,Cyperus sp,Leaf nitrogen content per unit mass,12,1,2,0,4,0,review_submission_csv:999,taxon_outlier;source_review,pending_submitted_note,pending_submitted_note,FALSE,approve_none_insufficient_evidence
052cbbdce328924f29ce66fc5dfa4195190eb75669d7a1c9c11a1b611f786448,raw,Cytisus scoparius,Leaf nitrogen content per unit mass,40,1,7,32,9,0,review_submission_csv:1008,domain_outlier;taxon_outlier;source_review,agent_repeated_source_pattern,,TRUE,pending_objective_scale_evidence
eff87b2dd601ef8805b90f32fecc2d22eef6b1a29ccddf5576e63da27adc12ad,raw,Dactylis glomerata,Leaf nitrogen content per unit mass,170,2,92,78,4,0,review_submission_csv:1445,domain_outlier;taxon_outlier;source_review,pending_submitted_note,propose_scale_validated_threshold,TRUE,pending_objective_scale_evidence
499bc5cf9b3d4d4003e7fb39b7d4a56e6d7618a3cb97cb04023653645fc5094f,raw,Daphne gnidium,Leaf nitrogen content per unit mass,35,1,4,26,1,0,review_submission_csv:1450,domain_outlier;taxon_outlier;source_review,pending_isolated_source_pattern,pending_isolated_source_pattern,FALSE,approve_none_insufficient_evidence
c43ded8dca464fcff50b54cea35af3c24818f42d809754f09ca0ef6d230d2a6d,raw,Daucus carota,Leaf nitrogen content per unit mass,173,2,24,25,29,0,review_submission_csv:998,domain_outlier;taxon_outlier;source_review,pending_isolated_source_pattern,agent_threshold_rule_not_corroborated,FALSE,approve_none_insufficient_evidence
218399b1b491013d6682dba4a877bf2817912fa4756870bb46ffa44cc0f19d3f,raw,Deschampsia caespitosa,Leaf nitrogen content per unit mass,16,1,9,6,2,0,review_submission_csv:1311,domain_outlier;taxon_outlier;source_review,pending_submitted_note,propose_scale_validated_threshold,TRUE,pending_objective_scale_evidence
a97e034677c820d3db380fa5b5bdd1b63dd3d4f82b6c0a10f356b45ffb2dd3e5,raw,Deschampsia cespitosa,Leaf nitrogen content per unit mass,29,1,24,3,3,0,review_submission_csv:1316,domain_outlier;taxon_outlier;source_review,pending_submitted_note,propose_scale_validated_threshold,TRUE,pending_objective_scale_evidence
bd3c8bbb937dc57c384240e32191480fcc6633d9c4d743a2202d9f1153d06f20,raw,Deschampsia flexuosa,Leaf nitrogen content per unit mass,166,1,59,25,35,0,review_submission_csv:942,domain_outlier;taxon_outlier;source_review,pending_submitted_note,pending_submitted_note,FALSE,approve_none_insufficient_evidence
5dc513409829d6b2b4795e0c1f2cb1e68c48378ab71e7f89b8eb2cd63289e606,raw,Diplacus aurantiacus,Leaf nitrogen content per unit mass,30,1,6,0,3,0,review_submission_csv:1319,taxon_outlier;source_review,pending_submitted_note,pending_submitted_note,FALSE,approve_none_insufficient_evidence
394d2157be118655176415f145bf7f2a0c2ba73ad0b01e0862bb2f397262f750,raw,Dryas octopetala,Leaf nitrogen content per unit mass,79,1,19,24,5,0,review_submission_csv:1339,domain_outlier;taxon_outlier;source_review,pending_submitted_note,propose_scale_validated_threshold,TRUE,pending_objective_scale_evidence
1bc639c351563a3a4113c895b776a4854b4e9c3b7fab933bd39fd47904d830bd,raw,Dryopteris carthusiana,Leaf nitrogen content per unit mass,13,2,5,1,1,0,review_submission_csv:1380,domain_outlier;taxon_outlier;source_review,pending_isolated_source_pattern,agent_threshold_rule_not_corroborated,FALSE,approve_none_insufficient_evidence
03574874388554306ab9e788195e7b3797dce00d80688fca34a01ccf30376d4d,raw,Echeandia flavescens,Leaf nitrogen content per unit mass,10,1,2,0,2,0,review_submission_csv:1211,taxon_outlier;source_review,pending_submitted_note,pending_submitted_note,FALSE,approve_none_insufficient_evidence
5a5e7a03b773ac1c222c1161d0e22835f165f11d94974114430c8c8552e61336,raw,Eleocharis palustris,Leaf nitrogen content per unit mass,13,1,13,4,2,0,review_submission_csv:1275,domain_outlier;taxon_outlier;source_review,pending_submitted_note,propose_scale_validated_threshold,TRUE,pending_objective_scale_evidence
d501e8453b7f440aac3c1deab2cbd3e1ec09751b61b349dac7384ce8d09dedcf,raw,Elymus canadensis,Leaf nitrogen content per unit mass,19,1,6,2,3,0,review_submission_csv:1236,domain_outlier;taxon_outlier;source_review,agent_repeated_source_pattern,,TRUE,pending_objective_scale_evidence
85628dcf33aeb70e15f1dfb153b651a62967f0a2cf8cf06ae9c0debde3496cf9,raw,Elymus repens,Leaf nitrogen content per unit mass,41,2,27,3,4,0,review_submission_csv:1308,domain_outlier;taxon_outlier;source_review,pending_submitted_note,propose_scale_validated_threshold,TRUE,pending_objective_scale_evidence
302ba8b75902f4f5e6814500daf8e3ab7b39d0838ba102fc595883b4f746cb65,raw,Elymus smithii,Leaf nitrogen content per unit mass,26,1,7,11,1,0,review_submission_csv:1426,domain_outlier;taxon_outlier;source_review,pending_submitted_note,propose_scale_validated_threshold,TRUE,pending_objective_scale_evidence
0aba08e52baf104e2574e15b1bf3eec54506a5c659e7da53826873cebf489e9b,raw,Empetrum nigrum,Leaf nitrogen content per unit mass,131,2,36,8,10,0,review_submission_csv:1303,domain_outlier;taxon_outlier;source_review,pending_submitted_note,propose_scale_validated_threshold,TRUE,pending_objective_scale_evidence
848139b535eaeb2b37a0a6dd22754d435dc498dda8f29952a03e8ad80f37ce5e,raw,Epilobium angustifolium,Leaf nitrogen content per unit mass,27,1,16,1,4,0,review_submission_csv:1199,domain_outlier;taxon_outlier;source_review,pending_submitted_note,agent_threshold_rule_not_corroborated,FALSE,approve_none_insufficient_evidence
ef50b24090eaf1c3e9198b6974975a7838cfea93bd3f89bd9458bf17d745100d,raw,Epipactis helleborine,Leaf nitrogen content per unit mass,20,1,15,0,4,0,review_submission_csv:1149,taxon_outlier;source_review,pending_submitted_note,pending_submitted_note,FALSE,approve_none_insufficient_evidence
5939a254d360d52a47d9f240c8800675bf5e919db9ef7a29c449509c988b87ce,raw,Equisetum scirpoides,Leaf nitrogen content per unit mass,26,1,4,6,2,0,review_submission_csv:1346,domain_outlier;taxon_outlier;source_review,pending_submitted_note,propose_scale_validated_threshold,TRUE,pending_objective_scale_evidence
3bba6ecf3c85add4bf84109c47075f36cbf5346ec78e86d5713ae358cf01b3e2,raw,Equisetum sylvaticum,Leaf nitrogen content per unit mass,11,1,9,0,3,0,review_submission_csv:1117,taxon_outlier;source_review,pending_submitted_note,pending_submitted_note,FALSE,approve_none_insufficient_evidence
49754c5c51d5f4ffe2eae7cefd57a78a7ca2c602adb22b2f711f413219de6f30,raw,Eremogone fendleri,Leaf nitrogen content per unit mass,12,1,8,0,2,0,review_submission_csv:1264,taxon_outlier;source_review,pending_submitted_note,pending_submitted_note,FALSE,approve_none_insufficient_evidence
8c02983e15f59070195d68726a1ac251c33553d66dea7be30f4bd59878560227,raw,Erica cinerea,Leaf nitrogen content per unit mass,11,2,8,0,4,0,review_submission_csv:989,taxon_outlier;source_review,pending_isolated_source_pattern,agent_strong_isolated_source_pattern,TRUE,pending_objective_scale_evidence
4318250854944dab12793d0d29ede45f8e11f1782fc3ed979b85a935591efdaf,raw,Erigeron flagellaris,Leaf nitrogen content per unit mass,10,1,2,0,4,0,review_submission_csv:963,taxon_outlier;source_review,pending_submitted_note,pending_submitted_note,FALSE,approve_none_insufficient_evidence
2f20cfbcdf04bb7733e86a32169fc810f53a19d4e6234fda9644be3e7d1feeb1,raw,Erigeron formosissimus,Leaf nitrogen content per unit mass,10,1,2,0,4,0,review_submission_csv:964,taxon_outlier;source_review,pending_submitted_note,pending_submitted_note,FALSE,approve_none_insufficient_evidence
bab064bf6597b995c38f816a728cb948dc1f1f3ee25d5849f624c87acd792051,raw,Erigeron speciosus,Leaf nitrogen content per unit mass,37,2,7,7,7,0,review_submission_csv:1111,domain_outlier;taxon_outlier;source_review,pending_isolated_source_pattern,agent_threshold_rule_not_corroborated,FALSE,approve_none_insufficient_evidence
7ad547bc30d37f7b218933d1f080f4352abe95f2284b9a62421b1d93d2ffa877,raw,Eriogonum racemosum,Leaf nitrogen content per unit mass,10,1,2,0,2,0,review_submission_csv:1212,taxon_outlier;source_review,pending_submitted_note,pending_submitted_note,FALSE,approve_none_insufficient_evidence
c6022d7f4d4dd808809ef7bbe76fb9cb713fa00b1d67ccfd875edd5659a50243,raw,Eriogonum umbellatum,Leaf nitrogen content per unit mass,16,2,2,3,3,0,review_submission_csv:1189,domain_outlier;taxon_outlier;source_review,pending_submitted_note,pending_submitted_note,FALSE,approve_none_insufficient_evidence
09d599c1a2b80ae22ade262e5abedef3e10dd8953e984d9c780f14a837044573,raw,Eschscholzia californica,Leaf nitrogen content per unit mass,17,1,1,0,1,0,review_submission_csv:1401,taxon_outlier;source_review,pending_submitted_note,pending_submitted_note,FALSE,approve_none_insufficient_evidence
945344fbdc62e86d0d45490a37f2319483ccdbfc386e4c1c27c0215f22766949,raw,Eupatorium cannabinum,Leaf nitrogen content per unit mass,15,1,15,6,1,0,review_submission_csv:1393,domain_outlier;taxon_outlier;source_review,pending_submitted_note,propose_scale_validated_threshold,TRUE,pending_objective_scale_evidence
7776748158a11385de4572ee86fba696c9086f348dd07d7906749d3a6173a893,raw,Euphorbia fendleri,Leaf nitrogen content per unit mass,10,1,2,0,4,0,review_submission_csv:965,taxon_outlier;source_review,pending_submitted_note,pending_submitted_note,FALSE,approve_none_insufficient_evidence
b85da7f19058f034b19d68d6e567235058ae30452f9ccbbfa85cc79210c79e17,raw,Euphrasia frigida,Leaf nitrogen content per unit mass,11,1,9,1,4,0,review_submission_csv:990,domain_outlier;taxon_outlier;source_review,pending_isolated_source_pattern,agent_unparsed_exclusion_instruction,FALSE,approve_none_insufficient_evidence
8f4f185c751912a60532074d3afc2007f4b3de06ea230103df4d8fdea506c40c,raw,Fagus grandifolia,Leaf nitrogen content per unit mass,501,1,100,0,71,0,review_submission_csv:994,taxon_outlier;source_review,pending_submitted_note,pending_submitted_note,FALSE,approve_none_insufficient_evidence
7bbbf1b67edf623a5eadb40ffdfb5c21600cc79f3418e2b3b8de7e197d302bbd,raw,Fagus sylvatica,Leaf nitrogen content per unit mass,445,2,184,56,89,0,review_submission_csv:934,domain_outlier;taxon_outlier;source_review,pending_submitted_note,propose_scale_validated_threshold,TRUE,pending_objective_scale_evidence
77e76d2c9621817df069ade8932c43c6836062f3fb547714b8c2d6a3a46150d1,raw,Festuca altissima,Leaf nitrogen content per unit mass,10,1,7,0,2,0,review_submission_csv:1213,taxon_outlier;source_review,pending_submitted_note,pending_submitted_note,FALSE,approve_none_insufficient_evidence
fab4f07d9fa339c3135ca100f751eec0607168b2c26d7186879e7c3033cb36e9,raw,Festuca arizonica,Leaf nitrogen content per unit mass,29,2,5,1,5,0,review_submission_csv:1156,domain_outlier;taxon_outlier;source_review,pending_submitted_note,agent_threshold_rule_not_corroborated,FALSE,approve_none_insufficient_evidence
691f612e674d7c08dc829e47edf029ab39d519122608079b47e3a304f6f16fa8,raw,Festuca ovina,Leaf nitrogen content per unit mass,107,1,38,40,2,0,review_submission_csv:1457,domain_outlier;taxon_outlier;source_review,pending_submitted_note,propose_scale_validated_threshold,TRUE,pending_objective_scale_evidence
91b0799297634dafeb33a344631b02b0caeff07c9360cfbcbedb8a05515e9603,raw,Festuca rubra,Leaf nitrogen content per unit mass,90,2,26,35,14,0,review_submission_csv:1106,domain_outlier;taxon_outlier;source_review,pending_submitted_note,propose_scale_validated_threshold,TRUE,pending_objective_scale_evidence
98118b70fa1d0648a0d4eb4617e54146492104ec05eb627431bc252032fbc999,raw,Festuca valesiaca,Leaf nitrogen content per unit mass,49,1,6,19,2,0,review_submission_csv:1422,domain_outlier;taxon_outlier;source_review,pending_isolated_source_pattern,agent_unparsed_exclusion_instruction,FALSE,approve_none_insufficient_evidence
4a91f48c2c39d7d4580e5edc7d39080a831e97a1cbdc4d6c885fdacfbaf74474,raw,Filipendula ulmaria,Leaf nitrogen content per unit mass,19,1,13,0,6,0,review_submission_csv:976,taxon_outlier;source_review,pending_isolated_source_pattern,agent_strong_isolated_source_pattern,TRUE,pending_objective_scale_evidence
1277f5dd48dcfd69cd5a58da9adac5b0ec6c74763ec67734027fb883bc67eba4,raw,Fragaria vesca,Leaf nitrogen content per unit mass,37,1,20,0,1,0,review_submission_csv:1452,taxon_outlier;source_review,pending_isolated_source_pattern,agent_threshold_rule_not_corroborated,FALSE,approve_none_insufficient_evidence
7837236555e23915b49110e5f2d3c6f4c8e8e1a1ffe12fe1c3bdaa212c672ae0,raw,Fragaria virginiana,Leaf nitrogen content per unit mass,26,2,7,5,5,0,review_submission_csv:1133,domain_outlier;taxon_outlier;source_review,pending_isolated_source_pattern,agent_threshold_rule_not_corroborated,FALSE,approve_none_insufficient_evidence
e546ba6fa01a6e89855ee706ae97c86283b1762fb0abf565e263ed3ebb633b43,raw,Frangula alnus,Leaf nitrogen content per unit mass,21,2,15,3,3,0,review_submission_csv:1255,domain_outlier;taxon_outlier;source_review,pending_submitted_note,propose_scale_validated_threshold,TRUE,pending_objective_scale_evidence
934f6551b14a3ac5a079d5648126def1569569ed908e53a875600e86c4cf9bb3,raw,Fraxinus americana,Leaf nitrogen content per unit mass,61,2,42,6,8,0,review_submission_csv:1184,domain_outlier;taxon_outlier;source_review,pending_submitted_note,propose_scale_validated_threshold,TRUE,pending_objective_scale_evidence
327b5a51cefd5a544064f0cbadf6228fa69056c85544a97dffb31cc0ac923623,raw,Fraxinus angustifolia,Leaf nitrogen content per unit mass,36,2,29,6,6,0,review_submission_csv:1151,domain_outlier;taxon_outlier;source_review,pending_submitted_note,propose_scale_validated_threshold,TRUE,pending_objective_scale_evidence
971af9027b0ed8df89d8497843741f6cba07ab298d2976f13437511cf95fe4f4,raw,Fraxinus excelsior,Leaf nitrogen content per unit mass,87,2,29,10,10,0,review_submission_csv:1193,domain_outlier;taxon_outlier;source_review,pending_submitted_note,propose_scale_validated_threshold,TRUE,pending_objective_scale_evidence
3ed3682eab259e50332ac605bb36f305e320dc929bb2f2630c5cf2c835b03ef0,raw,Fraxinus pennsylvanica,Leaf nitrogen content per unit mass,10,1,7,0,2,0,review_submission_csv:1214,taxon_outlier;source_review,pending_submitted_note,pending_submitted_note,FALSE,approve_none_insufficient_evidence
65b31b08c707edc16907a8b9ea245b6f46005c9090f179a15499eb40b7fa5342,raw,Galium aparine,Leaf nitrogen content per unit mass,12,2,10,4,1,0,review_submission_csv:1371,domain_outlier;taxon_outlier;source_review,pending_submitted_note,propose_scale_validated_threshold,TRUE,pending_objective_scale_evidence
201d5e29e46cf881398301452cc31ba3ce9ee361e879e06d74df0e944d4e26d7,raw,Galium boreale,Leaf nitrogen content per unit mass,22,1,6,0,5,0,review_submission_csv:1095,taxon_outlier;source_review,pending_submitted_note,pending_submitted_note,FALSE,approve_none_insufficient_evidence
17336c57998f41f40677c08f79ef9f482b083f0106ee9d8af7f42f3f9bb2a06a,raw,Galium mollugo,Leaf nitrogen content per unit mass,66,1,42,22,4,0,review_submission_csv:1344,domain_outlier;taxon_outlier;source_review,pending_submitted_note,propose_scale_validated_threshold,TRUE,pending_objective_scale_evidence
086871850a53d38853b2463e16ed1110a0e31c2dfe01e23904cc0d8a6037a06b,raw,Galium odoratum,Leaf nitrogen content per unit mass,25,1,18,0,2,0,review_submission_csv:1343,taxon_outlier;source_review,pending_submitted_note,pending_submitted_note,FALSE,approve_none_insufficient_evidence
8c53521ba8b170425aa780092937539094eda704782de344b9762b7a87a13d05,raw,Galium verum,Leaf nitrogen content per unit mass,33,2,26,2,2,0,review_submission_csv:1374,domain_outlier;taxon_outlier;source_review,pending_submitted_note,propose_scale_validated_threshold,TRUE,pending_objective_scale_evidence
363b474d0b9bbccca098d3ebe4b3dfbc08e22f58a661a7155310ad1d10d12333,raw,Gaylussacia baccata,Leaf nitrogen content per unit mass,12,2,12,1,4,0,review_submission_csv:1000,domain_outlier;taxon_outlier;source_review,pending_submitted_note,agent_threshold_rule_not_corroborated,FALSE,approve_none_insufficient_evidence
ae134dff50c6bee676192b92466dfd66a6ef3cee8c500b08051d65961424ef33,raw,Geranium dissectum,Leaf nitrogen content per unit mass,11,1,1,0,2,0,review_submission_csv:1249,taxon_outlier;source_review,pending_submitted_note,pending_submitted_note,FALSE,approve_none_insufficient_evidence
1ae9e97e13544418ce4a8b34c08d42cbcd1fffcc7b94fc02ca62176e01f668f4,raw,Geranium pratense,Leaf nitrogen content per unit mass,36,1,2,32,4,0,review_submission_csv:1281,domain_outlier;taxon_outlier;source_review,pending_submitted_note,propose_scale_validated_threshold,TRUE,pending_objective_scale_evidence
a461933e6aec0315d2be9050151d201f3d4f347355ba17ae8480298bca63ff16,raw,Geranium richardsonii,Leaf nitrogen content per unit mass,23,2,5,1,5,0,review_submission_csv:1109,domain_outlier;taxon_outlier;source_review,pending_isolated_source_pattern,agent_threshold_rule_not_corroborated,FALSE,approve_none_insufficient_evidence
12dab74e38e2700aff54249cdc4bfca2d373a9defeb6ce132008524c30103df8,raw,Geum triflorum,Leaf nitrogen content per unit mass,25,2,4,5,5,0,review_submission_csv:1125,domain_outlier;taxon_outlier;source_review,pending_submitted_note,propose_scale_validated_threshold,TRUE,pending_objective_scale_evidence
911d14fe98a490d7b2d0fd6099d77cbc557fbb95b945bc546b52bd3d838afc31,raw,Globularia alypum,Leaf nitrogen content per unit mass,14,2,12,0,3,0,review_submission_csv:1163,taxon_outlier;source_review,pending_submitted_note,propose_scale_validated_threshold,TRUE,pending_objective_scale_evidence
fadc1583e38a78c19585bdd49b4e4c6bcd322965f41f164c62eb1b1bfafd7ad3,raw,Graminoid,Leaf nitrogen content per unit mass,33,1,1,0,1,0,review_submission_csv:1415,taxon_outlier;source_review,pending_submitted_note,pending_submitted_note,FALSE,approve_none_insufficient_evidence
925bb82a1268dcc40e123c9511a34a475616605f4d0b4cb919738bf2018ef75f,raw,Graminoids sp,Leaf nitrogen content per unit mass,33,1,1,0,1,0,review_submission_csv:1416,taxon_outlier;source_review,pending_submitted_note,pending_submitted_note,FALSE,approve_none_insufficient_evidence
1c70a59e9cb96a6b93837a2ca697ef144c1bc7fde116db6f74d78c9c963e18af,raw,Grindelia squarrosa,Leaf nitrogen content per unit mass,12,1,3,7,2,0,review_submission_csv:1265,domain_outlier;taxon_outlier;source_review,agent_repeated_source_pattern,,TRUE,pending_objective_scale_evidence
301ceba617946cbfaad5bebcd965ac44be2ecff2527fd01d22f7f078cef0a8e7,raw,Gutierrezia sarothrae,Leaf nitrogen content per unit mass,23,2,11,4,4,0,review_submission_csv:1182,domain_outlier;taxon_outlier;source_review,pending_isolated_source_pattern,propose_scale_validated_threshold,TRUE,pending_objective_scale_evidence
62e79e8624643336b404df2f9d584b993f26471fdfa51487e43b38df0c469bbb,raw,Gymnocarpium dryopteris,Leaf nitrogen content per unit mass,37,2,13,13,1,0,review_submission_csv:1453,domain_outlier;taxon_outlier;source_review,pending_submitted_note,propose_scale_validated_threshold,TRUE,pending_objective_scale_evidence
59320387663a215b1d126d2787672a3086abd0dc4c53ff161bc1fe18130b4b5c,raw,Hamamelis virginiana,Leaf nitrogen content per unit mass,46,1,37,0,2,0,review_submission_csv:1402,taxon_outlier;source_review,pending_submitted_note,pending_submitted_note,FALSE,approve_none_insufficient_evidence
40a8b900864b2131794f460d1a4a8b9905bf6de1d9b5329043859561e6f4f9a2,raw,Hedera helix,Leaf nitrogen content per unit mass,56,1,26,4,9,0,review_submission_csv:1126,domain_outlier;taxon_outlier;source_review,pending_isolated_source_pattern,propose_scale_validated_threshold,TRUE,pending_objective_scale_evidence
48a5c101d7bcd72c74f7bb060974ddcb2e79bd55bfcccac4863c9d624a9ce1f5,raw,Helianthella quinquenervis,Leaf nitrogen content per unit mass,26,2,5,6,6,0,review_submission_csv:1080,domain_outlier;taxon_outlier;source_review,pending_submitted_note,agent_threshold_rule_not_corroborated,FALSE,approve_none_insufficient_evidence
064b574af7f9d564be79c7f43ba47922f802dcb778494a100146d358dce9c8e6,raw,Helianthemum nummularium,Leaf nitrogen content per unit mass,26,2,17,5,6,0,review_submission_csv:1081,domain_outlier;taxon_outlier;source_review,pending_isolated_source_pattern,propose_scale_validated_threshold,TRUE,pending_objective_scale_evidence
24dd1f11a314ecc7b2083b2eff61c41dcfdfcbd34ebe2ce9fc4a22ee09186d07,raw,Heliomeris multiflora,Leaf nitrogen content per unit mass,14,2,3,4,2,0,review_submission_csv:1289,domain_outlier;taxon_outlier;source_review,pending_submitted_note,pending_submitted_note,FALSE,approve_none_insufficient_evidence
696b554c563c6a9d7702c72a17c7dac0b6a52251afabd9c5650492b58c33ab49,raw,Heracleum sphondylium,Leaf nitrogen content per unit mass,42,2,11,37,7,0,review_submission_csv:1141,domain_outlier;taxon_outlier;source_review,pending_submitted_note,agent_unparsed_exclusion_instruction,FALSE,approve_none_insufficient_evidence
48cbcfc06703bacdd527751940c0dc239c354d3b237b1d9781cf8014714b13b5,raw,Heteromeles arbutifolia,Leaf nitrogen content per unit mass,14,2,9,0,3,0,review_submission_csv:1164,taxon_outlier;source_review,pending_submitted_note,propose_scale_validated_threshold,TRUE,pending_objective_scale_evidence
37092b220fb6bac6b6a3fd8696fd104bf985e15e09250476a5a34a6bfa98a0f8,raw,Hilaria rigida,Leaf nitrogen content per unit mass,66,1,2,0,4,0,review_submission_csv:1345,taxon_outlier;source_review,pending_submitted_note,pending_submitted_note,FALSE,approve_none_insufficient_evidence
695d4530a3127928f520bea331bef940b5aa0055ca8d839aa7b0d0ae11c13597,raw,Holcus lanatus,Leaf nitrogen content per unit mass,79,1,40,27,5,0,review_submission_csv:1340,domain_outlier;taxon_outlier;source_review,pending_submitted_note,propose_scale_validated_threshold,TRUE,pending_objective_scale_evidence
5cc989f118599e0e7f6c1e2163b27d8ef6f78f18183ceb721a2c233add82b55c,raw,Hydrocotyle vulgaris,Leaf nitrogen content per unit mass,15,1,14,5,2,0,review_submission_csv:1306,domain_outlier;taxon_outlier;source_review,pending_submitted_note,propose_scale_validated_threshold,TRUE,pending_objective_scale_evidence
d8409ab658864297728eaf05dc8c6482ca027a81c3a2925b4bf2d554f01419d9,raw,Hymenopappus mexicanus,Leaf nitrogen content per unit mass,10,1,2,0,4,0,review_submission_csv:966,taxon_outlier;source_review,pending_submitted_note,pending_submitted_note,FALSE,approve_none_insufficient_evidence
6e6dd94f904df22ae0b4e02cb608a2c7de13efa30486d74a415090749d6b4a9c,raw,Hymenothrix dissecta,Leaf nitrogen content per unit mass,10,1,2,0,4,0,review_submission_csv:967,taxon_outlier;source_review,pending_submitted_note,pending_submitted_note,FALSE,approve_none_insufficient_evidence
3a81b73c692ce0de5f9011c288f12440c2659f726702d18ea3c1c2d043b12d66,raw,Hymenoxys richardsonii,Leaf nitrogen content per unit mass,10,1,6,0,2,0,review_submission_csv:1215,taxon_outlier;source_review,pending_submitted_note,pending_submitted_note,FALSE,approve_none_insufficient_evidence
d43febe8845d8f7706beb33d9880ebdacf836438b4f6645be3d9609f06f151f3,raw,Hypericum perforatum,Leaf nitrogen content per unit mass,18,1,13,2,8,0,review_submission_csv:929,domain_outlier;taxon_outlier;source_review,pending_isolated_source_pattern,propose_scale_validated_threshold,TRUE,pending_objective_scale_evidence
7b9c8864c738ddb48abb0414c6ceccf2aab70a5df53c951b5bf4076df6494cfb,raw,Ilex aquifolium,Leaf nitrogen content per unit mass,41,1,16,5,10,0,review_submission_csv:985,domain_outlier;taxon_outlier;source_review,pending_submitted_note,propose_scale_validated_threshold,TRUE,pending_objective_scale_evidence
3b11acc10995c24f728830379e82ee234a6debde046d2ed71ccfacfc3ff6082d,raw,Ilex opaca,Leaf nitrogen content per unit mass,29,1,9,0,1,0,review_submission_csv:1414,taxon_outlier;source_review,pending_submitted_note,pending_submitted_note,FALSE,approve_none_insufficient_evidence
b8e217c1f2e3271c8dec851d1e61e2397ef08a33c71f1527df6108162ba8a287,raw,Ilex verticillata,Leaf nitrogen content per unit mass,27,2,25,4,6,0,review_submission_csv:1083,domain_outlier;taxon_outlier;source_review,pending_submitted_note,agent_unparsed_exclusion_instruction,FALSE,approve_none_insufficient_evidence
73fc2fa2df3f0685ac9266a5f4b70c0346ea05d6a686db0e372105777fb84724,raw,Jacobaea vulgaris,Leaf nitrogen content per unit mass,49,1,47,45,6,0,review_submission_csv:1233,domain_outlier;taxon_outlier;source_review,pending_submitted_note,propose_scale_validated_threshold,TRUE,pending_objective_scale_evidence
f67d22de6cadbf17490368a0eb353bf0d5594161451f01f000199547a26c9b2c,raw,Juglans nigra,Leaf nitrogen content per unit mass,21,2,12,3,3,0,review_submission_csv:1256,domain_outlier;taxon_outlier;source_review,pending_submitted_note,propose_scale_validated_threshold,TRUE,pending_objective_scale_evidence
ce49ef3b1d395f7f9c0e1a75a7670ec270d867ea60377b0373c106f34213ff0b,raw,Juncus arcticus,Leaf nitrogen content per unit mass,14,2,8,3,5,0,review_submission_csv:957,domain_outlier;taxon_outlier;source_review,pending_submitted_note,propose_scale_validated_threshold,TRUE,pending_objective_scale_evidence
83b1113a4ea912af8710bdede56840cd71c7edbdec6620a7cc574537c114bf6a,raw,Juncus articulatus,Leaf nitrogen content per unit mass,11,1,11,4,2,0,review_submission_csv:1250,domain_outlier;taxon_outlier;source_review,pending_submitted_note,propose_scale_validated_threshold,TRUE,pending_objective_scale_evidence
675cc51dd5ea2785a9898d81fae58958382e566ad4f765de7b17e373bd7fedaa,raw,Juncus drummondii,Leaf nitrogen content per unit mass,10,1,1,0,3,0,review_submission_csv:1090,taxon_outlier;source_review,pending_submitted_note,pending_submitted_note,FALSE,approve_none_insufficient_evidence
f42bfeca494524eca778a32b313d9e2931fdf51065abf831d98821c235fb69f9,raw,Juncus effusus,Leaf nitrogen content per unit mass,12,1,8,1,2,0,review_submission_csv:1266,domain_outlier;taxon_outlier;source_review,pending_submitted_note,propose_scale_validated_threshold,TRUE,pending_objective_scale_evidence
4ecb03c2123b014a5ed52e53137d3e71b21882b2ec464dd6705521a4c6f0560d,raw,Juniperus deppeana,Leaf nitrogen content per unit mass,22,2,10,0,3,0,review_submission_csv:1260,taxon_outlier;source_review,pending_submitted_note,propose_scale_validated_threshold,TRUE,pending_objective_scale_evidence
add54620364c64e7f3f76fe76f42239e6c8829a8000244976c3de5cd76c3f310,raw,Juniperus monosperma,Leaf nitrogen content per unit mass,24,2,13,0,3,0,review_submission_csv:1280,taxon_outlier;source_review,pending_submitted_note,propose_scale_validated_threshold,TRUE,pending_objective_scale_evidence
bbbe6e093152a423e2ac087d96f3be8bb2afeec3ac314652ac1d888d11efb081,raw,Juniperus osteosperma,Leaf nitrogen content per unit mass,30,2,14,0,8,0,review_submission_csv:982,taxon_outlier;source_review,pending_isolated_source_pattern,pending_isolated_source_pattern,FALSE,approve_none_insufficient_evidence
e3b893db7042ad6f7dcb570d2efb894f56f3a72895c0dacd4555ea208477f5df,raw,Juniperus phoenicea,Leaf nitrogen content per unit mass,34,1,4,5,8,0,review_submission_csv:1007,domain_outlier;taxon_outlier;source_review,agent_recovered_rule,,FALSE,approve_none_insufficient_evidence
20ecce94aa8e92bbc9f347ad63888abb8fc3c1a1a42d0df60fb15ab3fdd75aa8,raw,Juniperus scopulorum,Leaf nitrogen content per unit mass,18,1,8,0,2,0,review_submission_csv:1327,taxon_outlier;source_review,pending_submitted_note,pending_submitted_note,FALSE,approve_none_insufficient_evidence
9d9a85f9087ba43eb3185498c56e829f2308fa56a3efc997f155fab43956702c,raw,Juniperus virginiana,Leaf nitrogen content per unit mass,17,2,6,3,3,0,review_submission_csv:1195,domain_outlier;taxon_outlier;source_review,pending_isolated_source_pattern,propose_scale_validated_threshold,TRUE,pending_objective_scale_evidence
e84496da94f0cee149c6c8b1c82bc6f014af73463b4d14c593d0b26c4df31e82,raw,Kalmia latifolia,Leaf nitrogen content per unit mass,16,2,15,0,4,0,review_submission_csv:1097,taxon_outlier;source_review,pending_isolated_source_pattern,propose_scale_validated_threshold,TRUE,pending_objective_scale_evidence
a36520d2f87503ababf8f6ddfb842dd54f501a944169e6ab848344f7652eb612,raw,Knautia arvensis,Leaf nitrogen content per unit mass,45,1,3,41,4,0,review_submission_csv:1320,domain_outlier;taxon_outlier;source_review,pending_isolated_source_pattern,agent_unparsed_exclusion_instruction,FALSE,approve_none_insufficient_evidence
c16582bdcc3f14872bd27c1a0f18f9e47ffc4105948b04db821688fd770e88d4,raw,Kobresia sp,Leaf nitrogen content per unit mass,60,1,4,0,10,0,review_submission_csv:1113,taxon_outlier;source_review,pending_submitted_note,pending_submitted_note,FALSE,approve_none_insufficient_evidence
cc9869639d2179028a9503a5e3a9b7ed042a1eb7ebff3d9bf7d8d0039238c4b7,raw,Koeleria pyramidata,Leaf nitrogen content per unit mass,57,1,16,8,13,0,review_submission_csv:980,domain_outlier;taxon_outlier;source_review,pending_submitted_note,propose_scale_validated_threshold,TRUE,pending_objective_scale_evidence
fb3862b604521ec48cb45c66422826dcdc338a6663dd6aa9ce1c3bc966736d12,raw,Krameria erecta,Leaf nitrogen content per unit mass,95,2,5,1,3,0,review_submission_csv:1441,domain_outlier;taxon_outlier;source_review,pending_isolated_source_pattern,agent_unparsed_exclusion_instruction,FALSE,approve_none_insufficient_evidence
4eb7b8c11552c0b020af4260d773b34917f17a96912d3c328b069de1b133550a,raw,Laburnum anagyroides,Leaf nitrogen content per unit mass,25,1,12,3,9,0,review_submission_csv:938,domain_outlier;taxon_outlier;source_review,pending_submitted_note,propose_scale_validated_threshold,TRUE,pending_objective_scale_evidence
f87706db07ba149409e05e6051ca0f7cc46fb3bd9708e74a4963ec96a455aa98,raw,Larix decidua,Leaf nitrogen content per unit mass,75,2,20,7,8,0,review_submission_csv:1240,domain_outlier;taxon_outlier;source_review,pending_isolated_source_pattern,propose_scale_validated_threshold,TRUE,pending_objective_scale_evidence
30fb236b4948fe98d394167b988e29c3d3b6baf5e2909195bae96c95fd43b5a0,raw,Larix laricina,Leaf nitrogen content per unit mass,50,2,14,3,4,0,review_submission_csv:1332,domain_outlier;taxon_outlier;source_review,pending_isolated_source_pattern,propose_scale_validated_threshold,TRUE,pending_objective_scale_evidence
8b6eae1369f358657d455aaf1de41ec96c950f11712b37d00b6ef28ece3bae20,raw,Larix occidentalis,Leaf nitrogen content per unit mass,10,2,10,3,1,0,review_submission_csv:1349,domain_outlier;taxon_outlier;source_review,pending_submitted_note,propose_scale_validated_threshold,TRUE,pending_objective_scale_evidence
b122b8c5740c4a6e977aa5c789a4a0d6eb9fc75450bd47b5e71d0fd862ca1970,raw,Larrea tridentata,Leaf nitrogen content per unit mass,191,2,14,5,21,0,review_submission_csv:1167,domain_outlier;taxon_outlier;source_review,pending_submitted_note,propose_scale_validated_threshold,TRUE,pending_objective_scale_evidence
850ade378567f4790469cbdc1068227f34e82da2d410d72ec8d940759f5cb676,raw,Lathyrus sp,Leaf nitrogen content per unit mass,20,1,2,0,2,0,review_submission_csv:1335,taxon_outlier;source_review,pending_submitted_note,pending_submitted_note,FALSE,approve_none_insufficient_evidence
1db2aa8d0047fe31e7b271989eb97db2d0e8f910bf2be8f4ef3e15788e79af19,raw,Lathyrus venosus,Leaf nitrogen content per unit mass,12,1,2,0,2,0,review_submission_csv:1267,taxon_outlier;source_review,pending_submitted_note,pending_submitted_note,FALSE,approve_none_insufficient_evidence
4d908d8573bf80d4362aa120724f783528c22e07d9451fe97d59cc3b689e22c4,raw,Lathyrus vernus,Leaf nitrogen content per unit mass,30,1,20,0,4,0,review_submission_csv:1241,taxon_outlier;source_review,pending_submitted_note,pending_submitted_note,FALSE,approve_none_insufficient_evidence
e3294818cf95f364d2fbe9b4b42cbaef36f7970dc0cf054d50e518b50bc12ed6,raw,Lavandula latifolia,Leaf nitrogen content per unit mass,41,2,10,33,8,0,review_submission_csv:1088,domain_outlier;taxon_outlier;source_review,pending_submitted_note,propose_scale_validated_threshold,TRUE,pending_objective_scale_evidence
e2aeadc5c3e8a66aefff5c380cfe1cebfe1fd91503fc3192fb66fab1cdf1020a,raw,Lavandula stoechas,Leaf nitrogen content per unit mass,10,2,8,2,3,0,review_submission_csv:1091,domain_outlier;taxon_outlier;source_review,pending_submitted_note,propose_scale_validated_threshold,TRUE,pending_objective_scale_evidence
8ea98aaa678f051e255fdd1c8d2cd600a104e36757bbc7477368e8642f736a76,raw,Lepidium densiflorum,Leaf nitrogen content per unit mass,10,1,6,1,1,0,review_submission_csv:1350,domain_outlier;taxon_outlier;source_review,pending_isolated_source_pattern,agent_threshold_rule_not_corroborated,FALSE,approve_none_insufficient_evidence
ca1d8e347329e45edc21590c67ece745e15674b6effba1447f3b1cae7624f755,raw,Lespedeza capitata,Leaf nitrogen content per unit mass,58,2,15,4,12,0,review_submission_csv:1004,domain_outlier;taxon_outlier;source_review,pending_submitted_note,pending_submitted_note,FALSE,approve_none_insufficient_evidence
37ade5aa516265a70c293c320ad94f6bb893e0396b31ec6e919c3188da8bf9c5,raw,Liatris aspera,Leaf nitrogen content per unit mass,41,2,11,2,5,0,review_submission_csv:1245,domain_outlier;taxon_outlier;source_review,pending_submitted_note,propose_scale_validated_threshold,TRUE,pending_objective_scale_evidence
62788a5aeb8c3c4cd9eed7c301e6653351c87261e89efc56c77fef80ca3e8be9,raw,Liatris punctata,Leaf nitrogen content per unit mass,12,1,3,10,2,0,review_submission_csv:1268,domain_outlier;taxon_outlier;source_review,pending_isolated_source_pattern,agent_unparsed_exclusion_instruction,FALSE,approve_none_insufficient_evidence
7aad284267bf809dddaabca79d95f0ad7f3761fa32c8337d62b0318c70af9908,raw,Ligustrum vulgare,Leaf nitrogen content per unit mass,17,1,8,3,4,0,review_submission_csv:1115,domain_outlier;taxon_outlier;source_review,pending_isolated_source_pattern,propose_scale_validated_threshold,TRUE,pending_objective_scale_evidence
d02c80305b3fadcd8fef7c0b558e340a47d0549febe287b1da0acee7448feb66,raw,Linum australe,Leaf nitrogen content per unit mass,10,1,2,0,2,0,review_submission_csv:1216,taxon_outlier;source_review,pending_submitted_note,pending_submitted_note,FALSE,approve_none_insufficient_evidence
2f2e7431e89f7fac092893971cccbc4b9f8ba0dffdbe6c600ca4cfe333bb0a5c,raw,Liquidambar styraciflua,Leaf nitrogen content per unit mass,184,2,34,42,11,0,review_submission_csv:1334,domain_outlier;taxon_outlier;source_review,pending_submitted_note,propose_scale_validated_threshold,TRUE,pending_objective_scale_evidence
8c98fdcf5033ed026d745e70004beb582d0ece487be29f9d980ee930dc00c068,raw,Liriodendron tulipifera,Leaf nitrogen content per unit mass,83,2,44,6,16,0,review_submission_csv:1002,domain_outlier;taxon_outlier;source_review,pending_isolated_source_pattern,agent_strong_isolated_source_pattern,TRUE,pending_objective_scale_evidence
8fe4788b68cfa53eee3850678404968dede15bfa958316318bc273f7f420c87c,raw,Lolium perenne,Leaf nitrogen content per unit mass,66,1,42,2,3,0,review_submission_csv:1390,domain_outlier;taxon_outlier;source_review,pending_submitted_note,propose_scale_validated_threshold,TRUE,pending_objective_scale_evidence
eaf2b973cd9c651ff71be22d04549964b8675572666a4f2b697f1a43968b86ee,raw,Lolium pratense,Leaf nitrogen content per unit mass,22,1,22,0,1,0,review_submission_csv:1408,taxon_outlier;source_review,pending_submitted_note,pending_submitted_note,FALSE,approve_none_insufficient_evidence
bb9c691360ffa3f78c5a580614735276a9af71de090063f2e3700c063e47a257,raw,Lupinus perennis,Leaf nitrogen content per unit mass,29,2,13,4,4,0,review_submission_csv:1238,domain_outlier;taxon_outlier;source_review,pending_submitted_note,propose_scale_validated_threshold,TRUE,pending_objective_scale_evidence
f3d677c988303ce3368e65cafde053a8d39a77757bf860faf9ba6d74a0579f55,raw,Lupinus variicolor,Leaf nitrogen content per unit mass,13,1,1,0,3,0,review_submission_csv:1145,taxon_outlier;source_review,pending_submitted_note,pending_submitted_note,FALSE,approve_none_insufficient_evidence
6eba61eae55d70fa1ec000b9bfe8bddaadf6ac05cc3de04822176017b19b7fa9,raw,Luzula campestris,Leaf nitrogen content per unit mass,22,1,4,14,7,0,review_submission_csv:951,domain_outlier;taxon_outlier;source_review,pending_isolated_source_pattern,agent_threshold_rule_not_corroborated,FALSE,approve_none_insufficient_evidence
fd1dab2d8ca47f8df7dc043d3c82392123c32cd4fafd25c6989db06331d0b42f,raw,Luzula piperi,Leaf nitrogen content per unit mass,48,1,2,0,4,0,review_submission_csv:1330,taxon_outlier;source_review,pending_submitted_note,pending_submitted_note,FALSE,approve_none_insufficient_evidence
65d9feee21515a8270c0b738fae1944dffabce2c1f01ffcf9ea2037af0894396,raw,Luzula sp,Leaf nitrogen content per unit mass,60,1,6,0,2,0,review_submission_csv:1410,taxon_outlier;source_review,pending_submitted_note,pending_submitted_note,FALSE,approve_none_insufficient_evidence
f13edee461b54b72a789846389e39e87081a9fae3a23faf2b415e988a177d56e,raw,Luzula sylvatica,Leaf nitrogen content per unit mass,17,1,10,0,5,0,review_submission_csv:1003,taxon_outlier;source_review,pending_submitted_note,pending_submitted_note,FALSE,approve_none_insufficient_evidence
e1c7dc3f2f4fccf44b232264f8e3d61020557187584725cf738913b229a8ed91,raw,Lycium andersonii,Leaf nitrogen content per unit mass,21,2,7,1,1,0,review_submission_csv:1440,domain_outlier;taxon_outlier;source_review,pending_isolated_source_pattern,agent_unparsed_exclusion_instruction,FALSE,approve_none_insufficient_evidence
8f4495cda6862790baf9901d023dbfd0b681a68ccb841d383c4d55e287fc90af,raw,Lycium pallidum,Leaf nitrogen content per unit mass,42,1,2,0,6,0,review_submission_csv:1185,taxon_outlier;source_review,pending_submitted_note,pending_submitted_note,FALSE,approve_none_insufficient_evidence
56aee3cceed8d03df2f81de6ac2940075e43f942269dd5cfce044da2de8b0336,raw,Lycopodium annotinum,Leaf nitrogen content per unit mass,32,1,12,0,9,0,review_submission_csv:953,taxon_outlier;source_review,pending_isolated_source_pattern,propose_scale_validated_threshold,TRUE,pending_objective_scale_evidence
c4e729f8e0aa0b94069bf7ab65d1275f72d7db2a0c8ad2034dfbad711b152b5c,raw,Lycopus europaeus,Leaf nitrogen content per unit mass,10,1,10,5,1,0,review_submission_csv:1351,domain_outlier;taxon_outlier;source_review,pending_submitted_note,propose_scale_validated_threshold,TRUE,pending_objective_scale_evidence
cb1a9dca57d5951fc66de017872aa26b2042d759df6921849c62f15721e94565,raw,Lysimachia vulgaris,Leaf nitrogen content per unit mass,11,1,6,1,1,0,review_submission_csv:1363,domain_outlier;taxon_outlier;source_review,pending_isolated_source_pattern,agent_threshold_rule_not_corroborated,FALSE,approve_none_insufficient_evidence
34577b2ef1e8a97ba7841bc01ea62fb18b3c98afcb6fb5236c7e5f24150558a7,raw,Magnolia acuminata,Leaf nitrogen content per unit mass,27,1,15,0,6,0,review_submission_csv:1084,taxon_outlier;source_review,pending_submitted_note,pending_submitted_note,FALSE,approve_none_insufficient_evidence
f0dc2bac29782329189275fc7830786ff3f2c652788a4e415b12f534b16b9c45,raw,Magnolia fraseri,Leaf nitrogen content per unit mass,11,1,11,1,3,0,review_submission_csv:1118,domain_outlier;taxon_outlier;source_review,pending_isolated_source_pattern,agent_threshold_rule_not_corroborated,FALSE,approve_none_insufficient_evidence
e4eb0583864a69ed447e27caeae4db3f5cba684141d541dcf53b5beaf5c21c79,raw,Magnolia grandiflora,Leaf nitrogen content per unit mass,24,1,2,0,1,0,review_submission_csv:1411,taxon_outlier;source_review,pending_submitted_note,pending_submitted_note,FALSE,approve_none_insufficient_evidence
b3a99faaa9e1160591666186b108753dbbfd68d6aff592c29b01917697f66ebc,raw,Maianthemum canadense,Leaf nitrogen content per unit mass,14,1,2,0,3,0,review_submission_csv:1165,taxon_outlier;source_review,pending_submitted_note,pending_submitted_note,FALSE,approve_none_insufficient_evidence
4d96c0aee5438bb58b7ffdc3d94960fe334763c47dd1d99091e7de8d45c21938,raw,Malus sylvestris,Leaf nitrogen content per unit mass,17,1,6,3,6,0,review_submission_csv:948,domain_outlier;taxon_outlier;source_review,pending_isolated_source_pattern,propose_scale_validated_threshold,TRUE,pending_objective_scale_evidence
a7aa41cfda388673f3896167ba62af6184bd520019f36e7fb2e456059070da71,raw,Matteuccia struthiopteris,Leaf nitrogen content per unit mass,13,2,9,1,4,0,review_submission_csv:1012,domain_outlier;taxon_outlier;source_review,pending_isolated_source_pattern,agent_strong_isolated_source_pattern,TRUE,pending_objective_scale_evidence
5b16170056f0befa2022ded00f94d8bea73ddb4f258e2a2dc04761ea3c7bc677,raw,Medicago lupulina,Leaf nitrogen content per unit mass,28,1,5,25,3,0,review_submission_csv:1309,domain_outlier;taxon_outlier;source_review,pending_submitted_note,agent_unparsed_exclusion_instruction,FALSE,approve_none_insufficient_evidence
6f7ac2cfd235f320b60c0175cbf2f35889a9a906dfb0f703ab7bab56e56f3314,raw,Medicago polymorpha,Leaf nitrogen content per unit mass,16,1,2,0,2,0,review_submission_csv:1312,taxon_outlier;source_review,pending_submitted_note,pending_submitted_note,FALSE,approve_none_insufficient_evidence
8cf71a74c95fc49699524571b25c2a4e151a1c723a32fc67b25cdee4aa9405eb,raw,Melampyrum sylvaticum,Leaf nitrogen content per unit mass,35,1,11,7,7,0,review_submission_csv:1094,domain_outlier;taxon_outlier;source_review,pending_submitted_note,propose_scale_validated_threshold,TRUE,pending_objective_scale_evidence
ffe141e2cf0507670479091e61df2dfc9e42d4584e9c99a37ff42cc2b85b9099,raw,Melica uniflora,Leaf nitrogen content per unit mass,21,1,15,0,4,0,review_submission_csv:1154,taxon_outlier;source_review,pending_submitted_note,pending_submitted_note,FALSE,approve_none_insufficient_evidence
808d1716bc4bbf358d9b9c8d1bd365db8d8728079eb96fb0f1dc9881021beece,raw,Mentha aquatica,Leaf nitrogen content per unit mass,22,1,22,7,3,0,review_submission_csv:1261,domain_outlier;taxon_outlier;source_review,pending_submitted_note,propose_scale_validated_threshold,TRUE,pending_objective_scale_evidence
a54b06c5a7423a626b0dd8e701bd2370db3d9575ccf73e7ff310846be14b2935,raw,Mercurialis perennis,Leaf nitrogen content per unit mass,26,1,16,0,3,0,review_submission_csv:1299,taxon_outlier;source_review,pending_submitted_note,pending_submitted_note,FALSE,approve_none_insufficient_evidence
461ff5c8efec3d7030c455253c340baf980b4cacddba381cf12335edb30b4469,raw,Micranthes ferruginea,Leaf nitrogen content per unit mass,34,1,2,0,2,0,review_submission_csv:1377,taxon_outlier;source_review,pending_submitted_note,pending_submitted_note,FALSE,approve_none_insufficient_evidence
ef664b5a804cb28308eeb2657597acedf7a7a005c9f6e85b8162513780a24317,raw,Molinia caerulea,Leaf nitrogen content per unit mass,28,1,19,5,7,0,review_submission_csv:1006,domain_outlier;taxon_outlier;source_review,pending_submitted_note,propose_scale_validated_threshold,TRUE,pending_objective_scale_evidence
bc7c24e76046bc0ac8c7ed9b494576a517fdeaadbca8ccbe02d06f5fb7ddece5,raw,Monarda fistulosa,Leaf nitrogen content per unit mass,19,1,6,2,4,0,review_submission_csv:1137,domain_outlier;taxon_outlier;source_review,pending_submitted_note,propose_scale_validated_threshold,TRUE,pending_objective_scale_evidence
f5a81b96eb98e36bc675015e2117d0a2115f5a8f8fc689748943e28cc0e7f74b,raw,Morus alba,Leaf nitrogen content per unit mass,30,1,2,0,2,0,review_submission_csv:1358,taxon_outlier;source_review,pending_submitted_note,pending_submitted_note,FALSE,approve_none_insufficient_evidence
84bf1e9928ad782162d0c62404413fe92699fea0b83a58adbe8cb8c4c5fabe9c,raw,Muhlenbergia rigens,Leaf nitrogen content per unit mass,10,1,2,0,2,0,review_submission_csv:1217,taxon_outlier;source_review,pending_submitted_note,pending_submitted_note,FALSE,approve_none_insufficient_evidence
69e57d41bdf816bc40ccf95b1b0bd78d05c96fa62fe8b5c0b58acf8b88b09d98,raw,Muhlenbergia wrightii,Leaf nitrogen content per unit mass,10,1,2,0,2,0,review_submission_csv:1218,taxon_outlier;source_review,pending_submitted_note,pending_submitted_note,FALSE,approve_none_insufficient_evidence
83b0b020cb2fdf0ea526d8dd0347dcd544288301bfeba3887c800225317c5b3f,raw,Nassella pulchra,Leaf nitrogen content per unit mass,31,1,2,0,2,0,review_submission_csv:1365,taxon_outlier;source_review,pending_submitted_note,pending_submitted_note,FALSE,approve_none_insufficient_evidence
6aca373af292852120fcce4c362a9c9e35ad9c1cb1da1e932ea3e92ec1e8e7ae,raw,Nyssa sylvatica,Leaf nitrogen content per unit mass,41,1,33,1,1,0,review_submission_csv:1455,domain_outlier;taxon_outlier;source_review,pending_submitted_note,agent_threshold_rule_not_corroborated,FALSE,approve_none_insufficient_evidence
611640079419062ca1a476155d676d2e22d84320af9ac88e8a1edfa429d23dfa,raw,Ostrya virginiana,Leaf nitrogen content per unit mass,112,1,26,4,22,0,review_submission_csv:979,domain_outlier;taxon_outlier;source_review,pending_submitted_note,propose_scale_validated_threshold,TRUE,pending_objective_scale_evidence
6c690e42eac49c189788f0733027f8299fbc6e57b5115839e66ab427eca0c555,raw,Oxydendrum arboreum,Leaf nitrogen content per unit mass,15,1,8,1,1,0,review_submission_csv:1394,domain_outlier;taxon_outlier;source_review,pending_isolated_source_pattern,agent_threshold_rule_not_corroborated,FALSE,approve_none_insufficient_evidence
200d3377be058f275dbd6abdcb741cd9c1710dbdac164b4a1203b99f59cbe059,raw,Packera multilobata,Leaf nitrogen content per unit mass,10,1,2,0,2,0,review_submission_csv:1219,taxon_outlier;source_review,pending_submitted_note,pending_submitted_note,FALSE,approve_none_insufficient_evidence
347f92423533029275a1056c8f833e15bf4d56e22431c66c60c4b45d03644be7,raw,Panicum acuminatum,Leaf nitrogen content per unit mass,33,1,1,0,5,0,review_submission_csv:1187,taxon_outlier;source_review,pending_submitted_note,pending_submitted_note,FALSE,approve_none_insufficient_evidence
2fdfd25aadb26e96d7eb95d77c7ba1008486d6f2f1bd4eec880275dce1d6a33f,raw,Panicum linearifolium,Leaf nitrogen content per unit mass,15,1,3,0,1,0,review_submission_csv:1395,taxon_outlier;source_review,agent_repeated_source_pattern,,TRUE,pending_objective_scale_evidence
ddcd5c6ee58b14ffd55aeb5aa72b45e6844b8a41ff459f93baee34bc0785c622,raw,Panicum oligosanthes,Leaf nitrogen content per unit mass,27,1,5,2,4,0,review_submission_csv:1200,domain_outlier;taxon_outlier;source_review,pending_submitted_note,propose_scale_validated_threshold,TRUE,pending_objective_scale_evidence
2904a24a379039dc6432536fdd1410a20c73f2077ecb5b92a0be605fc599fe32,raw,Panicum virgatum,Leaf nitrogen content per unit mass,38,2,15,3,4,0,review_submission_csv:1298,domain_outlier;taxon_outlier;source_review,pending_submitted_note,pending_submitted_note,FALSE,approve_none_insufficient_evidence
2c4d20542276f68a36694f0ce1be2a2176750c49e45c9c55a9223584df028ff2,raw,Parthenocissus quinquefolia,Leaf nitrogen content per unit mass,30,1,6,0,5,0,review_submission_csv:1168,taxon_outlier;source_review,pending_submitted_note,pending_submitted_note,FALSE,approve_none_insufficient_evidence
da915114b3f84e43490e6cd813caf7edc561d5cefcd82bbc8919d4294871bf97,raw,Pedicularis hirsuta,Leaf nitrogen content per unit mass,17,1,9,5,1,0,review_submission_csv:1431,domain_outlier;taxon_outlier;source_review,pending_submitted_note,propose_scale_validated_threshold,TRUE,pending_objective_scale_evidence
17b6ff4ad0feaef03d9d47018e59aabaa61541a8a5d326bb5e91192615825cd6,raw,Pedicularis lapponica,Leaf nitrogen content per unit mass,34,1,11,7,11,0,review_submission_csv:939,domain_outlier;taxon_outlier;source_review,pending_submitted_note,propose_scale_validated_threshold,TRUE,pending_objective_scale_evidence
49bb5f3d665386df8d6e9f6be01d5cc2ea26c92562d1cf3e1787a6dea67c3723,raw,Pedicularis sceptrum-carolinum,Leaf nitrogen content per unit mass,12,1,8,0,3,0,review_submission_csv:1128,taxon_outlier;source_review,pending_submitted_note,pending_submitted_note,FALSE,approve_none_insufficient_evidence
bde842761e5a947a3785299bc85e69326ec5e60c669a909300d399012d08b824,raw,Penstemon barbatus,Leaf nitrogen content per unit mass,10,1,2,0,2,0,review_submission_csv:1220,taxon_outlier;source_review,pending_submitted_note,pending_submitted_note,FALSE,approve_none_insufficient_evidence
651dec90456b46644b4593ce48db23ab83a590140865d4dfe1a65502376ca262,raw,Penstemon virgatus,Leaf nitrogen content per unit mass,10,1,2,0,2,0,review_submission_csv:1221,taxon_outlier;source_review,pending_submitted_note,pending_submitted_note,FALSE,approve_none_insufficient_evidence
8b181af5d348ab629932966bc9cc443c0f4670d05d52f3de6fc49e0cc98920b9,raw,Phalaris arundinacea,Leaf nitrogen content per unit mass,15,1,12,3,3,0,review_submission_csv:1179,domain_outlier;taxon_outlier;source_review,pending_submitted_note,propose_scale_validated_threshold,TRUE,pending_objective_scale_evidence
2900b5d2f531063331e52662f787d345ff51a1db772b294b2b561ee2347705d5,raw,Phillyrea latifolia,Leaf nitrogen content per unit mass,179,2,37,87,30,0,review_submission_csv:996,domain_outlier;taxon_outlier;source_review,pending_submitted_note,propose_scale_validated_threshold,TRUE,pending_objective_scale_evidence
4551309ee2ba42f41aad1d069b04ace1d286d63970edf22129626091bfc3173b,raw,Phleum pratense,Leaf nitrogen content per unit mass,96,2,19,84,13,0,review_submission_csv:1142,domain_outlier;taxon_outlier;source_review,pending_submitted_note,propose_scale_validated_threshold,TRUE,pending_objective_scale_evidence
ed548db7dd5502365cb688e9c2fdde9f4402f347c8c279c6729016a5c9765043,raw,Phlomis purpurea,Leaf nitrogen content per unit mass,33,2,4,30,2,0,review_submission_csv:1375,domain_outlier;taxon_outlier;source_review,pending_isolated_source_pattern,agent_unparsed_exclusion_instruction,FALSE,approve_none_insufficient_evidence
763d632630cc1aa411d6e1850e6cbb7515c6d049be3a07d61bd8d8e068366705,raw,Photinia melanocarpa,Leaf nitrogen content per unit mass,12,1,11,0,2,0,review_submission_csv:1269,taxon_outlier;source_review,pending_submitted_note,pending_submitted_note,FALSE,approve_none_insufficient_evidence
e2f88a6810f120639a3097abf2ba52db56d8b728225f66e0914dc6a84a06f102,raw,Phragmites australis,Leaf nitrogen content per unit mass,145,2,30,132,17,0,review_submission_csv:1158,domain_outlier;taxon_outlier;source_review,pending_submitted_note,propose_scale_validated_threshold,TRUE,pending_objective_scale_evidence
cae1a50c6d3dc5f4a6685825252492ea3a0f6063dc218c1cf156d194600a2fb9,raw,Phyllodoce empetriformis,Leaf nitrogen content per unit mass,58,1,2,0,12,0,review_submission_csv:1005,taxon_outlier;source_review,pending_submitted_note,pending_submitted_note,FALSE,approve_none_insufficient_evidence
57e609b94995de62f82cd695761b3241e13ac4ac1c29abec170173063ec8594f,raw,Picea abies,Leaf nitrogen content per unit mass,833,2,150,8,69,0,review_submission_csv:1176,domain_outlier;taxon_outlier;source_review,pending_submitted_note,propose_scale_validated_threshold,TRUE,pending_objective_scale_evidence
9af13c3f618b69a960ec6c9c631c2dc831d5bf2c19bdba838ac3af19bef8a3ee,raw,Picea engelmannii,Leaf nitrogen content per unit mass,58,2,24,0,6,0,review_submission_csv:1274,taxon_outlier;source_review,pending_isolated_source_pattern,propose_scale_validated_threshold,TRUE,pending_objective_scale_evidence
91cb62ad71a34ede3a165fd5c1ebb12ae4b358916a3e41ec5553339f1874dac0,raw,Picea glauca,Leaf nitrogen content per unit mass,57,2,25,1,10,0,review_submission_csv:1096,domain_outlier;taxon_outlier;source_review,pending_submitted_note,propose_scale_validated_threshold,TRUE,pending_objective_scale_evidence
477cfe3a3af59483a19ded0b1d174ae0b82426f27365293962329a2781cdd5cf,raw,Picea mariana,Leaf nitrogen content per unit mass,540,2,81,0,42,0,review_submission_csv:1204,taxon_outlier;source_review,pending_submitted_note,propose_scale_validated_threshold,TRUE,pending_objective_scale_evidence
7f0763349be66e806ce14736d2bc45cfd144c845e592e4313694178301cfe7ab,raw,Picea rubens,Leaf nitrogen content per unit mass,496,1,72,0,25,0,review_submission_csv:1333,taxon_outlier;source_review,pending_submitted_note,pending_submitted_note,FALSE,approve_none_insufficient_evidence
4a55ecbb5953f00919a9a5449f9a0c2518da16d5581c31c0d0b422bcca17a274,raw,Picea sitchensis,Leaf nitrogen content per unit mass,65,1,12,0,1,0,review_submission_csv:1418,taxon_outlier;source_review,pending_submitted_note,propose_scale_validated_threshold,TRUE,pending_objective_scale_evidence
f878cadef9c05ec67851261e9f09525bdf1d434e0df807845282da4857818050,raw,Picris hieracioides,Leaf nitrogen content per unit mass,16,2,13,4,4,0,review_submission_csv:1098,domain_outlier;taxon_outlier;source_review,pending_submitted_note,propose_scale_validated_threshold,TRUE,pending_objective_scale_evidence
4d7424ec282eea57382cd1fd89fa8cbf19d2a6af7a4a5fffd1b5cd46d86dfc9c,raw,Pimpinella major,Leaf nitrogen content per unit mass,62,1,8,59,5,0,review_submission_csv:1324,domain_outlier;taxon_outlier;source_review,pending_submitted_note,agent_unparsed_exclusion_instruction,FALSE,approve_none_insufficient_evidence
3d0ae842e8779e6b175ab2d4bfc1a42bb74584b1896bb83dac28c050dd25ea19,raw,Pinus aristata,Leaf nitrogen content per unit mass,18,1,6,0,2,0,review_submission_csv:1328,taxon_outlier;source_review,pending_submitted_note,pending_submitted_note,FALSE,approve_none_insufficient_evidence
4df125ad97ae24721d83458f5e3e5fc141f4e15a749c2084f8080f0d59010347,raw,Pinus banksiana,Leaf nitrogen content per unit mass,430,2,47,1,47,0,review_submission_csv:1123,domain_outlier;taxon_outlier;source_review,pending_submitted_note,propose_scale_validated_threshold,TRUE,pending_objective_scale_evidence
197727df41ad44f23fdf63b762ed04c4877a6188bfde92d6bc7f8756f827b6ed,raw,Pinus brutia,Leaf nitrogen content per unit mass,92,1,16,24,21,0,review_submission_csv:947,domain_outlier;taxon_outlier;source_review,pending_submitted_note,propose_scale_validated_threshold,TRUE,pending_objective_scale_evidence
4640dbd9db02edab375b68f8d26379e00dccc1c8bb3db274ecbf34bdbaa1be61,raw,Pinus contorta,Leaf nitrogen content per unit mass,56,2,11,1,4,0,review_submission_csv:1337,domain_outlier;taxon_outlier;source_review,pending_submitted_note,agent_threshold_rule_not_corroborated,FALSE,approve_none_insufficient_evidence
611a54f496b78548cc6bb006997c8fa9d75af3ba7a97e50cac76961e53dda46d,raw,Pinus edulis,Leaf nitrogen content per unit mass,26,2,12,0,5,0,review_submission_csv:1134,taxon_outlier;source_review,pending_isolated_source_pattern,propose_scale_validated_threshold,TRUE,pending_objective_scale_evidence
d63f8d1decc1f139a312400caec51785738eb63fca60601529d87d593024ae72,raw,Pinus halepensis,Leaf nitrogen content per unit mass,815,2,768,6,73,0,review_submission_csv:1152,domain_outlier;taxon_outlier;source_review,pending_submitted_note,propose_scale_validated_threshold,TRUE,pending_objective_scale_evidence
e6e63d11684fe4d812e183a9d9afd7d58fff1450c7156621b607ff1ec17caa94,raw,Pinus nigra,Leaf nitrogen content per unit mass,568,2,542,0,39,0,review_submission_csv:1258,taxon_outlier;source_review,pending_submitted_note,agent_threshold_rule_not_corroborated,FALSE,approve_none_insufficient_evidence
e40b654be5257a9debcf54b325648e0d4d32b8675c1eac7c5dd7d46286455d26,raw,Pinus nigra subsp. salzmannii,Leaf nitrogen content per unit mass,30,1,1,2,4,0,review_submission_csv:1242,domain_outlier;taxon_outlier;source_review,pending_submitted_note,pending_submitted_note,FALSE,approve_none_insufficient_evidence
7cf37ca7330f9fdd703b05ad06d4f85c4e1690af765c6bd341cb116359814f04,raw,Pinus palustris,Leaf nitrogen content per unit mass,22,2,14,0,4,0,review_submission_csv:1172,taxon_outlier;source_review,pending_submitted_note,pending_submitted_note,FALSE,approve_none_insufficient_evidence
6719c2dad9b23b73f97c2c626d45c777523ba38ca515915c6c3d35ecf3b7ae9b,raw,Pinus pinaster,Leaf nitrogen content per unit mass,106,2,79,0,22,0,review_submission_csv:956,taxon_outlier;source_review,pending_submitted_note,propose_scale_validated_threshold,TRUE,pending_objective_scale_evidence
2c459ef6e24b2cda0354cad5b9ff66a0dac08640f7256322820068b9d8f0745a,raw,Pinus pinea,Leaf nitrogen content per unit mass,129,2,129,0,17,0,review_submission_csv:1127,taxon_outlier;source_review,pending_submitted_note,propose_scale_validated_threshold,TRUE,pending_objective_scale_evidence
15cf52809666fc153efd25e8fa920aeddd02bd39f1ca26bd503445658cdce40b,raw,Pinus ponderosa,Leaf nitrogen content per unit mass,75,2,21,2,12,0,review_submission_csv:1107,domain_outlier;taxon_outlier;source_review,pending_submitted_note,propose_scale_validated_threshold,TRUE,pending_objective_scale_evidence
5de8e0cfe22bdf4925328ed932d8170b4b5a6b0b8687f6d8c0233d65bd3f3f44,raw,Pinus resinosa,Leaf nitrogen content per unit mass,49,2,13,0,8,0,review_submission_csv:1131,taxon_outlier;source_review,pending_isolated_source_pattern,propose_scale_validated_threshold,TRUE,pending_objective_scale_evidence
66fbd8be3653963e3121427512214d202ab0ffea166d92669cea59ce6b6246c6,raw,Pinus strobiformis,Leaf nitrogen content per unit mass,18,1,6,0,2,0,review_submission_csv:1329,taxon_outlier;source_review,pending_submitted_note,pending_submitted_note,FALSE,approve_none_insufficient_evidence
481b153d92ee1aa0ed5ee88360e9df195c588b3f1ffeb9cf879eaecf3b2e437a,raw,Pinus strobus,Leaf nitrogen content per unit mass,164,2,45,7,29,0,review_submission_csv:991,domain_outlier;taxon_outlier;source_review,pending_submitted_note,propose_scale_validated_threshold,TRUE,pending_objective_scale_evidence
2a95d23da95d8dec08d96160c8960c797c6932c3ba82b18157364fb16fd873d1,raw,Pinus taeda,Leaf nitrogen content per unit mass,149,2,23,0,21,0,review_submission_csv:1102,taxon_outlier;source_review,pending_submitted_note,propose_scale_validated_threshold,TRUE,pending_objective_scale_evidence
0229e799e0e1a78e4f57ea2d8d8dceecd75c4ce8a73d48e9b24fe43f19d0d4ab,raw,Pinus uncinata,Leaf nitrogen content per unit mass,159,1,159,0,3,0,review_submission_csv:1454,taxon_outlier;source_review,pending_submitted_note,agent_threshold_rule_not_corroborated,FALSE,approve_none_insufficient_evidence
c45d8e374dc5c58ce2ffa5b7926ee8dc3090fe85db3aab2c1b73fc6e10f44df1,raw,Pistacia lentiscus,Leaf nitrogen content per unit mass,109,2,36,26,33,0,review_submission_csv:931,domain_outlier;taxon_outlier;source_review,agent_recovered_rule,,FALSE,approve_none_insufficient_evidence
f532f8ea3b24273cb16854e98636f09791b4a6f7c596406b763430c1e3be0668,raw,Pistacia terebinthus,Leaf nitrogen content per unit mass,44,2,13,33,8,0,review_submission_csv:1108,domain_outlier;taxon_outlier;source_review,pending_isolated_source_pattern,propose_scale_validated_threshold,TRUE,pending_objective_scale_evidence
7de3d351d991db3744195e964554059f82af7f54c50e0d4c441e1de9a60ec12a,raw,Plantago lanceolata,Leaf nitrogen content per unit mass,148,2,70,64,6,0,review_submission_csv:1385,domain_outlier;taxon_outlier;source_review,pending_submitted_note,propose_scale_validated_threshold,TRUE,pending_objective_scale_evidence
1e82722cf67b0c24b49705ccee263cb8ac46de549d7a9721d3dd38319622cf68,raw,Plantago media,Leaf nitrogen content per unit mass,98,1,11,93,6,0,review_submission_csv:1338,domain_outlier;taxon_outlier;source_review,pending_submitted_note,agent_unparsed_exclusion_instruction,FALSE,approve_none_insufficient_evidence
564ef0bf5a360a694ff135d3d1e22d2a5178c44662d19a3767aa96e28ba2acd9,raw,Plantago patagonica,Leaf nitrogen content per unit mass,15,1,4,3,6,0,review_submission_csv:941,domain_outlier;taxon_outlier;source_review,agent_recovered_rule,,FALSE,approve_none_insufficient_evidence
3287ff7361294a3d635f89193f45db0c7c0d72a94ed7faff72786d2a9e2bf0b2,raw,Platanus occidentalis,Leaf nitrogen content per unit mass,13,1,9,1,1,0,review_submission_csv:1382,domain_outlier;taxon_outlier;source_review,pending_submitted_note,agent_threshold_rule_not_corroborated,FALSE,approve_none_insufficient_evidence
ba1c00212fa5df9402684cb2a838ca3b30e37cc1e3136c8554ec65a1abaef356,raw,Poa alpina,Leaf nitrogen content per unit mass,10,1,6,9,1,0,review_submission_csv:1352,domain_outlier;taxon_outlier;source_review,pending_isolated_source_pattern,agent_unparsed_exclusion_instruction,FALSE,approve_none_insufficient_evidence
2f5d552c3417f2541958dddafa6d773b6960055a07dd7ef969a40317e4a66427,raw,Poa compressa,Leaf nitrogen content per unit mass,11,1,3,0,1,0,review_submission_csv:1364,taxon_outlier;source_review,pending_submitted_note,agent_threshold_rule_not_corroborated,FALSE,approve_none_insufficient_evidence
ef306bf7e2162c77f1c5b123ad178e4a5f2410aacf2ffddf4d3c53316d265fe3,raw,Poa fendleriana,Leaf nitrogen content per unit mass,10,1,2,0,2,0,review_submission_csv:1222,taxon_outlier;source_review,pending_submitted_note,pending_submitted_note,FALSE,approve_none_insufficient_evidence
27c318dc8a0212e187c62d4a7d833577e3fbe8aab2eda1f49b1847fc730bab6f,raw,Poa pratensis,Leaf nitrogen content per unit mass,133,2,40,32,32,0,review_submission_csv:937,domain_outlier;taxon_outlier;source_review,pending_submitted_note,propose_scale_validated_threshold,TRUE,pending_objective_scale_evidence
04139c657798bb675bcae90319ada68b44c21f301e487eba6665afa14544c368,raw,Polygonatum odoratum,Leaf nitrogen content per unit mass,10,1,5,1,4,0,review_submission_csv:968,domain_outlier;taxon_outlier;source_review,pending_submitted_note,agent_threshold_rule_not_corroborated,FALSE,approve_none_insufficient_evidence
cc6df219bcde37bf0adbe3e65906d78c0d41e6fca68bd2aa06875b19657d25a3,raw,Polygonum aviculare,Leaf nitrogen content per unit mass,10,1,6,1,2,0,review_submission_csv:1223,domain_outlier;taxon_outlier;source_review,pending_isolated_source_pattern,agent_threshold_rule_not_corroborated,FALSE,approve_none_insufficient_evidence
75a88a489fc2afd1c81ec07be67c9740760fcf800261d31b03cd2e0098d5326a,raw,Populus alba,Leaf nitrogen content per unit mass,10,2,10,2,4,0,review_submission_csv:969,domain_outlier;taxon_outlier;source_review,pending_submitted_note,propose_scale_validated_threshold,TRUE,pending_objective_scale_evidence
cf5b701f6a82f1e4ac9827531ea1c696661690dd37d0935711648820e9bd6bf4,raw,Populus balsamifera,Leaf nitrogen content per unit mass,17,1,8,1,1,0,review_submission_csv:1432,domain_outlier;taxon_outlier;source_review,pending_submitted_note,agent_threshold_rule_not_corroborated,FALSE,approve_none_insufficient_evidence
0599dba0f0de501d9a2ffe79478fc20d0503c40b41920dc7b12e4c06d04d761f,raw,Populus grandidentata,Leaf nitrogen content per unit mass,23,2,15,1,5,0,review_submission_csv:1110,domain_outlier;taxon_outlier;source_review,pending_submitted_note,agent_threshold_rule_not_corroborated,FALSE,approve_none_insufficient_evidence
4f3500cb0e17389455726f51274f1bfa8c49be099edae958118157f4364e3731,raw,Populus nigra,Leaf nitrogen content per unit mass,23,2,18,2,4,0,review_submission_csv:1183,domain_outlier;taxon_outlier;source_review,pending_submitted_note,propose_scale_validated_threshold,TRUE,pending_objective_scale_evidence
d34f855f524214e73afb0c78b232aa17050151895a0a85e82bb47b467c89d405,raw,Populus sp,Leaf nitrogen content per unit mass,45,1,9,12,2,0,review_submission_csv:1438,domain_outlier;taxon_outlier;source_review,pending_submitted_note,propose_scale_validated_threshold,TRUE,pending_objective_scale_evidence
71c3bed5d3587b2d3f19d6fc5da5772a91f1336853702f599134cc8ac605090b,raw,Populus tremula,Leaf nitrogen content per unit mass,36,1,22,4,12,0,review_submission_csv:936,domain_outlier;taxon_outlier;source_review,pending_submitted_note,propose_scale_validated_threshold,TRUE,pending_objective_scale_evidence
9a81c330b32ac03f1e350d13330a89a8eed9bba3080a817970063180d1a47ffe,raw,Populus tremuloides,Leaf nitrogen content per unit mass,388,2,105,6,60,0,review_submission_csv:981,domain_outlier;taxon_outlier;source_review,pending_submitted_note,pending_submitted_note,FALSE,approve_none_insufficient_evidence
94aca84e0b38853aa39935fb989fab2ab68ff2878d8c1515759b40d63a607659,raw,Portulaca oleracea,Leaf nitrogen content per unit mass,12,1,4,1,1,0,review_submission_csv:1372,domain_outlier;taxon_outlier;source_review,pending_submitted_note,agent_threshold_rule_not_corroborated,FALSE,approve_none_insufficient_evidence
cf2456a9dbeeca63c1efa1e76351a116f4100b2e3299f64dc0bea2f3c032c8a4,raw,Potentilla anserina,Leaf nitrogen content per unit mass,12,2,8,2,2,0,review_submission_csv:1270,domain_outlier;taxon_outlier;source_review,pending_submitted_note,propose_scale_validated_threshold,TRUE,pending_objective_scale_evidence
a7a7158c3ff50886788c717a7996ab2183f21eaa0ea0e14a7564f4150f7a85df,raw,Potentilla crinita,Leaf nitrogen content per unit mass,10,1,2,0,2,0,review_submission_csv:1224,taxon_outlier;source_review,pending_submitted_note,pending_submitted_note,FALSE,approve_none_insufficient_evidence
88e129e50a3e681e7b3bb8cb09382511abf85969545cc3dbb9c2c101b99df1a7,raw,Potentilla erecta,Leaf nitrogen content per unit mass,18,1,13,4,4,0,review_submission_csv:1124,domain_outlier;taxon_outlier;source_review,pending_submitted_note,propose_scale_validated_threshold,TRUE,pending_objective_scale_evidence
8405d643bf722096ff0852342d2e4f8ab89b0aeec936328cab749ccaff534f13,raw,Potentilla hippiana,Leaf nitrogen content per unit mass,30,1,4,0,2,0,review_submission_csv:1359,taxon_outlier;source_review,pending_submitted_note,pending_submitted_note,FALSE,approve_none_insufficient_evidence
1bb174f0cedf7447d90ecdb17cee5085b52703d0aaea8043a49299c877a8236a,raw,Potentilla sp,Leaf nitrogen content per unit mass,40,1,4,0,2,0,review_submission_csv:1391,taxon_outlier;source_review,pending_submitted_note,pending_submitted_note,FALSE,approve_none_insufficient_evidence
96e0a1fcd1191a8c805d1d717d616653fb90f265ee24bef78a9c7ee953a068da,raw,Primula acaulis,Leaf nitrogen content per unit mass,10,1,8,1,2,0,review_submission_csv:1225,domain_outlier;taxon_outlier;source_review,pending_submitted_note,agent_threshold_rule_not_corroborated,FALSE,approve_none_insufficient_evidence
9a68eb2048141367b198c58ade7261c25dd7c4f661947776c692527157b796ac,raw,Prosopis velutina,Leaf nitrogen content per unit mass,20,2,6,6,1,0,review_submission_csv:1421,domain_outlier;taxon_outlier;source_review,pending_isolated_source_pattern,propose_scale_validated_threshold,TRUE,pending_objective_scale_evidence
70fea3eefb91f750ad94610bbf76847cc570df5b2f1a9bbfaf0352e23f1b78d9,raw,Prunus ilicifolia,Leaf nitrogen content per unit mass,12,2,7,3,3,0,review_submission_csv:1129,domain_outlier;taxon_outlier;source_review,pending_submitted_note,propose_scale_validated_threshold,TRUE,pending_objective_scale_evidence
db50460f4e1e27194e5ca049296e5c1a58f800f5844f532cf7fd6e4c1c0cdcbe,raw,Prunus laurocerasus,Leaf nitrogen content per unit mass,29,1,10,6,7,0,review_submission_csv:1011,domain_outlier;taxon_outlier;source_review,pending_isolated_source_pattern,propose_scale_validated_threshold,TRUE,pending_objective_scale_evidence
cb3dc003be67194f9ecd355e5f11e20b7fa776ed1b13a95be6f86aa350689b56,raw,Prunus lusitanica,Leaf nitrogen content per unit mass,19,1,6,0,5,0,review_submission_csv:1073,taxon_outlier;source_review,agent_repeated_source_pattern,,TRUE,pending_objective_scale_evidence
8c841a7a2476958b06745e5f0534ea5252572568509aa2856696dfbf0272ae81,raw,Prunus serotina,Leaf nitrogen content per unit mass,101,2,40,7,7,0,review_submission_csv:1331,domain_outlier;taxon_outlier;source_review,pending_submitted_note,propose_scale_validated_threshold,TRUE,pending_objective_scale_evidence
fd95751c0ceb5532197354a46c0a77578b42053d24a66ea8c1c6a8e74696f747,raw,Prunus virginiana,Leaf nitrogen content per unit mass,17,1,6,4,4,0,review_submission_csv:1116,domain_outlier;taxon_outlier;source_review,pending_submitted_note,propose_scale_validated_threshold,TRUE,pending_objective_scale_evidence
06f96f2810e4a5cfc41d768e6d9b44f90f58013567dccf192363133fdd9aa0e8,raw,Pseudotsuga menziesii,Leaf nitrogen content per unit mass,115,2,48,6,24,0,review_submission_csv:952,domain_outlier;taxon_outlier;source_review,pending_submitted_note,pending_submitted_note,FALSE,approve_none_insufficient_evidence
3019c38769d8a7bf6cb59b1cf421ba149ad64e35ffa559a79c6684f9be227037,raw,Pteridium aquilinum,Leaf nitrogen content per unit mass,18,2,14,2,3,0,review_submission_csv:1202,domain_outlier;taxon_outlier;source_review,pending_submitted_note,propose_scale_validated_threshold,TRUE,pending_objective_scale_evidence
b8901d342c23824b125b79a29782a09f6a483b2d466d3fd539753c64825b6b2b,raw,Quercus alba,Leaf nitrogen content per unit mass,138,2,50,6,23,0,review_submission_csv:1010,domain_outlier;taxon_outlier;source_review,pending_submitted_note,pending_submitted_note,FALSE,approve_none_insufficient_evidence
4ebd3d22d23f3658abdd7318a5731f4ab8632d8eae03a36c3dffa4425fe73867,raw,Quercus canariensis,Leaf nitrogen content per unit mass,24,1,24,0,2,0,review_submission_csv:1342,taxon_outlier;source_review,pending_submitted_note,pending_submitted_note,FALSE,approve_none_insufficient_evidence
eeef78f37e697f149e92bfe40a93b638fe30d34a6b36b897a085c8936cf2e44a,raw,Quercus cerrioides_x,Leaf nitrogen content per unit mass,30,1,30,0,2,0,review_submission_csv:1360,taxon_outlier;source_review,pending_submitted_note,pending_submitted_note,FALSE,approve_none_insufficient_evidence
87b19e301a66936b41e5e255b57b0ec53c788912f29315adb8c4a0c439b0ec1b,raw,Quercus cerris,Leaf nitrogen content per unit mass,13,1,6,1,1,0,review_submission_csv:1383,domain_outlier;taxon_outlier;source_review,pending_submitted_note,agent_threshold_rule_not_corroborated,FALSE,approve_none_insufficient_evidence
fd25deb93d04454f245e1daa484b279d92b81792b6d7340460ad539596cfa3c8,raw,Quercus coccifera,Leaf nitrogen content per unit mass,223,2,63,45,39,0,review_submission_csv:975,domain_outlier;taxon_outlier;source_review,agent_recovered_rule,,FALSE,approve_none_insufficient_evidence
942fae70de216175270fe4185d2f7854ccfd414adab08b7a8668f34ea311dac9,raw,Quercus coccinea,Leaf nitrogen content per unit mass,16,2,11,4,4,0,review_submission_csv:1099,domain_outlier;taxon_outlier;source_review,pending_isolated_source_pattern,propose_scale_validated_threshold,TRUE,pending_objective_scale_evidence
84a20106b70a50aceb2e8abe970c3587f60431482d8254694a6afcd9397f3658,raw,Quercus douglasii,Leaf nitrogen content per unit mass,482,2,7,7,7,0,review_submission_csv:1456,domain_outlier;taxon_outlier;source_review,pending_isolated_source_pattern,propose_scale_validated_threshold,TRUE,pending_objective_scale_evidence
38b3d0f51b298a18420f58047048392a92b0a07f98349b9ba0695f2fcd99f1d9,raw,Quercus ellipsoidalis,Leaf nitrogen content per unit mass,53,2,8,4,5,0,review_submission_csv:1302,domain_outlier;taxon_outlier;source_review,pending_isolated_source_pattern,propose_scale_validated_threshold,TRUE,pending_objective_scale_evidence
bb9989427c2cc33084274d6258d61cf232298f40231b234d8121832fe542f934,raw,Quercus falcata,Leaf nitrogen content per unit mass,15,1,12,0,1,0,review_submission_csv:1396,taxon_outlier;source_review,pending_submitted_note,pending_submitted_note,FALSE,approve_none_insufficient_evidence
8085ef2a54e07f7be3bd14f9f23fa7127a6844aab3df6597ceda62bf015b56a2,raw,Quercus gambelii,Leaf nitrogen content per unit mass,42,2,13,2,2,0,review_submission_csv:1399,domain_outlier;taxon_outlier;source_review,pending_isolated_source_pattern,propose_scale_validated_threshold,TRUE,pending_objective_scale_evidence
fe5658bdacbbe91f7bca35ee6abfc23c14e9b7426a057cafec0c42238a005436,raw,Quercus macrocarpa,Leaf nitrogen content per unit mass,31,2,10,5,6,0,review_submission_csv:1121,domain_outlier;taxon_outlier;source_review,pending_isolated_source_pattern,propose_scale_validated_threshold,TRUE,pending_objective_scale_evidence
8c1b26b193b3a3ba1082951830cce86f2cb7f4c0bc7e2d44d1984be517f42667,raw,Quercus michauxi,Leaf nitrogen content per unit mass,0,0,0,0,0,0,review_submission_csv:930,source_review,pending_recovered_proposal,propose_none_no_current_records,FALSE,approve_none_insufficient_evidence
6f2df1611ecbbd70ce79c9ecc62ee3e6e4a2784d097d11c66aa7b3448c45610a,raw,Quercus montana,Leaf nitrogen content per unit mass,16,1,15,0,2,0,review_submission_csv:1313,taxon_outlier;source_review,pending_submitted_note,pending_submitted_note,FALSE,approve_none_insufficient_evidence
3485bd36c73eaaf35d8d8c9a9406fc65487dc56893dc72f699ced1403bd39dcc,raw,Quercus petraea,Leaf nitrogen content per unit mass,737,1,50,67,76,0,review_submission_csv:1114,domain_outlier;taxon_outlier;source_review,pending_submitted_note,propose_scale_validated_threshold,TRUE,pending_objective_scale_evidence
c26f66898a303e87324ce0b40977bcc899fac5fd7d176d84a124c85960551dd7,raw,Quercus pyrenaica,Leaf nitrogen content per unit mass,176,2,139,33,34,0,review_submission_csv:949,domain_outlier;taxon_outlier;source_review,pending_isolated_source_pattern,propose_scale_validated_threshold,TRUE,pending_objective_scale_evidence
82cacb60830aca43bbd80227ad710827cbf0e3306a6acd525536cc475edb05b5,raw,Quercus robur,Leaf nitrogen content per unit mass,390,2,65,27,38,0,review_submission_csv:1159,domain_outlier;taxon_outlier;source_review,pending_submitted_note,propose_scale_validated_threshold,TRUE,pending_objective_scale_evidence
691ea753fd529107bea64ae7821516bc15162fb42accc8ca8c96873c9fe25c0a,raw,Quercus rubra,Leaf nitrogen content per unit mass,214,2,79,25,35,0,review_submission_csv:995,domain_outlier;taxon_outlier;source_review,pending_isolated_source_pattern,propose_scale_validated_threshold,TRUE,pending_objective_scale_evidence
1a0d1b22fcda94c6da4e7acc54e9787b6136d78db6aa75eaa900f262c6963684,raw,Quercus sp,Leaf nitrogen content per unit mass,34,1,5,5,9,0,review_submission_csv:977,domain_outlier;taxon_outlier;source_review,pending_submitted_note,propose_scale_validated_threshold,TRUE,pending_objective_scale_evidence
8db62ab7ca6ada54d4dd739d9e0066016114f3b47c843159306f29dc4394aaf9,raw,Quercus virginiana,Leaf nitrogen content per unit mass,11,1,4,3,3,0,review_submission_csv:1119,domain_outlier;taxon_outlier;source_review,pending_submitted_note,propose_scale_validated_threshold,TRUE,pending_objective_scale_evidence
c75030b55e69b81ac12ca058de49a2bc7969f3510738e0f8c5d735e0a4f6106a,raw,Ranunculus bulbosus,Leaf nitrogen content per unit mass,10,1,5,1,3,0,review_submission_csv:1092,domain_outlier;taxon_outlier;source_review,pending_isolated_source_pattern,agent_threshold_rule_not_corroborated,FALSE,approve_none_insufficient_evidence
904799dc989b98af314ef16802a024c94be5f30dd85e7b417da32246400cc689,raw,Raphanus sativus,Leaf nitrogen content per unit mass,15,1,1,0,1,0,review_submission_csv:1397,taxon_outlier;source_review,pending_submitted_note,pending_submitted_note,FALSE,approve_none_insufficient_evidence
f76f88076b7a21efae158adc966fe2f2fd4283c2bd3e9b05a7816f96369b83bf,raw,Rhamnus cathartica,Leaf nitrogen content per unit mass,16,2,11,5,1,0,review_submission_csv:1435,domain_outlier;taxon_outlier;source_review,pending_submitted_note,propose_scale_validated_threshold,TRUE,pending_objective_scale_evidence
737c5a82e47e49dd8c54dd866225a89193af398908cb373e8fb2d2f8003e627d,raw,Rhamnus lycioides,Leaf nitrogen content per unit mass,32,2,3,30,2,0,review_submission_csv:1367,domain_outlier;taxon_outlier;source_review,pending_isolated_source_pattern,agent_unparsed_exclusion_instruction,FALSE,approve_none_insufficient_evidence
1671a958ccaaaf08b8a23ac4140e2567e25a76bde36c7dd623c7c0056718a48f,raw,Rhinanthus minor,Leaf nitrogen content per unit mass,17,1,11,2,3,0,review_submission_csv:1196,domain_outlier;taxon_outlier;source_review,pending_submitted_note,propose_scale_validated_threshold,TRUE,pending_objective_scale_evidence
3756b2810f957379778fc043e08fd72c053211194f175ae287fb5b25917d6303,raw,Rhododendron lapponicum,Leaf nitrogen content per unit mass,58,1,12,22,3,0,review_submission_csv:1376,domain_outlier;taxon_outlier;source_review,pending_isolated_source_pattern,propose_scale_validated_threshold,TRUE,pending_objective_scale_evidence
c80353fe4a779c3cafd14833c145ff13d6a3d35db4787b5ece71de22edf38411,raw,Rhododendron ponticum,Leaf nitrogen content per unit mass,19,1,6,0,4,0,review_submission_csv:1138,taxon_outlier;source_review,agent_repeated_source_pattern,,TRUE,pending_objective_scale_evidence
afd21b5e44e4c13d466cff4d6ff04fe2de80f8d7bc924cb6de772e83c493a26f,raw,Rhus microphylla,Leaf nitrogen content per unit mass,10,1,4,0,4,0,review_submission_csv:970,taxon_outlier;source_review,pending_submitted_note,pending_submitted_note,FALSE,approve_none_insufficient_evidence
1c02b442762ebe0cdb926597cf5d0c30192c96fd50d4e68e5fedc3a817c7d02a,raw,Ribes spicatum,Leaf nitrogen content per unit mass,11,1,9,0,3,0,review_submission_csv:1120,taxon_outlier;source_review,pending_isolated_source_pattern,pending_isolated_source_pattern,FALSE,approve_none_insufficient_evidence
7e471665837d10c0f08dd83869a940b6dc24c14c452e2c00f1c2b2b9922518fb,raw,Robinia pseudoacacia,Leaf nitrogen content per unit mass,38,2,27,6,6,0,review_submission_csv:1166,domain_outlier;taxon_outlier;source_review,pending_submitted_note,propose_scale_validated_threshold,TRUE,pending_objective_scale_evidence
b324bccc056b1da0485d80ab3edb0d239b5b94368490040cdd3e4da4d132c8db,raw,Rosa arvensis,Leaf nitrogen content per unit mass,21,1,13,3,3,0,review_submission_csv:1257,domain_outlier;taxon_outlier;source_review,pending_submitted_note,propose_scale_validated_threshold,TRUE,pending_objective_scale_evidence
dea8ec4eb95bbff7c19230a92c11a4d3802f98376e56ca6bb75dc77de5704bf1,raw,Rosa woodsii,Leaf nitrogen content per unit mass,10,1,2,0,2,0,review_submission_csv:1226,taxon_outlier;source_review,pending_submitted_note,pending_submitted_note,FALSE,approve_none_insufficient_evidence
1569205bd0458d12051f3e8d94716704b959f52b47804d07d4405604c5d6358e,raw,Rubia peregrina,Leaf nitrogen content per unit mass,10,2,10,1,1,0,review_submission_csv:1353,domain_outlier;taxon_outlier;source_review,pending_submitted_note,propose_scale_validated_threshold,TRUE,pending_objective_scale_evidence
1acebb49126630ab454be5af197d621cc480a38841499917ea51a24f9021bc7e,raw,Rubus chamaemorus,Leaf nitrogen content per unit mass,13,1,8,0,4,0,review_submission_csv:1013,taxon_outlier;source_review,pending_submitted_note,pending_submitted_note,FALSE,approve_none_insufficient_evidence
941429591fd98d03712d364cd2eab8a5fd1bd5fbd2b6a58440f1f00b976ed6ac,raw,Rubus fruticosus,Leaf nitrogen content per unit mass,24,1,13,5,8,0,review_submission_csv:943,domain_outlier;taxon_outlier;source_review,pending_submitted_note,propose_scale_validated_threshold,TRUE,pending_objective_scale_evidence
a6c900aa60c7f3a04d568049896f064cd89f8b0ce85c27365c643deec0adf17c,raw,Rubus saxatilis,Leaf nitrogen content per unit mass,29,1,12,5,8,0,review_submission_csv:978,domain_outlier;taxon_outlier;source_review,pending_submitted_note,propose_scale_validated_threshold,TRUE,pending_objective_scale_evidence
898bbfd76d1ffbb049b423d84ef5e9290e6272a4843f0b524cc548abeca2f884,raw,Rubus sp,Leaf nitrogen content per unit mass,29,1,8,0,2,0,review_submission_csv:1356,taxon_outlier;source_review,pending_submitted_note,pending_submitted_note,FALSE,approve_none_insufficient_evidence
4a37ebcebd851eee126c190caa50f5a3cedca91f8f56f1cd1562a188a140d128,raw,Rubus ulmifolius,Leaf nitrogen content per unit mass,15,2,12,1,2,0,review_submission_csv:1307,domain_outlier;taxon_outlier;source_review,pending_isolated_source_pattern,agent_threshold_rule_not_corroborated,FALSE,approve_none_insufficient_evidence
8d809b6ef78da826775ebc46bbcd67da913e2fc916d5fabbf56fbc432cc9fc02,raw,Rumex acetosella,Leaf nitrogen content per unit mass,23,2,14,6,6,0,review_submission_csv:1009,domain_outlier;taxon_outlier;source_review,pending_submitted_note,propose_scale_validated_threshold,TRUE,pending_objective_scale_evidence
0f65090831afcdd864afa631e78ae3111e134c678f99bb8be2108c66c20de7e1,raw,Rumex obtusifolius,Leaf nitrogen content per unit mass,10,1,7,0,3,0,review_submission_csv:1093,taxon_outlier;source_review,pending_submitted_note,pending_submitted_note,FALSE,approve_none_insufficient_evidence
923734a311e316408af5e55f013be5c9913b98c78d9a61a00176eed07ff74238,raw,Salix alba,Leaf nitrogen content per unit mass,14,1,6,2,5,0,review_submission_csv:958,domain_outlier;taxon_outlier;source_review,pending_isolated_source_pattern,propose_scale_validated_threshold,TRUE,pending_objective_scale_evidence
0677566a3683d4663a35f654d8b1db2d0cd7743c434ff40c63a1efc3c48574ab,raw,Salix arenaria,Leaf nitrogen content per unit mass,36,1,1,0,5,0,review_submission_csv:1197,taxon_outlier;source_review,pending_submitted_note,pending_submitted_note,FALSE,approve_none_insufficient_evidence
eb88fde91c3cf4cb8736c27361932f49bdb2ee7c40520eeaf5d03d99d676bea1,raw,Salix caprea,Leaf nitrogen content per unit mass,24,1,12,3,8,0,review_submission_csv:944,domain_outlier;taxon_outlier;source_review,pending_isolated_source_pattern,propose_scale_validated_threshold,TRUE,pending_objective_scale_evidence
84cabb103c857cc4c899e977e667a6456461ec3e8ee7fa78d2e5ceddcdda224a,raw,Salix cinerea,Leaf nitrogen content per unit mass,19,1,9,0,1,0,review_submission_csv:1404,taxon_outlier;source_review,pending_submitted_note,pending_submitted_note,FALSE,approve_none_insufficient_evidence
f443197537fa14382b858d48093a86dfdf92ef33a499180d7cbf26c16df5dade,raw,Salix glauca,Leaf nitrogen content per unit mass,14,2,13,12,2,0,review_submission_csv:1290,domain_outlier;taxon_outlier;source_review,pending_isolated_source_pattern,agent_unparsed_exclusion_instruction,FALSE,approve_none_insufficient_evidence
d5857e627a860affccf6bcca46406692b2f1283c3a8489d43c406047ef2b1961,raw,Salix hastata,Leaf nitrogen content per unit mass,16,1,4,5,2,0,review_submission_csv:1314,domain_outlier;taxon_outlier;source_review,pending_isolated_source_pattern,propose_scale_validated_threshold,TRUE,pending_objective_scale_evidence
16504fad407d9e2612377a104f443e5b564ec5d090e89b222b96dda65ab142f5,raw,Salix helvetica,Leaf nitrogen content per unit mass,37,1,2,0,4,0,review_submission_csv:1282,taxon_outlier;source_review,pending_submitted_note,pending_submitted_note,FALSE,approve_none_insufficient_evidence
4894e7a69c983d9dbcc833546e315f974bcdbd68de0b2e73077b11d4d5e883e8,raw,Salix lapponum,Leaf nitrogen content per unit mass,67,1,23,27,2,0,review_submission_csv:1424,domain_outlier;taxon_outlier;source_review,pending_submitted_note,propose_scale_validated_threshold,TRUE,pending_objective_scale_evidence
59bbb0a9bc4aa96ad869b1932a6314f139fd446cd9272b7162c54a5e53568787,raw,Salix myrsinites,Leaf nitrogen content per unit mass,50,1,11,13,5,0,review_submission_csv:1283,domain_outlier;taxon_outlier;source_review,pending_isolated_source_pattern,propose_scale_validated_threshold,TRUE,pending_objective_scale_evidence
4ba3846baeeaa4947ffcfbfbc3bd4bfdc77da5c43539e35523f4a31195354380,raw,Salix phylicifolia,Leaf nitrogen content per unit mass,52,1,6,0,2,0,review_submission_csv:1405,taxon_outlier;source_review,pending_isolated_source_pattern,agent_unparsed_exclusion_instruction,FALSE,approve_none_insufficient_evidence
55369d731866aeadb93ee8828448aa0e3061953e81d6c6c5d648595d875b2106,raw,Sambucus nigra,Leaf nitrogen content per unit mass,32,2,17,7,7,0,review_submission_csv:1077,domain_outlier;taxon_outlier;source_review,pending_isolated_source_pattern,agent_unparsed_exclusion_instruction,FALSE,approve_none_insufficient_evidence
ad8022d757b672edb65b879e1b31ddfc1db0cd739f458a67c00e7c445a178eb6,raw,Sarcobatus vermiculatus,Leaf nitrogen content per unit mass,50,1,6,0,6,0,review_submission_csv:1237,taxon_outlier;source_review,pending_submitted_note,pending_submitted_note,FALSE,approve_none_insufficient_evidence
585d45b90623471258c1315806a3a02ba0f794e5f81c3268bf18b6c29f7bded3,raw,Sarracenia purpurea,Leaf nitrogen content per unit mass,48,2,10,6,7,0,review_submission_csv:1174,domain_outlier;taxon_outlier;source_review,pending_isolated_source_pattern,propose_scale_validated_threshold,TRUE,pending_objective_scale_evidence
30f7ea8a6e334fb75e28bfcec83f5a3148eea95e6a2d2c30310e248efff8294b,raw,Sassafras albidum,Leaf nitrogen content per unit mass,27,1,20,0,3,0,review_submission_csv:1304,taxon_outlier;source_review,pending_submitted_note,pending_submitted_note,FALSE,approve_none_insufficient_evidence
661190cf5f0e613fdcab7d3266cd219bea6613f98aff0b19fbbf9aeb1a0bbc2b,raw,Saxifraga rotundifolia,Leaf nitrogen content per unit mass,24,1,18,0,4,0,review_submission_csv:1186,taxon_outlier;source_review,pending_submitted_note,pending_submitted_note,FALSE,approve_none_insufficient_evidence
6d70a7a1e0327253827c2835bc4da1075118e499b9d16c14b5a495a628f7f569,raw,Schizachyrium scoparium,Leaf nitrogen content per unit mass,64,2,17,1,6,0,review_submission_csv:1285,domain_outlier;taxon_outlier;source_review,pending_submitted_note,propose_scale_validated_threshold,TRUE,pending_objective_scale_evidence
27b640ba3f21f3cbacbe5ed4fb7d814be60cdefbeb86c6a4f0a878e299a49525,raw,Scorzoneroides autumnalis,Leaf nitrogen content per unit mass,31,1,4,25,8,0,review_submission_csv:992,domain_outlier;taxon_outlier;source_review,pending_isolated_source_pattern,agent_unparsed_exclusion_instruction,FALSE,approve_none_insufficient_evidence
29846f0c9aa42eec22d65512d7d9cc8fcbfc04b93e3d87576961c18ee8abcffb,raw,Scutellaria parvula,Leaf nitrogen content per unit mass,13,1,3,0,1,0,review_submission_csv:1384,taxon_outlier;source_review,agent_repeated_source_pattern,,TRUE,pending_objective_scale_evidence
f4c333a6e4859ede3ba5cb65b9d56d9b760aff67b7d9903cfc0b82dc33b89b9e,raw,Senecio actinella,Leaf nitrogen content per unit mass,10,1,2,0,4,0,review_submission_csv:971,taxon_outlier;source_review,pending_submitted_note,pending_submitted_note,FALSE,approve_none_insufficient_evidence
0f7b12c89ee0bc0b7b9d2c273d4abbcfe98338541c7fd15ba5fbd5c5f789d71f,raw,Senecio crassulus,Leaf nitrogen content per unit mass,29,2,4,8,3,0,review_submission_csv:1317,domain_outlier;taxon_outlier;source_review,pending_submitted_note,agent_threshold_rule_not_corroborated,FALSE,approve_none_insufficient_evidence
a9572d8d71364055ac4cfa77be9cc3a7259ddef44a858bf15df3fc6c53bd51a5,raw,Sequoia sempervirens,Leaf nitrogen content per unit mass,62,2,12,16,10,0,review_submission_csv:1122,domain_outlier;taxon_outlier;source_review,pending_submitted_note,propose_scale_validated_threshold,TRUE,pending_objective_scale_evidence
525008cd085eb9bea29b58b802f6d431107cffb0d52e3919de777dd14e31c120,raw,Sesleria nitida,Leaf nitrogen content per unit mass,16,1,9,0,4,0,review_submission_csv:1100,taxon_outlier;source_review,pending_submitted_note,pending_submitted_note,FALSE,approve_none_insufficient_evidence
d28d7668f3723fb0e09e64b27c6ba2106309f23dede7e97137f1a081be370f32,raw,Sidalcea malviflora,Leaf nitrogen content per unit mass,27,1,1,0,1,0,review_submission_csv:1413,taxon_outlier;source_review,pending_submitted_note,pending_submitted_note,FALSE,approve_none_insufficient_evidence
4d3bf7f8e008e4cefffe7d6c153de86e4721c3cd9cfa4f07186f98070827d416,raw,Silene dioica,Leaf nitrogen content per unit mass,26,1,7,8,3,0,review_submission_csv:1300,domain_outlier;taxon_outlier;source_review,pending_isolated_source_pattern,propose_scale_validated_threshold,TRUE,pending_objective_scale_evidence
fcb1f1a60fa784d87ae7e3177e8f97ac7ab79bf53ee62ae9e6a90940ac75fe52,raw,Solanum dulcamara,Leaf nitrogen content per unit mass,20,1,8,3,5,0,review_submission_csv:1079,domain_outlier;taxon_outlier;source_review,agent_repeated_source_pattern,,TRUE,pending_objective_scale_evidence
954a7624e81c7913f3229b8b6fdfcff47720d9157c1996c0fcbc424cc1a8f86b,raw,Solidago gigantea,Leaf nitrogen content per unit mass,14,1,12,1,2,0,review_submission_csv:1291,domain_outlier;taxon_outlier;source_review,pending_submitted_note,agent_threshold_rule_not_corroborated,FALSE,approve_none_insufficient_evidence
62d5ccfcccd384c5dadf9b1a2f3b17d84606eca43714be653cd3085a97fdd44e,raw,Solidago nana,Leaf nitrogen content per unit mass,10,1,2,0,4,0,review_submission_csv:972,taxon_outlier;source_review,pending_submitted_note,pending_submitted_note,FALSE,approve_none_insufficient_evidence
5791d9a2a808cbd0efbe1f20beb97255ea35e9e0bf8d2be56ed17b30544ee070,raw,Solidago nemoralis,Leaf nitrogen content per unit mass,12,2,7,2,2,0,review_submission_csv:1271,domain_outlier;taxon_outlier;source_review,pending_submitted_note,propose_scale_validated_threshold,TRUE,pending_objective_scale_evidence
f7eb67246657f45cced63ff8c8ba699607c2a03d7ee098892d09b593366dfd85,raw,Solidago rigida,Leaf nitrogen content per unit mass,30,2,15,3,5,0,review_submission_csv:1169,domain_outlier;taxon_outlier;source_review,pending_submitted_note,propose_scale_validated_threshold,TRUE,pending_objective_scale_evidence
3ce2815141d9467125eb9e2f4f84329108a452e9926abea891dd866ca31693d7,raw,Solidago velutina,Leaf nitrogen content per unit mass,12,2,4,1,1,0,review_submission_csv:1373,domain_outlier;taxon_outlier;source_review,pending_isolated_source_pattern,agent_threshold_rule_not_corroborated,FALSE,approve_none_insufficient_evidence
2592042b8c140c63c4e754bd2fbc1d0a5439ce08df1c67240e06b62397974666,raw,Solidago virgaurea,Leaf nitrogen content per unit mass,51,2,30,14,3,0,review_submission_csv:1357,domain_outlier;taxon_outlier;source_review,pending_submitted_note,propose_scale_validated_threshold,TRUE,pending_objective_scale_evidence
0561ec179e509e1d4e1ba0b663a49987d78dd3179d47dd87a54474d73e86f510,raw,Sonchus asper,Leaf nitrogen content per unit mass,18,1,4,1,3,0,review_submission_csv:1203,domain_outlier;taxon_outlier;source_review,pending_submitted_note,agent_threshold_rule_not_corroborated,FALSE,approve_none_insufficient_evidence
3995984dd748ba19757b90d29a4f7999300a30bd63a7e8725a6c959b86b3e145,raw,Sorbus americana,Leaf nitrogen content per unit mass,35,1,17,0,2,0,review_submission_csv:1378,taxon_outlier;source_review,pending_submitted_note,pending_submitted_note,FALSE,approve_none_insufficient_evidence
f94ba5f783bed0ae95b0ca8bc66c528e413a5eed1c31865d3bbb467fc6153ac2,raw,Sorbus aria,Leaf nitrogen content per unit mass,10,1,3,0,2,0,review_submission_csv:1227,taxon_outlier;source_review,pending_submitted_note,pending_submitted_note,FALSE,approve_none_insufficient_evidence
1718984850b7fac616e9df0e35128bf818f75be38e98de2909933ca6256797b0,raw,Sorbus aucuparia,Leaf nitrogen content per unit mass,68,1,26,17,17,0,review_submission_csv:945,domain_outlier;taxon_outlier;source_review,pending_submitted_note,propose_scale_validated_threshold,TRUE,pending_objective_scale_evidence
b27581fb18bc9959eb7d07989b34f4e074a6576c0fd1f7308d20ae36282c337e,raw,Sorbus torminalis,Leaf nitrogen content per unit mass,41,1,4,30,10,0,review_submission_csv:986,domain_outlier;taxon_outlier;source_review,pending_isolated_source_pattern,propose_scale_validated_threshold,TRUE,pending_objective_scale_evidence
81e5736f48048883185fd81e4d9a995f85ca213772e525c4d7eba9cabf0e52a8,raw,Stachys officinalis,Leaf nitrogen content per unit mass,12,1,7,0,4,0,review_submission_csv:1001,taxon_outlier;source_review,pending_submitted_note,pending_submitted_note,FALSE,approve_none_insufficient_evidence
c83bf719a1a296de4884d656e5394dfd20596bcb76f40aaa02425de9b4439b00,raw,Sticherus sp,Leaf nitrogen content per unit mass,60,1,4,0,4,0,review_submission_csv:1341,taxon_outlier;source_review,pending_submitted_note,pending_submitted_note,FALSE,approve_none_insufficient_evidence
1ce77ffc73cbdf7fad72a65dcf06aea4d8c49be155b00e7140359d4094695837,raw,Stipa spartea,Leaf nitrogen content per unit mass,33,2,8,3,5,0,review_submission_csv:1188,domain_outlier;taxon_outlier;source_review,pending_submitted_note,propose_scale_validated_threshold,TRUE,pending_objective_scale_evidence
d77b4d7a761e9a4468cbe86bd65d96202d9a607441899fe8d41b32b0db87d4d6,raw,Symphyotrichum ascendens,Leaf nitrogen content per unit mass,10,1,2,0,2,0,review_submission_csv:1228,taxon_outlier;source_review,pending_submitted_note,pending_submitted_note,FALSE,approve_none_insufficient_evidence
6738700533ceb1f0df7edbf896ff56b3bec556795b4437b16b211fd077322c30,raw,Symphyotrichum falcatum,Leaf nitrogen content per unit mass,10,1,2,0,2,0,review_submission_csv:1229,taxon_outlier;source_review,pending_submitted_note,pending_submitted_note,FALSE,approve_none_insufficient_evidence
ae7edb231f800a54e85ad68221554c8848dfe557a64af5e90bb7a1da2a2dd42a,raw,Symphyotrichum oolentangiense,Leaf nitrogen content per unit mass,33,2,6,2,4,0,review_submission_csv:1273,domain_outlier;taxon_outlier;source_review,pending_isolated_source_pattern,propose_scale_validated_threshold,TRUE,pending_objective_scale_evidence
483d15ac8ddb4dde291d50fe92c01a3da0b8f727245cd5904db19e1517028ea7,raw,Tanacetum vulgare,Leaf nitrogen content per unit mass,14,1,9,0,2,0,review_submission_csv:1292,taxon_outlier;source_review,pending_submitted_note,pending_submitted_note,FALSE,approve_none_insufficient_evidence
27415e8aac2ed5785332f07d00d060e8dc30274b1a361c48b0bc473deaae6dda,raw,Taxus baccata,Leaf nitrogen content per unit mass,31,2,14,9,1,0,review_submission_csv:1434,domain_outlier;taxon_outlier;source_review,pending_submitted_note,propose_scale_validated_threshold,TRUE,pending_objective_scale_evidence
93844d04805abc31e9a5525da3a315678adf730e3da1243368fc1fe40098c9ba,raw,Thuja occidentalis,Leaf nitrogen content per unit mass,22,2,14,0,4,0,review_submission_csv:1173,taxon_outlier;source_review,pending_submitted_note,agent_threshold_rule_not_corroborated,FALSE,approve_none_insufficient_evidence
f83c838be2cd8696eb3261826177f74c5c16808d62a63a3919939c877acac6e1,raw,Thymus praecox,Leaf nitrogen content per unit mass,13,1,8,2,2,0,review_submission_csv:1276,domain_outlier;taxon_outlier;source_review,pending_isolated_source_pattern,propose_scale_validated_threshold,TRUE,pending_objective_scale_evidence
fbda1d12d22f0f016d4dbbba9c91fe3041cbff2acbf5f65d74ee7dec361d61ce,raw,Tilia cordata,Leaf nitrogen content per unit mass,48,2,26,5,5,0,review_submission_csv:1277,domain_outlier;taxon_outlier;source_review,pending_submitted_note,propose_scale_validated_threshold,TRUE,pending_objective_scale_evidence
bc4f06c0cf23945de8fbaba549360f5263b1efd7c0bdb9e07dd3c54044b29737,raw,Tofieldia pusilla,Leaf nitrogen content per unit mass,44,1,6,15,1,0,review_submission_csv:1420,domain_outlier;taxon_outlier;source_review,pending_submitted_note,propose_scale_validated_threshold,TRUE,pending_objective_scale_evidence
a55c69f5af4d0cc7bc8e8588ee4e6fc85067792eaf455f810f933ab2cff2fad4,raw,Tragopogon dubius,Leaf nitrogen content per unit mass,20,2,6,8,3,0,review_submission_csv:1243,domain_outlier;taxon_outlier;source_review,pending_isolated_source_pattern,propose_scale_validated_threshold,TRUE,pending_objective_scale_evidence
ce1b581f19b60b4c397d7dd75054552eb59d5846276205ec970599a8547585d3,raw,Tragopogon pratensis,Leaf nitrogen content per unit mass,14,1,2,13,2,0,review_submission_csv:1293,domain_outlier;taxon_outlier;source_review,pending_isolated_source_pattern,agent_unparsed_exclusion_instruction,FALSE,approve_none_insufficient_evidence
cdb289150612280441671d643a290579a136b8f3e1497d856254136931640a30,raw,Trientalis europaea,Leaf nitrogen content per unit mass,26,1,8,8,1,0,review_submission_csv:1427,domain_outlier;taxon_outlier;source_review,pending_submitted_note,propose_scale_validated_threshold,TRUE,pending_objective_scale_evidence
26ff179c786fc40acf8def953968703cbe9764395e6eb0ea897c57bb8268143b,raw,Trifolium dubium,Leaf nitrogen content per unit mass,14,1,4,12,2,0,review_submission_csv:1294,domain_outlier;taxon_outlier;source_review,pending_submitted_note,pending_submitted_note,FALSE,approve_none_insufficient_evidence
d9098833ef3bfc0b638187cb6f997865dc8c7bd289713602632fe9acc8c389b9,raw,Trisetum sp,Leaf nitrogen content per unit mass,52,1,4,0,10,0,review_submission_csv:1078,taxon_outlier;source_review,pending_submitted_note,pending_submitted_note,FALSE,approve_none_insufficient_evidence
477f0db243fe88e2f8a009b2252f130c117a655bfbc3cafeb31647c0f6215387,raw,Triticum aestivum,Leaf nitrogen content per unit mass,788,1,357,361,14,0,review_submission_csv:1448,domain_outlier;taxon_outlier;source_review,pending_submitted_note,propose_scale_validated_threshold,TRUE,pending_objective_scale_evidence
5151338f3129cd34781f77ab9e6474167e116fe2ad5b8945ce68619969004cca,raw,Tsuga canadensis,Leaf nitrogen content per unit mass,77,2,44,0,13,0,review_submission_csv:1087,taxon_outlier;source_review,pending_submitted_note,propose_scale_validated_threshold,TRUE,pending_objective_scale_evidence
799ad02d48bdfb9f761c4ae8eee884f1dbc6627588f8472c58a6d4bbc73b25f1,raw,Tsuga heterophylla,Leaf nitrogen content per unit mass,29,2,14,1,5,0,review_submission_csv:1157,domain_outlier;taxon_outlier;source_review,pending_submitted_note,propose_scale_validated_threshold,TRUE,pending_objective_scale_evidence
8331511c1aa0ce1df4756ea4b21f82c5865dc16595d795b722f7611ccc06b5b8,raw,Typha latifolia,Leaf nitrogen content per unit mass,11,1,8,2,2,0,review_submission_csv:1251,domain_outlier;taxon_outlier;source_review,pending_submitted_note,propose_scale_validated_threshold,TRUE,pending_objective_scale_evidence
a98b7b65328c0bb4765e19099a152460cd7dd000ec621f9704bea212e2bfcf28,raw,Ulex gallii,Leaf nitrogen content per unit mass,14,1,6,4,2,0,review_submission_csv:1295,domain_outlier;taxon_outlier;source_review,pending_isolated_source_pattern,propose_scale_validated_threshold,TRUE,pending_objective_scale_evidence
96a564fff608cc60e26045d8c3f6ac9fc75a41e6062e6075addfde76c6f1eded,raw,Ulex parviflorus,Leaf nitrogen content per unit mass,34,1,2,33,1,0,review_submission_csv:1449,domain_outlier;taxon_outlier;source_review,pending_submitted_note,agent_unparsed_exclusion_instruction,FALSE,approve_none_insufficient_evidence
30b7266d3162b63b15f8b499941ed95faf92cdf83f81db30e805cbc5507a29d5,raw,Ulmus americana,Leaf nitrogen content per unit mass,29,2,21,6,6,0,review_submission_csv:1104,domain_outlier;taxon_outlier;source_review,pending_submitted_note,propose_scale_validated_threshold,TRUE,pending_objective_scale_evidence
d923a7bdf6671688706c09212dcf9fde12e20b3c9dca2c89840361342721f1d9,raw,Ulmus glabra,Leaf nitrogen content per unit mass,20,1,9,3,8,0,review_submission_csv:935,domain_outlier;taxon_outlier;source_review,pending_submitted_note,propose_scale_validated_threshold,TRUE,pending_objective_scale_evidence
b766ea5e8a3c08d4ff9815ac91327cfac0e8802de9fe28c0fc31bcee9c2c65ee,raw,Ulmus minor,Leaf nitrogen content per unit mass,13,2,10,3,3,0,review_submission_csv:1147,domain_outlier;taxon_outlier;source_review,pending_submitted_note,propose_scale_validated_threshold,TRUE,pending_objective_scale_evidence
8fb30857017cb2af620a15a0fcf2a77fd282c6f232a1516a7fc93b3b8f83060e,raw,Umbellularia californica,Leaf nitrogen content per unit mass,14,2,8,4,2,0,review_submission_csv:1296,domain_outlier;taxon_outlier;source_review,pending_submitted_note,pending_submitted_note,FALSE,approve_none_insufficient_evidence
166502114f47fca62b2de77891a582d164cb7182e74ee3c3ad8ccf03eaf02439,raw,Urtica dioica,Leaf nitrogen content per unit mass,45,1,29,6,9,0,review_submission_csv:1076,domain_outlier;taxon_outlier;source_review,pending_submitted_note,agent_unparsed_exclusion_instruction,FALSE,approve_none_insufficient_evidence
6fe49eec952de1f07201fa37ce8c35ae6efcfb5639cae840116afe408590bff7,raw,VACCINIUM VITIS-IDAEA,Leaf nitrogen content per unit mass,99,1,48,3,1,0,review_submission_csv:1417,domain_outlier;taxon_outlier;source_review,pending_submitted_note,propose_scale_validated_threshold,TRUE,pending_objective_scale_evidence
92d4eb9a1b6143a9930484a7f8153734291196eb9ab37a4c1ef7dacd7c45cbae,raw,Vaccinium corymbosum,Leaf nitrogen content per unit mass,20,2,18,0,4,0,review_submission_csv:1150,taxon_outlier;source_review,pending_submitted_note,propose_scale_validated_threshold,TRUE,pending_objective_scale_evidence
5ca8dbe8be5996d7289ba4106216d4ec54aa8f71b73db2756cab3af3654b025e,raw,Vaccinium deliciosum,Leaf nitrogen content per unit mass,16,1,2,0,2,0,review_submission_csv:1315,taxon_outlier;source_review,pending_submitted_note,pending_submitted_note,FALSE,approve_none_insufficient_evidence
1848a157fa5b1900af3e0dd686c6e7d7fe76ede35784ab641b1ea41486eb8aa7,raw,Vaccinium myrtillus,Leaf nitrogen content per unit mass,107,2,59,28,4,0,review_submission_csv:1437,domain_outlier;taxon_outlier;source_review,pending_submitted_note,propose_scale_validated_threshold,TRUE,pending_objective_scale_evidence
e4d65c04fdd7a270803d49a2ed0a52179046c8ac2afb373ada6ef809f7b09d09,raw,Verbascum thapsus,Leaf nitrogen content per unit mass,14,1,6,1,1,0,review_submission_csv:1388,domain_outlier;taxon_outlier;source_review,pending_submitted_note,agent_threshold_rule_not_corroborated,FALSE,approve_none_insufficient_evidence
8863ba1b7bac2ee03f296f8f5d03c834b3265ce3424b03a00e41cf56f0b569f4,raw,Veronica chamaedrys,Leaf nitrogen content per unit mass,80,1,46,27,9,0,review_submission_csv:1198,domain_outlier;taxon_outlier;source_review,pending_submitted_note,propose_scale_validated_threshold,TRUE,pending_objective_scale_evidence
d94c54b9b502a1debcac5f42748c660721c090e2680741b8dcfc4e485d3bbc9d,raw,Viburnum betulifolium,Leaf nitrogen content per unit mass,15,1,1,0,1,0,review_submission_csv:1398,taxon_outlier;source_review,pending_submitted_note,pending_submitted_note,FALSE,approve_none_insufficient_evidence
1d396cc2dc1a1dedf321e3c20da2aa0f3493316e554cd3687ac4996fb62e6284,raw,Viburnum burejaeticum,Leaf nitrogen content per unit mass,10,1,1,0,4,0,review_submission_csv:973,taxon_outlier;source_review,pending_submitted_note,pending_submitted_note,FALSE,approve_none_insufficient_evidence
31864424e2ea0ef299bcf93ea4edd9776d99ec024a78422f47e93d8b39bff59a,raw,Viburnum dentatum,Leaf nitrogen content per unit mass,42,1,3,0,2,0,review_submission_csv:1400,taxon_outlier;source_review,pending_submitted_note,pending_submitted_note,FALSE,approve_none_insufficient_evidence
2fb267fcf21ab9eb5913620b1418ce722bd6646f217cadc73febf3c92778df13,raw,Viburnum furcatum,Leaf nitrogen content per unit mass,10,1,1,0,1,0,review_submission_csv:1354,taxon_outlier;source_review,pending_submitted_note,pending_submitted_note,FALSE,approve_none_insufficient_evidence
5e4ad740deecd5c21cd5075c88e081164093c0e817e9c3b7de49d002616f960c,raw,Viburnum hupehense,Leaf nitrogen content per unit mass,10,1,1,0,2,0,review_submission_csv:1230,taxon_outlier;source_review,pending_submitted_note,pending_submitted_note,FALSE,approve_none_insufficient_evidence
e394f8d25c30460e6f5406a03b8bdcac8d0670077132b9008c413915e794e765,raw,Viburnum lantana,Leaf nitrogen content per unit mass,26,1,3,0,6,0,review_submission_csv:1082,taxon_outlier;source_review,pending_isolated_source_pattern,agent_strong_isolated_source_pattern,TRUE,pending_objective_scale_evidence
1754828162931abac1ad6e064b37283c911007198c681e84a5b52782404fcc2a,raw,Viburnum lantanoides,Leaf nitrogen content per unit mass,14,1,12,0,1,0,review_submission_csv:1389,taxon_outlier;source_review,pending_submitted_note,pending_submitted_note,FALSE,approve_none_insufficient_evidence
a7b4ffe492a62ab12b057ef1588d97d7f66b66623f9b9a88da1c8f8cceb2bbda,raw,Viburnum lentago,Leaf nitrogen content per unit mass,12,1,3,0,2,0,review_submission_csv:1272,taxon_outlier;source_review,pending_submitted_note,pending_submitted_note,FALSE,approve_none_insufficient_evidence
48b61a1ff868e0eef526a65804f6efbcb432bb21c81898a289ace3633c21a04c,raw,Viburnum nudum,Leaf nitrogen content per unit mass,26,1,15,0,3,0,review_submission_csv:1301,taxon_outlier;source_review,pending_submitted_note,pending_submitted_note,FALSE,approve_none_insufficient_evidence
b8ff040b1d529d7ffce1c2aa4bc8c92d98928b83709bcc904691e424aa1e99a8,raw,Viburnum opulus,Leaf nitrogen content per unit mass,30,1,10,2,6,0,review_submission_csv:1112,domain_outlier;taxon_outlier;source_review,pending_submitted_note,propose_scale_validated_threshold,TRUE,pending_objective_scale_evidence
5cdd7408d537b6a71b7b0d0101ae91fba301d98ffd0d9a5cc274248d07114bcb,raw,Viburnum prunifolium,Leaf nitrogen content per unit mass,12,1,3,0,3,0,review_submission_csv:1130,taxon_outlier;source_review,pending_submitted_note,pending_submitted_note,FALSE,approve_none_insufficient_evidence
d0b127f8dc2bc754615cb2cb7210341ff3e18d23b3c686e6d5e235cd6de4e9d4,raw,Viburnum tinus,Leaf nitrogen content per unit mass,43,2,13,4,2,0,review_submission_csv:1436,domain_outlier;taxon_outlier;source_review,pending_submitted_note,propose_scale_validated_threshold,TRUE,pending_objective_scale_evidence
edb37885b504ca33f895818ebcdc042a57e96b543216709a74a652d4b3ad709d,raw,Viburnum trilobum,Leaf nitrogen content per unit mass,10,1,1,0,2,0,review_submission_csv:1231,taxon_outlier;source_review,pending_submitted_note,pending_submitted_note,FALSE,approve_none_insufficient_evidence
0753259e00f50033b3a03ec88f1e2d654534124cac36d41964ea2728cc9b8df5,raw,Viburnum wrightii,Leaf nitrogen content per unit mass,10,1,1,0,1,0,review_submission_csv:1355,taxon_outlier;source_review,pending_submitted_note,pending_submitted_note,FALSE,approve_none_insufficient_evidence
9127927c98241a28c1426d4ac3c6ce0f4e7f6f48401927566f73d4772a4390d9,raw,Viola canadensis,Leaf nitrogen content per unit mass,10,1,2,0,2,0,review_submission_csv:1232,taxon_outlier;source_review,pending_submitted_note,pending_submitted_note,FALSE,approve_none_insufficient_evidence
e5ad6a05ed1e3035159807f22cfdffb89c6be27e82fae6456126a0268bdad888,raw,Viola pedatifida,Leaf nitrogen content per unit mass,17,1,3,1,2,0,review_submission_csv:1322,domain_outlier;taxon_outlier;source_review,pending_submitted_note,agent_threshold_rule_not_corroborated,FALSE,approve_none_insufficient_evidence
5a7fbeddf97c71f663ca30a268dd1d1ed185030552c1774824170b9e32cd65a4,raw,Vulpia bromoides,Leaf nitrogen content per unit mass,13,1,2,0,3,0,review_submission_csv:1148,taxon_outlier;source_review,pending_submitted_note,pending_submitted_note,FALSE,approve_none_insufficient_evidence
b383ea038c11420b70defa931da7e6c26fadea5224eabc6af89ce16c4642125e,raw,Wyethia amplexicaulis,Leaf nitrogen content per unit mass,11,2,2,1,2,0,review_submission_csv:1252,domain_outlier;taxon_outlier;source_review,pending_isolated_source_pattern,agent_threshold_rule_not_corroborated,FALSE,approve_none_insufficient_evidence
666882afff938626081349b1c47f04f33cddf8740d37f18a7ec90eec25c874f9,raw,Zea mays,Leaf nitrogen content per unit mass,107,1,57,34,8,0,review_submission_csv:1318,domain_outlier;taxon_outlier;source_review,pending_submitted_note,pending_submitted_note,FALSE,approve_none_insufficient_evidence
ae63cec79963716c6d6828fbbf44ac405b0a902809395b76d709bb9b3b83764c,raw,ATROPA BELLA-DONNA,Plant heigh,21,1,3,1,1,0,review_submission_csv:738,domain_outlier;taxon_outlier;source_review,agent_recovered_rule,,FALSE,approve_none_insufficient_evidence
eeac2ab268db1ed600887a680ef734683c61f1e9fd8745fa114e646b6f7f4259,raw,Abies balsamea,Plant heigh,79240,2,7509,0,8470,0,review_submission_csv:308,taxon_outlier;source_review,pending_submitted_note,agent_unparsed_exclusion_instruction,FALSE,approve_none_insufficient_evidence
1673c78b5a3e5ee79834e7880c44146d74088f8f61f6025c3e1ce895b7da7f34,raw,Abies concolor,Plant heigh,45155,2,3343,577,4059,0,review_submission_csv:293,domain_outlier;taxon_outlier;source_review,agent_recovered_rule,,FALSE,approve_none_insufficient_evidence
80fc3862d76f6fdc46dc4aa02d90167b56ffc6a72e98dbd87281bd44be553699,raw,Abies lasiocarpa,Plant heigh,115488,2,9079,4,4004,0,review_submission_csv:355,domain_outlier;taxon_outlier;source_review,agent_recovered_rule,,FALSE,approve_none_insufficient_evidence
ee203e0d15cd3f1c3835b4327ad9f845cb431a23ec01d9275dd6d703ecf192ca,raw,Abies pinsapo,Plant heigh,164,2,164,1,49,0,review_submission_csv:284,domain_outlier;taxon_outlier;source_review,agent_recovered_rule,,FALSE,approve_none_insufficient_evidence
1b9e5446301dd976e0366ffa60e0f713da85454fab68607f79e973bbbebfd0fb,raw,Acer granatense,Plant heigh,31,1,2,1,7,0,review_submission_csv:531,domain_outlier;taxon_outlier;source_review,pending_submitted_note,pending_submitted_note,FALSE,approve_none_insufficient_evidence
44d9baf075db4cdad4d29dbd821d4ec7a1053cb2b2571f5a8664d43e354aa701,raw,Acer monspessulanum,Plant heigh,28,1,5,1,4,0,review_submission_csv:851,domain_outlier;taxon_outlier;source_review,agent_recovered_rule,,FALSE,approve_none_insufficient_evidence
9087dc4f9278f3e11a508d9f1213e73d110b775dc59754b6ab4d89b0f9532ff3,raw,Acer negundo,Plant heigh,20947,2,3617,1,998,0,review_submission_csv:889,domain_outlier;taxon_outlier;source_review,agent_recovered_rule,,FALSE,approve_none_insufficient_evidence
dac11b88fd8bdb21c29db4fff1d59c98372220926d638780f903e745e09c1357,raw,Acer pensylvanicum,Plant heigh,4364,2,1178,3,53,0,review_submission_csv:597,domain_outlier;taxon_outlier;source_review,agent_recovered_rule,,FALSE,approve_none_insufficient_evidence
0a346a334f1225c35e9476d2ee85bc1973cf7efe12f0664d98e4b670f5f9376a,raw,Acer platanoides,Plant heigh,172,2,71,1,9,0,review_submission_csv:434,domain_outlier;taxon_outlier;source_review,agent_recovered_rule,,FALSE,approve_none_insufficient_evidence
da5a9f403aacf464e3a7ca5d75100d46f754bdc9a1278c3e5b9aff980609474c,raw,Acer pseudoplatanus,Plant heigh,51,1,6,1,8,0,review_submission_csv:809,domain_outlier;taxon_outlier;source_review,pending_submitted_note,pending_submitted_note,FALSE,approve_none_insufficient_evidence
dad028985f0fc76005b540565034b048ec4f966db7625a75e3cd1608ff56d3cd,raw,Acer rubrum,Plant heigh,535993,2,53346,6,5135,0,review_submission_csv:799,domain_outlier;taxon_outlier;source_review,agent_recovered_rule,,FALSE,approve_none_insufficient_evidence
277d4b12a5e86ca64d31252b93b3eb6dc766f3086e18c7f4c32f1edc0ecf7cdb,raw,Acer saccharum,Plant heigh,198100,2,16379,14,11048,0,review_submission_csv:417;review_submission_csv:814,domain_outlier;taxon_outlier;source_review,pending_submitted_note,agent_conflicting_submitted_instructions,FALSE,approve_none_insufficient_evidence
7fabf83f0543fcecd4edf71c687a2cb7780dc91181d1cc9d92985205ab1e4590,raw,Acer spicatum,Plant heigh,174,2,79,10,25,0,review_submission_csv:304,domain_outlier;taxon_outlier;source_review,pending_submitted_note,pending_submitted_note,FALSE,approve_none_insufficient_evidence
351c18e51a025c6b3790a408771e04141348bf1978e5c4df6a5e3c1b9751cbdb,raw,Achillea maritima,Plant heigh,24,1,4,1,3,0,review_submission_csv:231,domain_outlier;taxon_outlier;source_review,agent_recovered_rule,,FALSE,approve_none_insufficient_evidence
bf2c26a818297fdad449f89e1f41a485460d427401c3eda49d83bd8288595661,raw,Achillea millefolium,Plant heigh,455,1,97,65,43,0,review_submission_csv:123,domain_outlier;taxon_outlier;source_review,pending_isolated_source_pattern,agent_strong_isolated_source_pattern,TRUE,pending_objective_scale_evidence
acd17dd73d1d37ecc8063f7b4702279cbb00044679e30be5fca130a362456f2b,raw,Acmispon wrightii,Plant heigh,20,1,3,0,2,0,review_submission_csv:392,taxon_outlier;source_review,pending_submitted_note,pending_submitted_note,FALSE,approve_none_insufficient_evidence
b47359391b92ab5df7dc75898b78b8ad2bbdcb350c8ab840390be365fc19c90e,raw,Aconitum lycoctonum subsp. vulparia,Plant heigh,26,1,2,23,1,0,review_submission_csv:778,domain_outlier;taxon_outlier;source_review,pending_submitted_note,pending_submitted_note,FALSE,approve_none_insufficient_evidence
67dbe1099655cde53bb0e0f1433b4e884d362218e8535faf085493653a0ddf50,raw,Aconitum napellus,Plant heigh,10,1,1,10,1,0,review_submission_csv:490,domain_outlier;taxon_outlier;source_review,pending_submitted_note,pending_submitted_note,FALSE,approve_none_insufficient_evidence
1198cc06e264bbdc9a0edfbd75ac4b7b57d552c33c3da8b74c10070cafff9082,raw,Actaea rubra,Plant heigh,15,1,2,1,1,0,review_submission_csv:675,domain_outlier;taxon_outlier;source_review,pending_submitted_note,pending_submitted_note,FALSE,approve_none_insufficient_evidence
79699a8bdc6ea1f0007234cb3b18abf33d0597c47efe6b8c8663ed3a4d6d74fd,raw,Actaea spicata,Plant heigh,11,1,3,1,1,0,review_submission_csv:607,domain_outlier;taxon_outlier;source_review,agent_recovered_rule,,FALSE,approve_none_insufficient_evidence
357ad9d3d920132ebd5b4fc002824741ad2ec05c228c44f925903660815f6cf7,raw,Adenostyles alliariae,Plant heigh,26,1,2,24,3,0,review_submission_csv:247,domain_outlier;taxon_outlier;source_review,pending_submitted_note,pending_submitted_note,FALSE,approve_none_insufficient_evidence
9dd0ea1500e1b62bb66e90213f679b2504dab6eab2e48bbbf85042000057ce6c,raw,Adenostyles alpina,Plant heigh,26,1,2,7,1,0,review_submission_csv:779,domain_outlier;taxon_outlier;source_review,pending_submitted_note,pending_submitted_note,FALSE,approve_none_insufficient_evidence
8cf336e1c5457a62c7a6002b5f7fec7f310ac0f46a0d25ea62033c4d68b6a770,raw,Adenostyles leucophylla,Plant heigh,26,1,2,0,1,0,review_submission_csv:780,taxon_outlier;source_review,pending_submitted_note,pending_submitted_note,FALSE,approve_none_insufficient_evidence
a67942cc420fee287734762805c01588938ae4c4686935d5702a810ce8b25a8f,raw,Aegopodium podagraria,Plant heigh,49,1,16,20,1,0,review_submission_csv:562,domain_outlier;taxon_outlier;source_review,pending_submitted_note,pending_submitted_note,FALSE,approve_none_insufficient_evidence
1c1f3019bf4b2001310e1ce744a5b7646c220d514b0fdb7521aecc40082f4793,raw,Aesculus californica,Plant heigh,732,2,136,0,40,0,review_submission_csv:345,taxon_outlier;source_review,agent_recovered_rule,,FALSE,approve_none_insufficient_evidence
dfc82bb986c8c19e672907378e1b7b12c477ffab115f4154c1decf2d06e9fd11,raw,Agoseris glauca,Plant heigh,45,1,4,0,6,0,review_submission_csv:843,taxon_outlier;source_review,pending_submitted_note,pending_submitted_note,FALSE,approve_none_insufficient_evidence
82d2bb03353333b6dfee158698e1c7c6435eb6d07f64a24d6b166956251ce13f,raw,Agropyron desertorum,Plant heigh,10,1,1,0,2,0,review_submission_csv:164,taxon_outlier;source_review,pending_submitted_note,pending_submitted_note,FALSE,approve_none_insufficient_evidence
10b22ac7ccf09225032eebd2a921aabc4a6ccc99ac54d1b0f53c0825b73e1fca,raw,Agrostemma githago,Plant heigh,22,1,3,19,3,0,review_submission_csv:213,domain_outlier;taxon_outlier;source_review,pending_isolated_source_pattern,pending_isolated_source_pattern,FALSE,approve_none_insufficient_evidence
2b6dd8d04900c3c6cf2ec3880dfe966ce50acd04cd696a0d7ebfb783df97ce74,raw,Agrostis alpina,Plant heigh,11,1,11,0,2,0,review_submission_csv:861,taxon_outlier;source_review,pending_submitted_note,pending_submitted_note,FALSE,approve_none_insufficient_evidence
2e07ad3bf60cc1e6dedcdb9cfad6e2a57c1ba68a19dcfbde6d15b45798d1231f,raw,Agrostis capillaris,Plant heigh,23,1,6,0,5,0,review_submission_csv:68,taxon_outlier;source_review,pending_submitted_note,pending_submitted_note,FALSE,approve_none_insufficient_evidence
f8dd121d57b59c57d018435528bba7bd2c3d3a6f7fcf2d0cfadfb1a5a74db3cd,raw,Agrostis stolonifera,Plant heigh,21,1,13,2,2,0,review_submission_csv:409,domain_outlier;taxon_outlier;source_review,pending_isolated_source_pattern,pending_isolated_source_pattern,FALSE,approve_none_insufficient_evidence
3866726bf6c77934719d13a6ca494cdcec4c4628b4c0f105d971787d92353941,raw,Ajuga reptans,Plant heigh,208,1,9,0,28,0,review_submission_csv:62,taxon_outlier;source_review,pending_submitted_note,pending_submitted_note,FALSE,approve_none_insufficient_evidence
d0da02edce184586a7f586967ae73fad984d0817bc3240871cf746c701af0079,raw,Alchemilla alpina,Plant heigh,15,1,2,0,1,0,review_submission_csv:676,taxon_outlier;source_review,agent_recovered_rule,,FALSE,approve_none_insufficient_evidence
3e1c917a08a3a86406c0560e00534093ddd3e34d041add972c429361842a09b0,raw,Alchemilla pentaphyllea,Plant heigh,11,1,2,0,2,0,review_submission_csv:862,taxon_outlier;source_review,pending_recovered_proposal,agent_unmatched_recovered_rule,FALSE,approve_none_insufficient_evidence
7e83ba9977668a4e54d818b5b6aebb8a4bb8d8254749c53ccea561ebc4d654c6,raw,Alchemilla vulgaris,Plant heigh,104,1,21,0,2,0,review_submission_csv:542,taxon_outlier;source_review,pending_isolated_source_pattern,pending_isolated_source_pattern,FALSE,approve_none_insufficient_evidence
d18d66f1d3bf4a325015f8556247d85718af0b218d448acca899e550e999926e,raw,Allium scorodoprasum subsp. scorodoprasum,Plant heigh,25,1,1,1,2,0,review_submission_csv:443,domain_outlier;taxon_outlier;source_review,pending_submitted_note,pending_submitted_note,FALSE,approve_none_insufficient_evidence
ca4ce60756c2192a72f07cfd4f98b816c9d46bd589b3c4822fdef6d63964e405,raw,Allium victorialis,Plant heigh,25,1,1,1,1,0,review_submission_csv:760,domain_outlier;taxon_outlier;source_review,pending_submitted_note,pending_submitted_note,FALSE,approve_none_insufficient_evidence
62981e2275c737a1ec93970389f4e1146e9d6496d34eb48e465a51fadf8ebd3a,raw,Alnus alnobetula,Plant heigh,122,1,8,2,26,0,review_submission_csv:14,domain_outlier;taxon_outlier;source_review,agent_recovered_rule,,FALSE,approve_none_insufficient_evidence
48a892f4ca92be9d4b59b075790af69044986bdfd87961555b140a9ea5a2addd,raw,Alnus glutinosa,Plant heigh,134,2,59,1,14,0,review_submission_csv:333,domain_outlier;taxon_outlier;source_review,pending_recovered_proposal,agent_unmatched_recovered_rule,FALSE,approve_none_insufficient_evidence
dbc73b1a7061e9d508874dd086b9469fcc341fa6589617e0a41291d093d9ac94,raw,Alnus incana,Plant heigh,11,2,9,2,2,0,review_submission_csv:891,domain_outlier;taxon_outlier;source_review,agent_recovered_rule,,FALSE,approve_none_insufficient_evidence
74b76e06429845ce4dbbc334046cc0d283e7aed4669e3eecf9289823a4dab617,raw,Alnus rhombifolia,Plant heigh,1549,2,413,0,146,0,review_submission_csv:310,taxon_outlier;source_review,agent_recovered_rule,,FALSE,approve_none_insufficient_evidence
1100e4e1630af69c47900434293f5004b52c1eb852e7a6a337ca94460a142b87,raw,Alopecurus geniculatus,Plant heigh,10,1,2,0,1,0,review_submission_csv:491,taxon_outlier;source_review,pending_submitted_note,pending_submitted_note,FALSE,approve_none_insufficient_evidence
64796981022a781d08da81d251da15064586dd4a47fcea6381f3cc0a32cc862e,raw,Alopecurus pratensis,Plant heigh,273,1,54,171,10,0,review_submission_csv:660,domain_outlier;taxon_outlier;source_review,pending_submitted_note,pending_submitted_note,FALSE,approve_none_insufficient_evidence
8a0c05f792a7452cf9b471a863392ef58fe167d350e3ea949af89c4654014c71,raw,Alyssum alpestre,Plant heigh,14,1,2,0,2,0,review_submission_csv:242,taxon_outlier;source_review,pending_submitted_note,pending_submitted_note,FALSE,approve_none_insufficient_evidence
8c53d9fa07e61c2e6c07bb3e37da7976ab268965ccb493f5f8c2c356cfdf6071,raw,Ambrosia artemisiifolia,Plant heigh,141,1,58,67,5,0,review_submission_csv:691,domain_outlier;taxon_outlier;source_review,pending_submitted_note,pending_submitted_note,FALSE,approve_none_insufficient_evidence
306bbc2aff8a85612b0353bbafe6af41fe6cea9c977aa2ae0a21c1316d4e6509,raw,Amelanchier arborea,Plant heigh,161,1,92,0,6,0,review_submission_csv:674,taxon_outlier;source_review,agent_recovered_rule,,FALSE,approve_none_insufficient_evidence
141289bb171047904b664b06c71684f4124dae2dbf1aefe715189a5296737251,raw,Amelanchier ovalis,Plant heigh,27,1,4,2,2,0,review_submission_csv:470,domain_outlier;taxon_outlier;source_review,agent_recovered_rule,,FALSE,approve_none_insufficient_evidence
6f21908365e06f3979c274ea6a667983b7f25cbdbfb1d0affe5a3a556dd79d54,raw,Ammophila arenaria,Plant heigh,106,1,15,11,11,0,review_submission_csv:850,domain_outlier;taxon_outlier;source_review,pending_submitted_note,pending_submitted_note,FALSE,approve_none_insufficient_evidence
a03dffa8e3423000b0b3320935e14b61e29e2de736f269825cd635fe07c7d183,raw,Andropogon gerardii,Plant heigh,216,1,58,134,8,0,review_submission_csv:668,domain_outlier;taxon_outlier;source_review,pending_submitted_note,pending_submitted_note,FALSE,approve_none_insufficient_evidence
dbb270c3d214c82aa0771a2c2dadb7070fbd0fbdff3c6479c0e4d3c218694267,raw,Andropogon virginicus,Plant heigh,88,1,22,32,6,0,review_submission_csv:390,domain_outlier;taxon_outlier;source_review,pending_submitted_note,pending_submitted_note,FALSE,approve_none_insufficient_evidence
0137b277c8da2fed8f98461c2c77776a4271894d3deca20a6296f337e5c801b9,raw,Androsace adfinis subsp. brigitanica,Plant heigh,25,1,1,0,2,0,review_submission_csv:444,taxon_outlier;source_review,pending_submitted_note,pending_submitted_note,FALSE,approve_none_insufficient_evidence
bd2659572b069d5aeac474e5f28da8dda2b7a2cd2e7129826a9bffbb4d4d3864,raw,Androsace septentrionalis,Plant heigh,37,1,4,0,14,0,review_submission_csv:3,taxon_outlier;source_review,pending_submitted_note,pending_submitted_note,FALSE,approve_none_insufficient_evidence
4d341a818ab7e05e4bac0db0ac70404fbe99a96b0de3de25119861336beb89a6,raw,Androsace vitaliana,Plant heigh,26,1,2,0,1,0,review_submission_csv:781,taxon_outlier;source_review,pending_submitted_note,pending_submitted_note,FALSE,approve_none_insufficient_evidence
22adfdbba5e9e3f9fcdbfa4a75d7c7ccc6d70567b501242924661ce3a3457a41,raw,Anemone baldensis,Plant heigh,25,1,1,0,7,0,review_submission_csv:27,taxon_outlier;source_review,pending_submitted_note,pending_submitted_note,FALSE,approve_none_insufficient_evidence
8f610bd164d42f1b2a977cc534f9116a67562721e488a4451782e6ec6d0f6a22,raw,Anemone hepatica,Plant heigh,201,1,20,0,23,0,review_submission_csv:812,taxon_outlier;source_review,pending_submitted_note,propose_scale_validated_threshold,TRUE,pending_objective_scale_evidence
b213d592ec1f2883c33e88d29ce4783cb4d378b0f562e158fc754b9b5b29588c,raw,Anemone quinquefolia,Plant heigh,13,1,3,0,2,0,review_submission_csv:228,taxon_outlier;source_review,pending_submitted_note,pending_submitted_note,FALSE,approve_none_insufficient_evidence
3f27a46baf7874984a1cf8f4f54a4c84845193cf33424e498507653b73aabb4c,raw,Angelica grayi,Plant heigh,11,1,2,0,1,0,review_submission_csv:608,taxon_outlier;source_review,agent_recovered_rule,,FALSE,approve_none_insufficient_evidence
5a5ab0ace7674e0ef0182c656db2611ff2a0f20270cb1b862e749b012e4ef904,raw,Antennaria alpina,Plant heigh,148,1,6,0,11,0,review_submission_csv:254,taxon_outlier;source_review,agent_recovered_rule,,FALSE,approve_none_insufficient_evidence
c7163541d23bf41d9fc2c703a185a0db4b7b9d5d700cd3fead9cfefb314830a4,raw,Antennaria carpatica,Plant heigh,11,1,2,0,1,0,review_submission_csv:609,taxon_outlier;source_review,agent_recovered_rule,,FALSE,approve_none_insufficient_evidence
fad986be971ea6e0ec88a97185d0fe74fdc3fdb7c90bfa41071246648dc49707,raw,Antennaria dioica,Plant heigh,90,1,20,0,2,0,review_submission_csv:598,taxon_outlier;source_review,pending_submitted_note,pending_submitted_note,FALSE,approve_none_insufficient_evidence
b24829b56cc7555cf07287fb41712b101007538781f71565dac206e594a21024,raw,Antennaria rosulata,Plant heigh,20,1,2,0,2,0,review_submission_csv:393,taxon_outlier;source_review,pending_submitted_note,pending_submitted_note,FALSE,approve_none_insufficient_evidence
c96975d4feb40dce00f8236ffde129c19e543bf0f9396017e7abf547a0c5b98c,raw,Antennaria sp,Plant heigh,30,1,1,0,4,0,review_submission_csv:187,taxon_outlier;source_review,pending_submitted_note,pending_submitted_note,FALSE,approve_none_insufficient_evidence
6886dffde6e43c2a67728dab1acf91e4b8aa57853f13da11751cf4f974de1177,raw,Anthemis maritima,Plant heigh,379,1,2,1,17,0,review_submission_csv:439,domain_outlier;taxon_outlier;source_review,agent_recovered_rule,,FALSE,approve_none_insufficient_evidence
7d7378492c91bec47b88fd0aec1ef5a7b6f00e50b9fd3bd45915648085871444,raw,Anthoxanthum odoratum,Plant heigh,424,1,83,143,36,0,review_submission_csv:842,domain_outlier;taxon_outlier;source_review,pending_submitted_note,pending_submitted_note,FALSE,approve_none_insufficient_evidence
788027e2fcada41aa3fb47a2ecc890299db56f68a4ca4fdabcba50304679ecac,raw,Anthriscus sylvestris,Plant heigh,165,1,14,60,11,0,review_submission_csv:873,domain_outlier;taxon_outlier;source_review,pending_submitted_note,pending_submitted_note,FALSE,approve_none_insufficient_evidence
eaf33a4e081b0b0c10962be92145fecdfad3c86f8a4408454ed4ceddbf22b8cc,raw,Anthyllis lotoides,Plant heigh,11,2,2,0,3,0,review_submission_csv:313,taxon_outlier;source_review,agent_recovered_rule,,FALSE,approve_none_insufficient_evidence
3e11a70404a6cb508153e2eff32065d3c12987800e6467b54e898ff75284e5df,raw,Anthyllis montana,Plant heigh,29,1,3,0,5,0,review_submission_csv:112,taxon_outlier;source_review,pending_submitted_note,pending_submitted_note,FALSE,approve_none_insufficient_evidence
553f20846aa34b053c40f50a8c656c9687340a59e9ce23d59b24567bba583777,raw,Anthyllis vulneria,Plant heigh,0,0,0,0,0,0,review_submission_csv:67,source_review,pending_submitted_note,propose_none_no_current_records,FALSE,approve_none_insufficient_evidence
fc67fa1d34da6cb27aac0e6c82921d0849a5332367d54e2445f52d9ec281e229,raw,Aquilegia caerulea,Plant heigh,18,2,5,0,1,0,review_submission_csv:703,taxon_outlier;source_review,pending_submitted_note,pending_submitted_note,FALSE,approve_none_insufficient_evidence
889271ec4f1d8eab8cce2dd8d688d67035aa50e6d9ee8463c31727363df3a361,raw,Arabis alpina,Plant heigh,26,1,2,0,2,0,review_submission_csv:458,taxon_outlier;source_review,pending_submitted_note,pending_submitted_note,FALSE,approve_none_insufficient_evidence
d3f9292a0c0ffd271f4d7c6f768611df2944d9b79330503c805d574dc3fa3679,raw,Arabis caerulea,Plant heigh,26,1,2,0,2,0,review_submission_csv:459,taxon_outlier;source_review,pending_submitted_note,pending_submitted_note,FALSE,approve_none_insufficient_evidence
b464d721adb4d9fe3483b8efde29bfe083938fe5eeea54cc806bb513b055f964,raw,Arabis soyeri subsp. subcoriacea,Plant heigh,10,1,1,0,1,0,review_submission_csv:492,taxon_outlier;source_review,pending_submitted_note,pending_submitted_note,FALSE,approve_none_insufficient_evidence
ee4bbdae910f39ccca59f10fa18345c4e7282a13db0ec53878ffb8078d9f4c7a,raw,Aralia nudicaulis,Plant heigh,67,1,7,3,5,0,review_submission_csv:384,domain_outlier;taxon_outlier;source_review,pending_submitted_note,pending_submitted_note,FALSE,approve_none_insufficient_evidence
91c7e941af363af4c4b7b121bf30ddf27e9ca752cd1334ac8e8bed38ba92863b,raw,Arbutus menziesii,Plant heigh,6944,2,1016,1,492,0,review_submission_csv:320,domain_outlier;taxon_outlier;source_review,agent_recovered_rule,,FALSE,approve_none_insufficient_evidence
2e59cb397aa6c1462525a3200965338f597ede3ab98873dc0c8e17bbef58eff5,raw,Arctium lappa,Plant heigh,14,1,3,14,2,0,review_submission_csv:243,domain_outlier;taxon_outlier;source_review,pending_submitted_note,pending_submitted_note,FALSE,approve_none_insufficient_evidence
9c815850eecff7acf00c8ed8769dafe0d4688cc7ad3b4103aae162f14450c9b0,raw,Arctostaphylos alpinus,Plant heigh,28,1,6,0,2,0,review_submission_csv:487,taxon_outlier;source_review,agent_recovered_rule,,FALSE,approve_none_insufficient_evidence
4dd6bc47c56dbaf7a9c4f202906582dbe8868f979aeadeff2d055c45e573ce97,raw,Arenaria lanuginosa,Plant heigh,20,1,3,0,4,0,review_submission_csv:102,taxon_outlier;source_review,pending_submitted_note,pending_submitted_note,FALSE,approve_none_insufficient_evidence
b576047e8feeb33cacc85763996e220b83d9e09c717b68c81aaf5f738d66d8fc,raw,Arisaema triphyllum,Plant heigh,22,1,7,0,3,0,review_submission_csv:214,taxon_outlier;source_review,pending_submitted_note,pending_submitted_note,FALSE,approve_none_insufficient_evidence
33343b6805c23e7768b2f258e51ac5a85465adb38c84433e487d07d570529108,raw,Aristida purpurea,Plant heigh,10,1,1,0,2,0,review_submission_csv:165,taxon_outlier;source_review,pending_submitted_note,pending_submitted_note,FALSE,approve_none_insufficient_evidence
aa2528bd5062835fe2e1fa4496a3b56e335d3b7692a9c530e1317a1212c914f9,raw,Arnica latifolia,Plant heigh,32,1,3,0,12,0,review_submission_csv:5,taxon_outlier;source_review,agent_repeated_source_pattern,,TRUE,pending_objective_scale_evidence
809c5781e4428cbdcb524aaea4b1e0ee92a9a69b470b841b2a4157c9dcd62552,raw,Arnoglossum atriplicifolium,Plant heigh,21,1,2,0,2,0,review_submission_csv:410,taxon_outlier;source_review,pending_submitted_note,agent_unparsed_exclusion_instruction,FALSE,approve_none_insufficient_evidence
b262917136f8d50daac9aa9ca625b3b2c96a6c629ea416bbf1f42a4813486a41,raw,Arrhenatherum elatius,Plant heigh,286,1,75,210,13,0,review_submission_csv:456,domain_outlier;taxon_outlier;source_review,pending_submitted_note,pending_submitted_note,FALSE,approve_none_insufficient_evidence
73e9b4590ffdbbbefce778be199c30cf90e79af873374bc82a0ae65fa1e7adc5,raw,Artemisia alba,Plant heigh,25,1,1,0,1,0,review_submission_csv:761,taxon_outlier;source_review,pending_submitted_note,pending_submitted_note,FALSE,approve_none_insufficient_evidence
0dac2862e40e7ad4abb4ae201a7bfdadefa9e4c04ce61d7e3d98208b86b7da68,raw,Artemisia carruthii,Plant heigh,20,1,2,0,3,0,review_submission_csv:190,taxon_outlier;source_review,pending_submitted_note,pending_submitted_note,FALSE,approve_none_insufficient_evidence
09110a7924a958e99d1a7f6834bdfc142ec08c50043e475d7f4907be1e02bd53,raw,Artemisia dracunculus,Plant heigh,21,1,3,21,2,0,review_submission_csv:411,domain_outlier;taxon_outlier;source_review,pending_submitted_note,pending_submitted_note,FALSE,approve_none_insufficient_evidence
76e76bfce12d08cd48412524d983efe9056c73d42a97d340ea774f1a8a7f1254,raw,Artemisia ludoviciana,Plant heigh,29,1,1,4,5,0,review_submission_csv:113,domain_outlier;taxon_outlier;source_review,pending_submitted_note,pending_submitted_note,FALSE,approve_none_insufficient_evidence
73db8e36a431bee91a6b313b9761821200bd67c1750027d06590826f1146a9ab,raw,Artemisia scopulorum,Plant heigh,22,1,3,0,2,0,review_submission_csv:422,taxon_outlier;source_review,agent_recovered_rule,,FALSE,approve_none_insufficient_evidence
8bd6f03799095859e8d1f531ec7e803816cac5af6bee00d564ff2a549af849f5,raw,Artemisia umbelliformis,Plant heigh,26,1,2,0,2,0,review_submission_csv:460,taxon_outlier;source_review,pending_submitted_note,pending_submitted_note,FALSE,approve_none_insufficient_evidence
4df2a64241d4ce03dc67e4f25b7b59c9a7326a6b676413eaa4a404d512dacdd3,raw,Asclepias tuberosa,Plant heigh,301,2,55,50,73,0,review_submission_csv:287,domain_outlier;taxon_outlier;source_review,pending_submitted_note,pending_submitted_note,FALSE,approve_none_insufficient_evidence
731df0f8b7cbc5226dfea3a6ba009d1d0c8c3b1d0b276c35e93999fc2243c4f8,raw,Asimina triloba,Plant heigh,682,1,220,0,63,0,review_submission_csv:106,taxon_outlier;source_review,agent_recovered_rule,,FALSE,approve_none_insufficient_evidence
1aafbe33dd4df734bb15d9bf0748a91b10ae18c606590b9bde6ad4d949db00e3,raw,Asperula tinctoria,Plant heigh,12,1,12,1,1,0,review_submission_csv:646,domain_outlier;taxon_outlier;source_review,pending_isolated_source_pattern,pending_isolated_source_pattern,FALSE,approve_none_insufficient_evidence
6e62f831f03566dbf353b61435d30b220cbd948d489975aa56006951fbe9bc50,raw,Asplenium ruta-muraria,Plant heigh,26,1,2,0,2,0,review_submission_csv:461,taxon_outlier;source_review,pending_submitted_note,pending_submitted_note,FALSE,approve_none_insufficient_evidence
a32cc922fa33b72120062dc7b8519fdefb6686823a8badd1256e3fedeba41e3f,raw,Asplenium septentrionale,Plant heigh,25,1,1,0,2,0,review_submission_csv:445,taxon_outlier;source_review,pending_submitted_note,pending_submitted_note,FALSE,approve_none_insufficient_evidence
9a6c967d08d7c41bc8e8278d4b435708936ffbcc8b5fd713d74bf378c5ad74e7,raw,Astragalus alpinus,Plant heigh,62,1,9,0,5,0,review_submission_csv:366,taxon_outlier;source_review,agent_recovered_rule,,FALSE,approve_none_insufficient_evidence
a81aa722b2b75d998ac972a0d5529aa6ec7549e0e7e7bbb83c1503efa812b2ae,raw,Astragalus cicer,Plant heigh,10,1,1,0,3,0,review_submission_csv:61,taxon_outlier;source_review,pending_submitted_note,pending_submitted_note,FALSE,approve_none_insufficient_evidence
6da0300a32eb1c1785b6a27fbc5df01e7bb0b4ab0ac3c8a205ee60708727d0c1,raw,Astragalus glycyphyllos,Plant heigh,26,1,2,0,3,0,review_submission_csv:248,taxon_outlier;source_review,pending_submitted_note,pending_submitted_note,FALSE,approve_none_insufficient_evidence
14a495a3a02113cb05bfd0bc81d32934f4bf0f50858e5515c664495d5ea477b8,raw,Astragalus humistratus,Plant heigh,20,1,3,0,3,0,review_submission_csv:191,taxon_outlier;source_review,pending_submitted_note,pending_submitted_note,FALSE,approve_none_insufficient_evidence
87550ce02ca20b5416778513b58a2b5face58493e887ce0de0b9f81464109221,raw,Astragalus monspessulanus,Plant heigh,26,1,2,0,2,0,review_submission_csv:462,taxon_outlier;source_review,pending_submitted_note,pending_submitted_note,FALSE,approve_none_insufficient_evidence
b5fd206995ea5bce2305a568de0e20c742da2f740e2757074ab5ea41559605d3,raw,Astragalus sempervirens,Plant heigh,63,1,2,0,1,0,review_submission_csv:552,taxon_outlier;source_review,agent_recovered_rule,,FALSE,approve_none_insufficient_evidence
0050fdb2a14d55ef265503c9947825374cb413aaf29238472ca73dd88968e1d3,raw,Athamanta cretensis,Plant heigh,26,1,2,0,4,0,review_submission_csv:153,taxon_outlier;source_review,pending_submitted_note,pending_submitted_note,FALSE,approve_none_insufficient_evidence
531b886a86ac34950a8a94765bc5036544ef2dec2d433a842fb128be882f85d8,raw,Athyrium filix-femina,Plant heigh,11,1,2,6,1,0,review_submission_csv:610,domain_outlier;taxon_outlier;source_review,pending_submitted_note,pending_submitted_note,FALSE,approve_none_insufficient_evidence
2a062d50fa5b92c11624d3d24f8e3402009141ba6ac543f30602596956a91745,raw,Avena barbata,Plant heigh,19,2,9,1,4,0,review_submission_csv:319,domain_outlier;taxon_outlier;source_review,pending_submitted_note,pending_submitted_note,FALSE,approve_none_insufficient_evidence
1c9dd9c12534ba57a91fe43fe201e7835e64e2b139e6c279e9392f399aaa33ee,raw,Bartsia alpina,Plant heigh,29,1,6,0,3,0,review_submission_csv:272,taxon_outlier;source_review,agent_recovered_rule,,FALSE,approve_none_insufficient_evidence
54e67184353450768fdadd4be4702feeff19b962baa878c44d0e3a24b51656e0,raw,Bellardia trixago,Plant heigh,13,2,4,0,2,0,review_submission_csv:353,taxon_outlier;source_review,agent_recovered_rule,,FALSE,approve_none_insufficient_evidence
7d8e88870ea21b3f6cb253cdb5a6877e80f4b353567ec4a5a3f3ac9a9c19bb32,raw,Bellidastrum michelii,Plant heigh,25,1,1,0,2,0,review_submission_csv:446,taxon_outlier;source_review,pending_submitted_note,pending_submitted_note,FALSE,approve_none_insufficient_evidence
71f9e02dd3e022f869364337efe19e7a482f610372333c6ad2f47c81b6b1454e,raw,Bellis perennis,Plant heigh,142,1,33,17,22,0,review_submission_csv:42,domain_outlier;taxon_outlier;source_review,pending_submitted_note,pending_submitted_note,FALSE,approve_none_insufficient_evidence
4eab3c55aeeca5f725eb61bdea18d2c889e539f644b79b282b26c52970bc8ef3,raw,Berardia lanuginosa,Plant heigh,18,1,1,0,3,0,review_submission_csv:160,taxon_outlier;source_review,pending_submitted_note,pending_submitted_note,FALSE,approve_none_insufficient_evidence
a52f68182b6427749544211869244fe0117e9ddf92b1eda112da8e9d456be7a0,raw,Berberis vulgaris,Plant heigh,67,1,6,2,7,0,review_submission_csv:209,domain_outlier;taxon_outlier;source_review,agent_recovered_rule,,FALSE,approve_none_insufficient_evidence
b3d78d22fcab7b84b5e64e27f0548d578ee428606364ffcadd3b0e10969a9e82,raw,Beta vulgaris,Plant heigh,238,1,199,115,26,0,review_submission_csv:110,domain_outlier;taxon_outlier;source_review,pending_isolated_source_pattern,pending_isolated_source_pattern,FALSE,approve_none_insufficient_evidence
21b41c99867aafe9188fcc7cf84e9b8fc16bb9ace5c6093171c7c7137c914641,raw,Betula alleghaniensis,Plant heigh,40384,2,6734,1,2011,0,review_submission_csv:331,domain_outlier;taxon_outlier;source_review,pending_submitted_note,agent_unparsed_exclusion_instruction,FALSE,approve_none_insufficient_evidence
e947bc57ce6cb26fb36ae58ac6c5d69440dfedc75828a46351e30292b65b6f5a,raw,Betula lenta,Plant heigh,27736,2,3677,0,1552,0,review_submission_csv:327,taxon_outlier;source_review,agent_recovered_rule,,FALSE,approve_none_insufficient_evidence
f746e74c1108c7e9dca011abcd4b21aae25077cfbd44c196ef45ac85171f9006,raw,Betula nana,Plant heigh,459,1,66,1,34,0,review_submission_csv:859,domain_outlier;taxon_outlier;source_review,agent_recovered_rule,,FALSE,approve_none_insufficient_evidence
ff1fb685d9c0329df425de42f7c2a6280b3015ba32e6248559a4e2ec19d577bc,raw,Betula nigra,Plant heigh,8030,1,1288,0,567,0,review_submission_csv:89,taxon_outlier;source_review,agent_recovered_rule,,FALSE,approve_none_insufficient_evidence
cf716ccd0383a35fbaea848551bd70e13f8a8f8e5c99852adaed06775e522bce,raw,Betula pubescens,Plant heigh,233,1,53,2,52,0,review_submission_csv:7,domain_outlier;taxon_outlier;source_review,agent_recovered_rule,,FALSE,approve_none_insufficient_evidence
5a259ddfe5a2e03d7284f37a8a3cff43f5d21d00235214ceb57b183b8610c10d,raw,Bidens cernua,Plant heigh,18,1,4,6,2,0,review_submission_csv:369,domain_outlier;taxon_outlier;source_review,pending_submitted_note,pending_submitted_note,FALSE,approve_none_insufficient_evidence
eba9b32dc5ef431388c26e4ee35b189a2e33d206f601dd4f7ed3a53b45f8b427,raw,Bidens tinctoria,Plant heigh,20,1,2,0,1,0,review_submission_csv:720,taxon_outlier;source_review,pending_submitted_note,pending_submitted_note,FALSE,approve_none_insufficient_evidence
0a207128046907917afa07bfdbb32903ca44b516694cad7c79fc486d80e73338,raw,Bistorta bistortoides,Plant heigh,27,1,3,0,3,0,review_submission_csv:256,taxon_outlier;source_review,agent_recovered_rule,,FALSE,approve_none_insufficient_evidence
e83851d4cc9cf8b5a46fd4a54eb97f25fed7e2a5e7597d2790f82272e260777a,raw,Bistorta officinalis,Plant heigh,17,1,4,5,1,0,review_submission_csv:694,domain_outlier;taxon_outlier;source_review,pending_submitted_note,pending_submitted_note,FALSE,approve_none_insufficient_evidence
2c5c2a59201c8990e88c8d636d9252347476209f671c2087d89ba18e1020a204,raw,Bistorta vivipara,Plant heigh,495,1,31,0,40,0,review_submission_csv:844,taxon_outlier;source_review,pending_isolated_source_pattern,propose_scale_validated_threshold,TRUE,pending_objective_scale_evidence
d28e9b47bba809296108faa2bee16f351fb9a57c3fd700d532b0d04c060cd847,raw,Bothriochloa ischaemum,Plant heigh,25,1,1,5,9,0,review_submission_csv:8,domain_outlier;taxon_outlier;source_review,pending_submitted_note,pending_submitted_note,FALSE,approve_none_insufficient_evidence
a03eaeb05b2f15e2054844c212e6bcbd26e2ecb889fb66fa6b6608e98ab5aaff,raw,Botrychium lunaria,Plant heigh,26,1,2,0,3,0,review_submission_csv:249,taxon_outlier;source_review,pending_isolated_source_pattern,pending_isolated_source_pattern,FALSE,approve_none_insufficient_evidence
0ffde2b33045b2f45052018f8532b67c2684e4b3b8df9f59ecafcd2dee1967e1,raw,Brachypodium pinnatum,Plant heigh,37,1,8,7,4,0,review_submission_csv:869,domain_outlier;taxon_outlier;source_review,pending_submitted_note,agent_threshold_rule_not_corroborated,FALSE,approve_none_insufficient_evidence
ab2f4ad759c00cc109985161d19a3d0963594f5574755fe467384f6047807b72,raw,Brachypodium retusum,Plant heigh,46,1,10,7,1,0,review_submission_csv:548,domain_outlier;taxon_outlier;source_review,pending_submitted_note,pending_submitted_note,FALSE,approve_none_insufficient_evidence
1fd5fdfc13d810972e7461781a8c3acb99826661eaab8767e3192b484e2f6a36,raw,Brachypodium sylvaticum,Plant heigh,15,1,2,0,1,0,review_submission_csv:677,taxon_outlier;source_review,pending_submitted_note,pending_submitted_note,FALSE,approve_none_insufficient_evidence
9fe3c7b7357fed682ec3b4d845afc8d15507c0a1a23f009f542b83d8fd8e61a4,raw,Brassica repanda subsp. repanda,Plant heigh,25,1,1,0,2,0,review_submission_csv:447,taxon_outlier;source_review,pending_submitted_note,pending_submitted_note,FALSE,approve_none_insufficient_evidence
62647a870a958874302af3951158204b092f8e3ce32ebab5b40c3684c8987ba7,raw,Briza media,Plant heigh,74,1,21,3,10,0,review_submission_csv:117,domain_outlier;taxon_outlier;source_review,pending_isolated_source_pattern,agent_strong_isolated_source_pattern,TRUE,pending_objective_scale_evidence
d92ceabd8105ff454479a765d3af9440ab0dc644f99512bc88114521564eb87d,raw,Bromus hordeaceus,Plant heigh,191,2,11,34,40,0,review_submission_csv:291,domain_outlier;taxon_outlier;source_review,agent_recovered_rule,,FALSE,approve_none_insufficient_evidence
30adde19d9f5bb84e91c428e32fd2e9edf208bef412cb224faa783b9c2267acc,raw,Bromus tectorum,Plant heigh,46,2,8,0,6,0,review_submission_csv:884,taxon_outlier;source_review,pending_submitted_note,pending_submitted_note,FALSE,approve_none_insufficient_evidence
b9988a8f20602ecf3ed0be0acc0a9c9b08ef69a3b360e0a79017b68c683ac3ec,raw,Bupleurum fruticescens,Plant heigh,12,1,3,1,2,0,review_submission_csv:217,domain_outlier;taxon_outlier;source_review,pending_submitted_note,pending_submitted_note,FALSE,approve_none_insufficient_evidence
74c7c927b973168dc24f70c423f6fde3dcab29274f80f7fbbe8eae6f8dafabd9,raw,Bupleurum longifolium,Plant heigh,26,1,2,22,7,0,review_submission_csv:30,domain_outlier;taxon_outlier;source_review,pending_submitted_note,pending_submitted_note,FALSE,approve_none_insufficient_evidence
34dfb11eb30aefb76ee9c930a517f6497df8bba74a2880b3910bedf5eb8c1731,raw,Calluna vulgaris,Plant heigh,266,1,16,1,19,0,review_submission_csv:235,domain_outlier;taxon_outlier;source_review,agent_recovered_rule,,FALSE,approve_none_insufficient_evidence
dd05fa0a1062276d4e630df5ca8fcee4bbb8803da6eac1c9a7b39e28844dfd0e,raw,Calocedrus decurrens,Plant heigh,12333,2,1428,72,911,0,review_submission_csv:416,domain_outlier;taxon_outlier;source_review,agent_recovered_rule,,FALSE,approve_none_insufficient_evidence
53bc4868ca42b5147870d57ba26df5d5f7c25ef85b59c2c366151890af3d2273,raw,Caltha leptosepala,Plant heigh,17,1,3,0,2,0,review_submission_csv:281,taxon_outlier;source_review,agent_recovered_rule,,FALSE,approve_none_insufficient_evidence
49a94646f7c3b8ab7ff4806b945e9d3a187dea594ecf9f84c6538830122b31dc,raw,Calystegia sepium,Plant heigh,28,1,12,25,4,0,review_submission_csv:852,domain_outlier;taxon_outlier;source_review,pending_submitted_note,pending_submitted_note,FALSE,approve_none_insufficient_evidence
e18d8654017965dfeadce192f3ecd1fd28d5d3afa10ce3d3ee53462e029be5a2,raw,Calystegia soldanella,Plant heigh,70,1,4,2,14,0,review_submission_csv:35,domain_outlier;taxon_outlier;source_review,agent_recovered_rule,,FALSE,approve_none_insufficient_evidence
4ef2efc5506da37f5d7e05bed19d1255087b22b1fcd61cbd43b56988bf7f9e7a,raw,Campanula cenisia,Plant heigh,25,1,1,0,1,0,review_submission_csv:762,taxon_outlier;source_review,pending_submitted_note,pending_submitted_note,FALSE,approve_none_insufficient_evidence
7c196f06f2a6ff9afe83b13e9b31171efe2cb4f91a9eac7765e289abd666c474,raw,Campanula persicifolia,Plant heigh,23,1,4,0,5,0,review_submission_csv:533,taxon_outlier;source_review,pending_submitted_note,pending_submitted_note,FALSE,approve_none_insufficient_evidence
bc2c82eea9e52343d68982870b0042cf66c29a20dea7fea5b6a17244c55494af,raw,Campanula rapunculoides,Plant heigh,15,1,1,13,1,0,review_submission_csv:678,domain_outlier;taxon_outlier;source_review,pending_submitted_note,pending_submitted_note,FALSE,approve_none_insufficient_evidence
8676864e003d7fd213d7fb75298881c48ce376b0dca4a86d1eb4d889e23e9bc2,raw,Campanula rotundifolia,Plant heigh,47,1,13,2,2,0,review_submission_csv:701,domain_outlier;taxon_outlier;source_review,pending_submitted_note,pending_submitted_note,FALSE,approve_none_insufficient_evidence
ac9a84072be8164b45dde037269f04474c79bc0edb6e72047c53bf53a6762268,raw,Campanula trachelium,Plant heigh,78,1,9,4,4,0,review_submission_csv:634,domain_outlier;taxon_outlier;source_review,agent_recovered_rule,,FALSE,approve_none_insufficient_evidence
c524b644e21a2c3899729ec36b41ebf8a9a32751e83097e80ca4a34cba668841,raw,Campsis radicans,Plant heigh,28,1,6,18,6,0,review_submission_csv:829,domain_outlier;taxon_outlier;source_review,pending_submitted_note,pending_submitted_note,FALSE,approve_none_insufficient_evidence
e7f417a3a3d1e0118a3b13b6372c8ebebacf4e76eb88edff920131317448ff6c,raw,Cardamine bellidifolia,Plant heigh,41,1,3,0,6,0,review_submission_csv:134,taxon_outlier;source_review,pending_submitted_note,pending_submitted_note,FALSE,approve_none_insufficient_evidence
bad4bb8d8798f8570d227fc490cb2b79469dead7d880857c26e54b3a210406da,raw,Cardamine bulbifera,Plant heigh,21,1,3,0,3,0,review_submission_csv:204,taxon_outlier;source_review,agent_recovered_rule,,FALSE,approve_none_insufficient_evidence
4b53a2c1c01fb308c358ff70cf1c0bf9e33fd2e6e682e11737de70219c86ba23,raw,Cardamine diphylla,Plant heigh,10,1,4,0,2,0,review_submission_csv:166,taxon_outlier;source_review,pending_submitted_note,pending_submitted_note,FALSE,approve_none_insufficient_evidence
8040c39694c9517011a63374f106307a882bc0204744595b09e4544ae846e2e9,raw,Cardamine enneaphyllos,Plant heigh,21,1,3,0,1,0,review_submission_csv:739,taxon_outlier;source_review,agent_recovered_rule,,FALSE,approve_none_insufficient_evidence
ce1323757b1841329ef72647336acf3205ee3430dd54c26ad13cec9ef983b59b,raw,Carduus defloratus subsp. defloratus,Plant heigh,25,1,1,0,1,0,review_submission_csv:763,taxon_outlier;source_review,pending_submitted_note,pending_submitted_note,FALSE,approve_none_insufficient_evidence
07fb2ecb93cd96c30f7a323b611fcd856774fe801d75fc5e33762bc6358bfbb0,raw,Carex albonigra,Plant heigh,27,1,3,0,6,0,review_submission_csv:58,taxon_outlier;source_review,pending_submitted_note,pending_submitted_note,FALSE,approve_none_insufficient_evidence
c68427876f999d3ebcc5b06e3c3135b5e6f59d26961980b4e82800b4e3f5edd4,raw,Carex arenaria,Plant heigh,11,1,11,0,2,0,review_submission_csv:194,taxon_outlier;source_review,agent_recovered_rule,,FALSE,approve_none_insufficient_evidence
575f3f963bddd8608cabd60909652c3e0fbc7410130ac5252577a6ff583cd0a6,raw,Carex brevior,Plant heigh,26,1,2,2,3,0,review_submission_csv:250,domain_outlier;taxon_outlier;source_review,pending_submitted_note,pending_submitted_note,FALSE,approve_none_insufficient_evidence
5ee0dd677816a4aad5377c4b6f9ec7bdae1f5f6cf525ccd0883ad94e63ebbb4e,raw,Carex caryophyllea,Plant heigh,24,1,14,0,2,0,review_submission_csv:437,taxon_outlier;source_review,pending_submitted_note,pending_submitted_note,FALSE,approve_none_insufficient_evidence
6fd7cd2ae14f25939e18c6e2113785879cfe8d1ff07276f2996d93a3592ef977,raw,Carex elata,Plant heigh,25,1,1,1,1,0,review_submission_csv:764,domain_outlier;taxon_outlier;source_review,pending_submitted_note,pending_submitted_note,FALSE,approve_none_insufficient_evidence
b9ce6f703dc14f26bde8a105413ee7979d75cd10eceb5750125e1bb785119bd0,raw,Carex ericetorum,Plant heigh,10,1,10,0,1,0,,taxon_outlier,pending_historical_drift,agent_historical_drift,FALSE,approve_none_insufficient_evidence
e9ec6a7b3231be2280b64b23922b3e7e95cab260d7a2d7cee76195c1d79bff0f,raw,Carex firma,Plant heigh,10,1,2,0,1,0,review_submission_csv:493,taxon_outlier;source_review,agent_recovered_rule,,FALSE,approve_none_insufficient_evidence
ccd39ba313184b0a3c96c3e6fb09ddb3e2273d5fd5838fed9dde17883bed2f81,raw,Carex foenea,Plant heigh,14,1,4,0,3,0,review_submission_csv:119,taxon_outlier;source_review,agent_recovered_rule,,FALSE,approve_none_insufficient_evidence
d282d66f42888ed6f25cc6197d0567332e39464f1798df3cd0f459c13dff65a0,raw,Carex intumescens,Plant heigh,15,1,10,4,1,0,review_submission_csv:679,domain_outlier;taxon_outlier;source_review,pending_submitted_note,pending_submitted_note,FALSE,approve_none_insufficient_evidence
72b7b8974340840c2d2fb29087cbcdc55c7ab702ed5eebea376c552f8639fed8,raw,Carex lacustris,Plant heigh,17,1,2,16,4,0,review_submission_csv:72,domain_outlier;taxon_outlier;source_review,agent_repeated_source_pattern,,TRUE,pending_objective_scale_evidence
28e9bb589ce56b42da65941f298c7e90a3c08ede5493045a50c65aaff84f1402,raw,Carex macrolepis,Plant heigh,43,1,5,0,3,0,review_submission_csv:440,taxon_outlier;source_review,agent_recovered_rule,,FALSE,approve_none_insufficient_evidence
876c8b4f8b3fa1e9c546f6117438ceb77ab7bacb77226a18e408490f82230aaa,raw,Carex montana,Plant heigh,10,1,1,0,4,0,review_submission_csv:21,taxon_outlier;source_review,pending_submitted_note,pending_submitted_note,FALSE,approve_none_insufficient_evidence
63539d4fc34d9eae6eeb4b5b41f643f2c3f7ced181d9917993069c3896096e7a,raw,Carex myosuroides,Plant heigh,16,1,4,0,2,0,review_submission_csv:269,taxon_outlier;source_review,agent_recovered_rule,,FALSE,approve_none_insufficient_evidence
30cafb243ee0b2c7028c78bc32670f34abd7ef10bf974916b60c4a79ea31d9c5,raw,Carex ornithopoda,Plant heigh,31,1,4,0,1,0,review_submission_csv:587,taxon_outlier;source_review,pending_submitted_note,pending_submitted_note,FALSE,approve_none_insufficient_evidence
2154f7ff2ab1f0b2a510084f0229c6860b53ece9d82de317bd3dca7d2d3addd3,raw,Carex parviflora,Plant heigh,21,1,2,0,1,0,review_submission_csv:740,taxon_outlier;source_review,agent_recovered_rule,,FALSE,approve_none_insufficient_evidence
33d9324ad35886e5abcfe4da7f769cbaeed333dc49eff90f483a8ccd83444659,raw,Carex pensylvanica,Plant heigh,127,1,5,0,1,0,review_submission_csv:571,taxon_outlier;source_review,pending_submitted_note,pending_submitted_note,FALSE,approve_none_insufficient_evidence
73db34fc2d7faec0a452fbecfadad56d2726ff1b8027b7470ad782999b4e9d6b,raw,Carex rupestris,Plant heigh,16,1,3,0,3,0,review_submission_csv:141,taxon_outlier;source_review,agent_recovered_rule,,FALSE,approve_none_insufficient_evidence
6488c1c8d8a8fef8557492ead74bee02f1aafb74b17a2474f87a205d0342406d,raw,Carex scabrata,Plant heigh,11,1,5,2,3,0,review_submission_csv:74,domain_outlier;taxon_outlier;source_review,pending_submitted_note,pending_submitted_note,FALSE,approve_none_insufficient_evidence
1bbd486a344054bd85fd789dd4d0f47a8fe741e0be6ac39b040799c752d6f0a8,raw,Carex sempervirens,Plant heigh,108,1,21,0,9,0,review_submission_csv:240,taxon_outlier;source_review,pending_submitted_note,pending_submitted_note,FALSE,approve_none_insufficient_evidence
da8acb53bd02c38e33a109d8c45e677d342672dc40ef09c9a32d9275fefa775c,raw,Carex siccata,Plant heigh,33,1,2,0,2,0,review_submission_csv:656,taxon_outlier;source_review,pending_submitted_note,pending_submitted_note,FALSE,approve_none_insufficient_evidence
7a66746146f2cafa6f02317d47c8539913a22b4a3b6c659e7f6b1c75a279fa5c,raw,Carex stricta,Plant heigh,14,1,2,12,1,0,review_submission_csv:669,domain_outlier;taxon_outlier;source_review,pending_submitted_note,pending_submitted_note,FALSE,approve_none_insufficient_evidence
e4a235dcf297b17b7268fba6cfe2ba3b46ecb1cb4fbf1afd6f2628b87a6a9e2e,raw,Carex vaginata,Plant heigh,44,1,9,0,7,0,review_submission_csv:105,taxon_outlier;source_review,agent_recovered_rule,,FALSE,approve_none_insufficient_evidence
e40a273d02fb36dc259fcd9ae1d19ed8ed01a6b4cfd8253e277be6a920e2b7d0,raw,Carex woodii,Plant heigh,32,1,1,0,2,0,review_submission_csv:640,taxon_outlier;source_review,pending_submitted_note,pending_submitted_note,FALSE,approve_none_insufficient_evidence
361357cf1e5988c6f1693b2f9342a5c6c85ae689445274f3e00638eb11daeb3b,raw,Carlina acaulis,Plant heigh,16,1,6,0,1,0,review_submission_csv:685,taxon_outlier;source_review,pending_submitted_note,pending_submitted_note,FALSE,approve_none_insufficient_evidence
bfcff47567dd76a513cdde82b77a912356dbfde95c0cc2ac467271eca95b36eb,raw,Carlina vulgaris,Plant heigh,33,1,7,0,2,0,review_submission_csv:657,taxon_outlier;source_review,pending_isolated_source_pattern,pending_isolated_source_pattern,FALSE,approve_none_insufficient_evidence
5d72f46dfcb468f21431a48a8d10b06e3f76afc74cfb7dca0a7f45a9ff794781,raw,Carpinus caroliniana,Plant heigh,38326,2,6636,1,1507,0,review_submission_csv:880,domain_outlier;taxon_outlier;source_review,agent_recovered_rule,,FALSE,approve_none_insufficient_evidence
252750948f761149355ba80deb21621b1e3cd1a3793f00752032b95beb1622e2,raw,Carum carvi,Plant heigh,106,1,9,5,2,0,review_submission_csv:543,domain_outlier;taxon_outlier;source_review,pending_isolated_source_pattern,pending_isolated_source_pattern,FALSE,approve_none_insufficient_evidence
a6692aefeaf9fc85f57c0f062e3ca24132fb01baf162ccbda37fe6c40e28983a,raw,Castanea dentata,Plant heigh,775,2,356,0,112,0,review_submission_csv:294,taxon_outlier;source_review,agent_recovered_rule,,FALSE,approve_none_insufficient_evidence
769c3dd8838e64e395b07b1ef8aae024a23907b26d2e70ef2e6c5e237d7e6ca2,raw,Castanea sativa,Plant heigh,28,1,5,1,5,0,review_submission_csv:108,domain_outlier;taxon_outlier;source_review,agent_recovered_rule,,FALSE,approve_none_insufficient_evidence
530a46685541327cec6eb2c43e1ef95a15f69df2edaf9707219a5c5ef2e4d2a8,raw,Castilleja austromontana,Plant heigh,10,1,1,0,1,0,review_submission_csv:494,taxon_outlier;source_review,pending_submitted_note,pending_submitted_note,FALSE,approve_none_insufficient_evidence
ac92605585f3c198104f41f84ba00ca522ef63b2b0bf2c35332a63ded49b82dd,raw,Ceanothus fendleri,Plant heigh,21,1,3,1,1,0,review_submission_csv:741,domain_outlier;taxon_outlier;source_review,pending_submitted_note,pending_submitted_note,FALSE,approve_none_insufficient_evidence
9cb8c88e7fa9462d1653ed8c6319dc82887e1e16887c028e04c717447e9eb1ee,raw,Centaurea cyanus,Plant heigh,28,1,4,19,2,0,review_submission_csv:488,domain_outlier;taxon_outlier;source_review,pending_submitted_note,pending_submitted_note,FALSE,approve_none_insufficient_evidence
b3e13dd13dd08329a7723b7e36a13e4cf3a2f87b618584cdb69ab2194ab69b5e,raw,Centaurea diffusa,Plant heigh,10,1,1,1,1,0,review_submission_csv:495,domain_outlier;taxon_outlier;source_review,pending_submitted_note,pending_submitted_note,FALSE,approve_none_insufficient_evidence
08aa4c233c2b31fec8ade2faa107ad0075008889d0178de2f7337f6f784b65aa,raw,Centaurea jacea,Plant heigh,337,1,64,186,10,0,review_submission_csv:693,domain_outlier;taxon_outlier;source_review,pending_submitted_note,pending_submitted_note,FALSE,approve_none_insufficient_evidence
2e330396cc2663c408f1894bdb12b1270847ada61c280549fe061b0e2ac93f87,raw,Centaurea nigra,Plant heigh,11,1,3,6,1,0,review_submission_csv:611,domain_outlier;taxon_outlier;source_review,pending_isolated_source_pattern,agent_strong_isolated_source_pattern,TRUE,pending_objective_scale_evidence
a6c52b5d8799b150e4d078879abac8d2776c08f9b33c9c3050729d48d4c79531,raw,Centaurea scabiosa,Plant heigh,11,1,3,2,1,0,review_submission_csv:612,domain_outlier;taxon_outlier;source_review,pending_submitted_note,pending_submitted_note,FALSE,approve_none_insufficient_evidence
830b5688845a1d291504a9b61eeb3c92a1af0f12c36947a389ec4de1aea16761,raw,Centranthus angustifolius,Plant heigh,27,1,3,6,1,0,review_submission_csv:802,domain_outlier;taxon_outlier;source_review,pending_submitted_note,pending_submitted_note,FALSE,approve_none_insufficient_evidence
709a369203c6b0cec5e1c334cd499d4ca61ebe2979c2e2624039934e6e85a346,raw,Cephalaria leucantha,Plant heigh,27,1,3,16,1,0,review_submission_csv:803,domain_outlier;taxon_outlier;source_review,pending_submitted_note,pending_submitted_note,FALSE,approve_none_insufficient_evidence
00230d43438053f9cce1a829960db55657c22f91eeaf679cead49512c715e3da,raw,Cerastium arvense,Plant heigh,16,1,4,0,3,0,review_submission_csv:142,taxon_outlier;source_review,agent_recovered_rule,,FALSE,approve_none_insufficient_evidence
8d21f26758a9aff5e278e7ce521c0ca6882a62936c236805f78996d414132c5e,raw,Cerastium fontanum,Plant heigh,32,1,11,0,5,0,review_submission_csv:536,taxon_outlier;source_review,pending_submitted_note,pending_submitted_note,FALSE,approve_none_insufficient_evidence
6a3687ef692b6d5f381d298dd42e90b95c4fa5f8ae4a15bbc26bfb95ac9bd3bb,raw,Cercis canadensis,Plant heigh,10051,2,2977,0,469,0,review_submission_csv:478,taxon_outlier;source_review,agent_recovered_rule,,FALSE,approve_none_insufficient_evidence
9649f91953fa9ce60d3c41e6b8a7f6ef677e808a484db159856886544ceb6314,raw,Cercocarpus ledifolius,Plant heigh,14011,1,1398,0,831,0,review_submission_csv:127,taxon_outlier;source_review,agent_recovered_rule,,FALSE,approve_none_insufficient_evidence
c6fce7e362c5d885e3f07f5206e9e007b8deaec0047015a39368adddd140d3d9,raw,Cerinthe glabra subsp. glabra,Plant heigh,25,1,1,3,1,0,review_submission_csv:765,domain_outlier;taxon_outlier;source_review,pending_submitted_note,pending_submitted_note,FALSE,approve_none_insufficient_evidence
945d83a286cb2e0900f6a95454e0022d4db5677e9e45b1ccbf46c5f0ed9b70c4,raw,Chaenactis douglasii,Plant heigh,26,1,2,0,1,0,review_submission_csv:782,taxon_outlier;source_review,pending_submitted_note,pending_submitted_note,FALSE,approve_none_insufficient_evidence
33af6217966949e8285b4b50d1557890ba8b1a4c3c03097e455c97087c922b03,raw,Chenopodium fremontii,Plant heigh,20,1,2,16,3,0,review_submission_csv:192,domain_outlier;taxon_outlier;source_review,pending_submitted_note,pending_submitted_note,FALSE,approve_none_insufficient_evidence
14d1574491128279a1462388503ee6a278e4db629b493b248c69ba03dc8008d1,raw,Cherleria obtusiloba,Plant heigh,18,1,2,0,2,0,review_submission_csv:370,taxon_outlier;source_review,agent_recovered_rule,,FALSE,approve_none_insufficient_evidence
76f3939d9119f82b19c30671b0973e2bddfce9e5697a37c592318d04619d2185,raw,Chionophila jamesii,Plant heigh,12,1,2,0,1,0,review_submission_csv:647,taxon_outlier;source_review,agent_recovered_rule,,FALSE,approve_none_insufficient_evidence
d891df152a57939be7392513a1d642de5063306db903b526cace6906cd0dd9cb,raw,Chrysopsis villosa,Plant heigh,34,1,2,0,6,0,review_submission_csv:94,taxon_outlier;source_review,pending_submitted_note,pending_submitted_note,FALSE,approve_none_insufficient_evidence
a580377050e59ea88167624181256ff67295f03d46b61fc453268f27a2535fff,raw,Circaea alpina,Plant heigh,13,1,6,0,3,0,review_submission_csv:100,taxon_outlier;source_review,pending_isolated_source_pattern,pending_isolated_source_pattern,FALSE,approve_none_insufficient_evidence
4c4e95f34b5f47a0054ba8be8f1c5a4bdadc94cb33ac7b0d182108d478fab606,raw,Cirsium arvense,Plant heigh,105,1,27,89,1,0,review_submission_csv:569,domain_outlier;taxon_outlier;source_review,pending_submitted_note,pending_submitted_note,FALSE,approve_none_insufficient_evidence
ef10bb552173029904c82892d995bcf78fdf30941a463f6815c162f8123569e4,raw,Cirsium ferox,Plant heigh,16,1,2,14,2,0,review_submission_csv:270,domain_outlier;taxon_outlier;source_review,pending_submitted_note,pending_submitted_note,FALSE,approve_none_insufficient_evidence
5a54557d64d78b08b9db6069b37b061fb414e8a14be545f4520531288f26b747,raw,Cirsium oleraceum,Plant heigh,58,1,6,15,5,0,review_submission_csv:275,domain_outlier;taxon_outlier;source_review,pending_submitted_note,pending_submitted_note,FALSE,approve_none_insufficient_evidence
405fa877d0a572a5d57eb8324268e71d88b16f759794f2c99c3d93be526238e5,raw,Cirsium wheeleri,Plant heigh,20,1,2,16,2,0,review_submission_csv:394,domain_outlier;taxon_outlier;source_review,pending_submitted_note,pending_submitted_note,FALSE,approve_none_insufficient_evidence
712c9a4723f886b66a5bfe2f3cd7ec08cb26f6bb169bdb53042f3b4035a62844,raw,Cistus albidus,Plant heigh,110,1,13,30,16,0,review_submission_csv:534,domain_outlier;taxon_outlier;source_review,pending_submitted_note,pending_submitted_note,FALSE,approve_none_insufficient_evidence
dce21d801a8684cbd69678340051c7c8570fe3fb99b11928532bb6491a2052fa,raw,Cistus clusii,Plant heigh,13,1,4,10,2,0,review_submission_csv:229,domain_outlier;taxon_outlier;source_review,pending_submitted_note,pending_submitted_note,FALSE,approve_none_insufficient_evidence
27dea049c7fcf0b0996fd83f082d5be773dcd75c66a717b4e29b4c791ec7bfb7,raw,Cistus salviifolius,Plant heigh,61,1,8,22,2,0,review_submission_csv:756,domain_outlier;taxon_outlier;source_review,pending_submitted_note,agent_threshold_rule_not_corroborated,FALSE,approve_none_insufficient_evidence
140ace089357f2faa8cf94ceb9eef84e18b84c57d1fbc429efd95acaa5ec5025,raw,Clematis flammula,Plant heigh,12,1,2,1,3,0,review_submission_csv:87,domain_outlier;taxon_outlier;source_review,agent_recovered_rule,,FALSE,approve_none_insufficient_evidence
1b3792e7cb20f7eaf8dafeb907c77cec042e395887471c78b43e52aa9087e743,raw,Clinopodium grandiflorum,Plant heigh,19,1,2,1,2,0,review_submission_csv:382,domain_outlier;taxon_outlier;source_review,pending_submitted_note,pending_submitted_note,FALSE,approve_none_insufficient_evidence
bf882e88ef507ac868d29afdfa55681840e6cbac2ee00ed27397096088d5dc38,raw,Clinopodium nepeta,Plant heigh,28,1,4,0,2,0,review_submission_csv:489,taxon_outlier;source_review,pending_isolated_source_pattern,pending_isolated_source_pattern,FALSE,approve_none_insufficient_evidence
b0fd675403cbfa80e9fa59f18b14e2515df152b4869b4c7397947dee8f826321,raw,Clintonia borealis,Plant heigh,10,1,7,0,1,0,review_submission_csv:496,taxon_outlier;source_review,pending_submitted_note,pending_submitted_note,FALSE,approve_none_insufficient_evidence
08d47d5ce81ddaf4bab3c52921a25a6ee73cd358484938696eb4d2d48e90da63,raw,Colchicum autumnale,Plant heigh,25,1,6,1,4,0,review_submission_csv:146,domain_outlier;taxon_outlier;source_review,pending_submitted_note,pending_submitted_note,FALSE,approve_none_insufficient_evidence
31ae5444aaef40244f87b33d6e7675cbc4d0cfdb1b673c57110520f6be39c76a,raw,Cologania angustifolia,Plant heigh,20,1,2,0,1,0,review_submission_csv:721,taxon_outlier;source_review,pending_submitted_note,pending_submitted_note,FALSE,approve_none_insufficient_evidence
95821969a247f7616e701cadecdb82c6fb8b0eba018572adc2a234701b267a58,raw,Convolvulus arvensis,Plant heigh,43,2,12,6,10,0,review_submission_csv:296,domain_outlier;taxon_outlier;source_review,agent_recovered_rule,,FALSE,approve_none_insufficient_evidence
beda870a1bb570592798373167cba1b9d945c277c0f7f64a0662f603071eef98,raw,Conyza canadensis,Plant heigh,14,2,5,2,2,0,review_submission_csv:893,domain_outlier;taxon_outlier;source_review,agent_recovered_rule,,FALSE,approve_none_insufficient_evidence
472f33369822c6fa2870a749a276bbc70bae9dd3385060162959b2b2dd5f1dee,raw,Cornu florida,Plant heigh,0,0,0,0,0,0,review_submission_csv:473,source_review,pending_recovered_proposal,propose_none_no_current_records,FALSE,approve_none_insufficient_evidence
68e793f4e0f0d6b3fbec3903f4a91f340780c71bf1c45b2810d6ed7f68c9c629,raw,Cornus alternifolia,Plant heigh,10,1,6,5,1,0,review_submission_csv:497,domain_outlier;taxon_outlier;source_review,pending_submitted_note,pending_submitted_note,FALSE,approve_none_insufficient_evidence
e972e2cb1328d496a7212aa4581ac6998ed66280effc3953ee64b259ccd708f0,raw,Cornus canadensis,Plant heigh,20,1,4,0,5,0,review_submission_csv:57,taxon_outlier;source_review,pending_submitted_note,pending_submitted_note,FALSE,approve_none_insufficient_evidence
100ce4813d53e191f4a09650341371a9cd2d9da3b654b7014b051532fc692223,raw,Cornus racemosa,Plant heigh,37,1,4,19,5,0,review_submission_csv:847,domain_outlier;taxon_outlier;source_review,pending_submitted_note,pending_submitted_note,FALSE,approve_none_insufficient_evidence
2ca872daae23dace5757ff40351fbd65e2c674a8c3beb5b199bda89766f1c1fb,raw,Cornus sanguinea,Plant heigh,14,1,9,2,5,0,review_submission_csv:19,domain_outlier;taxon_outlier;source_review,agent_recovered_rule,,FALSE,approve_none_insufficient_evidence
e0c8513e92541ee6cb8381fdce1321172407b7e60d9f75fba190546fbf5d68b5,raw,Corylus americana,Plant heigh,16,1,4,3,5,0,review_submission_csv:32,domain_outlier;taxon_outlier;source_review,pending_isolated_source_pattern,pending_isolated_source_pattern,FALSE,approve_none_insufficient_evidence
4703d2556693ed75d224a6f6c51ab0eaae98311cccc0ec11ba8632518ec5e83b,raw,Cosmos parviflorus,Plant heigh,10,1,1,1,2,0,review_submission_csv:167,domain_outlier;taxon_outlier;source_review,pending_submitted_note,pending_submitted_note,FALSE,approve_none_insufficient_evidence
a749451d8e7d3586f359ce7cc9c2553070be4790dc232f878beae7c517575b97,raw,Cotinus coggygria,Plant heigh,11,1,2,11,1,0,review_submission_csv:613,domain_outlier;taxon_outlier;source_review,pending_submitted_note,pending_submitted_note,FALSE,approve_none_insufficient_evidence
c5190e5b241e854e1470a84a93944a2398fd2226e2d8a15a946265caa877993b,raw,Cotinus obovatus,Plant heigh,27,1,14,0,2,0,review_submission_csv:471,taxon_outlier;source_review,agent_recovered_rule,,FALSE,approve_none_insufficient_evidence
a194acb70c5f425d686088ef01bde8fea3629ef6381566851beb3240b2d2325a,raw,Crataegus laciniata,Plant heigh,31,1,2,1,5,0,review_submission_csv:825,domain_outlier;taxon_outlier;source_review,agent_recovered_rule,,FALSE,approve_none_insufficient_evidence
0704b635ddbb0a92cac08c63df0e6ba6d4f8678a0f99c1d33074be27997b96c0,raw,Crataegus monogyna,Plant heigh,101,2,14,2,7,0,review_submission_csv:378,domain_outlier;taxon_outlier;source_review,agent_recovered_rule,,FALSE,approve_none_insufficient_evidence
0991468ff2e3b61df45f2e3860ef9a5e60cd167f34b8d9ed73f44d09d9f2447e,raw,Crepis aurea,Plant heigh,26,1,2,0,1,0,review_submission_csv:783,taxon_outlier;source_review,pending_submitted_note,pending_submitted_note,FALSE,approve_none_insufficient_evidence
7532bcc53b379cff5eb0c5e1c3a226b71ed7feefd09da51654fc9780c65de11f,raw,Crepis biennis,Plant heigh,142,1,3,23,25,0,review_submission_csv:33,domain_outlier;taxon_outlier;source_review,pending_submitted_note,pending_submitted_note,FALSE,approve_none_insufficient_evidence
ecb3304e51c666f51a0f81899652f41e8d94483c988cef3d9088dc5202305123,raw,Crepis capillaris,Plant heigh,44,2,5,0,4,0,review_submission_csv:349,taxon_outlier;source_review,pending_submitted_note,pending_submitted_note,FALSE,approve_none_insufficient_evidence
29ac3d58572c424d07412e9453d9ce3c7113d59320f75b626b0fe98afd8dd76c,raw,Crepis vesicaria,Plant heigh,28,2,5,0,3,0,review_submission_csv:344,taxon_outlier;source_review,pending_isolated_source_pattern,pending_isolated_source_pattern,FALSE,approve_none_insufficient_evidence
aaf334930412a91d6ed0425d053e2319d71bd2e5f18159a85b5981ac93a50628,raw,Crucianella maritima,Plant heigh,100,1,3,1,2,0,review_submission_csv:538,domain_outlier;taxon_outlier;source_review,agent_recovered_rule,,FALSE,approve_none_insufficient_evidence
90abee6795576ef57d84aaad9de5b863c5fc08359ea28cfaded386fba95de215,raw,Cruciata glabra,Plant heigh,42,1,6,0,2,0,review_submission_csv:683,taxon_outlier;source_review,agent_recovered_rule,,FALSE,approve_none_insufficient_evidence
11fd7992986c2bef32b3305fa65c80dda626c17497a3d1c5b161c6edcf20e9fe,raw,Cutandia maritima,Plant heigh,66,1,2,1,3,0,review_submission_csv:672,domain_outlier;taxon_outlier;source_review,agent_recovered_rule,,FALSE,approve_none_insufficient_evidence
6280544dba1de5713b07112455ed05c7ce1cba42944633abf6239472bb57c160,raw,Cymopterus lemmonii,Plant heigh,57,1,5,0,4,0,review_submission_csv:424,taxon_outlier;source_review,pending_submitted_note,pending_submitted_note,FALSE,approve_none_insufficient_evidence
98ca4c9ce4d101ece397c00a91d0d4715757700661ff68094879d43bc0af6b01,raw,Cynosurus cristatus,Plant heigh,114,1,46,84,14,0,review_submission_csv:118,domain_outlier;taxon_outlier;source_review,pending_isolated_source_pattern,pending_isolated_source_pattern,FALSE,approve_none_insufficient_evidence
91dacc1a49ca78abe8578bf582c190407d75b30218b46c9ddc758199448e3160,raw,Cytisus austriacus,Plant heigh,19,1,2,0,1,0,review_submission_csv:711,taxon_outlier;source_review,agent_recovered_rule,,FALSE,approve_none_insufficient_evidence
558b8679cf76725bf434ca843159495a0f32960d1f3827eeee9557127f2a1570,raw,Cytisus scoparius,Plant heigh,35,1,6,1,3,0,review_submission_csv:388,domain_outlier;taxon_outlier;source_review,agent_recovered_rule,,FALSE,approve_none_insufficient_evidence
6beb5f6ebecc341c3e8cae5d61b30a2256151f8499a5a8d0881747a10e8d6cd6,raw,Dactylis glomerata,Plant heigh,600,2,115,241,56,0,review_submission_csv:326,domain_outlier;taxon_outlier;source_review,pending_submitted_note,pending_submitted_note,FALSE,approve_none_insufficient_evidence
a72098e3cbde46005b84547b752c48d9b397c005964ea857c0af2d19b95b7e5c,raw,Dactylorhiza fuchsii,Plant heigh,25,1,1,1,1,0,review_submission_csv:766,domain_outlier;taxon_outlier;source_review,pending_submitted_note,pending_submitted_note,FALSE,approve_none_insufficient_evidence
7d502acf15351d98fd144bc196b4c7f8ca18b7df77193b3214ef84f9098107ee,raw,Dactylorhiza incarnata,Plant heigh,25,1,1,0,3,0,review_submission_csv:870,taxon_outlier;source_review,pending_submitted_note,pending_submitted_note,FALSE,approve_none_insufficient_evidence
4763b7453bc49cf90e48301d6f9c24c7a9080e972eab45f914c793d62dfb2287,raw,Dactylorhiza majalis,Plant heigh,25,1,1,0,1,0,review_submission_csv:767,taxon_outlier;source_review,pending_submitted_note,pending_submitted_note,FALSE,approve_none_insufficient_evidence
8d39c2bb72ad477a229799d2ab817c41a4f8d8f233ddd52941ff11d902cb3b63,raw,Danthonia intermedia,Plant heigh,10,1,2,0,1,0,review_submission_csv:498,taxon_outlier;source_review,agent_recovered_rule,,FALSE,approve_none_insufficient_evidence
f205f84cdc0114f693dd9ebd31de31db6f2053d77092bf76706e4bb91471e89f,raw,Danthonia spicata,Plant heigh,15,1,4,0,2,0,review_submission_csv:260,taxon_outlier;source_review,pending_submitted_note,pending_submitted_note,FALSE,approve_none_insufficient_evidence
8785b9e6a605c2c7cb51e1d5f0966105a3b12f7614bc5ea2a7cfaf28b1198859,raw,Daphne gnidium,Plant heigh,38,1,7,1,3,0,review_submission_csv:419,domain_outlier;taxon_outlier;source_review,agent_recovered_rule,,FALSE,approve_none_insufficient_evidence
a4d3a3246caa67e31cd0dc2237ec3576eb5086f3cc306931f9fd6970d4c4f33f,raw,Daphne laureola,Plant heigh,185,1,20,0,16,0,review_submission_csv:860,taxon_outlier;source_review,agent_recovered_rule,,FALSE,approve_none_insufficient_evidence
85fc6c82f1f0e75b95f2cb47c3886f3290d21632febaa8ec0b1230452b9c043c,raw,Daucus carota,Plant heigh,177,1,25,36,20,0,review_submission_csv:819,domain_outlier;taxon_outlier;source_review,pending_isolated_source_pattern,agent_strong_isolated_source_pattern,TRUE,pending_objective_scale_evidence
d60ac7812e77f24c00919b8ae83b204cc06592b9f79f5d1a05363f5e8fb59376,raw,Delphinium nuttallianum,Plant heigh,20,2,2,0,1,0,review_submission_csv:722,taxon_outlier;source_review,agent_recovered_rule,,FALSE,approve_none_insufficient_evidence
e2e91a202a46711fdbb002e8fa2b7b3347f3831804df392ae57e8d47cbec204c,raw,Dennstaedtia punctilobula,Plant heigh,11,1,3,0,1,0,review_submission_csv:614,taxon_outlier;source_review,pending_submitted_note,pending_submitted_note,FALSE,approve_none_insufficient_evidence
217670cf728423665bb3d4394bd1a98f792901c4bdd9a94cd9a65de459a3f308,raw,Deschampsia caespitosa,Plant heigh,46,1,5,0,11,0,review_submission_csv:511,taxon_outlier;source_review,pending_submitted_note,agent_threshold_rule_not_corroborated,FALSE,approve_none_insufficient_evidence
58cf346dc31d69ca2bba773ac79ee1ff4e400fea9fd6191e847fb307f2679fe9,raw,Desmanthus illinoensis,Plant heigh,21,1,3,20,3,0,review_submission_csv:205,domain_outlier;taxon_outlier;source_review,pending_isolated_source_pattern,agent_strong_isolated_source_pattern,TRUE,pending_objective_scale_evidence
f58a00606f79af7d8b163699d40c5d7dba7c078965a818bee22e74fdb5c71331,raw,Desmodium canadense,Plant heigh,24,1,3,3,5,0,review_submission_csv:835,domain_outlier;taxon_outlier;source_review,agent_recovered_rule,,FALSE,approve_none_insufficient_evidence
5b09afee8d075f8b7c2ae36197d15c17cf9a5baaf4c22c3a48cce09cf811dbae,raw,Dianthus pavonius,Plant heigh,26,1,2,0,2,0,review_submission_csv:463,taxon_outlier;source_review,pending_submitted_note,pending_submitted_note,FALSE,approve_none_insufficient_evidence
6210b07df4e6bcd562a34336983073d19cf6535d519a57de40a256a891df00b8,raw,Digitalis lutea,Plant heigh,49,1,7,0,1,0,review_submission_csv:563,taxon_outlier;source_review,agent_recovered_rule,,FALSE,approve_none_insufficient_evidence
7ce41c60663d4c9e30d330bc8e4cc1083ab581f96e4086b0ba7efa8c5b45b578,raw,Doronicum grandiflorum,Plant heigh,26,1,2,0,1,0,review_submission_csv:784,taxon_outlier;source_review,pending_submitted_note,pending_submitted_note,FALSE,approve_none_insufficient_evidence
b27b564ae39338e0eb011d206843cc2bb13d60c32c47d1d3e73dd0630ec965de,raw,Draba asprella,Plant heigh,10,1,1,0,2,0,review_submission_csv:168,taxon_outlier;source_review,pending_submitted_note,pending_submitted_note,FALSE,approve_none_insufficient_evidence
7a92dfa33d6897bc4a282c5d529bf55660b0b33d789ff466b3fafb433283df36,raw,Draba septocarpa,Plant heigh,0,0,0,0,0,0,review_submission_csv:75,source_review,pending_recovered_proposal,propose_none_no_current_records,FALSE,approve_none_insufficient_evidence
07bd64e67c48bb9ec0c4e7c04bb560d1c22c4a11e54a04e71dd3cee8786a20f2,raw,Draba streptocarpa,Plant heigh,11,1,2,0,3,0,,taxon_outlier,pending_historical_drift,agent_historical_drift,FALSE,approve_none_insufficient_evidence
3ab188e07f59cd91e5910351e6a10dfd867c00e83ffbf89a156885fa3a255d9c,raw,Dracocephalum ruyschiana,Plant heigh,26,1,2,0,5,0,review_submission_csv:90,taxon_outlier;source_review,pending_submitted_note,pending_submitted_note,FALSE,approve_none_insufficient_evidence
2dd37bad337b0db90d139486a11747d1d552a6226dc259fe5c46e70d5ad5a8bd,raw,Dryas octopetala,Plant heigh,175,1,16,0,26,0,review_submission_csv:535;review_submission_csv:56,taxon_outlier;source_review,agent_recovered_rule,,FALSE,approve_none_insufficient_evidence
ce2f6111d2703427be379f5762c1783ea03dc278e653ef53aed83e31f86acc41,raw,Echinophora spinosa,Plant heigh,57,1,3,1,6,0,review_submission_csv:224,domain_outlier;taxon_outlier;source_review,agent_recovered_rule,,FALSE,approve_none_insufficient_evidence
d79d91cf58bd0f72b9c07bc2c64c19f9e202f1d29a5743e5d7f3c23a812c82c4,raw,Echium plantagineum,Plant heigh,213,2,5,0,5,0,review_submission_csv:800,taxon_outlier;source_review,agent_recovered_rule,,FALSE,approve_none_insufficient_evidence
a1c13c92f83189e8511f687a0d1316c438664cd8ae8ab39c787508f4b5d7562c,raw,Elaeagnus angustifolia,Plant heigh,90,2,51,1,14,0,review_submission_csv:309,domain_outlier;taxon_outlier;source_review,agent_recovered_rule,,FALSE,approve_none_insufficient_evidence
d955be1c5a6c061d43ed5ac90aebc88e8f01760e2d768cc74b76f9bdad006012,raw,Elymus smithii,Plant heigh,21,1,3,18,3,0,review_submission_csv:206,domain_outlier;taxon_outlier;source_review,pending_submitted_note,pending_submitted_note,FALSE,approve_none_insufficient_evidence
d4f79880567f97d817e1aedc9848ef234c5f6b3a64583aa632d505aa58c96d66,raw,Elymus violaceus,Plant heigh,10,1,1,6,1,0,review_submission_csv:499,domain_outlier;taxon_outlier;source_review,pending_submitted_note,pending_submitted_note,FALSE,approve_none_insufficient_evidence
d7af3dbbbb718695839e5705ac6afd16b7bd908da90e0c8ccdce9c369186058c,raw,Empetrum nigrum subsp. hermaphroditum,Plant heigh,419,1,9,0,9,0,review_submission_csv:777,taxon_outlier;source_review,agent_recovered_rule,,FALSE,approve_none_insufficient_evidence
7ff72cfee46f98b2bc579da4e8525926bfa5074f683f8b33b5c6614a60c3d304,raw,Epilobium angustifolium,Plant heigh,68,2,16,15,16,0,review_submission_csv:519,domain_outlier;taxon_outlier;source_review,pending_submitted_note,pending_submitted_note,FALSE,approve_none_insufficient_evidence
94960c34dde367a3f3aeb7f104388d90d3bb3e180b0b742eb30b3768a7a78a68,raw,Epilobium brachycarpum,Plant heigh,10,1,1,1,1,0,review_submission_csv:500,domain_outlier;taxon_outlier;source_review,pending_submitted_note,pending_submitted_note,FALSE,approve_none_insufficient_evidence
9a4b7932b66ef169eeb1cd90d0de93b3ef296eed31ac371c0eb55743b3df7c75,raw,Epipactis helleborine,Plant heigh,76,1,14,0,10,0,review_submission_csv:821,taxon_outlier;source_review,pending_submitted_note,propose_scale_validated_threshold,TRUE,pending_objective_scale_evidence
8f0827c55f75ee8b970851d7814db7335882cd83b0f0cb0df9b03a98dc21e260,raw,Eragrostis spectabilis,Plant heigh,70,1,52,0,18,0,review_submission_csv:10,taxon_outlier;source_review,pending_submitted_note,pending_submitted_note,FALSE,approve_none_insufficient_evidence
8ec29cab844c3a8254206c837fb0f440c07df451b603e8643280fb7cf7e9977d,raw,Eremogone fendleri,Plant heigh,44,1,5,0,1,0,review_submission_csv:545,taxon_outlier;source_review,agent_repeated_source_pattern,,TRUE,pending_objective_scale_evidence
ebb01081dba495ee51d832f4fd0e5734c4fde2c464b2b2e5c28f8e803a351b7c,raw,Erica erigena,Plant heigh,25,1,1,0,2,0,review_submission_csv:448,taxon_outlier;source_review,pending_submitted_note,pending_submitted_note,FALSE,approve_none_insufficient_evidence
52038fe71dedbba96b2fbc814b2dd7e6985e8f96012af4215ca0aed9551bd798,raw,Erigeron flagellaris,Plant heigh,21,1,2,0,1,0,review_submission_csv:742,taxon_outlier;source_review,pending_submitted_note,pending_submitted_note,FALSE,approve_none_insufficient_evidence
b22f4c8f9e2f1ab55f28c1de9fc39ee4575d830d8ff5102ca04aa0f527882866,raw,Erigeron formosissimus,Plant heigh,16,1,1,0,1,0,review_submission_csv:686,taxon_outlier;source_review,pending_submitted_note,pending_submitted_note,FALSE,approve_none_insufficient_evidence
439031fecd41ffc7b8b56bef6473cc9494d967b74971f19f9bf0e78cea89dd8d,raw,Erigeron grandiflorus,Plant heigh,22,1,3,0,3,0,review_submission_csv:215,taxon_outlier;source_review,agent_recovered_rule,,FALSE,approve_none_insufficient_evidence
b0041e0e7f0addda3e0a5c32df3033013033b2d31ab66cb37df7101ed781e430,raw,Erigeron pulchellus,Plant heigh,26,1,2,0,1,0,review_submission_csv:785,taxon_outlier;source_review,pending_submitted_note,pending_submitted_note,FALSE,approve_none_insufficient_evidence
91257de6d361dfdd382c6a6f75148b1e9663e75f06e67c8bf95ea01bcd2f486b,raw,Erigeron speciosus,Plant heigh,41,2,4,1,6,0,review_submission_csv:330,domain_outlier;taxon_outlier;source_review,agent_recovered_rule,,FALSE,approve_none_insufficient_evidence
79b29fd0a536f82fbdd45382cc7712b8bb10603059cff5baaca8b779cb60a139,raw,Erigeron strigosus,Plant heigh,79,1,53,24,17,0,review_submission_csv:24,domain_outlier;taxon_outlier;source_review,pending_submitted_note,pending_submitted_note,FALSE,approve_none_insufficient_evidence
09f791b52913a0eb85b1a5ce96d08fbe3c80950f8bdb281202f6ea1df3ae0d69,raw,Erigeron uniflorus,Plant heigh,11,1,2,0,3,0,review_submission_csv:76,taxon_outlier;source_review,agent_recovered_rule,,FALSE,approve_none_insufficient_evidence
63793e5b9022b4cc5badc576c533b63198ee9d04931025acbafe620e7accba95,raw,Eriogonum alatum,Plant heigh,20,1,2,0,1,0,review_submission_csv:723,taxon_outlier;source_review,pending_submitted_note,pending_submitted_note,FALSE,approve_none_insufficient_evidence
2f73b0219d3eba1c6f5d8ba44e25c0f948b1b4a2f9335c0ad8abbdb7d7cbf745,raw,Eriogonum umbellatum,Plant heigh,26,1,2,0,1,0,review_submission_csv:786,taxon_outlier;source_review,pending_isolated_source_pattern,agent_strong_isolated_source_pattern,TRUE,pending_objective_scale_evidence
11a4faf2eee66e7c756400a51b3113d9b463d1697405e44051f622c2e829dd04,raw,Eriophorum angustifolium,Plant heigh,31,1,4,0,7,0,review_submission_csv:38,taxon_outlier;source_review,pending_submitted_note,pending_submitted_note,FALSE,approve_none_insufficient_evidence
67e75960d1b4701b9d0a92f610bc7d9ca7853ccd9e63a60fbdf7a8f63b1e42a7,raw,Eriophorum scheuchzeri,Plant heigh,25,1,1,0,6,0,review_submission_csv:39,taxon_outlier;source_review,pending_submitted_note,pending_submitted_note,FALSE,approve_none_insufficient_evidence
60486e5a0aed2c1f120bf70c9cd9861ae01d4be09db35440d323b2b43d034b02,raw,Eritrichium nanum,Plant heigh,13,1,4,0,3,0,review_submission_csv:810,taxon_outlier;source_review,agent_recovered_rule,,FALSE,approve_none_insufficient_evidence
3fa0b81d17b8d6e9d2716b9d23231ac235adf9c2fb320d57b08fe0c2d5ea95c8,raw,Erodium cicutarium,Plant heigh,17,2,7,0,1,0,review_submission_csv:695,taxon_outlier;source_review,pending_submitted_note,pending_submitted_note,FALSE,approve_none_insufficient_evidence
df1ba18cd04093a0787eccc36afe00edd8a5f1784790de5dfc78afda9813898c,raw,Erucastrum gallicum,Plant heigh,26,1,2,0,1,0,review_submission_csv:787,taxon_outlier;source_review,pending_submitted_note,pending_submitted_note,FALSE,approve_none_insufficient_evidence
134714df9fcea4d75453cc6b5375bd00d1a25409cfc8ccddf00a1ef16f1b698f,raw,Eryngium campestre,Plant heigh,56,2,6,0,3,0,review_submission_csv:645,taxon_outlier;source_review,agent_recovered_rule,,FALSE,approve_none_insufficient_evidence
3aef4cd05300e00b07acc6ffe481f4aea911d9d935c6ffd8093084604672b2de,raw,Eryngium maritimum,Plant heigh,31,1,6,1,6,0,review_submission_csv:834,domain_outlier;taxon_outlier;source_review,agent_recovered_rule,,FALSE,approve_none_insufficient_evidence
61c9a118b9e1c9c6b4fb94bd00aab4b3e38db057652b37fe7d3f51244d82dad9,raw,Eryngium yuccifolium,Plant heigh,20,1,1,0,1,0,review_submission_csv:724,taxon_outlier;source_review,pending_submitted_note,pending_submitted_note,FALSE,approve_none_insufficient_evidence
30fb9db4ce07185fceaa6b797d00645b32295b087082bbeec44709d39a7bca3a,raw,Erysimum capitatum,Plant heigh,23,1,5,0,5,0,review_submission_csv:69,taxon_outlier;source_review,pending_submitted_note,pending_submitted_note,FALSE,approve_none_insufficient_evidence
012aff4a3dccd0941c2ad9e5eb44585ea6a2be501e4f0f6cb46317c292312488,raw,Erythronium grandiflorum,Plant heigh,20,1,1,0,2,0,review_submission_csv:395,taxon_outlier;source_review,pending_submitted_note,pending_submitted_note,FALSE,approve_none_insufficient_evidence
7cacc3431ae3edc29239f4945786481e4bba2d870c67acef5eba72c98eb72706,raw,Euonymus latifolius,Plant heigh,21,1,3,1,1,0,review_submission_csv:743,domain_outlier;taxon_outlier;source_review,pending_submitted_note,pending_submitted_note,FALSE,approve_none_insufficient_evidence
334e4118962ea68004e9a79c2ed3fc4c0fd440fb5544185f7cbe7559d9f6443f,raw,Euphorbia amygdaloides,Plant heigh,21,1,3,0,5,0,review_submission_csv:54,taxon_outlier;source_review,agent_recovered_rule,,FALSE,approve_none_insufficient_evidence
b337e6355429aa43ba3ab8d31b45fafe0a4275ed78d603b8f55df0d632a97056,raw,Euphorbia brachycera,Plant heigh,20,1,2,0,1,0,review_submission_csv:725,taxon_outlier;source_review,pending_submitted_note,pending_submitted_note,FALSE,approve_none_insufficient_evidence
c97c74341bd617a580196d8e8ee03de71d5683763f0b48f5ae7de341aca900e4,raw,Euphorbia paralias,Plant heigh,10,1,5,1,2,0,review_submission_csv:169,domain_outlier;taxon_outlier;source_review,agent_recovered_rule,,FALSE,approve_none_insufficient_evidence
3a13215118ac318956c30138ffe21f36d71e03bbea3fa8d1be323843a97d1200,raw,Euphorbia serpyllifolia,Plant heigh,18,1,2,0,4,0,review_submission_csv:82,taxon_outlier;source_review,pending_submitted_note,pending_submitted_note,FALSE,approve_none_insufficient_evidence
0a088cf08381878eae2f0895f097f2c64ecf93b245daa1563d4a22f20cefbec4,raw,Euphorbia spinosa,Plant heigh,25,1,1,0,1,0,review_submission_csv:768,taxon_outlier;source_review,pending_submitted_note,pending_submitted_note,FALSE,approve_none_insufficient_evidence
54394f03a3856fcd7597a2ba7a756e7cadeb5f938686aedc58e7e0097cc0d789,raw,Euphrasia officinalis,Plant heigh,30,1,4,0,2,0,review_submission_csv:606,taxon_outlier;source_review,pending_submitted_note,pending_submitted_note,FALSE,approve_none_insufficient_evidence
084a941d2e8525d9d6fc19ae429713048074e1b8b51c74093c795d9542e508dd,raw,Euthamia graminifolia,Plant heigh,108,1,14,102,3,0,review_submission_csv:776,domain_outlier;taxon_outlier;source_review,agent_repeated_source_pattern,,TRUE,pending_objective_scale_evidence
2355833065b8d6cadf5669cd3d7b9034f14556034b0450cae3461e95d9f0ad7f,raw,Eutrochium maculatum,Plant heigh,10,1,1,10,1,0,review_submission_csv:501,domain_outlier;taxon_outlier;source_review,pending_submitted_note,pending_submitted_note,FALSE,approve_none_insufficient_evidence
9124892efe2a823d1bf6b8d4af0d5d98ab72446dfcbbf392207f637d11cc99fe,raw,Fagus grandifolia,Plant heigh,75889,2,11677,2,2345,0,review_submission_csv:348,domain_outlier;taxon_outlier;source_review,agent_recovered_rule,,FALSE,approve_none_insufficient_evidence
388d3018144b4cea73aec1c8dfe1b7b227c08bafb741f1dfc4463e8c41fea279,raw,Fagus sylvatica,Plant heigh,179,2,22,1,17,0,review_submission_csv:888,domain_outlier;taxon_outlier;source_review,agent_recovered_rule,,FALSE,approve_none_insufficient_evidence
ff65ec14cd17cc7fbff77f231b6b46db613f40cac3a96b4bbbee6956cf720707,raw,Festuca airoides,Plant heigh,30,1,2,3,4,0,review_submission_csv:188,domain_outlier;taxon_outlier;source_review,pending_submitted_note,pending_submitted_note,FALSE,approve_none_insufficient_evidence
0a1adcf506bcce90b1b44271dce1894588e845b3515c1c7ca98eea1fc7cd535b,raw,Festuca arizonica,Plant heigh,18,1,2,0,3,0,review_submission_csv:161,taxon_outlier;source_review,pending_submitted_note,pending_submitted_note,FALSE,approve_none_insufficient_evidence
3cef96314fe3d444aeb5c798a5720127d611a5d9f0418365238a2516fb0b63be,raw,Festuca brachyphylla,Plant heigh,21,1,2,0,1,0,review_submission_csv:744,taxon_outlier;source_review,agent_recovered_rule,,FALSE,approve_none_insufficient_evidence
770180c6d3f749a35e52b492b7d92d227234df3ed6b484b6fe95a175b87d5d6a,raw,Festuca eskia,Plant heigh,30,1,2,22,3,0,review_submission_csv:278,domain_outlier;taxon_outlier;source_review,pending_submitted_note,pending_submitted_note,FALSE,approve_none_insufficient_evidence
c5768aa5bdd5d23641dc947a1c83b3a7729cd805f60070245e25d1eb00e2b119,raw,Festuca ovina,Plant heigh,320,1,42,83,5,0,review_submission_csv:541,domain_outlier;taxon_outlier;source_review,pending_submitted_note,pending_submitted_note,FALSE,approve_none_insufficient_evidence
5e7a86a9ac4953c3f813abd1755d9175f7472bbd1a22a92066e0438fbc14e575,raw,Festuca quadriflora,Plant heigh,11,1,2,0,1,0,review_submission_csv:615,taxon_outlier;source_review,agent_recovered_rule,,FALSE,approve_none_insufficient_evidence
9d2a09c46e3e7511eea4e7d8f859e15c2edf7bde38830c445fc520df20b1cd5d,raw,Festuca rubra,Plant heigh,267,1,26,52,10,0,review_submission_csv:659,domain_outlier;taxon_outlier;source_review,pending_submitted_note,pending_submitted_note,FALSE,approve_none_insufficient_evidence
83fb689ba6c1f94fbe79e55138612d731792e4a5ec710e15aaccf72dbe738df9,raw,Festuca subverticillata,Plant heigh,10,1,2,0,2,0,review_submission_csv:170,taxon_outlier;source_review,pending_submitted_note,pending_submitted_note,FALSE,approve_none_insufficient_evidence
4e0ebbadfe138eb87a67ab27b09044ebe5326c5ab64bc73be4eb50f2dd5e045c,raw,Festuca thurberi,Plant heigh,40,1,2,34,6,0,review_submission_csv:129,domain_outlier;taxon_outlier;source_review,pending_submitted_note,pending_submitted_note,FALSE,approve_none_insufficient_evidence
b3c45500371b635925679175282158d1f485b0ff32b98fc9332f83d4dacb8110,raw,Festuca valesiaca,Plant heigh,50,1,6,0,3,0,review_submission_csv:513,taxon_outlier;source_review,pending_submitted_note,pending_submitted_note,FALSE,approve_none_insufficient_evidence
15beb12f6ee97b1618acee165a5280526460cd862db21438f6c1e12e1c5c7894,raw,Filago pyramidata,Plant heigh,12,2,3,0,1,0,review_submission_csv:648,taxon_outlier;source_review,agent_recovered_rule,,FALSE,approve_none_insufficient_evidence
5ad47dca8bfe14aa2a78f47630e68414256cf07af06894f82a963ddc9f761eef,raw,Filipendula vulgaris,Plant heigh,36,1,11,1,5,0,review_submission_csv:845,domain_outlier;taxon_outlier;source_review,pending_submitted_note,agent_threshold_rule_not_corroborated,FALSE,approve_none_insufficient_evidence
80d972d470b5fee6d1447c0dfc25eb9efdb044e2be22fc153eb02147783f3beb,raw,Foeniculum vulgare,Plant heigh,11,2,2,0,2,0,review_submission_csv:472,taxon_outlier;source_review,agent_recovered_rule,,FALSE,approve_none_insufficient_evidence
3d21e8d1f322901fdcaaacc91190b29e1c16482a9ee4f72b49116a9a011b7d38,raw,Fragaria vesca,Plant heigh,95,1,14,0,16,0,review_submission_csv:51,taxon_outlier;source_review,agent_recovered_rule,,FALSE,approve_none_insufficient_evidence
f34671494e9ff0525f69c8b9a976b4b968916063cf8a737630f97d8737852ea9,raw,Fragaria virginiana,Plant heigh,82,1,10,1,5,0,review_submission_csv:436,domain_outlier;taxon_outlier;source_review,pending_submitted_note,pending_submitted_note,FALSE,approve_none_insufficient_evidence
0fa512f24f86df97c9e510391be93d2be859a0fd550b042660195506d1ccb8cd,raw,Fraxinus americana,Plant heigh,58799,2,12348,1,3037,0,review_submission_csv:328,domain_outlier;taxon_outlier;source_review,agent_recovered_rule,,FALSE,approve_none_insufficient_evidence
cea36a5464f554c77d6a8a5f748fd4f3d9369890dc170cd10e550bd475288af8,raw,Fraxinus angustifolia,Plant heigh,16,1,9,1,1,0,review_submission_csv:687,domain_outlier;taxon_outlier;source_review,agent_recovered_rule,,FALSE,approve_none_insufficient_evidence
eca4cc4d7748a5ac2333c2b6dbd778354e0bc7d5ae65a98647e11e4341291e6f,raw,Fraxinus excelsior,Plant heigh,65,2,10,1,13,0,review_submission_csv:299,domain_outlier;taxon_outlier;source_review,agent_recovered_rule,,FALSE,approve_none_insufficient_evidence
8a59624e3ac3e79981bf486d19814f69a278c66a04ed1001d03a9894946ca892,raw,Fraxinus latifolia,Plant heigh,455,1,97,0,22,0,review_submission_csv:407,taxon_outlier;source_review,agent_recovered_rule,,FALSE,approve_none_insufficient_evidence
21622e7881d9da975cf7c242600945675ac2d102dbc8faaeb6865ca2f0ba4e18,raw,Fraxinus nigra,Plant heigh,26118,2,2918,0,1688,0,review_submission_csv:882,taxon_outlier;source_review,agent_recovered_rule,,FALSE,approve_none_insufficient_evidence
0f13d76b1988c1110e3ca3bf33500f817ea638f0aaa0ec1e1d040c22ade3e1df,raw,Fraxinus pennsylvanica,Plant heigh,61149,2,9895,20,2268,0,review_submission_csv:352,domain_outlier;taxon_outlier;source_review,agent_recovered_rule,,FALSE,approve_none_insufficient_evidence
82a7b9d130e9c863527b4778a45c188147297fe0041900395ff3c0bf59b7a88a,raw,Fraxinus quadrangulata,Plant heigh,950,1,188,0,75,0,review_submission_csv:136,taxon_outlier;source_review,agent_recovered_rule,,FALSE,approve_none_insufficient_evidence
946fed5736dec5245551327b91b000f21fca7e13699b147cad236a6aaef8f160,raw,Fumana ericoides,Plant heigh,56,1,11,5,9,0,review_submission_csv:85,domain_outlier;taxon_outlier;source_review,pending_submitted_note,pending_submitted_note,FALSE,approve_none_insufficient_evidence
55c1adcc599c96e4c21d409f4576f35eb7cf557bafe6bea7020f66afa37372d2,raw,Fumana laevipes,Plant heigh,23,1,5,0,2,0,review_submission_csv:428,taxon_outlier;source_review,pending_submitted_note,pending_submitted_note,FALSE,approve_none_insufficient_evidence
19b3b3b9eabea55988e0d68e8361c2005681c351845e7e3e825067d241d7d9ef,raw,Fumaria officinalis,Plant heigh,268,1,2,251,7,0,review_submission_csv:751,domain_outlier;taxon_outlier;source_review,pending_submitted_note,pending_submitted_note,FALSE,approve_none_insufficient_evidence
b82c9e0fe9fcd00cded2cc5e3460a58377fc53f2539100fd6992267b61450f69,raw,Gaillardia pinnatifida,Plant heigh,10,1,1,0,1,0,review_submission_csv:502,taxon_outlier;source_review,pending_submitted_note,pending_submitted_note,FALSE,approve_none_insufficient_evidence
5c363cbaebc575721a1eed59fc232ec20c45570151e040cfd34a6bdde1825cb2,raw,Galium aparine,Plant heigh,118,2,14,77,2,0,review_submission_csv:560,domain_outlier;taxon_outlier;source_review,pending_submitted_note,pending_submitted_note,FALSE,approve_none_insufficient_evidence
f280295976ad7ab23e7ad57ff3f67430e38bfae571b9e8ce1df5e1cefe65bfb0,raw,Galium boreale,Plant heigh,45,1,11,1,1,0,review_submission_csv:547,domain_outlier;taxon_outlier;source_review,pending_submitted_note,pending_submitted_note,FALSE,approve_none_insufficient_evidence
98b24fe8b01ac7779ee91ee79e33f248441f7189795ba13351877c669600e1f7,raw,Galium lucidum,Plant heigh,38,1,4,0,8,0,review_submission_csv:532;review_submission_csv:877,taxon_outlier;source_review,pending_submitted_note,agent_conflicting_submitted_instructions,FALSE,approve_none_insufficient_evidence
3673025ba96cfffd4361ae78cbb63dd21cfc6b54caada1dfc1a1a3e45fbf1673,raw,Galium mollugo,Plant heigh,296,1,66,88,18,0,review_submission_csv:277,domain_outlier;taxon_outlier;source_review,pending_submitted_note,pending_submitted_note,FALSE,approve_none_insufficient_evidence
2bcd5a804f2fa5c2131557fe99463fd66e458f97409ce7097847ca90b432ac7f,raw,Galium obtusum,Plant heigh,46,1,2,9,1,0,review_submission_csv:549,domain_outlier;taxon_outlier;source_review,pending_submitted_note,pending_submitted_note,FALSE,approve_none_insufficient_evidence
cef7250c5d867f9571f01b3a14d821ef184399e26f315a4d32cc05be1d4ea805,raw,Galium verum,Plant heigh,120,1,64,40,6,0,review_submission_csv:503,domain_outlier;taxon_outlier;source_review,pending_submitted_note,pending_submitted_note,FALSE,approve_none_insufficient_evidence
d9ce1f2ff72a5e30b73aeac1b110fee1f98e05b30b074297430086733c7392e2,raw,Genista cinerea,Plant heigh,31,1,2,1,1,0,review_submission_csv:588,domain_outlier;taxon_outlier;source_review,agent_recovered_rule,,FALSE,approve_none_insufficient_evidence
f79b8b06faa06416ea35c2ffad5a0ca8c835d764aa20a8b67c17352e552fbf3a,raw,Genista cinerea subsp. cinerea,Plant heigh,25,1,1,25,1,0,review_submission_csv:769,domain_outlier;taxon_outlier;source_review,pending_submitted_note,pending_submitted_note,FALSE,approve_none_insufficient_evidence
b34f7b975e84f3bbb68851e232c3ce35495b2622a080502163c34c576182e7cf,raw,Genista scorpius,Plant heigh,32,1,5,24,1,0,review_submission_csv:591,domain_outlier;taxon_outlier;source_review,pending_submitted_note,pending_submitted_note,FALSE,approve_none_insufficient_evidence
da3b900145fc531061c2bae5a4c3cb25460eb7fa0924d2f8129406a2bfc0e7e2,raw,Genista sp,Plant heigh,10,1,1,1,2,0,review_submission_csv:171,domain_outlier;taxon_outlier;source_review,pending_submitted_note,pending_submitted_note,FALSE,approve_none_insufficient_evidence
f0352ff6aca57efb10cacfee4bb37dfadbf63db55f8e6c3830cbf044cafb6899,raw,Gentiana algida,Plant heigh,12,1,2,0,1,0,review_submission_csv:649,taxon_outlier;source_review,agent_recovered_rule,,FALSE,approve_none_insufficient_evidence
69a9e86396d4920f20ae3ba59f1a5b67eefdb4799caf1cf54734eff84898e036,raw,Gentiana angustifolia,Plant heigh,25,1,1,0,2,0,review_submission_csv:449,taxon_outlier;source_review,pending_submitted_note,pending_submitted_note,FALSE,approve_none_insufficient_evidence
12594d3f994d6c7395a32f39405f582993586aa50651255f1eca1562394939c6,raw,Gentiana nivalis,Plant heigh,15,1,3,0,3,0,review_submission_csv:130,taxon_outlier;source_review,agent_recovered_rule,,FALSE,approve_none_insufficient_evidence
def9318a213600b705a92a883b59418956d224d5e37dd8d39c79c2c362229cc2,raw,Gentiana verna,Plant heigh,24,1,2,0,4,0,review_submission_csv:138,taxon_outlier;source_review,pending_submitted_note,pending_submitted_note,FALSE,approve_none_insufficient_evidence
cbbdbdcfda41aa276240e713bb3dd68f33747b38ae798a0483af32bdc005619e,raw,Gentianella amarella,Plant heigh,10,1,2,0,1,0,review_submission_csv:504,taxon_outlier;source_review,agent_recovered_rule,,FALSE,approve_none_insufficient_evidence
380308f0e046942acdde3e711be93f587434a2efdb09a4525c99335d3e78b8cd,raw,Gentianella quinquefolia,Plant heigh,16,1,1,0,4,0,review_submission_csv:64,taxon_outlier;source_review,pending_submitted_note,pending_submitted_note,FALSE,approve_none_insufficient_evidence
ab4497203ca94034c425de3e55119e3c1ff8d0da56e0de69bb42d71f12c9cb38,raw,Geranium caespitosum,Plant heigh,11,1,3,0,2,0,review_submission_csv:195,taxon_outlier;source_review,pending_submitted_note,pending_submitted_note,FALSE,approve_none_insufficient_evidence
df886fcc23ed1ec0ab12e9d9aee1dc2cbdef78dbd5f544e1039d07980dd23289,raw,Geranium nodosum,Plant heigh,21,1,3,0,3,0,review_submission_csv:207,taxon_outlier;source_review,agent_recovered_rule,,FALSE,approve_none_insufficient_evidence
95733770c3fae307d39ea4b831312e9e57e644b32e6bec5f2cd8fd11ea062f70,raw,Geranium pratense,Plant heigh,153,1,5,35,14,0,review_submission_csv:185,domain_outlier;taxon_outlier;source_review,pending_submitted_note,pending_submitted_note,FALSE,approve_none_insufficient_evidence
7138fb3285625cd3e38ba8d302876099635af9231756a39ccf76e393c78e2fe2,raw,Geranium richardsonii,Plant heigh,11,1,2,0,1,0,review_submission_csv:616,taxon_outlier;source_review,pending_submitted_note,pending_submitted_note,FALSE,approve_none_insufficient_evidence
5235c3492071d4331f81f0016c049aea05c303dde926fa737b4e50ea4c148c43,raw,Geranium rotundifolium,Plant heigh,19,1,4,0,1,0,review_submission_csv:712,taxon_outlier;source_review,pending_submitted_note,pending_submitted_note,FALSE,approve_none_insufficient_evidence
9eb93d259d0eb7b231d821d87c69148323180cbba1d7fe0d0f8bf40ca5363b4e,raw,Geranium sylvaticum,Plant heigh,19,1,4,0,1,0,review_submission_csv:713,taxon_outlier;source_review,agent_recovered_rule,,FALSE,approve_none_insufficient_evidence
5cb1ab63dd5c8d07890406a0b5c758cc4f2594fb65873246918efa54c0880292,raw,Geum canadense,Plant heigh,12,1,3,7,2,0,review_submission_csv:218,domain_outlier;taxon_outlier;source_review,pending_submitted_note,pending_submitted_note,FALSE,approve_none_insufficient_evidence
0db08ce07214730cecd3e51ba139ea4b9a85ea077a6782dcd92cd4d2a0763ff6,raw,Geum ubranum,Plant heigh,0,0,0,0,0,0,review_submission_csv:17,source_review,pending_submitted_note,propose_none_no_current_records,FALSE,approve_none_insufficient_evidence
c7ea18c42201ef9cf7486836a73c53001e5fad2bfab9048f4c991b73c935816c,raw,Glechoma hederacea,Plant heigh,102,1,8,0,16,0,review_submission_csv:60,taxon_outlier;source_review,pending_submitted_note,pending_submitted_note,FALSE,approve_none_insufficient_evidence
a762dbe93c2288620f27a178139613aee1eb4b1b0dc2ded3031df41cf658f7d6,raw,Gleditsia triacanthos,Plant heigh,7449,2,2008,1,441,0,review_submission_csv:332,domain_outlier;taxon_outlier;source_review,agent_recovered_rule,,FALSE,approve_none_insufficient_evidence
ea5f1027a5716b9fa4c98c148abb365958a17e6766c346ad2ac7db466758757a,raw,Gnaphalium hoppeanum,Plant heigh,26,1,2,0,1,0,review_submission_csv:788,taxon_outlier;source_review,pending_submitted_note,pending_submitted_note,FALSE,approve_none_insufficient_evidence
88f53f15e9a70f2ae020368e7889248d859633b8bcfa62816e6bf8e4521f8101,raw,Gnaphalium supinum,Plant heigh,79,1,5,0,2,0,review_submission_csv:590,taxon_outlier;source_review,pending_submitted_note,pending_submitted_note,FALSE,approve_none_insufficient_evidence
6a9d2d95540e1b32e13da4b7227deda5fee90136377a0294bb45d9f6f93fea99,raw,Gordonia lasianthus,Plant heigh,12727,1,1129,0,134,0,review_submission_csv:599,taxon_outlier;source_review,agent_recovered_rule,,FALSE,approve_none_insufficient_evidence
c91b0ac02483ed29d4020b067f83a3b9235c13a3cd84cd0778b157c1fa6b0c14,raw,Gutierrezia sarothrae,Plant heigh,21,1,3,0,4,0,review_submission_csv:111,taxon_outlier;source_review,pending_submitted_note,pending_submitted_note,FALSE,approve_none_insufficient_evidence
7d4d470e0fc7aed9b641ef023dd3cbf9727a0e86e8696e58356f22ed823c7fde,raw,Gymnadenia corneliana,Plant heigh,25,1,1,0,2,0,review_submission_csv:450,taxon_outlier;source_review,pending_submitted_note,pending_submitted_note,FALSE,approve_none_insufficient_evidence
4f9040b0a0b3a77c6d63b2dadffb778fbca091925a4ab47afdc6e45e39082a64,raw,Gymnocarpium dryopteris,Plant heigh,16,1,3,0,4,0,review_submission_csv:65,taxon_outlier;source_review,pending_isolated_source_pattern,pending_isolated_source_pattern,FALSE,approve_none_insufficient_evidence
ab12cce9c658194e18fa9c602ff3cdd768b5cdcb7efa3295172f6f629a958f6c,raw,Halesia carolina,Plant heigh,474,1,180,0,5,0,review_submission_csv:554,taxon_outlier;source_review,agent_recovered_rule,,FALSE,approve_none_insufficient_evidence
63b2c02dc0ba5bec203dd15c6670a4290b0a1b0bac72d2fac32d4dcfa0732bc0,raw,Halesia diptera,Plant heigh,35,1,17,0,3,0,review_submission_csv:389,taxon_outlier;source_review,pending_submitted_note,pending_submitted_note,FALSE,approve_none_insufficient_evidence
c7bc772634cb30da4757b31c9eea037cb7d6c523433311bfa8d944a34793eca6,raw,Hedysarum boutignyanum,Plant heigh,25,1,1,5,2,0,review_submission_csv:451,domain_outlier;taxon_outlier;source_review,pending_submitted_note,pending_submitted_note,FALSE,approve_none_insufficient_evidence
7f82a6ebdee902c707e47307a22f55c44bf05a0eb926f678041cc6038ec62c32,raw,Helianthella quinquenervis,Plant heigh,32,2,5,11,3,0,review_submission_csv:351,domain_outlier;taxon_outlier;source_review,agent_recovered_rule,,FALSE,approve_none_insufficient_evidence
9e2014d88a7c1981ea8991730e9727a3c845ce8008da159451825c0ce43ebc6c,raw,Helianthemum cinereum,Plant heigh,53,1,8,0,7,0,review_submission_csv:144,taxon_outlier;source_review,pending_submitted_note,pending_submitted_note,FALSE,approve_none_insufficient_evidence
af388f57d1c6f0a85458bc2de00aa45cc412f4531eeaaa5b5b357ed6e2689139,raw,Helianthemum marifolium,Plant heigh,22,1,4,3,4,0,review_submission_csv:125,domain_outlier;taxon_outlier;source_review,pending_submitted_note,pending_submitted_note,FALSE,approve_none_insufficient_evidence
340b1c888f8ec3901d4827667b1994985b1aac6b8ec89606d705d9e6da32f76c,raw,Helianthemum nummularium,Plant heigh,313,1,16,0,9,0,review_submission_csv:700,taxon_outlier;source_review,pending_submitted_note,pending_submitted_note,FALSE,approve_none_insufficient_evidence
5c93483078bb5d6f0d491432a1188c5e33f96abea8096922f9650d4704a6512a,raw,Helianthemum oelandicum,Plant heigh,11,1,4,0,2,0,review_submission_csv:196,taxon_outlier;source_review,pending_isolated_source_pattern,agent_strong_isolated_source_pattern,TRUE,pending_objective_scale_evidence
085ce1f57f2616cd50f6f620486e7817cde7bc04acb90271eb5ef29b8f0af2d0,raw,Helichrysum italicum,Plant heigh,32,1,5,5,2,0,review_submission_csv:641,domain_outlier;taxon_outlier;source_review,pending_submitted_note,pending_submitted_note,FALSE,approve_none_insufficient_evidence
34fdd3136b46e6b2cc1f646a4deb8d9f90977f7462fc177175408a5bbc5a2c2f,raw,Helichrysum stoechas,Plant heigh,13,1,8,1,2,0,review_submission_csv:868,domain_outlier;taxon_outlier;source_review,agent_recovered_rule,,FALSE,approve_none_insufficient_evidence
18ae240efa7e7fd9acc39579fb3263553005c73924f64029f4c776f18fdf7824,raw,Helictotrichon bromoides,Plant heigh,15,1,4,9,1,0,review_submission_csv:680,domain_outlier;taxon_outlier;source_review,pending_submitted_note,pending_submitted_note,FALSE,approve_none_insufficient_evidence
5dd5fe7e8aaf24efeb98a5072a1ce4eeec1b3391167082a509edd27c96b0861c,raw,Helictotrichon pratense,Plant heigh,14,1,14,1,1,0,review_submission_csv:670,domain_outlier;taxon_outlier;source_review,pending_isolated_source_pattern,pending_isolated_source_pattern,FALSE,approve_none_insufficient_evidence
d674d1a67ce68a4b4b7e0048d42a496aa102bfb47f0806d0d642ce2f201e98a4,raw,Helictotrichon pubescens,Plant heigh,178,1,48,120,8,0,review_submission_csv:602,domain_outlier;taxon_outlier;source_review,pending_submitted_note,pending_submitted_note,FALSE,approve_none_insufficient_evidence
1a400cf20550619e0b415e86c6c14223ec2cdb4c1ffbac3bd5d2b35b715ce1c8,raw,Helictotrichon versicolor,Plant heigh,11,1,2,0,1,0,review_submission_csv:617,taxon_outlier;source_review,agent_recovered_rule,,FALSE,approve_none_insufficient_evidence
170cd75c8498d101265bf514e9075cad0e18e1c9c151483512b441430f344003,raw,Heliopsis helianthoides,Plant heigh,78,1,55,57,1,0,review_submission_csv:566,domain_outlier;taxon_outlier;source_review,pending_isolated_source_pattern,pending_isolated_source_pattern,FALSE,approve_none_insufficient_evidence
1538c364eca35d15b8cf51e5aede22a24c4c716b063ec0e27957b83ba1e4fa42,raw,Heracleum sphondylium,Plant heigh,167,1,9,18,16,0,review_submission_csv:159,domain_outlier;taxon_outlier;source_review,pending_submitted_note,pending_submitted_note,FALSE,approve_none_insufficient_evidence
c5df5875117f4049369cffe52501835ca70c68f5f42c9ee49a41dc2efbd7b270,raw,Herniaria alpina,Plant heigh,20,1,2,0,2,0,review_submission_csv:396,taxon_outlier;source_review,pending_submitted_note,pending_submitted_note,FALSE,approve_none_insufficient_evidence
96b9c7f1225e0e6ad8c077c75a549bc38c7c9a011b5491217cd8f0f17d8e5ae5,raw,Heuchera parvifolia,Plant heigh,11,1,2,0,1,0,review_submission_csv:618,taxon_outlier;source_review,agent_recovered_rule,,FALSE,approve_none_insufficient_evidence
2022d24dd73ed32c6bf3fa47e24ed15350909b6cfc28520b6e53111db2fa722f,raw,Hieracium caespitosum,Plant heigh,34,1,1,0,5,0,review_submission_csv:840,taxon_outlier;source_review,pending_submitted_note,agent_threshold_rule_not_corroborated,FALSE,approve_none_insufficient_evidence
be5c27540f60dd02020e5fc514b90e0d8e933a494f55e7748954c4d708b4de2d,raw,Hieracium sp,Plant heigh,21,1,2,0,1,0,review_submission_csv:745,taxon_outlier;source_review,agent_recovered_rule,,FALSE,approve_none_insufficient_evidence
517d8395addc0dff3cfd64a335e8a85b745cc4693af083bc7c44264965672781,raw,Hieracum murorum,Plant heigh,0,0,0,0,0,0,review_submission_csv:822,source_review,pending_submitted_note,propose_none_no_current_records,FALSE,approve_none_insufficient_evidence
1516f366f758cec3bb28389c73f74a7f1653a2843586f50c0d270c43ad5fa6f0,raw,Hippocrepis comosa,Plant heigh,12,1,4,0,3,0,review_submission_csv:88,taxon_outlier;source_review,pending_submitted_note,pending_submitted_note,FALSE,approve_none_insufficient_evidence
f5be6974af535b7a8b1487424bee77d1c02b54d5e5941f736d53f450c94ba08e,raw,Hippophae rhamnoides,Plant heigh,18,1,17,9,1,0,review_submission_csv:704,domain_outlier;taxon_outlier;source_review,pending_isolated_source_pattern,pending_isolated_source_pattern,FALSE,approve_none_insufficient_evidence
942888537af8bf4046f74b2bc87e32389aa3af6c80b9202c504c08c6c6b8861b,raw,Holcus lanatus,Plant heigh,182,1,33,67,7,0,review_submission_csv:667,domain_outlier;taxon_outlier;source_review,pending_isolated_source_pattern,pending_isolated_source_pattern,FALSE,approve_none_insufficient_evidence
b2546e2f138a6d0ed2eeb06f0f4e4744c8a62056e11f488a827b1c7651b3ba6f,raw,Homogyne alpina,Plant heigh,21,1,7,0,1,0,review_submission_csv:746,taxon_outlier;source_review,pending_submitted_note,pending_submitted_note,FALSE,approve_none_insufficient_evidence
af40b279f3909e034f48346e726f1570275da80fbff69b73adbb8d2a6a56e5af,raw,Hordeum murinum,Plant heigh,92,2,3,0,5,0,review_submission_csv:484,taxon_outlier;source_review,agent_recovered_rule,,FALSE,approve_none_insufficient_evidence
416850a35c62bef764299870bf58af8da91413b64eedbade0c28b6ef7db9d12d,raw,Hornungia alpina,Plant heigh,27,1,3,0,1,0,review_submission_csv:804,taxon_outlier;source_review,pending_submitted_note,pending_submitted_note,FALSE,approve_none_insufficient_evidence
330dfbd2f83fc9e971d0c79ab81d93fd6b59020c790f7fdd9b0f3dd97c8c0857,raw,Hylodesmum glutinosum,Plant heigh,18,1,3,0,2,0,review_submission_csv:371,taxon_outlier;source_review,pending_submitted_note,pending_submitted_note,FALSE,approve_none_insufficient_evidence
1679547f51f6ab6fecb79a425cb8fccd7e1228aa44778f4e4f95ed04f375352f,raw,Hymenopappus mexicanus,Plant heigh,20,1,3,0,2,0,review_submission_csv:397,taxon_outlier;source_review,pending_submitted_note,pending_submitted_note,FALSE,approve_none_insufficient_evidence
21197acc6cdb550a4b2dc3d3402d1c5b72f6457c6625dde1b5155153580243f9,raw,Hymenothrix dissecta,Plant heigh,21,1,4,18,2,0,review_submission_csv:412,domain_outlier;taxon_outlier;source_review,pending_submitted_note,pending_submitted_note,FALSE,approve_none_insufficient_evidence
78080b1ffbf3b943bfeddc5b7ac49d750a93dcb5dec6c74f60e160e35a68fcd0,raw,Hymenoxys grandiflora,Plant heigh,12,1,3,0,2,0,review_submission_csv:219,taxon_outlier;source_review,agent_recovered_rule,,FALSE,approve_none_insufficient_evidence
4d6576c727c7350d71b6e9b4645106bf8112b8577b1a86a10ba6d2efae075a8a,raw,Hypericum perforatum,Plant heigh,80,1,19,2,16,0,review_submission_csv:525,domain_outlier;taxon_outlier;source_review,pending_submitted_note,pending_submitted_note,FALSE,approve_none_insufficient_evidence
c33217aa08f34a9a81a85eabd838ec53cb1e1f22cd7babc6aac8781addce4849,raw,Hypericum richeri,Plant heigh,32,1,4,0,5,0,review_submission_csv:135,taxon_outlier;source_review,pending_submitted_note,pending_submitted_note,FALSE,approve_none_insufficient_evidence
788f99aaf8dbecf9023334a3e1070d12316aa9a492654672f46082fa3a00dab2,raw,Ilex opaca,Plant heigh,37309,2,7007,0,2280,0,review_submission_csv:317,taxon_outlier;source_review,agent_recovered_rule,,FALSE,approve_none_insufficient_evidence
87cdfa402e7dc3a15852126ccc14cbed69d2aa954254d216acd0e0e8bca4153e,raw,Impatiens capensis,Plant heigh,29,1,8,1,2,0,review_submission_csv:514,domain_outlier;taxon_outlier;source_review,pending_submitted_note,pending_submitted_note,FALSE,approve_none_insufficient_evidence
08bc0e89e43c1c7bf6fdc18737c22cdce6cba97ce40d36f31565d500c645bca7,raw,Impatiens glandulifera,Plant heigh,239,1,42,122,46,0,review_submission_csv:12,domain_outlier;taxon_outlier;source_review,pending_isolated_source_pattern,pending_isolated_source_pattern,FALSE,approve_none_insufficient_evidence
a64d3c5d179bf119a6427d02e39820f46bb595f3f4b8f002ec15560add870f11,raw,Inula salicina,Plant heigh,29,1,2,0,1,0,review_submission_csv:584,taxon_outlier;source_review,pending_submitted_note,pending_submitted_note,FALSE,approve_none_insufficient_evidence
21c2e38e9df9ca65d6dffc6d4f788635fadf0a57064c3deabb35282f01db4d92,raw,Ipomopsis multiflora,Plant heigh,10,1,1,0,1,0,review_submission_csv:505,taxon_outlier;source_review,pending_submitted_note,pending_submitted_note,FALSE,approve_none_insufficient_evidence
45d99df58c1788135abe1c5e4a550d5d7f70a2998eebfbc03c3706827a6d7224,raw,Jacobaea vulgaris,Plant heigh,47,1,47,22,1,0,review_submission_csv:559,domain_outlier;taxon_outlier;source_review,pending_isolated_source_pattern,agent_strong_isolated_source_pattern,TRUE,pending_objective_scale_evidence
67d13315f48d6bc152ebad803a81004093689192faa694aad1ebbbf94a3aed72,raw,Juglans nigra,Plant heigh,19955,2,5331,0,749,0,review_submission_csv:341,taxon_outlier;source_review,agent_recovered_rule,,FALSE,approve_none_insufficient_evidence
fd6b9ea6db0aa385cc35f740a12cc47c703b99c4b409163b62a2396d1fa3bc56,raw,Juncus drummondii,Plant heigh,46,1,3,0,4,0,review_submission_csv:365,taxon_outlier;source_review,agent_repeated_source_pattern,,TRUE,pending_objective_scale_evidence
3861f66e8378ed57f50356284bf8a923229d19334bcd9448614a03316856f790,raw,Juncus gerardii,Plant heigh,26,1,1,0,5,0,review_submission_csv:808,taxon_outlier;source_review,pending_submitted_note,pending_submitted_note,FALSE,approve_none_insufficient_evidence
f66caee293654dee573a6e45dc6700a048a02ba15deb56b00520f5ee69245d26,raw,Juncus jacquinii,Plant heigh,25,1,1,0,3,0,review_submission_csv:237,taxon_outlier;source_review,pending_submitted_note,pending_submitted_note,FALSE,approve_none_insufficient_evidence
ee6993946089a50399b77e57c4cc89a570569e160a0af8bbc13c0b9e00c631fa,raw,Juncus tenuis,Plant heigh,31,1,3,0,2,0,review_submission_csv:635,taxon_outlier;source_review,pending_submitted_note,agent_threshold_rule_not_corroborated,FALSE,approve_none_insufficient_evidence
5cf5626ae567e73046d77050270843784e64beefd12b786174a1c7691809564d,raw,Junierus ashei,Plant heigh,0,0,0,0,0,0,review_submission_csv:325,source_review,pending_recovered_proposal,propose_none_no_current_records,FALSE,approve_none_insufficient_evidence
21d9b72591019cefe8f8fc7e71ed1a6e2989cb1b7bad6afcf75fa4aeb4b95084,raw,Juniperus californica,Plant heigh,785,2,126,0,93,0,review_submission_csv:303,taxon_outlier;source_review,agent_recovered_rule,,FALSE,approve_none_insufficient_evidence
a660274daa3a14ec6e9755a1bff5080512d9c9d2c45746ac97778784fd9775c2,raw,Juniperus communis,Plant heigh,305,1,81,5,46,0,review_submission_csv:526,domain_outlier;taxon_outlier;source_review,pending_submitted_note,agent_threshold_rule_not_corroborated,FALSE,approve_none_insufficient_evidence
338f449985e7412a580e8ca4f8746f198c2e7b3547c222a54c5719cbca837ec2,raw,Juniperus deppeana,Plant heigh,15593,2,2015,1,1281,0,review_submission_csv:302,domain_outlier;taxon_outlier;source_review,agent_recovered_rule,,FALSE,approve_none_insufficient_evidence
46e001d4646d1192b4366457b958c36c50058dbda74d760372c11780ce5b64d8,raw,Juniperus occidentalis,Plant heigh,8316,2,1201,1,617,0,review_submission_csv:316,domain_outlier;taxon_outlier;source_review,agent_recovered_rule,,FALSE,approve_none_insufficient_evidence
18397828ef03a540cd0dfc6b0129f11c05c24989f34b48322e6f447586196ca0,raw,Juniperus osteosperma,Plant heigh,91423,2,8963,1,4923,0,review_submission_csv:323,domain_outlier;taxon_outlier;source_review,agent_recovered_rule,,FALSE,approve_none_insufficient_evidence
5d7afd3ba5173fa83984a881846a5fdc8f5dbb95daf754d98338f4c4a58353d6,raw,Juniperus oxycedrus,Plant heigh,46,1,6,11,11,0,review_submission_csv:522,domain_outlier;taxon_outlier;source_review,agent_recovered_rule,,FALSE,approve_none_insufficient_evidence
a3c1f248aab501000fdc7ac8671c0090fb8e42cbe12e5299ac64a1f1b684e4f5,raw,Juniperus scopulorum,Plant heigh,18649,2,3145,1,1271,0,review_submission_csv:315,domain_outlier;taxon_outlier;source_review,agent_recovered_rule,,FALSE,approve_none_insufficient_evidence
6645e3cf33b87bb978ef44e3ad859fb02a2a6614eb6fae1fee346d149ea15146,raw,Juniperus virginiana,Plant heigh,79896,2,11479,0,2087,0,review_submission_csv:408,taxon_outlier;source_review,agent_recovered_rule,,FALSE,approve_none_insufficient_evidence
1c1b593e5b0b692169bbbb7aa01b2614d717bd0bfa1cc2aa973dcc9296bcc1fa,raw,Kali turgidum,Plant heigh,34,1,4,1,3,0,review_submission_csv:385,domain_outlier;taxon_outlier;source_review,agent_recovered_rule,,FALSE,approve_none_insufficient_evidence
f38411375d1e6a4c354003210984bd8696a5151f6a1f305ca96ef31e99bcc7bb,raw,Kalmia procumbens,Plant heigh,43,1,10,0,3,0,review_submission_csv:441,taxon_outlier;source_review,agent_recovered_rule,,FALSE,approve_none_insufficient_evidence
f443df1fc42100382dd7a86d42feabf597218e3228c54e2bb08c67b153e3fc1a,raw,Knautia arvensis,Plant heigh,129,1,3,44,2,0,review_submission_csv:565,domain_outlier;taxon_outlier;source_review,pending_submitted_note,pending_submitted_note,FALSE,approve_none_insufficient_evidence
dd292ab1d98412fa1528ded2afe72fa86b7b8012051161114ed9374765f01d46,raw,Koeleria macrantha,Plant heigh,87,1,10,1,13,0,review_submission_csv:79,domain_outlier;taxon_outlier;source_review,pending_submitted_note,pending_submitted_note,FALSE,approve_none_insufficient_evidence
3a34de2c6950fe743aebfe6bf1f6d068b181c53f15cc4327055d3ada997ab8e3,raw,LYCHNIS FLOS-CUCULI,Plant heigh,29,1,2,0,2,0,review_submission_csv:515,taxon_outlier;source_review,pending_submitted_note,pending_submitted_note,FALSE,approve_none_insufficient_evidence
e2f9ca69489a59add0872d1892be3d523df0e20d0623b687d0cfc92470c1d861,raw,Lactuca muralis,Plant heigh,37,1,5,0,7,0,review_submission_csv:70,taxon_outlier;source_review,agent_recovered_rule,,FALSE,approve_none_insufficient_evidence
cff673a43dac9b3cb6a95665164233d9d7fbacce1e9b7b180b83cfe177ba5d6a,raw,Laennecia schiedeana,Plant heigh,14,1,2,2,3,0,review_submission_csv:120,domain_outlier;taxon_outlier;source_review,pending_submitted_note,pending_submitted_note,FALSE,approve_none_insufficient_evidence
cdef6a9af655ad274f50442bd5bb3394c228447e408d8fe6ad0bc5fc872a46d8,raw,Lamium purpureum,Plant heigh,16,1,3,0,4,0,review_submission_csv:66,taxon_outlier;source_review,pending_submitted_note,pending_submitted_note,FALSE,approve_none_insufficient_evidence
13f45a1bbcb6191d92e40300fc3b6937c18e8da4602eb4d6f19ba1b2072a29a4,raw,Lapsana communis,Plant heigh,11,1,3,9,1,1,review_submission_csv:619,domain_outlier;taxon_outlier;invalid_value;source_review,agent_invalid_values,,FALSE,approve_exclude_invalid_nonpositive
7d8848a2f04adb5d715e6fc6c591cbb877473460ee45e5c9b91eb2cc132bf372,raw,Larix laricina,Plant heigh,14741,2,1447,40,771,0,review_submission_csv:885,domain_outlier;taxon_outlier;source_review,agent_recovered_rule,,FALSE,approve_none_insufficient_evidence
704af19bbe0bf492436c091b707c514e4e2767d9795158bd8e1b8344d760a03c,raw,Laserpitium gallicum,Plant heigh,26,1,2,14,2,0,review_submission_csv:464,domain_outlier;taxon_outlier;source_review,pending_submitted_note,pending_submitted_note,FALSE,approve_none_insufficient_evidence
82d0cde80fac70bc337ac9c9527905798c3c8e44180d78078aebd5d05e2d7935,raw,Laserpitium latifolium,Plant heigh,21,1,3,0,3,0,review_submission_csv:208,taxon_outlier;source_review,agent_recovered_rule,,FALSE,approve_none_insufficient_evidence
fc740f920941641282624a2a5e234c2fe6fe52c6b751616c511c1c985fd4b9da,raw,Lathyrus leucanthus,Plant heigh,11,2,2,0,1,0,review_submission_csv:620,taxon_outlier;source_review,agent_recovered_rule,,FALSE,approve_none_insufficient_evidence
418f8f426daa4be974cfe03bf6e1efe19dd85c96d639cf139dc79f9f47c0bce1,raw,Lathyrus palustris,Plant heigh,27,1,3,13,1,0,review_submission_csv:805,domain_outlier;taxon_outlier;source_review,pending_submitted_note,pending_submitted_note,FALSE,approve_none_insufficient_evidence
2aa2457c492725d0bca617033b8d937acd45d218c1b4cbca8ae179915c615e13,raw,Lathyrus pratensis,Plant heigh,150,1,5,24,6,0,review_submission_csv:665,domain_outlier;taxon_outlier;source_review,pending_submitted_note,pending_submitted_note,FALSE,approve_none_insufficient_evidence
232587b2ea74323fb9f1c65593251bdb9baddebf9aa285285d940c70fdb69dc0,raw,Lathyrus vernus,Plant heigh,85,1,12,0,9,0,review_submission_csv:184,taxon_outlier;source_review,agent_recovered_rule,,FALSE,approve_none_insufficient_evidence
ef357a30107480ee49af9c31e7ce30d8717166a100f32c872ab8514fb76d0f29,raw,Lavandula angustifolia,Plant heigh,26,1,2,2,1,0,review_submission_csv:789,domain_outlier;taxon_outlier;source_review,pending_submitted_note,pending_submitted_note,FALSE,approve_none_insufficient_evidence
2d91a3afa94e8a20e553df1688b4ade81933d4f5d9e10faaaea5494c6ef5cadd,raw,Lavandula latifolia,Plant heigh,34,1,3,0,5,0,review_submission_csv:841,taxon_outlier;source_review,agent_recovered_rule,,FALSE,approve_none_insufficient_evidence
ca7476eb3ad9d874c4c6933af73901294e7625397a0c27387ff51e3f4ec92959,raw,Lavandula multifida,Plant heigh,13,1,4,1,1,0,review_submission_csv:661,domain_outlier;taxon_outlier;source_review,pending_submitted_note,pending_submitted_note,FALSE,approve_none_insufficient_evidence
1bb6b39e277b2fb22c3268fc9e05b58051c45967ecb7d77e6605a8f6f7c4b810,raw,Leontodon hispidus,Plant heigh,211,1,24,1,14,0,review_submission_csv:268,domain_outlier;taxon_outlier;source_review,pending_isolated_source_pattern,agent_strong_isolated_source_pattern,TRUE,pending_objective_scale_evidence
fb419b2752c566a529317539633094abc72a80c745384ac04873e1714165cd06,raw,Leontodon taraxacoides,Plant heigh,31,2,3,0,2,0,review_submission_csv:636,taxon_outlier;source_review,agent_recovered_rule,,FALSE,approve_none_insufficient_evidence
f839aba9f64e3389f3a979ce1d7e92c849f2c1ab305133323750ea7adcdccbba,raw,Leontopodium nivale,Plant heigh,27,1,3,0,5,0,review_submission_csv:97,taxon_outlier;source_review,pending_submitted_note,pending_submitted_note,FALSE,approve_none_insufficient_evidence
f4c40bd0dfdb5e19e54ef83f3373613a538d76ca0984b59e0703278f4edcf2d7,raw,Lespedeza cuneata,Plant heigh,38,1,10,32,9,0,review_submission_csv:34,domain_outlier;taxon_outlier;source_review,pending_submitted_note,pending_submitted_note,FALSE,approve_none_insufficient_evidence
7227d49631255c327ef9386650b78b5218f7165be9d4a711086afbbc39aaf698,raw,Leucanthemopsis alpina,Plant heigh,11,1,2,0,1,0,review_submission_csv:621,taxon_outlier;source_review,agent_recovered_rule,,FALSE,approve_none_insufficient_evidence
42edae54b7f7033d5aa274627e13df3f2aaef596944ed05b29131391b69dcec1,raw,Leucanthemum adustum,Plant heigh,25,1,1,6,2,0,review_submission_csv:452,domain_outlier;taxon_outlier;source_review,pending_submitted_note,pending_submitted_note,FALSE,approve_none_insufficient_evidence
93502d00662594275f529fd4ae7a9e4f03dbd7203ed33a44b9a854bcd724c6cd,raw,Leucanthemum vulgare,Plant heigh,145,1,23,5,27,0,review_submission_csv:26,domain_outlier;taxon_outlier;source_review,pending_submitted_note,pending_submitted_note,FALSE,approve_none_insufficient_evidence
5488bd8a9b9b50daac5da7c70f5395ebb9a278b8fdb7b82e022ed837c7064ca1,raw,Liatris aspera,Plant heigh,236,2,53,50,57,0,review_submission_csv:288,domain_outlier;taxon_outlier;source_review,agent_recovered_rule,,FALSE,approve_none_insufficient_evidence
8e238a59b7e231823b997d77650f0f4bece548eee356556f1b21554b2bf2f444,raw,Ligusticum mutellina,Plant heigh,11,1,2,0,1,0,review_submission_csv:622,taxon_outlier;source_review,agent_recovered_rule,,FALSE,approve_none_insufficient_evidence
df35bb516639067eb6c81029f581892f9f6da6297e10adf6e2c23540dd1c02bb,raw,Ligustrum vulgare,Plant heigh,14,1,7,3,3,0,review_submission_csv:121,domain_outlier;taxon_outlier;source_review,agent_recovered_rule,,FALSE,approve_none_insufficient_evidence
b3f8c301a758d46a177105c02f1e482f70e086858f718cc21b5343596b7a9878,raw,Limonium cossonianum,Plant heigh,26,1,2,0,5,0,review_submission_csv:91,taxon_outlier;source_review,pending_submitted_note,pending_submitted_note,FALSE,approve_none_insufficient_evidence
e856bb48a4cbd47f42162881e069e7358b1462d87608f48da0104cdd63e29bf2,raw,Limonium tabernense,Plant heigh,25,1,1,0,1,0,review_submission_csv:770,taxon_outlier;source_review,pending_submitted_note,pending_submitted_note,FALSE,approve_none_insufficient_evidence
614fcc49f99efd4ebd483f4b6e2bec70bae52524d7072a0cb366a8ca684ad7a1,raw,Linaria alpina,Plant heigh,1,1,1,0,0,0,review_submission_csv:9,source_review,pending_submitted_note,pending_submitted_note,FALSE,approve_none_insufficient_evidence
64551f9383043403f48410d7def011eda586bedbc86a95adec118b744e82de51,raw,Linaria dalmatica,Plant heigh,20,1,2,18,1,0,review_submission_csv:726,domain_outlier;taxon_outlier;source_review,pending_submitted_note,pending_submitted_note,FALSE,approve_none_insufficient_evidence
43b74b753f42baa3645d404f57b267fb981496dec1de56fd94efcd161fc5729c,raw,Linaria repens,Plant heigh,24,1,2,13,1,0,review_submission_csv:758,domain_outlier;taxon_outlier;source_review,pending_submitted_note,pending_submitted_note,FALSE,approve_none_insufficient_evidence
f2ba18b91b96714a552ee6961c88f159c3d675bc0ee84070fce48b7846c037de,raw,Linaria vulgaris,Plant heigh,11,1,6,4,1,0,review_submission_csv:623,domain_outlier;taxon_outlier;source_review,pending_submitted_note,pending_submitted_note,FALSE,approve_none_insufficient_evidence
82d52815e0a74f1ab9289d3b5ec01bd4a13c351c42fb78ba3d76b0012ae23ec1,raw,Linnaea borealis,Plant heigh,81,1,23,0,9,0,review_submission_csv:163,taxon_outlier;source_review,agent_recovered_rule,,FALSE,approve_none_insufficient_evidence
effbc11f5407a0508ace20758d93161786c94c0b4b18a4c3c6119807b2107622,raw,Linum alpinum,Plant heigh,26,1,2,20,1,0,review_submission_csv:790,domain_outlier;taxon_outlier;source_review,pending_submitted_note,pending_submitted_note,FALSE,approve_none_insufficient_evidence
e6a04b0b86db21188f0d7df051366efa7a137b85d8f029d6cef3b1d46d562247,raw,Linum catharticum,Plant heigh,17,1,16,0,1,0,review_submission_csv:696,taxon_outlier;source_review,pending_submitted_note,pending_submitted_note,FALSE,approve_none_insufficient_evidence
35b6e34fe377bcc1725615335d3470cfc56d70b04c779da431221d8d42ee6888,raw,Linum lewisii var. lewisii,Plant heigh,20,1,3,1,2,0,review_submission_csv:398,domain_outlier;taxon_outlier;source_review,pending_submitted_note,pending_submitted_note,FALSE,approve_none_insufficient_evidence
0f2b75eb70dba6e5b280603ab2cc45f3378e4fbd22d044e961500d024cd1f93f,raw,Liriodendron tulipifera,Plant heigh,192044,2,22930,34,1781,0,review_submission_csv:585,domain_outlier;taxon_outlier;source_review,agent_recovered_rule,,FALSE,approve_none_insufficient_evidence
00e0a2137da3e826901b5a63a8bbb9d937e4975282b6707e27dc32c69e3858b6,raw,Lithospermum multiflorum,Plant heigh,11,1,2,0,2,0,review_submission_csv:197,taxon_outlier;source_review,pending_submitted_note,pending_submitted_note,FALSE,approve_none_insufficient_evidence
658626a435750055f4f7137200287497ba7e60378db3fcdbd26a9e7f7f1cd095,raw,Lolium perenne,Plant heigh,96,1,53,86,15,0,review_submission_csv:63,domain_outlier;taxon_outlier;source_review,pending_isolated_source_pattern,pending_isolated_source_pattern,FALSE,approve_none_insufficient_evidence
3703d9ef9c4eede707099f32ed68a1c807270f83f0f8e1d9d4843dd79d9fdcd8,raw,Lolium pratense,Plant heigh,211,1,72,113,42,0,review_submission_csv:11,domain_outlier;taxon_outlier;source_review,pending_submitted_note,pending_submitted_note,FALSE,approve_none_insufficient_evidence
5d5cff56da2b2c4a01c783df19b49b0cd46c461ade00a8d414f095c6bb0903c2,raw,Lonicera canadensis,Plant heigh,22,1,10,10,1,0,review_submission_csv:752,domain_outlier;taxon_outlier;source_review,pending_submitted_note,pending_submitted_note,FALSE,approve_none_insufficient_evidence
e74a3ff8bc1e6b88c9e390490e50ca41f9d2d309b11bffa58eca26cace17f1e6,raw,Lotus corniculatus,Plant heigh,389,1,40,23,2,0,review_submission_csv:574,domain_outlier;taxon_outlier;source_review,pending_submitted_note,pending_submitted_note,FALSE,approve_none_insufficient_evidence
68ce835cb3d0c8585f704136a5fce055c0c1fad2f83ab9a910832b6f77765e7a,raw,Lotus cytisoides,Plant heigh,23,1,2,0,2,0,review_submission_csv:429,taxon_outlier;source_review,agent_recovered_rule,,FALSE,approve_none_insufficient_evidence
9f7e3bcc16b283257b573445f64f96a7a5d3760389c2bad6f5b6a3e231fa77f3,raw,Lupinus kingii,Plant heigh,20,1,3,0,1,0,review_submission_csv:727,taxon_outlier;source_review,pending_submitted_note,pending_submitted_note,FALSE,approve_none_insufficient_evidence
b7a03aa892c9a3334968ed09c365f16ac17eeb03691876a36ab51a8d22ced014,raw,Luzula campestris,Plant heigh,114,1,4,0,3,0,review_submission_csv:801,taxon_outlier;source_review,pending_isolated_source_pattern,agent_strong_isolated_source_pattern,TRUE,pending_objective_scale_evidence
9c650756003c827ec0a75c7c31c208d9944f0cc134e787346d2e76714d373cb1,raw,Luzula multiflora,Plant heigh,63,1,6,0,16,0,review_submission_csv:517,taxon_outlier;source_review,pending_submitted_note,pending_submitted_note,FALSE,approve_none_insufficient_evidence
14ee0a4ad374e001deeed18c7a8f3bb79c7382b189b2b2311dde516e3d038f10,raw,Luzula spicata,Plant heigh,34,1,5,0,1,0,review_submission_csv:594,taxon_outlier;source_review,agent_recovered_rule,,FALSE,approve_none_insufficient_evidence
cd3a765c200d428758dfcd4e5931212d90cfebbb213f2e60665ba5076217f7ea,raw,Lychnis flos-jovis,Plant heigh,26,1,2,0,3,0,review_submission_csv:251,taxon_outlier;source_review,pending_submitted_note,pending_submitted_note,FALSE,approve_none_insufficient_evidence
1bede19ef254d3568bc9b294029d78d70ba61e28d5228db3ef50c4cd968ef980,raw,Lysimachia hybrida,Plant heigh,32,1,2,0,2,0,review_submission_csv:642,taxon_outlier;source_review,pending_submitted_note,pending_submitted_note,FALSE,approve_none_insufficient_evidence
e6f8b4ebc71cf8b727b136a889b7ce70dba088fd6d3765f95a580381a464872d,raw,Maclura pamifera,Plant heigh,0,0,0,0,0,0,review_submission_csv:881,source_review,pending_recovered_proposal,propose_none_no_current_records,FALSE,approve_none_insufficient_evidence
420f580f1b2541190849f2d4d63ed0301c302010c90bf8bb6f0efb0ce75f7cbd,raw,Magnolia acuminata,Plant heigh,4383,2,1429,1,152,0,review_submission_csv:418,domain_outlier;taxon_outlier;source_review,agent_recovered_rule,,FALSE,approve_none_insufficient_evidence
5e9b8b49e9cb966c6b6f29ae087394daebf9f901fae135547a4a67425fc7f8cc,raw,Magnolia grandiflora,Plant heigh,5451,2,1289,2,38,0,review_submission_csv:555,domain_outlier;taxon_outlier;source_review,agent_recovered_rule,,FALSE,approve_none_insufficient_evidence
7def42d13eef712782ac71e21c8934f50bbc64638d95f5b351c3094ea131271a,raw,Magnolia virginiana,Plant heigh,54282,2,6522,3,282,0,review_submission_csv:556,domain_outlier;taxon_outlier;source_review,agent_recovered_rule,,FALSE,approve_none_insufficient_evidence
29ffc3b4decdfc5a2b43d01f93221881cddbc53c335b5cdedb4734316479956f,raw,Maianthemum canadense,Plant heigh,93,1,8,0,7,0,review_submission_csv:280,taxon_outlier;source_review,pending_submitted_note,pending_submitted_note,FALSE,approve_none_insufficient_evidence
bbad73024730d5f4c8766df6f9ffebc3f65c63c45a7f8b18091c33f602f778e8,raw,Maianthemum racemosum,Plant heigh,11,1,7,1,2,0,review_submission_csv:863,domain_outlier;taxon_outlier;source_review,pending_submitted_note,pending_submitted_note,FALSE,approve_none_insufficient_evidence
2095ff4a05f387f41beb4a40f14f0acc8632a7f145f375be5e52c741d93f6b05,raw,Malus angustifolia,Plant heigh,159,1,65,0,14,0,review_submission_csv:203,taxon_outlier;source_review,agent_recovered_rule,,FALSE,approve_none_insufficient_evidence
39900181c517f77117f81f7310c781d42b23bab194265f98867970767fb30cbb,raw,Malus domestica,Plant heigh,38,2,3,1,4,0,review_submission_csv:337,domain_outlier;taxon_outlier;source_review,agent_recovered_rule,,FALSE,approve_none_insufficient_evidence
c47983ef012b7e61d00f722346835bdf2559da08463cbf6ca71f7ddf296e4453,raw,Malus fusca,Plant heigh,191,1,78,0,14,0,review_submission_csv:246,taxon_outlier;source_review,agent_recovered_rule,,FALSE,approve_none_insufficient_evidence
c96f57407a2cd3877b4e081d33c8b80c5ef305e6114dc95b8cf64a07d743d80c,raw,Matricaria discoidea,Plant heigh,27,1,3,0,2,0,review_submission_csv:480,taxon_outlier;source_review,pending_submitted_note,pending_submitted_note,FALSE,approve_none_insufficient_evidence
65eab65a030f53db3daddcdc70153493b53c135e828cc90ed7b59da4b69efe21,raw,Medeola virginiana,Plant heigh,10,1,6,0,4,0,review_submission_csv:22,taxon_outlier;source_review,pending_submitted_note,pending_submitted_note,FALSE,approve_none_insufficient_evidence
d72045ecb7417e74e34a8ea11e82f51a099d580c2f4a6926b27cdcbe686c3b2f,raw,Medicago littoralis,Plant heigh,28,1,3,0,1,0,review_submission_csv:578,taxon_outlier;source_review,agent_recovered_rule,,FALSE,approve_none_insufficient_evidence
6e7dcfb6a14d27f1c01fc3f9ab0a3ce83d3f265ae980ad8a4bff42121a64b6ed,raw,Medicago lupulina,Plant heigh,215,1,23,0,25,0,review_submission_csv:96,taxon_outlier;source_review,pending_isolated_source_pattern,agent_strong_isolated_source_pattern,TRUE,pending_objective_scale_evidence
b2dabf5026d63c89b7f12e3c424f5241ee87c211b808a402b310cfe3a93c08c2,raw,Medicago marina,Plant heigh,65,1,3,1,6,0,review_submission_csv:245,domain_outlier;taxon_outlier;source_review,agent_recovered_rule,,FALSE,approve_none_insufficient_evidence
db76139366b6fabebf1e6cc4c2cc1793cd7a3dd4a70bbe0fc509e9bf393ebb36,raw,Medicago sativa,Plant heigh,54,2,4,1,6,0,review_submission_csv:474,domain_outlier;taxon_outlier;source_review,agent_recovered_rule,,FALSE,approve_none_insufficient_evidence
c7cbb84971bdd9ed80fba12956ca9fbad29d676cb42a72307fce45e44a801596,raw,Medicago varia_x,Plant heigh,148,1,1,58,4,0,review_submission_csv:757,domain_outlier;taxon_outlier;source_review,pending_submitted_note,pending_submitted_note,FALSE,approve_none_insufficient_evidence
8cca51f6270b8a89f12c9e6feb5025acfb431a23d70abcd20421970370b230cb,raw,Melia azedarach,Plant heigh,2083,2,416,1,25,0,review_submission_csv:539,domain_outlier;taxon_outlier;source_review,agent_recovered_rule,,FALSE,approve_none_insufficient_evidence
2ba7f56accc8e908d209be7ff9f67f3fa7c7f850af1a5a531c5f270f429cdf7b,raw,Melittis melissophyllum,Plant heigh,69,1,9,0,3,0,review_submission_csv:682,taxon_outlier;source_review,agent_recovered_rule,,FALSE,approve_none_insufficient_evidence
7d399c6aa32014afa11fbea47cd9e39a5564429733b6e4cbae4cd6bb75b9ad61,raw,Menispermum canadense,Plant heigh,10,1,2,3,2,0,review_submission_csv:854,domain_outlier;taxon_outlier;source_review,pending_submitted_note,pending_submitted_note,FALSE,approve_none_insufficient_evidence
e7d4ee017a3183e6efbf481ddc8541b9933d26ffe7936dc7df07526237393cce,raw,Mentha aquatica,Plant heigh,12,1,12,0,1,0,review_submission_csv:650,taxon_outlier;source_review,agent_recovered_rule,,FALSE,approve_none_insufficient_evidence
c61a3cec4ab3689e93e09d47a37469c4f30c15fad2784697a6486c4edfb1abe8,raw,Mercurialis perennis,Plant heigh,83,1,10,2,5,0,review_submission_csv:438,domain_outlier;taxon_outlier;source_review,agent_recovered_rule,,FALSE,approve_none_insufficient_evidence
b19ce9907cd368a60504e3dc0bf042b5bec117876031c82ef7a3bc341bff6542,raw,Mertensia lanceolata,Plant heigh,19,1,2,0,2,0,review_submission_csv:383,taxon_outlier;source_review,agent_recovered_rule,,FALSE,approve_none_insufficient_evidence
8c042de261f6574846c6a0e06530b79cfc0285dfa180e0c51f317e6e0d0c9e70,raw,Micranthes stellaris,Plant heigh,26,1,2,0,1,0,review_submission_csv:791,taxon_outlier;source_review,pending_submitted_note,pending_submitted_note,FALSE,approve_none_insufficient_evidence
aab9465bc7ea23ee4a1a47a24aba25ec0b77ce010e71becab3a83c62216ecc8d,raw,Minuartia mutabilis,Plant heigh,27,1,3,0,5,0,review_submission_csv:98,taxon_outlier;source_review,pending_submitted_note,pending_submitted_note,FALSE,approve_none_insufficient_evidence
05919363fd0fb28e77d2f7f7560efd70066e821a634efc2cbac4fc4624042bdf,raw,Misopates orontium,Plant heigh,105,2,5,40,14,0,review_submission_csv:321,domain_outlier;taxon_outlier;source_review,agent_recovered_rule,,FALSE,approve_none_insufficient_evidence
c9dfa5e7e10875203e148be2a63c154f70b79437a1f7c94e4572e52a45db374b,raw,Mitchella repens,Plant heigh,26,1,9,0,3,0,review_submission_csv:252,taxon_outlier;source_review,pending_isolated_source_pattern,pending_isolated_source_pattern,FALSE,approve_none_insufficient_evidence
1e1daa3d006699422227af15402234593d76578bf142a089d951e31a035fc913,raw,Monarda fistulosa,Plant heigh,365,2,60,75,89,0,review_submission_csv:285,domain_outlier;taxon_outlier;source_review,agent_recovered_rule,,FALSE,approve_none_insufficient_evidence
2f244efeac4667153979af39ee8f4a928b00715c0dde0e023fdbf6f711107094,raw,Morus alba,Plant heigh,655,2,275,1,44,0,review_submission_csv:477,domain_outlier;taxon_outlier;source_review,agent_recovered_rule,,FALSE,approve_none_insufficient_evidence
ebc10e7260e8f98285cb4570e73fe9e4ef6dfe9a10c106ce59e65e88e5ec6950,raw,Morus rubra,Plant heigh,7338,1,2626,0,378,0,review_submission_csv:186,taxon_outlier;source_review,agent_recovered_rule,,FALSE,approve_none_insufficient_evidence
6a6d0b02397bbf3b7db1cf20f1886f7053f54ad80fe4cadad19325808f3782ec,raw,Muhlenbergia montana,Plant heigh,20,1,2,3,1,0,review_submission_csv:728,domain_outlier;taxon_outlier;source_review,pending_submitted_note,pending_submitted_note,FALSE,approve_none_insufficient_evidence
4889bf22af22934375fec73eebb01d4758001798aea713a859ec56c6abcbb994,raw,Muhlenbergia wrightii,Plant heigh,20,1,2,0,1,0,review_submission_csv:729,taxon_outlier;source_review,pending_submitted_note,pending_submitted_note,FALSE,approve_none_insufficient_evidence
32a7002bd5fd28aab6dd2c14e98252a0a9df9b946f0c68108accf2c5cf14913a,raw,Myosotis alpestris,Plant heigh,18,1,3,0,2,0,review_submission_csv:372,taxon_outlier;source_review,pending_submitted_note,pending_submitted_note,FALSE,approve_none_insufficient_evidence
de042ede25be9799a15891a523d344bb08924b1965196c3c7a88d28983d9fc56,raw,Myosotis arvensis,Plant heigh,271,1,2,86,17,0,review_submission_csv:274,domain_outlier;taxon_outlier;source_review,pending_submitted_note,pending_submitted_note,FALSE,approve_none_insufficient_evidence
e23d8990483efd4613d4ea96a76b4a7b565754fb4c75d57bb7c80db97767986b,raw,Myrica gale,Plant heigh,25,1,4,2,2,0,review_submission_csv:453,domain_outlier;taxon_outlier;source_review,agent_recovered_rule,,FALSE,approve_none_insufficient_evidence
137e1afc739e4105e845503510427bb4e8298e91e80c53856d36e946f8e0b63f,raw,Nabalus altissimus,Plant heigh,10,1,9,0,1,0,review_submission_csv:506,taxon_outlier;source_review,pending_submitted_note,pending_submitted_note,FALSE,approve_none_insufficient_evidence
5f73dad94bbbee60e8dfeb5d022f40d554018d2d9261955a4fa0477f49765220,raw,Nama dichotoma,Plant heigh,10,1,1,0,2,0,review_submission_csv:172,taxon_outlier;source_review,pending_submitted_note,pending_submitted_note,FALSE,approve_none_insufficient_evidence
0f0a3feaceaaa806c7717fee45f5f500a21b281f485023e0bd3b311775ba32f8,raw,Nardus stricta,Plant heigh,163,1,28,0,18,0,review_submission_csv:824,taxon_outlier;source_review,pending_submitted_note,pending_submitted_note,FALSE,approve_none_insufficient_evidence
cf7dd7b97db580ecd7604d809d2c0b1e367563dd631cd267bfa999dbd48d3b5d,raw,Neatostema apulum,Plant heigh,27,2,2,0,2,0,review_submission_csv:481,taxon_outlier;source_review,agent_recovered_rule,,FALSE,approve_none_insufficient_evidence
52a2e3cbdf4bca6dcf1ee79c9008d1b557812488dd01f8b47372b9a8878806b1,raw,Nepeta nepetella,Plant heigh,26,1,2,1,1,0,review_submission_csv:792,domain_outlier;taxon_outlier;source_review,pending_submitted_note,pending_submitted_note,FALSE,approve_none_insufficient_evidence
661c7949564761277ee561ae7e72a9e3d59310742b6d236513a0d2193ec5c19b,raw,Noccaea montana,Plant heigh,31,1,5,0,2,0,review_submission_csv:637,taxon_outlier;source_review,agent_repeated_source_pattern,,TRUE,pending_objective_scale_evidence
a9b1359f13bf4b048c05f9edcc1301c2098290021dfca552ed472dec48edaed4,raw,Oclemena acuminata,Plant heigh,13,1,5,1,1,0,review_submission_csv:662,domain_outlier;taxon_outlier;source_review,pending_submitted_note,pending_submitted_note,FALSE,approve_none_insufficient_evidence
8d0ef3a93596daa30e1e47c98d41311c2e9a5d39ab35518e2052e5bb7ae8694a,raw,Oenothera biennis,Plant heigh,12,1,9,3,1,0,review_submission_csv:651,domain_outlier;taxon_outlier;source_review,pending_submitted_note,pending_submitted_note,FALSE,approve_none_insufficient_evidence
18407a539144eda038e11ed79f5fad85b5f20919145539cde00f4febfd607229,raw,Oenothera glazioviana,Plant heigh,26,1,2,24,1,0,review_submission_csv:793,domain_outlier;taxon_outlier;source_review,pending_submitted_note,pending_submitted_note,FALSE,approve_none_insufficient_evidence
abcd246713c1703bb4b53dcc2819c7d9976a98fe1e8fe232cb721d8101d44912,raw,Onoclea sensibilis,Plant heigh,36,1,3,28,6,0,review_submission_csv:107,domain_outlier;taxon_outlier;source_review,pending_submitted_note,pending_submitted_note,FALSE,approve_none_insufficient_evidence
81ebe3f2623d7283cfbe8f2ad9b910520082618850f1734cd6dd89f256bff02f,raw,Ononis natrix,Plant heigh,1,1,1,0,0,0,review_submission_csv:147,source_review,pending_submitted_note,pending_submitted_note,FALSE,approve_none_insufficient_evidence
81080b1b6d277b40a8f95a1246b0e7383fd92569ae971d2b5a2d43ce29bedf86,raw,Ononis spinosa,Plant heigh,27,1,9,0,6,0,review_submission_csv:53,taxon_outlier;source_review,pending_submitted_note,pending_submitted_note,FALSE,approve_none_insufficient_evidence
4da5c7f2074650d3fc1220b9218d7d99f6b5d35a20ca37b86dd03f1136d126bc,raw,Ononis variegata,Plant heigh,92,1,2,1,3,0,review_submission_csv:737,domain_outlier;taxon_outlier;source_review,agent_recovered_rule,,FALSE,approve_none_insufficient_evidence
7bad14315db6a765177f0b9c4372ae5d38b1341b39647875afa52474c374e98f,raw,Oreoxis alpina,Plant heigh,11,1,2,0,2,0,review_submission_csv:198,taxon_outlier;source_review,agent_recovered_rule,,FALSE,approve_none_insufficient_evidence
5717fefc2581c276a3ba993a3c1fa5bd57184b77d725c8f81b19cfe733e43897,raw,Origanum vulgare,Plant heigh,15,1,4,0,2,0,review_submission_csv:261,taxon_outlier;source_review,pending_submitted_note,pending_submitted_note,FALSE,approve_none_insufficient_evidence
8f9138b99b3f5eda43a1a20b183c9550de6520d92b5058c679e3e6f46a5c46b2,raw,Origanum vulgare subsp. vulgare,Plant heigh,25,1,1,9,1,0,review_submission_csv:771,domain_outlier;taxon_outlier;source_review,pending_submitted_note,pending_submitted_note,FALSE,approve_none_insufficient_evidence
67fbc6c472a5506665ead13cd7eba7f34670516be700cf6b8dd6ef4afd6c90ce,raw,Orlaya grandiflora,Plant heigh,29,1,3,2,5,0,review_submission_csv:114,domain_outlier;taxon_outlier;source_review,pending_submitted_note,pending_submitted_note,FALSE,approve_none_insufficient_evidence
1630d07718077011498026a99b715ea9d44c58874e3df957c797fd38c17e4552,raw,Ornithogalum umbellatum,Plant heigh,26,1,2,0,2,0,review_submission_csv:465,taxon_outlier;source_review,pending_submitted_note,pending_submitted_note,FALSE,approve_none_insufficient_evidence
b3f9ca0e4f9344fae65536c4c1f722c4fd8139f362eb64fb34e4f57583763cf8,raw,Ornithopus compressus,Plant heigh,33,2,4,0,3,0,review_submission_csv:376,taxon_outlier;source_review,agent_recovered_rule,,FALSE,approve_none_insufficient_evidence
cc9f6291cde98de4eff671b28454a83f0cd0fe72bc58e93161bdf2ca0910f200,raw,Osmorhiza claytonii,Plant heigh,20,1,8,2,1,0,review_submission_csv:730,domain_outlier;taxon_outlier;source_review,pending_submitted_note,pending_submitted_note,FALSE,approve_none_insufficient_evidence
df6441981b3fb127ba8907f6bba29748be0e3f19a5a55a458af848ff64181494,raw,Ostrya virginiana,Plant heigh,27495,2,6392,2,176,0,review_submission_csv:553,domain_outlier;taxon_outlier;source_review,agent_recovered_rule,,FALSE,approve_none_insufficient_evidence
04bac24cbe26d89692ac06fd4187b3d82485c1e611dd67771ba8fb4b8d3c129b,raw,Oxalis acetosella,Plant heigh,18,1,3,0,3,0,review_submission_csv:162,taxon_outlier;source_review,pending_submitted_note,pending_submitted_note,FALSE,approve_none_insufficient_evidence
7bd334ba528dde426cfbd438e134a518ba7e47542b3c0c9cd1baeb102f5ba29d,raw,Oxalis alpina,Plant heigh,20,1,1,0,9,0,review_submission_csv:4,taxon_outlier;source_review,pending_submitted_note,pending_submitted_note,FALSE,approve_none_insufficient_evidence
e6287267d9e3aa35645ccecc4bde0991b2181425c79195bb808e223c7b9e8014,raw,Oxalis dillenii,Plant heigh,80,1,53,0,17,0,review_submission_csv:25,taxon_outlier;source_review,pending_submitted_note,pending_submitted_note,FALSE,approve_none_insufficient_evidence
608e00e57074c343c10b0ce295a4cbb5f2b7f284f9f9eb99d89b403aebc1a92f,raw,Oxygraphis glacialis,Plant heigh,33,1,3,0,1,0,review_submission_csv:593,taxon_outlier;source_review,agent_recovered_rule,,FALSE,approve_none_insufficient_evidence
81af4782aff7afbd0e3953d177d264a0c7aef6ccbd2ce187dc5540476bdcb080,raw,Oxyria digyna,Plant heigh,11,1,2,0,2,0,review_submission_csv:199,taxon_outlier;source_review,agent_recovered_rule,,FALSE,approve_none_insufficient_evidence
5551f8ca77e9672a096b313a3da074e8f30c99ca7fd3db1b6f167633ed03e9cb,raw,Oxytropis lambertii,Plant heigh,20,1,2,0,3,0,review_submission_csv:193,taxon_outlier;source_review,pending_submitted_note,pending_submitted_note,FALSE,approve_none_insufficient_evidence
beb50a772ef062b8096811b4ac6672ff6ee1c9777493b0105372aab7323e38d3,raw,Oxytropis lapponica,Plant heigh,25,1,1,0,3,0,review_submission_csv:238,taxon_outlier;source_review,pending_submitted_note,pending_submitted_note,FALSE,approve_none_insufficient_evidence
f9ec6e0304d0d9a233548cb493445c068a043f08b0f1930b7cd1c4fc0fc6c42f,raw,Packera cana,Plant heigh,15,1,2,0,1,0,review_submission_csv:681,taxon_outlier;source_review,agent_recovered_rule,,FALSE,approve_none_insufficient_evidence
c0a36643bacba6aa58df9b73acd7739c4c3e45c185d45b3f772a37ba8fcfe55b,raw,Packera crocata,Plant heigh,11,1,2,0,2,0,review_submission_csv:200,taxon_outlier;source_review,agent_recovered_rule,,FALSE,approve_none_insufficient_evidence
47d02ddceecb7551f54f00600a614968d016544806c79928cd9f6113b54bfcba,raw,Pancratium maritimum,Plant heigh,168,1,4,1,8,0,review_submission_csv:485,domain_outlier;taxon_outlier;source_review,agent_recovered_rule,,FALSE,approve_none_insufficient_evidence
37e657dc2b72e42afb515f8f044bd9b14c14ef59cc5c1c47f3acf0bbd01a904a,raw,Panicum aciculare,Plant heigh,11,1,3,0,1,0,review_submission_csv:624,taxon_outlier;source_review,pending_submitted_note,pending_submitted_note,FALSE,approve_none_insufficient_evidence
f62038c81fcd1eb29de968ac6afa6f309f7ebd15ccd56b9678c3de63a3ea2ce7,raw,Panicum anceps,Plant heigh,46,1,12,40,2,0,review_submission_csv:698,domain_outlier;taxon_outlier;source_review,pending_submitted_note,pending_submitted_note,FALSE,approve_none_insufficient_evidence
ab2d825e17339c15f55a0f8155588ae9752bf8e6a9f38f7e0d62cbbacac449d0,raw,Panicum oligosanthes,Plant heigh,103,1,53,2,11,0,review_submission_csv:846,domain_outlier;taxon_outlier;source_review,pending_submitted_note,pending_submitted_note,FALSE,approve_none_insufficient_evidence
6eab9802a7a90927f8b3f03e1464796c7c4f5e37de4cdca34bb81b7e36509d13,raw,Panicum virgatum,Plant heigh,299,2,59,74,74,0,review_submission_csv:286,domain_outlier;taxon_outlier;source_review,pending_submitted_note,pending_submitted_note,FALSE,approve_none_insufficient_evidence
587c4625460eae5e2a798ea3c1db008f603a12d5ef2a552fcae2d22d5025caf1,raw,Paronychia pulvinata,Plant heigh,11,1,2,0,1,0,review_submission_csv:625,taxon_outlier;source_review,agent_recovered_rule,,FALSE,approve_none_insufficient_evidence
261fb0957ef9b536734891aa009c1d2e402739da9191b0ed136334ec090e8df0,raw,Paspalum notatum,Plant heigh,30,1,6,6,4,0,review_submission_csv:189,domain_outlier;taxon_outlier;source_review,pending_submitted_note,pending_submitted_note,FALSE,approve_none_insufficient_evidence
f1018dfefe0eb3a8128cf14c2b7d9d72ae9c61a0b01204f1f5bb4e45f8d836cd,raw,Pastinaca sativa,Plant heigh,51,1,4,13,3,0,review_submission_csv:603,domain_outlier;taxon_outlier;source_review,pending_submitted_note,pending_submitted_note,FALSE,approve_none_insufficient_evidence
82b0a9f1ddd287481a6423079d411af551fdf69b561346df9b3168a32280bb2b,raw,Pedicularis kerneri,Plant heigh,25,1,2,0,6,0,review_submission_csv:40,taxon_outlier;source_review,pending_submitted_note,pending_submitted_note,FALSE,approve_none_insufficient_evidence
13e414e88e887cc83b565705fef2a848e1aba308a536822d975dd83432fb4b89,raw,Pedicularis lapponica,Plant heigh,60,1,16,0,7,0,review_submission_csv:853,taxon_outlier;source_review,agent_recovered_rule,,FALSE,approve_none_insufficient_evidence
40d83a710b047124bc105e6790e18a485ac6987a4b574e2d0c026dbb58a17da2,raw,Pedicularis tuberosa,Plant heigh,16,1,2,0,1,0,review_submission_csv:688,taxon_outlier;source_review,pending_submitted_note,pending_submitted_note,FALSE,approve_none_insufficient_evidence
c6361626f98bd43903de0b7b941a01e2f42954f5ea792ce9566f048817131ca6,raw,Pedicularis verticillata,Plant heigh,59,1,6,0,2,0,review_submission_csv:755,taxon_outlier;source_review,pending_submitted_note,propose_scale_validated_threshold,TRUE,pending_objective_scale_evidence
dc8b9601c844625cfe3329b5f5e8a87e39a75a8ad8650e21188d46c97609c150,raw,Penstemon barbatus,Plant heigh,20,1,2,9,4,0,review_submission_csv:103,domain_outlier;taxon_outlier;source_review,pending_submitted_note,pending_submitted_note,FALSE,approve_none_insufficient_evidence
de96a3a45bd68e0471724a222cf8292c5f584c673d11bc06feb4768489dfac72,raw,Penstemon linarioides,Plant heigh,11,1,2,0,1,0,review_submission_csv:626,taxon_outlier;source_review,pending_submitted_note,pending_submitted_note,FALSE,approve_none_insufficient_evidence
3563deccc81b941571a287d5ad73f0393d53c6f0fae49c05d8de0a7356d5aef6,raw,Penstemon whippleanus,Plant heigh,21,1,3,0,5,0,review_submission_csv:59,taxon_outlier;source_review,pending_submitted_note,pending_submitted_note,FALSE,approve_none_insufficient_evidence
369f4396a1ba084f9ecee128f9bc0dc3de4a0c52eb84cddae604c81c6cf1bbe3,raw,Pentanema helveticum,Plant heigh,25,1,1,24,1,0,review_submission_csv:772,domain_outlier;taxon_outlier;source_review,pending_submitted_note,pending_submitted_note,FALSE,approve_none_insufficient_evidence
a55316857d33364906bad6c76f5ecc19307d98e44868ec1bee6bd49676764663,raw,Persea borbonia,Plant heigh,19164,1,3692,0,1253,0,review_submission_csv:86,taxon_outlier;source_review,pending_submitted_note,pending_submitted_note,FALSE,approve_none_insufficient_evidence
431e65163e3e3c5358471256b438930cccd2e0f9ae6e5cfc8c4527eba11c1f5e,raw,Persicaria pensylvanica,Plant heigh,12,1,1,5,1,0,review_submission_csv:652,domain_outlier;taxon_outlier;source_review,pending_submitted_note,pending_submitted_note,FALSE,approve_none_insufficient_evidence
346b0ffe9b8f3896d2d88e0cd7f1661fd13983bf7f9628770fffe8d77a1335a3,raw,Petrosedum anopetalum,Plant heigh,26,1,2,0,1,0,review_submission_csv:794,taxon_outlier;source_review,pending_submitted_note,pending_submitted_note,FALSE,approve_none_insufficient_evidence
014f93068166b26c7c4da34d9ff3cd2c2d343f7ba280d30ebc234b569cd23241,raw,Petrosedum sediforme,Plant heigh,30,1,6,0,3,0,review_submission_csv:279,taxon_outlier;source_review,pending_submitted_note,pending_submitted_note,FALSE,approve_none_insufficient_evidence
8f0650bff1873f7e6cfa71bc50ec19a5e7a4c4ea92e053e906b00da26079adfc,raw,Phagnalon saxatile,Plant heigh,14,1,5,1,3,0,review_submission_csv:122,domain_outlier;taxon_outlier;source_review,pending_isolated_source_pattern,pending_isolated_source_pattern,FALSE,approve_none_insufficient_evidence
e85cc12693122f9df030c932ed9e25a9e33820eac2e0aa4df4f6fa40f1cdb41e,raw,Phalaris arundinacea,Plant heigh,78,1,17,65,2,0,review_submission_csv:586,domain_outlier;taxon_outlier;source_review,pending_submitted_note,pending_submitted_note,FALSE,approve_none_insufficient_evidence
98b1b3c900ec658afba5e3545aa40b7fda2919ff3fcd3f8d512c59ae957c4183,raw,Phegopteris connectilis,Plant heigh,10,1,5,0,1,0,review_submission_csv:507,taxon_outlier;source_review,pending_submitted_note,pending_submitted_note,FALSE,approve_none_insufficient_evidence
365a29b857dd5d31b15fd7c0f2d88fbe191a8faaf539e786b406925b8c4bd476,raw,Phillyrea angustifolia,Plant heigh,36,1,6,2,3,0,review_submission_csv:405,domain_outlier;taxon_outlier;source_review,agent_recovered_rule,,FALSE,approve_none_insufficient_evidence
3c2779fb4d05300ce29787b2d85b5a79a9f8898bb564df90785bb72c2d04f53a,raw,Phillyrea latifolia,Plant heigh,32,1,4,2,4,0,review_submission_csv:866,domain_outlier;taxon_outlier;source_review,pending_submitted_note,pending_submitted_note,FALSE,approve_none_insufficient_evidence
0ebcaf75a09e1c04a78eee37f3e5177649bcc73f5c5c8dd85a1667e40344d4b1,raw,Phleum alpinum,Plant heigh,27,1,6,0,1,0,review_submission_csv:806,taxon_outlier;source_review,agent_recovered_rule,,FALSE,approve_none_insufficient_evidence
f211e5d2efb64af73afb1acbd3f41884d1afd03487f67b789a7a5631a2cc510a,raw,Phleum pratense,Plant heigh,373,1,31,164,7,0,review_submission_csv:589,domain_outlier;taxon_outlier;source_review,pending_isolated_source_pattern,pending_isolated_source_pattern,FALSE,approve_none_insufficient_evidence
8acbf0048a143834efe6a71f335eb63d1dd54f9dcfed7914a924517d12167289,raw,Phlomis purpurea,Plant heigh,31,1,2,1,2,0,review_submission_csv:638,domain_outlier;taxon_outlier;source_review,agent_recovered_rule,,FALSE,approve_none_insufficient_evidence
6726b2859df709339ad41a388db1eae6c8a5ff18824914b0e6f2f09067c2e4ae,raw,Phyllodoce caerulea,Plant heigh,276,1,37,0,15,0,review_submission_csv:391,taxon_outlier;source_review,agent_recovered_rule,,FALSE,approve_none_insufficient_evidence
2f09385c0b524113fdc24ad6a68e4478d6cf9c2c64c5415fd6f0e4fa488d65eb,raw,Physospermum cornubiense,Plant heigh,123,1,10,108,3,0,review_submission_csv:582,domain_outlier;taxon_outlier;source_review,pending_submitted_note,pending_submitted_note,FALSE,approve_none_insufficient_evidence
5dd7c83021f4b5e8c6bfd3a56cea8c0cd5cd994223e1b5bf0c07f5308b05c54a,raw,Phyteuma betonicifolium,Plant heigh,15,1,7,0,2,0,review_submission_csv:262,taxon_outlier;source_review,pending_submitted_note,pending_submitted_note,FALSE,approve_none_insufficient_evidence
4d3f295d7fc5aa3c6f5fe2d151e68372db38a22cdddde05c1c65ef9d4a692a11,raw,Picea glauca,Plant heigh,20459,2,3028,0,1507,0,review_submission_csv:305,taxon_outlier;source_review,agent_recovered_rule,,FALSE,approve_none_insufficient_evidence
0ec80dfa60e477403e642e1b2eca41910e73642a8e083e3a7aac3936effe45d2,raw,Picea mariana,Plant heigh,26094,2,2130,175,2131,0,review_submission_csv:300,domain_outlier;taxon_outlier;source_review,pending_submitted_note,agent_unparsed_exclusion_instruction,FALSE,approve_none_insufficient_evidence
355db7afd60e53961bd497af50b63c43b34f4cf6de6d7f223b795c9c44464584,raw,Picris hieracioides,Plant heigh,155,1,15,74,3,0,review_submission_csv:601,domain_outlier;taxon_outlier;source_review,pending_submitted_note,pending_submitted_note,FALSE,approve_none_insufficient_evidence
4bc4941e9227fe161789c0bbf995b321bb95962e055cd9f20fff99212a61686d,raw,Pilosella aurantiaca,Plant heigh,29,1,4,0,5,0,review_submission_csv:115,taxon_outlier;source_review,pending_isolated_source_pattern,pending_isolated_source_pattern,FALSE,approve_none_insufficient_evidence
e2b072ee6a56b17ad72660a3c29137ec0ab982ac5ca618534680777d31abcad3,raw,Pilosella lactucella,Plant heigh,34,1,3,0,4,0,review_submission_csv:226,taxon_outlier;source_review,pending_isolated_source_pattern,pending_isolated_source_pattern,FALSE,approve_none_insufficient_evidence
75edc04be2ebb40e50e90cdcdc8ae20d14fac6a2f11ce4ae93041919fb0fc0a7,raw,Pilosella officinarum,Plant heigh,164,1,33,0,14,0,review_submission_csv:210,taxon_outlier;source_review,pending_isolated_source_pattern,agent_strong_isolated_source_pattern,TRUE,pending_objective_scale_evidence
362483f69c4fc9f3bdab28d271da5e6745d5c18b1352d244caafc8ffb4482fee,raw,Pimpinella saxifraga,Plant heigh,45,1,8,0,8,0,review_submission_csv:71,taxon_outlier;source_review,pending_submitted_note,pending_submitted_note,FALSE,approve_none_insufficient_evidence
be60ca80f9996daa3ba34267db1dda1ae50492c378d5aa5936dbfcf699fd732b,raw,Pinus albicaulis,Plant heigh,24353,2,2161,1,844,0,review_submission_csv:347,domain_outlier;taxon_outlier;source_review,agent_recovered_rule,,FALSE,approve_none_insufficient_evidence
1938ef0c7e37a100b78cd752f492162e338e93f542209ca0ec40dba23a3f258b,raw,Pinus aristata,Plant heigh,1433,2,210,1,57,0,review_submission_csv:420,domain_outlier;taxon_outlier;source_review,agent_recovered_rule,,FALSE,approve_none_insufficient_evidence
9ea0ad07b386778262f685421d0f17d4f1dbcc3e660e2a1ae07019a95dc91481,raw,Pinus attenuata,Plant heigh,777,1,105,0,42,0,review_submission_csv:266,taxon_outlier;source_review,agent_recovered_rule,,FALSE,approve_none_insufficient_evidence
074d6c33f91350cd08ad6d18298a6fb2c847bc57d8dd642f72c89ecca68b3ce1,raw,Pinus banksiana,Plant heigh,22787,2,1430,100,850,0,review_submission_csv:340,domain_outlier;taxon_outlier;source_review,pending_submitted_note,pending_submitted_note,FALSE,approve_none_insufficient_evidence
a019f0c1e494c3284b017c18f106c9bc4af8018a13a833f80878426ffa4b108a,raw,Pinus edulis,Plant heigh,87413,2,8304,1,4340,0,review_submission_csv:329,domain_outlier;taxon_outlier;source_review,agent_recovered_rule,,FALSE,approve_none_insufficient_evidence
cc261d8945bd2f605f09378b31f9cf530b06f91ab49d0900e75320a798077888,raw,Pinus elliottii,Plant heigh,238680,1,10217,1,7668,0,review_submission_csv:236,domain_outlier;taxon_outlier;source_review,pending_submitted_note,agent_unparsed_exclusion_instruction,FALSE,approve_none_insufficient_evidence
8490b2963dbff6463bea439d315ec8787a068da50e981c9a55f598e5612a21a6,raw,Pinus flexilis,Plant heigh,10768,2,1652,0,715,0,review_submission_csv:322,taxon_outlier;source_review,agent_recovered_rule,,FALSE,approve_none_insufficient_evidence
e735f04894c69d326b500d8a8e700d88cd4438215357e5964ee46c45483c5f40,raw,Pinus halepensis,Plant heigh,39,1,8,0,5,0,review_submission_csv:855,taxon_outlier;source_review,pending_submitted_note,agent_threshold_rule_not_corroborated,FALSE,approve_none_insufficient_evidence
e741cbc318cc241dc41cda60f5a45372dd158c2b8f1d12b3c56d7164199fef12,raw,Pinus longaeva,Plant heigh,270,1,20,0,21,0,review_submission_csv:211,taxon_outlier;source_review,agent_recovered_rule,,FALSE,approve_none_insufficient_evidence
389292add2c2813154061b4d7b16877b3b7937edbbcb949b75bafa2b8bd129bd,raw,Pinus monophylla,Plant heigh,30161,2,2800,0,1450,0,review_submission_csv:886,taxon_outlier;source_review,agent_recovered_rule,,FALSE,approve_none_insufficient_evidence
ec571d361dd34d43e1e7f8fdcbdf19ea71d910021ad62ad30281289916dd12b8,raw,Pinus nigra,Plant heigh,451,2,34,0,3,0,review_submission_csv:570,taxon_outlier;source_review,agent_recovered_rule,,FALSE,approve_none_insufficient_evidence
f735a03334c073784b5adf4bc0ad2c917df89ae6f3fcee48453cc04eb2312739,raw,Pinus nigra subsp. salzmannii,Plant heigh,30,1,1,0,4,0,review_submission_csv:857,taxon_outlier;source_review,pending_submitted_note,agent_threshold_rule_not_corroborated,FALSE,approve_none_insufficient_evidence
d63fd8cc525a6cdfa10160a62228c23c3ec1f4fe966b35ac84262b99a612904b,raw,Pinus rigida,Plant heigh,13089,1,1617,0,513,0,review_submission_csv:255,taxon_outlier;source_review,agent_recovered_rule,,FALSE,approve_none_insufficient_evidence
1e1c8ab4c6a5b8a6aa4fa4e6562859190c1b80a70602a4849c3133cb891419c4,raw,Pinus strobiformis,Plant heigh,1405,2,280,1,173,0,review_submission_csv:295;review_submission_csv:524,domain_outlier;taxon_outlier;source_review,agent_recovered_rule,,FALSE,approve_none_insufficient_evidence
923f3248479a4c90880a2a55fc8965eb96d95167644aaf197f8b78d80e99c28d,raw,Pinus sylvestris,Plant heigh,6367,2,538,7,208,0,review_submission_csv:421,domain_outlier;taxon_outlier;source_review,agent_recovered_rule,,FALSE,approve_none_insufficient_evidence
ca5095f6e817ea72e3b26787f3d568be64dfd897121356498324d835a3716a51,raw,Pinus taeda,Plant heigh,1128309,2,39527,19,56673,0,review_submission_csv:415,domain_outlier;taxon_outlier;source_review,agent_recovered_rule,,FALSE,approve_none_insufficient_evidence
66d584e83c6186a84a614ba3b401658af34b80f57d31607102ef621a2c8bfbb5,raw,Pinus uncinata,Plant heigh,13,1,4,10,3,0,review_submission_csv:811,domain_outlier;taxon_outlier;source_review,pending_submitted_note,agent_threshold_rule_not_corroborated,FALSE,approve_none_insufficient_evidence
373710a5ca4fb7ac8345a9916a9b2a1333586d7c558a1218e204e4cc01babd9a,raw,Pistacia lentiscus,Plant heigh,31,1,9,1,2,0,review_submission_csv:639,domain_outlier;taxon_outlier;source_review,agent_recovered_rule,,FALSE,approve_none_insufficient_evidence
674ecda5b03fe974d64943692240990c581d64fb78e5be07b44c76c2f44c3ab7,raw,Pityopsis graminifolia,Plant heigh,10,1,2,0,2,0,review_submission_csv:173,taxon_outlier;source_review,pending_submitted_note,pending_submitted_note,FALSE,approve_none_insufficient_evidence
6b4326f0a9f91417ae1bcddd0e6a108e0d8b6181d6519cae38fb6f98f1ba9fcc,raw,Planera aquatica,Plant heigh,2568,1,313,0,186,0,review_submission_csv:823,taxon_outlier;source_review,agent_recovered_rule,,FALSE,approve_none_insufficient_evidence
dc7283e044a926060a36347183085ca763426b07ad95ae78e5604e5e0523da2c,raw,Plantago atrata,Plant heigh,35,1,6,0,5,0,review_submission_csv:151,taxon_outlier;source_review,pending_submitted_note,pending_submitted_note,FALSE,approve_none_insufficient_evidence
78db27257dafd404791d9e1ab8ea380044940f9e99b3a39d494cb0a445f66542,raw,Plantago coronopus,Plant heigh,13,2,4,1,2,0,review_submission_csv:354,domain_outlier;taxon_outlier;source_review,agent_recovered_rule,,FALSE,approve_none_insufficient_evidence
b25e8f306559da3110b2975b73e8734edfd445a4584d0ef313bb7687c29415d0,raw,Plantago lagopus,Plant heigh,323,2,4,0,21,0,review_submission_csv:339,taxon_outlier;source_review,agent_recovered_rule,,FALSE,approve_none_insufficient_evidence
df5b5a23623a52295929e5c369d2c7e71f87f092e0a2a2614344f1142081a5e8,raw,Plantago lanceolata,Plant heigh,439,1,83,64,65,0,review_submission_csv:29,domain_outlier;taxon_outlier;source_review,pending_submitted_note,pending_submitted_note,FALSE,approve_none_insufficient_evidence
dc347674ca8587554602b09c157b6f0f24f5aa9cc2763475b6f9fecb2d5b3289,raw,Plantago macrorhiza,Plant heigh,89,1,2,0,16,0,review_submission_csv:36,taxon_outlier;source_review,agent_recovered_rule,,FALSE,approve_none_insufficient_evidence
31759d0a7fe5d73452da5d6f626640d3a4a15eaaa5c6f8161f2fd1611460dc0e,raw,Plantago media,Plant heigh,196,1,16,0,10,0,review_submission_csv:435,taxon_outlier;source_review,pending_submitted_note,pending_submitted_note,FALSE,approve_none_insufficient_evidence
1fefb492eb8ca0a81d9aaddcb44f1df43e23fe6988ef7da1367a317f92ddbf5c,raw,Plantago sempervirens,Plant heigh,27,1,4,0,3,0,review_submission_csv:257,taxon_outlier;source_review,pending_submitted_note,pending_submitted_note,FALSE,approve_none_insufficient_evidence
2b2b20e3f2978a3c6710fad32dcd4892098b34ae4dee1d1b85a9a77e4fc16c54,raw,Platanus wrightii,Plant heigh,32,2,7,1,4,0,review_submission_csv:476,domain_outlier;taxon_outlier;source_review,agent_recovered_rule,,FALSE,approve_none_insufficient_evidence
ba6586c9e146fc20b166e9cba8d0c77b4e14ed2d437ba4ab3061bfdb443a8bb0,raw,Poa annua,Plant heigh,25,1,7,1,7,0,review_submission_csv:28,domain_outlier;taxon_outlier;source_review,pending_isolated_source_pattern,pending_isolated_source_pattern,FALSE,approve_none_insufficient_evidence
1c7295007f5029d71e0717f96501fc221328323abc655c42c4ad1bc6bca93083,raw,Poa compressa,Plant heigh,27,1,4,0,1,0,review_submission_csv:807,taxon_outlier;source_review,pending_submitted_note,pending_submitted_note,FALSE,approve_none_insufficient_evidence
277edaa0d3e6178b0c8a91b96f8acfa4b6c102d038cd35be1f5b9f791db1598f,raw,Poa leptocoma,Plant heigh,21,1,1,0,2,0,review_submission_csv:413,taxon_outlier;source_review,pending_submitted_note,pending_submitted_note,FALSE,approve_none_insufficient_evidence
a571b366de209a84e329108cf97588544816eaabd46694b525ede4e6cebb2229,raw,Poa pratensis,Plant heigh,747,1,91,160,115,0,review_submission_csv:15,domain_outlier;taxon_outlier;source_review,pending_submitted_note,pending_submitted_note,FALSE,approve_none_insufficient_evidence
49e0edd8500680b9c13b770c7ee4d7c933e7c4322507e0f3f4d18bdfbfd8cd3f,raw,Poa sp,Plant heigh,32,1,4,0,9,0,review_submission_csv:18,taxon_outlier;source_review,pending_isolated_source_pattern,propose_scale_corroborated_source,TRUE,pending_objective_scale_evidence
4a1b3f82dba5a8adbfb1329135e5883bb84a66baa402d21c8924c163888e77ac,raw,Poa trivialis,Plant heigh,264,1,44,88,15,0,review_submission_csv:381,domain_outlier;taxon_outlier;source_review,pending_submitted_note,pending_submitted_note,FALSE,approve_none_insufficient_evidence
3ba4005a5a314c6adb5f7361a234878483aaf87c2603262ba534ae93eb1dc23e,raw,Podospermum lacinatum,Plant heigh,0,0,0,0,0,0,review_submission_csv:77,source_review,pending_submitted_note,propose_none_no_current_records,FALSE,approve_none_insufficient_evidence
652a34505d199ca574ada5a16cf5e9ad465db57969a8e0edd184b09723c650e7,raw,Polemonium acutiflorum,Plant heigh,16,1,2,0,1,0,review_submission_csv:689,taxon_outlier;source_review,agent_recovered_rule,,FALSE,approve_none_insufficient_evidence
746e61c08199e7a0b8f3149cf00c2445e40b69eca322ebc174d84d16807f5038,raw,Polemonium viscosum,Plant heigh,12,1,3,0,2,0,review_submission_csv:220,taxon_outlier;source_review,agent_recovered_rule,,FALSE,approve_none_insufficient_evidence
0c5c14dd2047a28e725c7070f5dc22bf226a2aaa6d8a10dbe7ea1eed17237f62,raw,Polygala alpestris,Plant heigh,26,1,2,0,1,0,review_submission_csv:795,taxon_outlier;source_review,pending_submitted_note,pending_submitted_note,FALSE,approve_none_insufficient_evidence
41d3801aa1eee2616e5c771b3cb2d2e93a8ec225f3f80879a109a439a98f075f,raw,Polygonatum odoratum,Plant heigh,26,1,2,0,5,0,review_submission_csv:92,taxon_outlier;source_review,pending_isolated_source_pattern,agent_strong_isolated_source_pattern,TRUE,pending_objective_scale_evidence
4f5b97193051cc3b569b7f29e36ae8935ee0be47adc9d5f684f1a631c3e7f9e2,raw,Polygonum aviculare,Plant heigh,254,1,4,95,10,0,review_submission_csv:643,domain_outlier;taxon_outlier;source_review,pending_submitted_note,pending_submitted_note,FALSE,approve_none_insufficient_evidence
877d060c6d523cd3e47bf750158aff20b08dab9386a3d3413c3b1ace216cd1f4,raw,Polygonum douglasii,Plant heigh,25,1,3,0,1,0,review_submission_csv:773,taxon_outlier;source_review,pending_submitted_note,pending_submitted_note,FALSE,approve_none_insufficient_evidence
97436f0c070d286aef6fca831ced5c8f80fbe96c1b5639142b016f7458c82835,raw,Polygonum maritimum,Plant heigh,24,1,3,1,3,0,review_submission_csv:232,domain_outlier;taxon_outlier;source_review,agent_recovered_rule,,FALSE,approve_none_insufficient_evidence
f5581873b68ebcb9eeb801717029b2bc2ac3f6690645b5412aad394777dcd863,raw,Populus deltoides,Plant heigh,6851,2,1257,16,250,0,review_submission_csv:374,domain_outlier;taxon_outlier;source_review,agent_recovered_rule,,FALSE,approve_none_insufficient_evidence
5ba2ff7a3d95b1a78e8c7ca22045982ac7665d717fce4c1715b21c7792567ad8,raw,Populus fremontii,Plant heigh,383,1,85,1,26,0,review_submission_csv:230,domain_outlier;taxon_outlier;source_review,agent_recovered_rule,,FALSE,approve_none_insufficient_evidence
a45db981af54e0d07b0346617ebb2c91c078bfb5df1c7838a45f5a0bdb596379,raw,Populus grandidentata,Plant heigh,32388,2,3929,0,1136,0,review_submission_csv:342,taxon_outlier;source_review,agent_recovered_rule,,FALSE,approve_none_insufficient_evidence
e0556b57b68b989319cb185fd588f893949ca3a155002cecd69ac0800f9f352c,raw,Populus tremula,Plant heigh,16,2,10,1,2,0,review_submission_csv:346,domain_outlier;taxon_outlier;source_review,agent_recovered_rule,,FALSE,approve_none_insufficient_evidence
60cb15ed8a6e552f317b6feeb5549aff343a23679dbe041a5b9d0e560bc8206d,raw,Populus tremuliodes,Plant heigh,0,0,0,0,0,0,review_submission_csv:883,source_review,pending_submitted_note,propose_none_no_current_records,FALSE,approve_none_insufficient_evidence
c6e81b7f30ad9456d342884d5ff64a715ba6f5a372efc5a1115ca7111c12c58a,raw,Potentilla aurea,Plant heigh,43,1,11,0,1,0,review_submission_csv:544,taxon_outlier;source_review,pending_submitted_note,pending_submitted_note,FALSE,approve_none_insufficient_evidence
c48ea319ace7d284705d7fca77c679fbb070b4add795bdb1975b70a0ffd5a718,raw,Potentilla crantzii,Plant heigh,47,1,23,0,4,0,review_submission_csv:368,taxon_outlier;source_review,pending_submitted_note,pending_submitted_note,FALSE,approve_none_insufficient_evidence
2ab3a54d585ecfa915bd6f15eecaf9468e9344a7dabeaeca5b183152eb06fcbb,raw,Potentilla crinita,Plant heigh,20,1,4,0,2,0,review_submission_csv:399,taxon_outlier;source_review,pending_submitted_note,pending_submitted_note,FALSE,approve_none_insufficient_evidence
b423c664a81534f148d896c31952f6e5fbd1247b7c47c16c9a2dd46f3c8f37f8,raw,Potentilla diversifolia,Plant heigh,21,1,2,0,1,0,review_submission_csv:747,taxon_outlier;source_review,agent_recovered_rule,,FALSE,approve_none_insufficient_evidence
aeab9c7631421702ec6d68353dcb9f4018f2659ab96a5b35e99052f69f346ad0,raw,Potentilla erecta,Plant heigh,36,1,11,0,5,0,review_submission_csv:156,taxon_outlier;source_review,pending_submitted_note,pending_submitted_note,FALSE,approve_none_insufficient_evidence
8d676179ab4091c3bcff3a77f716bdcc7c6f3895dad47e02560338c2ea0e9a1b,raw,Potentilla gracilis,Plant heigh,25,1,2,0,4,0,review_submission_csv:148,taxon_outlier;source_review,pending_submitted_note,pending_submitted_note,FALSE,approve_none_insufficient_evidence
7eb20e856937480a734065e194583227e857ca99709254aa01694699e14ca35a,raw,Potentilla hippiana,Plant heigh,21,1,3,0,2,0,review_submission_csv:414,taxon_outlier;source_review,pending_submitted_note,pending_submitted_note,FALSE,approve_none_insufficient_evidence
d2ec5a3aa8ba52864d5c9cd1b1529eb0d99c2c5fb2b3e00daaa2ca2adf1514cf,raw,Potentilla micrantha,Plant heigh,17,1,3,0,1,0,review_submission_csv:697,taxon_outlier;source_review,agent_recovered_rule,,FALSE,approve_none_insufficient_evidence
60700c7a2f20040d0b79d653f541e6c8ee0234a52e14ff634831e049a40a7376,raw,Potentilla neumanniana,Plant heigh,272,1,12,0,4,0,review_submission_csv:558,taxon_outlier;source_review,pending_submitted_note,pending_submitted_note,FALSE,approve_none_insufficient_evidence
8d60530a5e9fe53bbb9d6357f6ca07f8a8e839408d872a86934e98cab2af0a4d,raw,Potentilla pusilla,Plant heigh,53,1,7,0,1,0,review_submission_csv:550,taxon_outlier;source_review,pending_submitted_note,pending_submitted_note,FALSE,approve_none_insufficient_evidence
6c31ba7c2c13ac7a8ce68d8617835f1af0d90d3ed84591e8b223b76d24d7d543,raw,Potentilla recta,Plant heigh,31,1,6,0,3,0,review_submission_csv:875,taxon_outlier;source_review,pending_isolated_source_pattern,agent_threshold_rule_not_corroborated,FALSE,approve_none_insufficient_evidence
c9a0c9800a0877078ee99c7101f98e63e8357cf7f42e445fd0a63a1887c9ea4c,raw,Potentilla subviscosa,Plant heigh,20,1,1,0,1,0,review_submission_csv:731,taxon_outlier;source_review,pending_submitted_note,pending_submitted_note,FALSE,approve_none_insufficient_evidence
621f26248fa5e264021a0f824d03eb341d6e33afb2b305c33ce4647de01b1b6b,raw,Prenanthes purpurea,Plant heigh,29,1,5,1,5,0,review_submission_csv:116,domain_outlier;taxon_outlier;source_review,agent_recovered_rule,,FALSE,approve_none_insufficient_evidence
0dd760597c985a323119363137bf37a5a56acabaf82471400662d229cdc6c327,raw,Primula acaulis,Plant heigh,45,1,5,0,5,0,review_submission_csv:225,taxon_outlier;source_review,agent_recovered_rule,,FALSE,approve_none_insufficient_evidence
85496244b86d5fbfdb73d318d57d9b55a7e6d7278a8e265ba509f76f6af558b1,raw,Primula integrifolia,Plant heigh,68,1,2,0,4,0,review_submission_csv:469,taxon_outlier;source_review,agent_recovered_rule,,FALSE,approve_none_insufficient_evidence
0ea8cdffb52b29848bd683dae1bb33c7b247ff27f537fb009ab6925b34910c0f,raw,Primula latifolia,Plant heigh,26,1,2,0,4,0,review_submission_csv:154,taxon_outlier;source_review,pending_submitted_note,pending_submitted_note,FALSE,approve_none_insufficient_evidence
3a75082a680011eff98921dfb83df1cae07a98a0313fdbaa913fd718b2e58966,raw,Primula pauciflora,Plant heigh,11,1,2,0,1,0,review_submission_csv:627,taxon_outlier;source_review,agent_recovered_rule,,FALSE,approve_none_insufficient_evidence
4af511dcdeb2c9ddf80b4fe8ff11b866534976f91125966dbcf2269f8002ad97,raw,Primula veris,Plant heigh,101,1,5,0,11,0,review_submission_csv:155,taxon_outlier;source_review,pending_submitted_note,pending_submitted_note,FALSE,approve_none_insufficient_evidence
18f5accb9b6d65093756fc5074b63e66d6743d4093c41903ea81ef2e2337c638,raw,Prosopis glandulosa,Plant heigh,15083,1,2586,0,999,0,review_submission_csv:839,taxon_outlier;source_review,agent_recovered_rule,,FALSE,approve_none_insufficient_evidence
b8e1636e137005afd72893bfc64c2af429d1b52b6238e7791fae046d55bcac07,raw,Prunella vulgaris,Plant heigh,147,1,20,1,20,0,review_submission_csv:73,domain_outlier;taxon_outlier;source_review,pending_isolated_source_pattern,propose_scale_corroborated_source,TRUE,pending_objective_scale_evidence
4bb5eae187f1f2d6174ff72db7f98fa95cbe14a47acb828adb73a662212dc6ea,raw,Prunus americana,Plant heigh,498,1,216,0,47,0,review_submission_csv:818,taxon_outlier;source_review,agent_recovered_rule,,FALSE,approve_none_insufficient_evidence
8cd5e5e41f5106298d28b7c6363ef75510a463e8e181156cfb39e3878e2081df,raw,Prunus avium,Plant heigh,386,2,134,1,25,0,review_submission_csv:336,domain_outlier;taxon_outlier;source_review,agent_recovered_rule,,FALSE,approve_none_insufficient_evidence
28b64f942b07e5362e0c5f9ac3063c820c263325549fa81dab04b216d5c95864,raw,Prunus persica,Plant heigh,22,2,5,1,5,0,review_submission_csv:307,domain_outlier;taxon_outlier;source_review,agent_recovered_rule,,FALSE,approve_none_insufficient_evidence
ae158cc7bf9dd64c6ce948b1d0f2c7ce4fb14773755bd182358469dfc2be2d1f,raw,Prunus serotina,Plant heigh,102826,2,24013,4,2826,0,review_submission_csv:380,domain_outlier;taxon_outlier;source_review,agent_recovered_rule,,FALSE,approve_none_insufficient_evidence
34f8354ec95fec4c18b5cf95a628209d19257fd9b257437b75e9b384200beebd,raw,Prunus spinosa,Plant heigh,66,1,7,1,12,0,review_submission_csv:52,domain_outlier;taxon_outlier;source_review,agent_recovered_rule,,FALSE,approve_none_insufficient_evidence
6cec0f0e2813fd8723e1ef7378af39967cbda28e5393594443a02c3d785b0837,raw,Prunus virginiana,Plant heigh,431,2,183,1,10,0,review_submission_csv:753,domain_outlier;taxon_outlier;source_review,agent_recovered_rule,,FALSE,approve_none_insufficient_evidence
a42ab9653a1566884939653cda2a00d5c806e1ac5c44b9f3af710e917ad51657,raw,Pseudotsuga menziesii,Plant heigh,258335,2,20048,12890,26552,0,review_submission_csv:289,domain_outlier;taxon_outlier;source_review,agent_recovered_rule,,FALSE,approve_none_insufficient_evidence
cb3aa48a7d1e032e9e1f66fef7841ea9234e0511ea2cde6b49c3b04016c91a57,raw,Pseudoturritis turrita,Plant heigh,19,1,3,0,1,0,review_submission_csv:714,taxon_outlier;source_review,agent_recovered_rule,,FALSE,approve_none_insufficient_evidence
2940c979617dcca369a5a54cd5389f027d8e338f404d170e58d9a01ed2a81738,raw,Pteridium aquilinum,Plant heigh,33,1,5,6,2,0,review_submission_csv:658,domain_outlier;taxon_outlier;source_review,pending_submitted_note,propose_scale_validated_threshold,TRUE,pending_objective_scale_evidence
b25626a0530ff5c86bfb1e94fae3aa1d29b93137331946f1f8dd94bb76997ee0,raw,Pulsatilla vernalis,Plant heigh,12,1,3,0,2,0,review_submission_csv:221,taxon_outlier;source_review,agent_recovered_rule,,FALSE,approve_none_insufficient_evidence
ce5a44f5a25e2e9631035646abc44dbb9362f8362b5b11ddefcc2e32294912c0,raw,Pyrola elliptica,Plant heigh,18,1,1,0,1,0,review_submission_csv:705,taxon_outlier;source_review,pending_submitted_note,pending_submitted_note,FALSE,approve_none_insufficient_evidence
5b31042e927839fd5e3fe23ac1aee47fd24b07de8eaf418e6c6f3fdac01bec0d,raw,Pyrola media,Plant heigh,10,1,1,0,1,0,review_submission_csv:508,taxon_outlier;source_review,pending_submitted_note,pending_submitted_note,FALSE,approve_none_insufficient_evidence
eb7f289471cee46b7239967f45199e82638ef082be7812f052ac0f4de558c5ba,raw,Pyrus communis,Plant heigh,19,2,3,1,1,0,review_submission_csv:715,domain_outlier;taxon_outlier;source_review,agent_recovered_rule,,FALSE,approve_none_insufficient_evidence
1b764a49b733c7f9951212bd7099aa11b70f580b3d962962e0f2d5697d211551,raw,Quercus agrifolia,Plant heigh,2623,2,298,0,154,0,review_submission_csv:890,taxon_outlier;source_review,agent_recovered_rule,,FALSE,approve_none_insufficient_evidence
8ef332d957aa3474404c3889f028b28c8fbf45fcadd47ddc9d2b5aa3f60b53ff,raw,Quercus alba,Plant heigh,234881,2,31519,5,9565,0,review_submission_csv:335,domain_outlier;taxon_outlier;source_review,pending_recovered_proposal,agent_unmatched_recovered_rule,FALSE,approve_none_insufficient_evidence
54689ae98fd87a0d8137d0d3e1297b35b1b48f6aa18d33bb4e4daeb793850ef9,raw,Quercus buckleyi,Plant heigh,554,1,111,0,33,0,review_submission_csv:253,taxon_outlier;source_review,pending_isolated_source_pattern,agent_unparsed_exclusion_instruction,FALSE,approve_none_insufficient_evidence
412b5b347f0c2fc23d77b2caea8882fb222e715c759653dfc73570a299e45d99,raw,Quercus coccifera,Plant heigh,96,1,14,57,1,0,review_submission_csv:567,domain_outlier;taxon_outlier;source_review,pending_submitted_note,pending_submitted_note,FALSE,approve_none_insufficient_evidence
dbbbb996be5461c795487203809b0c3b20a59d2820faa77d48e3469b13f10bb8,raw,Quercus ellipsoidalis,Plant heigh,10591,2,1415,4,229,0,review_submission_csv:666,domain_outlier;taxon_outlier;source_review,agent_recovered_rule,,FALSE,approve_none_insufficient_evidence
1071bf02ceee144d509b64396eb6f70afa79f46f765ca2654268b60e2195e036,raw,Quercus engelmannii,Plant heigh,24,1,8,0,4,0,review_submission_csv:139,taxon_outlier;source_review,agent_recovered_rule,,FALSE,approve_none_insufficient_evidence
88a3a584da62fea20ef260940f4d33c1eecfef345ae514e53d9ff85410ab5b04,raw,Quercus faginea,Plant heigh,64,1,5,1,12,0,review_submission_csv:530,domain_outlier;taxon_outlier;source_review,pending_submitted_note,pending_submitted_note,FALSE,approve_none_insufficient_evidence
b3bfaf4173d7e3c9339304e5b88ddb6db2ae16d72100841e252026bac5ceffc9,raw,Quercus gambelii,Plant heigh,58930,2,3445,2,5589,0,review_submission_csv:292,domain_outlier;taxon_outlier;source_review,agent_recovered_rule,,FALSE,approve_none_insufficient_evidence
e4e612627a7799fcac538de5db70266dfeb745b2720d50a216ccef5bda8d7beb,raw,Quercus hypoleucoides,Plant heigh,2161,1,177,0,109,0,review_submission_csv:241,taxon_outlier;source_review,agent_recovered_rule,,FALSE,approve_none_insufficient_evidence
76f594fd9efd55d13689e0ee724ee1699395c5826a5c3f94eb620b112a397ac7,raw,Quercus ilicifolia,Plant heigh,123,1,37,0,16,0,review_submission_csv:95,taxon_outlier;source_review,agent_recovered_rule,,FALSE,approve_none_insufficient_evidence
da0011dcc6c251a90500877ff305369f416d9cde05c8859ed384f974c4216d68,raw,Quercus incana,Plant heigh,1697,1,432,0,82,0,review_submission_csv:267,taxon_outlier;source_review,agent_recovered_rule,,FALSE,approve_none_insufficient_evidence
b0db482483fea74bcbf362267f0d4d9c00c2c62c2eba2f7da8948045e1498429,raw,Quercus kelloggii,Plant heigh,9107,2,1213,1,685,0,review_submission_csv:311,domain_outlier;taxon_outlier;source_review,agent_recovered_rule,,FALSE,approve_none_insufficient_evidence
c2d420d3313bc13f4ff3a6ec1daf7af7af29e7369b9924602041619630d267dd,raw,Quercus macrocarpa,Plant heigh,11214,2,1616,8,261,0,review_submission_csv:644,domain_outlier;taxon_outlier;source_review,agent_recovered_rule,,FALSE,approve_none_insufficient_evidence
64843a2beeb8e66ba947d8e5d34307524e7b264bf0a2dd5bc05ff8d164cf9589,raw,Quercus minima,Plant heigh,775,1,158,0,63,0,review_submission_csv:137,taxon_outlier;source_review,pending_submitted_note,agent_unparsed_exclusion_instruction,FALSE,approve_none_insufficient_evidence
5829de01c0b3ba016767dae89a4e7944714c5e640b47e926cab194d47d4cd697,raw,Quercus nigra,Plant heigh,164221,2,23717,8,3142,0,review_submission_csv:605,domain_outlier;taxon_outlier;source_review,agent_recovered_rule,,FALSE,approve_none_insufficient_evidence
910a4c2c6fef31192247be65b28b86852eb471e563eae29fe31b84a16b776e9c,raw,Quercus rubra,Plant heigh,112425,2,19960,2,5939,0,review_submission_csv:324,domain_outlier;taxon_outlier;source_review,agent_recovered_rule,,FALSE,approve_none_insufficient_evidence
98a138d68baa7b6d358192f173faaae7de69da445d3b5a91ff14ba27bf19300b,raw,Quercus suber,Plant heigh,260,2,17,1,13,0,review_submission_csv:427,domain_outlier;taxon_outlier;source_review,agent_recovered_rule,,FALSE,approve_none_insufficient_evidence
b28e355a96bcac238240f1411885e46e7675b2a50bef4a2a116d4e10ea1d79dd,raw,Ranunculus adoneus,Plant heigh,19,1,2,0,5,0,review_submission_csv:37,taxon_outlier;source_review,agent_repeated_source_pattern,,TRUE,pending_objective_scale_evidence
94270396d70512280ca37cf2075fc22a9b4992ad0374cbddeb872cf80e599a6b,raw,Ranunculus bulbosus,Plant heigh,26,1,24,10,7,0,review_submission_csv:31,domain_outlier;taxon_outlier;source_review,pending_submitted_note,pending_submitted_note,FALSE,approve_none_insufficient_evidence
ef9ab7a7c534383e5a9a2379b42f2481e203a7ce0c34dfc2f10f8090f585e997,raw,Ranunculus montanus,Plant heigh,15,1,11,0,2,0,review_submission_csv:263,taxon_outlier;source_review,pending_submitted_note,pending_submitted_note,FALSE,approve_none_insufficient_evidence
daa3e035bfdd522a225841a1c628fb7b455b18f11b7cd317b3c4b46977139575,raw,Ranunculus repense,Plant heigh,0,0,0,0,0,0,review_submission_csv:149,source_review,pending_submitted_note,propose_none_no_current_records,FALSE,approve_none_insufficient_evidence
a532f7eacd87be0cb4ec6aaca918a815ce80f5c03364394422cbeda100b75223,raw,Ranunuculus acris,Plant heigh,0,0,0,0,0,0,review_submission_csv:150,source_review,pending_submitted_note,propose_none_no_current_records,FALSE,approve_none_insufficient_evidence
2dd6995d8640618e6e723aa09685f3c2dc2ef47f16f6971c85df21eb656a906a,raw,Rhamnus lycioides,Plant heigh,48,1,7,10,12,0,review_submission_csv:520,domain_outlier;taxon_outlier;source_review,pending_submitted_note,agent_unparsed_exclusion_instruction,FALSE,approve_none_insufficient_evidence
39ccc14c1c71b8bd5a52544e3aee4feed94386dd9589e7faf9a24140dce76a6e,raw,Rhinanthus minor,Plant heigh,11,1,8,1,1,0,review_submission_csv:628,domain_outlier;taxon_outlier;source_review,pending_submitted_note,pending_submitted_note,FALSE,approve_none_insufficient_evidence
0011892fb37c2f26ebaf275e8b3030e32de2cb290fba3f0a085e9a9fd50090a0,raw,Rhododendron ferrugineum,Plant heigh,68,1,6,3,7,0,review_submission_csv:867,domain_outlier;taxon_outlier;source_review,pending_isolated_source_pattern,propose_scale_validated_threshold,TRUE,pending_objective_scale_evidence
e39328abb937744b8d6800503f16372537f4f115513caddae009d51f0f2a7fdd,raw,Rhododendron tomentosum,Plant heigh,666,1,18,0,143,0,review_submission_csv:2,taxon_outlier;source_review,pending_isolated_source_pattern,pending_isolated_source_pattern,FALSE,approve_none_insufficient_evidence
dc7495c8013100d27377ff6116a3d07c08894ae9af7e3b15eab94a8154b6545a,raw,Rhus glabra,Plant heigh,11,1,3,6,1,0,review_submission_csv:629,domain_outlier;taxon_outlier;source_review,pending_submitted_note,pending_submitted_note,FALSE,approve_none_insufficient_evidence
2c3070a1e700531b3f6e7971a1d6232d61e0fe58f34ba1112ca4880926e51a95,raw,Robinia neomexicana,Plant heigh,979,2,96,2,248,0,review_submission_csv:283,domain_outlier;taxon_outlier;source_review,agent_recovered_rule,,FALSE,approve_none_insufficient_evidence
ed6fa4723cf6ded1761cc700d2da2a218a5d7e55e170e241aa81d808bf0cf058,raw,Robinia pseudoacacia,Plant heigh,29749,2,5209,13,2074,0,review_submission_csv:306,domain_outlier;taxon_outlier;source_review,pending_submitted_note,pending_submitted_note,FALSE,approve_none_insufficient_evidence
75c442dd4c7ac449be551260b2bc645bc765c4cbfec42802318809e88928f11d,raw,Rosa rugosa,Plant heigh,27,1,27,24,1,0,review_submission_csv:575,domain_outlier;taxon_outlier;source_review,pending_submitted_note,pending_submitted_note,FALSE,approve_none_insufficient_evidence
34e51ca623a1ec7e6cf511db78ff78047994362611054c792bd9636a56e37da4,raw,Rosa woodsii,Plant heigh,20,1,2,3,3,0,review_submission_csv:858,domain_outlier;taxon_outlier;source_review,pending_submitted_note,pending_submitted_note,FALSE,approve_none_insufficient_evidence
d29a0490a8773a09f33f5c65c15cc175a4739316cd2518bc3cab3cb7c087cdb3,raw,Rubia peregrina,Plant heigh,16,1,5,1,4,0,review_submission_csv:831,domain_outlier;taxon_outlier;source_review,pending_submitted_note,agent_unparsed_exclusion_instruction,FALSE,approve_none_insufficient_evidence
7783490a9c6114f18277d0fb9f299d2593e9928fc290b900cce1eea573d24375,raw,Rubus allegheniensis,Plant heigh,31,1,3,2,3,0,review_submission_csv:876,domain_outlier;taxon_outlier;source_review,pending_submitted_note,pending_submitted_note,FALSE,approve_none_insufficient_evidence
54a1a4d8116b6527d9bb1face279b4481b29b799a023f097af9f36caf7f18c9e,raw,Rubus cuneifolius,Plant heigh,24,1,4,14,4,0,review_submission_csv:140,domain_outlier;taxon_outlier;source_review,pending_submitted_note,pending_submitted_note,FALSE,approve_none_insufficient_evidence
d51f1fae38169a9f2e82c2bd66af923cfa3509c8695ac0d28130dd10ba2a496f,raw,Rubus flagellaris,Plant heigh,39,1,3,0,3,0,review_submission_csv:425,taxon_outlier;source_review,pending_submitted_note,pending_submitted_note,FALSE,approve_none_insufficient_evidence
3296e779962093c72e02da11c2d16e2a126a12325ff73ffca8e85d8357abcdf6,raw,Rubus occidentalis,Plant heigh,15,1,2,11,3,0,review_submission_csv:131,domain_outlier;taxon_outlier;source_review,pending_submitted_note,pending_submitted_note,FALSE,approve_none_insufficient_evidence
c565cc12eaf69c84d6b55463f8b324dde83580147d2c54ce8f49bf0052abc24f,raw,Rubus sp,Plant heigh,31,1,9,5,5,0,review_submission_csv:128,domain_outlier;taxon_outlier;source_review,pending_submitted_note,pending_submitted_note,FALSE,approve_none_insufficient_evidence
1fe77e64e8d49a2a5c5e143854dfe31d1fd45930ebcfcc6780f5aa6633fba86b,raw,Rubus ulmifolius,Plant heigh,61,1,7,1,5,0,review_submission_csv:874,domain_outlier;taxon_outlier;source_review,pending_submitted_note,pending_submitted_note,FALSE,approve_none_insufficient_evidence
4f451bdcf9f60035e62db8ab2928f91f77ad57cdd56e6e397bab7c6de126f6b7,raw,Rudbeckia hirta,Plant heigh,24,2,3,0,5,0,review_submission_csv:314,taxon_outlier;source_review,agent_recovered_rule,,FALSE,approve_none_insufficient_evidence
705ce94fd5766ccc187a3ca5d817634a9d057427d92b7dbb777780d60fd458f7,raw,Rudbeckia triloba,Plant heigh,10,1,1,10,4,0,review_submission_csv:23,domain_outlier;taxon_outlier;source_review,pending_submitted_note,pending_submitted_note,FALSE,approve_none_insufficient_evidence
84675d8d697c3d91ede565f2351188299e8775864ebc03bbb5f38db24459f3a4,raw,Rumex acetosa,Plant heigh,242,1,60,108,7,0,review_submission_csv:710,domain_outlier;taxon_outlier;source_review,pending_submitted_note,pending_submitted_note,FALSE,approve_none_insufficient_evidence
92ca87075b4c1566e3e67317f1d3cb93e38a1c40d660abbedb1b53399696dc7f,raw,Ruscus aculeatus,Plant heigh,31,1,1,0,4,0,review_submission_csv:202,taxon_outlier;source_review,pending_submitted_note,agent_unparsed_exclusion_instruction,FALSE,approve_none_insufficient_evidence
e5ea34336a46a7ec589b40c350d4708e0497fee0f5920ba25acc735427346c3f,raw,Sagina saginoides,Plant heigh,10,1,1,0,2,0,review_submission_csv:174,taxon_outlier;source_review,pending_submitted_note,pending_submitted_note,FALSE,approve_none_insufficient_evidence
84dfc44ab62b916572a8c7cd49503224c27afb546dc884231904852d238ab7aa,raw,Salix alba,Plant heigh,75,2,30,3,3,0,review_submission_csv:692,domain_outlier;taxon_outlier;source_review,agent_recovered_rule,,FALSE,approve_none_insufficient_evidence
cbe7552c2a572c77d6463f19d0180e62602bdc9f8eedd9e08f0c88c8f2fe793e,raw,Salix breviserrata,Plant heigh,26,1,2,0,1,0,review_submission_csv:796,taxon_outlier;source_review,pending_submitted_note,pending_submitted_note,FALSE,approve_none_insufficient_evidence
0f55ba8198790221941453a1e5323e5f1dd7260dc4a83cc775cadb9e89c88838,raw,Salix hastata,Plant heigh,12,1,3,11,1,0,review_submission_csv:653,domain_outlier;taxon_outlier;source_review,pending_isolated_source_pattern,pending_isolated_source_pattern,FALSE,approve_none_insufficient_evidence
fe1a343fff85e20f1362eda218f836b985c99f1bc076bfa92410ba2c526d26b7,raw,Salix herbacea,Plant heigh,317,1,33,0,15,0,review_submission_csv:432,taxon_outlier;source_review,agent_recovered_rule,,FALSE,approve_none_insufficient_evidence
ab58a89a6a9f57f41fa5c9f30434086bd2f26f712d8cecb0743809313618fdf9,raw,Salix lanata,Plant heigh,103,1,9,1,1,0,review_submission_csv:568,domain_outlier;taxon_outlier;source_review,agent_recovered_rule,,FALSE,approve_none_insufficient_evidence
0201d8578dc1d4368f556b21d08f56b0c83c65de979319383d94f291202b819f,raw,Salix purpurea,Plant heigh,29,1,5,26,3,0,review_submission_csv:273,domain_outlier;taxon_outlier;source_review,pending_submitted_note,pending_submitted_note,FALSE,approve_none_insufficient_evidence
ec0281c2219254935627f7bfd0aa65b468b8c4e244ddb8729d9971ed8374189d,raw,Salix repens,Plant heigh,16,1,12,5,1,0,review_submission_csv:690,domain_outlier;taxon_outlier;source_review,pending_isolated_source_pattern,propose_scale_validated_threshold,TRUE,pending_objective_scale_evidence
db4174697d0088a012af4a0bd041459dc42a0ad8464283a3d7ee436b39c43edd,raw,Salix reticulata,Plant heigh,250,1,9,0,72,0,review_submission_csv:1,taxon_outlier;source_review,agent_recovered_rule,,FALSE,approve_none_insufficient_evidence
ff3b3af83659793d48f74b7cb0ad86dc484243bc2ca08778ad7410b8f8a08b94,raw,Salix retusa,Plant heigh,61,1,5,0,4,0,review_submission_csv:433,taxon_outlier;source_review,pending_submitted_note,pending_submitted_note,FALSE,approve_none_insufficient_evidence
1a2efd454512dd67bac484b60ccab7ac26591e09b7224499a6abcee502fd5e8f,raw,Salix serpyllifolia,Plant heigh,19,1,1,0,1,0,review_submission_csv:716,taxon_outlier;source_review,pending_submitted_note,pending_submitted_note,FALSE,approve_none_insufficient_evidence
555adc363079529a5aee351b477f0efb7ea7b156a152156c66107e0b3988b2ff,raw,Salix sp,Plant heigh,128,1,10,57,9,0,review_submission_csv:872,domain_outlier;taxon_outlier;source_review,pending_submitted_note,pending_submitted_note,FALSE,approve_none_insufficient_evidence
e04ff80fc2fe9f107dc2db3c7ea4cab02f99eea4de66df2c128d123606fb4e65,raw,Salvia officinalis,Plant heigh,14,1,5,0,5,0,review_submission_csv:20,taxon_outlier;source_review,pending_submitted_note,pending_submitted_note,FALSE,approve_none_insufficient_evidence
d68901db9315e1a1289b89fea13177a26e9d6aa2d801edd1f71fc9ba0e2f2c6d,raw,Salvia rosmarinus,Plant heigh,163,1,25,96,5,0,review_submission_csv:718,domain_outlier;taxon_outlier;source_review,pending_submitted_note,pending_submitted_note,FALSE,approve_none_insufficient_evidence
87f2c6ff68006698137c344d79442f5de70262df1932ec28502d6b8c8e8c75a0,raw,Sambucus nigra,Plant heigh,18,2,11,1,1,0,review_submission_csv:706,domain_outlier;taxon_outlier;source_review,agent_recovered_rule,,FALSE,approve_none_insufficient_evidence
8e76cd5191cf35c8460668a8423be8052e6d0669d5d4af31fad8084fc8780680,raw,Sambucus racemosa,Plant heigh,16,1,12,13,6,0,review_submission_csv:828,domain_outlier;taxon_outlier;source_review,pending_isolated_source_pattern,pending_isolated_source_pattern,FALSE,approve_none_insufficient_evidence
c194a5e7004baf6d32112a8ea0b2aed8187ed1986d6b8303456816e8bd76ef6d,raw,Sanguisorba minor,Plant heigh,291,1,14,0,13,0,review_submission_csv:457,taxon_outlier;source_review,pending_submitted_note,pending_submitted_note,FALSE,approve_none_insufficient_evidence
36d3b5de9273b40ed7e07ee087bbab6ef03b40569eebd34506d9263088a79f19,raw,Sanicula europaea,Plant heigh,123,1,13,0,3,0,review_submission_csv:583,taxon_outlier;source_review,agent_recovered_rule,,FALSE,approve_none_insufficient_evidence
a6a6634d306379a86ce074de055e5341b35ade2802adee544834666a0ecacf7e,raw,Saponaria ocymoides,Plant heigh,27,1,3,0,2,0,review_submission_csv:482,taxon_outlier;source_review,pending_submitted_note,pending_submitted_note,FALSE,approve_none_insufficient_evidence
80088501f9d84a730931e7aacd505d268ed3743b0dd2b2b00dc8e82d791c3a4a,raw,Sassafras albidum,Plant heigh,29861,1,7374,0,552,0,review_submission_csv:673,taxon_outlier;source_review,agent_recovered_rule,,FALSE,approve_none_insufficient_evidence
333fc58c4e34f1ae9d916bfe301b945761375fc809bf65527741d339762e6b2f,raw,Satureja montana,Plant heigh,28,1,4,0,1,0,review_submission_csv:579,taxon_outlier;source_review,pending_submitted_note,pending_submitted_note,FALSE,approve_none_insufficient_evidence
0f8aa88bd24c68738fb436748b5fd3a547dc4d329dbb4668729dd5afda767e98,raw,Saussurea alpina,Plant heigh,28,1,4,0,1,0,review_submission_csv:580,taxon_outlier;source_review,agent_recovered_rule,,FALSE,approve_none_insufficient_evidence
c979eb2fff1950c2e75fe0216826c2a9f08414e41b3d266a360595674e81e28b,raw,Saxifraga androsacea,Plant heigh,25,1,1,0,1,0,review_submission_csv:774,taxon_outlier;source_review,pending_submitted_note,pending_submitted_note,FALSE,approve_none_insufficient_evidence
908f05ef3f93e1e335b25d4562165a5332f3b238b92cf7071031d7875d6c1811,raw,Saxifraga bryoides,Plant heigh,11,1,2,0,2,0,review_submission_csv:864,taxon_outlier;source_review,agent_recovered_rule,,FALSE,approve_none_insufficient_evidence
51872178849a7c6db886358178431f5f13c8e018cea40eec34a0b1ddbd510071,raw,Saxifraga cuneifolia subsp. Robusta,Plant heigh,0,0,0,0,0,0,review_submission_csv:41,source_review,pending_submitted_note,propose_none_no_current_records,FALSE,approve_none_insufficient_evidence
4b20ff688d4e00f87d9a679ff172895da232f73a7dadc9a2921e42fa6318e8d1,raw,Saxifraga oppositifolia,Plant heigh,12,1,3,0,2,0,review_submission_csv:222,taxon_outlier;source_review,pending_recovered_proposal,agent_unmatched_recovered_rule,FALSE,approve_none_insufficient_evidence
fed6e0a3a86c5f54da7b87d65f794d7b8ed8a2ad0278029160fb4332d6833e42,raw,Saxifraga rotundifolia,Plant heigh,142,1,14,0,28,0,review_submission_csv:518,taxon_outlier;source_review,pending_submitted_note,pending_submitted_note,FALSE,approve_none_insufficient_evidence
af134d1f66fb3003f6964f2302377f11bed0053abea28013b60d28ac4cf855b6,raw,Scabiosa columbaria,Plant heigh,180,1,7,1,7,0,review_submission_csv:664,domain_outlier;taxon_outlier;source_review,pending_submitted_note,pending_submitted_note,FALSE,approve_none_insufficient_evidence
460e4a8a1d1b4613294407cd2bd29fe2517425d282afbc398b43e66900a41d84,raw,Scirpus atrovirens,Plant heigh,12,1,2,11,1,0,review_submission_csv:654,domain_outlier;taxon_outlier;source_review,agent_repeated_source_pattern,,TRUE,pending_objective_scale_evidence
b7bf7d11668c3e9b87b041c6e415c3bbefb5602919e5d461269c041bffc15dd3,raw,Scirpus sylvaticus,Plant heigh,10,1,3,0,1,0,review_submission_csv:509,taxon_outlier;source_review,pending_submitted_note,pending_submitted_note,FALSE,approve_none_insufficient_evidence
43a2f8e84cb3f1541119305b015be10d4edbfd9fce51fa9530cf526febe2597c,raw,Scorzoneroides autumnalis,Plant heigh,85,1,6,0,3,0,review_submission_csv:717,taxon_outlier;source_review,pending_submitted_note,pending_submitted_note,FALSE,approve_none_insufficient_evidence
c07126135bab55b70b29a10ca70f78c5c2318a27cf09d178c94cfae772a62e5a,raw,Scorzoneroides helvetica,Plant heigh,72,1,13,0,2,0,review_submission_csv:581,taxon_outlier;source_review,pending_isolated_source_pattern,agent_strong_isolated_source_pattern,TRUE,pending_objective_scale_evidence
e348f36bafd0d1580776c2bad8b4df7fa9d5efe2f3d23c65950c898d03b4070d,raw,Securigera varia,Plant heigh,41,1,5,18,3,0,review_submission_csv:431,domain_outlier;taxon_outlier;source_review,pending_submitted_note,pending_submitted_note,FALSE,approve_none_insufficient_evidence
b01bb238393ea71239751bc7e76a40b41b0e33c3639f4933be0d3b183132b218,raw,Sedum alpestre,Plant heigh,11,1,2,0,1,0,review_submission_csv:630,taxon_outlier;source_review,agent_recovered_rule,,FALSE,approve_none_insufficient_evidence
6c5d6c21f7d0a221f73fac779fd1728cf6207cd6e474ad2bd36cc1598db31087,raw,Sedum atratum,Plant heigh,26,1,2,0,8,0,review_submission_csv:16,taxon_outlier;source_review,pending_submitted_note,pending_submitted_note,FALSE,approve_none_insufficient_evidence
66acdca82f315e234c984efd8df24e58969ce42d3f1887740a9a57f537d87cba,raw,Sedum candollei,Plant heigh,41,1,2,0,1,0,review_submission_csv:540,taxon_outlier;source_review,pending_submitted_note,pending_submitted_note,FALSE,approve_none_insufficient_evidence
5c6febf4e0ccc8069b309b00b122a243bec4a23056171d6c6be967a93af4c5ce,raw,Sedum dasyphyllum,Plant heigh,27,1,3,0,4,0,review_submission_csv:158,taxon_outlier;source_review,pending_submitted_note,pending_submitted_note,FALSE,approve_none_insufficient_evidence
d28ca4a568e68387d4f7b43610d013e0b38c9789855314f83a44769e17ad2ff7,raw,Sedum lanceolatum,Plant heigh,10,1,3,0,2,0,review_submission_csv:175,taxon_outlier;source_review,agent_recovered_rule,,FALSE,approve_none_insufficient_evidence
f678129feb5b9a557b1d706809bd4c5713f23a9b5c14ef05aea248e4af816270,raw,Selaginella selaginoides,Plant heigh,17,1,6,0,2,0,review_submission_csv:282,taxon_outlier;source_review,agent_recovered_rule,,FALSE,approve_none_insufficient_evidence
a5afc218427db4abdce11fab939a7c40ecf0c7d1e44b3a5a97f1fa86b3f31585,raw,Sempervivum montanum subsp. burnatii,Plant heigh,25,1,1,0,1,0,review_submission_csv:775,taxon_outlier;source_review,pending_submitted_note,pending_submitted_note,FALSE,approve_none_insufficient_evidence
2cd8c31347359aaa6ae84b260c31b697f654e525bef0574f7a37196a9f6f8f84,raw,Senecio actinella,Plant heigh,20,1,1,0,2,0,review_submission_csv:400,taxon_outlier;source_review,pending_submitted_note,pending_submitted_note,FALSE,approve_none_insufficient_evidence
dcb2d1e793cb863d5426d2e87d79e3a4f96dc9348f4776cdeb4862e92b45e0b6,raw,Senecio amplectens,Plant heigh,25,1,1,0,5,0,review_submission_csv:83,taxon_outlier;source_review,pending_submitted_note,pending_submitted_note,FALSE,approve_none_insufficient_evidence
c87ecc502f5954405b4b48428e8cf3e6ff0facadd1c3cd2d313b7d657822dbbd,raw,Senecio crassulus,Plant heigh,45,1,2,0,15,0,review_submission_csv:6,taxon_outlier;source_review,pending_submitted_note,pending_submitted_note,FALSE,approve_none_insufficient_evidence
db80045c57105170d8903d3a4dca2049fc89b362b553e35beb8a13e7302a4504,raw,Senecio squalidus,Plant heigh,26,1,2,0,1,0,review_submission_csv:797,taxon_outlier;source_review,pending_submitted_note,pending_submitted_note,FALSE,approve_none_insufficient_evidence
4c85322f34513b23997ad30a224f07e0d8cf45450396dd869ac02c7d95878993,raw,Sesleria nitida,Plant heigh,143,1,10,0,3,0,review_submission_csv:595,taxon_outlier;source_review,agent_recovered_rule,,FALSE,approve_none_insufficient_evidence
8b26af3ecb634ca3748d1c3b09295a812a9f148896fa42ef373aacfbb26c300e,raw,Setaria helvola,Plant heigh,10,1,2,10,2,0,review_submission_csv:176,domain_outlier;taxon_outlier;source_review,pending_submitted_note,pending_submitted_note,FALSE,approve_none_insufficient_evidence
40f2032ac20cf43e31a629e962dc653ef7f2cda47f033babbab79a473339864a,raw,Sibbaldia procumbens,Plant heigh,115,1,14,0,22,0,review_submission_csv:523,taxon_outlier;source_review,pending_submitted_note,propose_scale_validated_threshold,TRUE,pending_objective_scale_evidence
35769f663c6368211dd28f1ffa4cb5d113ff40a0346a193693da0e8d29a9a2ba,raw,Sideritis osteoxylla,Plant heigh,15,1,1,1,3,0,review_submission_csv:132,domain_outlier;taxon_outlier;source_review,pending_submitted_note,pending_submitted_note,FALSE,approve_none_insufficient_evidence
8cd0b68380662ef97462ccb4f004828e75192cd9c5bbca557d38f550d5e809d8,raw,Silene acaulis,Plant heigh,252,1,4,0,20,0,review_submission_csv:865,taxon_outlier;source_review,pending_submitted_note,pending_submitted_note,FALSE,approve_none_insufficient_evidence
c1df45451a936a835eb2b025a65ce7ebe345a503cac4bbea2d984d86b5c78050,raw,Silene acaulis subsp. acaulis,Plant heigh,25,1,1,0,3,0,review_submission_csv:239,taxon_outlier;source_review,pending_submitted_note,pending_submitted_note,FALSE,approve_none_insufficient_evidence
0ab2936f0300109df0e72003f91dea0e8c10958db594ae68571814a19d309a77,raw,Silene colorata,Plant heigh,70,1,3,0,2,0,review_submission_csv:577,taxon_outlier;source_review,agent_recovered_rule,,FALSE,approve_none_insufficient_evidence
f89be3168ac163101e20bba8c2c5778cb9c52473775c4fa9f3d6583eb8aaed1d,raw,Silene dioica,Plant heigh,20,1,4,1,2,0,review_submission_csv:401,domain_outlier;taxon_outlier;source_review,agent_recovered_rule,,FALSE,approve_none_insufficient_evidence
eb137b247d0eae36a227721d24efe5df27280e09be50b14e018a990c35ef4611,raw,Silene gallica,Plant heigh,266,2,7,53,12,0,review_submission_csv:467,domain_outlier;taxon_outlier;source_review,pending_submitted_note,pending_submitted_note,FALSE,approve_none_insufficient_evidence
7fc4646a07d897aece675949bec955384dd7c6760b6a600e5e909a156b639d51,raw,Silene italica,Plant heigh,27,1,3,0,2,0,review_submission_csv:483,taxon_outlier;source_review,pending_submitted_note,pending_submitted_note,FALSE,approve_none_insufficient_evidence
9755de82acee183938422075db83b9394663945af210414a77acae478f2d722c,raw,Silene stellata,Plant heigh,20,1,1,16,2,0,review_submission_csv:402,domain_outlier;taxon_outlier;source_review,pending_submitted_note,pending_submitted_note,FALSE,approve_none_insufficient_evidence
19822cc9985593bea186e57b1de193e80fa599282d6064bd2ed7d75f6ebc0c0b,raw,Silene vulgaris,Plant heigh,17,2,4,0,4,0,review_submission_csv:312,taxon_outlier;source_review,agent_recovered_rule,,FALSE,approve_none_insufficient_evidence
e7504afcbeb51dc1624c3674e4857da27a9e98b081afe1f7beb3fba34a9c8328,raw,Sisymbrium austriacum,Plant heigh,26,1,2,0,1,0,review_submission_csv:798,taxon_outlier;source_review,pending_submitted_note,pending_submitted_note,FALSE,approve_none_insufficient_evidence
a783cb885b016e4f2ec059b9edd094bfc6048995b18cf13d38ac03f885737959,raw,Sisymbrium officinale,Plant heigh,10,2,2,0,1,0,review_submission_csv:510,taxon_outlier;source_review,agent_recovered_rule,,FALSE,approve_none_insufficient_evidence
110b77f2e3235e81fc956b936a1a6995156d6956cc14512655229b48976c0964,raw,Sixalix atropurpurea,Plant heigh,42,1,4,1,2,0,review_submission_csv:684,domain_outlier;taxon_outlier;source_review,agent_recovered_rule,,FALSE,approve_none_insufficient_evidence
5e908e63a6c67fe5cd8b45e8078b8777550ab9c97a10fc5b833e50a4317d0550,raw,Smilax aspera,Plant heigh,13,1,2,0,3,0,review_submission_csv:101,taxon_outlier;source_review,agent_recovered_rule,,FALSE,approve_none_insufficient_evidence
1dd132036ae2dbac92508c511fd442be504be89c6f9176b67bd240667dea29ce,raw,Soldanella pusilla,Plant heigh,11,1,2,0,3,0,review_submission_csv:78,taxon_outlier;source_review,agent_recovered_rule,,FALSE,approve_none_insufficient_evidence
b6921684628f13e60debd1eaa425df2703c43d87733fa0f923d20cccdaf83b00,raw,Solidago canadensis,Plant heigh,753,2,16,580,135,0,review_submission_csv:290,domain_outlier;taxon_outlier;source_review,pending_submitted_note,pending_submitted_note,FALSE,approve_none_insufficient_evidence
3a756ee64b5afefa1de6a96fbb0b67c1a3570e3725fcf90ac301e0625d968ac1,raw,Solidago gigantea,Plant heigh,58,1,12,38,2,0,review_submission_csv:754,domain_outlier;taxon_outlier;source_review,pending_isolated_source_pattern,pending_isolated_source_pattern,FALSE,approve_none_insufficient_evidence
272a12247ebcfd25d7921d776f32fa089d79d7f3140e599a5ae7741b95a11674,raw,Solidago juncea,Plant heigh,51,1,9,49,4,0,review_submission_csv:387,domain_outlier;taxon_outlier;source_review,pending_isolated_source_pattern,pending_isolated_source_pattern,FALSE,approve_none_insufficient_evidence
48e85087be0b228ae5967832f9716c8be7fc920df2fc48fa689b110b7a93eefa,raw,Solidago rugosa,Plant heigh,352,1,37,319,8,0,review_submission_csv:759,domain_outlier;taxon_outlier;source_review,pending_submitted_note,pending_submitted_note,FALSE,approve_none_insufficient_evidence
f0040d316901da3d96c350c33c778c7dcfdab5817ca5587e32dae447d0a113db,raw,Solidago spathulata,Plant heigh,22,1,3,0,2,0,review_submission_csv:423,taxon_outlier;source_review,agent_recovered_rule,,FALSE,approve_none_insufficient_evidence
b8f26788ba847c9cd01b7c9b536977dbe564934f7966d7cbe612aa09de5d15a0,raw,Solidago velutina,Plant heigh,20,1,2,1,1,0,review_submission_csv:732,domain_outlier;taxon_outlier;source_review,pending_submitted_note,pending_submitted_note,FALSE,approve_none_insufficient_evidence
334ba18408c5c0a6875a1eb4ffda21dbf212fdbb59e99dd18b264cb3b5c68f2a,raw,Solidago virgaurea,Plant heigh,237,1,29,0,29,0,review_submission_csv:836,taxon_outlier;source_review,pending_submitted_note,pending_submitted_note,FALSE,approve_none_insufficient_evidence
3a3d03ce11e3ccdba11ea9d7b59ac637889c9ae94f87d37affaf106949950c55,raw,Sorbus aucuparia,Plant heigh,24,2,12,7,4,0,review_submission_csv:879,domain_outlier;taxon_outlier;source_review,pending_submitted_note,propose_scale_validated_threshold,TRUE,pending_objective_scale_evidence
bcb3112393cbc2096697247d752a31f53c811b9679f1d53060a0de4679084205,raw,Sorbus torminalis,Plant heigh,37,1,5,4,5,0,review_submission_csv:848,domain_outlier;taxon_outlier;source_review,pending_submitted_note,pending_submitted_note,FALSE,approve_none_insufficient_evidence
2d9b86d0de9abf32f20413c30abe3d5e6e7830055633b699353877104696a773,raw,Sorghastrum nutans,Plant heigh,119,1,56,93,8,0,review_submission_csv:375,domain_outlier;taxon_outlier;source_review,pending_submitted_note,pending_submitted_note,FALSE,approve_none_insufficient_evidence
c5a49ef59cf14fcff29a81e44f3f96d184f4550fdbdb802dd51a25b7b8c7522f,raw,Sorghum halepense,Plant heigh,10,1,2,10,2,0,review_submission_csv:177,domain_outlier;taxon_outlier;source_review,pending_submitted_note,pending_submitted_note,FALSE,approve_none_insufficient_evidence
d5a74a397a8bff3a3bb6498a83d91447ce78218901134a7946da1be94b886e1e,raw,Spartina alterniflora,Plant heigh,644,1,1,0,25,0,review_submission_csv:468,taxon_outlier;source_review,pending_submitted_note,agent_unparsed_exclusion_instruction,FALSE,approve_none_insufficient_evidence
368c5e8852302a7d21d6c52a6b53dc2ec00f7464c522d7aeb8c5aecc3ec8f0f7,raw,Spartina pectinata,Plant heigh,18,1,2,18,1,0,review_submission_csv:707,domain_outlier;taxon_outlier;source_review,pending_submitted_note,pending_submitted_note,FALSE,approve_none_insufficient_evidence
a9d6cb6b2bffe24bbadafe8fa1ffc473612884e890abbab4022268c81be67a0c,raw,Spergularia purpurea,Plant heigh,11,2,2,0,1,0,review_submission_csv:631,taxon_outlier;source_review,agent_recovered_rule,,FALSE,approve_none_insufficient_evidence
8f6092e7e420531d099ca757736060d33ceb4516e824dc8676b0b682b2a717ad,raw,Spiraea alba,Plant heigh,14,1,1,12,2,0,review_submission_csv:244,domain_outlier;taxon_outlier;source_review,pending_submitted_note,pending_submitted_note,FALSE,approve_none_insufficient_evidence
efb23b9510d9fb668f0690e171ee7db9cf6ca043cae6e813f41c8a05dc4d6da7,raw,Sporobolus heterolepis,Plant heigh,86,1,53,68,11,0,review_submission_csv:124,domain_outlier;taxon_outlier;source_review,pending_isolated_source_pattern,agent_strong_isolated_source_pattern,TRUE,pending_objective_scale_evidence
d14aee7c6894472a7263f21c0fc550154e8d8b5233c5126f9a2ac5737a959cdd,raw,Sporobolus virginicus,Plant heigh,96,1,2,1,9,0,review_submission_csv:212,domain_outlier;taxon_outlier;source_review,pending_recovered_proposal,agent_unmatched_recovered_rule,FALSE,approve_none_insufficient_evidence
f38f88e27caf154efcf1f373ced590759a01776f3df373066614e195640da81f,raw,Stachys cretica,Plant heigh,21,1,3,0,7,0,review_submission_csv:13,taxon_outlier;source_review,agent_recovered_rule,,FALSE,approve_none_insufficient_evidence
f7022253262dcc683d7a3b55064958aad2d9716c6d4e4e8739a9384953080a48,raw,Stachys officinalis,Plant heigh,21,1,5,0,5,0,review_submission_csv:878,taxon_outlier;source_review,pending_submitted_note,agent_threshold_rule_not_corroborated,FALSE,approve_none_insufficient_evidence
c68c049abb78095ffc0382f4eaa926a4eca7eedeef91d60d5d6033818105257b,raw,Stellaria media,Plant heigh,153,2,6,52,11,0,review_submission_csv:343,domain_outlier;taxon_outlier;source_review,pending_submitted_note,pending_submitted_note,FALSE,approve_none_insufficient_evidence
acb94c5b33ed3e7fe78df37b499cddde4a1e154bab00f0fe68022bb0a969a797,raw,Stemmacantha lamarckii,Plant heigh,25,1,1,24,2,0,review_submission_csv:454,domain_outlier;taxon_outlier;source_review,pending_submitted_note,pending_submitted_note,FALSE,approve_none_insufficient_evidence
dc21bfc1e56b4f1a363b4b2ef68f02d568b766269cf4612bb745527147854880,raw,Stipa comata,Plant heigh,10,1,1,0,3,0,review_submission_csv:830,taxon_outlier;source_review,pending_submitted_note,pending_submitted_note,FALSE,approve_none_insufficient_evidence
6ff94d91204b9a94b5de6915e226f8ebb9c1234e67a172a92186e0828387b920,raw,Stipa offneri,Plant heigh,51,1,8,5,3,0,review_submission_csv:604,domain_outlier;taxon_outlier;source_review,pending_submitted_note,pending_submitted_note,FALSE,approve_none_insufficient_evidence
bfe2d237a781d13d017295d9e0b02f09a7fef0c3e23f8a8d88d0f529f4909d2a,raw,Stipa tenacissima,Plant heigh,94,1,13,87,5,0,review_submission_csv:486,domain_outlier;taxon_outlier;source_review,pending_submitted_note,pending_submitted_note,FALSE,approve_none_insufficient_evidence
369a1caccac975265ae3debf4812f15073586c8c75b28b694b75b577784be08c,raw,Streptopus amplexifolius,Plant heigh,10,1,4,1,2,0,review_submission_csv:178,domain_outlier;taxon_outlier;source_review,pending_submitted_note,pending_submitted_note,FALSE,approve_none_insufficient_evidence
b5e166141e20137dd1272c7a3c5c36e33ff372e8c58a572408f368bf7280ade7,raw,Streptopus lanceolatus,Plant heigh,47,1,9,2,2,0,review_submission_csv:702,domain_outlier;taxon_outlier;source_review,pending_submitted_note,pending_submitted_note,FALSE,approve_none_insufficient_evidence
152e8cbef218259deda4ecd3b4cb7dd02534e6209c2e644812211e8db1409bad,raw,Succisa pratensis,Plant heigh,40,1,7,0,9,0,review_submission_csv:527,taxon_outlier;source_review,pending_submitted_note,pending_submitted_note,FALSE,approve_none_insufficient_evidence
f0751e63ed48c83447f40d925154db2017d50db6ac6ae9874bacb0978adbc9c1,raw,Symphyotrichum ericoides,Plant heigh,28,1,3,6,5,0,review_submission_csv:109,domain_outlier;taxon_outlier;source_review,pending_submitted_note,pending_submitted_note,FALSE,approve_none_insufficient_evidence
96708f73ce1d0f9462214d8f01ad2a4f466871a0df07baad60e46cd56786e18a,raw,Tanacetum parthenium,Plant heigh,21,1,3,1,5,0,review_submission_csv:55,domain_outlier;taxon_outlier;source_review,agent_recovered_rule,,FALSE,approve_none_insufficient_evidence
196f93daafd8f1a415d03afa0db42241a2ef7e02376e09514b98a03dbf4f9d05,raw,Taraxacum alpinum,Plant heigh,21,1,3,0,1,0,review_submission_csv:748,taxon_outlier;source_review,agent_recovered_rule,,FALSE,approve_none_insufficient_evidence
c8ddc8a1b8dc380cc4f48160a7e9c3a99cfcee6b8433e0ecd8f995bf1ec72bbd,raw,Taraxacum campylodes,Plant heigh,454,1,41,13,24,0,review_submission_csv:373,domain_outlier;taxon_outlier;source_review,pending_submitted_note,pending_submitted_note,FALSE,approve_none_insufficient_evidence
ef36b59e56260a755430cbd9287310aca2a0547703e84bd94ca54bc172548462,raw,Taraxacum sp,Plant heigh,41,1,10,0,7,0,review_submission_csv:838,taxon_outlier;source_review,pending_submitted_note,agent_threshold_rule_not_corroborated,FALSE,approve_none_insufficient_evidence
2439cedc6f607e3c799cc5ee908ddb1564f89ad6d066669ad06988aaa682ba13,raw,Taxodium distichum,Plant heigh,22794,2,2220,0,1164,0,review_submission_csv:334,taxon_outlier;source_review,agent_recovered_rule,,FALSE,approve_none_insufficient_evidence
b48788a8d1842d8695fb39089d100fa548c6279e91ac7119a993e3d6a080b142,raw,Taxus brevifolia,Plant heigh,848,2,288,0,38,0,review_submission_csv:403,taxon_outlier;source_review,agent_recovered_rule,,FALSE,approve_none_insufficient_evidence
9771307c8b213c0d88211e8836d1fb08e21f32b5e0916433d1bca006e0d27c46,raw,Tetraneuris acaulis,Plant heigh,11,1,2,0,1,0,review_submission_csv:632,taxon_outlier;source_review,agent_recovered_rule,,FALSE,approve_none_insufficient_evidence
e609447f774a4d7b766422189efddb99ac61485acb4423c82f3653f751130f26,raw,Teucrium canadense,Plant heigh,16,1,3,11,3,0,review_submission_csv:143,domain_outlier;taxon_outlier;source_review,pending_isolated_source_pattern,pending_isolated_source_pattern,FALSE,approve_none_insufficient_evidence
7cedacd704c987b87eec0ed8b7422737273815b1b7382277b305bb066fe30e0f,raw,Teucrium capitatum,Plant heigh,38,1,6,0,1,0,review_submission_csv:537,taxon_outlier;source_review,pending_isolated_source_pattern,pending_isolated_source_pattern,FALSE,approve_none_insufficient_evidence
b5bf5e62557c060dd1f6f4f9c86cad50e99ca1719c177a2240a6b2b51f3dc2cd,raw,Teucrium chamaedrys,Plant heigh,17,1,5,0,3,0,review_submission_csv:152,taxon_outlier;source_review,pending_submitted_note,pending_submitted_note,FALSE,approve_none_insufficient_evidence
6c5c48ed5748211f4bfbde207a2a666b47ddcc7a34ae1605245a4561ccf27cbd,raw,Teucrium charidemi,Plant heigh,20,1,1,0,4,0,review_submission_csv:104,taxon_outlier;source_review,pending_submitted_note,pending_submitted_note,FALSE,approve_none_insufficient_evidence
fb35d9e2565b1c4e74b6cae1615e1b92f3c8987a3c41c6c0e13b15339e1ea11c,raw,Teucrium eriocephalum subsp. eriocephalum,Plant heigh,20,1,1,0,1,0,review_submission_csv:733,taxon_outlier;source_review,pending_submitted_note,pending_submitted_note,FALSE,approve_none_insufficient_evidence
e2def81375adc88bc0941f58dacbf3842129ed9e825c5af659a7bc991eda27f4,raw,Teucrium polium,Plant heigh,14,1,5,1,1,0,review_submission_csv:671,domain_outlier;taxon_outlier;source_review,pending_submitted_note,pending_submitted_note,FALSE,approve_none_insufficient_evidence
1be93111ea3666ddfaf80a2c012e48188ef94830484491681dda331e456372be,raw,Thalictrum alpinum,Plant heigh,41,1,7,0,6,0,review_submission_csv:827,taxon_outlier;source_review,pending_submitted_note,propose_scale_validated_threshold,TRUE,pending_objective_scale_evidence
d42cfc5c57e9b0782b10efee68b4bcd4a52562b68ebe4a775194d21b1c56643d,raw,Thinopyrum junceum,Plant heigh,296,1,35,32,36,0,review_submission_csv:833,domain_outlier;taxon_outlier;source_review,pending_submitted_note,pending_submitted_note,FALSE,approve_none_insufficient_evidence
b819cc82e974158b269a6b0a52ab730263fd7173ab5544e775b1b9a18649ff50,raw,Thymus hyemalis,Plant heigh,27,1,3,4,1,0,review_submission_csv:576,domain_outlier;taxon_outlier;source_review,pending_submitted_note,pending_submitted_note,FALSE,approve_none_insufficient_evidence
2f781632559edc75acc414a2cc02600e9b531d09eb96cc1474057256e6fb1b6a,raw,Thymus longiflorus,Plant heigh,11,1,2,0,1,0,review_submission_csv:633,taxon_outlier;source_review,pending_submitted_note,pending_submitted_note,FALSE,approve_none_insufficient_evidence
29c7b96eb7b5fb067b115f649f480bd52445604ff9b8061b5e301d59f802c3be,raw,Thymus mastichina,Plant heigh,74,1,5,1,12,0,review_submission_csv:832,domain_outlier;taxon_outlier;source_review,pending_submitted_note,pending_submitted_note,FALSE,approve_none_insufficient_evidence
1dea9a82756716cd6cfd248eeb287f5491b75f1a8af0b578eabc22d41f96abf3,raw,Thymus praecox,Plant heigh,130,1,8,0,14,0,review_submission_csv:145,taxon_outlier;source_review,pending_submitted_note,pending_submitted_note,FALSE,approve_none_insufficient_evidence
a02d0d3b67c89602a4822c44347ff0cf7171cbf31e29616c8613df134d201480,raw,Thymus serpyllum,Plant heigh,22,1,19,0,4,0,review_submission_csv:126,taxon_outlier;source_review,pending_isolated_source_pattern,pending_isolated_source_pattern,FALSE,approve_none_insufficient_evidence
27e9c5ac4b3d0b5f64edbbcab6328c41f4faf5ecd4c4e81def5e368cd63bf212,raw,Thymus vulgaris,Plant heigh,86,1,14,2,2,0,review_submission_csv:596,domain_outlier;taxon_outlier;source_review,pending_submitted_note,pending_submitted_note,FALSE,approve_none_insufficient_evidence
0ada475130cc9d1bc3508042fd71135ebdf83c6c2f9081320b57b910b66061fd,raw,Thymus zygis,Plant heigh,33,1,2,0,3,0,review_submission_csv:377,taxon_outlier;source_review,agent_recovered_rule,,FALSE,approve_none_insufficient_evidence
167123a7225e12a0ea4d4dee62ff483583a63ac2c57796b617154e95030c2d6d,raw,Tiarella cordifolia,Plant heigh,10,1,4,0,2,0,review_submission_csv:179,taxon_outlier;source_review,pending_submitted_note,pending_submitted_note,FALSE,approve_none_insufficient_evidence
5d8d8a04a391bfe5d41f316bd6bf8563bc28ea5534522cff316bc6a77dbb37f8,raw,Tilia americana,Plant heigh,34682,2,5418,1,991,0,review_submission_csv:406,domain_outlier;taxon_outlier;source_review,pending_isolated_source_pattern,agent_unparsed_exclusion_instruction,FALSE,approve_none_insufficient_evidence
c184a6de4afc22df3932ac6f84abf0816ae0c10335d98bbc4ced1e8a117a7a92,raw,Tolpis barbata,Plant heigh,64,2,5,0,6,0,review_submission_csv:892,taxon_outlier;source_review,agent_recovered_rule,,FALSE,approve_none_insufficient_evidence
4c27889796b14dd3a72351a1b8dd0a1675c9c9e56fa55e3583b2e0e9df34dc37,raw,Townsendia exscapa,Plant heigh,10,1,2,0,2,0,review_submission_csv:180,taxon_outlier;source_review,pending_submitted_note,pending_submitted_note,FALSE,approve_none_insufficient_evidence
8f2dcbc9d5c76e408eab204da833a11499d81e86db44e9d9a8c8ffb124b2548a,raw,Tragopogon dubius,Plant heigh,23,1,6,4,4,0,review_submission_csv:133,domain_outlier;taxon_outlier;source_review,pending_submitted_note,pending_submitted_note,FALSE,approve_none_insufficient_evidence
c221da2389afd94fe786185afd4ef8955d08540a7039e623a3ce758f836cec0c,raw,Tragopogon pratensis,Plant heigh,49,1,5,17,3,0,review_submission_csv:512,domain_outlier;taxon_outlier;source_review,pending_submitted_note,pending_submitted_note,FALSE,approve_none_insufficient_evidence
9246e22fb830d501fbb06d517cefc149cc7a28dfe26dc8cbd6bfc4a35bb362b6,raw,Trientalis borealis,Plant heigh,53,1,9,0,4,0,review_submission_csv:404,taxon_outlier;source_review,pending_submitted_note,pending_submitted_note,FALSE,approve_none_insufficient_evidence
521b11bad185b8d6d8daa1001db409b51b74b0c7d91d8bb1c53567e3ba58d231,raw,Trientalis europaea,Plant heigh,217,1,16,0,14,0,review_submission_csv:276,taxon_outlier;source_review,agent_recovered_rule,,FALSE,approve_none_insufficient_evidence
d3e8334f713b134b76905dc1ce7833f8ad2862b0d71e763503f43c2fefbb68f6,raw,Trifolium alpinum,Plant heigh,44,1,6,0,3,0,review_submission_csv:455,taxon_outlier;source_review,pending_submitted_note,pending_submitted_note,FALSE,approve_none_insufficient_evidence
100e576ffc18e4868be015562e24bd6284b0d260cd943020e4c905faa3e426c3,raw,Trifolium arvense,Plant heigh,22,1,4,0,3,0,review_submission_csv:216,taxon_outlier;source_review,agent_recovered_rule,,FALSE,approve_none_insufficient_evidence
80f5497003126363966991ed911d9cb3e049543102e5d514acc73cb06eedee70,raw,Trifolium badium,Plant heigh,26,1,2,0,2,0,review_submission_csv:466,taxon_outlier;source_review,pending_submitted_note,pending_submitted_note,FALSE,approve_none_insufficient_evidence
510e6bcd8d5194b1fe3b321a7b0d7ac5a95813995b18fa1da47bf762eb868cd0,raw,Trifolium campestre,Plant heigh,79,1,6,0,3,0,review_submission_csv:699,taxon_outlier;source_review,pending_isolated_source_pattern,pending_isolated_source_pattern,FALSE,approve_none_insufficient_evidence
fc34dfeffea997e66c4e588fab239b7d22f5fd9f4d9ee50bd8e902540594f0cd,raw,Trifolium cherleri,Plant heigh,221,2,3,0,18,0,review_submission_csv:475,taxon_outlier;source_review,agent_recovered_rule,,FALSE,approve_none_insufficient_evidence
383f05fc44e25cbe92ae850ea1665ccd9dba523e633536d3b8e6ab385233a6ea,raw,Trifolium dasyphyllum,Plant heigh,12,1,3,0,2,0,review_submission_csv:223,taxon_outlier;source_review,agent_recovered_rule,,FALSE,approve_none_insufficient_evidence
a0746b7630d64da3ed7e9befe1a354fa293ca5b6679f6884e890134b56402f62,raw,Trifolium dubium,Plant heigh,62,1,3,0,5,0,review_submission_csv:367,taxon_outlier;source_review,pending_submitted_note,pending_submitted_note,FALSE,approve_none_insufficient_evidence
d071f53392865bdffad27f665f979364aaedc56d43889ba931244a3cb1c4ef9b,raw,Trifolium fragiferum,Plant heigh,49,1,2,0,5,0,review_submission_csv:234,taxon_outlier;source_review,pending_submitted_note,pending_submitted_note,FALSE,approve_none_insufficient_evidence
cbf8aca298706671a454865578e8b069ccdad3343030c7baf42054f157fda596,raw,Trifolium glomeratum,Plant heigh,53,2,3,0,2,0,review_submission_csv:736,taxon_outlier;source_review,agent_recovered_rule,,FALSE,approve_none_insufficient_evidence
453a7dd40d9fdcd0281f1b923adc8398bd077e6d32d0789dd8df4e1a792a940b,raw,Trifolium hybridum,Plant heigh,254,1,2,24,12,0,review_submission_csv:442,domain_outlier;taxon_outlier;source_review,pending_submitted_note,pending_submitted_note,FALSE,approve_none_insufficient_evidence
ab51eebef5beb6c0c4a2d3cedac5c9315f09e9edf78d1fe21e37add95e8dae1a,raw,Trifolium longipes,Plant heigh,20,1,2,0,1,0,review_submission_csv:734,taxon_outlier;source_review,pending_submitted_note,pending_submitted_note,FALSE,approve_none_insufficient_evidence
0373452e41ea11d7b7fe7217db02daf6bfbf7aee0daddeab1fa0387e888aa554,raw,Trifolium montanum,Plant heigh,24,1,5,0,3,0,review_submission_csv:233,taxon_outlier;source_review,pending_isolated_source_pattern,pending_isolated_source_pattern,FALSE,approve_none_insufficient_evidence
eff47739f9782b5dfd57fa7a6b76fc24d5c2a5e60193eb2931f8c4e4aa393634,raw,Trifolium pratense,Plant heigh,351,1,35,26,5,0,review_submission_csv:557,domain_outlier;taxon_outlier;source_review,pending_submitted_note,pending_submitted_note,FALSE,approve_none_insufficient_evidence
cbf22f6a87691800fbfd32e81eaeb1b2584904fedbbac314751c832536e92243,raw,Trifolium repens,Plant heigh,380,1,43,0,20,0,review_submission_csv:386,taxon_outlier;source_review,pending_submitted_note,pending_submitted_note,FALSE,approve_none_insufficient_evidence
155a1e9a7e50b217dde3858613e3a15fb4f0b6c73deb3f2bacc999637bebf1ac,raw,Trifolium striatum,Plant heigh,31,2,2,0,3,0,review_submission_csv:350,taxon_outlier;source_review,agent_recovered_rule,,FALSE,approve_none_insufficient_evidence
e9efd17e91eda68c9a73397161de37ae4b081ce64fcd154647f8da175270e364,raw,Trifolium tomentosum,Plant heigh,12,2,3,0,4,0,review_submission_csv:297,taxon_outlier;source_review,agent_recovered_rule,,FALSE,approve_none_insufficient_evidence
4249958af79cde8423907777460206515ca2a0c34edd38451369bfeeee5d15f4,raw,Trigonella alba,Plant heigh,12,1,3,5,1,0,review_submission_csv:655,domain_outlier;taxon_outlier;source_review,pending_submitted_note,pending_submitted_note,FALSE,approve_none_insufficient_evidence
96971f030d5fe8c316630c523fb5b3b32cd950be836af23cb5b467582d4c6eee,raw,Trigonella officinalis,Plant heigh,39,1,5,13,5,0,review_submission_csv:183,domain_outlier;taxon_outlier;source_review,pending_submitted_note,pending_submitted_note,FALSE,approve_none_insufficient_evidence
1049fecbefc897d23bd3f02e6095b5953ba9b68a2f4b6afbd5965b0ea8e3f95c,raw,Trillium grandiflorum,Plant heigh,18,1,3,0,1,0,review_submission_csv:708,taxon_outlier;source_review,pending_submitted_note,pending_submitted_note,FALSE,approve_none_insufficient_evidence
f1d48aa54f3f47c13b41d99a152d0167cab2ab70b37ffb8d3474abfd637cb469,raw,Trillium undulatum,Plant heigh,10,1,5,0,2,0,review_submission_csv:181,taxon_outlier;source_review,pending_submitted_note,pending_submitted_note,FALSE,approve_none_insufficient_evidence
acbb21f9f691aa3b3d47c73934e02cc10e9b1748eaea7f899aa0c1cc69687b05,raw,Trisetum flavescens,Plant heigh,280,1,13,174,4,0,review_submission_csv:561,domain_outlier;taxon_outlier;source_review,pending_submitted_note,pending_submitted_note,FALSE,approve_none_insufficient_evidence
418fb51661661473f7c680445f06f34d0d57c9e5795d17a1f234eb23b194cc1e,raw,Trisetum spicatum,Plant heigh,23,1,3,0,3,0,review_submission_csv:227,taxon_outlier;source_review,agent_recovered_rule,,FALSE,approve_none_insufficient_evidence
ef5b6606843a9859001bedd8fcb010eb39e175d6c0d9790b971b3f2614fb6dda,raw,Triticum aestivum,Plant heigh,598,1,486,406,8,0,review_submission_csv:546,domain_outlier;taxon_outlier;source_review,pending_submitted_note,pending_submitted_note,FALSE,approve_none_insufficient_evidence
691f67b1504ee87c7d92b12cc17729ad41b7161f3df6f4e9a058c01ed77c3607,raw,Trollius europaeus,Plant heigh,30,1,11,0,7,0,review_submission_csv:528,taxon_outlier;source_review,pending_isolated_source_pattern,pending_isolated_source_pattern,FALSE,approve_none_insufficient_evidence
06c173cbe32f77e36ec5e2d646e210e935c90f64a6d0162c9834d6a8a5435e13,raw,Tsuga canadiensis,Plant heigh,0,0,0,0,0,0,review_submission_csv:318,source_review,pending_recovered_proposal,propose_none_no_current_records,FALSE,approve_none_insufficient_evidence
75acd5e24fcd80a416b5bc5f9f244ebc0d6b4ea41a2beaa8ed35e1ee8289d8fb,raw,Tussilago farfara,Plant heigh,11,1,2,0,2,0,review_submission_csv:201,taxon_outlier;source_review,pending_submitted_note,pending_submitted_note,FALSE,approve_none_insufficient_evidence
db40a4f044fd4bf9f003b0e035131d98188a30b5422232709dfcff123f753150,raw,Ulex parviflorus,Plant heigh,39,1,7,1,3,0,review_submission_csv:426,domain_outlier;taxon_outlier;source_review,agent_recovered_rule,,FALSE,approve_none_insufficient_evidence
f9a9290678f7b92220851188e74fd4036dee6c0ae7fc197612b5d166e4aed144,raw,Ulmus americana,Plant heigh,51344,2,13521,1,3986,0,review_submission_csv:298,domain_outlier;taxon_outlier;source_review,agent_recovered_rule,,FALSE,approve_none_insufficient_evidence
7516d84d01e956a4b9b63935df4f45bef57d776a68134cc65929b6ac205a292b,raw,VACCINIUM VITIS-IDAEA,Plant heigh,1941,1,139,0,153,0,review_submission_csv:816,taxon_outlier;source_review,pending_submitted_note,propose_scale_validated_threshold,TRUE,pending_objective_scale_evidence
25b331d0cb9cf9539b2bfb895dcfcb7f8fe2396e58d55fba6476dbf4261cd8e0,raw,Vaccinium myrtilloides,Plant heigh,28,1,2,2,3,0,review_submission_csv:265,domain_outlier;taxon_outlier;source_review,pending_submitted_note,pending_submitted_note,FALSE,approve_none_insufficient_evidence
67056e5a106419c4290c46a46de6561a4d646b2fb01e888112d3071ffecf3b4c,raw,Vaccinium myrtillus,Plant heigh,816,1,96,0,73,0,review_submission_csv:813,taxon_outlier;source_review,pending_submitted_note,agent_threshold_rule_not_corroborated,FALSE,approve_none_insufficient_evidence
85fda342211508960798339fb631d43d587b0684be0b69293e398511789072bd,raw,Vaccinium uliginosum,Plant heigh,1302,1,63,0,50,0,review_submission_csv:430,taxon_outlier;source_review,agent_recovered_rule,,FALSE,approve_none_insufficient_evidence
b1b0f4fd92cd08c3a83d82440a9ee3020230a55f4743de03e79d7eeda999b6fd,raw,Valeriana montana,Plant heigh,32,1,4,0,1,0,review_submission_csv:592,taxon_outlier;source_review,pending_submitted_note,pending_submitted_note,FALSE,approve_none_insufficient_evidence
8cacfde2095bbe44a99fa581735b15f44ed812a7b3ec9027a936c5e41129baf0,raw,Valeriana saliunca,Plant heigh,27,1,3,0,5,0,review_submission_csv:99,taxon_outlier;source_review,pending_submitted_note,pending_submitted_note,FALSE,approve_none_insufficient_evidence
44d2730013c602a3d957f09b002e7ab45d971b5a2c4c3576956b2251d66f2480,raw,Verbascum thapsus,Plant heigh,97,1,56,77,20,0,review_submission_csv:521,domain_outlier;taxon_outlier;source_review,pending_isolated_source_pattern,pending_isolated_source_pattern,FALSE,approve_none_insufficient_evidence
9a29845467a59fb4347c32d86385d55dbb900940ab85b53363c7fed01d2c2769,raw,Verbena bracteata,Plant heigh,10,1,1,0,2,0,review_submission_csv:182,taxon_outlier;source_review,pending_submitted_note,pending_submitted_note,FALSE,approve_none_insufficient_evidence
da08b150893aafffba2e09de3ecd7c2af1eb78558764be6cc85d43f6c8f94f57,raw,Verbesina occidentalis,Plant heigh,29,1,6,29,2,0,review_submission_csv:516,domain_outlier;taxon_outlier;source_review,pending_submitted_note,pending_submitted_note,FALSE,approve_none_insufficient_evidence
5a462745317ac95328769f15f198235929e1f4fd0ee655705ff161fb5e4fa104,raw,Vernonia fasciculata,Plant heigh,18,1,3,18,3,0,review_submission_csv:849,domain_outlier;taxon_outlier;source_review,pending_submitted_note,pending_submitted_note,FALSE,approve_none_insufficient_evidence
b735f0b8fc799c6e49164d64913bbbe01250a0f16d8cc190f56fff81c9c7898d,raw,Veronica aphylla,Plant heigh,27,1,3,0,3,0,review_submission_csv:258,taxon_outlier;source_review,pending_submitted_note,pending_submitted_note,FALSE,approve_none_insufficient_evidence
651f6675127f630d1c9ed6fa4446bebe0f795ba455f8895b042a59d31ef565e6,raw,Veronica arvensis,Plant heigh,261,1,7,13,28,0,review_submission_csv:815,domain_outlier;taxon_outlier;source_review,pending_submitted_note,pending_submitted_note,FALSE,approve_none_insufficient_evidence
98164a04a5d29dd7ec2841eb122b729a8b5901bbb4de18948020d24d9eae2375,raw,Veronica fruticulosa,Plant heigh,16,1,2,0,2,0,review_submission_csv:271,taxon_outlier;source_review,pending_submitted_note,pending_submitted_note,FALSE,approve_none_insufficient_evidence
c20f91c38f5ea5e3e29f29fd6de6843115e754a2307ecb819dd5c505cdec5cde,raw,Veronicastrum virginicum,Plant heigh,15,1,2,14,2,0,review_submission_csv:264,domain_outlier;taxon_outlier;source_review,pending_submitted_note,pending_submitted_note,FALSE,approve_none_insufficient_evidence
64e8b395c1b673b8848e90e40e4613e25dcd38ff3cbd1242a0dba3acff746866,raw,Viburnum acerifolium,Plant heigh,15,1,1,3,3,0,review_submission_csv:826,domain_outlier;taxon_outlier;source_review,pending_submitted_note,agent_unparsed_exclusion_instruction,FALSE,approve_none_insufficient_evidence
d848ce9e5142c6378363cbe0f71c75d70dce9bc03bc3f6888e70f44e973c739e,raw,Vicia americana,Plant heigh,26,2,4,2,3,0,review_submission_csv:338,domain_outlier;taxon_outlier;source_review,agent_recovered_rule,,FALSE,approve_none_insufficient_evidence
d6e826e645660d609faf4d13f5d1dcae626668ec2de38bc030c4a3fb56151afc,raw,Vicia cracca,Plant heigh,201,1,13,37,14,0,review_submission_csv:259,domain_outlier;taxon_outlier;source_review,pending_isolated_source_pattern,agent_strong_isolated_source_pattern,TRUE,pending_objective_scale_evidence
44f1da1f535b7ce8ea467e727a49e1e54fc92d8c1696ac7531c43022dc5923b1,raw,Vicia pulchella,Plant heigh,20,1,2,0,1,0,review_submission_csv:735,taxon_outlier;source_review,pending_submitted_note,pending_submitted_note,FALSE,approve_none_insufficient_evidence
fca7b9bac5821a3648c7f3fe85a0aee69543781925eadd7e645bfb5fc56c50c8,raw,Vicia sativa,Plant heigh,84,2,4,0,15,0,review_submission_csv:301,taxon_outlier;source_review,agent_recovered_rule,,FALSE,approve_none_insufficient_evidence
11c3c0f2b44397967b3c97273b53e28c5e9d5dcc34bf2445f3bfb9b7b4875330,raw,Vincetoxicum nigrum,Plant heigh,12,1,3,4,3,0,review_submission_csv:837,domain_outlier;taxon_outlier;source_review,pending_submitted_note,pending_submitted_note,FALSE,approve_none_insufficient_evidence
fc5dc6385114c43894c2e4fe0bf9af2033b3d99b11ce6b08697428d89ff418a6,raw,Viola adunca,Plant heigh,26,1,3,0,5,0,review_submission_csv:93,taxon_outlier;source_review,pending_submitted_note,pending_submitted_note,FALSE,approve_none_insufficient_evidence
d1d46aef6881eef3e7a67027d8e138c2e8d553bbf1c20b7ca8b9a808a1761140,raw,Viola alba,Plant heigh,55,1,7,0,1,0,review_submission_csv:551,taxon_outlier;source_review,agent_recovered_rule,,FALSE,approve_none_insufficient_evidence
099de283ce0e7b74483dc025ebe514b2e03896e5dd3c01ad458deec4621a08b4,raw,Viola arvensis,Plant heigh,270,1,1,237,28,0,review_submission_csv:820,domain_outlier;taxon_outlier;source_review,pending_submitted_note,pending_submitted_note,FALSE,approve_none_insufficient_evidence
56a3078bfdbb3a227c7723fcc2f87f0800d239b4c0258799149da4781e206001,raw,Viola biflora,Plant heigh,74,1,16,0,8,0,review_submission_csv:856,taxon_outlier;source_review,pending_submitted_note,propose_scale_validated_threshold,TRUE,pending_objective_scale_evidence
0c57c4559cae6015115d4c475ec2fea5672257da50fb99ad810f4272d53336c2,raw,Viola calcarata,Plant heigh,18,1,2,0,1,0,review_submission_csv:709,taxon_outlier;source_review,pending_submitted_note,pending_submitted_note,FALSE,approve_none_insufficient_evidence
bc550e0d63e6a6a5d4eabfb48353b1c0d53d7a8eaf84e379059704e583245427,raw,Viola canadensis,Plant heigh,21,1,2,0,1,0,review_submission_csv:749,taxon_outlier;source_review,pending_submitted_note,pending_submitted_note,FALSE,approve_none_insufficient_evidence
7a7e79d3d6c8dd74f8bde60edcfa19fbbed9dfc03f512ca3c214c4453567540e,raw,Viola praemorsa,Plant heigh,25,1,1,0,5,0,review_submission_csv:84,taxon_outlier;source_review,pending_submitted_note,pending_submitted_note,FALSE,approve_none_insufficient_evidence
a313eada87b5c2e437871fe6ce021f292e9e00bae604b3ee656359b6d5a09187,raw,Viola reichenbachiana,Plant heigh,122,1,16,0,2,0,review_submission_csv:564,taxon_outlier;source_review,agent_recovered_rule,,FALSE,approve_none_insufficient_evidence
ca423efa03b04faa427e4eaff3b637ab1fcacdbb62ff5682dbc70623f047e0b7,raw,Vulpia ciliata,Plant heigh,51,2,2,0,2,0,review_submission_csv:719,taxon_outlier;source_review,agent_recovered_rule,,FALSE,approve_none_insufficient_evidence
5639480d93503608d8cf57c0bc3c99fb6ff743e4532cccf96fb97ba0851a60b5,raw,Vulpia fasciculata,Plant heigh,36,1,2,1,5,0,review_submission_csv:157,domain_outlier;taxon_outlier;source_review,agent_recovered_rule,,FALSE,approve_none_insufficient_evidence
9514bd068d57336526d67903ef739ce96e02e81016097c95878d7e4d4a488ade,raw,Wyethia amplexicaulis,Plant heigh,21,1,2,1,1,0,review_submission_csv:750,domain_outlier;taxon_outlier;source_review,pending_submitted_note,pending_submitted_note,FALSE,approve_none_insufficient_evidence
160073a7202c0ddb4da8d28c2e2f5d65955f24359d9559182a8524f13d03b0ca,raw,Yucca brevifolia,Plant heigh,242,1,27,0,14,0,review_submission_csv:379,taxon_outlier;source_review,agent_recovered_rule,,FALSE,approve_none_insufficient_evidence
