decision_id,candidate_id,action,n_matched,n_excluded,n_scaled,n_source_satisfied,audit_status
48f0e73a6c4f6af268fc75cb4e1d9bca5cc45e7419d2bf8af00f4296c6767aad,01a087eb655a0a68817f059300dc0f8a7872bf21468eeb7f1397459678f35580,scale,9,0,9,0,applied
7d7ae4d0401b285b41ab1641e13753cf644dfeaef9b774d22f3c60ee1d4a6d9a,0417a46a24aeae3d846fee70343b5d66c90374de86c3deac0ff0645193e57d49,scale,52,0,52,0,applied
22bad31a279893ba304c72530173ba30564e3c737c6743e4a978245738fc95e6,2804b82d6e06968fd4d3dea20a7e53a2bb3d152cb655ae083e26c4bf94fdfaf1,scale,1781,0,1781,0,applied
14d0c618af3d14fc479b87223ca88fd6b1561a69fc536f706548183810bb9ab7,2863d8ee4a70e473cc9d64252062ae72b23720a0f3951a8e97c8f73fa198c899,scale,836,0,836,0,applied
76fd31718b70bceb83c0368783406f4e44d0b0ee2201b49ae08841c5b80ea855,48a38041f8d58ce75add0ff3418b41fed26b08eac9a26e8e95b1adbf3782bd8c,scale,3,0,3,0,applied
592615d216d1b2d231549e98d7a127f9a19508e11cd659e025c31cca5ec12a74,c3069bc670d13df40395046e4f660d4c9a4fcd7b7657dffdd6f7bbffdada59bb,scale,3,0,3,0,applied
f25a9c43b9006c206d273e6440a2a632511c1187cee423d23112a8a4315f3a64,dc875ebc4f107712701c4597c83688c3847d5f64627ac042339c8b2b88fa891c,scale,10,0,10,0,applied
7151e62842ecd3ef13893ae8337b420839a49131525ce9290fac1456e42ffa58,80d74fd22c1ddf8f8a48d6bcf066985297eb1d69140a3652cbdb3f1476cc4663,scale,42,0,42,0,applied
9c1a37255fbf9bfb5ad583b33be72e6218d579a282dfb0b955ca1af17092e675,c97a7eafdec9a4f699eb54a9ac384d33d2c1ffd8d6a55e50467d248fdc1f0801,scale,45,0,45,0,applied
e8ba77a9fd153bc4fba38e105dfea5e1d0fe2bed129c164d5935704a8085783e,a933e73a4f5e3807185daa8a3b4d02e4efb5291798f675a5e7e8171c5bc8e2b4,none,0,0,0,0,no_action
ba7563edf8dc89a1d48a9ac3aa39a06fb61e57c7c90d417ef0ce245b2ec2ae99,935b153b31fdb30d0a35d56fd6223f3f218278668695a0597a05371a4d25cdce,none,0,0,0,0,no_action
5832876daf342599b3ea75d23db3115669fcf19f62c8cdb8954ec114e6a73b01,824fa16a1b695b081a00e2b50380ed8809a985b5f7bed75e9c62111403643dba,none,0,0,0,0,no_action
036082c69ed89b96fa337960fb6fb8243901d7c56dc68f1509cad71cbb077051,09d40b65ad9795adc2c7da42a5918ca7d0712c99f26f773bbf19860c9af02a38,none,0,0,0,0,no_action
86b2bdbf4a0d81b60d2791ce228743d67e9511256097fa6a0a37b8c240e98988,b702daa52ef4c08c53b9d3a4d6e043c98e2580826e449721d8ebb0a09376f220,none,0,0,0,0,no_action
b4b99d91b972860b03b003459c7e2b54c11727947a3eca80183c8cdfd8ff70c3,2c19ca6e7c78d330c2dcbd3df6eaba4c2d7e66dc6714efcdf406a2bbf6970fae,none,0,0,0,0,no_action
4a35b5856d41e975c4d1450adc72362590449cc73966ea69875ee192c1755aad,e8b8310ad454aebebed77ef9c4d75ebcab886bb0fadca3b430921bf16e329705,none,0,0,0,0,no_action
16ea82bc1429600706e799eaf1a86dffd26e5d7e3c67a0abc764cbfbfb78cff2,1995111244a5c0c4f184ca9ed82b3cb9a87965d2a583bfb936870a6724977d30,none,0,0,0,0,no_action
7cac3399cccb8a2ea061d83d3687914b0750b6635cf1dd784c8481f53abc57bb,71b50d206d4b7ed0e829dccf887a8ec1eeb18aa94a7dd881c8e625a11b84626e,none,0,0,0,0,no_action
7cb0a534cbb4800c86b9ccf519c7f652d0bfed616d1b49a385a9f0dd163950d0,2396fd4213da68a227adb2d0d99fd62e6ba0b03b6d2769a2c048ccf8f4249eb5,none,0,0,0,0,no_action
87bfd8867cb4f78cb52c60c98d7d048974e4608b6c3614bdc56132346d1fec5e,62fe5a54ea290622f43364cefb8f35672823a56848dabb08bb1d06a7d93ec1c4,none,0,0,0,0,no_action
0997e44024504714e8069b7eba570141f1f404cf1a935b4f7b65f3d6d300f49f,f7b67ae4ceaf650af91b9709b6ff395602b8bba69ff7a938c424711db549d385,none,0,0,0,0,no_action
887a24516473747db1332c1c0f7cc0edfe53b681f0b804226cd597539713a66b,b48dead9638ab72a7fa83497c081d826d526eb3991ddda45b258dbd10bcdea38,none,0,0,0,0,no_action
2c9cc7a3930f923672bc0eb80421474ef90c9df2f40d35ef77986ff08f158512,a063ac0dc798946f52fbc71dcdf23b075c54b211760418c16f9323080177f362,none,0,0,0,0,no_action
df676d9855219cb47a074c7fb8563568d306eff7cd3cb0533f617da999cf37d5,6a1a8d6fac19f5a95224231e14c1f205892c6fab96815d5befd39b2843231c86,none,0,0,0,0,no_action
915baa979b513b57d6c3fa0703ebd364be0d6f65d4e91d1e673b997104e5d35a,52a49482a563c392043adc5b06de575fbfee6127d04a25e0cb8f8c632a74e156,none,0,0,0,0,no_action
637eb520718ef995c7668d7dfab64fc89cf4fba6beed17f58a2f46a2a21ce7d9,652e20b39918634d9d148aac97ffee49f673773a3a2d9c7618bfe2ce5e14fac3,none,0,0,0,0,no_action
28d1d40ba33e4021b2ee88e6599fcb34de8eb0c585f92a32bf590f8917b4ffce,2065b4de7bfe96e7403c862051f8f0e5e983356c0d19176c1724e5d4bd648c55,none,0,0,0,0,no_action
1c56b78fd1ec6f70bc9197e9508529c847ac530ebeb14afb5a632e1763c553b7,04d4db458d42e7abfd629800b895a143dcde150d4a5a6513b9e9f8557a9d9887,none,0,0,0,0,no_action
6e23e36b3dde047515e7c483c9c4caa8105c771e9bcc7dc43a377ed82595202a,00b5a7eb13addae5699869d8d0c22a2e4604b9f8b2df28e518f27f13a6cfb817,none,0,0,0,0,no_action
79abad73fff0b0d1270f98473d2d334b9c737f10c7520a0ee6d2228dac301963,e663384ad949c40b0c831be6794de9f1e9d5c4d9084388982444eeae697546d0,none,0,0,0,0,no_action
494c9dfadfcab8341678bbb8b4bf596e7bd330978c7d83b7dc7b1b8d3a778510,8368c864a554a1343d5231a091c7b99f44e5ab33a2f1339c5f073dc04884b542,none,0,0,0,0,no_action
ffed3d4d603cd60f448206f8a747ba1cca9805b121b6f0a4e1ac6549830e0fc0,a40cdb950c26b202ed8431a168efbeb45d309db1639ae35381444f18b4f7b55b,none,0,0,0,0,no_action
3c655f89cadcea254b394f0c4c22ab24bd1a766fccb48d9977ceaeef91a1bcfc,88fb776fe7daeeebad3b70386474d44c5ed730d2885626b3310ed48383051b34,none,0,0,0,0,no_action
8dfb99329c21f41962464ac9db0fdab7a1bdccc765fa5e76d710850305404d2c,eb9d6bb6878e869d254d7fe18b92251975a24ceff8b1592ae837081bdc59103b,none,0,0,0,0,no_action
89e5f1d08ff64f8f1cc701391b65dbd2271a02a68fcaeb30eb23b4a58c5f82ba,c0f49d65337ba31189491d87e74a3531a36255c4e6ad2ddf365f9cfece8fb89f,none,0,0,0,0,no_action
18cf56f966d26de925473cdf4b6ce6cd9b9a7ac0b6d4c3a42e60c448cbd486a7,8024c0454ab6771ce42a379ed373bac0215f0e819f19ca6a0ed59735022e9dca,none,0,0,0,0,no_action
99ac48b236eaac466b35b0420b15986a18a54c95c2300f43c9a953655d7dc8ac,0ea61fa807a85f70bf4412b5c26006164850a1c6aa8f577676c38bd6fe4996fd,none,0,0,0,0,no_action
568c99107e30b10d6ff4490585cf5ca2c8bf8c1f6dfdde978ad383e3c87b1266,f0425fe7f2e6c96019c4940d8bd825ae66f2040bbe8eff61da285fc2f4f25123,none,0,0,0,0,no_action
5de72930766bc9f076e122c293e2aa46ffa0a88d58ba63fccd859ecc74ea6d7d,d928dba887410ae09287b1b8108a26e0fdb08f9e3094ef3dfc1f183970e005bf,none,0,0,0,0,no_action
aaa32e4734dddff0c0c9b9c4cdeb42e6b8bd3ae23079453fca4d90b61235ba16,6bed31e5e9b6d3b5d56726d1d3ee19b54b8cfd6982bdf93f560557cb0688419d,none,0,0,0,0,no_action
274866522a1b37e3acafaf84a69a4e5a91e4d77454e84cfef59ee7d22c42306a,2dc0f25410a98d0caa6f62a8aea19cc680fa0048d431655dd68fb81d20a8b072,none,0,0,0,0,no_action
c2cf950796c657d77ccd0f798708fb5b56eb5bcd296e6665c8b74bee22636507,7484e0a86676e1a494d3ec9b09b6ef7100c788a7f116308fdaedd8360c88bba3,none,0,0,0,0,no_action
2dbb9252beb23e5ee9f40369b6c9d97ce07b320908d5580d36d6f6a555671449,d61467ea08cc35be97a144d7b9de3a5142ea024a14589659e9f8ff6b8fcd9b24,none,0,0,0,0,no_action
4b98f3d821f44b569452366210dbe4600d83db90ddb6a2802b931e73c113963d,c1a9c88ef07d867fbd7ea383ebdfc438c963c08e0ec64dd58f17824b40720a8d,none,0,0,0,0,no_action
5ad91f493964ab0fb47941e5f3121433ef792b06d2f128aafdeafddac248d249,10e096643d796915e950a1a92d75337edc51d3093e14b627872b5064eb432a95,none,0,0,0,0,no_action
a45ebfb85f91816c6f69540e490799784be40ec300fecf8f395f15b61335cb65,8da639ffb9b961d796aaad07af54fdfc25eaf4888cdc523ca0bfb222ecc7fae6,none,0,0,0,0,no_action
05e8ed6f7f3dc3bc2b964bb7f78cd860e9f5a55b76cae515e7a414864604197a,26c10db8e30c244c943cdb6caec993c69895ef481a678af1b55f4177c6fe50d0,none,0,0,0,0,no_action
dca790dd0daee1f5bee43a9626b9bbe282a6c16654b4571b95a277f19176489d,c3ef3914e0cffa5c04b74f3f0f970e9b5ea7818207377b482a43dad66cda5c2d,none,0,0,0,0,no_action
5d098dd3863140066dba85c4fc1ae91a22f87edc2dd31ec47a0a2c104bd1a4d3,fab4d4d2394dd53ce640ca1a18f500c1b717deac32f436ce5f5be431417ea973,none,0,0,0,0,no_action
cfde88bbcb0277afdefbbb98134c597f9a76a8af249a36162d80aa8f9ee24939,d4682ee561b73e3c4a9c8d896299da083d4417255fdcecac8cfcab4c3dc68922,none,0,0,0,0,no_action
9f294e458d9037bc968cad6c70feccb3c3ff6097cafcff71aa1afc337c89a4ce,7f17cd4e229e1ddbf6f8c69c2ac52ba4a98305305d697b303f458f4378735251,none,0,0,0,0,no_action
64998717bcc9e2efd55c00d03347cdfb6fcfce9b0575fdaf5ecb68f32a2fac80,29a81b8876e8c6e2e4192553a37f7d8c82cb4b53c8f3f6948527f9dd34ff7ba6,none,0,0,0,0,no_action
975a8d92c26f43dd36981f13b86d47d8cab7e07cc3d24dc5a8beb7f6c27212bb,255da15f42ca03b2bae0d28aa5d341ece28838c72baa4c2a158d98bfeb21eb8b,none,0,0,0,0,no_action
dc7dd4aab2d42e79c4b884088480464c32e821819d03fcd069b04fffe2d50dba,e85784f920b5f681acecd0b2ed140f8d0a8b7dfb0bec6dec4749d0015921b8d8,none,0,0,0,0,no_action
06bd59ed971defbe40a47828ec28e91415c0eb6027586a25d14420d23eb80862,af26bc8379324c085f17aa7280fd5efb41364b09e6495fee30de5f3a09488160,none,0,0,0,0,no_action
e88416372b3a9222a18c3df29f17bffff00de801692d0e27d88731bfb85f1560,4809ff16c909af22767548bccd6cd1a0f35f43cf4703e3a8d720ac698d8bbc55,none,0,0,0,0,no_action
b3ecc486e5a29baf66811ba6846353b7e051b41226c0b695ad258fe541a9e361,986d71ba32df6b6b2502cc98fbeee09e78b65de7a319c8e6da84e955dd8c7e37,none,0,0,0,0,no_action
52c1d3900cad329c372418910c87986f017984a7c90d6b9c3f0393fb0d99b88c,02543f377df0e88f90fd3fbc10cdc51bbcee74660c1a28dce4f5d80c076eac62,none,0,0,0,0,no_action
69cef97d1daa087260849da64ac1bb5d71fc1b4a37b73c6365fc8f885c7aec0e,14a14555b6088cc7df2eebc4d785487f52f2599ceac0498b4046f47fcff6405f,none,0,0,0,0,no_action
38eb1bacb579ba8413a6c1f56c7f60290ad582211c4ded58e1ee3dc4f4b6d4ca,21a1e13d23735e0eb808ae0558d45ded58c2cfcd982f3ed7182f09fae1e0e431,none,0,0,0,0,no_action
554a01daca1d89a22bde69362a85c895fbf8c007993accdc436efbbabab6da00,e34cf6a29cf608bdb3f6febd607919f7cdb279e5d4db0f383e284c7cbf14b14e,none,0,0,0,0,no_action
deab86e683a1d4e4bc05da7c6a56ca8ecf30c07b132f3b1f405a2c7238367daa,5f8f4465268df4a18dca80465988c85c9f57a5bd164a644ab6f851d73100f849,none,0,0,0,0,no_action
d3317ec18d2905ced9e97bc10fbe1d8eaa81bc7872423220a9c0cdc8d093e523,57080cc8a9aa56ed3b48493049abcc6e2f1f5734ad076c9901821624acab4deb,none,0,0,0,0,no_action
8761d1d15920eafefbdcc7ddaa31e8dff7ba0e163fb1c98f43a39955dbc08604,5e7401dee08025e48fd4d525e671d0b7a1f5d61c4b9c98268fbf6acf7c960439,none,0,0,0,0,no_action
83aad8c64ca73e9bfefcf1b79b0bf0125af93d3cda9567a4ddfee0c957ab7f5d,59c911634414d30460d1a3a56429fe8e8be212e8318ecded2fd373cfa9a0de8b,none,0,0,0,0,no_action
505abe1e7bff9b1f5c33752ed6ae1e39ea48b84fa8db90e28e51d02afd0de8cf,ad43a536537a7b811022ecc5ab97c863a88c504f3d8947acba23f9f3a1708b75,none,0,0,0,0,no_action
2a837e0dec3d39ed30056c4b0ddea628ee81aa61fc3b5d1d3798f92c3139e60f,20dab548395408ab0cebfdeff66946729f9f1852dda06f6bf6a05d006e7b18a6,none,0,0,0,0,no_action
3c99b5cb1a5c02d4ba377892459f6c3766586bb6a98e9b881a98f222f12fc858,ce513f426089ae1224afba6938b6188dda36f0042dc9ee501470cd31dece6a40,none,0,0,0,0,no_action
b3f6b176df68a62e29d3aed093f4ce191cbc726a827adfc58af8c394287a41bc,087560ea0485ead5f5a9d2086b9888e96a4cbcb78fb4641cb06162400115561d,none,0,0,0,0,no_action
9ed8110aa965dd9b6abcb6c11efe7fd47082a197b528ad1332f5764e4e7300d5,9fb2827764add4d279c5546f8da673ad2fd3bcd08d96ef97a7a5ea6f6043ad04,none,0,0,0,0,no_action
7c6aeea7a52cbf91c8f4a97a5c421d6b56cc4542f9527f7d3bc9b50c441b419d,ceba4b2cdff7dea47589879bf65c5c7481d8363436446589d0c3bb811d2b88d0,none,0,0,0,0,no_action
9955967a5184bd9a44e4ba7793104b6a7df7dd3edc959f01a80900857d1cf7e9,432472466d737e8b39aa2b30343b59e7073c3502b214f62237b84b79eb9b44ed,none,0,0,0,0,no_action
30a698675b01b3f788044b9cfa338fc510bd243efeac576014d8af27d962e27e,e5850df6336767bdc7939b680349eb9a618c9cceeb8f0ec2e25d47ab10c09847,none,0,0,0,0,no_action
cf360a7cdaf0c1862ddb3f62186fa4dd9ecc1b6d6fb7aaed99c3b883abfd2810,abcbd53d749f34fd1930a72bb12ca5186d47159fcad2526816f88d62c2d985d9,none,0,0,0,0,no_action
7a481149d5387b22d90b9d6091d1a96c8af4beb09a4224671bec89d67343c422,072f049e099f851aaa5d268a2b8438fe9c7049553fbe362df76d2b3361d06db2,none,0,0,0,0,no_action
ba315ac10d5e77d237a13c43acd942e570bec9af19feeda509e81a1d55d8cd1e,0b98bc1b7add8a5588f94d66438f89aeb5be27a710f352a260eb54aee43e7b31,none,0,0,0,0,no_action
ae86ce29c57f2b992b4ed8bf82ce1d84ce4ebcb4cbfa77bec1256928f8b5169a,4c50f534ab36d138153cb1a60a634ceffda8aab3453a44858752339e949c3ed0,none,0,0,0,0,no_action
98c400250f745e9e138bc3c8173244499ceb84efaf8c1d3ccf101fc4ce2c933e,84e09abe1c7e72e1a42b666f09cb2a20133d9839f284d9666a60b3a773acce07,none,0,0,0,0,no_action
535b9cb086b0688c425bce16bd935b3ec80d56adfb6fc9a3f8280839fd7e61c6,fc2532de925ef941c28fc7578d289fe40cc1b46735d41b28e52ab5340c10896d,none,0,0,0,0,no_action
615342aee9df9e86dbf79ecaf41dbc1fde0a0bc32dee4f494833a0fe15a694a3,745ae3d73c616633ffd2f7f612ef05e816ad55ffd456faac466a8403f3ec6996,none,0,0,0,0,no_action
b76a1ca56db50933270ec1267b8cdd6d663cf6d3a319bf3b74ac2d3342742904,8c8672ae77e19a57262f9d8811c6b5c23cb2bfc7b0fe593353db3c4c134e55cf,none,0,0,0,0,no_action
0656d0607b84003e2b78b11ad8f80cafad75ba614b771d6414f9f724b24c130e,af6447b9ccaf9df32a10943639992ad2149c47524976e4f75f60bb3bc7d304dd,none,0,0,0,0,no_action
d83b1d3d6ade0f40bf0bc82bcc02192e6abfc9e6209fc6fc28dd85252d8a7a70,4af84b65acadede12c48e9467d182d27d9c12cfd0613c64446d0dd859048b285,none,0,0,0,0,no_action
86bb5ef955785d2fcde83148ab9bd7972ce089fe8c9148317955ef3eeb80d4dc,50f802eb7c2cb1c9c206f233c4258df23d261cc5cdbe6e0266b981ffbcb68c97,none,0,0,0,0,no_action
769c048bc4b77f3b7dfd05423a6a68f9d931630698e4b332c1bedb800785e56d,f19041fda0890999656ef4fae7462bc4f33e6fc665489ad5f7a4e7886633639c,none,0,0,0,0,no_action
d0dd7e0fa2abc4072f292bd249e1f6128dc53acd30e7e13555b2a806b72961a7,1a31d5a93d437e03af811318e1e06a5c4dd08603719b8bd231dc7ab163878213,none,0,0,0,0,no_action
c466efa0dc965f11fbcd7afa4bb2e54161773abbea8716b0be2dfe3f3cccb0a8,79b9a826a7a15ad764860eded7d5c4e4f3149fb7dcd08db38910135985dbf2f8,none,0,0,0,0,no_action
70a8bba047845493f5a19ec4deabace563690ba81f4a4d3039ac3c42e78f4511,5a955d08f7c6dac83153a4e6403ef38fa42803941ea0467ea281d2c6ab756f97,none,0,0,0,0,no_action
11c4ec4a8d9c006d041e305a48e49744344e12011fe3dbd62765b532f3623679,ef8c3a71666bf7cca58f2bd6a6346d6656aa5fad18a23aa5555f0e80e433aa20,none,0,0,0,0,no_action
c9e409d17a2855bc19764e9ba2eab0c9fa634d950ea9816ef23a0faa1fbaa757,5f96944c7137c27b8346e6a3dc5fc1f23f640a678ad0783b66c8307ec890f420,none,0,0,0,0,no_action
c6710fd6311e8b10500af59b5e7e66c67450381f2da6a4aab77e2e42cc3290cf,3dcaa46406ac0c1c5f9cc4e775657c592db0fde726c551e4fdb48e9f0a923eef,none,0,0,0,0,no_action
1ece792cff83be84a54989988613c65dbc5b6346aa6073c3b286f7172c3981ae,44e7dec2ce8f041b9bbfff839cbaeca60c99248e80fce826fdf5a7842ab9284b,none,0,0,0,0,no_action
9220ff772c1f97151256b2a3fd7b879746a9bc81a533f016698fa0c134a131fc,37daad3ef14dba7de066717c15426234c1fbc83bb79c92ed9f02ea9538f7fdb1,none,0,0,0,0,no_action
0419e87a68daacb5fc8e16ace07b616e971a0e1e2f7acc46aad8a70bd490e9ea,e79eec047c294d144505e93088602462c7a471159311c413f9779e8669a25ec6,none,0,0,0,0,no_action
11eb4897e2b43b93c7f7679bcd4891bba62ec92c2e1e73dafdd4a3a7d948b4b3,a864cd0ddfc06bb69ce49fa7c9f886f3b6ea3d7645e8b935e68643dedee8d6e5,none,0,0,0,0,no_action
4cf4386c38e22aa2fc6e5599f313cd3b388d3e8415330272c937410672878abb,e38d501bdf29c081ba73b132354076f88b3eaada7ef181fbffeaaaed5edaa467,none,0,0,0,0,no_action
00f280b4aa4d1089d089389bdece232b160986ca6d4a59a67ae60ec78738e4a8,4cc17679cb7b84e2f561cc5b06f6158da935edae1357e51360d77bebd6ca4897,none,0,0,0,0,no_action
91877747b10cad1e23a0c3e5234e9368507c3333b7e15678402664aa2599d8d8,e36d87cf6594627933d9f1163400d6bef86213890b5b4737f4c5743a0f0fdc5e,none,0,0,0,0,no_action
a22a0e5edee73e3f717e1a80ddedb4cdf78dc78c3ea282f0717b357b66807d46,0e037f7bcadddb124602d6d30d2ca6e177c7833885af24ef66bd72d415bfadb2,none,0,0,0,0,no_action
da3cb9ba7464c3bdef9f9bf0c5fbcc1cadcde412203770e2dcffeeae8ad61d5d,508297a4e7b6f7e577bdc0467a93c93edc89bb112fe7208b419aea9ef0fc255e,none,0,0,0,0,no_action
2d9491fbd239f1e2e478c7e49b79a2ac53e80913eb27fbab23e84334069da8ed,0bf12740315f7b35ca9be99b6539bf3a17588d244e3ca1df0a398ef939f6a745,none,0,0,0,0,no_action
abd9b936dc327e2552e20a58b07d90593a2b23d5c858f364a50e29ba0bbe67b7,b642ad5a40b9099a2b411d0e23872841c79a7a6b3fe681a518b68374d2034066,none,0,0,0,0,no_action
e1060e053a4d1f64a1a46508edbf724d69cead99dda6f9274be3ce4ee682c506,eaf308c92024f2e52e416b0ec62083bc7f6e6a4037d30461c845aa67e4ba6f47,none,0,0,0,0,no_action
64561efb8eec52cbc4248eeef1f8a4c86b90e8f9903aae4a8b7553b506c9c8fc,35f9256353224140c605bf8bf3d3bc745edd66ea79581412eae95d646ff95843,none,0,0,0,0,no_action
f2884c8ea879f2190a26e8726b6b0ee92cd51e4c871a05e47d67c5121a3249d0,6fd20f6183eb2670d331f606f99a8db24699e7755367380ccf7db4b5a78a1a11,none,0,0,0,0,no_action
f047dc3f78e1c36a5d37503822b625119a094b232816a5a86ac2577f166c581d,b34ec1a061de4ead7a4f3e5a3c9a51e4ee8eb24a5d0f13ab7ca963c2a4901644,none,0,0,0,0,no_action
349032c64311766c0293930f06f6c9aa7e8dec0cbdd9cf5f0234550e7819bd4a,6a62a0e65b2c69fe25fbb596a6abad0b3b1fb58682f4b389b11f97c3b1ee5924,none,0,0,0,0,no_action
4e73ee793f7b442da7b9ec0443b001b43d9d52d24d62dce71e4b246262696b40,3c906f862c9f16dc83e5da3063842d87eac27d42244341c6565b2d7041edc58b,none,0,0,0,0,no_action
74e4dfa3f9e1081afda03044539c60b99ecabec63ec6d7179090bf7edc567956,44757d01f060178fa2bf4e78790bbb7c1c1b11d9a647bda5f87cd7316ad6770b,none,0,0,0,0,no_action
3af0cac81e0d848c2818445073078db98e94c942e8ccf4f95f81a17b4ed72a84,773952121dd7b51bcf07d324e816e8708ca7893bfb7bc3fe23d252a6bac40d84,none,0,0,0,0,no_action
d170c08af129dedaaa4bafddca947e25442af8f68c6fb25e2e5f79f292d313eb,6166810e36e18ea1c9678f3df7dd17be4513f097772939402223cebb976467cb,none,0,0,0,0,no_action
9fde42fba393a6b23aa4c8d9ba04603bd5b9b5fc5707420c861ae8a6a1c25f96,925264cc3e1f0822c38adfe332796ca2e999a58d2d5f420c32cf99ab3dfd0cf5,none,0,0,0,0,no_action
d1d3e2c4f2a9f656eb3c8d76cfbc22df5a28d2b9362d713ac8fae887301df2f5,295c7c846dad6695ad0b8e1d02598ee28408f87160364b35be64c2c300dfcfcf,none,0,0,0,0,no_action
10964740e5b1ea810e9e5020609dd90691398b70d57aff6fa30d46e5ef093dc9,6d872c282770a3a907d505d2165e41a3290ac0bc67cb13a13bdee40479758db1,none,0,0,0,0,no_action
7408fd886270b8fe2d2f6121158e49ed219eb0f340001c994a9acb6b773614fc,e0d1734a87f5088c5aa2f91f9c3093c1ba25a37715ae024b83f0045ddb1ce3b5,none,0,0,0,0,no_action
f67269d96cfb522b8f5b769772258e5d965481a9e4dc54be14bc177239110a56,b6efeb0fe2ae2fd8788dc4b920c2cd18697e20426811c7f8fd9d01afac020f8e,none,0,0,0,0,no_action
41095e678906d2e13f25af9843f6819facf90cbea2c33f65ed7818efe9a374f3,f10344260a5b16c6a2a2541aa63dc2dbf13354b2244abb48a8eae1798f59ea9d,none,0,0,0,0,no_action
8978ffb5a133bfd01cda674c3b32978f97fd7642f4530aa39751a2f689e19074,17b21ca97e3ea060688e504f6ca059200d28b28d86dc429ab0bfec2baa02ad61,none,0,0,0,0,no_action
1a6122baf99f30f4d10b42350f496d8790c8fbdde6be4a57c3570557bce9b069,c222062d429ddaa0a2e8a8816936e3fd166d247b7172be2ae6ccde7fe9b17eba,none,0,0,0,0,no_action
ec36efdc266500bcfe5af4861d17271472be1bc8d5d865549704ebce058c1790,153363ca3d63952fc0145022124857102611fed69f6e26ca78fe73d7d20fc715,none,0,0,0,0,no_action
77e1a632245dda7af232338b0491004c9ce57c139d0162e9cce9da74d0120a0b,a8e3df957e7d8ae97e09661316430403081d7f35747e9cfa800f9f5dc1b505b4,none,0,0,0,0,no_action
9c9b971e4ae272ac7607bb84e15e881586c6fccd267a0dc9b214eeb9c51e4449,c1405350ebf1788f3cce464094503069a1e70886cabc78132fbf4bb9844cc780,none,0,0,0,0,no_action
a8fccc9401441d158ae512d9bc1985d55c086b3996eb6ccda67477acdc4e8b73,03ca1c48eebd99fe5b8b27f3afffa34ee22a3b24b0140dbf80a928398a694800,none,0,0,0,0,no_action
52ba6bb2a2c0e8d51ccae14d987eee3fb305612da260d9bb6971920978ead69a,0b4cafe964ce0de7c58c8925830b3b1e77bf1b83876f79bb538aef5022cf04bd,none,0,0,0,0,no_action
33c43389a1aeafad4babc539a0e4d56455ccbdaabc215a44bcd849f336ac8036,20903bdc2ac1d854da975c1e4f02c0cf956be01d4e35d99f5dd2d9e2d5c1ab23,none,0,0,0,0,no_action
46777922a45c90c1767b32c5172722e066d91928a9f196b3cb9f64d1f6aadcf6,cc93de764f5ed258af428f5efd5d5946c9a27dbaf5c596c460c43f2e6692ae74,none,0,0,0,0,no_action
8ac44d8f1ab388f59c4165b65e1e215268067fb6c6e12e05663f558564f36946,15ac0e1196512359d0fc4dbdbc4c40bf5f941053c4b558c2590aceb2179261e1,none,0,0,0,0,no_action
5b9ec3d95fbe118c9dbaa7b49e3034b78e2c031005d88ec0c802dae669c894c6,c3118fe58dc3fbb644de3b1b27092e4ea8a97d2d81b4efca71af066e94c366ae,none,0,0,0,0,no_action
b69f3fbcf6a0716e7474b12835b9847a4f87348a2702c95ffffbf1df3403935a,04677261e7d6b9d8db3437a063d0c0bff5f2f3ade9fcabd252e13e32c29896c5,none,0,0,0,0,no_action
0bf5f75fadf7b5045eb329c9b9faeac59c27561469abc4a104910f77a887092e,fab2a7ddea3116cece904e6407232469a7542d7da01dbdcfe794f9fc501a3a66,none,0,0,0,0,no_action
2efbcf8fd4db92134ce1177034e2630f5cb3c1d23d4c5db440fe6a7ef1924095,eb480357670d93a73e8136e8933402bcb8cf290080cd8dc844c5f99fcf4bb441,none,0,0,0,0,no_action
52c4a3525dd0e1b2245fe59f47fc24fe91914f354ff96d21b786d15081025753,d404537af5b8d438a0188ab6932ef345b1ce1c81224a5e6057a165e97b9a31e6,none,0,0,0,0,no_action
797e94536c4dae2c9e2fc7160254b3303b8a8dba94796c797f084eda1b3cba6d,ac39946923e31452b49d3f295011218758a76cea8771ebbbd0852314cb62a899,none,0,0,0,0,no_action
7dad9c0c834fcf3277779a2f200122b1eea5a54fe6bb6adf16859da7999919b7,7a2dff43fcdf6587bfde0a169373b547e0d96b9369be62841c8f74386f9fbac3,none,0,0,0,0,no_action
19a8e0f7df2eedf9c90df51b4df64cb990d54893bbba398a3ea8cee838022bc7,7b11ec0a06d9cf8e44872d8cfe5363351af4d24dc63eede8a06aa76122a4cc39,none,0,0,0,0,no_action
1e410a782cb79e69f8e87f35437c3ab118afb654d40cebe629206ad878f136ec,74a681b5271a8eb821f7eaaef449572e7acdb949ef69d23e667f4145c5c63f43,none,0,0,0,0,no_action
500cfbbace7c434e4897fabde1bccc6e2160c098baa54f7e8114c9dc57ee72e9,b5352668cecccd2fd02212aa5e739990fd20700af42b0ec18b8b8886cc566bb7,none,0,0,0,0,no_action
2f97553163e9ae373dff4a1503ee6e0136c7bda5e3c980f9bab62449bb68e9e7,89800039d62e3db67ff7e920d17733c9e24b417e63d2ce436bd22f6d768fa97c,none,0,0,0,0,no_action
2c5411da9e397836646700b77ef180618fe79300cd9e6bd60c1095ecd0be8403,60ff921ec33b8ddfb5a286840fb6fa9a3b967af41386ab4d2c10e7d48ed7c161,none,0,0,0,0,no_action
05c967d487ce5f9b23e1efa67c118465bb0067fa37c326b289619102eeb1171b,5289f762ae2ba87ba953e5924bb8d10cddd4505e22d016c8970f1571af28f3f7,none,0,0,0,0,no_action
9a7b3272d32a12ef0d1fc64c96d61f5b11e142e0f84ed7cc96e245697024cb4e,31d84893d90443dcda90e9f443857df7475100228f8c4b1c7c172fdbde354df0,none,0,0,0,0,no_action
d4e16f254e90acab4e2b0e027e5bac3851580f50b8f73ea0fe58bfe71cf1f120,0734ee581dd497359a93ffe16ed0af548d81b6722686ccd4951b8e2fa5d5ddf7,none,0,0,0,0,no_action
e0821acb2c6b39a5cdc25576337fb61e628ca48f4a95929f590da67de8e85233,4a3d1aca04307a58060cc34b38274bdc10a52505f432df1a287f289e9417e9cd,none,0,0,0,0,no_action
dffe5616df68b8551304919ca718676c45996ec7bc95b3624a428cf292836c9c,1283f90990c07850d4aa343a3a26abd0891cc677f2ffd855d3c0f8c055cebc1e,none,0,0,0,0,no_action
047b16785377eac3c50536f2691b25a1f97f15ea6781841dc2c89a1455056b3c,b82edb5e48901953dd7a0b7e8c4c4737d24c50b377d1ee2ebb4fe76b547beb2b,none,0,0,0,0,no_action
977fb46f7e6bac1bf71b4c65fdda9583addac2a50af07bf814a89caa658a4156,734fe6ccbe4498be58eeb9691263e36a6ee54147e867a3134dbb7694b5a98e44,none,0,0,0,0,no_action
00eaf8703d9d569ed6a7b239aee9c7a90ea56e2755caa29a1fa5c1bcb47f687a,9145ce5d3ff02e7ee4adc87bddb21964ea56bc00c7210d379eb2721cfd4aa28a,none,0,0,0,0,no_action
6a77eee2a83e83c34272e7953313d33f0a8633991ddbb54e524b9cfaffb4742b,c56edc7e6d715edfcc25f499fa89bd013016cd0fd27c577adfec005e8b63a496,none,0,0,0,0,no_action
673d87b90b2de9e5973b3d240b76cdb5d912d699039c607fb91d477ce888bfed,f65e7afac9607da6c13b185086c86b161163162e64bf900ab0b9f5743945e46e,none,0,0,0,0,no_action
58f2c17b9f90660e6bf9d884ace7ff7e2cb6fc37b147834e722a8d9d1cec31e3,49f386ebaddd62199aa70a247575d8a1d39d683bfba81dc06e294692e08c6258,none,0,0,0,0,no_action
81abe3295eee55a53239711cf3ef3481d3e168b9ff597334c4570449a5e04303,dfbc0811b8144674ac126e3f1b709eba9be684986f627488c658bbeac58eb812,none,0,0,0,0,no_action
e09d70ab302e3153808c43cd4443a0b5c54016e17a7cce524f5ed7f81295ca26,db82b03e6b72d8a7800f06ef544c677484f443151f996dd1e761f6eb0efc96d9,none,0,0,0,0,no_action
3c3e761d0a7ea5d07e2048f6687117fc1d288a7fd24b34cbcfedf6d203cda0ff,84dbdece8338721e3fe727dc59291129c0076001b24f715aab1415cee6975112,none,0,0,0,0,no_action
b8f31453eb0801fad2003cfff63443a18fb200ea96b51f0fa2d75d354d198163,22df7478f69155c48225abb6340db9bebec13bd6b3556bb412dda4f0993426ce,none,0,0,0,0,no_action
bf43cb555c16600e2b473dd381147308d6783de5e3d8444ee8dfeae3270748a3,4517ca152d0e5506046d1300b9f207be3737caa9a8c7f69b19697ab225b42da5,none,0,0,0,0,no_action
398e37e3af049f7cbd98801bb8dcd22ec0cb8a35563ff6c29bc69a882a498074,81aeb3a7066194ba498cefbf3378f0f228680288ded24a0678577d79ff5afe57,none,0,0,0,0,no_action
06c77bb80879adc768dcab32439aa6df25456748c17df94ca87d1658efa81d82,1679263e735fa8d532a8a6720e79367ef97931adfe415c741fd1dfbb11d3141c,none,0,0,0,0,no_action
d9c1bc6cc643dfffd1e723a390ae9ffb60cb32c827dd591ba4d68058f6007b3b,bcf8c4f7eee914395a11020b52f65c295a0e786292c9e88f6404a07fcdf81bf5,none,0,0,0,0,no_action
873d7f049da2e48793779f2d57385781f6e41f71ca1f5135883e5fe380c1e0c2,e8453758cc4f1585a89f80baf7faff06233c1a38551ba7cfc6ce9ce891547eb2,none,0,0,0,0,no_action
b249e2d6e875d20fc208badfec2397a302dae92c04489cb8b3448546be039c78,e7d216b0fcdc025bbe071f46cf08916d47294b30d31a4bedad62a08889bee527,none,0,0,0,0,no_action
08da9c3223b62f4bca9b929a7cc542d59f1c524906b933b6733e175efea72ffc,c69a26322bb15a937f2849f61062dfda1f11117ec01f5b5dd3430709cbcdb9e6,none,0,0,0,0,no_action
f11a87c4eed47e134c77d524338cfd08c6cfb9c648e9949cf26254fec9459c68,0fd50806dba2d415c2bb37d282f7f745625ea4ac31183611a9a2551839391d30,none,0,0,0,0,no_action
74e3516d34927230357c20ee2b3a74542e06be61b6344ee4d8c2bfaa32219da3,b9f63819dbab9ea043ae54812ef4acb0ea42bd07ee05953ccff78035fc38eb22,none,0,0,0,0,no_action
ecf34b178733c7854a57324e595fc6191f9e0c39fbfb90f2919ef847ee203ade,43d1cb54c1bf4f7cfa3372da915f158fdeea78f5b0e22dda2eee7830e2c198ba,none,0,0,0,0,no_action
35a73c571c745b59190b5c8ec5a307c35d4b8e34d08b418fe02c67c706ff4219,bb5f3cb9962b464df964e6c64c88f9e4b259f2763b146e39ee4ffdbf5041c359,none,0,0,0,0,no_action
61e3665f6bbc71e32b7d7784a7ec7b42230c1bcb745766526b8ffd4d6e47364e,ed325519e757baf96c3c08d28d6e767dfc7c16ca758e249e1f9dd14d29e7e267,none,0,0,0,0,no_action
054549a37ac1107b25764d9006021ccf0f7fed3c272abc699097fb36017805a7,3b534b8c7fc4b7e6ecb561b1bdc6048155b404a5c9536f9437e45a991ccfdaee,none,0,0,0,0,no_action
b55ec9fc8bd5a91c47db9ff941b5aac2097996af7cc08ca1eda3135de2768795,3a2984ee3d999f36f378613b38c37a59675eec19535cd1a773a1c4e435b7d42c,none,0,0,0,0,no_action
2ef26037f7e38bfe9bdf75bcbdaef43b00c4132186a42517fdcfdebddc93d463,0437620477597ae415a5ffe4575763852d5da88c52ac2c61c4690ee4346c6be8,none,0,0,0,0,no_action
939e27b870150f5ebf6e2b9da006f542c10186ec031224debe5b355c9f22105d,6d53a562a8d30714b7050e72912939cd4d06f0c7e0717ac681db23ee47be0435,none,0,0,0,0,no_action
562941572a807139303d07a3f798bef9973af8a39135a38d639cbca6f1d5dbc6,69f5872d25b831b1cf46369cee2d09a3618e29e3d050ff34dae7d7ae9901e264,none,0,0,0,0,no_action
b5bb8f5bc0746662624670d642d68bc60bad8dfd45ee0d12d9497710f20b1347,5a12eee061d993c6d237f8a723400957a9d2aabd1ba84959ad17c35d5e152c72,none,0,0,0,0,no_action
17316539e83c0dd6cfe3ae24ef28058f0fe198ec51f5252589deef2eccda0ac5,834bff38c3829436e3566ff7e0172bcd5d816ef16b158ec9acefdbe6f67911f3,none,0,0,0,0,no_action
369b5465dcf81fb8b2b272b03bc5a9a31ab87d1f8cb95972586672252e2e65a0,631b6c9bea3116a3808259d990e409ff2b647facc66eef3f6c8adf49084884bd,none,0,0,0,0,no_action
87a32dc0a31ae71925dc94a6385a06eab84aab7c97f0130c57f34456d561d24a,10df23a1ad858e8730ea10bf744c2dc118d66df0a28de23f19b764912f7fbc19,none,0,0,0,0,no_action
b5281c5beba013fd415f65a7534e41a547daf9182aa23cb081b3971799730d28,ffb796d71ed466ef43108589bc4e83d2a549517d372bdfcaf1f92ff949a5a919,none,0,0,0,0,no_action
656d661082c35f01f3ce02b8a0222b242ab867522b5384ec18d418ecb784d8e4,e055d514086377b3d5a7d41de3a53d67bf8bdb9f57fc75f0fc4b7f6180be01ae,none,0,0,0,0,no_action
7bcbf415f4364eab3b592a976721647183998b36ad7fe3ace379372460f56c4d,a9dae0f39f231c927bb270c3ea2afccd77aae040db04b22597c45fbface9d29d,none,0,0,0,0,no_action
97339f0c1c7755a72af7a49baf32c480d59b7b32fdd29707e6b38d72066daac7,3194c7b494bd497938969955c472b6cc60dd239204112e1de5b30bcf9e6617cc,none,0,0,0,0,no_action
bc47281a723422cfadd5a4f5389549fdba60ed431f679bb1d29320cd031a79bc,c41f2630c7f6b522d53bf421d7b6db5aab8f894258efe57e0b5d80bd382d5e2d,none,0,0,0,0,no_action
bc8814ea69f9c34cb0a81e889a93e08e36d4891d27b6f8ab3b2aa99a05c56cbb,81d0a86664802d51c0924285e4a5cdee2b2e2a3ebe069e9f5a4ecd7383ab7295,none,0,0,0,0,no_action
df0bfa5f2a3237a63dd259501ce68564e771648d49017e0bab174056c82adc5e,ad2d1c26af61aa9343a38f196d03eb819f5f4c7211d7bfc0ac8da69359266814,none,0,0,0,0,no_action
6ce5bfe4759719aae301e55ef3e38a55952711003d0e5ebb32d2bca7200a39f4,9937e4e1beb04524b6a7f6362cdfd977eac2c43ede175cdd0e4f7e6645c2ba7a,none,0,0,0,0,no_action
e93593681aaf6c141661fa8d364df7fbc09a5c67fdbbb497d06502be0bad5f05,35fbe05d4580558f332d26e30f592b9e55e70a4ba0d0fe7a099f7b7cd365c9ce,none,0,0,0,0,no_action
7116a73bc246fcfb644d94eead9e922a7bbba3264b5b4031d2d042957ebc1889,9a10a18c069e72cc1bc845a14b24a6df98a1e01ba48b7ebeee07ebbc3201ac51,none,0,0,0,0,no_action
ff1330d117979f5fd012c87e7ba7e2cee826ae69152c0682908042c800fb9ddc,7a05d6f2b3f7cf644b89a19af54d4d1bac0cc594f6639828bd491b94dabdca96,none,0,0,0,0,no_action
5f2f6ddb3b1024a7b074207015f1d313c67cb678b14599f97daf2980d9561fc4,7f9e6bd3fe344dcdcfb60b0020a44994efb2c005d4c2b9db91672f0f286df999,none,0,0,0,0,no_action
faac477738925482112ea59f42b1eddf4a942a4142a0ebf46f8487fff2202fb8,8198e3a5b85a7745631ee15635753b1cbb24bf164f375cefb6a56a0700c519ae,none,0,0,0,0,no_action
ce282053dd5a6308a330a72a398b76b94a4394e98c559009dc6e74b9ae6c0fa9,4711bd336a4beae72ebd473229a6fb1369f285d46d0c5ca5e8edde9156259b67,none,0,0,0,0,no_action
af3e66e741f0f9c4ab059a499663bb01156e9d3a63d7ff274f5192119c2be592,23ee91e4dff2dc0efbcf6825f36b8d2e9bda62fe5e6afe757a8825ffb7227c0d,none,0,0,0,0,no_action
2329d431652d10a2fefee278c5a78be5851b608a35aceac7b15ba314502caab7,c8757eb01d60073851ef14c51ae3c16484a87aba216b60648be5c3dd1db9faad,none,0,0,0,0,no_action
18b66150377a74bc556655dc25426a672cf93095fd9a8e9362744773a1f72e30,2f58e921924e0462d87703c5f73428666614211f4ac582d30de92b6ab9611a80,none,0,0,0,0,no_action
9efe7b6fdb2a648a0d88fcf5c3f09be59e5e0e9015056c0ef8be9e52d3023934,289d1d0351eb05d98d307853965425c4dc018221733d505e66bc7195982cf5bb,none,0,0,0,0,no_action
36eed63d110b26440c39d29ccd9f3824e26a4f2d0641e604f0c9a471ef6fa58c,2deb3b7217cf9150f6aa60756a9225df0b564c8bf8ec6b6d4cdef62e449e648f,none,0,0,0,0,no_action
ce857c434b180179aba5b2096e60d6eb95d03bc68f3fb2dfa430dda17c938be5,f754cb58a8deecb1e3bc9d524806a999cf5cfd2f33b356bf6479c4aae611ddd8,none,0,0,0,0,no_action
d424253c73167e246b6c82f313b2cc88cc3423a1dc55bf06c3e10db6017f15c9,193d5a677c9705ec1bec0c94fbaf09d556e20821c17b56758e47ff09c55d64ed,none,0,0,0,0,no_action
0724195411d8accb35fadf8f4ab64a4dc00fdd8b6ce60ce9a0fc144ea543884e,78d53e9bb89e8d8ac0998bbb7a525ca4c586f45c758cb664e8114d57916e774b,none,0,0,0,0,no_action
bb93be70141377ed418882b383a92ca566aad630c9fce307fc79e9dc62629d0b,9921da408a21688daa0c883013728df50b37a6bbdd06127e96c3349c877006fe,none,0,0,0,0,no_action
bc815e3e5564ac54a6c4b4a25f7237138405d08e15ec3a12a14a836a65bb372e,0c3287852d5143907c265ed514ff5698047ec5ced463668739219044a400e5b0,none,0,0,0,0,no_action
0ac6c0564c59913567f5af51a3d1160a0b4d9a8ce70762995bad5060eedb4e17,9a62120f875d93d4505a723370149a371d3af6b65826d823a2df54b5c59eaeb7,none,0,0,0,0,no_action
b322a0aa562e00e3107825ddfdb10c6afbde4eb1778f01c1373ea1d5e990cf1f,321fd1bb5fbcffac3749985e3bd7aa380c5f0c70acc2b129ef001f4d53b4a960,none,0,0,0,0,no_action
0ae0e7fc736b56637d4536b7d0dbf610af3fe40d14d8d48066c7e4c9a8efdf69,ed497dc98f697803c5f3dbc9ddb657763e90891fd01a699304a80152bfb1a180,none,0,0,0,0,no_action
eae3e0ab36c5dd738d4b9603e3090addb1250c3c25c186571fb88dca7eaccd37,1e7920ec7b1f672f82646857cf9bef8c2dbc9ed0426dabf6d9edbd8de7ea38b2,none,0,0,0,0,no_action
5e752c42157e972be66470b1f1bcd923383404796d97f04f90a101e2505fa935,c4c30ff35e1a8f6049aed0563e6383c752f1e8e6e22f28b61d499a849a67fc80,none,0,0,0,0,no_action
900465f76cd491c246629c39051f63184ea9b64bd26a0bfd0446be7a01af2f31,535c664b5681cda40219d0b3d343e45e0ec7548e4e8cab7a7d4de18a19231c60,none,0,0,0,0,no_action
da450365d91bdf29bccd376ddb58f92e4f0ad0fc66fa17364289f83587b175a9,cf3ae193eaaca4d8ffb4cde7d6c140d3fbdbe23f895ca68ca9fb8bf3ed287624,none,0,0,0,0,no_action
bcf025a7ec6002d5a61c5a18756e8b6d5e1b32279725c35f24673cf130d7bb25,1698bc684641c16e1d78752601a5a477baa6c2fa2bcb9fa94a18ffcfe54abede,none,0,0,0,0,no_action
ae5324e75ab4a01948989bb270d2279c47385c50a46270098be8d634b4e9b22e,e0094ec8cb0d73b80f9fe01324b7bd800dd464735439c4a1cd4ffcf396dc1db0,none,0,0,0,0,no_action
f800b9878c42009a2f06d7864a42ae5d4c2969b5c04f21c5e90051452abc150e,4bc7666496c59de9d3e6b780c8a053273c830cea614d38e79913da33e871bc31,none,0,0,0,0,no_action
d2c2bfcac145863da461677f91dbfa806103545ce8cb906afa12c39560b7eb94,9a3e17d3cfe2400000c188e31ef3d3fca04828cd340cde77f741c758d55f5964,none,0,0,0,0,no_action
d1d66f1794b702df84dd4f241d3f845de9856023f32fd5b9f7fd31f2eac3f381,dec52e9d51cf54eec6f4600da196e67c09dddd47fd35678fa276a4c670c529eb,none,0,0,0,0,no_action
0c218505ab67fa8014d117753668e30c33971491f78ee0f8399afd184f276784,880eeea116a7e820e9e7776eebaca9cc7bee08b8bc0468b9d3ee8b74a4422995,none,0,0,0,0,no_action
035ba9359cce65be8224bb26d9b35385ee0df81e82ac8e4226b42b498853f21a,0ab7d6c1bd58a21ad96176d4451fc66406894f64e614fba983b2a5e54240667f,none,0,0,0,0,no_action
90ecc90da8ae4ba5d502b84a14131b3774ce7bc06c085c52535fd3334e6851df,a2f7aac691e9ab872911cef3e84a6e657bf4e2fb28c40c8d9f270a897b442ae6,none,0,0,0,0,no_action
249399a99680a1ee7eeb5f56e8c79fafca2b99f6efd655f3792e719e3ddd3663,4a3199287b240530e076b695369d3f7004ec8a211075cdf3c065ad59ddb55366,none,0,0,0,0,no_action
ed2d28b37adf0a17ba8cd10cf83605a4ded92fcedf6be49327c60ea3153752c9,33fba37d9458ed218c9e81cf3f88c393470e6b8c65d2af9e6d9eca5b2c9ef87f,none,0,0,0,0,no_action
0e85fee414bbf3ad8a049065d296e61d7d05181ab4aec2e788d5755413c38805,6ed4712376f596256cb03e4d5860397c29a901829d22b37502b016aa99940dbd,none,0,0,0,0,no_action
71c8d3da36e8771fc2115d8ba3b864c95d8106f565871d65d07e8c16e88da9f8,c733686101315b3b7a0877361738fefa7e3f802a62481b33a82313f408bbe5fa,none,0,0,0,0,no_action
905b21fb49dbc3a42d4e4db5209fc613d57b2b9ac29922018c5d1017665c448c,1277acb751b88b38f5dc49969ca045d4f2a3d6290ec88b5f399b37b754b3167c,none,0,0,0,0,no_action
21b2ac78fbccca30cf7215c0c37611d58a35bf7b963ee7b602b69e3feda9956a,c26ca5a6e73bbd6227045a6a135f5d54f78a81df889289982198b04f620467fe,none,0,0,0,0,no_action
ea0f71041f2ec7b2ef9034dc2155bd0ac346cb27690613bd65d2651be4aae179,d8b150a55e5a9afdfe34fd6340fa1b0c102ce92a2ae125cdd5cc3e342440cc87,none,0,0,0,0,no_action
e6eb53b12c53fd2bf9d79d088581083c99455739277604da5922597e34b5b4a9,6b210bb23d946699c08bdbbbe35a661338a4908dc49eb94a1fe53eabb94ff43f,none,0,0,0,0,no_action
56d9e5b4cf11c8cb7cd055dca02dbb204de412a6829544276a0c2e9235035c57,afbb97d29f866021d2c7a9de59f62bd06f434f94112cf67a69295b6a7f596176,none,0,0,0,0,no_action
ba215dbfcf08a82c97734320206d898a5b3305819c90af18a86f71c4efcb0bed,484290386fd20efb20c8ee2e10436120c2a828f4a9d825fb55aa8c4dd2996d0e,none,0,0,0,0,no_action
3a4f14fd0f09351cff9769d2ee040f4fdf80e8bdd8d10f1b9affc4d53b4c03d7,a8848a9d230cacd1570f91c7501da958f20e8228017993e5e165128bcad9fdf3,none,0,0,0,0,no_action
84e5ec39d4b8a5cb33013f5ba4394174e2e811f500f1ba5eb2bcb29cea13395b,fe289c551ea430451716bbf8fcc3955afbb47f0f20fa5c081a9097a7f8e3bf63,none,0,0,0,0,no_action
0159e86a5b48fe170f757dc3d3f5c91bf9c4d63d01b492b69a83980281b0bcde,0cee9f0fb0fa2ae19b307deea7e0f5ab9c0e0e57e7a30a346d2d2c197452b8a3,none,0,0,0,0,no_action
90ec2786953563587d8ad9868fe18f11bc457baccf94a1eebb6fb33192dcd225,a8c79e46c8c5778f7b0b416e4700c64efc9b17521330176bcc67d2c541cc49d3,none,0,0,0,0,no_action
aed3b773c1d87cda60af263dde46999f45b061fd41bcbb44b1f549656ad31618,65259f6545b40d36df869c3edd30e01ca4b59ae3012d33ab28c1fc8c0ad5279d,none,0,0,0,0,no_action
bd0d0478ac5f85e9730d548785d3cc5b5336031f44dac3bfdf661dc355119a0d,c2b94be5c1f9af8df9ffc40e60be38f8caaeaef188d602067a93265a6375a9eb,none,0,0,0,0,no_action
6c12053bd8529a1e6862c2e5f78ced9eba2a7f58a8d986bf54edd42cf788042e,46d1e0ec6602e9758fa7a1200ca39f1a8ed76643390d39a8fe32dc464eed6e95,none,0,0,0,0,no_action
b609d6153b73a3476f09484b52b4be51911d45560a90bac9ac9496c902d548b3,1442fb1786487dce006dd134297952842954b6edc0f4d0eb75184d1fb693b7da,none,0,0,0,0,no_action
3809bec7a9725d7372ab83a7675eb6d024176a21ceb0f9cfb3a5e99b2329ed28,23431bf21a4e82c2a9b15b73fe7cf1b84dd70d13c8e5a117a8f886fee3589331,none,0,0,0,0,no_action
2f20e789b69ded1d48ae302f883f20318289cf79b9ff35850b65f292b3f2e2f6,e3f0748a2189827c9b84f3c03c5f98792b6792ee8daab10a2e6f3873c65acce5,none,0,0,0,0,no_action
3de39a28abb62f69f75c109c896090abbcddf0062f9931aeae3e7f46c2df81d9,3c7b33e141c30edacd1fd824f8c1afe8e40360987ca17e8069d466d60973657c,none,0,0,0,0,no_action
8f121bf45228e9e489a93f1dbc8445e4b6dc6aaddac4d25f337a7b61649a054e,c0509abf65c2ce4230de78e013e3a13cbb266a550a3b12be4c88a53790d9dd6f,none,0,0,0,0,no_action
35d4e804b1ffd3bf2cfeb3f4f178e4844586f9492d0e1beec3e2c1256a9be597,05cd92a873324197ca29ea37a0d06762fb4c5109488a2a81715b33b40522f897,none,0,0,0,0,no_action
0ff1cfe17775e877a4002d88441f7069aa171dd066f25c7189a04330968d0e9c,83133a0ed4a2742d9de5445aa02eeead18d503b930197cb61dbd4441b0d2e160,none,0,0,0,0,no_action
dc9fbf2b9f143165fb87ee7fd81a5f0bca22d84c462d3df96c70647973c304d4,1e44216d6849967f645e723666428f962149d3b476a57cf6dc734d31fdfede96,none,0,0,0,0,no_action
fd0712303f5bb0a1fda9c2aa0cd908eb5ace56a0fa14420ebf447e42a933680c,bed892d23a5c1ae97a4bc7b624ec58138f060d9d4445832e9a7b44c34d255c82,none,0,0,0,0,no_action
6a6a4e71136d4b119b72798564d480258f934ac36a6389109b1eef50ee9ed582,ce96bfd1e3d1cb035dbb15d908757971c602ce641af4738a688dd53d2305632c,none,0,0,0,0,no_action
1ad0cd2a0378fb251c8152973724e4d567455e73cbdd7bd6508c8737862e1444,abbf0e3dac83f3add32b98c7847c2c437597982c2faf2656b8417be83d87aa87,none,0,0,0,0,no_action
50a40ba0e3d4636a70ec07520db1568c3267f330f79d1019fb9bdbde4ad8b31d,5961cf714f9c0500993ebd8d9cee83d225e40b1fa88f9603369b4a2084e25ebf,none,0,0,0,0,no_action
ef0f806edae720f492110c8a1d20a11fca53e8f585991d3db04f93a72973e117,3973c4333cc5e78268e78b2607a096db710136e6d14c780f3c928a54588b698d,none,0,0,0,0,no_action
03216900fc280d04a52c37bfdd0532ea13e0878b9822cdf9880bf40bea8c72e8,7c7e7e9f225d25efa62570671210c5cb1b6100fa5ab93ca8055fe9a44607005b,none,0,0,0,0,no_action
3018bf608e7825601710f8849969937691a79607243a8cbdd9a6d8865ae26e3b,19f1b652408f9c15c1c2b7e1943750afb098388d8166e0e481170ab3e942bffd,none,0,0,0,0,no_action
ac7424472be9a7b98b8b808278aa3b7f33d6445788fc84c82de16dead5e0ef64,64d501502d569fd9bf13cdaa49df2ed73d440ffa9234c75f29d140fff7f22d80,none,0,0,0,0,no_action
d8742d6490057cdbf28183e42ba9ccdb58de8ec38e4739666dea8ccf0173f95b,462dc156874c6c839d2b132487d13065a2c85d67e72830da5f8f5984dc193f1c,none,0,0,0,0,no_action
25194908b881d67fe471a74b409c0b9c8e7ce48aaaba3c53f8fafbdb2f19b0d1,5985e6102ac4ce784932b491136506be21b295b06adf83bb5bce6c821f36fb7d,none,0,0,0,0,no_action
e4426cbdb08ab8039a2f3bcb5e9f86d5e3586d561804badff29eb093f475e42c,fb28f6e9a30619eb4b08228cfe12cafd67d3d2aacb6e0726a064e353d7cdb83f,none,0,0,0,0,no_action
5964ca390b389e529d3b9737156211b8fcb59ebedf3f83382f87a88d83d1f4ec,00237da6e9c9e39889710eb9e6c34a6073be17e85e0a24e4930cf547582e3490,none,0,0,0,0,no_action
b33142150f749716a11bad15c2c38a2dc2826c67a56932dd70071457da1b59a3,f02a3576c1ee10f670a2866d4c71cdf6c347d46cf74bc37248977b75b9354cea,none,0,0,0,0,no_action
3d3267ccea6d603ede106f6b82327638090554275c1635086aeb15d1dae4d6d5,bc33905d1b0a3eeae32883a16032fef5679765361c6950ac9cc3498aae247bd2,none,0,0,0,0,no_action
04bdf3dfc343c23dbf4fc1e6c205874566a7917471543b31935a6677ff5c60b7,93d6195f965c8b641cca5e0a22f1afea0f3aba739e3df6912c2eee5360b9d289,none,0,0,0,0,no_action
199f7bd7e0d939d9b85e40809b3ff309171b848dfbf8c575b9b8e85d9373c389,7206533998100ae41ca0a9b858a22641a5fdd0b9b0c25b9b6c5fa4f4f1a3d052,none,0,0,0,0,no_action
13ca3c2f2d48a0934a1bdd271e6e85208419d6529d9214f8481dc176ca8c10af,d6cd04972a2029034b8491b862c53e880c73f6acf0019355462c944c6663b4e2,none,0,0,0,0,no_action
b6c2a19b07da1f76961bd9d9c1f62a356dea9cf06582b13d154700d9f5d506dc,fc9e42b5966c407d0564429b60ce9f05d38db915b5077ba694f2088b188ce0b6,none,0,0,0,0,no_action
459db2b92ee64c002358213da3fdc7dc2c0693a4703a65558f8d9cfce0dc2be6,47260d2405c87c35d83722373951cb1b160782b7d48cefabb5784a9d73f730b1,none,0,0,0,0,no_action
8fe433c52981dc6b9903ac06819087328b37d4706bdadd340b0615fe75582c39,e461a09a25f4f487d12b42cab03ab4a9dd76a42f74e4fc3a11455fca42b765d5,none,0,0,0,0,no_action
2c18f186d34b318a7badd2a47b59ca8080b64a6c64948e05042f74cc2344fa86,5509e9b3a408b590795cce035fd3e9ac77faa6e2f62abfe1942c4a2a2974c996,none,0,0,0,0,no_action
56584599fb81f76aa74e1fbf87e5f9cf4dafb9bc2121d8eba5ab7656ba9050d7,34659ba5b52e745c3be00cd18d28d8e8fb5e5d331f26f93d79b98a06febc9250,none,0,0,0,0,no_action
e7878601738673e2810e303959293c1f042f58f768ed69a975fe009bb59e0f40,c5ec094dacdc1c1cbd3856bef5782a4fb509bc47b8b9c4f5802b80936a8d8a9a,none,0,0,0,0,no_action
0e58d4508555dbce3d6836e3cf47c7983341f6e62f816022d4e5b2c4ba1b5bee,729efe893ca48496da7e49b9953d6ea2ba4181550c62d511a9d13d9e96540f13,none,0,0,0,0,no_action
88c2e943f1b72dac2083b4ebc50550789d5fc8f592c16fc22d287fc0d5e9123b,831fd77442a7c6926d187596d4c3215dc4d330ef42ab5d7e301a8c389dd5c24b,none,0,0,0,0,no_action
c15a42d9a820045200493efd71fb3fe2b1df2b159831a3cd41be76858e35d240,dfeb9ace5932faed2eb8bdb6776e78dfa2ca3981081c6ba7426b01768e5f5f9d,none,0,0,0,0,no_action
0d7fd7587b4bb755cc28f950ef37ca9b3cac306c0fb5300ade1f8eec158a2294,a1c4827828b77319b23dfda4cb50ca25ddc76f6e01753711296e3e96e4456282,none,0,0,0,0,no_action
8991861544a8cae27f8c880199432ff678ae8e8b1feac2d8d630298e725a85c6,5a1ba87ce41f88dd6264459b44a85259e480ff605ac12a0b78ae3177a6f0d00b,none,0,0,0,0,no_action
a2e52c839cdb8c0696d958691bc56032d3f1cb7c6e1663f764715d46512d1a05,9282fd693914be8c04818fc57e50e69fae555e590c561d456d4fe876cd0deffb,none,0,0,0,0,no_action
2cd3d3759a922bbbf1a44d8815d75159a76a30519d45819700d8c550ee68d1ad,2b7a50ff13e31a75859beb7fbcc0ccb544d27f718a24bddd7c06dff45f57c80a,none,0,0,0,0,no_action
b85a886712e84b55445c5d2551fbc0feffc852ac363720d2b2755720fc91198d,4f6124cb25f62d0afef933ac1229094529c2a0580ddce95c098a2acba2837bc3,none,0,0,0,0,no_action
ac920b86ec6a88226404d7577802052f3aab0999ddd09d96906cff49498128b2,0600b08bcfc4f31704a80feccfb5c676b759e2f56cf82120ad1b18e1569b5a8c,none,0,0,0,0,no_action
3db28f26c2f77510cdeef9e8a3eda126b2378c961eb163ab25fee42d11acce60,7d2cb9441bfef0c9816579fe1bb023b9dde419622bacca7b86814694885467b0,none,0,0,0,0,no_action
35013ee4f6b9506bd73fc2ea3cfc8e80795cc7bfdf6281649901892c66976de0,497446f7803329da9e711b58f25849a09e13c005b2e5189d065e2af67220b1af,none,0,0,0,0,no_action
7f0f977a00cf3d83fad91b3969ee2ac2b65f4462a4580978b0d67f4625b0d8c8,90773008f829bae5fc5ce1d322585a6c8f29ac64108384e0f3a3266caf4dce8f,none,0,0,0,0,no_action
faf1e914abb6d06d516f95c618f5c50ebf7879e261e20ee3b9a0adfb125c487f,e0b6ccd2235305ce1a411de30cc0a2f89eb62c6efff4d514432a02e0bcf39322,none,0,0,0,0,no_action
e2b3df8566756b90b54ce1ad4494143333060132433343d4cfbf3d7ed1b45830,0c9a84a6861d954ece5e779a71f373418946f439c72f7b6c575590b0f9241e19,none,0,0,0,0,no_action
86534ad3c5d3bdffd6898ac9e0ac61e4cd7048779650c309ae1be2118907ad6f,889456d2c57853400e6344832b584551b740d7589c10c88b65e9e06928ea8a79,none,0,0,0,0,no_action
ffc7e027620906731fd48edb73e85e0714cdf80c3cab933b9c77f5514f3bbaaa,853270d1fd8b3a74142fda1cc016a93dfb0d004fe6eb6cb7a479f74ce5cddcfc,none,0,0,0,0,no_action
30895e9d7c9e175aa21ebc9257b564af8cf71ee64933cb236493d156515c2f0c,3a85131619dddf5f981658b6982ea43ddd9d3f273433ec5b9be7277abf3575f8,none,0,0,0,0,no_action
aefcfa66c2ec3757fd5ea34aa1e33b8b8af9cc864cd74ad01804ff9dbf57c48e,935814fa4310ceba6df72db7cb774bec490b5d16efc3f179fbb6b9b823332634,none,0,0,0,0,no_action
abdd1bef4b6172e98800539867c9123fcbeb5b68099f6890983ea1757204d39d,88cdaeaf50044361644c6705fa7757de8bb3a4b21a02385bd63814f53d891c67,none,0,0,0,0,no_action
9570cbacecbc227133fc918aee2a8b2709635afb8f5ebfbd14aeeda8e01c338d,29b3f1794208591a7e75529042486f335fa200a5fec010b08d629d0d6da098ae,none,0,0,0,0,no_action
feb088804d1be55bdee6bd97930696a4749e80f6a55ac916818a619e5d1a0ba0,103af27b88bc91c7dbe0872980b9ee3dd7416a854e7b5562e33b06dfa6903e26,none,0,0,0,0,no_action
f63d3fe54e84bc45a58dd53d69381dc7909ec7dbb2bc49e3cf73c007a1a0cd22,267bd7a11350e01bbb4650b5fe8dc17cc9a57c4f874ea95e52970a909b9bc4b6,none,0,0,0,0,no_action
e29d73de3d3c194b543fa495337d6bfdc8ef57f8172467f83350b0679b1eb49c,966129ff3881adece736d5ead677da4e612707b72d087d08bd32df2c4f603d5f,none,0,0,0,0,no_action
1a979119294c170eb0399c9c95ed815c8dea3b0a975614c8adf5f04ebc2c769e,9f51a494f71a5a667fbb4f0f124b3852cf4ad6d5c6c714eedfc0f89654da85a8,none,0,0,0,0,no_action
48bbb4e0018f6715a6098633fa661d17363123a6abf5475ef2b62a6b68ef79b1,e6f41d38fac256c52a7579e0a3454ea2a6ba4190d1ddf8390b441960da6e22c5,none,0,0,0,0,no_action
3e2cb75ddc83ef40d7b956c97849db5b0e5161c136f45ed1cd91bb297d0409f7,1bb4428d919058e9229cc1b84b890fe973efbab15c07df69fbf29243ef387c82,none,0,0,0,0,no_action
1c919d6822ebc2f0ed60b0f3bc2e6e971d6405dc54de6ccfba668e885e01a1d7,b5ca560e8d06f49873ecc8f5fd518b75ba5aebdce439b57f04c635fa11381525,none,0,0,0,0,no_action
cfbe8b67061eaf4d00c03252253eaee085436909c45af6d129459e976c7c5b85,18e3223a5589b499ef3e4ebd85bbf9c1d72591787d9c102f732d74a7cf274940,none,0,0,0,0,no_action
bbe76174bf7ab993026827c2d055c4ae81253b86b27de12b801e48634a3742a5,4d2f0c9f6cc877e67c7048241ed0a43047db31432dbba165dc4dd6b45ce3309e,none,0,0,0,0,no_action
795c51f447134eb7a099b3f504499c4b400f6a632a9a3264e331a787b5f70c2c,a5b8059e2564066eaedb3eec1346494e986dfdc8c5ed80fb0b841cf1ab8f9c89,none,0,0,0,0,no_action
cb53129c3f89df44f09b21351fc875b65419928763a434604f13c06c6bb5836e,ad0bad4b444eec3feb346b7a408d146b84d8f574bb3e818d003818669a2a8466,none,0,0,0,0,no_action
62d17e93d76ce3b6e79cef873528ad929401f18292122d482bedce6744b712e6,4459d3648ced4fe9c7680ebcd7ea31b67a7ccd38718b2ea2b2aac857f51c678f,none,0,0,0,0,no_action
a2fc4f6a844c09699cbb412009a16431da906d1a61be2d3c7c55274b84bfcd17,dff42cbe17dee9339419f66311a04981f67c4962a53b75727f06a0168b6f9455,none,0,0,0,0,no_action
654925024df8b1b0ad9b59296806b8be9afb40b8bd4c86af12cd54c01cf49b16,35c7ddf1daeec08389c067b947400effe82582c14e29b3bf05aa58ca70ed16d7,none,0,0,0,0,no_action
2c50aded53ff31bc9ab63677b033302f8a1988d146456a3119af90a65fb827f7,f2a4e076562a9ffd00d62c6cf30ff7d159279d9712c87d6c8672bb9b7be44e1c,none,0,0,0,0,no_action
2946410b911ab4266900b84e807e566d6dfd32523a9ef961e52504b600dcfe28,5e0ce0876a80ad13f1dedb214c7bcec33501ccc2593c7bac9a8a562d4e61378e,none,0,0,0,0,no_action
c593759670dfe1f8feac026c3fc7143594616b57ecfe2ea566b5d03ea9590b42,75242c5cea86d9b1cd7a9dadef46ad992a9cf6d359695e2829f0fa5ba0b2ad5d,none,0,0,0,0,no_action
8b9f810e54b697b09f084ac626493a9629512593adf3406491d9a41bcfbaafe7,f71b00baf152440cfa4c86c8e08040bdaad9029fe7d00473530811a23b429f02,none,0,0,0,0,no_action
11f65aba4211225fdd176fb9a8e0b0b270801cd8cba372790b5df34183daae50,003e89aad02171bf7024cc75324f433392941f4a48ffbb9a8c6c90a768c6b713,none,0,0,0,0,no_action
654b85c3499c166d232c17e2218a6d1620d72ec983a97a979d899233210a2b88,2f6ca29cb0153997332a1f021d50de6c588f94c601c909eceb6710f337f87e21,none,0,0,0,0,no_action
dee8ca065e0bc10f770e5df6e0b9c723061502f83d16ea85011bff2c6bda637e,0ada308bd2d29fc87b90c2e3f91436218216263f1944d8ccae410063acfa506b,none,0,0,0,0,no_action
edfa8d10a2b3080e66b799e5cac49357470c9f7686b00ff00a8b394d8aff5759,24fdfb092801a5a739945e009eaaae7610d627837f8b6b6c1d16d96dc8f20bda,none,0,0,0,0,no_action
26f97f58f35e8758b0d4e13a7898ce964410aca1f499e65dfd53f7635144fe95,00f8c56004e5352ab9c46e71acef3901f54c5b52b3cd768d49c577df8c001290,none,0,0,0,0,no_action
60716b3e9edecf6f768c9b9c928a7bae0902095122c6eee196165c8b081f6574,2a02471ca6a6ab4bcef729ad5527106869e71cf2e5451aa8cf86d43cae922092,none,0,0,0,0,no_action
a384c67f4565b8e88f6c94fbf37df8d64048799babc0d77294404b4d491e85cb,0c29c96ddbb720dc65acaec3990e1f5eb8e21542eabc9ddaf147bf34a4d14569,none,0,0,0,0,no_action
34c536b91bb9aa189fb1bd521f625e1f5187b807e6aabe0981e086b1a53b47df,040d5c0feddd671e7e0a84acf78c37da49955e77aaca84595a4ab0756c032efb,none,0,0,0,0,no_action
c6d79ef5ef321b2cefd80d87d5be20462f705e3f9764a6bef9ea82c03feabde4,9da80cb7e82a85198df1d9062bfed452ddf38b1d80825b07c7fe8d26e40615d2,none,0,0,0,0,no_action
6f4e0ad7d3eaa3c6509d2874570acdd4310bf74a0d69a014fe4dd3527083df8b,8017348a464d6b2864c561e11cac9fb892e4751945d70db3a7258af33c1a8b08,none,0,0,0,0,no_action
55d337905c338344cbbac249f2c65844771800cf67c9d317fdc62bbfb166b6eb,027b9cf3395c680b4877853fc89036d333031d93e6a34691fd8a1300356fde75,none,0,0,0,0,no_action
0ba2b71de0bc0f8518b9b02987c9dc2e4f02082d808f6a939823d6dff899d2fc,ef409e55dcfef8d0bf9702b10c37b486f58e3e9f318c7430ff20e8853c4c8fa3,none,0,0,0,0,no_action
33960a33b99fd378143479c0bc1995df448f52bcbcbef24b67bbe2f071f3add1,765c4a13e16e4dcccd0e9868d9451c2ce396973018adfa33d12d1c7c2de60227,none,0,0,0,0,no_action
dea6218cbfb6db2fa11127e201091a0f081c5d8edc173822462b1118f0fe63cf,d9760caa24e7dc5325a43df479bc13e58de86833ac48d81ae7e633ff8e6d8484,none,0,0,0,0,no_action
3380a3ebee006ea5197d0e7f683a5fcaa1f91598e5f0ad36e596a4b4f9bbe5d0,0cb5cce4e7bb8a5d41a76ccf94c9f56aae1447b88613e331bcf5006a8e7a2b63,none,0,0,0,0,no_action
6517caba818aea2d60e7f24586f2b1ddfce5bf54a19cae295f5ce43d4e469545,9389cedbd32d6c8bf3d509e70d38a086bdb25359aa48bfa3cad035ad64e5b38d,none,0,0,0,0,no_action
b3007a5a554d762f283095e22fe0dcaea5fbe72e35716f8ecbd648f0f70b7b11,6a4565ff60f1348060f53c834fc2b3717de31683e453a4631261c29dd54edf6f,none,0,0,0,0,no_action
eee87cfd3a2766520ac73d42f5a2ab181536624bddaad85521c8dbd4853df21f,d01c4576c625ce481c5504b3b49ac4441f6fc14f03a78c330d5838be9c76f786,none,0,0,0,0,no_action
3ff9b5ccc5f07e52074512f1409117fdb499e252b215d2698d83619d6c7a83f3,99dc3c9cca99ec7e32e79c51dd382786f9fc8713b30d46e085fe4c6bdeae95a2,none,0,0,0,0,no_action
afb8a9955224ef0a2b2da3c5d900d014171cb83d02c169ffb4413031771072d9,6ca7e218d81b30ef599ce1fbe8055669ec1de48ac1c8de84fede9d0dc954f749,none,0,0,0,0,no_action
37a3921801cd743e967ec889c5a3251b2476563e0f4fe09e272299ae76edf91c,3b04d0c6d07d5e7ab740c63d3da58e488ce12c7cf012ef4233a1630b6b3df946,none,0,0,0,0,no_action
30ac5666001b3ff79a908dc64d3de247694cbe39620a6c34df01bd24bf7c2709,a750838c25595db8c3915b4745eeb66ef3053f2b87f4b54b9c884d6c958e669c,none,0,0,0,0,no_action
bf1d2786d9fa9f4e3bc4e4c57365478b3d9d95cfd10a93a5dbf672145ec146eb,823f0d5c9283f5f852e5cb7bc5ab3f9580ac9838ebdc968fa3488d6bb62ec9bb,none,0,0,0,0,no_action
cee56fd5ff804b190cd68acd40d0712069c89cbda34f93eaa81b43dbf323e771,0e349a0d06961621d6304823d0ce27e6a987875fd96c1d1846bca484de78dbaa,none,0,0,0,0,no_action
93a9fe2b1c48b0e4c716df2d333de787b3b21fe269813439d9df4fffaed137d7,9c14e32f944da098be9f7fc64d7fd0df71a58b87cdfa5e1e57cf71db91a563ff,none,0,0,0,0,no_action
76474b4da4265a8fd2376a343834253808b3c1d8ca0aad5ade4179f96014dbec,b3c7b6df851b16152f2648bb8b1de1c91e153f3e60ec324d035d2c6be6605546,none,0,0,0,0,no_action
5fa526a85db54f94865f9dfba248691649dfd1384fb01b86bf2253a90ff0fd8e,15e9832ddcbffca3cbfe8d4cfe4fe8045b8e0e20a29c6ad979baef31f2f3e665,none,0,0,0,0,no_action
b9560d51925ea450926df757914c9b022fe98d68d6c8077b93eb815a7e7b05f3,d05f47e79f296b729757f1c607348a098abbec88b29a7845e0012dc5718629ab,none,0,0,0,0,no_action
bbb3cab1abb613b75f5dc29e3309ea6ec76287a349be88626ab7f742a04e7ead,d1fbb55f2a1471790488366eb948cad7d65ae0f986d8339fb1248abc5b606210,none,0,0,0,0,no_action
49f87d37ebbb3e96bb0eca4714866f3dea05c7c154c8942bba8b3a5939003314,e14c30bc85e5f7b71fd28006a4c4fe30d39b2fb4a533342c727ca8bdb1dc3239,none,0,0,0,0,no_action
ab10bfd157dc192fd802ae791b65d189124771851e62ea47811f1fb868a90c61,3d7777edea1d677791a2caa3fe870904dad3e96d838c170fc0c54e57d946697f,none,0,0,0,0,no_action
6edd581830af6e78914328e194203a8a1585bd70120f03336b1d8241d05e7725,4c13e05153123f15f5e34410af8781f1e15d8c3440cdbb863ee1b03544d2c916,none,0,0,0,0,no_action
432854f5ed5e9315367322e839f793715176fdb2d69f9451e6dfc660a1f4dc9a,8fc8f8b38c6fb91695f826e7d955836105fb1cd714a333d93984c161a600099c,none,0,0,0,0,no_action
39c46267c375d98681789207b500eab5ac6a1d4e593bdfe36acbe9b177141823,d751586ad9d44ba0d28dc1d634521a90045577f3ab29f73228eb96a6c4936476,none,0,0,0,0,no_action
813269d670cbcbc1613a936f4380e9a9a7f72b29aed64a0d2c7968bad181d006,24677e3e75788976e54b302224d5c7a07ad0da997facc3f4a0b032a90b20d5d5,none,0,0,0,0,no_action
9b9e2fc5b3f4ff4cc16c3e7cb57f8253465b6a679e2a4b850aa4a88fa31a0cbe,d4c217faa164bfa0cf5ac15eadcebe25c5ebd26e6b4b66c496c15b130a1fec7b,none,0,0,0,0,no_action
e8e80fa7775c4dba6cf54009786b7bcff04b11c36654fa27a092c5e082762638,7a8f170962ec85f8324b396bf47a3a0152716af65a340964b0c1cb651026f846,none,0,0,0,0,no_action
af6c5238502832d314ad72a63ce35e83e5b76cf5957d9e23097c38599d19ad90,37c3471cf5b7c4d34e16bdc03ca99ae618c719174b911d4fe00785b58e4af8da,none,0,0,0,0,no_action
88d8e09fab6324d01c20b85e440336ae9adf75aef12cfdf9aa2daf74570d8a4f,8d60d73d94238d0b98f2b8fd4ac6563f114b31b1f37af883623e42abf9000020,none,0,0,0,0,no_action
2312f6af1598854a85adbf8a8835750ac39ff4e47056fa8092063e5826089b19,86604a54cc2404279ff3453795c286463facfce894c1c6016ac7c1c4360d3e16,none,0,0,0,0,no_action
5ef886049b5ff6e32deb05450cbd9c68e115b3b6835e5cdf816ab3e046cee0bb,f1ed352876c813f683757f3952526179ce861e850b7d8863b9875025fd4cdd89,none,0,0,0,0,no_action
d39ecd48ff78537303a736b1f1d6df0c74d95e75ae25b5db82cc2a3348eee14f,9b81877751764bc3b97639f7282ae2d1b495b5224ba92b3c81e06cb050753aa0,none,0,0,0,0,no_action
d64e1e8788741a35788a9237901697bf01ae5fd6b246a627b3591fe1a23b11aa,10dca642f9da289b668a2a1beda339c540d4988469396c59e529eff863a8a31f,none,0,0,0,0,no_action
9643eedabc497eebebb6fbca7a5339ae00b3db4b277d253d94afe6cf1c02f6c6,80189206e68902f36daf84faa12c73a0682f59a384425f11e348064481bcf08e,none,0,0,0,0,no_action
3b02e2d3a9fdf2b6be3696f57ef8e02ef441f5f77c32dffee99b2129007532c0,bb18f69c314cb8e37a056e17a77f7056e05014c5708379c256735563a5510ab9,none,0,0,0,0,no_action
bf2a015e40ea293cc20490317b869f43b31cda72336296bc51f1b4b26464afa9,8053df69a03d7bdb302f68837aa88e5357ee271f3454db7f03141ee1c8b8d971,none,0,0,0,0,no_action
b9033fb87b81bb1d8fa4f23783ad4323f71e8d0061dfb940fca9d86b13ab1ec1,9de7dcaa7f993623901c43a4c5d509a2b1574fbb742b140aa1ff7dcc22f36e91,none,0,0,0,0,no_action
b21019db7fe89ae9e754b0f5541e10d8ed775b4b82c5f3abd3da5a5fecc73c40,94478f58f9ca361ab25d7cac83cee4e84b4391c0e767bc2d50263da9537fc96a,none,0,0,0,0,no_action
20bf636c1d314f259bd057f0961b53a8a0daa6fd532080b69ea447cf18d46395,d291dee798d88f7360a7dad7a34414d67470c8bb233ebada7e43fccfdc62be6e,none,0,0,0,0,no_action
d5a2155813bf1d477c15604f05cdd069988446a1b4c7829c8c6a74b133dd649d,12f2731daa8213149b4bcfc4ec624e5f00aeca603f619ec4c0709699b95b882f,none,0,0,0,0,no_action
a8e9b78f034200aebbdd0c19c2be04574f582e4ddb6d01d17cb60a1dc9e4bf00,b36f008af2074035cc25b082c6b522e76748b65dcf154b579fa5e9638585b040,none,0,0,0,0,no_action
ec5b58ced95fcac2a120a9ca759a5039b0a752117cdcb94971dc3da1f1c5c19b,7ac49a5c59e65906b8004a12d7d38b407ce5dc97a5c28a86eeb678b79f90ef63,none,0,0,0,0,no_action
0265a32d4f515386624b8eda67d0fce419e7d8703b61654da0edb4b0252986d4,c0a38e620e092b8d920c30b3a0cdd4646125c3d2d90523f1920378109513a45e,none,0,0,0,0,no_action
ed7fc30eb4653ecc222ae115652f1e7e5aefdaf775a42342bc069fec3f01ea24,e98ba424309fe435851051230a33113e9b09315162e750eb1c039195fe0dc26c,none,0,0,0,0,no_action
c6f2ed6184ea526318ecd9fb52018d7e9012e8add79ba8581cf672de1b6ce560,e1af3483c489a235e8bedf94cbd19350c3c4ccd92d7e5bb2e428adb56bc9ea22,none,0,0,0,0,no_action
8cf0cc84c1475cb9173661a19e93b718403fb3816e257215fd8baa6840d90b99,8d86095bd5a0c7b9e6bd1ac289b6cf0e75b360d423c1a9a4dd5071d3d308f077,none,0,0,0,0,no_action
845c274769c765caf4a01402035d663e6d853b9bae7237900ab88bb32bcac2ff,dd80d56c2f2b202d314f7c64eed07140aef9556b427597b1b5f3eb815f1ef592,none,0,0,0,0,no_action
6c324f0c8a7face4e5332797c834a4ffbce67eeec0b932b58b09bba01ef16417,7603c223b1e9b484906d1a05f6dec8e3d406938e63fcfc7255757adbbfe671a8,none,0,0,0,0,no_action
d73f79c1f5bda05f42f23ace227857c77e11d3d739a8ef260da46440dfa6b727,19e6f640ed4419b834b9c2fcad1f3f6f227abba9709d0c4e7e04d661f9cd9938,none,0,0,0,0,no_action
91182b6782e071d9fcbd0e624fb1f44abecaa0a1d1bb7fdf78783c4ac5bdb7bf,17cd8099facdacee21e2828c33257f8142a5a1d55239e1604a321175d8245a04,none,0,0,0,0,no_action
b08dbfe3a95ba0ac3bf11b630f0566ff66b856bd60cebf9090f74e811261f987,100ceef5ad1f7eba311d01fb8cc5b58fe230b590f30d1808ff0710f53d276725,none,0,0,0,0,no_action
0d541aff28f9066106d843d0ed4ebae1060a9023abf91dd654e0ead0c9415a25,d4ae4fa1c19affc9b633be0f07877f86aef79763bd149f08b8ff886fed43cb20,none,0,0,0,0,no_action
301d08482ca67cf0838b956c9573feb152421bf627a28db18956621898dbd5de,5470332802054952d27033e7d2ec209cf6e4655824103cc4e2f3f1ee5e623f96,none,0,0,0,0,no_action
79b6d6d8fa959afdecee7fafe0bdf28da2b02528c10f970e5c67806bcc1b072d,8bcca93700c82c9560244c7e7567580e08b609f35229081ae17d9f518671a4e8,none,0,0,0,0,no_action
b7eb78a11e078226a5069fba5ecea4d93fe92fe72200b25491e1458557cf01a7,ace1cd33328182c1ac4dae58132a2c6b39d9ea17f1dc3e67190efd81ed248b7d,none,0,0,0,0,no_action
6d2f19e5bf4e97709458cfaf919b2a279b163a805eaa351076143beb94863c46,0692b40daf6ce054f8f4dc51d91f27e12542db95c5e6a4233f7c11b2efc7ab4b,none,0,0,0,0,no_action
f055f421c4585cf7ca7f94259a9e6b2be82be0666b4aaaca598c374416768e66,c95eb3f6f452d0014133a8d613566c7378759be27c99b918352dc8f3b1bb7d95,none,0,0,0,0,no_action
1dad5e0d44f52eca91123c22e09e9db0fab5e3ca0e88b4689b006d0a6eb38af2,06d346055ef61578b3c519c3663e4ec42bc0e28ff2981ef57c8de7d574ac03a1,none,0,0,0,0,no_action
8beed01a5c42bda1758953afd36eaf476da647c7c53caaacf3fc90e46d7ce03d,6fe40d0cf775d3085f0d9789819cf25c43a6a9ec4ed56da5c7ce81ac9df2fc34,none,0,0,0,0,no_action
027f93965816f7ea4ea095b04e5e12daf58cf4a7aedc6448795e2f58f1f4f97b,8c1663f7899ac2ac97cfeb8b4b404c9c175591d2bbff404fa50af4d99414dce0,none,0,0,0,0,no_action
7eab501f265702aec1db317bdcb147726df3e211bad4f5ca8de0bb989ee8ae3d,5b25d89c2eda2929c310edd9f00b46bd5af3b38c8c8371e0e3f32a4065204395,none,0,0,0,0,no_action
b56ae7424c832e8222f6f1e688f90701a739bcb3438370b1c21c6bb00cc9e4cf,2b5c20b40b23db4ec960e01c90602971814c1b6cfd735e196a223433eaf1c07b,none,0,0,0,0,no_action
50c3959afcbea64be7367d2d5045899f5204e39d507587f02b0a4282daa91516,83c2c4d714575086946117e62b9c08b7abcc4a60c49e1e7cea3f21185b517be8,none,0,0,0,0,no_action
64ad83389e23f914226028e0880139497e55adda49f0a8f3b75433f8b5675760,65f5fa72dee7ac080695aed16bda7b54d8d6bfb7e187cf6fe3bf2de30da44ee0,none,0,0,0,0,no_action
890ea143b09876688449af65822a13600699f3160594836f6f2e56d889e1e7d8,3699fd6445de5dd565792075bb70a6d75463a105d974dee925529d19b3895cb3,none,0,0,0,0,no_action
c23030a1fb7fcee64850f682f458d5007e5355b0505a4cca4fcaa41b1bee2d53,1e7e3dd3dbdb02ca340b808ce4b2248617107e77f05d2f74685b98da00da7bea,none,0,0,0,0,no_action
673c8e25d5d8c99975111a42c41e0c04524b266e03b5d6abe06b8b17455739aa,6ae7ffc5ad758b50013ae8144faa8339a7638d9d4b02d022a9797fb4ba1668f3,none,0,0,0,0,no_action
cbe98b03c83c08f15569bcb54d7801697d34956c5598e13e412474fec40cb628,c1cc27c39258679dbf43ca2d6ae3d42ac079de324a84845777dd1e5bef580cc6,none,0,0,0,0,no_action
b43c1da28d6053e61373b07842a9acac0eb3dbe8dc3353d4cf8dfd1110a5c2b8,f631467f744296fdcd0602e18a1245d4ec4732d0631c3414ec9292b7e79e1897,none,0,0,0,0,no_action
ca433cb65644c9e52986a04f2c2d9ce032c066af963ce0b7f769210c53ac7cbe,8c767ccb8add056cdd23ce0540c942ad7de863309945d3604b206f6a8588fa9a,none,0,0,0,0,no_action
a61967f42717edaebf3d5c8d76f3e8acf235fb6bf4ca9c3d3b4522ace39e8ba5,f0d9c36c58b1545e315bce11ad04c422b9cbaf2f9d08377358d9837e62ec6171,none,0,0,0,0,no_action
59e6231b17021654f72bfcec42a3d836d99687049fb27a87a893c649c3515e4d,f20733a9960fc3391c2472af42285e5c05d8d24a283f2036d596351cdfa2d9df,none,0,0,0,0,no_action
bfd0bd7efcc4f8cc0e9c7ad3ea5991f8b7aaa1c336bd1a4815e34ceb7a8526bc,2dfa991a8f6a31e4a218809cc9f86e0bd0968c43295df3f0fce23575c7cbc4c6,none,0,0,0,0,no_action
7410c5e42df5dfb7d6073f5c12e00f1973ebe7d8d577d1eed377f33cf46dcf7b,447ceea0299b290497a84ec19ce6ab3b9bc9f99b41335105c21ee98204f89234,none,0,0,0,0,no_action
58bd08a5ec87c79c13b6c673bb0d6a55d98df2315d9278878126f6c9e499a420,77e5f00b05e2f97876ae5f2591aa8bf78a81b25806a8800f8b108948790b4f57,none,0,0,0,0,no_action
05442fd26eccbd3e2b57f81537b58f31e38e3e19d374b0d6fe9603e8dedda49b,bd46ee9f2267f087cc9b190b5425dcba7d21465dc4bcc6b30e7cc61fdf3e6c86,none,0,0,0,0,no_action
f045dff1d94db5e691a3682c8cbd6dce9be16187038884436b911ae4fe55c0a2,46d5d89179c8b96112dfab09150f72eedbf95bc8c7b31984fa9f2e13577c7e7b,none,0,0,0,0,no_action
b61a5ff85ab550b0f2911be7cdf5a507b3d0aa2db91110b5f22a79a0481bd0da,1f7d0b2994ba47c570340045705bd9d38f31dc44861b6f6d1bcf090e9cdace62,none,0,0,0,0,no_action
0e50f0b74de67f1fad9f6abb0f9495d587638a9fa6c30616c382982db86cdeac,11c28a7462ab059c212982b3fdaf7d70d198eba9897b4372a3d2a77fe9fe0160,none,0,0,0,0,no_action
03a45c243e87c0f7229839991ad9d670d676c5172cecaad6ddef4c0bdcceac7d,55cd49982214ba2135faca3f8148ab7e0e510fe5aa6fe1e5e75df41e809edabb,none,0,0,0,0,no_action
b15b6cd082b15439e73b00385e891c2a5d2f9198e6dba4fd6289fc0047bcc687,e81b20e82c9ae7b384d1449f699e286eb7e00c82f21545408caa949dc2b7c850,none,0,0,0,0,no_action
772e58e479155083b7d200de756b089d9c98451012b1d1d2e3263c3713c7032e,fd23e69430665173402780da719135356d2dd0ec21b062488dfbe4e468b2c638,none,0,0,0,0,no_action
9132b247fef1d2800ff4212371d396f232f5cc5685b86591ae9e08d38b66deb9,215ab2b2aaec37c20dfe2532e3b7099634c0f66bb3a5ecf83c58f5ece2a0addf,none,0,0,0,0,no_action
d86b2b5cffbed95741fa6bf9904699aad3fb812058bbb8a2dbd4de195da3cb83,242dcffac2803ab6d14c2edc9ffa1f4cc0d9cd8a5841d7fc304deb5982afbbd7,none,0,0,0,0,no_action
ae42a487c0c68d79772649c9b1e02e96397f17c226118ffa4084dfbc0c3445e7,036c3ae5333adc1ba3c4707007c63add1833d3797ca7c53d660eef2bc31b3f63,none,0,0,0,0,no_action
80debccbdb08bc305792283c485527063fc9c0cd44877a2af504c1880794c1aa,e3ee6f9c13d1fba86cb1d4a6b64b85e18761aa8818d55ee0913c5f6d2d2cbff1,none,0,0,0,0,no_action
4f8fd7de91397a6877e1f3e8fd94d635c29d10b0b21d140cebf759f7a4fe157d,1be026946cc216228d33b162acbcae21c566e6478e79e048ef966a1550ee5588,none,0,0,0,0,no_action
45290ee645e59d5334fce6aea815618701a2273208f5e5ecb6cae3c574fc9e0d,0072924bae7f08143f295bb33105229f4ac7cb14cdd1f0359902b68b1a1c08aa,none,0,0,0,0,no_action
07768575d70dee1ae1c2465bf28a1c3dfc061602440e0c9538a4e6b1fb26c580,a504c5b8ac8a1fc8345e868e2637d559190ef568a207698075dc365685505cbe,none,0,0,0,0,no_action
22b3a4eb1936c3d2d94784f461fc5a779cd692ce16b544600f16cc18763ce6c2,63f07b31f2a8ce961d62171d82fe48672b3522a1437db1b370c00b1b486a1d13,none,0,0,0,0,no_action
c6ba403e80bb9c4da81ec217e2239f039c5d7b23cd887dba68e07053769a70a1,c3dc26ce36054376736f33f201aec754a2ca4de60613a614faf7b6bc15266212,none,0,0,0,0,no_action
dcd7722baee0a72af6426563bb4cf5b8fa1b506f98cad3326de9561553472cd0,a910d5fd4870608c6426f29cdba5a947ddfd00b527ef7c48fa300c43f3e74d27,none,0,0,0,0,no_action
7a91246d34bf0230ac551946c26c808d7ee82fe48bef129c7cc307a276abd151,7c3040f5dfdac46f49856d022462ede5bef4d040ed2faee4b8693c838ec26e2f,none,0,0,0,0,no_action
2b3231e36772a60469bd5618e5ddf74a32a968b2b7095eee15e4a648943ac397,82d1e897ab123924f5ca2605a585e878c88e570d46278c9f84478eb9e6907f6c,none,0,0,0,0,no_action
c7c456cdcdbb84114f1e478166a67457bd399651f58470b065c261143ec43365,ef92e7bb265a41ecbe5e6c823a483ce80e1cbc09082a26427ae1a9c73419f5b0,none,0,0,0,0,no_action
9496a105b4dde2d8efbfb10d6144e76431910f00af838a738d37a53a01a18901,49c395e9166c1ae03571a5b565fb119902b909b10023df821c94a66a394f5c56,none,0,0,0,0,no_action
d848873da27fbb84c4c87926f86c0da0c3a55dac19cde540f573418b4429463c,99eb237e14c4b793bed8128e28fc4c4d4e7a1974df9572da92737acec59ecc1d,none,0,0,0,0,no_action
fc365a2010b6d23a93c4dd7561b1723b50c2be7a33ee620e75de051ed994a668,43246ec27994fe7e39668af49a428627d68ceb4fcaab16becd14a6c34fbe252f,none,0,0,0,0,no_action
b9b943e42b1aabd3b52d431ecbfacad71a058f73cf205488a6708d5dfb93c8ec,d86466db7696605ed420510664063db5f3799d8dfad5659131dee76603b20adb,none,0,0,0,0,no_action
f8370c9250f0abbc12bc06c72d2c84689c18109161a1f4971e7e0516a8c4c242,e686c0965c0b25c06df7544f4e8002e590e6e13b1e9f795c6ce2eb3549848f16,none,0,0,0,0,no_action
c5437e0d9a526b8ae797aae68bd92c33fe658830153a55def3b3aafc57281607,cd46f2d259e55c33b6d3c06d0ea6c5cc6916e56aa87ab7e91c203ef98965400c,none,0,0,0,0,no_action
5125394e3271b52ec0b40a12de80b8ce543e3fefaa1a8dd88014a3f1acc38f9a,ad7b9e3b26114fe2f7f4768c5bf2283a3ba8083f54d5060500060eec766e4404,none,0,0,0,0,no_action
e1c0802dd60527dd554770f4877b305570d1a2e920f3f2519885ae2638ef88d3,58a25d8f217b8f6ec5d588cd8ed9a99ad58227112e023a020ab36da1e4769d44,none,0,0,0,0,no_action
b936096f8fa113e6e10aa62f679f98920b0dec6ca04255f99978a14fe2584386,0108fb9e46bdeb5fc234f80af37ff20fa58c76d4febe4ed179614292cd4d5635,none,0,0,0,0,no_action
c6f0421aaf40d69b43ddccabd93326c7171798997e5b578f0cb6e197bc7b2853,b07f6c116bae168f1f752b0722d5ec110946058a7ff19c3b577b5e349f8e720d,none,0,0,0,0,no_action
664ca29ca0cceab70bc4d4aaa6f7659574a1c5cc79f6523f78965906b1345fde,ad9389ab74f5fabb260ec4a3210ca26e14c47b2d772d1c0a5cb57dbd16d34937,none,0,0,0,0,no_action
77916ed3c222bba38b1e1933f318d179a0cf57be62084a212954046ac938a2cc,990dad2ca513ab0fed6dab7c44a61f73e2443a1e92382657a61413a8b86bc805,none,0,0,0,0,no_action
18741a7b7a1847545c57555181857120575a0f10a4ad02497ea881e686fc9600,3f1dfd1e010c9ee923169428139387b165663d390d8b80b3b7a3c54e60432c38,none,0,0,0,0,no_action
643dbc5f6bd4c73e3644fcbd8814f2610d8b20ca98d52d992e47b03e81466a56,1a0e3b077e411d4ae74f2e0d87e3403939802f4ac413165c669dddbd9766379c,none,0,0,0,0,no_action
e01594e5019e8b197f0f8906f4f82c7ac5f7a53a51bd0fe292ac191bd7658f82,d0ab51d9e2916b76e2abfe5e3ce91c2698be2c6d9e4e3f8708fea25d30276f80,none,0,0,0,0,no_action
09c2bef68c2504b1ec92f22a6ae4ff960f333df04d56fcb7bc95ba0b90912d43,ca78aa9660a463054bedb1f0c81ef7b3a0ac5918f69609a0c58128eaaf08b2a8,none,0,0,0,0,no_action
46fb4a2cd0ceeb6a41cd897c6782d1f5b5e637ea656a4fcb12bcae6f2c503843,ef97ce8e411f1b44c3cc200dd7474fad15921ea88c6c9ad74debc07d90eeed6e,none,0,0,0,0,no_action
3fb2a7f1aeea77a300a3eaf68be77b86ec94fb12d341fdc3b3c29b3cbe167d7c,7c011625a6b3728e40a9174dd882d25d48e3c7c8d6168f6d267e5d6f637930a5,none,0,0,0,0,no_action
99703dc041ae87f82cee166544e43ca15c0ab74fc8b41ae86590cf57de212aa5,e09b6f0e71dc8022d9cb0c2dfd16122168ff47925bd0ff9784f4511ea739ab1c,none,0,0,0,0,no_action
6a248896306501b1d5d51d093b3c60018bc2e6c80c15cc6cd2a443610f24b81d,3379e940290ea70d2072af599b4f314123db6c7260c441ba2a952aa59436e56a,none,0,0,0,0,no_action
13bd797197e1b3a7542534b9872b30961fbb5477e44a56c384b38b607b2e1677,ad20db8c021932ddf734eb0aa71e4721e794481f5c14c86aababb1b147d41c03,none,0,0,0,0,no_action
78bd358597f8293e902e0b8d64410ff54a54ec5d1448aec085aec8380e1a2c13,1f311b6f2727a2e2404a5ddd36e4bc0304e2f49385ae51da7c205c1f5d32db17,none,0,0,0,0,no_action
195fd35a24f575baafed1156133090c3a38843651c320d6e5af7dbe1591035f3,718f43445526a2292221823c1b758438c634037baee1af5be3ae088d1a82a6b3,none,0,0,0,0,no_action
3f0b8808845ab5057d4ff6813c947e5e9db4f2dbb5ec5dd054e1cb164a6985e7,33dda60a7d959f99a833459199ac51033b989141d61f03da45c71e95d5cda8a8,none,0,0,0,0,no_action
a036d4f6d3ae7ae88c73e14bb1273cc77f0fd9126d259022d8193211734891f7,859770e278070f82e6f153d9237f1de8356f7cf800c5807c2d97a0b45bb2ac75,none,0,0,0,0,no_action
4c2379781bb084515dccedf4ec4580fa295d62028d201ff79770c845ab950e58,5721fc729521feca9994be3dcec35c04a4f847c1595fc877b99df13d76312b4d,none,0,0,0,0,no_action
09385eb10e2fc1d3d3bf4bd1162fc15e0682fb7dfc893a4112df9fd3b9775eaf,35d2ae72bba34bbe0978d3695ca0f020188b81dbb912dbe6a43840099c9d3d6a,none,0,0,0,0,no_action
01c3ce113d0145c3f5ce58b2ecbda92b711160d371d43519432d4f112c8a2249,38845e6f6d7e8a8c83415118727790bc2f0be8d010d01062d8f53dd816ed0e32,none,0,0,0,0,no_action
faeb0245cc2cfe9e5a16f412934b78577255de1fb3a880680637895c4331f3a5,0a798e0eebd199e8bca8b055dc972b15a0b31e3dd84dcb081550545f46973561,none,0,0,0,0,no_action
72b43d81ff34768f12048a53014698920da0aaa522023c1158d5659e314fc9d1,4d099e39a327605cd006c71b01a21c6486a788f2d8887f00ada646051a40d1e9,none,0,0,0,0,no_action
7c3cbc29844558c7f9dc290a14e88fab2a910e3c6ac2d36739c630933042debc,bc843a6434da12472abc72e1dd36717ff8b3cde05ab3dee4df35d6717706e134,none,0,0,0,0,no_action
751b7807600af1723f155b1a3d9cd41759b8d38837400870b130f368e2e95e62,92f8b8fd791caa93b124eeca517cf4c70d5a6e82a5da9d55066054f8a6c84ed9,none,0,0,0,0,no_action
5398007541f5b37a29f60d46b58f80ec6249b39a27c4c92c16d8acedf91c17d9,c790ff235c1e0a6992a1c8ea8d97dbac620d76a73f3ed0e7b0fc6c2d705bf4e7,none,0,0,0,0,no_action
4b81ce9e731cc257343d515efbf0bc5fda6b9b8289cfdb38edfc833d8bd8d1f3,1556b2483e369ae70598dd81ba1a34da6760028ff0b52832c72f7ed8781e373e,none,0,0,0,0,no_action
791c3f840cce59d12462dfe6471c517a5070814aee6f865b412c15de5acb6536,cc55c3848cc66980f57d1e0f32ca7200a22dfcbacdb43c6780b9ea9ac4c57b0f,none,0,0,0,0,no_action
890f653a0edd26d6361f0e507c5f7c3a46718d9abde39fdad0f13e9ba0fb0306,63ee659b34bc4eef1822ec9952703a1fc386bd643987a85bce3b32b142ff1683,none,0,0,0,0,no_action
7b83864f19f1069b032e6f2070e1df5b7ca823720765c5f0ab96ef89a2e40f97,5b1d72f2aa335d8c2269eb6183571ca3f4630097059ce12b2cffa699406aa703,none,0,0,0,0,no_action
caea7ef36f13e294e89b6c592bf3698b2cb49a3c7e557f6bb2971e8b36f5a6f7,9c5a559cfbda65f3a9d92a8b393e051576ef3824b596bf0acf509138da37da2a,none,0,0,0,0,no_action
cf65462a00806684938aa0c1a2b4b6eaf36b239537b65183b008aa17e33e8ba0,08d765f272450f555c52379821422f3a89e24ed5b467569eacdd550927c7afe1,none,0,0,0,0,no_action
20df0e1316a0f4dbbdadd988bdf707575c36a996956ffd5164f9cbbd915f06a3,241b63c86cf266279459bfba10f523a76f5d00f25a3fc3cee54f5f2e82c91465,none,0,0,0,0,no_action
cf960f7c51600325e83c6ac45ade3a44043f3621c0e7a4f0bf4be89f5cfeaf8d,3bf6c646ee97323e7367db837435f3e0c87a42994191953c0cb7b335875836c6,none,0,0,0,0,no_action
237462f9da994f68da57b0fcb96082848babdf546a3a9ec027ff0857775da161,215fd830843c1bde16eaed216df667388d1cd923f209f9f142ace48888af61fe,none,0,0,0,0,no_action
5443b7201f4e90007c3b7a2b567bec88a55a61588e7e9c720d83b5f0611e0ee3,d6a19998f25c5628758dddef3a37541bf6bfcec72262896a5d54397637bcaa9f,none,0,0,0,0,no_action
5a6f84591cf5fcaf8072d3beaa798024b914e3f64f3d704d79527f137bbfbccf,20b0d37bc000228e1f0747bf3a5b9f58f449d7477f6df4650c85f2029c2094a0,none,0,0,0,0,no_action
e0288a0db4683dcb836c8b550f8bf1d278a5ee40056fd28c6af38a3b0546d9de,5ebcb2ff578e6838027679ff9b77b73af115db35d149e8c8bcaa264adf34d29d,none,0,0,0,0,no_action
c67c92ef65930f849817b7e641441791546ef103b3eb336c0ff154b965a63969,c41dfd737728276d9b33e9a1a566ded5c23cbf23fc10c1bfe4344c9c6bb49c0e,none,0,0,0,0,no_action
a9a2134eeb0d01961ddaff06cb0d0bc2c9a21594cdc47c558ba6f3dc3730f1b0,61d563e43b2f32069665f5d27fded5f341bf009a99221258e0db1db4214f5138,none,0,0,0,0,no_action
17a71093fa4f651ac3248db93b25844dc6d976bf417f212bf4476c66322cf530,e675d1c9436b78ec2707421ce5ee87f0cb7da5628a8a67ca008076a51b794a42,none,0,0,0,0,no_action
e7bb5788b6b27395585630ab9a12196be48755193f4890f84c8d3401b307bcc3,3314e7975b66404109999124c46b11faee45b78a367fae054f0d1f09f400a827,none,0,0,0,0,no_action
a1c2a7cd316fd6f26dd5c7a056d79a5d40b0ad142b5352f1bf2d01cdad323e7d,3574494de691530fb48a8f65a2755720160e0afadfb5e64cf22b3f04572f475e,none,0,0,0,0,no_action
50014a94ff6b75c1988b7895ead86808ca753d2265b785d836bdeb78b3b9fda7,81a24933a6d3a19f0f50597671cf2850246a4f4e3e707b4c6cd447105d80a060,none,0,0,0,0,no_action
6a0c39d24b530e1eff820d5be1e1f8031299d421bd9f4e5b6938297845143913,00df6ef5da54a36e7b90569fe54af9eccce8f3a45cb328998fe054cb9737cb83,none,0,0,0,0,no_action
0fa7161bbe318a9aa85af8430aa4c55be8f8f839dafe44d36149af7c1301ce0a,a648adfbb9b8d2e0ce537ba98d14f30bc643bed516d7ae2b60cc436961e08c61,none,0,0,0,0,no_action
1e2528dbd96e330aaf9b3f7839482208f91a3a13eff5794ac3bfdaa4524cee54,c90ef81f4b7e0558af12d505b4ee3f08eff2310c612b5fec37e40b5fc6fc3e62,none,0,0,0,0,no_action
bcff1a804e32cc10aba64d125b1a8b34c003ac0eda276f7f3628c27fa840ceb9,caeffcdd2646a2891997d55ee6b82e9615e6f5b287625ed24228865eba5bf398,none,0,0,0,0,no_action
e583985f72c835a7f497f493189131bd487e3f8f9ab1317059a0bbbf1fdea730,6799bec79f53ced539eef16cd88f9d772f628cb68e39a34bf4efe8d22ee92909,none,0,0,0,0,no_action
9e3c3cb64b92e4cee9b1047575d31634dc0a8bc873c6e5051f872b0383c53083,d7d60e416ff12ae61b072115c823db2ecb160c1b5ebead942e54ee060c5b7cf6,none,0,0,0,0,no_action
259d8c3a95a55aadc59ecbb6d6b63fb1b3c4e6a5212fe2d1cd725554564bb31a,98c98a91eb350c012097d053b9cd759e2c71eec872787a124ca2d80409676097,none,0,0,0,0,no_action
806b456e72439f7e0157d443f2f28e7002ed1320a13031ead449ca92a9330388,f690086d731cfd46d34c8c52c3a972922058171eabe73d50c74aca80dee1bc6f,none,0,0,0,0,no_action
a0b7d1f71128c4a098854ec9e814a21a01cdcdd56eec1b8350f4362cffb780a4,349508dccd86aea9e9d11ca99565e6857a7f7050a82157b24980bdd746a62bd7,none,0,0,0,0,no_action
f48dbd39353fdbe08f92281951821217516c5df05574b708da5d6d1c647f314a,7dfda2bb4e038c8487c04960e8358beeff798eea2085e45ae746326bf7c4bc7d,none,0,0,0,0,no_action
ba9c4e651e89b3bea91f720713a09d195d4786a5c62a1fd85d5e030b3dd72f71,f18746152ad5b37261b3b345b4c9db1f2b9408566411087d1b4e5038b9a330b2,none,0,0,0,0,no_action
970a361b78c47d39f639c328e6782bc2d13ddc8912d55e2dbe4e19dc8bc1ab86,e46bf3ba818c0bcfb841df84c795b03c9255a479531c543b07528b6de295d53b,none,0,0,0,0,no_action
d116b36581334e844cbfb43718ad43cd450f5029514323838d4bceb1dacd4f92,a9120b8c81349aadf1a609e9aa10340626bf19ff3baea98043a2bfa29cd9d77e,none,0,0,0,0,no_action
ac4369d9d16b0c0bff220f6e58da7db54a48d19e1c60489ed1ea6f856abcbd89,257492eca8776cd1123c2def420d7a8580cec3419037b416c13028424e3c8b4e,none,0,0,0,0,no_action
f856baac903653d1265fccad7e90ba9899b950bdb49390a408503320c48f451a,bc3fe8e50221ee8621c055dfe8ba24b1aef228e407b31f7d6b88c06f006a8707,none,0,0,0,0,no_action
87e27b66852057c9e8c34b092111f3b4ddbc3b91f5a198d77cc4acb590cec749,246e8649fe4edb07e0a2f8b757c0349ccff4b55d0c25ca1788cff4c66798794f,none,0,0,0,0,no_action
4f441aed6c745615832af0cff9cb3c42010482f415d02acdb823d0b736972fef,30e212f9ed8fdf7b91f6e24dd375b12e86d9e3465d09745a7171f6b993b12e7b,none,0,0,0,0,no_action
48523623bbe4e1b3b4cd998359baa5cbda53e6cce71b332d1b5353b8c5e5f2ed,3a1d0d5d7228778363be49979b22df43d620d40065801c1f66ea71d4fcf8aeb7,none,0,0,0,0,no_action
0c99302df2bde31e6b8df97e894b2eefd29827e90f3b220b4e9219b23db57b77,287dbda5d3625cd61259c3d9e48387d46b22d2bc80b3c0ce9bbaeb7831336839,none,0,0,0,0,no_action
6867d30fc13e41206867a5667273ba872809804a33708d00fbab6a13df573a0a,c68933350abdad914f9fa460145dbe5ee0c6ccf31b41e81575a2992f6c937632,none,0,0,0,0,no_action
c5b71e9183cc4598a0bb0c73d858568e0646e50a84e7c568b70af12518fccb06,897386d1b768956a808a1da63d9e2ee02bc726cd43aa285cfce652151de5496b,none,0,0,0,0,no_action
c265cf79a35b6a61d551db4bda06fa633534abb89186b1d4722f6ea11f0e80de,02662b5b67a353b6500a7b541074e0e1671b21f7ae357fc5b862478d94a83e31,none,0,0,0,0,no_action
0ffa6a88acd78a323da6ee1674410273abc1ce77297d82a44d7fe99425d0583b,8536a3f2f2c646d93c24af3bc999aa61d3da86bf4ab9e829109e65643c19dc6b,none,0,0,0,0,no_action
f14bcdae4454765f4d1ed85ee50df7f2e5bf7e27d87ccdb7135ae62304dc389e,e6e34e1621d85801e1fcba4698e0dc7841f646385b5e331bce8a751b2c8ea9eb,none,0,0,0,0,no_action
efa020b93486b2b68e6af77fdd01841e79499e56456f26e2e1e2493b9070821c,499bc5cf9b3d4d4003e7fb39b7d4a56e6d7618a3cb97cb04023653645fc5094f,none,0,0,0,0,no_action
b6d5b4a563df10cbb1d4538b6234e2829d5a273efc5c3aeaf79b2e7a499d547e,c43ded8dca464fcff50b54cea35af3c24818f42d809754f09ca0ef6d230d2a6d,none,0,0,0,0,no_action
32d23ffc794477b47b10caeff703344326503a1031070e78412943d8e5fdff4a,bd3c8bbb937dc57c384240e32191480fcc6633d9c4d743a2202d9f1153d06f20,none,0,0,0,0,no_action
d5fa099c9b52485fc1d51204d63763547c78cc105ddea749597181d9aef6f0b0,5dc513409829d6b2b4795e0c1f2cb1e68c48378ab71e7f89b8eb2cd63289e606,none,0,0,0,0,no_action
a1066e34603a0ca9787876d1090687030f53f39fd3f1278f5b4a6f124e19adf0,1bc639c351563a3a4113c895b776a4854b4e9c3b7fab933bd39fd47904d830bd,none,0,0,0,0,no_action
4ede3e42fed5d624a06a0e4065e89b2b582223f54f32adc09ed153cc68ec324d,03574874388554306ab9e788195e7b3797dce00d80688fca34a01ccf30376d4d,none,0,0,0,0,no_action
7c2f06a93fae6bce4f14a029a589785af5c2df91b8fb364a34362ae3da6710c1,848139b535eaeb2b37a0a6dd22754d435dc498dda8f29952a03e8ad80f37ce5e,none,0,0,0,0,no_action
623312d9ab685806e27d96d6bb84bce8d1ab1a9f3d7d994aa100386491195fdc,ef50b24090eaf1c3e9198b6974975a7838cfea93bd3f89bd9458bf17d745100d,none,0,0,0,0,no_action
59c0acc17d1cffc1a8ea1f804f879e6cad326c7be0d83029fbc1ea5e0b038613,3bba6ecf3c85add4bf84109c47075f36cbf5346ec78e86d5713ae358cf01b3e2,none,0,0,0,0,no_action
592e58b532e6d4ad8bed14da90eabf769188b82cc78d455ffb01b9d6d79bb096,49754c5c51d5f4ffe2eae7cefd57a78a7ca2c602adb22b2f711f413219de6f30,none,0,0,0,0,no_action
58cdab9576b31190f7a9c316800431d1534e85abd72fe8aef894fd58b53e9ef3,4318250854944dab12793d0d29ede45f8e11f1782fc3ed979b85a935591efdaf,none,0,0,0,0,no_action
df6fb31bc2481cc05715a2b8c157a7a7b52f45f8c2c87aa5beaf85319935ad40,2f20cfbcdf04bb7733e86a32169fc810f53a19d4e6234fda9644be3e7d1feeb1,none,0,0,0,0,no_action
c7f79d3fa9f070b5f3a123bb1d47ad3640715030949d089c156ddba7c4be9919,bab064bf6597b995c38f816a728cb948dc1f1f3ee25d5849f624c87acd792051,none,0,0,0,0,no_action
deffdfa2271a608fa0b2a77a0739b89a2be426a82025cb72689a32aa10553002,7ad547bc30d37f7b218933d1f080f4352abe95f2284b9a62421b1d93d2ffa877,none,0,0,0,0,no_action
ef62181dba229154f2700a6ce621af8541850dd1f3856d1784a7b8815196297a,c6022d7f4d4dd808809ef7bbe76fb9cb713fa00b1d67ccfd875edd5659a50243,none,0,0,0,0,no_action
f996f3075c7fe9011deb83165d013bdc03e0b2a09826554dc3df5fe8b14e6e36,09d599c1a2b80ae22ade262e5abedef3e10dd8953e984d9c780f14a837044573,none,0,0,0,0,no_action
1f61f0607571e1e0b266d974bf9575509fc31d268069cb21c6055ee7d2fc71dc,7776748158a11385de4572ee86fba696c9086f348dd07d7906749d3a6173a893,none,0,0,0,0,no_action
668fa4ad9459828306d3d6183dcc1aaf55041a5c5d188b1dd5cf8490a0e7b235,b85da7f19058f034b19d68d6e567235058ae30452f9ccbbfa85cc79210c79e17,none,0,0,0,0,no_action
039b653aa1092e94f96b1adac851d0b83859932950eefbd414264654f1bf6a2a,8f4f185c751912a60532074d3afc2007f4b3de06ea230103df4d8fdea506c40c,none,0,0,0,0,no_action
8cc8ac4a35f85c48bd7145de1a6e3a38c1f1ef39f3bf3ea61115d5b288c047d9,77e76d2c9621817df069ade8932c43c6836062f3fb547714b8c2d6a3a46150d1,none,0,0,0,0,no_action
cb8f53c8ebd290d7bf3763735d0cacdd4b0b92ca8ceb46934f6582a78ced7033,fab4f07d9fa339c3135ca100f751eec0607168b2c26d7186879e7c3033cb36e9,none,0,0,0,0,no_action
24b9e3dd97a0ced1f03db84e4be9cafa4e1d8462cb1d796c34a38369ba60948b,98118b70fa1d0648a0d4eb4617e54146492104ec05eb627431bc252032fbc999,none,0,0,0,0,no_action
19ac6e50628a24a0ac40f0b65dcab06fa8809134776f7d3a1a238005726ba1c4,1277f5dd48dcfd69cd5a58da9adac5b0ec6c74763ec67734027fb883bc67eba4,none,0,0,0,0,no_action
408e1a32269b1612ab806cfff3f2996f253bba51b820d1281ba7c0d47809d305,7837236555e23915b49110e5f2d3c6f4c8e8e1a1ffe12fe1c3bdaa212c672ae0,none,0,0,0,0,no_action
a004f93f463607b866f30408161fde0164d67e11725520d72759d4a0bd784006,3ed3682eab259e50332ac605bb36f305e320dc929bb2f2630c5cf2c835b03ef0,none,0,0,0,0,no_action
da849eb7c0f5b5961b1b5ebb826a0165b3b02266457cd545bec43f84ee75d188,201d5e29e46cf881398301452cc31ba3ce9ee361e879e06d74df0e944d4e26d7,none,0,0,0,0,no_action
62e79b06d0b49bfd12e0a2c364dcbf4db3e1851039f95af39bbda024e22cdc61,086871850a53d38853b2463e16ed1110a0e31c2dfe01e23904cc0d8a6037a06b,none,0,0,0,0,no_action
9200699e283e43dd676118c6f106f5f36091029d859a8591f2d2baa861626651,363b474d0b9bbccca098d3ebe4b3dfbc08e22f58a661a7155310ad1d10d12333,none,0,0,0,0,no_action
2a3af4dd6673c101ba33594f2004831d27c944c7008fc2cde038631a65019762,ae134dff50c6bee676192b92466dfd66a6ef3cee8c500b08051d65961424ef33,none,0,0,0,0,no_action
8013178331fcaf926c10c21387009dc3d9d094782bfd3f980b3006dbda8b6cb1,a461933e6aec0315d2be9050151d201f3d4f347355ba17ae8480298bca63ff16,none,0,0,0,0,no_action
a3de29efdb656c7c4323cac5218ea6c2910b22f2a0957831fd6a1521a47a23bc,fadc1583e38a78c19585bdd49b4e4c6bcd322965f41f164c62eb1b1bfafd7ad3,none,0,0,0,0,no_action
aa4b6e4fd610e2aab156c91705b096b3a066a4bb36a28627a0e643a730ebb59f,925bb82a1268dcc40e123c9511a34a475616605f4d0b4cb919738bf2018ef75f,none,0,0,0,0,no_action
4f0330c7e2914179e42746da2e442786f64db7246b7c5637af373375a2ce780d,59320387663a215b1d126d2787672a3086abd0dc4c53ff161bc1fe18130b4b5c,none,0,0,0,0,no_action
990b61bca813379e25c0c0b4827c2938906cf3f2bfd8285acc6e4415ab07e3ee,48a5c101d7bcd72c74f7bb060974ddcb2e79bd55bfcccac4863c9d624a9ce1f5,none,0,0,0,0,no_action
b70aa6a60a42a845220f854e6162f655d62c6ad9c454437185b0c02704b72d0f,24dd1f11a314ecc7b2083b2eff61c41dcfdfcbd34ebe2ce9fc4a22ee09186d07,none,0,0,0,0,no_action
6cf3041e904ef736a3233946c14692ec462c87a49873a99e72d72d02a333e653,696b554c563c6a9d7702c72a17c7dac0b6a52251afabd9c5650492b58c33ab49,none,0,0,0,0,no_action
e40af5f777cfad169a38b70cec601f82b8850cec4b1dc2591b6bf2cdb9478642,37092b220fb6bac6b6a3fd8696fd104bf985e15e09250476a5a34a6bfa98a0f8,none,0,0,0,0,no_action
7071b6b4a06a975b6b44289ec2b66cbd0a4696b7340609c4f5bd297928a78e5c,d8409ab658864297728eaf05dc8c6482ca027a81c3a2925b4bf2d554f01419d9,none,0,0,0,0,no_action
834bc3ffcb16c1718c1aa11cda5a61d4c9d3d8da3242cf19ed2d73ed04a057a6,6e6dd94f904df22ae0b4e02cb608a2c7de13efa30486d74a415090749d6b4a9c,none,0,0,0,0,no_action
e0088cc289b19f11fd24062b6202018e4171c9c192de9381c19edce65a20c604,3a81b73c692ce0de5f9011c288f12440c2659f726702d18ea3c1c2d043b12d66,none,0,0,0,0,no_action
175c8a29090f23eac9c8c0ac705bcfcd5ebf071664912ec65d9789ed6e622bd3,3b11acc10995c24f728830379e82ee234a6debde046d2ed71ccfacfc3ff6082d,none,0,0,0,0,no_action
ef6e9cef71cb0a2bc895efad0e5329661df0f0c3854aacd585047fe856e1082c,b8e217c1f2e3271c8dec851d1e61e2397ef08a33c71f1527df6108162ba8a287,none,0,0,0,0,no_action
5e2aae4b1de444045e1dba8b2648f6fd439cceb711d87db83418efeb058b6baa,675cc51dd5ea2785a9898d81fae58958382e566ad4f765de7b17e373bd7fedaa,none,0,0,0,0,no_action
421dca34cf6370dc0a6abb6eca0df131eda6134ebfcab026f65e687917f65e55,bbbe6e093152a423e2ac087d96f3be8bb2afeec3ac314652ac1d888d11efb081,none,0,0,0,0,no_action
0ed706dd1cb2d5dd035292e6264f56948647bff740e0aceb1ab80251f5aecbb8,e3b893db7042ad6f7dcb570d2efb894f56f3a72895c0dacd4555ea208477f5df,none,0,0,0,0,no_action
1756ce3d46ae9bd2b6a74defc789a36d15eee02ed45197af1aabf67633ab329f,20ecce94aa8e92bbc9f347ad63888abb8fc3c1a1a42d0df60fb15ab3fdd75aa8,none,0,0,0,0,no_action
a0bf73e4b4f606c4c2a6c21e603a20d69e97f8d5331c17a1187db8f0e3230118,a36520d2f87503ababf8f6ddfb842dd54f501a944169e6ab848344f7652eb612,none,0,0,0,0,no_action
8768d8386f535cca6d9c8db1c82b08f8849d22d7305349dfbdb5e5c147bb015c,c16582bdcc3f14872bd27c1a0f18f9e47ffc4105948b04db821688fd770e88d4,none,0,0,0,0,no_action
487bd020eb937a6648efbe39fc47970ae98e6b42542ce7a5550cb464dc543712,fb3862b604521ec48cb45c66422826dcdc338a6663dd6aa9ce1c3bc966736d12,none,0,0,0,0,no_action
9ab106f70a10158a84d59e1e4527967ce337fdd33c691404c8b08c3558076cba,850ade378567f4790469cbdc1068227f34e82da2d410d72ec8d940759f5cb676,none,0,0,0,0,no_action
b610c77c6e37014d2feede026a9531a6a82f83bfa5adc220a02daeb69d5cd4d2,1db2aa8d0047fe31e7b271989eb97db2d0e8f910bf2be8f4ef3e15788e79af19,none,0,0,0,0,no_action
575e2a81782c2a19256fce74aa47188084832c9d630ae926b6dff54b0ab4c675,4d908d8573bf80d4362aa120724f783528c22e07d9451fe97d59cc3b689e22c4,none,0,0,0,0,no_action
fd04c5eb8bc52a16dc38b125dff9a2c1e408a3099562ed3471f54403a7b1b319,8ea98aaa678f051e255fdd1c8d2cd600a104e36757bbc7477368e8642f736a76,none,0,0,0,0,no_action
a1be76d8357916ab253574d75270606c16a6279f8bacc08c9d7762f0ebdd7f63,ca1d8e347329e45edc21590c67ece745e15674b6effba1447f3b1cae7624f755,none,0,0,0,0,no_action
c7a012459f6da0c3265358a8e1a9977ea43684720beb8293ccb6a8aaab784617,62788a5aeb8c3c4cd9eed7c301e6653351c87261e89efc56c77fef80ca3e8be9,none,0,0,0,0,no_action
6f9144c7875f1b4b4de23de550a36aab6ac3f4a92f32cb1f9dbd55667a032356,d02c80305b3fadcd8fef7c0b558e340a47d0549febe287b1da0acee7448feb66,none,0,0,0,0,no_action
b03f3b336d0542fb048640b1d588f22e5dcc8d908a3bbf4ee61a90fd7e0d5aa9,eaf2b973cd9c651ff71be22d04549964b8675572666a4f2b697f1a43968b86ee,none,0,0,0,0,no_action
87611743425ee2818749cb45a6c5dc2cf5de2f0d9e198ccbd3b2b935efee29f3,f3d677c988303ce3368e65cafde053a8d39a77757bf860faf9ba6d74a0579f55,none,0,0,0,0,no_action
dde943f8cccc2f9b2aa60dc42c0eea44d89d083ece639c1b294480b73f0ae6b2,6eba61eae55d70fa1ec000b9bfe8bddaadf6ac05cc3de04822176017b19b7fa9,none,0,0,0,0,no_action
9189020af1283eb72f174fadb61ff70d9f08c8df1c4dfff1df113ff42d543901,fd1dab2d8ca47f8df7dc043d3c82392123c32cd4fafd25c6989db06331d0b42f,none,0,0,0,0,no_action
3e59e4c48e279a1341c328521ae99833345860f183379df3e27d69b1b8229c09,65d9feee21515a8270c0b738fae1944dffabce2c1f01ffcf9ea2037af0894396,none,0,0,0,0,no_action
76221f92c328859e6e79d439bc00a5ff23639e2ed596a96fc22d2d4b0b65d878,f13edee461b54b72a789846389e39e87081a9fae3a23faf2b415e988a177d56e,none,0,0,0,0,no_action
fd751b8efd8f2819e9b0598e40012c751ae3146778e6faf06e70d3998b87aeda,e1c7dc3f2f4fccf44b232264f8e3d61020557187584725cf738913b229a8ed91,none,0,0,0,0,no_action
ea28cd4c92a3da8947a622186d61b40d90bcdd7b3bca4e5dcef4327d223af6c8,8f4495cda6862790baf9901d023dbfd0b681a68ccb841d383c4d55e287fc90af,none,0,0,0,0,no_action
a830e307f92bd9f709d29e448686257e92f0f59b97ac39fee33f7f67b87cdb9d,cb1a9dca57d5951fc66de017872aa26b2042d759df6921849c62f15721e94565,none,0,0,0,0,no_action
9c8c06d68235f1f0a221ba45bc1c472fa54d49eeead56ffe7a72c2dd295bebe4,34577b2ef1e8a97ba7841bc01ea62fb18b3c98afcb6fb5236c7e5f24150558a7,none,0,0,0,0,no_action
97f723b8f8c7683c652fb31167f264b9d44270fb9ee7b6d643e6e8218dac4a78,f0dc2bac29782329189275fc7830786ff3f2c652788a4e415b12f534b16b9c45,none,0,0,0,0,no_action
dae398e41cf525024be07b5faa9989aa60ee879238b40f8666e6e7df9c5c1659,e4eb0583864a69ed447e27caeae4db3f5cba684141d541dcf53b5beaf5c21c79,none,0,0,0,0,no_action
9b8f1fff1944c73c8e78802c8d4af9bfb5d1b7bbbbc7c7f2c464b2b6fe2db516,b3a99faaa9e1160591666186b108753dbbfd68d6aff592c29b01917697f66ebc,none,0,0,0,0,no_action
d4a6b93e11128d00dc12aabd8996dda86c547f45dec33c01408a139ffccdd4d6,5b16170056f0befa2022ded00f94d8bea73ddb4f258e2a2dc04761ea3c7bc677,none,0,0,0,0,no_action
54c738b3ee250e1a5ada70f7a4b6d747d5e960e35b7be93ca828745cf429f801,6f7ac2cfd235f320b60c0175cbf2f35889a9a906dfb0f703ab7bab56e56f3314,none,0,0,0,0,no_action
0628c842c67bf684ee91e608ea1e70d93197309dafd37895dd0ee460b033dbd9,ffe141e2cf0507670479091e61df2dfc9e42d4584e9c99a37ff42cc2b85b9099,none,0,0,0,0,no_action
af57dc8377bf06ca723cf320741f0aa2b25fc3c7e64d8ad9636b0fa53b4d8541,a54b06c5a7423a626b0dd8e701bd2370db3d9575ccf73e7ff310846be14b2935,none,0,0,0,0,no_action
4e437fc047180e11a7e1237e372ae5e5e8a75ef610ef5497a3865b6072a0b86e,461ff5c8efec3d7030c455253c340baf980b4cacddba381cf12335edb30b4469,none,0,0,0,0,no_action
2fb0fe3ad5e5e25c87ccb0f719897e8c5c3a9f0f84f5c4ff7371b20b4d0447cf,f5a81b96eb98e36bc675015e2117d0a2115f5a8f8fc689748943e28cc0e7f74b,none,0,0,0,0,no_action
aa7f924b49745f81c12faf1c6f8a710e219ac088bc94e856d263234709dc01d9,84bf1e9928ad782162d0c62404413fe92699fea0b83a58adbe8cb8c4c5fabe9c,none,0,0,0,0,no_action
06622af696742653774d9d64d359f6b24a3f93121a28045f8b92bec53e2a0c8e,69e57d41bdf816bc40ccf95b1b0bd78d05c96fa62fe8b5c0b58acf8b88b09d98,none,0,0,0,0,no_action
efad1731a93d46963be8bbf68d56d707697577787909750ab97101f878154512,83b0b020cb2fdf0ea526d8dd0347dcd544288301bfeba3887c800225317c5b3f,none,0,0,0,0,no_action
ad899ed01d4d5caf6bd0972a9cc162f734f7ecfc99a8f6668d9b4dd00ccefdd7,6aca373af292852120fcce4c362a9c9e35ad9c1cb1da1e932ea3e92ec1e8e7ae,none,0,0,0,0,no_action
d8f98ba2e620f5ce0f1fea3d0dc896db14d21f7474d563c5be6954abcd75eb71,6c690e42eac49c189788f0733027f8299fbc6e57b5115839e66ab427eca0c555,none,0,0,0,0,no_action
a7be55d4548270f927b5a8230344837d5f79497112be40aa299c3b79857d85d8,200d3377be058f275dbd6abdcb741cd9c1710dbdac164b4a1203b99f59cbe059,none,0,0,0,0,no_action
e7a93e159a8a614cf62c77ef757bb2b06af0bf54a2bd4a1a452c3f740c3a6af2,347f92423533029275a1056c8f833e15bf4d56e22431c66c60c4b45d03644be7,none,0,0,0,0,no_action
4bcd3f62df7698ef6fa464cb800bbfa43a46c850bd1197a9c471a427a4f9fb6c,2904a24a379039dc6432536fdd1410a20c73f2077ecb5b92a0be605fc599fe32,none,0,0,0,0,no_action
5adef416588253f3c88aa5a04539b9e6241d2b0870b67d6fb9154ee302243022,2c4d20542276f68a36694f0ce1be2a2176750c49e45c9c55a9223584df028ff2,none,0,0,0,0,no_action
8a59d40744e0d2d48e347ceb9ed6e16debf4e21c4dfbf2bf158b32d4d860da58,49bb5f3d665386df8d6e9f6be01d5cc2ea26c92562d1cf3e1787a6dea67c3723,none,0,0,0,0,no_action
d5c4838a1194dfdb0c0ffa327cd74ff1e55970ffa02ec229d24e9fc06ea8d37e,bde842761e5a947a3785299bc85e69326ec5e60c669a909300d399012d08b824,none,0,0,0,0,no_action
5c089c70cbde0595568809d5405257507ef7978e6fdda7bc54a4da9f8cc6da89,651dec90456b46644b4593ce48db23ab83a590140865d4dfe1a65502376ca262,none,0,0,0,0,no_action
e69489ce667e270b1b47b0423b25a631e35bc1857ee554536c070c2589908756,ed548db7dd5502365cb688e9c2fdde9f4402f347c8c279c6729016a5c9765043,none,0,0,0,0,no_action
6450ee713e7e8d8cae66a4f97b80b37670d1ced19bbfc8729d0b0a894b0a3876,763d632630cc1aa411d6e1850e6cbb7515c6d049be3a07d61bd8d8e068366705,none,0,0,0,0,no_action
a6cb8889a53a5a50a2ab7482b009abc3c89c08c68515ff9ac6c972457e1f2b62,cae1a50c6d3dc5f4a6685825252492ea3a0f6063dc218c1cf156d194600a2fb9,none,0,0,0,0,no_action
6967ce88102b469c499c3045afcbe6598fa1d3e0f6204cec48c046a60316518b,7f0763349be66e806ce14736d2bc45cfd144c845e592e4313694178301cfe7ab,none,0,0,0,0,no_action
72d41608694a0c9d33029314cfb402b60cd92207f1f3131fec9354c1a7b0c05b,4d7424ec282eea57382cd1fd89fa8cbf19d2a6af7a4a5fffd1b5cd46d86dfc9c,none,0,0,0,0,no_action
649d2b50513ac151ec438542bc532f2d76e052ed2bfab40a0499ebe2599e9633,3d0ae842e8779e6b175ab2d4bfc1a42bb74584b1896bb83dac28c050dd25ea19,none,0,0,0,0,no_action
dfb73d6718b474ae0b3ce52d2824288ef666b8f28e810be9b778ed1958d846ba,4640dbd9db02edab375b68f8d26379e00dccc1c8bb3db274ecbf34bdbaa1be61,none,0,0,0,0,no_action
fbecfaf9da1c01c716e3b78e4d41a8af921400058a234e60f76b6e4db1fd1f6b,e6e63d11684fe4d812e183a9d9afd7d58fff1450c7156621b607ff1ec17caa94,none,0,0,0,0,no_action
b8f6a0f389c5dae865f24ef326b7eb37eb4382e3d9c4768776cdec2c8e362375,e40b654be5257a9debcf54b325648e0d4d32b8675c1eac7c5dd7d46286455d26,none,0,0,0,0,no_action
209b86236ca553431e0212f49b27e4bce419adb08b757aad824ab1b1277e65c4,7cf37ca7330f9fdd703b05ad06d4f85c4e1690af765c6bd341cb116359814f04,none,0,0,0,0,no_action
95f2d9a2a310366b6c5e547d6ba439c64d4fd68b258a0629306cd71941ddd4ef,66fbd8be3653963e3121427512214d202ab0ffea166d92669cea59ce6b6246c6,none,0,0,0,0,no_action
1e842ef5f0f6bf1c785ad16993106b013671916d4b535a098efd3709380aa979,0229e799e0e1a78e4f57ea2d8d8dceecd75c4ce8a73d48e9b24fe43f19d0d4ab,none,0,0,0,0,no_action
071fcedccc31c38bcddb4944f083d298c14693fa79fe5028bc3d1d0a70358ea2,c45d8e374dc5c58ce2ffa5b7926ee8dc3090fe85db3aab2c1b73fc6e10f44df1,none,0,0,0,0,no_action
2eb87b9f864570c24860237733d4f96fc621000e658ca761d4f1c45eb9a378f0,1e82722cf67b0c24b49705ccee263cb8ac46de549d7a9721d3dd38319622cf68,none,0,0,0,0,no_action
0a763c32e8fd7d6dee78feff5e837093deb76f6327af31d1d0df7d77c6369279,564ef0bf5a360a694ff135d3d1e22d2a5178c44662d19a3767aa96e28ba2acd9,none,0,0,0,0,no_action
d926de3eb505b5961330dafc97875c78630654750266d6c6a84ee22a27f5b144,3287ff7361294a3d635f89193f45db0c7c0d72a94ed7faff72786d2a9e2bf0b2,none,0,0,0,0,no_action
171ef4b6e53628a8479d945426a30b0fbf41e46ed9c0a0a85e8bdbd6cbbef2d9,ba1c00212fa5df9402684cb2a838ca3b30e37cc1e3136c8554ec65a1abaef356,none,0,0,0,0,no_action
af76031e29379c72b551e582807d0e5eb9a7251fb1e06e043ff56b3e7cb3c570,2f5d552c3417f2541958dddafa6d773b6960055a07dd7ef969a40317e4a66427,none,0,0,0,0,no_action
521085208c90e286046ceb2210cbca348f50cc320dfae9c0cc3851881c36953a,ef306bf7e2162c77f1c5b123ad178e4a5f2410aacf2ffddf4d3c53316d265fe3,none,0,0,0,0,no_action
3e00b358f2190bc57bdbe48720e3fd7e49b1434717ba3f97d3d4e60908078bed,04139c657798bb675bcae90319ada68b44c21f301e487eba6665afa14544c368,none,0,0,0,0,no_action
7b05ca0becd4e1a79a6be420172fc8fb2152c1342f4c03296236da9236d22868,cc6df219bcde37bf0adbe3e65906d78c0d41e6fca68bd2aa06875b19657d25a3,none,0,0,0,0,no_action
32e8d8a53ba9d63f13d9e82e38d7c4151fbed0b4d50941885274f8c5e08175c3,cf5b701f6a82f1e4ac9827531ea1c696661690dd37d0935711648820e9bd6bf4,none,0,0,0,0,no_action
1019d0b887012ab4785a320dc4438102c181ffd3d459b153f5b607394d05bc87,0599dba0f0de501d9a2ffe79478fc20d0503c40b41920dc7b12e4c06d04d761f,none,0,0,0,0,no_action
fcaeed6c3936fd0f2c54c63f628d47c665d37848b983183cb92da1bb87d3be8a,9a81c330b32ac03f1e350d13330a89a8eed9bba3080a817970063180d1a47ffe,none,0,0,0,0,no_action
1d8cdd68d1b0a89b1e2f97e38441ab6eecf82f0e245171eee607f6424711a23c,94aca84e0b38853aa39935fb989fab2ab68ff2878d8c1515759b40d63a607659,none,0,0,0,0,no_action
89d62d11ff311269ce509c98e9ce8565db1c2683f01d7c4b700d12b23ba020e5,a7a7158c3ff50886788c717a7996ab2183f21eaa0ea0e14a7564f4150f7a85df,none,0,0,0,0,no_action
02548f8bbc18fdf4909721df30cf78a1edc12b4ec7c1bc9bc27b260c7e2b379c,8405d643bf722096ff0852342d2e4f8ab89b0aeec936328cab749ccaff534f13,none,0,0,0,0,no_action
dab4a0012b98e6471859f4dac162a22715338b8859c6728474391cd4d9231b7c,1bb174f0cedf7447d90ecdb17cee5085b52703d0aaea8043a49299c877a8236a,none,0,0,0,0,no_action
ba32f9ef111810fb13817ce91fa620dff8f03a0c084976e27afe365da731684d,96e0a1fcd1191a8c805d1d717d616653fb90f265ee24bef78a9c7ee953a068da,none,0,0,0,0,no_action
bbfcc7a2143a1f48d4f494c045c98186d28abf6bbba0a8b163f1757a82f0dd97,06f96f2810e4a5cfc41d768e6d9b44f90f58013567dccf192363133fdd9aa0e8,none,0,0,0,0,no_action
2c1fd42803e59321a0a81e81678b69908a840450b974c571fb713207fff576d0,b8901d342c23824b125b79a29782a09f6a483b2d466d3fd539753c64825b6b2b,none,0,0,0,0,no_action
a6514619a32ac0e12e6ad0d61f8b35327a070f570669dc431be130945aff3026,4ebd3d22d23f3658abdd7318a5731f4ab8632d8eae03a36c3dffa4425fe73867,none,0,0,0,0,no_action
415afd9585a3e636c1084bcecd1a750a7cef14052fa11f93c9a8ea9926b160e7,eeef78f37e697f149e92bfe40a93b638fe30d34a6b36b897a085c8936cf2e44a,none,0,0,0,0,no_action
b8377288832644333b28c896ef5bf8931185c3c91ef79bf1c3b32c7a27fc3114,87b19e301a66936b41e5e255b57b0ec53c788912f29315adb8c4a0c439b0ec1b,none,0,0,0,0,no_action
38af6e8ca818a37e1a18ff8c08c61058bf289a3a97bf70a0e623b3a6def69372,fd25deb93d04454f245e1daa484b279d92b81792b6d7340460ad539596cfa3c8,none,0,0,0,0,no_action
01ab8aa24fc12c79e710e5324846e6e2805d9d2332e5bce017993d90c2fd7222,bb9989427c2cc33084274d6258d61cf232298f40231b234d8121832fe542f934,none,0,0,0,0,no_action
62a5335d7842d5009d4b3758846ddb56e3f9bd2cafa9a2646aad30a628d94607,8c1b26b193b3a3ba1082951830cce86f2cb7f4c0bc7e2d44d1984be517f42667,none,0,0,0,0,no_action
7971d0d172ad9a79daec3b07fc113097b948a002fd4e256b15823743e050e936,6f2df1611ecbbd70ce79c9ecc62ee3e6e4a2784d097d11c66aa7b3448c45610a,none,0,0,0,0,no_action
a790cc60b5d4f44f52971ccbbd5504b586a57ec499d07b80ce8b17c8690e73bc,c75030b55e69b81ac12ca058de49a2bc7969f3510738e0f8c5d735e0a4f6106a,none,0,0,0,0,no_action
e2b4fade66683d9593c6925a7bf7b8df9d05ad6038730fa7b1c987400c8a4cbc,904799dc989b98af314ef16802a024c94be5f30dd85e7b417da32246400cc689,none,0,0,0,0,no_action
787ad6410c6ac96207322111e8c78f43a4f1d962fa1cb3d5a4d45b137e6a10fa,737c5a82e47e49dd8c54dd866225a89193af398908cb373e8fb2d2f8003e627d,none,0,0,0,0,no_action
dbe928683f19e02c16391d8068b3efc90c4e41a40d305ae6458babd0b328495c,afd21b5e44e4c13d466cff4d6ff04fe2de80f8d7bc924cb6de772e83c493a26f,none,0,0,0,0,no_action
11410e96fdf3206e03a278cdbacada7031216b53eeb56b296e47b0324ea1cfc1,1c02b442762ebe0cdb926597cf5d0c30192c96fd50d4e68e5fedc3a817c7d02a,none,0,0,0,0,no_action
1ac2c39bcc13eade0e54365fd0bdce32d66c1a1aa0be08c4b65175e21d2b293e,dea8ec4eb95bbff7c19230a92c11a4d3802f98376e56ca6bb75dc77de5704bf1,none,0,0,0,0,no_action
02c9bc9a5538b793752953e8d2815b5f34fcfcb7b22e6cb50cb607f2641827a9,1acebb49126630ab454be5af197d621cc480a38841499917ea51a24f9021bc7e,none,0,0,0,0,no_action
6a84b4a2d9cdc78f6a2a8ce1bbb5cfb1bb09919e9a3e36e54ae4c4696c6143d2,898bbfd76d1ffbb049b423d84ef5e9290e6272a4843f0b524cc548abeca2f884,none,0,0,0,0,no_action
dd6525a2dc0b84b22d6fc2c305ab4359292e3bddaa9d26b073dc280e97a2839b,4a37ebcebd851eee126c190caa50f5a3cedca91f8f56f1cd1562a188a140d128,none,0,0,0,0,no_action
cb28d3ab6799cac408162107faba7aaa3b01ad0f91aeda46c344eaacc724f90c,0f65090831afcdd864afa631e78ae3111e134c678f99bb8be2108c66c20de7e1,none,0,0,0,0,no_action
c62335dc9fb9ef4c0b8e89c0b6d74e4436a8b9a3b82b140c91dcef4a72fd4641,0677566a3683d4663a35f654d8b1db2d0cd7743c434ff40c63a1efc3c48574ab,none,0,0,0,0,no_action
484545151791fcf0e9c7027f5ff46400e1fe3b63ed76ad4723840ac76460ac28,84cabb103c857cc4c899e977e667a6456461ec3e8ee7fa78d2e5ceddcdda224a,none,0,0,0,0,no_action
e48aa6c6ce165673cc048aa551de8461de7a752e989e7d4063c692e58f7b680f,f443197537fa14382b858d48093a86dfdf92ef33a499180d7cbf26c16df5dade,none,0,0,0,0,no_action
6233edefe4f4efe62c50a19e807fa2d74b4236de2b1c27f4c1efb8fcf7ec8c32,16504fad407d9e2612377a104f443e5b564ec5d090e89b222b96dda65ab142f5,none,0,0,0,0,no_action
8e5f52f362b9f7161671f98367913f96b98954eb0189507ccf8d882c59d9583a,4ba3846baeeaa4947ffcfbfbc3bd4bfdc77da5c43539e35523f4a31195354380,none,0,0,0,0,no_action
f8407b6f5c55ddf6c85019f4779d79559d7e9afc5ece64e781ec2754fd9249b2,55369d731866aeadb93ee8828448aa0e3061953e81d6c6c5d648595d875b2106,none,0,0,0,0,no_action
00197894758e93cebf2338e94feb8af0c07dc9aa0d135d9521a07b7a9c197c2d,ad8022d757b672edb65b879e1b31ddfc1db0cd739f458a67c00e7c445a178eb6,none,0,0,0,0,no_action
0802f8813b72a03c93cfad2df7c2cc5cbe05995e7c02420558a37328d774cb3a,30f7ea8a6e334fb75e28bfcec83f5a3148eea95e6a2d2c30310e248efff8294b,none,0,0,0,0,no_action
e5578ce0da8a4f23f42d607bf9a92a11362abc894ef5b94115fd76b9aab7d6d3,661190cf5f0e613fdcab7d3266cd219bea6613f98aff0b19fbbf9aeb1a0bbc2b,none,0,0,0,0,no_action
4c13ad9f40a1b4a9fc26627dd53ab3ba7d9125bce58df4b20f70a335e71b6f29,27b640ba3f21f3cbacbe5ed4fb7d814be60cdefbeb86c6a4f0a878e299a49525,none,0,0,0,0,no_action
075a6bfbc4f7170c323a11cd15606142d6ab9e6c85665ebefddf3da1c1838e07,f4c333a6e4859ede3ba5cb65b9d56d9b760aff67b7d9903cfc0b82dc33b89b9e,none,0,0,0,0,no_action
b2d47a9d05c7251e094a6e1c700bc75c42622cb210735d52517ca1c531e850f2,0f7b12c89ee0bc0b7b9d2c273d4abbcfe98338541c7fd15ba5fbd5c5f789d71f,none,0,0,0,0,no_action
291e8a5a104c545ff17abee9f368d3a0daa069ff27dd0e96ee2182a5afe4555d,525008cd085eb9bea29b58b802f6d431107cffb0d52e3919de777dd14e31c120,none,0,0,0,0,no_action
774ff69b1b26720e83a9e35978784ab533e3a335dc76c2cb141a2c3a1c4c0335,d28d7668f3723fb0e09e64b27c6ba2106309f23dede7e97137f1a081be370f32,none,0,0,0,0,no_action
c190780a24c54ab6e52a43be051bcba5f2457c4bb06a04b517fc076e182cc2dd,954a7624e81c7913f3229b8b6fdfcff47720d9157c1996c0fcbc424cc1a8f86b,none,0,0,0,0,no_action
0bf72812cf249730cbc2f3f6ed8b1a4ad050fa54817ec7bf0fc3d56b62d7b953,62d5ccfcccd384c5dadf9b1a2f3b17d84606eca43714be653cd3085a97fdd44e,none,0,0,0,0,no_action
ae9124c6a3082bd7c6b0d22fdb8d9a0f85512f8e5ae28331d3932e6b1ac2f8be,3ce2815141d9467125eb9e2f4f84329108a452e9926abea891dd866ca31693d7,none,0,0,0,0,no_action
640c627b71a9293f24bb1f8f62cfaf961ca59350b66dabea893adae69b8c2bc2,0561ec179e509e1d4e1ba0b663a49987d78dd3179d47dd87a54474d73e86f510,none,0,0,0,0,no_action
419260eb070cde87bd9e4c22c8818f163226d3c1bbc1935ace2d3e65be96df39,3995984dd748ba19757b90d29a4f7999300a30bd63a7e8725a6c959b86b3e145,none,0,0,0,0,no_action
716442e1f63b88c266525794c1e187bf95d2e64a3d9777ddcb56b71158d69511,f94ba5f783bed0ae95b0ca8bc66c528e413a5eed1c31865d3bbb467fc6153ac2,none,0,0,0,0,no_action
9ca732b08ef3732dc1bc54b57c3bb23956cbeae2087ec4956ce90fbffd9edd8d,81e5736f48048883185fd81e4d9a995f85ca213772e525c4d7eba9cabf0e52a8,none,0,0,0,0,no_action
e35f83d8df499ff4e2370fa595f845924a03d1c3586464d1063973b7f1caa4ea,c83bf719a1a296de4884d656e5394dfd20596bcb76f40aaa02425de9b4439b00,none,0,0,0,0,no_action
d00cb794321cfff31e1539f266822797d4c373c5103e70bcc4735305f8bf82c3,d77b4d7a761e9a4468cbe86bd65d96202d9a607441899fe8d41b32b0db87d4d6,none,0,0,0,0,no_action
cfdde5a2caf648e04836b3255a0e002840bc53044b978c4864aa6ba741473efe,6738700533ceb1f0df7edbf896ff56b3bec556795b4437b16b211fd077322c30,none,0,0,0,0,no_action
f1dda9231d678efd3cbf5ff046006e458ad2ec279f4fad810a30c57fef11b94e,483d15ac8ddb4dde291d50fe92c01a3da0b8f727245cd5904db19e1517028ea7,none,0,0,0,0,no_action
71fa5378ef6018b4efcc42034f7b884d3d52c5be1afa1efb28c2aa421d0ae553,93844d04805abc31e9a5525da3a315678adf730e3da1243368fc1fe40098c9ba,none,0,0,0,0,no_action
e2179e2509691cbd64af3c8eae381d7a43f3814d77054c1c8d7106272dfd818b,ce1b581f19b60b4c397d7dd75054552eb59d5846276205ec970599a8547585d3,none,0,0,0,0,no_action
393fc4841a1c2b830abd43ae831cf74939944864cdd47e4ee2db4d20b938e6d4,26ff179c786fc40acf8def953968703cbe9764395e6eb0ea897c57bb8268143b,none,0,0,0,0,no_action
33076ed3cfd06045ecf2f51edc236069825bbff00812633296c5b93822891386,d9098833ef3bfc0b638187cb6f997865dc8c7bd289713602632fe9acc8c389b9,none,0,0,0,0,no_action
19806c90e47c77fafa59c6ce8ae0da597325e83a5b63f9ade19428e89cecf833,96a564fff608cc60e26045d8c3f6ac9fc75a41e6062e6075addfde76c6f1eded,none,0,0,0,0,no_action
4308812d4dfb0d3fce8095cb60229c28114c5555a3172888c1d18dd1ed5a2623,8fb30857017cb2af620a15a0fcf2a77fd282c6f232a1516a7fc93b3b8f83060e,none,0,0,0,0,no_action
7472eec2de8c8c864a5517d2880c87246496cf0be3d9e6f6a1881d6edeb4643e,166502114f47fca62b2de77891a582d164cb7182e74ee3c3ad8ccf03eaf02439,none,0,0,0,0,no_action
3c9b657456a196300c00c8bc38c91cc54e7e55bec5397879a81928022bf292fe,5ca8dbe8be5996d7289ba4106216d4ec54aa8f71b73db2756cab3af3654b025e,none,0,0,0,0,no_action
2e8d401e24231f560991783ecf2c9b15e60140b60f96e81a2db78e06f958b453,e4d65c04fdd7a270803d49a2ed0a52179046c8ac2afb373ada6ef809f7b09d09,none,0,0,0,0,no_action
a170f9d5e345ce9cc1bda8b456e384f6d43395211bf30508ff298ed6b9a227fb,d94c54b9b502a1debcac5f42748c660721c090e2680741b8dcfc4e485d3bbc9d,none,0,0,0,0,no_action
c5798499b6718ae3ef86b586c499053f3eac4648a23698e605243dff195a58a8,1d396cc2dc1a1dedf321e3c20da2aa0f3493316e554cd3687ac4996fb62e6284,none,0,0,0,0,no_action
da1c4d88c9a598b6e833eeb4802c3191c27aa76c16d6ae74ef091d92857e5ccb,31864424e2ea0ef299bcf93ea4edd9776d99ec024a78422f47e93d8b39bff59a,none,0,0,0,0,no_action
8a2b15ee0b867dd935848bee3f48376a3b98c42afa553ce1366beefb58eb1233,2fb267fcf21ab9eb5913620b1418ce722bd6646f217cadc73febf3c92778df13,none,0,0,0,0,no_action
938702d92681ae9134afe7eee79c17d2f86911f6fc18d74c5afc6d57276fe09c,5e4ad740deecd5c21cd5075c88e081164093c0e817e9c3b7de49d002616f960c,none,0,0,0,0,no_action
fd8d2b69a5a543db3ed00f8fde5b8c471cb11e296ab1dd129b6fec29b786c8b2,1754828162931abac1ad6e064b37283c911007198c681e84a5b52782404fcc2a,none,0,0,0,0,no_action
7df405651f68e75da65dbc5ba8861a17237b55e796895769b228028218c9cdc9,a7b4ffe492a62ab12b057ef1588d97d7f66b66623f9b9a88da1c8f8cceb2bbda,none,0,0,0,0,no_action
dde8a0c2a967383eb4cb710592876acbe58cc62de5dde3ab36165d530e2e5dd3,48b61a1ff868e0eef526a65804f6efbcb432bb21c81898a289ace3633c21a04c,none,0,0,0,0,no_action
ab4d1c8aa9cb259083f36adccbaef49a7fbdcc575fe2a25a713c33463ed59d26,5cdd7408d537b6a71b7b0d0101ae91fba301d98ffd0d9a5cc274248d07114bcb,none,0,0,0,0,no_action
bfe04a340388a806029483b7ffa43098930e8c9699f5ade9f930c1ca72c2073a,edb37885b504ca33f895818ebcdc042a57e96b543216709a74a652d4b3ad709d,none,0,0,0,0,no_action
ab8c6d885704db75f8c2cdc2dcc1e33fc89e6a93cce0477c1923ed631036a824,0753259e00f50033b3a03ec88f1e2d654534124cac36d41964ea2728cc9b8df5,none,0,0,0,0,no_action
3125ba87a5879424228f3d61ea2e487b4f645591e140dc0bcfe3bc35448b5b22,9127927c98241a28c1426d4ac3c6ce0f4e7f6f48401927566f73d4772a4390d9,none,0,0,0,0,no_action
27295711535872c2b20c05f2f88bdb02d16d3c64cb297cb84c7db46e42a2fc8a,e5ad6a05ed1e3035159807f22cfdffb89c6be27e82fae6456126a0268bdad888,none,0,0,0,0,no_action
0ba8ccee2d9a3cb5583bcefc8545a91eea9ebe30db07059b54e0afbb2999c2d6,5a7fbeddf97c71f663ca30a268dd1d1ed185030552c1774824170b9e32cd65a4,none,0,0,0,0,no_action
60086dc9ab4234f417b81377f34b12bf0086e4c6faf01b8f323b4feb9cb9c02c,b383ea038c11420b70defa931da7e6c26fadea5224eabc6af89ce16c4642125e,none,0,0,0,0,no_action
8c7803e6fcdc94da468763383ffb67264b9ca45fa8fe66209e0b2430eeda897c,666882afff938626081349b1c47f04f33cddf8740d37f18a7ec90eec25c874f9,none,0,0,0,0,no_action
36aa9033baab82ca9fa87fee7f52f68f17a5547ee9b601147dc2eac7cfd32b24,ae63cec79963716c6d6828fbbf44ac405b0a902809395b76d709bb9b3b83764c,none,0,0,0,0,no_action
3f4968055f9cce55bf0a87f914fa1e68e934c2bc0bfb046e7ef127e52e06e0bb,eeac2ab268db1ed600887a680ef734683c61f1e9fd8745fa114e646b6f7f4259,none,0,0,0,0,no_action
cbbd09e0f6918a84d70b08461188f0e2536738de8db928dcba7927df91e47b45,1673c78b5a3e5ee79834e7880c44146d74088f8f61f6025c3e1ce895b7da7f34,none,0,0,0,0,no_action
1764f2c909ef0d4a84055edd03bc84e0b2aaae02127181db3171e396e7b3171f,80fc3862d76f6fdc46dc4aa02d90167b56ffc6a72e98dbd87281bd44be553699,none,0,0,0,0,no_action
32015f117d27985f0e4e401b6c649925ec6ab78b95be62e409e62169fbd120ed,ee203e0d15cd3f1c3835b4327ad9f845cb431a23ec01d9275dd6d703ecf192ca,none,0,0,0,0,no_action
bc8ff6f3fa9ad0c6e55c34574842276a30bdcf1defd2fb23fd84f6aed517bd34,1b9e5446301dd976e0366ffa60e0f713da85454fab68607f79e973bbbebfd0fb,none,0,0,0,0,no_action
0055d2a012c6f3961f4af05d518c750563c2e256a639b8383a45db7282ab5336,44d9baf075db4cdad4d29dbd821d4ec7a1053cb2b2571f5a8664d43e354aa701,none,0,0,0,0,no_action
fdd5773e51c0ff9efcb9f322cc903793b7a10b35b8a4a950882bb75c9f8cc14f,9087dc4f9278f3e11a508d9f1213e73d110b775dc59754b6ab4d89b0f9532ff3,none,0,0,0,0,no_action
3bffc8ed1e645a248746c1fd17ef5282f2c43e4f8ce42924718154ff7d891e76,dac11b88fd8bdb21c29db4fff1d59c98372220926d638780f903e745e09c1357,none,0,0,0,0,no_action
1b96aaad5c1ec2ca53592a532c5b72f1eaa45e01b8c3aceedaab297720de70c0,0a346a334f1225c35e9476d2ee85bc1973cf7efe12f0664d98e4b670f5f9376a,none,0,0,0,0,no_action
4956b7013fdc79e41063b386534bc2a8f917143bc522d5138168a8ac69c235ce,da5a9f403aacf464e3a7ca5d75100d46f754bdc9a1278c3e5b9aff980609474c,none,0,0,0,0,no_action
1e35c522f25ba8e6e19f2af1fadc6b121fbb8af93fbea9ccc7c168602a0a7641,dad028985f0fc76005b540565034b048ec4f966db7625a75e3cd1608ff56d3cd,none,0,0,0,0,no_action
2e5b8ba70e58e1ff98d5cc695a41ce4782691e2a99da3e8a6c727cd4575a1c6f,277d4b12a5e86ca64d31252b93b3eb6dc766f3086e18c7f4c32f1edc0ecf7cdb,none,0,0,0,0,no_action
69acf7f41fa8210ee5c87f1d731a2687048466c899fa9bf65928ccfe0b5f9bb7,7fabf83f0543fcecd4edf71c687a2cb7780dc91181d1cc9d92985205ab1e4590,none,0,0,0,0,no_action
cc802f2657acedc7e890832aa050f7a5e7bb49e2f0965b47897b56f46eb6d610,351c18e51a025c6b3790a408771e04141348bf1978e5c4df6a5e3c1b9751cbdb,none,0,0,0,0,no_action
8b683a1d6e3c000f2bc472003d6950539d95f3c923c78cbb7d4ba6f92a74f342,acd17dd73d1d37ecc8063f7b4702279cbb00044679e30be5fca130a362456f2b,none,0,0,0,0,no_action
17e5db918d5774b1bb1ac4c2bba1bcad3ba6c762cc122253d511505a5b832322,b47359391b92ab5df7dc75898b78b8ad2bbdcb350c8ab840390be365fc19c90e,none,0,0,0,0,no_action
115cda600443b529121da1fd34ef4147ed96a8e56996e0d58e3cc7dfa067dcfc,67dbe1099655cde53bb0e0f1433b4e884d362218e8535faf085493653a0ddf50,none,0,0,0,0,no_action
8c0d6459b55d04b63e212a7f521efea64a3dfe838afc98ee0119db67d947b99b,1198cc06e264bbdc9a0edfbd75ac4b7b57d552c33c3da8b74c10070cafff9082,none,0,0,0,0,no_action
dfaf80f6de364eef40660a2fe7d8ef29fcd5dcee3c421f2bf33cc91034f528d7,79699a8bdc6ea1f0007234cb3b18abf33d0597c47efe6b8c8663ed3a4d6d74fd,none,0,0,0,0,no_action
d51cc0ccc51715cb1bf77e7523287aebb1ac64ae0a2551ee2d8d4e54a62ce475,357ad9d3d920132ebd5b4fc002824741ad2ec05c228c44f925903660815f6cf7,none,0,0,0,0,no_action
dd82aa7023b4b3881db613dc5fde09f9a6723db9808016ed8c945523bab59395,9dd0ea1500e1b62bb66e90213f679b2504dab6eab2e48bbbf85042000057ce6c,none,0,0,0,0,no_action
7241e726991ebbd4ceefb707e23f612018f56b187942f692b16d4a8ad59959ce,8cf336e1c5457a62c7a6002b5f7fec7f310ac0f46a0d25ea62033c4d68b6a770,none,0,0,0,0,no_action
608b4fabfbc969bcee2bd0fa837ee42d6fe48e49ecb5a9680a4271085ba58669,a67942cc420fee287734762805c01588938ae4c4686935d5702a810ce8b25a8f,none,0,0,0,0,no_action
7f40824a583b3a1ed4affeff4dc11c15cd70805cb7b8fe90db081b6c7b0ac34a,1c1f3019bf4b2001310e1ce744a5b7646c220d514b0fdb7521aecc40082f4793,none,0,0,0,0,no_action
34111c9a9e5598d85fe3cb297f1c30fe3a9fca170c27da75662146debc2ef5dd,dfc82bb986c8c19e672907378e1b7b12c477ffab115f4154c1decf2d06e9fd11,none,0,0,0,0,no_action
dcf7d8c9b7ed471cb9d18cb7956fe12c62369bff180376dee5ce8354a47b5e69,82d2bb03353333b6dfee158698e1c7c6435eb6d07f64a24d6b166956251ce13f,none,0,0,0,0,no_action
cc04859951794ecadbdbf79d7cdd6605cdfdc1d955dbb9cc45da27d559809b2f,10b22ac7ccf09225032eebd2a921aabc4a6ccc99ac54d1b0f53c0825b73e1fca,none,0,0,0,0,no_action
c2bb62b76be70abe02ada576b1dfb01ecebe3d2e7f2fff03248d6d890d5cb3c9,2b6dd8d04900c3c6cf2ec3880dfe966ce50acd04cd696a0d7ebfb783df97ce74,none,0,0,0,0,no_action
6de61013359a0a7f10e19d9a7bd33390f8a024ac8320dc74312f14a5c1912b83,2e07ad3bf60cc1e6dedcdb9cfad6e2a57c1ba68a19dcfbde6d15b45798d1231f,none,0,0,0,0,no_action
87e8e6a84ca795215d2a98cc7dd2d81952fa647b81d7d030c84e9806265bf6e6,f8dd121d57b59c57d018435528bba7bd2c3d3a6f7fcf2d0cfadfb1a5a74db3cd,none,0,0,0,0,no_action
408b6835251f34a1eef231f680d112b4b8f76af0bf73cc9fb7cad82901af1dc9,3866726bf6c77934719d13a6ca494cdcec4c4628b4c0f105d971787d92353941,none,0,0,0,0,no_action
953b903e89345e466b77d263b55f9a6e1d6f86fdaf141a21f48916b31c6b7793,d0da02edce184586a7f586967ae73fad984d0817bc3240871cf746c701af0079,none,0,0,0,0,no_action
3bd1b0f3289d45e46f90f42291475d62064d2f9e2ed08c89f1635a36d0b3f182,3e1c917a08a3a86406c0560e00534093ddd3e34d041add972c429361842a09b0,none,0,0,0,0,no_action
9fd7988c29fb1511f93320f160f2444ff2c7c5633d1ea30296849c3ae0729a5a,7e83ba9977668a4e54d818b5b6aebb8a4bb8d8254749c53ccea561ebc4d654c6,none,0,0,0,0,no_action
79bba397a934ee8131e79abe2015edae6e66508697175bb4b69f0392ec484484,d18d66f1d3bf4a325015f8556247d85718af0b218d448acca899e550e999926e,none,0,0,0,0,no_action
6f0c3c34de3687d46f6bf5c7bd101269ba2fdcd7d1e3931361e91c9c4c7fdf57,ca4ce60756c2192a72f07cfd4f98b816c9d46bd589b3c4822fdef6d63964e405,none,0,0,0,0,no_action
4271aab126537d9b034e1b92d42414ff363e692e9c97d74b94facae173378df8,62981e2275c737a1ec93970389f4e1146e9d6496d34eb48e465a51fadf8ebd3a,none,0,0,0,0,no_action
64b20a738b8a17faed97f26dd8eebac5741f7c4c7a5abe71facadfa78efe9436,48a892f4ca92be9d4b59b075790af69044986bdfd87961555b140a9ea5a2addd,none,0,0,0,0,no_action
645703079dda402913bfd5138e41695f3e04595044b2ada29615df9bd483379f,dbc73b1a7061e9d508874dd086b9469fcc341fa6589617e0a41291d093d9ac94,none,0,0,0,0,no_action
62bd314d9474a1aa60027906bfa8342d96d8d08c8f7d8f520b742c3657920fd5,74b76e06429845ce4dbbc334046cc0d283e7aed4669e3eecf9289823a4dab617,none,0,0,0,0,no_action
9d586eb5567af1eb598c59ddbf4dfdbb8f185968987672b26b252158b057cab5,1100e4e1630af69c47900434293f5004b52c1eb852e7a6a337ca94460a142b87,none,0,0,0,0,no_action
6217254993cdc7da251aae9bd2df0719a141189774bbbb74b7448476ff3748ad,64796981022a781d08da81d251da15064586dd4a47fcea6381f3cc0a32cc862e,none,0,0,0,0,no_action
eb46503aece4acaf42f8fc77600904be49308e49f1c4b27c3caef211156ac6a8,8a0c05f792a7452cf9b471a863392ef58fe167d350e3ea949af89c4654014c71,none,0,0,0,0,no_action
cca6c84cd2c044b5ccef97a47ff598f07de8fdd0631255e17ab0b124329fe68a,8c53d9fa07e61c2e6c07bb3e37da7976ab268965ccb493f5f8c2c356cfdf6071,none,0,0,0,0,no_action
bc67deff36815a9f41eaef3280700bee93d2f0b3b1ee3e9cbcff130dfa6ad194,306bbc2aff8a85612b0353bbafe6af41fe6cea9c977aa2ae0a21c1316d4e6509,none,0,0,0,0,no_action
f8c3e24af6409e649e9a9f0b760468b584760c435dd15473cfb5b4283412d9ff,141289bb171047904b664b06c71684f4124dae2dbf1aefe715189a5296737251,none,0,0,0,0,no_action
774ad60109dc344fd1980f5c5e2f9c0450d1da1ebf3ce0eda68540f729ab2faa,6f21908365e06f3979c274ea6a667983b7f25cbdbfb1d0affe5a3a556dd79d54,none,0,0,0,0,no_action
d5ed93322a0915e5c29ab7d503aaf27bfe2d7438473ea7617ad72d2950d2b9bf,a03dffa8e3423000b0b3320935e14b61e29e2de736f269825cd635fe07c7d183,none,0,0,0,0,no_action
8c86c2af163cce4bb2c6e741eb80ceeb1d78e38e37abfd8e14d4162094b27fb6,dbb270c3d214c82aa0771a2c2dadb7070fbd0fbdff3c6479c0e4d3c218694267,none,0,0,0,0,no_action
4f68b86311ba21fd2be2c558b79a57172409bf9174fed3a60bca252c3997d5a5,0137b277c8da2fed8f98461c2c77776a4271894d3deca20a6296f337e5c801b9,none,0,0,0,0,no_action
12264ad6c4986bdb722493ae231a44f76acc4505adc6b095c61b7b9d71d2fd6b,bd2659572b069d5aeac474e5f28da8dda2b7a2cd2e7129826a9bffbb4d4d3864,none,0,0,0,0,no_action
0a0a8e5aa12ab9dbcceed3785b07bf4ccdd289b2db497342940c715a017ffe35,4d341a818ab7e05e4bac0db0ac70404fbe99a96b0de3de25119861336beb89a6,none,0,0,0,0,no_action
7ba27439ba0ae96c30a37bdfcc2af9ffe6c82b1eb844fc8429fbd394248d8952,22adfdbba5e9e3f9fcdbfa4a75d7c7ccc6d70567b501242924661ce3a3457a41,none,0,0,0,0,no_action
2328dd7b7ea94cd56e6015f31ee88840a3a8a71cb2942ccc7a32a791eb38c803,b213d592ec1f2883c33e88d29ce4783cb4d378b0f562e158fc754b9b5b29588c,none,0,0,0,0,no_action
514a5227983f4da64a0a4b5ff53368eb23481d7d1723e32585afd8f5266d44f5,3f27a46baf7874984a1cf8f4f54a4c84845193cf33424e498507653b73aabb4c,none,0,0,0,0,no_action
8c7cd1a5ed5851324e40506d61c1039527bcc02c1b8ce4a3248ff39f14c7afb3,5a5ab0ace7674e0ef0182c656db2611ff2a0f20270cb1b862e749b012e4ef904,none,0,0,0,0,no_action
bf1b5aa318807a6d1d71ec7317c4a5debd9a0e9158959897812c4ddfe6634ca0,c7163541d23bf41d9fc2c703a185a0db4b7b9d5d700cd3fead9cfefb314830a4,none,0,0,0,0,no_action
c1f972da0e6b381652303f33ca0ad9264ff72cf6b2e803123d101d431797654d,fad986be971ea6e0ec88a97185d0fe74fdc3fdb7c90bfa41071246648dc49707,none,0,0,0,0,no_action
3676a0c00a8399e4736d46bbf9e81551c473e3b0d93b4f7df71041a356d56a25,b24829b56cc7555cf07287fb41712b101007538781f71565dac206e594a21024,none,0,0,0,0,no_action
2f8c345f7f7f4d72de86ef08af90487fc7f494fd28c72b54c1fc38a50b528d62,c96975d4feb40dce00f8236ffde129c19e543bf0f9396017e7abf547a0c5b98c,none,0,0,0,0,no_action
20fa9766b2b0a062ab9ab744f7998169f18364e28dd3f05fe18b9a8fe8873e93,6886dffde6e43c2a67728dab1acf91e4b8aa57853f13da11751cf4f974de1177,none,0,0,0,0,no_action
98a8022bc519d36d7465ac4731dae973a3f2101808f4a2dfe475bfda0514ab42,7d7378492c91bec47b88fd0aec1ef5a7b6f00e50b9fd3bd45915648085871444,none,0,0,0,0,no_action
ed5106ca3d8360b917be167e882bfa4755a8cd7672abb7fc3767faacf68f0ff4,788027e2fcada41aa3fb47a2ecc890299db56f68a4ca4fdabcba50304679ecac,none,0,0,0,0,no_action
60a3ba2c08dfbe39755eb96ff1432a97bd9a4572144d5bcac6803f45130cb264,eaf33a4e081b0b0c10962be92145fecdfad3c86f8a4408454ed4ceddbf22b8cc,none,0,0,0,0,no_action
4769f6022de1a78ddd82c819bce914cc5acdcdc396a59741fae4804587048918,3e11a70404a6cb508153e2eff32065d3c12987800e6467b54e898ff75284e5df,none,0,0,0,0,no_action
3c27f6bb9960c8e6f6b9421e3da16b799bdda1383726da3b06f7f8a54799c2a8,553f20846aa34b053c40f50a8c656c9687340a59e9ce23d59b24567bba583777,none,0,0,0,0,no_action
f08ee932cf0e7b76c7d25133c4628ab2afa6f6cfdc634661a78c38b52cc4e6d2,fc67fa1d34da6cb27aac0e6c82921d0849a5332367d54e2445f52d9ec281e229,none,0,0,0,0,no_action
0973a4c05e233962337f7595ca6322f1aab9f624cf51da2bcb8353ebb7798c44,889271ec4f1d8eab8cce2dd8d688d67035aa50e6d9ee8463c31727363df3a361,none,0,0,0,0,no_action
38d358060acf5a91632a9656bf1402d5844bbf3a740d907db9c1e609bb80d878,d3f9292a0c0ffd271f4d7c6f768611df2944d9b79330503c805d574dc3fa3679,none,0,0,0,0,no_action
a26abd05579610341f499ad82b29c53d5826175349b062997af477d37555339f,b464d721adb4d9fe3483b8efde29bfe083938fe5eeea54cc806bb513b055f964,none,0,0,0,0,no_action
19bba322cb0cdbc211569bbe98b2f33739b216952d0482ca829c3a5a81806652,ee4bbdae910f39ccca59f10fa18345c4e7282a13db0ec53878ffb8078d9f4c7a,none,0,0,0,0,no_action
2f164fbf3fe44e65107168469215fa9a159cfe81e899568a16438e54ae7142bf,91c7e941af363af4c4b7b121bf30ddf27e9ca752cd1334ac8e8bed38ba92863b,none,0,0,0,0,no_action
8bf2901fa2dbb59933042db0fbafd564964790bb8b347c00f92259f480717a6f,2e59cb397aa6c1462525a3200965338f597ede3ab98873dc0c8e17bbef58eff5,none,0,0,0,0,no_action
e27e1f7417beb595b9c2765f7e36a5afea9ff5bac896d3cde28e9ec3d3a6e0df,9c815850eecff7acf00c8ed8769dafe0d4688cc7ad3b4103aae162f14450c9b0,none,0,0,0,0,no_action
c23bdab85351df1666d5c82ede6645042a799108f5f4ddf0ae25d40884b5305c,4dd6bc47c56dbaf7a9c4f202906582dbe8868f979aeadeff2d055c45e573ce97,none,0,0,0,0,no_action
05a5af5c952514bc86dbbc5a2ad10755acb15b2ebc26d58c5eb3f236876cf346,b576047e8feeb33cacc85763996e220b83d9e09c717b68c81aaf5f738d66d8fc,none,0,0,0,0,no_action
7af8a27a895c5a59e8e4e8cd05c270bdbc92f070dbc04ea4a729c0289ede0aac,33343b6805c23e7768b2f258e51ac5a85465adb38c84433e487d07d570529108,none,0,0,0,0,no_action
a183da4b68a2f5827338a08cb65e0ff5fffa6cce3e76b6508e38eafdf7077637,809c5781e4428cbdcb524aaea4b1e0ee92a9a69b470b841b2a4157c9dcd62552,none,0,0,0,0,no_action
6b4d68b370c8dc57b08af11ad17451aa728358c5c110a47ed1ed645ff1f6d313,b262917136f8d50daac9aa9ca625b3b2c96a6c629ea416bbf1f42a4813486a41,none,0,0,0,0,no_action
a7c5f7fd47c8e49e377bd968e150b3f4305800b3d44e06bc4517fa3cdf211efe,73e9b4590ffdbbbefce778be199c30cf90e79af873374bc82a0ae65fa1e7adc5,none,0,0,0,0,no_action
2fe9ceb95605e2c01a4f8bcb965306a2893dad1b4ae424c12d31b8d86da77968,0dac2862e40e7ad4abb4ae201a7bfdadefa9e4c04ce61d7e3d98208b86b7da68,none,0,0,0,0,no_action
5eff39dd55016f9855797edaab756d7c64eaee70bd243fd785dc9f73b4253b80,09110a7924a958e99d1a7f6834bdfc142ec08c50043e475d7f4907be1e02bd53,none,0,0,0,0,no_action
b9aafaed8f2af3a1453147e937bb902b2344feca4388db909c05685165ae3774,76e76bfce12d08cd48412524d983efe9056c73d42a97d340ea774f1a8a7f1254,none,0,0,0,0,no_action
0763400ee5affb159f72aeb330088b3ef1f78664728d3b007d78e315253bc6a4,73db8e36a431bee91a6b313b9761821200bd67c1750027d06590826f1146a9ab,none,0,0,0,0,no_action
7e8c0e81a2bfc6888061f9983822e886091142717f4655ac835b5e008d0b9a60,8bd6f03799095859e8d1f531ec7e803816cac5af6bee00d564ff2a549af849f5,none,0,0,0,0,no_action
8794bd3f03e2c854ae9d22b2c1815577efad41ff657fad1459f4f4ba5b7f23b5,4df2a64241d4ce03dc67e4f25b7b59c9a7326a6b676413eaa4a404d512dacdd3,none,0,0,0,0,no_action
693e48f952f40a0d307a0814782d11c674e6f88345b7cd61d3dcfd86715933db,731df0f8b7cbc5226dfea3a6ba009d1d0c8c3b1d0b276c35e93999fc2243c4f8,none,0,0,0,0,no_action
67725a5ad2377a1412350032b260ae014f6affc055ab580f7941ea4ca076fd61,1aafbe33dd4df734bb15d9bf0748a91b10ae18c606590b9bde6ad4d949db00e3,none,0,0,0,0,no_action
7068d130bcb836cb769d56ff63637deeb42ac3f4704a351731bd295aae1f94ff,6e62f831f03566dbf353b61435d30b220cbd948d489975aa56006951fbe9bc50,none,0,0,0,0,no_action
ec659a7c133ea7de52f84832fd34504df86cc0964a6d57c5713c37bbd9bb508c,a32cc922fa33b72120062dc7b8519fdefb6686823a8badd1256e3fedeba41e3f,none,0,0,0,0,no_action
34f83ee2d1dbd28895b27085b1da47902a51d29e4b86be628ce31486d6219795,9a6c967d08d7c41bc8e8278d4b435708936ffbcc8b5fd713d74bf378c5ad74e7,none,0,0,0,0,no_action
915b926a477dc500742ab8b502ab08ed9c315aea979bf54579407c8c3a2420c6,a81aa722b2b75d998ac972a0d5529aa6ec7549e0e7e7bbb83c1503efa812b2ae,none,0,0,0,0,no_action
70215bc91ba87b9451cb357984c48b6fa74f33b09c30c92d4e9f45f0b218735e,6da0300a32eb1c1785b6a27fbc5df01e7bb0b4ab0ac3c8a205ee60708727d0c1,none,0,0,0,0,no_action
0ff758c8fd815d36b9ed857a515bb8134e5fa28b764857a5b39d0313cc081ebf,14a495a3a02113cb05bfd0bc81d32934f4bf0f50858e5515c664495d5ea477b8,none,0,0,0,0,no_action
11cf170e40ea31e1080379e353678c9fac4bb7e4a4200e165bf14f48cb6192b7,87550ce02ca20b5416778513b58a2b5face58493e887ce0de0b9f81464109221,none,0,0,0,0,no_action
92dcc2490a991bebb8d1dfed02455235381389e0e56ff86a76512064e3616b16,b5fd206995ea5bce2305a568de0e20c742da2f740e2757074ab5ea41559605d3,none,0,0,0,0,no_action
803657723443a962d933b97853c14c1e1d82fa0f049f78c3a60226e3dd0b108e,0050fdb2a14d55ef265503c9947825374cb413aaf29238472ca73dd88968e1d3,none,0,0,0,0,no_action
95d9b646375f89fd7ebfcf2b5ccce985dc764a1ea7176c7b91aaea442f8b0ba6,531b886a86ac34950a8a94765bc5036544ef2dec2d433a842fb128be882f85d8,none,0,0,0,0,no_action
65a54d790d9307bc3bcd9a1b20c8619e7393220101a9409064b4dc523130c6d8,2a062d50fa5b92c11624d3d24f8e3402009141ba6ac543f30602596956a91745,none,0,0,0,0,no_action
8f2642b5b6af5319c0785350bdbe0e21e44e1d3c0612a1c2d2aee53b7920e9e7,1c9dd9c12534ba57a91fe43fe201e7835e64e2b139e6c279e9392f399aaa33ee,none,0,0,0,0,no_action
0e91d6a3bc8c61ac19d01fb10f222c7e78d800c3d00f9237956646f11b3b511f,54e67184353450768fdadd4be4702feeff19b962baa878c44d0e3a24b51656e0,none,0,0,0,0,no_action
c2fcec4f40cb39b07655b3f49db79afdde1d3e9ef7980d4ce90297686bf0a314,7d8e88870ea21b3f6cb253cdb5a6877e80f4b353567ec4a5a3f3ac9a9c19bb32,none,0,0,0,0,no_action
ee86af7b88730b2cc9a672e853fc58979e243b475383b5c0cd14186be60d4a61,71f9e02dd3e022f869364337efe19e7a482f610372333c6ad2f47c81b6b1454e,none,0,0,0,0,no_action
b3411babac7254b4b47375b27142440ed23ebbf7f34456c59f1f8b7486b5bb1a,4eab3c55aeeca5f725eb61bdea18d2c889e539f644b79b282b26c52970bc8ef3,none,0,0,0,0,no_action
05eb7cb70dd1e84df6e3a02ea921afa243fb007e1f57ebfdceaef21b593ccf83,a52f68182b6427749544211869244fe0117e9ddf92b1eda112da8e9d456be7a0,none,0,0,0,0,no_action
e1adac228aff794274ede4b591fe999b659c33b65c5c4dd864c1036f806569b9,b3d78d22fcab7b84b5e64e27f0548d578ee428606364ffcadd3b0e10969a9e82,none,0,0,0,0,no_action
75b6d6d14fc36a2930918cc36cbae852b7addb197bc88e352937047c7e02d05c,21b41c99867aafe9188fcc7cf84e9b8fc16bb9ace5c6093171c7c7137c914641,none,0,0,0,0,no_action
660d7bd8de47f2fb2ab8a6f3d5f9bb9e0fd349a6f2f8b1ad67a3599f1c6372a6,e947bc57ce6cb26fb36ae58ac6c5d69440dfedc75828a46351e30292b65b6f5a,none,0,0,0,0,no_action
acff9c6c4850f73a95e139bc78eed40bd5670d317f37973250eb154618987da3,f746e74c1108c7e9dca011abcd4b21aae25077cfbd44c196ef45ac85171f9006,none,0,0,0,0,no_action
fc1585f5c73adc20536e37a7b76a8ca99d3e3cbb20b261715cafaf627613a0d1,ff1fb685d9c0329df425de42f7c2a6280b3015ba32e6248559a4e2ec19d577bc,none,0,0,0,0,no_action
ecad292316c69d66f3f8cf5437427c8deae23e047309bcb0f97f13f919817c18,cf716ccd0383a35fbaea848551bd70e13f8a8f8e5c99852adaed06775e522bce,none,0,0,0,0,no_action
a6c3122e74bc176b7f7b2ebd6c326e27613b75540095c4c4feb45699a51c93fd,5a259ddfe5a2e03d7284f37a8a3cff43f5d21d00235214ceb57b183b8610c10d,none,0,0,0,0,no_action
efa311edd7e6499ee2f31b6d0432fa14b64e5e93dd24d2396ede3b6ef52e0cd0,eba9b32dc5ef431388c26e4ee35b189a2e33d206f601dd4f7ed3a53b45f8b427,none,0,0,0,0,no_action
d0e7b28a4bf15390483e34bad9e88b113209c00b27d8e4adb504b8798265ed90,0a207128046907917afa07bfdbb32903ca44b516694cad7c79fc486d80e73338,none,0,0,0,0,no_action
06ad164f77166cc14405dc781d260c2d942ca6461915f9f3186ee606e2400e43,e83851d4cc9cf8b5a46fd4a54eb97f25fed7e2a5e7597d2790f82272e260777a,none,0,0,0,0,no_action
30c54967f874ee0ce7a2214e46b4258a2a3d950cd5292db186b8b804d0cb8e49,d28e9b47bba809296108faa2bee16f351fb9a57c3fd700d532b0d04c060cd847,none,0,0,0,0,no_action
d4754d1f9fe7b6d4276a0f440fcd0495a4463b830bdc345e60c82e7d34fd5a8f,a03eaeb05b2f15e2054844c212e6bcbd26e2ecb889fb66fa6b6608e98ab5aaff,none,0,0,0,0,no_action
d29d8953fa303507d0b1d8ea804a22728f001e3877195ec8c623212736d882fc,0ffde2b33045b2f45052018f8532b67c2684e4b3b8df9f59ecafcd2dee1967e1,none,0,0,0,0,no_action
7b0dab7178d755ccc60cfa0f25abc2863d4798d7076e044847c43538a3479005,ab2f4ad759c00cc109985161d19a3d0963594f5574755fe467384f6047807b72,none,0,0,0,0,no_action
d11a9ba64374f9f0d32ff1da6880a5df46ead7d9b768d8b3d51cf733592d5c7b,1fd5fdfc13d810972e7461781a8c3acb99826661eaab8767e3192b484e2f6a36,none,0,0,0,0,no_action
567c369011f9a8a7762ed01150ddf7c629f1519387bc407a80988a8da5cc093d,9fe3c7b7357fed682ec3b4d845afc8d15507c0a1a23f009f542b83d8fd8e61a4,none,0,0,0,0,no_action
2ea9572634c70728848733d2a5eda274733197a4c5d1bfdc16d9e45ad21ab47d,d92ceabd8105ff454479a765d3af9440ab0dc644f99512bc88114521564eb87d,none,0,0,0,0,no_action
a05a2ab5c8d9d17282f7f37447ae917bc2c632a59e429cce553ab5a6bfd7f4b8,30adde19d9f5bb84e91c428e32fd2e9edf208bef412cb224faa783b9c2267acc,none,0,0,0,0,no_action
3cca42af0fef1dacbaf2905d4db74e856b71189adf10eaae9ceffce5ef472d78,b9988a8f20602ecf3ed0be0acc0a9c9b08ef69a3b360e0a79017b68c683ac3ec,none,0,0,0,0,no_action
90143a90376e5a049f111de0cf447ca409e0e3960bb9150b78fc2d1b7e191738,74c7c927b973168dc24f70c423f6fde3dcab29274f80f7fbbe8eae6f8dafabd9,none,0,0,0,0,no_action
b41f6df0d1faf83c6f34c9dad6f903a5f338116e6fc911f9aed181c1aa644ad8,34dfb11eb30aefb76ee9c930a517f6497df8bba74a2880b3910bedf5eb8c1731,none,0,0,0,0,no_action
c3c133e4cf8611b29fc512e205c3a86044a40369c52c12a9a8a743f330b6922a,dd05fa0a1062276d4e630df5ca8fcee4bbb8803da6eac1c9a7b39e28844dfd0e,none,0,0,0,0,no_action
1ddbe4ff2c04254554e159ba51f27c2be48ce3286e37991ace8a833e1cd56f29,53bc4868ca42b5147870d57ba26df5d5f7c25ef85b59c2c366151890af3d2273,none,0,0,0,0,no_action
62c8eacecac7395d54a8f65879f1291cede6735ad3eec708714f81186d6cb0ee,49a94646f7c3b8ab7ff4806b945e9d3a187dea594ecf9f84c6538830122b31dc,none,0,0,0,0,no_action
7b31123871777ca3cd7f15a42300710765bdff986a09df069d9ee73c847580a0,e18d8654017965dfeadce192f3ecd1fd28d5d3afa10ce3d3ee53462e029be5a2,none,0,0,0,0,no_action
9cc11be87a3e2e8e513fdc7f3486ee25baa542b8981af3038b6006a5f6f7753f,4ef2efc5506da37f5d7e05bed19d1255087b22b1fcd61cbd43b56988bf7f9e7a,none,0,0,0,0,no_action
965f9601ef03b769b993ce6face0f1245d299046754675d566b883ae5e49d850,7c196f06f2a6ff9afe83b13e9b31171efe2cb4f91a9eac7765e289abd666c474,none,0,0,0,0,no_action
93f984131a9bf5270fce6df1e941877a971f72ac7eb1fcdd00ae9dea1562a89d,bc2c82eea9e52343d68982870b0042cf66c29a20dea7fea5b6a17244c55494af,none,0,0,0,0,no_action
a57e1f9bd63c90b7c14080903106efdad1840d19c404ed2d912728d148822260,8676864e003d7fd213d7fb75298881c48ce376b0dca4a86d1eb4d889e23e9bc2,none,0,0,0,0,no_action
71fb55e9f1d3f3f4ef767332d0c2ad0870adf442208fa11c3fae88557d514519,ac9a84072be8164b45dde037269f04474c79bc0edb6e72047c53bf53a6762268,none,0,0,0,0,no_action
5a27c15c4dcbbb10bc39970ac7a32cc1fe436899845773d077ef9505417af3af,c524b644e21a2c3899729ec36b41ebf8a9a32751e83097e80ca4a34cba668841,none,0,0,0,0,no_action
f88962e9114ddcf65e4a3f33639487515994b1a2ab9bda33794682c7ecc67e80,e7f417a3a3d1e0118a3b13b6372c8ebebacf4e76eb88edff920131317448ff6c,none,0,0,0,0,no_action
93758d8d634bd99762e7978fb387ec536ae046941a60a925f18cd6fc0d70030a,bad4bb8d8798f8570d227fc490cb2b79469dead7d880857c26e54b3a210406da,none,0,0,0,0,no_action
cca74522e414b0cef2c076c500f6fce3766986cd50bf7fa5245317d7da55c809,4b53a2c1c01fb308c358ff70cf1c0bf9e33fd2e6e682e11737de70219c86ba23,none,0,0,0,0,no_action
a3cebb33333af63f2cbeb87eb665e6b1c96f76b4f5ea800dfa173bfdce1ce16c,8040c39694c9517011a63374f106307a882bc0204744595b09e4544ae846e2e9,none,0,0,0,0,no_action
43f39c36f4e7baa761ff7f980bd00f18bfe73d07ef00051c0173bb1e99f648dd,ce1323757b1841329ef72647336acf3205ee3430dd54c26ad13cec9ef983b59b,none,0,0,0,0,no_action
cc7ed45015fb088237a6f716da2486459ba47d853061a10ee530f95c6de4c8ca,07fb2ecb93cd96c30f7a323b611fcd856774fe801d75fc5e33762bc6358bfbb0,none,0,0,0,0,no_action
734d1eca25105e287fc692cc85d1888505a3b0bac278e141438df950ad85971d,c68427876f999d3ebcc5b06e3c3135b5e6f59d26961980b4e82800b4e3f5edd4,none,0,0,0,0,no_action
eb732fb2a50ea92622bb9b874eec0f58f523bba027216db989a97aeab00344aa,575f3f963bddd8608cabd60909652c3e0fbc7410130ac5252577a6ff583cd0a6,none,0,0,0,0,no_action
20c2e3969bcd9e008754535f03dc246e11a714c35b6b212ad8fd6b02bdce9770,5ee0dd677816a4aad5377c4b6f9ec7bdae1f5f6cf525ccd0883ad94e63ebbb4e,none,0,0,0,0,no_action
0673cca157078ee653bdf0ae768772a0b4af7454cb4b26d7275ebae8e4a23f03,6fd7cd2ae14f25939e18c6e2113785879cfe8d1ff07276f2996d93a3592ef977,none,0,0,0,0,no_action
73661d93616fb576352d0c6cc5ac53b58386e3611ded56ee17ea42ba4499d4f7,b9ce6f703dc14f26bde8a105413ee7979d75cd10eceb5750125e1bb785119bd0,none,0,0,0,0,no_action
5020577b112b4c3884dd185bf4377878cc1b5e24cbc0ff5b8b73a42bc3c1cff4,e9ec6a7b3231be2280b64b23922b3e7e95cab260d7a2d7cee76195c1d79bff0f,none,0,0,0,0,no_action
b148c65e18dd808a4a510cccda2b9720aa670a968978a9e98bba3f56139d5cc0,ccd39ba313184b0a3c96c3e6fb09ddb3e2273d5fd5838fed9dde17883bed2f81,none,0,0,0,0,no_action
14267a24504575eca70b099949babffcd18270cbdc8850fdc8821a8d772c01c1,d282d66f42888ed6f25cc6197d0567332e39464f1798df3cd0f459c13dff65a0,none,0,0,0,0,no_action
b6b5a0e07939b33d3937362d7c8b9dd0be1e7796f8ce111ceea265ac30dcf1e6,28e9bb589ce56b42da65941f298c7e90a3c08ede5493045a50c65aaff84f1402,none,0,0,0,0,no_action
3fb23c7b193dedc6ffcb6064055844d844f30449247f97eba7ad059b47b2e20d,876c8b4f8b3fa1e9c546f6117438ceb77ab7bacb77226a18e408490f82230aaa,none,0,0,0,0,no_action
92d83c5f49df67b9df2fb11abfc32e4897ab22a28cfcd4f3603366e9e9cfcc20,63539d4fc34d9eae6eeb4b5b41f643f2c3f7ced181d9917993069c3896096e7a,none,0,0,0,0,no_action
d7a9449cb8ef2b1fc0bea848e0912cbbb58a944f37f3d0ac23cfacbf6dce7533,30cafb243ee0b2c7028c78bc32670f34abd7ef10bf974916b60c4a79ea31d9c5,none,0,0,0,0,no_action
5160797beec32563cdd2b8957c74999784cfc2e110b8928cf7f1f893b2377fd7,2154f7ff2ab1f0b2a510084f0229c6860b53ece9d82de317bd3dca7d2d3addd3,none,0,0,0,0,no_action
54f8be95a98e2d081ed2e406a24d4a47f591a9832bd5f6e56faa7d2ee0586d59,33d9324ad35886e5abcfe4da7f769cbaeed333dc49eff90f483a8ccd83444659,none,0,0,0,0,no_action
3922ee692a1805e9f998495847e17cfd06693b4fb547e1a45c2086e6ce6a0ec7,73db34fc2d7faec0a452fbecfadad56d2726ff1b8027b7470ad782999b4e9d6b,none,0,0,0,0,no_action
f6681495ae4fd88ebb99f836a5884d48f8f16d1021242191469cf51cd490a564,6488c1c8d8a8fef8557492ead74bee02f1aafb74b17a2474f87a205d0342406d,none,0,0,0,0,no_action
3243237454852e6bb52aa1d65b1cab13951c7574fd14240da1e03c9bcce4c973,1bbd486a344054bd85fd789dd4d0f47a8fe741e0be6ac39b040799c752d6f0a8,none,0,0,0,0,no_action
b6713d49c52b3613312e57afa027df651e24d087061596e13a64e3af2bd76cd0,da8acb53bd02c38e33a109d8c45e677d342672dc40ef09c9a32d9275fefa775c,none,0,0,0,0,no_action
958639c0b50ef931abbb0418566ea95869dbc82ba0ea6ef58ca43a20d68058e0,7a66746146f2cafa6f02317d47c8539913a22b4a3b6c659e7f6b1c75a279fa5c,none,0,0,0,0,no_action
14e6d955176c4a88bff591762ea7da1c083eb3c2aad5d6552ac2b1b595824bab,e4a235dcf297b17b7268fba6cfe2ba3b46ecb1cb4fbf1afd6f2628b87a6a9e2e,none,0,0,0,0,no_action
15b302e15a37b859822b1c9308d300a808d79a6ce9ba59be902228bd592aae1c,e40a273d02fb36dc259fcd9ae1d19ed8ed01a6b4cfd8253e277be6a920e2b7d0,none,0,0,0,0,no_action
8d0033b5e4b4d407e237f771f8b326b5d5297ef33a6a1ed40badd9829a530f73,361357cf1e5988c6f1693b2f9342a5c6c85ae689445274f3e00638eb11daeb3b,none,0,0,0,0,no_action
6f144d3271c1c8595e54093930150b921c8f28da24a6a0c06105398bb9e694d7,bfcff47567dd76a513cdde82b77a912356dbfde95c0cc2ac467271eca95b36eb,none,0,0,0,0,no_action
63a196b3a9653ae47a42cc0fa19f1d4a0c31ca8b1bce12e118abb63edfa0caf8,5d72f46dfcb468f21431a48a8d10b06e3f76afc74cfb7dca0a7f45a9ff794781,none,0,0,0,0,no_action
cfe1997be6c8f7f2237b4e49a1344424d6b71a7f8bf040be40776b829cb4b2ec,252750948f761149355ba80deb21621b1e3cd1a3793f00752032b95beb1622e2,none,0,0,0,0,no_action
2b63567b31272e413ed21a2b8eb2dcd5b471f600e8900f4c71824b58795400a7,a6692aefeaf9fc85f57c0f062e3ca24132fb01baf162ccbda37fe6c40e28983a,none,0,0,0,0,no_action
ade1310488a525c237a7c97e03b5efa100786b939de21fd90062adf79b3b5902,769c3dd8838e64e395b07b1ef8aae024a23907b26d2e70ef2e6c5e237d7e6ca2,none,0,0,0,0,no_action
495012784a3156280922eb4d8ffbd09aecb12f420563af742ab71d8fec7bcc73,530a46685541327cec6eb2c43e1ef95a15f69df2edaf9707219a5c5ef2e4d2a8,none,0,0,0,0,no_action
04c1455d9c7bf01a2e7816519aa7f104c591c82eac703cca7d7dd68e06d6d098,ac92605585f3c198104f41f84ba00ca522ef63b2b0bf2c35332a63ded49b82dd,none,0,0,0,0,no_action
e147bb0a84a6cb607bfef76cb10b10141ad59a9672dd607240021cc1117c9fd4,9cb8c88e7fa9462d1653ed8c6319dc82887e1e16887c028e04c717447e9eb1ee,none,0,0,0,0,no_action
c336118d45e16e8567b63868c32d7f4dc5168620f74d345bc32ef54dbe7a0b69,b3e13dd13dd08329a7723b7e36a13e4cf3a2f87b618584cdb69ab2194ab69b5e,none,0,0,0,0,no_action
33d66f448a3d48adb4b29f73de7176d354d9090d87e621b12b3b7e8c135633c1,08aa4c233c2b31fec8ade2faa107ad0075008889d0178de2f7337f6f784b65aa,none,0,0,0,0,no_action
17a4d22f7a243a5ab57ff4e8a74efc3aea4bd4dac6e37e5dbdf994949ea95152,a6c52b5d8799b150e4d078879abac8d2776c08f9b33c9c3050729d48d4c79531,none,0,0,0,0,no_action
dd0e7f2aaa16952eed23e9e5bdcc7f396c04272d69a8a20f0712bb7ed0500f65,830b5688845a1d291504a9b61eeb3c92a1af0f12c36947a389ec4de1aea16761,none,0,0,0,0,no_action
ecab11ea194b8c63c810dece2ebf49cec60e30667b8f2bd013dcca2313308fe0,709a369203c6b0cec5e1c334cd499d4ca61ebe2979c2e2624039934e6e85a346,none,0,0,0,0,no_action
b070da174acb8e7758bfcacaaa3c3a7d775d90b779783b8a90390bb8eaa85efc,00230d43438053f9cce1a829960db55657c22f91eeaf679cead49512c715e3da,none,0,0,0,0,no_action
3095b8559182f60e7ca541c5bbe1b7d5be4c3b8bcfa18880a8d79c198efd7e62,8d21f26758a9aff5e278e7ce521c0ca6882a62936c236805f78996d414132c5e,none,0,0,0,0,no_action
2feecc2159cbbe15d73731b923055156f2bbbec37a5e0c644481971e24bc2a42,6a3687ef692b6d5f381d298dd42e90b95c4fa5f8ae4a15bbc26bfb95ac9bd3bb,none,0,0,0,0,no_action
926efe87b4d0d195d1d5a45e87809aa7759b923d87a821528cf2cf88df5e9b2f,9649f91953fa9ce60d3c41e6b8a7f6ef677e808a484db159856886544ceb6314,none,0,0,0,0,no_action
c5ebd18c56539ac14b761d95ad8e365b3127eb50b426eb4d6e30df17213475b7,c6fce7e362c5d885e3f07f5206e9e007b8deaec0047015a39368adddd140d3d9,none,0,0,0,0,no_action
20570771854ee1dfcf4cecb33538761ca7b8afa5de91bca3c70ca13fd6a833e1,945d83a286cb2e0900f6a95454e0022d4db5677e9e45b1ccbf46c5f0ed9b70c4,none,0,0,0,0,no_action
38dd8a6cec9c743815e8067336554c873df8d4bd77ac1738f1cf0b5839c2aaa5,33af6217966949e8285b4b50d1557890ba8b1a4c3c03097e455c97087c922b03,none,0,0,0,0,no_action
f66eae958e22ec242291134b32218223860464f5e84eee692ff74f79a10e482b,14d1574491128279a1462388503ee6a278e4db629b493b248c69ba03dc8008d1,none,0,0,0,0,no_action
1f363675bc0f29c852f19a3231a1f023683ee6b643c1539405850bbda372e523,76f3939d9119f82b19c30671b0973e2bddfce9e5697a37c592318d04619d2185,none,0,0,0,0,no_action
4b702dbd8efdf05d715c9ef46d6d870ae0a1d238ff82b9346cfc072e5d4588cd,d891df152a57939be7392513a1d642de5063306db903b526cace6906cd0dd9cb,none,0,0,0,0,no_action
e88fee496dbd8469bd89d9b7dd8c1b293a8c5519967dc977e05164ddf7f8c217,a580377050e59ea88167624181256ff67295f03d46b61fc453268f27a2535fff,none,0,0,0,0,no_action
1886857fb3355beb8b2cf653c29c8d3d98c9289b32bbf2f598eb11b97c56a3df,4c4e95f34b5f47a0054ba8be8f1c5a4bdadc94cb33ac7b0d182108d478fab606,none,0,0,0,0,no_action
a640e116758857fa39041dca4510db9247368316494bd3f3b0b21bcf49ba883c,ef10bb552173029904c82892d995bcf78fdf30941a463f6815c162f8123569e4,none,0,0,0,0,no_action
3b860be02ac6cfa67f0468abab68af5144f823a6bb57a406341f85a53c0c5fa3,5a54557d64d78b08b9db6069b37b061fb414e8a14be545f4520531288f26b747,none,0,0,0,0,no_action
7ff25ddfc7c9b3720d935c05c042ca094c138f6c6a39fcedc68d8b0b57d47ca6,405fa877d0a572a5d57eb8324268e71d88b16f759794f2c99c3d93be526238e5,none,0,0,0,0,no_action
bf670c48b3fb944ae4e568f0883ea15f01d265c180ab3a04b0f77d458bb588d1,712c9a4723f886b66a5bfe2f3cd7ec08cb26f6bb169bdb53042f3b4035a62844,none,0,0,0,0,no_action
fbbfa77e617a5d4a8f8dc272e4f17e44347dc725d65b3e35a10e2ea0d19a5258,dce21d801a8684cbd69678340051c7c8570fe3fb99b11928532bb6491a2052fa,none,0,0,0,0,no_action
bcf1fa25fc2f87191657295374d0d98fee11fe518873be3f1b20f9926bb00da3,27dea049c7fcf0b0996fd83f082d5be773dcd75c66a717b4e29b4c791ec7bfb7,none,0,0,0,0,no_action
3aaff28f0e1669f2e301ecf42c96e4586e8f694121913b72652eb67a10c33017,140ace089357f2faa8cf94ceb9eef84e18b84c57d1fbc429efd95acaa5ec5025,none,0,0,0,0,no_action
baee271821cae062643fa9152b2734760d6fbb504fd0fc6d0489480ac45e64c5,1b3792e7cb20f7eaf8dafeb907c77cec042e395887471c78b43e52aa9087e743,none,0,0,0,0,no_action
8d9c2939229df554d4670d6f40031320c646c2a09726b192450ad7b401d4fd98,bf882e88ef507ac868d29afdfa55681840e6cbac2ee00ed27397096088d5dc38,none,0,0,0,0,no_action
157ec254c83cbbe3b8b34cea80a5fb550bc289aed919ef534c2b33d57415305d,b0fd675403cbfa80e9fa59f18b14e2515df152b4869b4c7397947dee8f826321,none,0,0,0,0,no_action
108d520123e91a2e8ce75c436bcfb72359692d0aafab3c867ec8ca3efaa08052,08d47d5ce81ddaf4bab3c52921a25a6ee73cd358484938696eb4d2d48e90da63,none,0,0,0,0,no_action
bff0956439e81e40d60b3ba36213fcf2f706557356f7b3594247c1829c583edc,31ae5444aaef40244f87b33d6e7675cbc4d0cfdb1b673c57110520f6be39c76a,none,0,0,0,0,no_action
db76021fbe3b919a9c66fc16cc78c74c51735ada3b2e1fac20ffcd2b796f6014,95821969a247f7616e701cadecdb82c6fb8b0eba018572adc2a234701b267a58,none,0,0,0,0,no_action
121b25f1d846fbfc0cf0448100ddccb1c5b5bf9294274fffea9b131036ca4a90,beda870a1bb570592798373167cba1b9d945c277c0f7f64a0662f603071eef98,none,0,0,0,0,no_action
971b8c56290c23b15da4faee67a4634e7af7c5a1ed81512c7291609fcba4c404,472f33369822c6fa2870a749a276bbc70bae9dd3385060162959b2b2dd5f1dee,none,0,0,0,0,no_action
a0038716c135c8065524a78df5b3ec1392bf01ed5a4cd86d0cdd707255b99366,68e793f4e0f0d6b3fbec3903f4a91f340780c71bf1c45b2810d6ed7f68c9c629,none,0,0,0,0,no_action
13992534770ec1e593244521066b006c628ae65c2ac955165ca7c389b524c6f2,e972e2cb1328d496a7212aa4581ac6998ed66280effc3953ee64b259ccd708f0,none,0,0,0,0,no_action
abb1087354e51ef8dc73f60c5a20a776dfb8da7a81937784b37657328e33680e,100ce4813d53e191f4a09650341371a9cd2d9da3b654b7014b051532fc692223,none,0,0,0,0,no_action
1a8d3cbf0433651d5177d9307415a6a838f9d1e76c94b6da8d852fdb1462918c,2ca872daae23dace5757ff40351fbd65e2c674a8c3beb5b199bda89766f1c1fb,none,0,0,0,0,no_action
7e185dff8ab9ad474afc2fb1d9edba78d08962c9d6c9dcdb2737f10ac640da45,e0c8513e92541ee6cb8381fdce1321172407b7e60d9f75fba190546fbf5d68b5,none,0,0,0,0,no_action
924eb455309c52554e8bb30558ce022f9ad5673085323835e2cd972e892fd719,4703d2556693ed75d224a6f6c51ab0eaae98311cccc0ec11ba8632518ec5e83b,none,0,0,0,0,no_action
8c3399ddab61f519532af334fe89fd2f34918977bccb383f4fa5adaa236156fe,a749451d8e7d3586f359ce7cc9c2553070be4790dc232f878beae7c517575b97,none,0,0,0,0,no_action
962f3353caac8e28e2477c6134012780da683d892123f74341332e00695505df,c5190e5b241e854e1470a84a93944a2398fd2226e2d8a15a946265caa877993b,none,0,0,0,0,no_action
8c11513ce4e48750555193a20f49505fa38ba7888c70875f785485c446d1fbb1,a194acb70c5f425d686088ef01bde8fea3629ef6381566851beb3240b2d2325a,none,0,0,0,0,no_action
d49993eea6d70d8742c0eca5834c9e84b4fef41ca9df0e9ba216a232e5861e96,0704b635ddbb0a92cac08c63df0e6ba6d4f8678a0f99c1d33074be27997b96c0,none,0,0,0,0,no_action
8b3ddd23e9de29f74563da0ee68fcd5e834900e4e56b5b89345bcba5c439f096,0991468ff2e3b61df45f2e3860ef9a5e60cd167f34b8d9ed73f44d09d9f2447e,none,0,0,0,0,no_action
c788ae7ea3898155c987f4deb43b7fb795fabc23ea053c2c9eecd5cb1af9aee0,7532bcc53b379cff5eb0c5e1c3a226b71ed7feefd09da51654fc9780c65de11f,none,0,0,0,0,no_action
1e2a4acfa596d21c5ac311b1b33a27f3cae448587bd1717a25f1d4b9bdfe84c2,ecb3304e51c666f51a0f81899652f41e8d94483c988cef3d9088dc5202305123,none,0,0,0,0,no_action
0a696a36bdba4c9573fb367f0de1f51a7b2a1b10c72976dc83515230bd599ec6,29ac3d58572c424d07412e9453d9ce3c7113d59320f75b626b0fe98afd8dd76c,none,0,0,0,0,no_action
acce3a096876bf54f3ac62409ca8dbe0883b7afe5aae26faed49590e64590249,aaf334930412a91d6ed0425d053e2319d71bd2e5f18159a85b5981ac93a50628,none,0,0,0,0,no_action
2bbdb7cff3e4bf4a9cd1067413c0c74a53205a72ed8169def0b3cd41738c7a47,90abee6795576ef57d84aaad9de5b863c5fc08359ea28cfaded386fba95de215,none,0,0,0,0,no_action
baea23873b1245bcb2003485382bda3b33ddb1000e3767278d78be9a77ad01a3,11fd7992986c2bef32b3305fa65c80dda626c17497a3d1c5b161c6edcf20e9fe,none,0,0,0,0,no_action
fd99e464e748f2beb47d2c038ca7f09301eedde28971d533dc7f4aadfeaaf202,6280544dba1de5713b07112455ed05c7ce1cba42944633abf6239472bb57c160,none,0,0,0,0,no_action
6629457948b2f97a2a24b2994452d9bc44d983dac420f4e5bb2f404294c6c8fd,98ca4c9ce4d101ece397c00a91d0d4715757700661ff68094879d43bc0af6b01,none,0,0,0,0,no_action
2e0cfb7326664945d8b7767deaabc72114a43e19647631326884b51d1722e6b6,91dacc1a49ca78abe8578bf582c190407d75b30218b46c9ddc758199448e3160,none,0,0,0,0,no_action
880f6a2207523583f57c78c8b87b1f954a4fa28f98ef03bba52f96b6ccff6268,558b8679cf76725bf434ca843159495a0f32960d1f3827eeee9557127f2a1570,none,0,0,0,0,no_action
6fc673ea4052ad737ccb8c33bb89a3871f138b220869096ef51c8b2ea9ebffe9,6beb5f6ebecc341c3e8cae5d61b30a2256151f8499a5a8d0881747a10e8d6cd6,none,0,0,0,0,no_action
dedaaa1fc591ad7d21c86f82764e046254b5cc30542164f6f90bbb12d83f1fa6,a72098e3cbde46005b84547b752c48d9b397c005964ea857c0af2d19b95b7e5c,none,0,0,0,0,no_action
a1ee643369a7279fc0a76e9ec078f4a124d1e564eaf877e848550d4bfa7a6d1d,7d502acf15351d98fd144bc196b4c7f8ca18b7df77193b3214ef84f9098107ee,none,0,0,0,0,no_action
b0799d9f0de69947585f8e67fca57828f255b9ac454bdda4e43b7ddb9745aa21,4763b7453bc49cf90e48301d6f9c24c7a9080e972eab45f914c793d62dfb2287,none,0,0,0,0,no_action
7e2f9291232d74e6df46192f1716dea8c34c304cbf009cf625b92ae8b79cf380,8d39c2bb72ad477a229799d2ab817c41a4f8d8f233ddd52941ff11d902cb3b63,none,0,0,0,0,no_action
04e65774d07b482c3724adb8be898a05893f060618d50add53300721ce408c8d,f205f84cdc0114f693dd9ebd31de31db6f2053d77092bf76706e4bb91471e89f,none,0,0,0,0,no_action
7053bb16c059f0400a91a83e80fe45c0dfcd164a0040125acb0f89aede4f3ee3,8785b9e6a605c2c7cb51e1d5f0966105a3b12f7614bc5ea2a7cfaf28b1198859,none,0,0,0,0,no_action
847299926773c013262493baa743cf023c7794a15152c255d9d1b2997a00efc9,a4d3a3246caa67e31cd0dc2237ec3576eb5086f3cc306931f9fd6970d4c4f33f,none,0,0,0,0,no_action
3b0a506a3b110401b327f002d7aaeb05ec7f00091f72a9f3c90159ac38add73c,d60ac7812e77f24c00919b8ae83b204cc06592b9f79f5d1a05363f5e8fb59376,none,0,0,0,0,no_action
5b4d8580eb5f92dd56a058429e46466807910c213740df33eea5b78730b6822d,e2e91a202a46711fdbb002e8fa2b7b3347f3831804df392ae57e8d47cbec204c,none,0,0,0,0,no_action
ad6a8f855b4213c67022cd7f2d0bb054bf7e33fd50677230a429f6fc4ad526ef,217670cf728423665bb3d4394bd1a98f792901c4bdd9a94cd9a65de459a3f308,none,0,0,0,0,no_action
ab47c0cee90e99682d7fd50bdb4c04b842dc87f1d86f53939274e28d32152dc1,f58a00606f79af7d8b163699d40c5d7dba7c078965a818bee22e74fdb5c71331,none,0,0,0,0,no_action
c6781d6c4a447a3e2ca6007d82f9509d62cb20aa117e05873ad0256c460e5d9b,5b09afee8d075f8b7c2ae36197d15c17cf9a5baaf4c22c3a48cce09cf811dbae,none,0,0,0,0,no_action
85ae4860c26d9164267d5b846ccef0b6e137eb7c7aafe54fcbadc67f7521e3d6,6210b07df4e6bcd562a34336983073d19cf6535d519a57de40a256a891df00b8,none,0,0,0,0,no_action
1360eed82129996fc8e440c1ece7f15127f7a09d2557fa74ee34504beb6335b8,7ce41c60663d4c9e30d330bc8e4cc1083ab581f96e4086b0ba7efa8c5b45b578,none,0,0,0,0,no_action
e7e96e5dc58c352af10719befdb285438649eb7597338c03f2454122c8f93e9a,b27b564ae39338e0eb011d206843cc2bb13d60c32c47d1d3e73dd0630ec965de,none,0,0,0,0,no_action
b959d4cfd3ed7f33a241015cc34091379d49a25a59e63836df0b80828ce941cc,7a92dfa33d6897bc4a282c5d529bf55660b0b33d789ff466b3fafb433283df36,none,0,0,0,0,no_action
96e11f40d7c1db1457e54b1f3dcae0704c28dd7187e827600641ba3c6ccbb63a,07bd64e67c48bb9ec0c4e7c04bb560d1c22c4a11e54a04e71dd3cee8786a20f2,none,0,0,0,0,no_action
415199eae1697dfea06a99372ba30bd3881a5c76ccd71bd55423a472e7e97f34,3ab188e07f59cd91e5910351e6a10dfd867c00e83ffbf89a156885fa3a255d9c,none,0,0,0,0,no_action
e3f12100b0dd8bde1659a32beae281806054efce04cb7512071e235194561bca,2dd37bad337b0db90d139486a11747d1d552a6226dc259fe5c46e70d5ad5a8bd,none,0,0,0,0,no_action
0c18b26dbd5db00c6167b27710015d274735323277d8f0717b60ebc22c21c94e,ce2f6111d2703427be379f5762c1783ea03dc278e653ef53aed83e31f86acc41,none,0,0,0,0,no_action
2ceadee965d4ab765cf06f26b661677aef97635aabdc0a459243c116429c404f,d79d91cf58bd0f72b9c07bc2c64c19f9e202f1d29a5743e5d7f3c23a812c82c4,none,0,0,0,0,no_action
7eea50c8d5badc4909c19c97f34c3c01556f1702a4fdc86084183b70f5c95cdb,a1c13c92f83189e8511f687a0d1316c438664cd8ae8ab39c787508f4b5d7562c,none,0,0,0,0,no_action
3730d07a662a14677c80873427bea1d664aa09d68b424ca59f90ac075bac82e7,d955be1c5a6c061d43ed5ac90aebc88e8f01760e2d768cc74b76f9bdad006012,none,0,0,0,0,no_action
72493edefcc1156f597c25b6a6f04a6152cad349e968557a4020b57ac1cf1562,d4f79880567f97d817e1aedc9848ef234c5f6b3a64583aa632d505aa58c96d66,none,0,0,0,0,no_action
f1475c3267128a4ec12563bcc295aafbb4e18f39efa1f161e7aa5ed04964f7e0,d7af3dbbbb718695839e5705ac6afd16b7bd908da90e0c8ccdce9c369186058c,none,0,0,0,0,no_action
9a20b4d017c5314b080f89506ed543b8ee8cf51b2b40be7f86fe97e6b8605761,7ff72cfee46f98b2bc579da4e8525926bfa5074f683f8b33b5c6614a60c3d304,none,0,0,0,0,no_action
221ee222c715f1db8b499709978d66e3a31d42456ff8d6966e06dbad81d308a9,94960c34dde367a3f3aeb7f104388d90d3bb3e180b0b742eb30b3768a7a78a68,none,0,0,0,0,no_action
1f4a8ff5f0a315264c599101155c16ae9ad0cc8eb4f4501836b215d26b7f0164,8f0827c55f75ee8b970851d7814db7335882cd83b0f0cb0df9b03a98dc21e260,none,0,0,0,0,no_action
4915e705885fb0466174d99782adce5777c299dd7c887a139014aac85a873aad,ebb01081dba495ee51d832f4fd0e5734c4fde2c464b2b2e5c28f8e803a351b7c,none,0,0,0,0,no_action
b33be0a8d7717f93e5919246fa0a44cb33c26d85ed9934d453a0c8f0886c5daf,52038fe71dedbba96b2fbc814b2dd7e6985e8f96012af4215ca0aed9551bd798,none,0,0,0,0,no_action
30d62f05380dd9bf090658c76b2e189beedf41acd16609e59419c20ceb3ae58e,b22f4c8f9e2f1ab55f28c1de9fc39ee4575d830d8ff5102ca04aa0f527882866,none,0,0,0,0,no_action
7e48c16bd2fe3b5e8b98c15216cd7b6fee00ce46f0251c5e8a56b98c2cbdd479,439031fecd41ffc7b8b56bef6473cc9494d967b74971f19f9bf0e78cea89dd8d,none,0,0,0,0,no_action
7384ecd5f8013aa0895e84be2cd9b893483d963bab15b91110cf56bc5a5a6915,b0041e0e7f0addda3e0a5c32df3033013033b2d31ab66cb37df7101ed781e430,none,0,0,0,0,no_action
c1899d5c115ca0d773faedf1d417f9650dec26b003f20dec32897e24849a9a1f,91257de6d361dfdd382c6a6f75148b1e9663e75f06e67c8bf95ea01bcd2f486b,none,0,0,0,0,no_action
f985cbd0fa092086bbf2583418788d78643396d61822e9693a1176695214c30e,79b29fd0a536f82fbdd45382cc7712b8bb10603059cff5baaca8b779cb60a139,none,0,0,0,0,no_action
518a005059fd798ea7c14f567fa35c79a8f89cfa3f35479728c31dda30fcd3a4,09f791b52913a0eb85b1a5ce96d08fbe3c80950f8bdb281202f6ea1df3ae0d69,none,0,0,0,0,no_action
20b19dc3e790455234c25edecd600c1ca80d5fed41fde3d4f45d98363fd0c21f,63793e5b9022b4cc5badc576c533b63198ee9d04931025acbafe620e7accba95,none,0,0,0,0,no_action
f37a4d2c6d88245086852b62fdf0d3df8de1fbfd2a750a2fa7b8e2a45a4cc0f6,11a4faf2eee66e7c756400a51b3113d9b463d1697405e44051f622c2e829dd04,none,0,0,0,0,no_action
545c4775430df4ce5ad1b7d920c81f51b244358f88a91684032c472fdec99390,67e75960d1b4701b9d0a92f610bc7d9ca7853ccd9e63a60fbdf7a8f63b1e42a7,none,0,0,0,0,no_action
87b92843d1a2a443b768cbde884337b9ea98b4030959fe17e3c18b0ca57e9513,60486e5a0aed2c1f120bf70c9cd9861ae01d4be09db35440d323b2b43d034b02,none,0,0,0,0,no_action
fa4eb16cf304044f23b6f32fa565f20dadc9d6d509e52d6813871fc6744c2aea,3fa0b81d17b8d6e9d2716b9d23231ac235adf9c2fb320d57b08fe0c2d5ea95c8,none,0,0,0,0,no_action
9b36bb657ac0ca86029102e6097a5ec10a8f8d9c02520a4011441dff454cc50a,df1ba18cd04093a0787eccc36afe00edd8a5f1784790de5dfc78afda9813898c,none,0,0,0,0,no_action
658aab600b8ee1e8cc5af303cefb32dabcf8ca4a32a8f7884ec134b15ee9979b,134714df9fcea4d75453cc6b5375bd00d1a25409cfc8ccddf00a1ef16f1b698f,none,0,0,0,0,no_action
ce66e84e5086ae8cee271c266e6844e7b3774342c4eb994234b644b0ce8f7cac,3aef4cd05300e00b07acc6ffe481f4aea911d9d935c6ffd8093084604672b2de,none,0,0,0,0,no_action
387164aee8d4e5f47892af597ae7c5493b41d4329eb043eaab63a2ece8a27e16,61c9a118b9e1c9c6b4fb94bd00aab4b3e38db057652b37fe7d3f51244d82dad9,none,0,0,0,0,no_action
742d5d01208a6d5366b9071ecf290f145548e1fd87aa5df7aaec03ee842755b0,30fb9db4ce07185fceaa6b797d00645b32295b087082bbeec44709d39a7bca3a,none,0,0,0,0,no_action
fffc35e2a06a968c9d00646cb49e5babbf3c702b6a7207c46fb404aebf7ec5cc,012aff4a3dccd0941c2ad9e5eb44585ea6a2be501e4f0f6cb46317c292312488,none,0,0,0,0,no_action
51e3b5b82a2cf612100baa2609669758636939c62def4a6880fe24c41a2e1602,7cacc3431ae3edc29239f4945786481e4bba2d870c67acef5eba72c98eb72706,none,0,0,0,0,no_action
65c630e119c2022a5a98ef74046d13752f1a8c6e160b77f377fc6e6be2cd86fe,334e4118962ea68004e9a79c2ed3fc4c0fd440fb5544185f7cbe7559d9f6443f,none,0,0,0,0,no_action
6ab77a6b2f83aedaf0d2ab4cc9d36b352fdfae1fca26ef67bc960353a0b16ab9,b337e6355429aa43ba3ab8d31b45fafe0a4275ed78d603b8f55df0d632a97056,none,0,0,0,0,no_action
ee77887e6f061e721d65c77b601b9fefc29f205487c55a05449e558ae797c36d,c97c74341bd617a580196d8e8ee03de71d5683763f0b48f5ae7de341aca900e4,none,0,0,0,0,no_action
1031bc1502c93838631a48d20ce061d5ed71c9e309c5090940d490df4a0067af,3a13215118ac318956c30138ffe21f36d71e03bbea3fa8d1be323843a97d1200,none,0,0,0,0,no_action
643e3c368d7e3dd88fa1441389d14fd7def082ba21adb46ad14fd17be3e542d6,0a088cf08381878eae2f0895f097f2c64ecf93b245daa1563d4a22f20cefbec4,none,0,0,0,0,no_action
fc087aa80215ec7fec1e6e031b85ba9e1f5bb6356eef7269ca3946b000a0b4bb,54394f03a3856fcd7597a2ba7a756e7cadeb5f938686aedc58e7e0097cc0d789,none,0,0,0,0,no_action
b8b47e6d8503841e42d7dde7192db58cfa0e5e0bf70254b185999f84a5673660,2355833065b8d6cadf5669cd3d7b9034f14556034b0450cae3461e95d9f0ad7f,none,0,0,0,0,no_action
2283f72f25a14df298b15c1429c92a1f56bf7ca6d1529fd88c4fc7b82a1abe64,9124892efe2a823d1bf6b8d4af0d5d98ab72446dfcbbf392207f637d11cc99fe,none,0,0,0,0,no_action
79fb63299e1113d10fc16450275c1bd0a07022c4729ce8d2ce884dc5c85663f6,388d3018144b4cea73aec1c8dfe1b7b227c08bafb741f1dfc4463e8c41fea279,none,0,0,0,0,no_action
ab11163b473cae44211f2243cc57cc82481237ad06d5a37f910d19180561e413,ff65ec14cd17cc7fbff77f231b6b46db613f40cac3a96b4bbbee6956cf720707,none,0,0,0,0,no_action
b63290cbecbb0e1b0244ff9e5f32f994688bec051bbb0c3fb1705f7e36f52221,0a1adcf506bcce90b1b44271dce1894588e845b3515c1c7ca98eea1fc7cd535b,none,0,0,0,0,no_action
13e0e124dfb3738aeb30523821da9a8fc513d7e58b6e0fb3a4316aa9b70551da,3cef96314fe3d444aeb5c798a5720127d611a5d9f0418365238a2516fb0b63be,none,0,0,0,0,no_action
c70f2f084b97efaef7b86cc4b3d60e4bc16fb8033f452adec70439aceb54ed51,770180c6d3f749a35e52b492b7d92d227234df3ed6b484b6fe95a175b87d5d6a,none,0,0,0,0,no_action
3028aa52108620275534f494d919a71df8ca06d1148d42651ff3543ffd678835,c5768aa5bdd5d23641dc947a1c83b3a7729cd805f60070245e25d1eb00e2b119,none,0,0,0,0,no_action
8a698cc63d053216e77f47ab45ceb24f97511aaa3b346e52672e6200dce326c2,5e7a86a9ac4953c3f813abd1755d9175f7472bbd1a22a92066e0438fbc14e575,none,0,0,0,0,no_action
245189c990ac3c5844ae9ebbcc04295dbb7e681fcb4c0256aca2f1282adef7d8,9d2a09c46e3e7511eea4e7d8f859e15c2edf7bde38830c445fc520df20b1cd5d,none,0,0,0,0,no_action
ad7714204e0ff4f4c0b6ddd4176a99d8e370e4409822cee9399c0b7a68778ac9,83fb689ba6c1f94fbe79e55138612d731792e4a5ec710e15aaccf72dbe738df9,none,0,0,0,0,no_action
1fafab5d9a77af120c7bd16052ff5a7e18400510866ef91a4e29ba6444c4f194,4e0ebbadfe138eb87a67ab27b09044ebe5326c5ab64bc73be4eb50f2dd5e045c,none,0,0,0,0,no_action
b22ee055004098b4edbcc4d6ffef0ff9edc8a47455db005bc91dc298df0d3239,b3c45500371b635925679175282158d1f485b0ff32b98fc9332f83d4dacb8110,none,0,0,0,0,no_action
9c2ea75fe3a3a66d90e0399225c6b643bcb54a171c30e2978c63297e1abc9272,15beb12f6ee97b1618acee165a5280526460cd862db21438f6c1e12e1c5c7894,none,0,0,0,0,no_action
5a7b0458b45de70e9d1f88d6efbc6d81d7041255a55f1618dcac6b0de74a8e06,5ad47dca8bfe14aa2a78f47630e68414256cf07af06894f82a963ddc9f761eef,none,0,0,0,0,no_action
c0dd9162965abf1c20d35e9a81f9cf83a78ebaaffa5f6ff449616dcc715a8879,80d972d470b5fee6d1447c0dfc25eb9efdb044e2be22fc153eb02147783f3beb,none,0,0,0,0,no_action
9471c3e7ac316fba24e4ff031f103e95aec4bab38433adf912ca53a70db69288,3d21e8d1f322901fdcaaacc91190b29e1c16482a9ee4f72b49116a9a011b7d38,none,0,0,0,0,no_action
2013a50695a3fef7438fd2939f80d6269939208f40440b436028e6f82053cfe9,f34671494e9ff0525f69c8b9a976b4b968916063cf8a737630f97d8737852ea9,none,0,0,0,0,no_action
c5d525cbd2ebcf69b9f4dbf2609e020faef59d88684cea15115c02a3f216c825,0fa512f24f86df97c9e510391be93d2be859a0fd550b042660195506d1ccb8cd,none,0,0,0,0,no_action
07720475985ebdab03e0065121a21e0fa9b4783f3f316c1c426a47121d270658,cea36a5464f554c77d6a8a5f748fd4f3d9369890dc170cd10e550bd475288af8,none,0,0,0,0,no_action
5ba740a318ddc21f53b916cf14570e7f7fbf755a7b6c45377480f80b145f2973,eca4cc4d7748a5ac2333c2b6dbd778354e0bc7d5ae65a98647e11e4341291e6f,none,0,0,0,0,no_action
bf2f143a14cb2a6d5b9cd275a6dd0d4f71d9c2b9691a94836788ac206e4228df,8a59624e3ac3e79981bf486d19814f69a278c66a04ed1001d03a9894946ca892,none,0,0,0,0,no_action
cf9a552c1bbe19c3f7767f45855f22c2792b8fe51eacea2c63073e5af8e28ec8,21622e7881d9da975cf7c242600945675ac2d102dbc8faaeb6865ca2f0ba4e18,none,0,0,0,0,no_action
b4003a24f3374d557f3c9eddd15300a77ed9a56d2d14a27b90139c17eca3134f,0f13d76b1988c1110e3ca3bf33500f817ea638f0aaa0ec1e1d040c22ade3e1df,none,0,0,0,0,no_action
7d4959f3e85aa8277e4a503ad722ea5ad05d64b6895385ae0d46a2e07e115161,82a7b9d130e9c863527b4778a45c188147297fe0041900395ff3c0bf59b7a88a,none,0,0,0,0,no_action
c5be26d5237d5d126287188ff714672a2c01237109e0f509d7e386830cfe5b43,946fed5736dec5245551327b91b000f21fca7e13699b147cad236a6aaef8f160,none,0,0,0,0,no_action
9851e73520f5d64e2b29a52f57c6eadce4631dedc937388f4423e09b872bf3dc,55c1adcc599c96e4c21d409f4576f35eb7cf557bafe6bea7020f66afa37372d2,none,0,0,0,0,no_action
7c7965679cdf5314d74ab9242557e2899cf8137a3339438b08d01df855a21748,19b3b3b9eabea55988e0d68e8361c2005681c351845e7e3e825067d241d7d9ef,none,0,0,0,0,no_action
f0f1a8c3c1fd507ebfa58105e6928ea4353614884c280ef4470cec94cc668d70,b82c9e0fe9fcd00cded2cc5e3460a58377fc53f2539100fd6992267b61450f69,none,0,0,0,0,no_action
4d8c4f9fb7cc6eff3bade4b92481e8a4cc4b81fe551d7665c1318b11ccc90da1,5c363cbaebc575721a1eed59fc232ec20c45570151e040cfd34a6bdde1825cb2,none,0,0,0,0,no_action
4a18f7810bcd986cc4b43efee38d4bbfc1e67de5aff320eb3f4df05afba2d4f8,f280295976ad7ab23e7ad57ff3f67430e38bfae571b9e8ce1df5e1cefe65bfb0,none,0,0,0,0,no_action
a705f5714c82194e66da83d7c86900bb0c606ea16aa47a040cec7cda699f095e,98b24fe8b01ac7779ee91ee79e33f248441f7189795ba13351877c669600e1f7,none,0,0,0,0,no_action
db0f499c5beffe11517eba72b74f20e341261f347d069c9f7dbdd30cd8dac056,3673025ba96cfffd4361ae78cbb63dd21cfc6b54caada1dfc1a1a3e45fbf1673,none,0,0,0,0,no_action
e9b5b33a99f390af9db15c23de1bc68333c201583096a4f8dd893ab5c0cedd2b,2bcd5a804f2fa5c2131557fe99463fd66e458f97409ce7097847ca90b432ac7f,none,0,0,0,0,no_action
075b68e347c83fbb42cdcb7c0bd74e9938b8eee70ea8792da1f0074cb23bd0d1,cef7250c5d867f9571f01b3a14d821ef184399e26f315a4d32cc05be1d4ea805,none,0,0,0,0,no_action
3c04605457576ef9cf977117449872c7b1ed4837152d5f2cf50dba87285bd48a,d9ce1f2ff72a5e30b73aeac1b110fee1f98e05b30b074297430086733c7392e2,none,0,0,0,0,no_action
167ba130c006ca426b7a283edcc85ca80c9e042d503447ef78bb27e7126db928,f79b8b06faa06416ea35c2ffad5a0ca8c835d764aa20a8b67c17352e552fbf3a,none,0,0,0,0,no_action
2f906b0f55e7d38ff3d373f5332765e8e6be7045c844f9ee58b49f585573bcc4,b34f7b975e84f3bbb68851e232c3ce35495b2622a080502163c34c576182e7cf,none,0,0,0,0,no_action
3b9df368592921c0818e7d99123acb7c28cf70cb3d6fbd781a823fa5a451c8a2,da3b900145fc531061c2bae5a4c3cb25460eb7fa0924d2f8129406a2bfc0e7e2,none,0,0,0,0,no_action
3fc13929cb4c17289ee6ea0c2b21ff4f3d81e4c6575c5bba70b23031748faf5d,f0352ff6aca57efb10cacfee4bb37dfadbf63db55f8e6c3830cbf044cafb6899,none,0,0,0,0,no_action
554e5bcba6a56b9fd4adf067f802cc693581d57adc21c4fcc967d73bb189fa5c,69a9e86396d4920f20ae3ba59f1a5b67eefdb4799caf1cf54734eff84898e036,none,0,0,0,0,no_action
b993ec83b41ad2fabdf2428a1cdb43aefa262ff2ddce60f97579dd5da79e2129,12594d3f994d6c7395a32f39405f582993586aa50651255f1eca1562394939c6,none,0,0,0,0,no_action
7c1eef161f5a01f51242702dce66dce1091d0b5c38d92f40298532d97abedb20,def9318a213600b705a92a883b59418956d224d5e37dd8d39c79c2c362229cc2,none,0,0,0,0,no_action
1dc69796397daf26ccc6f883cce6a881f59980f690bf5c4502ac70409d3e3080,cbbdbdcfda41aa276240e713bb3dd68f33747b38ae798a0483af32bdc005619e,none,0,0,0,0,no_action
79cbfc037c572c809f3001002fb63e4f1594e087f4256305b0f3b76271e2d363,380308f0e046942acdde3e711be93f587434a2efdb09a4525c99335d3e78b8cd,none,0,0,0,0,no_action
edeffbc8276cfe19a2fa975e2643c9dfe96dfa5a384aec8590fcd8a593f8f302,ab4497203ca94034c425de3e55119e3c1ff8d0da56e0de69bb42d71f12c9cb38,none,0,0,0,0,no_action
03dec394eb1149b94160e6ed3c91c8ef759ecb49466205ff519dac83d2cb040c,df886fcc23ed1ec0ab12e9d9aee1dc2cbdef78dbd5f544e1039d07980dd23289,none,0,0,0,0,no_action
0b3640f8cde3a13acfec3cf9cb7eaf1f80af9da9a0eb24ec599b17448fc7bbee,95733770c3fae307d39ea4b831312e9e57e644b32e6bec5f2cd8fd11ea062f70,none,0,0,0,0,no_action
2c687934165c980fd8dc1cc787232ae10ea244626f20a92d39459213b0f47d60,7138fb3285625cd3e38ba8d302876099635af9231756a39ccf76e393c78e2fe2,none,0,0,0,0,no_action
cc095d852f5d020deded14d57bb1fbcb38ce288551bcacf87cadddb284853e1b,5235c3492071d4331f81f0016c049aea05c303dde926fa737b4e50ea4c148c43,none,0,0,0,0,no_action
895a10c72bff3c0d58cb311b79c600a358dcd4bf40afc79c0dc79c53d023daae,9eb93d259d0eb7b231d821d87c69148323180cbba1d7fe0d0f8bf40ca5363b4e,none,0,0,0,0,no_action
00ffe7f118fdb7410e113b6ba68a97c9756a9607b6c005eddd45650f71ffcdbf,5cb1ab63dd5c8d07890406a0b5c758cc4f2594fb65873246918efa54c0880292,none,0,0,0,0,no_action
30952496902f6d1ff2dfda6fe1d73d72595542eaa6a0c84f7e86431a2275ea90,0db08ce07214730cecd3e51ba139ea4b9a85ea077a6782dcd92cd4d2a0763ff6,none,0,0,0,0,no_action
b7929f46b0e46cb904c9aa7c7b8ee9ddbafa3689849c658a3276b8a2f8b553f5,c7ea18c42201ef9cf7486836a73c53001e5fad2bfab9048f4c991b73c935816c,none,0,0,0,0,no_action
692647ccf4480a400d160a32c12241083cf30081267636a11753caf6583f148c,a762dbe93c2288620f27a178139613aee1eb4b1b0dc2ded3031df41cf658f7d6,none,0,0,0,0,no_action
8501e4732f0558f5b1c02027f25131911fbc139e3d54bcf75e5d72553e897ae2,ea5f1027a5716b9fa4c98c148abb365958a17e6766c346ad2ac7db466758757a,none,0,0,0,0,no_action
f891e356fb4b1ee4f65f175bd3f82c81dd18280f315840935cd17bc1d07ecc44,88f53f15e9a70f2ae020368e7889248d859633b8bcfa62816e6bf8e4521f8101,none,0,0,0,0,no_action
cfba31aba3563a468ae796e0a7629f29a3208466d38727f54d13ad227070ef8d,6a9d2d95540e1b32e13da4b7227deda5fee90136377a0294bb45d9f6f93fea99,none,0,0,0,0,no_action
c0d1d4a732a22e3cd2fcaa4d272b92c8e2c86d17c2cf6c94ddc8fee993728500,c91b0ac02483ed29d4020b067f83a3b9235c13a3cd84cd0778b157c1fa6b0c14,none,0,0,0,0,no_action
5ea1429d0a554f7d8c36abef76b237f9de63714804eee50e30ec3a0809e24dd9,7d4d470e0fc7aed9b641ef023dd3cbf9727a0e86e8696e58356f22ed823c7fde,none,0,0,0,0,no_action
feae6dc3b41622e0bfa12f6f588b4f17066f2abcc3ae532728212f02b5872dd7,4f9040b0a0b3a77c6d63b2dadffb778fbca091925a4ab47afdc6e45e39082a64,none,0,0,0,0,no_action
268b56b376bb19050463d8541f271c6f629477544d27d5ed70b0a26014915e33,ab12cce9c658194e18fa9c602ff3cdd768b5cdcb7efa3295172f6f629a958f6c,none,0,0,0,0,no_action
577354dad5b592b856de4688b846697a9fa3b5890862e7587137b5a11f8ff97c,63b2c02dc0ba5bec203dd15c6670a4290b0a1b0bac72d2fac32d4dcfa0732bc0,none,0,0,0,0,no_action
4286e4243280ab98bf9547b536742c562a24eeca9e88e10d01f810f65756037e,c7bc772634cb30da4757b31c9eea037cb7d6c523433311bfa8d944a34793eca6,none,0,0,0,0,no_action
9f2601528713ed22ec05064d3e0316f9e2d144be4bfa368b6b944de48a3c9c49,7f82a6ebdee902c707e47307a22f55c44bf05a0eb926f678041cc6038ec62c32,none,0,0,0,0,no_action
79e8ad28fd5054d9169e401057a7286ca612a02f2ef30c60742b9178b85a3483,9e2014d88a7c1981ea8991730e9727a3c845ce8008da159451825c0ce43ebc6c,none,0,0,0,0,no_action
eccf0127dbfe97b2b123da75138942ff2fcf7bf6f3f589896b019374c1fe544d,af388f57d1c6f0a85458bc2de00aa45cc412f4531eeaaa5b5b357ed6e2689139,none,0,0,0,0,no_action
defa4a417ca28d9079bc7042616e9cd2ac888e0fa188a22c366471c7bcdde967,340b1c888f8ec3901d4827667b1994985b1aac6b8ec89606d705d9e6da32f76c,none,0,0,0,0,no_action
57b3a0e3f7539ba937a2bba2d10022ca0aa8ea416df689aa2091573e28bdb4cd,085ce1f57f2616cd50f6f620486e7817cde7bc04acb90271eb5ef29b8f0af2d0,none,0,0,0,0,no_action
fa099ae5b383384ca945b9131ecfe6e18e15b884a81129435fb82a9933601479,34fdd3136b46e6b2cc1f646a4deb8d9f90977f7462fc177175408a5bbc5a2c2f,none,0,0,0,0,no_action
15ec5dd8fe4e769ec6d98054e024eb3f8e90d300ab8c6a7a18ac1ef77adb8828,18ae240efa7e7fd9acc39579fb3263553005c73924f64029f4c776f18fdf7824,none,0,0,0,0,no_action
9c69b1b8d6d7aedf81b819683eae12444fbac6170de9c14e01c14fbad7ae5100,5dd5fe7e8aaf24efeb98a5072a1ce4eeec1b3391167082a509edd27c96b0861c,none,0,0,0,0,no_action
e741d7f64228435b7ddcb9b7bf2e4f1c8e537e5cb9bc12f51cd3d5f26db0658a,d674d1a67ce68a4b4b7e0048d42a496aa102bfb47f0806d0d642ce2f201e98a4,none,0,0,0,0,no_action
54a464d1a14075fc7298f9c977fb22ae689cacf34d8d3d6474587dbc8b37964e,1a400cf20550619e0b415e86c6c14223ec2cdb4c1ffbac3bd5d2b35b715ce1c8,none,0,0,0,0,no_action
fcead0a93a8b2bf1a4cf3517af2d96f3a0e390b955b5caf27b29b3e600ef9b6f,170cd75c8498d101265bf514e9075cad0e18e1c9c151483512b441430f344003,none,0,0,0,0,no_action
9dcec113268f6dbf2cfd81e2b28295cf4f06d1193672443897b7f7e31c77c580,1538c364eca35d15b8cf51e5aede22a24c4c716b063ec0e27957b83ba1e4fa42,none,0,0,0,0,no_action
bffed029a735a337b5a1533c134f606e115002715b8c84591b23ed4c890c2626,c5df5875117f4049369cffe52501835ca70c68f5f42c9ee49a41dc2efbd7b270,none,0,0,0,0,no_action
d4b6c21a284c1133c15465744cac022793dd307f825599f3f1cb595b57f7f3cc,96b9c7f1225e0e6ad8c077c75a549bc38c7c9a011b5491217cd8f0f17d8e5ae5,none,0,0,0,0,no_action
c229a4031da768233155f34a35079e804b6f43b7df2cb7ecafc890a6416b716c,2022d24dd73ed32c6bf3fa47e24ed15350909b6cfc28520b6e53111db2fa722f,none,0,0,0,0,no_action
389792454e21dcfa1efdf7504a7fa5e44ec4e92e2ec3ba5f3398a1980adfdf8e,be5c27540f60dd02020e5fc514b90e0d8e933a494f55e7748954c4d708b4de2d,none,0,0,0,0,no_action
034b685f38d4b38219d63da224222a22d4684c26aef715614751167212ed60c9,517d8395addc0dff3cfd64a335e8a85b745cc4693af083bc7c44264965672781,none,0,0,0,0,no_action
2865fa016dad31abd4e8d1a75b25c94cae1ee5a375874e653a845506d4364797,1516f366f758cec3bb28389c73f74a7f1653a2843586f50c0d270c43ad5fa6f0,none,0,0,0,0,no_action
fabf4acdf7954980f446cfa82699a14d9721fa99c8abb94dcda44f62ea0bdc54,f5be6974af535b7a8b1487424bee77d1c02b54d5e5941f736d53f450c94ba08e,none,0,0,0,0,no_action
bb58c4ad6bd9a5578b1c4d9f8fe1d6825d9b4d8882c03c25776b06ead0300f7a,942888537af8bf4046f74b2bc87e32389aa3af6c80b9202c504c08c6c6b8861b,none,0,0,0,0,no_action
a5a15c7a2c402a66453e79145cbe41d1e05c49f0db1affc494687d6cc95c68b3,b2546e2f138a6d0ed2eeb06f0f4e4744c8a62056e11f488a827b1c7651b3ba6f,none,0,0,0,0,no_action
9818d4e223a36db9b13b610121688461da66bf54d68a0c712f8c55a9b1948496,af40b279f3909e034f48346e726f1570275da80fbff69b73adbb8d2a6a56e5af,none,0,0,0,0,no_action
78ef2a99d12d2c7de34de4a0e462596d9d9e0e960021da7f912e4c1581f3a7c0,416850a35c62bef764299870bf58af8da91413b64eedbade0c28b6ef7db9d12d,none,0,0,0,0,no_action
62141a69d14061db9ad9d1d35229236b001b9c123c163632c9c842f2640b590c,330dfbd2f83fc9e971d0c79ab81d93fd6b59020c790f7fdd9b0f3dd97c8c0857,none,0,0,0,0,no_action
66560ca7a055cb5eac83d8eb9eaa773cfea4921d28bd783e63304c82a7416f90,1679547f51f6ab6fecb79a425cb8fccd7e1228aa44778f4e4f95ed04f375352f,none,0,0,0,0,no_action
b21d54f53586fdf734bfe6baf0cb061bd4e33304795a753ef6a6a9ebe6d30512,21197acc6cdb550a4b2dc3d3402d1c5b72f6457c6625dde1b5155153580243f9,none,0,0,0,0,no_action
d1432129c183fcb45888713ad7530e328269281bf182d1dfe4290c89694e0a8b,78080b1ffbf3b943bfeddc5b7ac49d750a93dcb5dec6c74f60e160e35a68fcd0,none,0,0,0,0,no_action
8b45f5405e7e7cdcf8423db71c334820caffe7f32f31fa07bed3948ea9f0fb1f,4d6576c727c7350d71b6e9b4645106bf8112b8577b1a86a10ba6d2efae075a8a,none,0,0,0,0,no_action
58d56248014b5f5e35528198c36a5f4e012396a47e8146e839d26294c1bf3b0e,c33217aa08f34a9a81a85eabd838ec53cb1e1f22cd7babc6aac8781addce4849,none,0,0,0,0,no_action
f6c96f5b26047d90e389d9140108349081084f6f9fe26899fbaa072a724b3b56,788f99aaf8dbecf9023334a3e1070d12316aa9a492654672f46082fa3a00dab2,none,0,0,0,0,no_action
8b7147c147027608acc5575fd234e008a5e615373091d0ba04d5e2e314ab8b8f,87cdfa402e7dc3a15852126ccc14cbed69d2aa954254d216acd0e0e8bca4153e,none,0,0,0,0,no_action
80a7c24d216e904ee6d77b8feb4600f4f5df471ef1e75c6faf97accb8da0328e,08bc0e89e43c1c7bf6fdc18737c22cdce6cba97ce40d36f31565d500c645bca7,none,0,0,0,0,no_action
3a2f1b59e45cd31ee952142efdf5fe3754e75ffa127b7320965670ccfb4eefca,a64d3c5d179bf119a6427d02e39820f46bb595f3f4b8f002ec15560add870f11,none,0,0,0,0,no_action
75284e5049c2f177024957cf3c8d21d71b0384bc5d0b1ce2977c60b0dbe63576,21c2e38e9df9ca65d6dffc6d4f788635fadf0a57064c3deabb35282f01db4d92,none,0,0,0,0,no_action
dda7fe7f6fdcebadd71468c5eafec43afc3db5820430d3a86c012f787394e96a,67d13315f48d6bc152ebad803a81004093689192faa694aad1ebbbf94a3aed72,none,0,0,0,0,no_action
0f072d38702a462d13264a51e3ee63b27a33ad227fc77c19e2d2aca1cd04c51a,3861f66e8378ed57f50356284bf8a923229d19334bcd9448614a03316856f790,none,0,0,0,0,no_action
1929c0bda7f038170f5fdd6fd66fcdd0d4af3c1741bab518468f8a1d12b934da,f66caee293654dee573a6e45dc6700a048a02ba15deb56b00520f5ee69245d26,none,0,0,0,0,no_action
0539dfbf5a60303a6091fc984fcc68565b63e80d03f2fe2f9263725095f8d5a7,ee6993946089a50399b77e57c4cc89a570569e160a0af8bbc13c0b9e00c631fa,none,0,0,0,0,no_action
0394edf73a42070236be63d04bd0ed026b356b124e672c215dadf2232ed457d9,5cf5626ae567e73046d77050270843784e64beefd12b786174a1c7691809564d,none,0,0,0,0,no_action
30b4d2ad64bf865941bf3a7578ffd4f5a0e76163642b6c9e3afa6ca5a3bc0e96,21d9b72591019cefe8f8fc7e71ed1a6e2989cb1b7bad6afcf75fa4aeb4b95084,none,0,0,0,0,no_action
e6187cd4837681cd80212e649999eb932b1be1ad7b48fa1e2b80746b2ed7bd3b,a660274daa3a14ec6e9755a1bff5080512d9c9d2c45746ac97778784fd9775c2,none,0,0,0,0,no_action
24e574a911ed47cc5e60de0a915ad067ac83727f8b794e0111de32831a7ba45d,338f449985e7412a580e8ca4f8746f198c2e7b3547c222a54c5719cbca837ec2,none,0,0,0,0,no_action
f0bf369844c199c407d7c2ad9d67e6bcfda8a59471b47a7a8a4a63262692ff09,46e001d4646d1192b4366457b958c36c50058dbda74d760372c11780ce5b64d8,none,0,0,0,0,no_action
647f903f731a85d54b805c9625a24c95579152038333bc23979be3ff4917f7da,18397828ef03a540cd0dfc6b0129f11c05c24989f34b48322e6f447586196ca0,none,0,0,0,0,no_action
58c6eb383896b4de9b5d811818f64cea57b5ee9960a2abfb3f75ebdeab30703c,5d7afd3ba5173fa83984a881846a5fdc8f5dbb95daf754d98338f4c4a58353d6,none,0,0,0,0,no_action
75e669aa034bc8cba80b7a550dfd00af52b567ea57c4bd6fb2d85e2063e186d0,a3c1f248aab501000fdc7ac8671c0090fb8e42cbe12e5299ac64a1f1b684e4f5,none,0,0,0,0,no_action
4a4ffb37ab248d1cbb2550827f1eaf1355dc8823ff8a87cfed413448ed8ece51,6645e3cf33b87bb978ef44e3ad859fb02a2a6614eb6fae1fee346d149ea15146,none,0,0,0,0,no_action
ffb2e38311091366faa175942705abdff974275db90a9ae69fbefea08c3ab423,1c1b593e5b0b692169bbbb7aa01b2614d717bd0bfa1cc2aa973dcc9296bcc1fa,none,0,0,0,0,no_action
d08a48a96e24ca45c1603e8e7c2e03fde5a7c038fd19ce412c106f0405414c90,f38411375d1e6a4c354003210984bd8696a5151f6a1f305ca96ef31e99bcc7bb,none,0,0,0,0,no_action
b283ec4aeafbd5bf6fe5f52e405bf37d923ee6fa9755c40b0f556c3d73581512,f443df1fc42100382dd7a86d42feabf597218e3228c54e2bb08c67b153e3fc1a,none,0,0,0,0,no_action
76628296d3e6200564e64441ec509cc4ea158bc434be376668af9a2514741491,dd292ab1d98412fa1528ded2afe72fa86b7b8012051161114ed9374765f01d46,none,0,0,0,0,no_action
0cceeca14b813257ba61a9b3090fb619fc448df7935feeb2de2a994aea9b9451,3a34de2c6950fe743aebfe6bf1f6d068b181c53f15cc4327055d3ada997ab8e3,none,0,0,0,0,no_action
1558cf6f341423f32af5212b53989d854109867b6231d321e5d8995eeadc6077,e2f9ca69489a59add0872d1892be3d523df0e20d0623b687d0cfc92470c1d861,none,0,0,0,0,no_action
efcf23bbf86b3e9891e52122281351cbfefedce62095678f8771cfd38cbfd316,cff673a43dac9b3cb6a95665164233d9d7fbacce1e9b7b180b83cfe177ba5d6a,none,0,0,0,0,no_action
69045d04f1ce78a037f37458e2200342c56d84606c6db4bb37ea0e45cd1a8b9e,cdef6a9af655ad274f50442bd5bb3394c228447e408d8fe6ad0bc5fc872a46d8,none,0,0,0,0,no_action
58f778d154356e72e753c3c6a3883e618a7bccfac1008ebbb6ea3094f334401f,13f45a1bbcb6191d92e40300fc3b6937c18e8da4602eb4d6f19ba1b2072a29a4,exclude,1,1,0,0,applied
923b0d08f3765244f06bee05edc3c790815826da1c860c7d3c023cf1d59f607e,7d8848a2f04adb5d715e6fc6c591cbb877473460ee45e5c9b91eb2cc132bf372,none,0,0,0,0,no_action
a821de6fb7fff589f7dc3f22211d1fd86b7a5b610064a306dd8b9547681fe043,704af19bbe0bf492436c091b707c514e4e2767d9795158bd8e1b8344d760a03c,none,0,0,0,0,no_action
b31f3fc84d19e02aa096652ddd9d4f0ff9d519510f46bf225d7c28643d276e03,82d0cde80fac70bc337ac9c9527905798c3c8e44180d78078aebd5d05e2d7935,none,0,0,0,0,no_action
176ecfd1ff362bfa3d1d7e2dc9a3c584bc7a5d318f6d6cf7323b8df61c6fe9ab,fc740f920941641282624a2a5e234c2fe6fe52c6b751616c511c1c985fd4b9da,none,0,0,0,0,no_action
da7b5ea24c915990e53e6d440b21c4af5112ce3fa84c8e28e96b802bb1742e22,418f8f426daa4be974cfe03bf6e1efe19dd85c96d639cf139dc79f9f47c0bce1,none,0,0,0,0,no_action
a9302e05017a0025bf29ecc20387aa181af3452abf684db3e9c9b926f4f1a314,2aa2457c492725d0bca617033b8d937acd45d218c1b4cbca8ae179915c615e13,none,0,0,0,0,no_action
796ca63e82c7eb02a5a7584bc0763eb88ca7c7e2d9132364386840648de5fad5,232587b2ea74323fb9f1c65593251bdb9baddebf9aa285285d940c70fdb69dc0,none,0,0,0,0,no_action
f7df67d5bb5975966e690389fbdb5c6cda875a94e83fe5f97ec1c7ca03482701,ef357a30107480ee49af9c31e7ce30d8717166a100f32c872ab8514fb76d0f29,none,0,0,0,0,no_action
4795f04bf61aeecfb0fdd5dbf455ee648b47c54ad55942bb57f9cd0c657f9a94,2d91a3afa94e8a20e553df1688b4ade81933d4f5d9e10faaaea5494c6ef5cadd,none,0,0,0,0,no_action
93260c366bc3dabcc13680bb81a82eab1d5a8d914b56abdcbee0cc6d1e375c25,ca7476eb3ad9d874c4c6933af73901294e7625397a0c27387ff51e3f4ec92959,none,0,0,0,0,no_action
19edeb91be4ef1336fcec0d521205752c327ffe9aa241f2ff046728ef81507ff,fb419b2752c566a529317539633094abc72a80c745384ac04873e1714165cd06,none,0,0,0,0,no_action
2be4bfd8cf53aac810fbad2a5f888806f68732ee8193be6175ac7de79ebd0a65,f839aba9f64e3389f3a979ce1d7e92c849f2c1ab305133323750ea7adcdccbba,none,0,0,0,0,no_action
760dc0a11cab9834d501e233a0a44e1cb5d075361adf0cd9a4bfc556195fca54,f4c40bd0dfdb5e19e54ef83f3373613a538d76ca0984b59e0703278f4edcf2d7,none,0,0,0,0,no_action
5b50dcaad576df28f292f19a3bfd2febe6a83dbea862c997c84cc3db450de6ab,7227d49631255c327ef9386650b78b5218f7165be9d4a711086afbbc39aaf698,none,0,0,0,0,no_action
8b6a75a1dfd3ffa722059b8ed0548bbe34d9acbaf0364f599c390e4710287aa0,42edae54b7f7033d5aa274627e13df3f2aaef596944ed05b29131391b69dcec1,none,0,0,0,0,no_action
0c8838be678b8d96b62bbcfa0c3ee21bf193897d5894fbd7eee0dc71a18c34fd,93502d00662594275f529fd4ae7a9e4f03dbd7203ed33a44b9a854bcd724c6cd,none,0,0,0,0,no_action
81226bb3a14f84d3ed622d42108794b68cf36d13b7c1fcbfe1e539433b884ea7,5488bd8a9b9b50daac5da7c70f5395ebb9a278b8fdb7b82e022ed837c7064ca1,none,0,0,0,0,no_action
42b5fbbe61fe50f010ae23dfe418aa7b485891756252901336346d4ca58735b9,8e238a59b7e231823b997d77650f0f4bece548eee356556f1b21554b2bf2f444,none,0,0,0,0,no_action
9d69c9a48fc8ce05a91ec0f8af2173824821c90e5514139cbc8a4bcae7550000,df35bb516639067eb6c81029f581892f9f6da6297e10adf6e2c23540dd1c02bb,none,0,0,0,0,no_action
3457455c489234914dfdd01f4097736a8f350db58a7fc1a478eb209aaa33135b,b3f8c301a758d46a177105c02f1e482f70e086858f718cc21b5343596b7a9878,none,0,0,0,0,no_action
63b2a5787de0c549ce92da370d623ddddb03c56fbb0fc8ca10a9586b8696b103,e856bb48a4cbd47f42162881e069e7358b1462d87608f48da0104cdd63e29bf2,none,0,0,0,0,no_action
1f01b789cd3476d2546eb7b56ae915f059b1d702109fe3e804cf1581cc817ffd,614fcc49f99efd4ebd483f4b6e2bec70bae52524d7072a0cb366a8ca684ad7a1,none,0,0,0,0,no_action
33716bc9db274ebdcca53d625925c022464fbae1178a2df7b79fd1d728004fcd,64551f9383043403f48410d7def011eda586bedbc86a95adec118b744e82de51,none,0,0,0,0,no_action
70feb3c7d99908a37c75ee8d2e806f259f3e6ed8b303ea65671b4b22e7759661,43b74b753f42baa3645d404f57b267fb981496dec1de56fd94efcd161fc5729c,none,0,0,0,0,no_action
c5b0e8e98bce1ef8aed767f2d6731ed8c6b3cad4ad8d6e9b6d463aa478b497be,f2ba18b91b96714a552ee6961c88f159c3d675bc0ee84070fce48b7846c037de,none,0,0,0,0,no_action
cc7d2ed2844f30116a89b276c137df14f280d6da186a1d19a594510c9f76dc0c,82d52815e0a74f1ab9289d3b5ec01bd4a13c351c42fb78ba3d76b0012ae23ec1,none,0,0,0,0,no_action
2ff91ffef3d10b19125b6affa5ecfac90eb66ce9efcb78bd3c2919c8fd5590c4,effbc11f5407a0508ace20758d93161786c94c0b4b18a4c3c6119807b2107622,none,0,0,0,0,no_action
7d8ccf1671a22bc8746d3948cd5fe6ef7283c818c22c820d0dba29b4fc66e167,e6a04b0b86db21188f0d7df051366efa7a137b85d8f029d6cef3b1d46d562247,none,0,0,0,0,no_action
d423e3bc692e2e4a384370050882a5164540473217d7b40e1ca7d38b8e627a24,35b6e34fe377bcc1725615335d3470cfc56d70b04c779da431221d8d42ee6888,none,0,0,0,0,no_action
5118222207b7b3eedfd574f7b8852f627cf913c8713d594acbbc7b7339f7c98b,0f2b75eb70dba6e5b280603ab2cc45f3378e4fbd22d044e961500d024cd1f93f,none,0,0,0,0,no_action
84a3d4a857a8ddd5ef2b9541db5c7f44589688561642b45d1d8aa9d7a7c52311,00e0a2137da3e826901b5a63a8bbb9d937e4975282b6707e27dc32c69e3858b6,none,0,0,0,0,no_action
7971e35eed7053b4de4af55f43a24c676a96b80120ccd1770a43e8f31d387923,658626a435750055f4f7137200287497ba7e60378db3fcdbd26a9e7f7f1cd095,none,0,0,0,0,no_action
ab15290a03b019fcfd50a33df5787db189816f9d904d97cfcfd4af893012dc17,3703d9ef9c4eede707099f32ed68a1c807270f83f0f8e1d9d4843dd79d9fdcd8,none,0,0,0,0,no_action
e9bb7fb1c4a1d3ac782b9369010b7cc31a6eb5b60631e1015800e27b999fcadd,5d5cff56da2b2c4a01c783df19b49b0cd46c461ade00a8d414f095c6bb0903c2,none,0,0,0,0,no_action
8ef59a23105fba356a51bf9e2233f452bccd02ce68e5b6713206ba4fb16550c0,e74a3ff8bc1e6b88c9e390490e50ca41f9d2d309b11bffa58eca26cace17f1e6,none,0,0,0,0,no_action
d3a2852e8c7ed0358dd01ad24a7a7bf72038343c2ea90e9e410a5ce1b8a5da43,68ce835cb3d0c8585f704136a5fce055c0c1fad2f83ab9a910832b6f77765e7a,none,0,0,0,0,no_action
b52d0cbf1fe8f3e8cb6d04b714c6718ab50fe77cac87e495179cfad72df20d11,9f7e3bcc16b283257b573445f64f96a7a5d3760389c2bad6f5b6a3e231fa77f3,none,0,0,0,0,no_action
5c2b950a2393912834a96059aa69bbac0438a5b0691d5c9f00a601f8015eb3bf,9c650756003c827ec0a75c7c31c208d9944f0cc134e787346d2e76714d373cb1,none,0,0,0,0,no_action
c8e6290c8b85a036c835476d0c9de86eb068fc4dea07a8b6ae03c7bc489070b7,14ee0a4ad374e001deeed18c7a8f3bb79c7382b189b2b2311dde516e3d038f10,none,0,0,0,0,no_action
9809491c3bdc913ec8641c9b55041f95e4f74b37979753faf5e1739b39b70ea0,cd3a765c200d428758dfcd4e5931212d90cfebbb213f2e60665ba5076217f7ea,none,0,0,0,0,no_action
cdd2ffb598bd0453084fd3649199ca416a3d673136b68642b520d1d517d02112,1bede19ef254d3568bc9b294029d78d70ba61e28d5228db3ef50c4cd968ef980,none,0,0,0,0,no_action
d12cde24092c52d064fa77c934de8067dee1047a6c1c0adbe8ab2cec9c85103d,e6f8b4ebc71cf8b727b136a889b7ce70dba088fd6d3765f95a580381a464872d,none,0,0,0,0,no_action
2ceb970b8e61396c06b5942f949b4ebcd89429b4cbb057660c262a7eab44c460,420f580f1b2541190849f2d4d63ed0301c302010c90bf8bb6f0efb0ce75f7cbd,none,0,0,0,0,no_action
7f9c237ea737c4648f3b1f59c13152657f2b6c05f6429e60004ebc42680fe88f,5e9b8b49e9cb966c6b6f29ae087394daebf9f901fae135547a4a67425fc7f8cc,none,0,0,0,0,no_action
3ccb5d069280c29a1c01afddd96dc197ca04f8f23e3b930c0d2321ec27be40dc,7def42d13eef712782ac71e21c8934f50bbc64638d95f5b351c3094ea131271a,none,0,0,0,0,no_action
6fbc2e8922007c8b9d71a9641ee24e215543a8976f4782c4671d8adcddd1a784,29ffc3b4decdfc5a2b43d01f93221881cddbc53c335b5cdedb4734316479956f,none,0,0,0,0,no_action
7460608b31bac4ec60cc367b50ecdd8158f69a96f0cd5182b04a7ac74d8d8f78,bbad73024730d5f4c8766df6f9ffebc3f65c63c45a7f8b18091c33f602f778e8,none,0,0,0,0,no_action
95a12088f1c141afdd1bb07ab745bc5ed220d25c16d884dec01f8b2a4aa4a487,2095ff4a05f387f41beb4a40f14f0acc8632a7f145f375be5e52c741d93f6b05,none,0,0,0,0,no_action
9135968191b2172f59553a300f8ea1fe5ab9be89ef5b7346422d40f4871b7220,39900181c517f77117f81f7310c781d42b23bab194265f98867970767fb30cbb,none,0,0,0,0,no_action
c4d27fb526fc414e8980e31eca45486fe09009774204994fa7b56dccbb076439,c47983ef012b7e61d00f722346835bdf2559da08463cbf6ca71f7ddf296e4453,none,0,0,0,0,no_action
0ec6baa63fd04b3588445d07ca22c3bd89d16c3b2896090dd1fd8a8f79abdc4d,c96f57407a2cd3877b4e081d33c8b80c5ef305e6114dc95b8cf64a07d743d80c,none,0,0,0,0,no_action
0984a5abac011c3e0deb4126c44846c533f24253bf8412e8077231f133bdea59,65eab65a030f53db3daddcdc70153493b53c135e828cc90ed7b59da4b69efe21,none,0,0,0,0,no_action
03a53765503ad6f28050ff66c0e13a84af41d5a73d18e2df4d07a64a1b467d59,d72045ecb7417e74e34a8ea11e82f51a099d580c2f4a6926b27cdcbe686c3b2f,none,0,0,0,0,no_action
01a2e194c1930dd7c715bee60c937e95468f0f06988a6afbeae1c9710eac3573,b2dabf5026d63c89b7f12e3c424f5241ee87c211b808a402b310cfe3a93c08c2,none,0,0,0,0,no_action
1c3d058c17fa2da7963c0de4421360dbb92557883002cfde886cc070910dccc6,db76139366b6fabebf1e6cc4c2cc1793cd7a3dd4a70bbe0fc509e9bf393ebb36,none,0,0,0,0,no_action
58696df965901b68a46e1db255e6797f8edfeadcaadc0610e315552b0d8a6d65,c7cbb84971bdd9ed80fba12956ca9fbad29d676cb42a72307fce45e44a801596,none,0,0,0,0,no_action
097e7a159b26cbe1e4e6923651546507feee52bfa305ce4ab03eaa6e546e1bd5,8cca51f6270b8a89f12c9e6feb5025acfb431a23d70abcd20421970370b230cb,none,0,0,0,0,no_action
91e4d7f9fe7dfeff3e2ff08e015a26795b40fe9409fa5b7a43db3c41900174ef,2ba7f56accc8e908d209be7ff9f67f3fa7c7f850af1a5a531c5f270f429cdf7b,none,0,0,0,0,no_action
2a49862e4c1515758631c22fed866ef337280adf961a736009a784c9b6a20fb6,7d399c6aa32014afa11fbea47cd9e39a5564429733b6e4cbae4cd6bb75b9ad61,none,0,0,0,0,no_action
987e213e8153ccd3e7a603d366d3d70dca23763342d47f7add25c4241ab1c3eb,e7d4ee017a3183e6efbf481ddc8541b9933d26ffe7936dc7df07526237393cce,none,0,0,0,0,no_action
b0e9f415a9cfa14d2c27ebdc4071a9e67c77697d0f05af5be86940d8ef12809d,c61a3cec4ab3689e93e09d47a37469c4f30c15fad2784697a6486c4edfb1abe8,none,0,0,0,0,no_action
d172825f6c873395c3b9f708df033acba9c71c11e57eb45a977b25d817215e89,b19ce9907cd368a60504e3dc0bf042b5bec117876031c82ef7a3bc341bff6542,none,0,0,0,0,no_action
b818ad3fa41f6710b13e97cfaea80f52efc6b71843b74807a0004c9e7f666468,8c042de261f6574846c6a0e06530b79cfc0285dfa180e0c51f317e6e0d0c9e70,none,0,0,0,0,no_action
36bab6fcbe7bfcfe1da75094bcbaee7605b194138b12482aba32bbe459211c58,aab9465bc7ea23ee4a1a47a24aba25ec0b77ce010e71becab3a83c62216ecc8d,none,0,0,0,0,no_action
7621abd500902eea994c0606a798498e915bafa4f1a45015d8c43b96b16d4f2d,05919363fd0fb28e77d2f7f7560efd70066e821a634efc2cbac4fc4624042bdf,none,0,0,0,0,no_action
40afca665ab53ec08efbf923c1e1b12c83b21e95e58065466d555ef219ad5b80,c9dfa5e7e10875203e148be2a63c154f70b79437a1f7c94e4572e52a45db374b,none,0,0,0,0,no_action
c8f23a67866383d0bf7124e053e2b547da34a0262be804cbc836a67594904e6f,1e1daa3d006699422227af15402234593d76578bf142a089d951e31a035fc913,none,0,0,0,0,no_action
67bb760c418f36ba2b3680df8eca76fdf24b297a1c6a6c36075cb9cb70772bcc,2f244efeac4667153979af39ee8f4a928b00715c0dde0e023fdbf6f711107094,none,0,0,0,0,no_action
756926e2624df377eca3478784d3df5bbb614237e006651700123f41e46924b1,ebc10e7260e8f98285cb4570e73fe9e4ef6dfe9a10c106ce59e65e88e5ec6950,none,0,0,0,0,no_action
fdbe1ba410b7afb40ae4cac2ca7d838229a8ba9b2bc81e4aeaaf60da48306583,6a6d0b02397bbf3b7db1cf20f1886f7053f54ad80fe4cadad19325808f3782ec,none,0,0,0,0,no_action
abdeb310aa32ef051b016909a17a3f104b9986c7e2134b6d7d14f04fda83c456,4889bf22af22934375fec73eebb01d4758001798aea713a859ec56c6abcbb994,none,0,0,0,0,no_action
97f2d131e5ccc1dfe0c231a2f6c76bd0ba658b95335916615ac9f160f2221aa7,32a7002bd5fd28aab6dd2c14e98252a0a9df9b946f0c68108accf2c5cf14913a,none,0,0,0,0,no_action
f6619a81f411b2a25d1c997a25ed4d584d6180a0ceca790af6ad554f7f17c4cf,de042ede25be9799a15891a523d344bb08924b1965196c3c7a88d28983d9fc56,none,0,0,0,0,no_action
afa563a98ee265cf034350c93b1fc426771908d4246a8d1981b15d738860db99,e23d8990483efd4613d4ea96a76b4a7b565754fb4c75d57bb7c80db97767986b,none,0,0,0,0,no_action
19074120cc4979bc9b5f33f6204285b65631379ecdf1eac1000db1495b5fab6a,137e1afc739e4105e845503510427bb4e8298e91e80c53856d36e946f8e0b63f,none,0,0,0,0,no_action
dc9140e1051e9221b88b3b6261ddae488e90c1c3153068fbda8623f7bcbcead4,5f73dad94bbbee60e8dfeb5d022f40d554018d2d9261955a4fa0477f49765220,none,0,0,0,0,no_action
b1ad428bec70343679420621d5f9d0987fccf58c06fc1f12a4f85f2f8494d2db,0f0a3feaceaaa806c7717fee45f5f500a21b281f485023e0bd3b311775ba32f8,none,0,0,0,0,no_action
f78da4e3ff15f73679b9bfde9c9af4440ff7337311d62f11bc22c775e47f87f9,cf7dd7b97db580ecd7604d809d2c0b1e367563dd631cd267bfa999dbd48d3b5d,none,0,0,0,0,no_action
7213712372e85a995de54c4322ef1aec83c5d56b89c58d5463e429ce9ea3cce8,52a2e3cbdf4bca6dcf1ee79c9008d1b557812488dd01f8b47372b9a8878806b1,none,0,0,0,0,no_action
65b8d2bbce18b8d445804d6d7ad43fab29c4d366e74603afc8057ac414cd7d49,a9b1359f13bf4b048c05f9edcc1301c2098290021dfca552ed472dec48edaed4,none,0,0,0,0,no_action
7a26fe79d2ebc290dd26b44a145e58de1fcbb3f39334251c1aae982225303fe7,8d0ef3a93596daa30e1e47c98d41311c2e9a5d39ab35518e2052e5bb7ae8694a,none,0,0,0,0,no_action
4875259fdad07efb31339b7a8de0b3843a7e6271298937952df9e8df4ebc9f74,18407a539144eda038e11ed79f5fad85b5f20919145539cde00f4febfd607229,none,0,0,0,0,no_action
5937d1bc00afb92e1f38157bba65f8b9c32ed4372f34181d5ece242de4cf7396,abcd246713c1703bb4b53dcc2819c7d9976a98fe1e8fe232cb721d8101d44912,none,0,0,0,0,no_action
7cae9b5529554bd48e7032386f29655efc09750bfee4e89479c94ecf9bed507d,81ebe3f2623d7283cfbe8f2ad9b910520082618850f1734cd6dd89f256bff02f,none,0,0,0,0,no_action
104f5307d9df8b434bd51f89ae9665ebddb503509536494e9f5b9e9124578167,81080b1b6d277b40a8f95a1246b0e7383fd92569ae971d2b5a2d43ce29bedf86,none,0,0,0,0,no_action
b0a5ae0779e95b520d3cb3689ef1bcef86d7ddf31b810fbc1c1afcc62a003f99,4da5c7f2074650d3fc1220b9218d7d99f6b5d35a20ca37b86dd03f1136d126bc,none,0,0,0,0,no_action
7694f769948af26e38fdad6681843ee32f672dc0eed6729124903b6938e6ea8e,7bad14315db6a765177f0b9c4372ae5d38b1341b39647875afa52474c374e98f,none,0,0,0,0,no_action
10157cb971e809c8e8014ec04cbf2bb4918271eace49deeeb444bc1d737fe7d0,5717fefc2581c276a3ba993a3c1fa5bd57184b77d725c8f81b19cfe733e43897,none,0,0,0,0,no_action
199e52a0a9f09a4bab05cf0846b1a0275cf6b9cb1a3fb4cfc7f9857b620cdad2,8f9138b99b3f5eda43a1a20b183c9550de6520d92b5058c679e3e6f46a5c46b2,none,0,0,0,0,no_action
19fdf512158b55ba1034d3ef65632e6852048607bef610cb3d28f38d43374bbc,67fbc6c472a5506665ead13cd7eba7f34670516be700cf6b8dd6ef4afd6c90ce,none,0,0,0,0,no_action
63ce637081547c2fcba6ed0dfe2bc120d5d8d6b455f926a3fe9d2f50da569a92,1630d07718077011498026a99b715ea9d44c58874e3df957c797fd38c17e4552,none,0,0,0,0,no_action
bf9a15719985a3148a09ba760a46b2e5e8c7d9e4136b4bc4626459fb7e193b5b,b3f9ca0e4f9344fae65536c4c1f722c4fd8139f362eb64fb34e4f57583763cf8,none,0,0,0,0,no_action
bf69e04c211ca67a02475c17f6f9bac06ddf9b6d2e1eb1cdc48560973df27c32,cc9f6291cde98de4eff671b28454a83f0cd0fe72bc58e93161bdf2ca0910f200,none,0,0,0,0,no_action
6b16858dbd83ab46c62e56e76c73a9ecd69aa8d0b81a8242b59cc28e625dfa76,df6441981b3fb127ba8907f6bba29748be0e3f19a5a55a458af848ff64181494,none,0,0,0,0,no_action
3aa2156680b0a04e08405f041b538eddc777ea7d94283f5e1cf27c158173bce7,04bac24cbe26d89692ac06fd4187b3d82485c1e611dd67771ba8fb4b8d3c129b,none,0,0,0,0,no_action
f8b6402733cec726128af0a0cc60dfd3a014d27df50df86bd3a7de2099b0d845,7bd334ba528dde426cfbd438e134a518ba7e47542b3c0c9cd1baeb102f5ba29d,none,0,0,0,0,no_action
6ceb3023272b5608b7f19944bfb8224146223d6f69750a969b8ac7910c3ff12c,e6287267d9e3aa35645ccecc4bde0991b2181425c79195bb808e223c7b9e8014,none,0,0,0,0,no_action
db60ba680b7ddfd633a5264cef89e627d748c7afd01b080515024a38718534ca,608e00e57074c343c10b0ce295a4cbb5f2b7f284f9f9eb99d89b403aebc1a92f,none,0,0,0,0,no_action
2215e95093e3c85d05c4f52ed10c3e178e0181de2f66968dff2d1f8e3cb67ab0,81af4782aff7afbd0e3953d177d264a0c7aef6ccbd2ce187dc5540476bdcb080,none,0,0,0,0,no_action
c73b8fd4d94ff47394884fe076a50061e9e8385e5455e804cc960fd81f290f68,5551f8ca77e9672a096b313a3da074e8f30c99ca7fd3db1b6f167633ed03e9cb,none,0,0,0,0,no_action
d8874722310efc36c503205ac68094fdd5d224af4fa15b9c16213817e276a090,beb50a772ef062b8096811b4ac6672ff6ee1c9777493b0105372aab7323e38d3,none,0,0,0,0,no_action
2ae6d2b504f69bb3b5aa2764b1b8fdba785d74382aeeeb56e6c43ff89064ecd7,f9ec6e0304d0d9a233548cb493445c068a043f08b0f1930b7cd1c4fc0fc6c42f,none,0,0,0,0,no_action
7d95eda0992340133d7afab2f190c560665adad5c99a729298387ebd35b150b4,c0a36643bacba6aa58df9b73acd7739c4c3e45c185d45b3f772a37ba8fcfe55b,none,0,0,0,0,no_action
6e4b09bedb8e056c60cda31d743e2ceae0c232dbb5d82b539a7b62ea1cd4674a,47d02ddceecb7551f54f00600a614968d016544806c79928cd9f6113b54bfcba,none,0,0,0,0,no_action
d38bf3e1d77a58a93baf4eb5112239ce44a846ad3c7132549bbdc527d5d8ec3d,37e657dc2b72e42afb515f8f044bd9b14c14ef59cc5c1c47f3acf0bbd01a904a,none,0,0,0,0,no_action
0d2465c195cf86ae4fcb26705b4ea9fcacfa794e62962a53726ea8a7f19f43de,f62038c81fcd1eb29de968ac6afa6f309f7ebd15ccd56b9678c3de63a3ea2ce7,none,0,0,0,0,no_action
3aaba8e72d5bd8bad585b7c9e2c4b95146af964ff6a80fc9b36541f98579ef38,ab2d825e17339c15f55a0f8155588ae9752bf8e6a9f38f7e0d62cbbacac449d0,none,0,0,0,0,no_action
734c61ec6b652f36dc22c295db431c1cc6213f12075e03a49f3e00913e245b19,6eab9802a7a90927f8b3f03e1464796c7c4f5e37de4cdca34bb81b7e36509d13,none,0,0,0,0,no_action
7e7b1b4b907659f8ec5b39949ac90538fca2dc5be4be03d63f8f1f28e7f14d2d,587c4625460eae5e2a798ea3c1db008f603a12d5ef2a552fcae2d22d5025caf1,none,0,0,0,0,no_action
b938fcb9b13bda70dd65047c784bcc90327e8d476f0fa792e342f9e60b699e59,261fb0957ef9b536734891aa009c1d2e402739da9191b0ed136334ec090e8df0,none,0,0,0,0,no_action
7fd0392b29285d99ad45ad3c08c9b8b183e60131bda49b399f7436997663dec3,f1018dfefe0eb3a8128cf14c2b7d9d72ae9c61a0b01204f1f5bb4e45f8d836cd,none,0,0,0,0,no_action
4d63d19367cf94f21373b1799a8e0875d0e05cad6188928882c41608de0a3f75,82b0a9f1ddd287481a6423079d411af551fdf69b561346df9b3168a32280bb2b,none,0,0,0,0,no_action
1bf9f9b6aa39b8e3a46237c533ef243dede5db8f66bed7f2bfef3cca34c412db,13e414e88e887cc83b565705fef2a848e1aba308a536822d975dd83432fb4b89,none,0,0,0,0,no_action
feb24a809341de3c26b1fbd111a8228723c8f461c987afe71c8ee51a51a2cb8c,40d83a710b047124bc105e6790e18a485ac6987a4b574e2d0c026dbb58a17da2,none,0,0,0,0,no_action
c1a2393bd6929bd8508b46728be9445290a21cdc0772f2a50b1c3b8ae2386c9f,dc8b9601c844625cfe3329b5f5e8a87e39a75a8ad8650e21188d46c97609c150,none,0,0,0,0,no_action
f61aecaeda3409678ad3ac7eb75ef47ad205221a96bf27cb327b62423772a65c,de96a3a45bd68e0471724a222cf8292c5f584c673d11bc06feb4768489dfac72,none,0,0,0,0,no_action
e41eccd11a741820fa95d98d6ff6cc6a2c686c8b9bb8ce0fa71895aeebc916d5,3563deccc81b941571a287d5ad73f0393d53c6f0fae49c05d8de0a7356d5aef6,none,0,0,0,0,no_action
22bf5c9166fabc312d21c675d4ba10203b4e9b7bb4d08f5fa6af6bd2df524d91,369f4396a1ba084f9ecee128f9bc0dc3de4a0c52eb84cddae604c81c6cf1bbe3,none,0,0,0,0,no_action
741ca1a546b1dd161d2342e32816de6001b95dba65ef77fa285e2f1a121d6928,a55316857d33364906bad6c76f5ecc19307d98e44868ec1bee6bd49676764663,none,0,0,0,0,no_action
50fc69990d30011a8a28e7c4d6972bfd82157017063341748a1f794b984f2307,431e65163e3e3c5358471256b438930cccd2e0f9ae6e5cfc8c4527eba11c1f5e,none,0,0,0,0,no_action
f01b7910a078eda294cc299feddf2180abeae8395adf6d56c047e66dcbdb1c85,346b0ffe9b8f3896d2d88e0cd7f1661fd13983bf7f9628770fffe8d77a1335a3,none,0,0,0,0,no_action
6927522212cb841d1bd5bf4cf73257e0911169efb8ff226c8e18f5bc038a2f22,014f93068166b26c7c4da34d9ff3cd2c2d343f7ba280d30ebc234b569cd23241,none,0,0,0,0,no_action
88237ab61ed962817c758edd230c4dfe470f4a7f0514f9d6e0b8e07ec4a7b037,8f0650bff1873f7e6cfa71bc50ec19a5e7a4c4ea92e053e906b00da26079adfc,none,0,0,0,0,no_action
29fd0e51c17f5233b792d2b3017f7de77235c582398df51967f8ba37f123440e,e85cc12693122f9df030c932ed9e25a9e33820eac2e0aa4df4f6fa40f1cdb41e,none,0,0,0,0,no_action
10be087571cd3d98b441414bb11ba0b31197607ba2725c281024e6e07f6687e6,98b1b3c900ec658afba5e3545aa40b7fda2919ff3fcd3f8d512c59ae957c4183,none,0,0,0,0,no_action
0c225a9c9fe3a86ef6e40176148217b2c9b8b4479f79e04f368366e840006df7,365a29b857dd5d31b15fd7c0f2d88fbe191a8faaf539e786b406925b8c4bd476,none,0,0,0,0,no_action
07a6f6f1ab3f620b48c0a77ca8927ce9183c62590b45cebe24725dc905aecfa4,3c2779fb4d05300ce29787b2d85b5a79a9f8898bb564df90785bb72c2d04f53a,none,0,0,0,0,no_action
e5c904a8339d2ae14d3fca4fbf8a081fb3121977243436ea877736b3545cf5b8,0ebcaf75a09e1c04a78eee37f3e5177649bcc73f5c5c8dd85a1667e40344d4b1,none,0,0,0,0,no_action
b98e58f1bc124cf134f535caf599e25e70076e99fcf81ff06b27a45c6725983f,f211e5d2efb64af73afb1acbd3f41884d1afd03487f67b789a7a5631a2cc510a,none,0,0,0,0,no_action
efc43baa511eb621d18b31aebe0323a0f25e79ceeb7ebd48a99044da4ff4cb5b,8acbf0048a143834efe6a71f335eb63d1dd54f9dcfed7914a924517d12167289,none,0,0,0,0,no_action
2b8423df5f978fb03f05522721731bd72acb179b734daa27c416df5347edeb40,6726b2859df709339ad41a388db1eae6c8a5ff18824914b0e6f2f09067c2e4ae,none,0,0,0,0,no_action
b8036873c5c21b9dbf4a4c322980f62d7690f7ec4d7d9dbdd23fdb319195306d,2f09385c0b524113fdc24ad6a68e4478d6cf9c2c64c5415fd6f0e4fa488d65eb,none,0,0,0,0,no_action
851f5e472ceb2929991bb42bf3e11a0d0cb62774a546a9c5cc6556b3d5558930,5dd7c83021f4b5e8c6bfd3a56cea8c0cd5cd994223e1b5bf0c07f5308b05c54a,none,0,0,0,0,no_action
d47ce88e8ff2751981ba5216cad9b27c956f2cbb6816c818b100aee738950a7d,4d3f295d7fc5aa3c6f5fe2d151e68372db38a22cdddde05c1c65ef9d4a692a11,none,0,0,0,0,no_action
cd4e9bdeae5c73766de3c7b610a2882c4bedf8796aa8fb6acb09a8fdb2c38c87,0ec80dfa60e477403e642e1b2eca41910e73642a8e083e3a7aac3936effe45d2,none,0,0,0,0,no_action
f3fc5060f0680856982fc0009154c2c1340c148297d50bdb0501daae9bdc629b,355db7afd60e53961bd497af50b63c43b34f4cf6de6d7f223b795c9c44464584,none,0,0,0,0,no_action
cb71e6033c4cb1c0408c8a2fbfe2ad87c8bd6918d88cac17d1f29fc489e0c357,4bc4941e9227fe161789c0bbf995b321bb95962e055cd9f20fff99212a61686d,none,0,0,0,0,no_action
d83326d64d10fd4029ad4e8f2d6af704ce79a987d4d7e99b4694ed29205483e4,e2b072ee6a56b17ad72660a3c29137ec0ab982ac5ca618534680777d31abcad3,none,0,0,0,0,no_action
b40373d6034484e17fe29b29fc1327da0f53ce3e3df80c6ea3b34a049e7f148a,362483f69c4fc9f3bdab28d271da5e6745d5c18b1352d244caafc8ffb4482fee,none,0,0,0,0,no_action
88d796852e629e4974359629a3aa194ec6836b3537df50f0bf91a67c9f93040d,be60ca80f9996daa3ba34267db1dda1ae50492c378d5aa5936dbfcf699fd732b,none,0,0,0,0,no_action
140fce6f6c7f7adc1639ef1ac8263eff81ad039d13c1188d3ea57bdafcb41123,1938ef0c7e37a100b78cd752f492162e338e93f542209ca0ec40dba23a3f258b,none,0,0,0,0,no_action
8a640865fecab0c0f1e66b94ea43d58b18f708a9db9c00cee9d794e4d4c65b51,9ea0ad07b386778262f685421d0f17d4f1dbcc3e660e2a1ae07019a95dc91481,none,0,0,0,0,no_action
f507cdcb3e6531a2098440e77ad0bf9d4526d8e5240b5e7cda0f7ef8c3e06ffa,074d6c33f91350cd08ad6d18298a6fb2c847bc57d8dd642f72c89ecca68b3ce1,none,0,0,0,0,no_action
7f8bbf90f945d74397cfe84d99864d4cc7bf011b296b7aeee2e92a1b676feff3,a019f0c1e494c3284b017c18f106c9bc4af8018a13a833f80878426ffa4b108a,none,0,0,0,0,no_action
768ca7964ae8537dfb2a2a68be36c26704c164c9aa748649315bb95aac5b9f27,cc261d8945bd2f605f09378b31f9cf530b06f91ab49d0900e75320a798077888,none,0,0,0,0,no_action
4f9307b8ebca439767595922192ec4d4b931638916b74ca0e6f4f3119500b29d,8490b2963dbff6463bea439d315ec8787a068da50e981c9a55f598e5612a21a6,none,0,0,0,0,no_action
1c91db35642c98521bfba7126f6a0bd458ba8f6c04ee5a8c1fd790b47928a05e,e735f04894c69d326b500d8a8e700d88cd4438215357e5964ee46c45483c5f40,none,0,0,0,0,no_action
ad62dbffddb2ebdb74d1650c3dada38784a233afdb02a10e046ad8b65e771c90,e741cbc318cc241dc41cda60f5a45372dd158c2b8f1d12b3c56d7164199fef12,none,0,0,0,0,no_action
5c1cbc9dfc334f9d2eea0968d2b8ca4d9dd1115550a54235b03fb90c2a82f24e,389292add2c2813154061b4d7b16877b3b7937edbbcb949b75bafa2b8bd129bd,none,0,0,0,0,no_action
165b51a9ec41498a305122b93b89bdabc66c212870e0239959ad748b29f02826,ec571d361dd34d43e1e7f8fdcbdf19ea71d910021ad62ad30281289916dd12b8,none,0,0,0,0,no_action
1de64803b29223c0681e42130941bdb4a12598cefbfce2b6e210ca556ff81132,f735a03334c073784b5adf4bc0ad2c917df89ae6f3fcee48453cc04eb2312739,none,0,0,0,0,no_action
897159a7c17bf52bbb6a65a42d3ccd5a471bb7ef1e7558bff120616b692e96c3,d63fd8cc525a6cdfa10160a62228c23c3ec1f4fe966b35ac84262b99a612904b,none,0,0,0,0,no_action
4f6275b9a5c80781b693ca6e40d8d39ab89209b33e563e6fecd036898708aaa5,1e1c8ab4c6a5b8a6aa4fa4e6562859190c1b80a70602a4849c3133cb891419c4,none,0,0,0,0,no_action
002692a44b6e52a4e0003eab61e96b6923b71c8856dc61ee67f29d589e1726fb,923f3248479a4c90880a2a55fc8965eb96d95167644aaf197f8b78d80e99c28d,none,0,0,0,0,no_action
087ae3c508d6f2caa51543085525b4ca9782a5e34dd5a0cc1f0268aa0fd4f86f,ca5095f6e817ea72e3b26787f3d568be64dfd897121356498324d835a3716a51,none,0,0,0,0,no_action
affc22754b23853717da17c4e13a8afc113e55337212e7f98520f26cf6da7641,66d584e83c6186a84a614ba3b401658af34b80f57d31607102ef621a2c8bfbb5,none,0,0,0,0,no_action
b95241fd87e3d901329398649256085f4113af10498c48109250756c00e1ef4c,373710a5ca4fb7ac8345a9916a9b2a1333586d7c558a1218e204e4cc01babd9a,none,0,0,0,0,no_action
f42bbb7e3fbbbe8cc4d9773c0cd73ad121f63cd68e9da9c60f6ef71cd9d28ae8,674ecda5b03fe974d64943692240990c581d64fb78e5be07b44c76c2f44c3ab7,none,0,0,0,0,no_action
04fb632bf19b7b7165120db61eb938303b6264c6cc5869ce49b47d9aa3869cb1,6b4326f0a9f91417ae1bcddd0e6a108e0d8b6181d6519cae38fb6f98f1ba9fcc,none,0,0,0,0,no_action
8a0ba18babdc4e08ffeca566383ba273b6d28b152cb2957b4119406733091ba0,dc7283e044a926060a36347183085ca763426b07ad95ae78e5604e5e0523da2c,none,0,0,0,0,no_action
4b0aeedf9bb075520c32c4e5205572e5711498e82a7f64c39daf66b549e9192d,78db27257dafd404791d9e1ab8ea380044940f9e99b3a39d494cb0a445f66542,none,0,0,0,0,no_action
3b7af8087e0047e5fdaaa548078d6b5a859af3aef15976435921ab18fd2df610,b25e8f306559da3110b2975b73e8734edfd445a4584d0ef313bb7687c29415d0,none,0,0,0,0,no_action
113e875f0f483b1aa852b0aaf6a4ea959696b56bc829ca164e730290ebc530ee,df5b5a23623a52295929e5c369d2c7e71f87f092e0a2a2614344f1142081a5e8,none,0,0,0,0,no_action
b3d6054eb074553fa7d43b661b4e501ab8d74c2c4bb7a721d60f3fdd691b61b6,dc347674ca8587554602b09c157b6f0f24f5aa9cc2763475b6f9fecb2d5b3289,none,0,0,0,0,no_action
363619bc7d2cebfa168036830de3fbf055d9720cd4454dbe9a1a4635a5bcb252,31759d0a7fe5d73452da5d6f626640d3a4a15eaaa5c6f8161f2fd1611460dc0e,none,0,0,0,0,no_action
83ca63eaae7bb49f9a3acb05349a9c111059bfd2c9858927b785655a92bec091,1fefb492eb8ca0a81d9aaddcb44f1df43e23fe6988ef7da1367a317f92ddbf5c,none,0,0,0,0,no_action
01d3dbc74ea595f6b2b38e5bec252cf7dd694a9251224da0eb0c7c9478f37f40,2b2b20e3f2978a3c6710fad32dcd4892098b34ae4dee1d1b85a9a77e4fc16c54,none,0,0,0,0,no_action
671238f5d4a20ba7cb854fc2a738f7f8e79d784a8f239f2016ebdfe84cdf4e94,ba6586c9e146fc20b166e9cba8d0c77b4e14ed2d437ba4ab3061bfdb443a8bb0,none,0,0,0,0,no_action
5f34e8b9bb35e0da952ca190da722d17f6451b48d5f2843e0650341422d13c3b,1c7295007f5029d71e0717f96501fc221328323abc655c42c4ad1bc6bca93083,none,0,0,0,0,no_action
4e7078b0ad6337fe156b761b40acb93f4321a817b57e767ca62ab9ee233bdadd,277edaa0d3e6178b0c8a91b96f8acfa4b6c102d038cd35be1f5b9f791db1598f,none,0,0,0,0,no_action
e2834eec39bf1183fb3517b140748c551ba901b4ef91246dfd2490cee6249393,a571b366de209a84e329108cf97588544816eaabd46694b525ede4e6cebb2229,none,0,0,0,0,no_action
e676fa609d3e5dc43ea3ae6d2d661cf211599d5d6cccb3507904facf4be239fc,4a1b3f82dba5a8adbfb1329135e5883bb84a66baa402d21c8924c163888e77ac,none,0,0,0,0,no_action
6a249270329cb8a07a1da7196f3904043757fbbd29683482e95f4cc67154510b,3ba4005a5a314c6adb5f7361a234878483aaf87c2603262ba534ae93eb1dc23e,none,0,0,0,0,no_action
14b45a49c5437e02966d6de91e27839f4fd0e971e315d826b6bfc56d8febc084,652a34505d199ca574ada5a16cf5e9ad465db57969a8e0edd184b09723c650e7,none,0,0,0,0,no_action
227a898e3e22691f3584b97ff05584c575c75fb24bcd93ed0213d010fb22b9a7,746e61c08199e7a0b8f3149cf00c2445e40b69eca322ebc174d84d16807f5038,none,0,0,0,0,no_action
4b760248e033fcf8f5fc09c43dc994f6ae6fb23aa761f79be092aea024d201b3,0c5c14dd2047a28e725c7070f5dc22bf226a2aaa6d8a10dbe7ea1eed17237f62,none,0,0,0,0,no_action
6c7712cabfdf73835df02179de3112e9e42d95fb310c253e66da8268ebb78baa,4f5b97193051cc3b569b7f29e36ae8935ee0be47adc9d5f684f1a631c3e7f9e2,none,0,0,0,0,no_action
8c993fef24017f559cd27865e38872408b742ff660f9931ac6e2fa9ab58552e4,877d060c6d523cd3e47bf750158aff20b08dab9386a3d3413c3b1ace216cd1f4,none,0,0,0,0,no_action
b6e22d47cabd81a5275dede4625c68edf630798d0f1e725845e7323eb28f9bc5,97436f0c070d286aef6fca831ced5c8f80fbe96c1b5639142b016f7458c82835,none,0,0,0,0,no_action
f8e25a08a2eed2c7e76272a16ded4c9c6c3d675a4d94a3435cccdf4d5aea8ac4,f5581873b68ebcb9eeb801717029b2bc2ac3f6690645b5412aad394777dcd863,none,0,0,0,0,no_action
3f837e39461b35c6a20dd5d361359b18d72f68aa9ae288c6df790c9cd04ea279,5ba2ff7a3d95b1a78e8c7ca22045982ac7665d717fce4c1715b21c7792567ad8,none,0,0,0,0,no_action
fd6f4739862b51336f59d84ebaf3c6731d6c81c28f9b383d42198eabdc409fd9,a45db981af54e0d07b0346617ebb2c91c078bfb5df1c7838a45f5a0bdb596379,none,0,0,0,0,no_action
9887af8437006d4e86430966022ea7e1c31a3cd46b7416838bcfc5ec4e03d175,e0556b57b68b989319cb185fd588f893949ca3a155002cecd69ac0800f9f352c,none,0,0,0,0,no_action
a98c90e4d0d6d65681fa9f120926be7026de32bc348568477555e7bb63d8f3ad,60cb15ed8a6e552f317b6feeb5549aff343a23679dbe041a5b9d0e560bc8206d,none,0,0,0,0,no_action
a5f7607bd6c8ee4e65d139a2f3ae9426afb54e07a5402a6cc342045af9d03fe6,c6e81b7f30ad9456d342884d5ff64a715ba6f5a372efc5a1115ca7111c12c58a,none,0,0,0,0,no_action
2807d86dd93d6f6183e6be289252af31792fa4150457caf606ee58931bb8a10a,c48ea319ace7d284705d7fca77c679fbb070b4add795bdb1975b70a0ffd5a718,none,0,0,0,0,no_action
3de09bfabc5fcb58536ff3a58aeed93a1c41cf5030b5b47d95e28f680a46ec0d,2ab3a54d585ecfa915bd6f15eecaf9468e9344a7dabeaeca5b183152eb06fcbb,none,0,0,0,0,no_action
c2b071180008d24d8ee2fb48d703f3642b6f3b643ef90a14b353be99eed48592,b423c664a81534f148d896c31952f6e5fbd1247b7c47c16c9a2dd46f3c8f37f8,none,0,0,0,0,no_action
85166ed2b7bc109f9d0c8dd10a12c4f1c0fb96c9b4f41bc6800dbd6f19005e8f,aeab9c7631421702ec6d68353dcb9f4018f2659ab96a5b35e99052f69f346ad0,none,0,0,0,0,no_action
45899f213eae5f70282ba365c953f482b9728e9034b26a8b3d271f2311d54d0e,8d676179ab4091c3bcff3a77f716bdcc7c6f3895dad47e02560338c2ea0e9a1b,none,0,0,0,0,no_action
8c1c9af81f18d58b54134d144bdd55524bbf492b781b9be025c8cbf1ab963e31,7eb20e856937480a734065e194583227e857ca99709254aa01694699e14ca35a,none,0,0,0,0,no_action
70e1a263b0ce583620134ed7a95693f655a6379d5dd9de20920e09fb69a0c9a1,d2ec5a3aa8ba52864d5c9cd1b1529eb0d99c2c5fb2b3e00daaa2ca2adf1514cf,none,0,0,0,0,no_action
94443ee9dd60dd097d2b4e20ac29a3adcad4b722c95b59158d1ade06fef2ffa9,60700c7a2f20040d0b79d653f541e6c8ee0234a52e14ff634831e049a40a7376,none,0,0,0,0,no_action
5c2393d837cce1df5f770cc897e8f66767b13e6432fa6951353f8514c6167891,8d60530a5e9fe53bbb9d6357f6ca07f8a8e839408d872a86934e98cab2af0a4d,none,0,0,0,0,no_action
0bbd3c0b0f7740e325d65f7cd01cd739ddcdf5bce23110e9d58411899eb385f5,6c31ba7c2c13ac7a8ce68d8617835f1af0d90d3ed84591e8b223b76d24d7d543,none,0,0,0,0,no_action
3b41084103020b31ef4b5409e7534331aa6c712eddac08a19b1fe633482e2b6d,c9a0c9800a0877078ee99c7101f98e63e8357cf7f42e445fd0a63a1887c9ea4c,none,0,0,0,0,no_action
10a7fd1ac6ecd7de840ada5a170cdf73eedc74e3540a3c1c376adaae1e9b1ac4,621f26248fa5e264021a0f824d03eb341d6e33afb2b305c33ce4647de01b1b6b,none,0,0,0,0,no_action
ce0d68e436b51f14063e33eca2af8038889d9a1ab1d0a34f0f603c1f7c66546b,0dd760597c985a323119363137bf37a5a56acabaf82471400662d229cdc6c327,none,0,0,0,0,no_action
31e2ce251d3f87274a7691f9e8abb6a93c6f26c42c18c5fd96a90d94c2ca2a2c,85496244b86d5fbfdb73d318d57d9b55a7e6d7278a8e265ba509f76f6af558b1,none,0,0,0,0,no_action
b18f76fa64fe0ac12314a60ec46b64562c49985ff16e1274f129bf730ab67e6c,0ea8cdffb52b29848bd683dae1bb33c7b247ff27f537fb009ab6925b34910c0f,none,0,0,0,0,no_action
f17f7752027a4be4503a8f2e4ca83e178b28ce1b317ec4819e68f03338def83a,3a75082a680011eff98921dfb83df1cae07a98a0313fdbaa913fd718b2e58966,none,0,0,0,0,no_action
d2e329973150a78652e1451f785c5bb8a730c5a929daab7f73d60f795c0305a4,4af511dcdeb2c9ddf80b4fe8ff11b866534976f91125966dbcf2269f8002ad97,none,0,0,0,0,no_action
81ea3cd8dfa03ae6d5a5167798cff2ffa3c3fcbab063023a8d8db486142354c8,18f5accb9b6d65093756fc5074b63e66d6743d4093c41903ea81ef2e2337c638,none,0,0,0,0,no_action
be354e43a96fcc724035fcff6a64b75af1a12b5325f1fff9f207ae7f0999c53f,4bb5eae187f1f2d6174ff72db7f98fa95cbe14a47acb828adb73a662212dc6ea,none,0,0,0,0,no_action
b462d2cefa6602b3be410e608b001f171abe95ba7889d3ffee49df26e90745eb,8cd5e5e41f5106298d28b7c6363ef75510a463e8e181156cfb39e3878e2081df,none,0,0,0,0,no_action
41c372f8d89854696b2730a2fa270efa1ab70f0cd94bbc7e7d5cb5eddc2fae76,28b64f942b07e5362e0c5f9ac3063c820c263325549fa81dab04b216d5c95864,none,0,0,0,0,no_action
c30aed906275e08a682d184f999983e864e33e976bed896b07a8dbfc5f675e65,ae158cc7bf9dd64c6ce948b1d0f2c7ce4fb14773755bd182358469dfc2be2d1f,none,0,0,0,0,no_action
e3c8b3bc8410acb5ef085e9f2ac8376d0942e29c414d0f74e2ba2cc285226e36,34f8354ec95fec4c18b5cf95a628209d19257fd9b257437b75e9b384200beebd,none,0,0,0,0,no_action
03395780e9ba1f930c715ce8e291f195d288231ad99b542a8b912c8278504418,6cec0f0e2813fd8723e1ef7378af39967cbda28e5393594443a02c3d785b0837,none,0,0,0,0,no_action
5452cdcbb021ae7a65c6f6e6740602092cae6ea515862860ddca3c6d250a67dd,a42ab9653a1566884939653cda2a00d5c806e1ac5c44b9f3af710e917ad51657,none,0,0,0,0,no_action
4c53781247ad8e3f81ea06d96ac57bca4ceaf674a84ee3bdf3eab54a9c685527,cb3aa48a7d1e032e9e1f66fef7841ea9234e0511ea2cde6b49c3b04016c91a57,none,0,0,0,0,no_action
046c58e5e63c59e8b9be0d9d5c8fdfbbcb1ae3dd31f9c701a7580464a011642e,b25626a0530ff5c86bfb1e94fae3aa1d29b93137331946f1f8dd94bb76997ee0,none,0,0,0,0,no_action
629b24ec0cb2f8a95c016f02f1a89b1cf8a104eeffa8eb4fc7fa7b3659351304,ce5a44f5a25e2e9631035646abc44dbb9362f8362b5b11ddefcc2e32294912c0,none,0,0,0,0,no_action
0bf7ef8684ca48b091e93d204a932e4eaf442df39fe18f622605e1331555fcff,5b31042e927839fd5e3fe23ac1aee47fd24b07de8eaf418e6c6f3fdac01bec0d,none,0,0,0,0,no_action
5f8747a5f5d8e307bb69c839576586bbefd360dab1e78f6aa6b59058513144f5,eb7f289471cee46b7239967f45199e82638ef082be7812f052ac0f4de558c5ba,none,0,0,0,0,no_action
5913c3bc52d11616741b99621f58cfaec5470fccb959c3e9449f0eda41a269b2,1b764a49b733c7f9951212bd7099aa11b70f580b3d962962e0f2d5697d211551,none,0,0,0,0,no_action
8b1ae08a47f812ff0ebd1e4c81c6f5bf1d2b01967b842869615e235513468a37,8ef332d957aa3474404c3889f028b28c8fbf45fcadd47ddc9d2b5aa3f60b53ff,none,0,0,0,0,no_action
276b73de7a902e53c39f37a1ff26d0e3e9786797b06de9edc7500257df058bda,54689ae98fd87a0d8137d0d3e1297b35b1b48f6aa18d33bb4e4daeb793850ef9,none,0,0,0,0,no_action
b56ef65be75c9501e00b35caa92849b299598480b86f67e4c339a8a3f4401708,412b5b347f0c2fc23d77b2caea8882fb222e715c759653dfc73570a299e45d99,none,0,0,0,0,no_action
e49cb97f7deb2b33071d7a344d3d40308bc48bb9aa10b4cef9d11f0a747eb297,dbbbb996be5461c795487203809b0c3b20a59d2820faa77d48e3469b13f10bb8,none,0,0,0,0,no_action
1ae4329ebcfb10e032bcc5ead28e05f64ddd03c16886b250b9a07b54d45aac43,1071bf02ceee144d509b64396eb6f70afa79f46f765ca2654268b60e2195e036,none,0,0,0,0,no_action
ce06ce76276013f3b74c34230d530355d6942322f05eec9a123ae5f40789cfd8,88a3a584da62fea20ef260940f4d33c1eecfef345ae514e53d9ff85410ab5b04,none,0,0,0,0,no_action
c8345a3409c6ec614e4a056d482ce03351b49aac5ef8b41bd3ea7fe376694826,b3bfaf4173d7e3c9339304e5b88ddb6db2ae16d72100841e252026bac5ceffc9,none,0,0,0,0,no_action
4d59d23490fc734315049fedb37f8b4a5bda0224244f42df395e148739171e95,e4e612627a7799fcac538de5db70266dfeb745b2720d50a216ccef5bda8d7beb,none,0,0,0,0,no_action
294adf5f58784c151c7e6e1ad18da72b31459cfce0c4cc2b2606852918f9d4af,76f594fd9efd55d13689e0ee724ee1699395c5826a5c3f94eb620b112a397ac7,none,0,0,0,0,no_action
8194178e9b10de855ca13c9c3c3f4a14bc51a36e5aecb99742660c8161dfb9e2,da0011dcc6c251a90500877ff305369f416d9cde05c8859ed384f974c4216d68,none,0,0,0,0,no_action
282f88d65ab7745b48646d6524a8c5d4075aaeb888a64791b6a43516eba69e9b,b0db482483fea74bcbf362267f0d4d9c00c2c62c2eba2f7da8948045e1498429,none,0,0,0,0,no_action
ab3269c1d50f648c4b19e7978a1898bb99f59f498067fb32c8cc5ea644f85c63,c2d420d3313bc13f4ff3a6ec1daf7af7af29e7369b9924602041619630d267dd,none,0,0,0,0,no_action
d0bc29e1d7be3830d4ea3be392036aefa6060e682c1791b84dc39a2f8ebb2579,64843a2beeb8e66ba947d8e5d34307524e7b264bf0a2dd5bc05ff8d164cf9589,none,0,0,0,0,no_action
24e8816bf05ec5a2b260bac197e08929fef90d930aa2c1c3e7ee84b42e3a18ca,5829de01c0b3ba016767dae89a4e7944714c5e640b47e926cab194d47d4cd697,none,0,0,0,0,no_action
2a7543c7cfbc14b6bb7ca979c9282fc9db8df22e33de78fc803253d7de16fd41,910a4c2c6fef31192247be65b28b86852eb471e563eae29fe31b84a16b776e9c,none,0,0,0,0,no_action
90bc5bb794dd5340738eb7b53978ed2c06eaf74af744a303f76b4a84f9cfe54f,98a138d68baa7b6d358192f173faaae7de69da445d3b5a91ff14ba27bf19300b,none,0,0,0,0,no_action
353d3eae1334be955cde33c936998c6b1143a318fbe3a855ac1995f0e4ed5bf6,94270396d70512280ca37cf2075fc22a9b4992ad0374cbddeb872cf80e599a6b,none,0,0,0,0,no_action
6e2de76ab859b6f4328966c82e1abaf3a5b31340156cb49a4fce581a034d65a4,ef9ab7a7c534383e5a9a2379b42f2481e203a7ce0c34dfc2f10f8090f585e997,none,0,0,0,0,no_action
02ca3c064ec82e8447e954ed72837d242108c31440df528f2656a2dabce1172b,daa3e035bfdd522a225841a1c628fb7b455b18f11b7cd317b3c4b46977139575,none,0,0,0,0,no_action
d942473d30c037006cfbe8178c41891f69d0c3df00c28dfb57b7bbf1e396ccf0,a532f7eacd87be0cb4ec6aaca918a815ce80f5c03364394422cbeda100b75223,none,0,0,0,0,no_action
07d6961ff652b6b16edb73cbbfa38170c356076aa7efe5e082cdf8d751f3615e,2dd6995d8640618e6e723aa09685f3c2dc2ef47f16f6971c85df21eb656a906a,none,0,0,0,0,no_action
f6accd8ce0f65d529e8291f09427440201d3b56fc315979f65de65d99dd0c235,39ccc14c1c71b8bd5a52544e3aee4feed94386dd9589e7faf9a24140dce76a6e,none,0,0,0,0,no_action
ae06ea319718ea9e712dfdcfa567ec82d26edddd221ec77a2a96a75b7aaaacfe,e39328abb937744b8d6800503f16372537f4f115513caddae009d51f0f2a7fdd,none,0,0,0,0,no_action
861e5b85f52d7c132893b0aec8a86f20bdeddb1ac9b147945eda05956db25f1a,dc7495c8013100d27377ff6116a3d07c08894ae9af7e3b15eab94a8154b6545a,none,0,0,0,0,no_action
27988a554791914aa25d7806e12c0833899811bc2dac8a4c02243a29cfceb20e,2c3070a1e700531b3f6e7971a1d6232d61e0fe58f34ba1112ca4880926e51a95,none,0,0,0,0,no_action
283fda81be73b6d038266014d424ef2aa51597c7185d8d0198d37ea43240a8d6,ed6fa4723cf6ded1761cc700d2da2a218a5d7e55e170e241aa81d808bf0cf058,none,0,0,0,0,no_action
2cc606a705574586cdbc665af0ff12a84b5bed5ddd50425c73ee596fca9f34ea,75c442dd4c7ac449be551260b2bc645bc765c4cbfec42802318809e88928f11d,none,0,0,0,0,no_action
d85d04cbeea94a9d8936631508d12f618d24680a488d18a461edaf569dfb6cda,34e51ca623a1ec7e6cf511db78ff78047994362611054c792bd9636a56e37da4,none,0,0,0,0,no_action
073e5dddb6dc4f868f20b6cc626550a140e22c5a7e2b6b5f8105e4a4c344bb90,d29a0490a8773a09f33f5c65c15cc175a4739316cd2518bc3cab3cb7c087cdb3,none,0,0,0,0,no_action
d440fd4553f44a76e230595c60758a2f307e5a56a2cc52214efebe86bd81894d,7783490a9c6114f18277d0fb9f299d2593e9928fc290b900cce1eea573d24375,none,0,0,0,0,no_action
9aee2a1b5c2b2e166fa4d091938f94599bbfd4c524a43584b128ec06209696e7,54a1a4d8116b6527d9bb1face279b4481b29b799a023f097af9f36caf7f18c9e,none,0,0,0,0,no_action
a86d7e281005b888feed7de2d3858c5da48b6e4dcd81290f06ac6e28658da3f8,d51f1fae38169a9f2e82c2bd66af923cfa3509c8695ac0d28130dd10ba2a496f,none,0,0,0,0,no_action
e867f73aafcf359dd07324b6f7b1cfa8bc9ed26be452276690dc1577feaedbd6,3296e779962093c72e02da11c2d16e2a126a12325ff73ffca8e85d8357abcdf6,none,0,0,0,0,no_action
fdaf152e8904d36ad479afde6db664fb7927b9fb6e65880eb27db28fc586786c,c565cc12eaf69c84d6b55463f8b324dde83580147d2c54ce8f49bf0052abc24f,none,0,0,0,0,no_action
c8cae3acff3dc22b44d5a7fa9641c36aa82bcf0db8636b4857c8d945277944f2,1fe77e64e8d49a2a5c5e143854dfe31d1fd45930ebcfcc6780f5aa6633fba86b,none,0,0,0,0,no_action
ce3e6a0452fa5442176e199fcf04239e5a5229f2bfa2a02c1108f30d0c28a7c8,4f451bdcf9f60035e62db8ab2928f91f77ad57cdd56e6e397bab7c6de126f6b7,none,0,0,0,0,no_action
b841fc333c5de1b36d715e5d27dd5fa85e65d71ad7523cdca0c9aae6cb9d082b,705ce94fd5766ccc187a3ca5d817634a9d057427d92b7dbb777780d60fd458f7,none,0,0,0,0,no_action
f79289bc847dcc7c9c340bcb5fcfc69b58e41a75d18ef5b10cbdc8fb8a076c73,84675d8d697c3d91ede565f2351188299e8775864ebc03bbb5f38db24459f3a4,none,0,0,0,0,no_action
077335ae36aa9991e14e36026da91ab784ba22fcc99cecdce19c83dfe7673d5d,92ca87075b4c1566e3e67317f1d3cb93e38a1c40d660abbedb1b53399696dc7f,none,0,0,0,0,no_action
ad2926cda6a9ac4af66bc4b9bba80a95549d39b37812fafa2cb43209029291d2,e5ea34336a46a7ec589b40c350d4708e0497fee0f5920ba25acc735427346c3f,none,0,0,0,0,no_action
364e1ddec7e560d7163a5c7f7da2e33bb95f43979b5402bb6e9818a3b8ae467f,84dfc44ab62b916572a8c7cd49503224c27afb546dc884231904852d238ab7aa,none,0,0,0,0,no_action
3814b7a27bebec193ba6dab09e7fe8f0c6cb7750157704a2044060304c25684d,cbe7552c2a572c77d6463f19d0180e62602bdc9f8eedd9e08f0c88c8f2fe793e,none,0,0,0,0,no_action
7d436123935363d9ba6f975feefd195aabae8e38d56a40e3b1585e15be852fac,0f55ba8198790221941453a1e5323e5f1dd7260dc4a83cc775cadb9e89c88838,none,0,0,0,0,no_action
0c5fb4b3175ee210bc6825b5f2c4d80c0480bc7ef3540598e14a466f2353f53c,fe1a343fff85e20f1362eda218f836b985c99f1bc076bfa92410ba2c526d26b7,none,0,0,0,0,no_action
f8753446bee7d45db67e680e80f57e22bca113478910838d0fa429f05af96e54,ab58a89a6a9f57f41fa5c9f30434086bd2f26f712d8cecb0743809313618fdf9,none,0,0,0,0,no_action
56aa1ec3387317e7b8697c20195322c133a7dda2f995b3403f5baaf754b44363,0201d8578dc1d4368f556b21d08f56b0c83c65de979319383d94f291202b819f,none,0,0,0,0,no_action
9d51a269891b79cc1b421a3dacfad80038909262d1cf5f4d13b384a66804e0d3,db4174697d0088a012af4a0bd041459dc42a0ad8464283a3d7ee436b39c43edd,none,0,0,0,0,no_action
fc5e07bdf4589a11187474c63ab5f91cd4e6b95117c8824d4c3d34ccbc0b0acc,ff3b3af83659793d48f74b7cb0ad86dc484243bc2ca08778ad7410b8f8a08b94,none,0,0,0,0,no_action
e0061bfd9c4c81ad5581b3856699de158b0e45b27fb7efbbe1c11da9dcf1f6e3,1a2efd454512dd67bac484b60ccab7ac26591e09b7224499a6abcee502fd5e8f,none,0,0,0,0,no_action
62c5c2d154f0b698eb8f74a4f75942cc896383c9100d89001587424fe27e73a5,555adc363079529a5aee351b477f0efb7ea7b156a152156c66107e0b3988b2ff,none,0,0,0,0,no_action
9750db386b18e56063bca2f7f2ff1ce9b75b6d92e917da586d1696e40c4418b3,e04ff80fc2fe9f107dc2db3c7ea4cab02f99eea4de66df2c128d123606fb4e65,none,0,0,0,0,no_action
000556fd186ebc62b7441cd2351bcc10e11d6ccbc7e8c44e014980cf7767fa5b,d68901db9315e1a1289b89fea13177a26e9d6aa2d801edd1f71fc9ba0e2f2c6d,none,0,0,0,0,no_action
df4b16c6c72efaedceb645707c07880e1f3af2149aea7ed91934f8b3bee76a58,87f2c6ff68006698137c344d79442f5de70262df1932ec28502d6b8c8e8c75a0,none,0,0,0,0,no_action
6aa3280eefa4349baedc3544e39539b7772c5980321efa5116cd7c99f2cba0ec,8e76cd5191cf35c8460668a8423be8052e6d0669d5d4af31fad8084fc8780680,none,0,0,0,0,no_action
81721de98c2be702041c6ab4456eb53539a3764ea0f00e886dc1b45749bac663,c194a5e7004baf6d32112a8ea0b2aed8187ed1986d6b8303456816e8bd76ef6d,none,0,0,0,0,no_action
099ae2815305ad59dfbff8894e4008a36d680045441504516fb88150ce132620,36d3b5de9273b40ed7e07ee087bbab6ef03b40569eebd34506d9263088a79f19,none,0,0,0,0,no_action
97adf2d8545a5b18e9941c64aaf1ff26508ac20bec0416c4a2995641d8ce9a62,a6a6634d306379a86ce074de055e5341b35ade2802adee544834666a0ecacf7e,none,0,0,0,0,no_action
f7043ad95508f9ef7f2caa1be637c38c3931edd27869f2f9c94ed5bd417d31d1,80088501f9d84a730931e7aacd505d268ed3743b0dd2b2b00dc8e82d791c3a4a,none,0,0,0,0,no_action
8adb2942317096ae57f92282441d85598467289f6b9f232b124632e65a122797,333fc58c4e34f1ae9d916bfe301b945761375fc809bf65527741d339762e6b2f,none,0,0,0,0,no_action
6d4210ee3a218c083d0a366935569b44a7fe94b0382c109130e00e74b7da8e6a,0f8aa88bd24c68738fb436748b5fd3a547dc4d329dbb4668729dd5afda767e98,none,0,0,0,0,no_action
752508e95c501666b411ecfcbd7198e1040e8fdc0eefe11256138e39c38a78cf,c979eb2fff1950c2e75fe0216826c2a9f08414e41b3d266a360595674e81e28b,none,0,0,0,0,no_action
c542ea8aa380a671e5824b51e785b52f876a9b199ed7d3e36b9d808f462ad432,908f05ef3f93e1e335b25d4562165a5332f3b238b92cf7071031d7875d6c1811,none,0,0,0,0,no_action
27bc1189c314c3f5c71f78e82fe0455846026211f07cff75561888c4bf7629f2,51872178849a7c6db886358178431f5f13c8e018cea40eec34a0b1ddbd510071,none,0,0,0,0,no_action
ecd93237fde834096a9c4e6ce7dff48593058c61c63dc1799e441b0bc4ac51ca,4b20ff688d4e00f87d9a679ff172895da232f73a7dadc9a2921e42fa6318e8d1,none,0,0,0,0,no_action
63859cd841f4141ff8ef84a114a14e3f687fa7d65f153a4309ed38bcdbea1bb1,fed6e0a3a86c5f54da7b87d65f794d7b8ed8a2ad0278029160fb4332d6833e42,none,0,0,0,0,no_action
40abb37b4df545423a54413a64f9abb36e13dac735308cb5a688b43b6225e57a,af134d1f66fb3003f6964f2302377f11bed0053abea28013b60d28ac4cf855b6,none,0,0,0,0,no_action
c73e7d3c39f752f8d6153f89b2cc26a6bcb46e6cde8012891dcf2192e1d187b6,b7bf7d11668c3e9b87b041c6e415c3bbefb5602919e5d461269c041bffc15dd3,none,0,0,0,0,no_action
ace5c26f6b4bc63ced013e1773b8413dc7b66e0958b3ba72f78c0949137fe3d4,43a2f8e84cb3f1541119305b015be10d4edbfd9fce51fa9530cf526febe2597c,none,0,0,0,0,no_action
6c729557e20b7ac8617a4b1df2c35822a5eb6df26b7ee1a33dc30ac72f787577,e348f36bafd0d1580776c2bad8b4df7fa9d5efe2f3d23c65950c898d03b4070d,none,0,0,0,0,no_action
397e54e27b580ebf13a231901a715b9d8e56f80354f611f79da4a0ebf327ee55,b01bb238393ea71239751bc7e76a40b41b0e33c3639f4933be0d3b183132b218,none,0,0,0,0,no_action
5d35b98dfd4056b6252926617303a75c39f110b10db58c16db0b0e65fec9a1f6,6c5d6c21f7d0a221f73fac779fd1728cf6207cd6e474ad2bd36cc1598db31087,none,0,0,0,0,no_action
2f0519dfb5e213fabccd7c152ebf514e8e14b05acf8f7918955df18c71628e4f,66acdca82f315e234c984efd8df24e58969ce42d3f1887740a9a57f537d87cba,none,0,0,0,0,no_action
8475471e10af08e639d5beb920f1eef85b843d45ab26eff7c6f4367715ed2ba4,5c6febf4e0ccc8069b309b00b122a243bec4a23056171d6c6be967a93af4c5ce,none,0,0,0,0,no_action
4dd5550f3da6151b75517459c01454c24562ce1f0578bcbfc9d1260ef39ce6b2,d28ca4a568e68387d4f7b43610d013e0b38c9789855314f83a44769e17ad2ff7,none,0,0,0,0,no_action
935efc4908a754e19a06b18a9b7f5360c6096ecfd84a1139d252c31e4892f9da,f678129feb5b9a557b1d706809bd4c5713f23a9b5c14ef05aea248e4af816270,none,0,0,0,0,no_action
0b532c8b3512aa439f2f901850a9bdbc43ba8568366afdb984726e0ce46adc10,a5afc218427db4abdce11fab939a7c40ecf0c7d1e44b3a5a97f1fa86b3f31585,none,0,0,0,0,no_action
1dfb4d80bad69f28914f450975b94060f8aaedd8fe478c24abe364f4b8e58b20,2cd8c31347359aaa6ae84b260c31b697f654e525bef0574f7a37196a9f6f8f84,none,0,0,0,0,no_action
42c889b60bfdc0c0d9168b05136740da1e70c25b8e9ff52cdf4ca33803652994,dcb2d1e793cb863d5426d2e87d79e3a4f96dc9348f4776cdeb4862e92b45e0b6,none,0,0,0,0,no_action
b59cc677cd90bb4a09d9a0461492ee30c6d0946d9f25a8f557b70320f87d2c64,c87ecc502f5954405b4b48428e8cf3e6ff0facadd1c3cd2d313b7d657822dbbd,none,0,0,0,0,no_action
66b7867aa885598aecc400eb8413bca3585c8185f102edd30ef5f526453b15c1,db80045c57105170d8903d3a4dca2049fc89b362b553e35beb8a13e7302a4504,none,0,0,0,0,no_action
ad72477d29802cc9b624093843ab4bfc5c769f9fbe5d526a6b06b4af9634eb74,4c85322f34513b23997ad30a224f07e0d8cf45450396dd869ac02c7d95878993,none,0,0,0,0,no_action
bcc3d2a5bd6f33679f814b23ab884c4ef642d5969569ab4c76f763deecae3616,8b26af3ecb634ca3748d1c3b09295a812a9f148896fa42ef373aacfbb26c300e,none,0,0,0,0,no_action
bdbaf6af31ce9f599defdb1bf4d82ebd475ff75347abd3556b6546757c40654f,35769f663c6368211dd28f1ffa4cb5d113ff40a0346a193693da0e8d29a9a2ba,none,0,0,0,0,no_action
19471fef54334cf13e886852e3dc7374dc4237586e9a3261b7418b1ab501a44a,8cd0b68380662ef97462ccb4f004828e75192cd9c5bbca557d38f550d5e809d8,none,0,0,0,0,no_action
3aca027be3da39ad0eb124b55bebbfa11b2ee78c0ce17e1ac58982a5cc8c2d67,c1df45451a936a835eb2b025a65ce7ebe345a503cac4bbea2d984d86b5c78050,none,0,0,0,0,no_action
0e9eeefcb1f956abfe38d4ac062881d2fd8d40d9aac9d22eb8b3e44c6c5a17e5,0ab2936f0300109df0e72003f91dea0e8c10958db594ae68571814a19d309a77,none,0,0,0,0,no_action
3dbcd33c1d242d41b86420b900eebfd2d6a44f07bb3324a8c36f5d5af2eb1d82,f89be3168ac163101e20bba8c2c5778cb9c52473775c4fa9f3d6583eb8aaed1d,none,0,0,0,0,no_action
8c046936a8174f937c3d380fe4da29622afc6a5ed4f9495f83958de146e968fb,eb137b247d0eae36a227721d24efe5df27280e09be50b14e018a990c35ef4611,none,0,0,0,0,no_action
f27e1e0de8dd9fcef48e304b4d36fb9e5b07ab293e09c4552797f7ae3b647566,7fc4646a07d897aece675949bec955384dd7c6760b6a600e5e909a156b639d51,none,0,0,0,0,no_action
dc1f02629d0a9bcb0cf4c7317fccf5c0000790204eb35c9843fc3a7c768fa5f5,9755de82acee183938422075db83b9394663945af210414a77acae478f2d722c,none,0,0,0,0,no_action
ad039023cff3dfbf6b851487d01313618165a77e143ae0cd1f7a55ec01c10de6,19822cc9985593bea186e57b1de193e80fa599282d6064bd2ed7d75f6ebc0c0b,none,0,0,0,0,no_action
7cad037e6c9296655dd4168b3fff23c226267bab4c4571efad1e72ff9f6fe02f,e7504afcbeb51dc1624c3674e4857da27a9e98b081afe1f7beb3fba34a9c8328,none,0,0,0,0,no_action
1ce8bcc1d181828b77982a36ec69697ddfdb4bfe76033ae472d92a8a1095b59e,a783cb885b016e4f2ec059b9edd094bfc6048995b18cf13d38ac03f885737959,none,0,0,0,0,no_action
ab237b91fb8ee40c421ee776289d5ed91e807fff21c7dec62435a2addfa00d7c,110b77f2e3235e81fc956b936a1a6995156d6956cc14512655229b48976c0964,none,0,0,0,0,no_action
aec8afab63e987a91cda3f03e293794d48732993fb960f6105d37f5d4b39be2d,5e908e63a6c67fe5cd8b45e8078b8777550ab9c97a10fc5b833e50a4317d0550,none,0,0,0,0,no_action
a222c98e26661908002e2dae3f7246c322e7082e16f41638b72087c52cf322a0,1dd132036ae2dbac92508c511fd442be504be89c6f9176b67bd240667dea29ce,none,0,0,0,0,no_action
4d61391f8a468132174d734bdbb0a82e31080b813b54784b8149dd979e8171c2,b6921684628f13e60debd1eaa425df2703c43d87733fa0f923d20cccdaf83b00,none,0,0,0,0,no_action
3cdc68bdae16e201f96db23a3fd8dcfb5798e290be6f480e2ffe716f2c7fe740,3a756ee64b5afefa1de6a96fbb0b67c1a3570e3725fcf90ac301e0625d968ac1,none,0,0,0,0,no_action
8bb409bd1aff18e0fc9a25814317f31f51b89c043f647e67d5d6b32840f62eda,272a12247ebcfd25d7921d776f32fa089d79d7f3140e599a5ae7741b95a11674,none,0,0,0,0,no_action
3fed2ed135abc760ad0ef439a9997df42f2488a25e4abe10ca30c1483d9ae0ca,48e85087be0b228ae5967832f9716c8be7fc920df2fc48fa689b110b7a93eefa,none,0,0,0,0,no_action
f7431d382354f7b0a76f174cf9a0b6e2f0ed681a99808d9458a21db43396be6d,f0040d316901da3d96c350c33c778c7dcfdab5817ca5587e32dae447d0a113db,none,0,0,0,0,no_action
d848f49b80adcfe5a91fc8ed0b811e018ccd0e1f3561ea4056a99bb22e373ba8,b8f26788ba847c9cd01b7c9b536977dbe564934f7966d7cbe612aa09de5d15a0,none,0,0,0,0,no_action
2423dfd9875ffa86035a011fa6501ea9eeb77e65e7cb0dd6a995201ff5dde344,334ba18408c5c0a6875a1eb4ffda21dbf212fdbb59e99dd18b264cb3b5c68f2a,none,0,0,0,0,no_action
c1779c35cc6cdb00da259a8eb163753cd8393e674e1ccf422a0aa681540aa556,bcb3112393cbc2096697247d752a31f53c811b9679f1d53060a0de4679084205,none,0,0,0,0,no_action
a16588755ad973bd60b41892265939b5b4b61f8a7814cd467ca858f577133b5e,2d9b86d0de9abf32f20413c30abe3d5e6e7830055633b699353877104696a773,none,0,0,0,0,no_action
3f7a1016da884a099a603cdd3c89f7daafe725dd67f2f22051eab5106fdeb1ff,c5a49ef59cf14fcff29a81e44f3f96d184f4550fdbdb802dd51a25b7b8c7522f,none,0,0,0,0,no_action
30385b3d879132f592401e0b0188df46207f35e3743839075ecfb102a5e20575,d5a74a397a8bff3a3bb6498a83d91447ce78218901134a7946da1be94b886e1e,none,0,0,0,0,no_action
0deaefca036661dabd2eb7d094041fb742e712ffc6b08506ffea49203b176ca4,368c5e8852302a7d21d6c52a6b53dc2ec00f7464c522d7aeb8c5aecc3ec8f0f7,none,0,0,0,0,no_action
467c8cb4f59e3eb377b70e1980250bea9005ca973d6d3dddfc807b38eecb87fd,a9d6cb6b2bffe24bbadafe8fa1ffc473612884e890abbab4022268c81be67a0c,none,0,0,0,0,no_action
36e31fef3d948aa0732005d5baaeb044f9ceb2ad649518c051ce276ee576f903,8f6092e7e420531d099ca757736060d33ceb4516e824dc8676b0b682b2a717ad,none,0,0,0,0,no_action
4c01e563ed12583a878fe54ed4a8219b495f5735173554cfc58dc0262dd4fc2b,d14aee7c6894472a7263f21c0fc550154e8d8b5233c5126f9a2ac5737a959cdd,none,0,0,0,0,no_action
8ff5c29f4f51fc572eb477bcae4a53b578460d5f4bb05da99af4cf6d352fb7fe,f38f88e27caf154efcf1f373ced590759a01776f3df373066614e195640da81f,none,0,0,0,0,no_action
11ca0d161aa7bed7c850ae8778bc82106857bcf879b52f23acf06dfabf71641b,f7022253262dcc683d7a3b55064958aad2d9716c6d4e4e8739a9384953080a48,none,0,0,0,0,no_action
9b5461144a97c38b31ed8401a7832f8d44b0450025968aea876fdecf91e0e881,c68c049abb78095ffc0382f4eaa926a4eca7eedeef91d60d5d6033818105257b,none,0,0,0,0,no_action
69539fb31a05c63612c34b32d4e03f9a9f820a0f5a2af71f0166ad90d2afcd75,acb94c5b33ed3e7fe78df37b499cddde4a1e154bab00f0fe68022bb0a969a797,none,0,0,0,0,no_action
dca4c1dd10aafdfc740edf2deecde052d4b4bd6d6876a3c3988639da6df914fd,dc21bfc1e56b4f1a363b4b2ef68f02d568b766269cf4612bb745527147854880,none,0,0,0,0,no_action
26863e350e59d859dbd9ef0bb93aa8f1762c4e36b895a82facd74938763d2674,6ff94d91204b9a94b5de6915e226f8ebb9c1234e67a172a92186e0828387b920,none,0,0,0,0,no_action
df1a0609e3f1894693e2b115146653ccc319439bc6ba915ae591ee5863cf22b1,bfe2d237a781d13d017295d9e0b02f09a7fef0c3e23f8a8d88d0f529f4909d2a,none,0,0,0,0,no_action
862212cf1643552d2e9549d9c4818fc4cafe800e66e96ce964f3c4731905cdc0,369a1caccac975265ae3debf4812f15073586c8c75b28b694b75b577784be08c,none,0,0,0,0,no_action
b273b553b7d5bd3c2fb86302241e312315619f42b3ee4b7eb756a1d235947e44,b5e166141e20137dd1272c7a3c5c36e33ff372e8c58a572408f368bf7280ade7,none,0,0,0,0,no_action
9505f6109b4944c27d377fea8a73fa3445fd1a1a65728d70bdd366b38a978f4e,152e8cbef218259deda4ecd3b4cb7dd02534e6209c2e644812211e8db1409bad,none,0,0,0,0,no_action
64a1b2a31ffa2f0c2f947a499fcf4fc9f33dbc59292bc102d0bfba1e41405c10,f0751e63ed48c83447f40d925154db2017d50db6ac6ae9874bacb0978adbc9c1,none,0,0,0,0,no_action
a28d526971addd7cc2579221b8d36fa267385648d94abf7dba4de089c9b08533,96708f73ce1d0f9462214d8f01ad2a4f466871a0df07baad60e46cd56786e18a,none,0,0,0,0,no_action
b11a7390a1cb9ed3bad0e2cb2477438c27e713cf31e060ccb038aee7d6a0a14a,196f93daafd8f1a415d03afa0db42241a2ef7e02376e09514b98a03dbf4f9d05,none,0,0,0,0,no_action
aa2f35bf2015e4df64bc6944d776ceda234ab2bb4c082a88b7b3edbb26eb726a,c8ddc8a1b8dc380cc4f48160a7e9c3a99cfcee6b8433e0ecd8f995bf1ec72bbd,none,0,0,0,0,no_action
f566c69d116b4ae43c198b8297e1db6400e613dbde26199610e8b6b8815b1557,ef36b59e56260a755430cbd9287310aca2a0547703e84bd94ca54bc172548462,none,0,0,0,0,no_action
95be1dd15e9075a8ac0204a485a14e5ee13614a0d2b443ef86e8f4abf80ff5cc,2439cedc6f607e3c799cc5ee908ddb1564f89ad6d066669ad06988aaa682ba13,none,0,0,0,0,no_action
4f5e3c8368b8e244c6bf6b41b6d04a3bc8c6348128ebbd224ab18edbd1230ba0,b48788a8d1842d8695fb39089d100fa548c6279e91ac7119a993e3d6a080b142,none,0,0,0,0,no_action
52c5700a3064633502bda3fc8ac6ecc16da970bdcf41ff85a4523bf7feebf800,9771307c8b213c0d88211e8836d1fb08e21f32b5e0916433d1bca006e0d27c46,none,0,0,0,0,no_action
9c6ae532bc1f10d4b8855cb5256ccc2af5592fd1c3fe748ee8d10cbec2b42b0f,e609447f774a4d7b766422189efddb99ac61485acb4423c82f3653f751130f26,none,0,0,0,0,no_action
80de5fafb84c07e7f09240a68992c336c990462c26b86ee28618f5ae1076c71a,7cedacd704c987b87eec0ed8b7422737273815b1b7382277b305bb066fe30e0f,none,0,0,0,0,no_action
35f6a713dbebc57cc9a32bed81f5706c4fa95a4dad1a03918c48897d2fc8740a,b5bf5e62557c060dd1f6f4f9c86cad50e99ca1719c177a2240a6b2b51f3dc2cd,none,0,0,0,0,no_action
9d747b12f21bee0b9bb2540ede5eba78ab61a8fc325988077bc53f49e5169621,6c5c48ed5748211f4bfbde207a2a666b47ddcc7a34ae1605245a4561ccf27cbd,none,0,0,0,0,no_action
8efcc57e1e70c04ddd8b2013d4308afdf50a69368d26c5f897105a5fd5896508,fb35d9e2565b1c4e74b6cae1615e1b92f3c8987a3c41c6c0e13b15339e1ea11c,none,0,0,0,0,no_action
bc6bc4879bbdedeb49d894474c114937edebbbf91b7fb76741a2e3be3ff0dac9,e2def81375adc88bc0941f58dacbf3842129ed9e825c5af659a7bc991eda27f4,none,0,0,0,0,no_action
ed866f80675d6aa91d875de2e9314e0197f701e5048317808c6090d1ff9e1013,d42cfc5c57e9b0782b10efee68b4bcd4a52562b68ebe4a775194d21b1c56643d,none,0,0,0,0,no_action
74a59b1e95c9634cc347a55fb556a15b3bd3d7f70a63223cbf8c4ba91dd19db5,b819cc82e974158b269a6b0a52ab730263fd7173ab5544e775b1b9a18649ff50,none,0,0,0,0,no_action
74bbd9d1ceb82c9127cb2f76f08c14589d04dc295a29183f7c5547477ed31e5b,2f781632559edc75acc414a2cc02600e9b531d09eb96cc1474057256e6fb1b6a,none,0,0,0,0,no_action
612a233f08d26d24d23c1a239439ef1a0f0e302e59918aa52fb3e93571995b44,29c7b96eb7b5fb067b115f649f480bd52445604ff9b8061b5e301d59f802c3be,none,0,0,0,0,no_action
9501c8b7e93575cc3e935cfae711a6f9e56d755127d4005338a9e7430c0e79f3,1dea9a82756716cd6cfd248eeb287f5491b75f1a8af0b578eabc22d41f96abf3,none,0,0,0,0,no_action
e277bc3a0c7d51e6e3765c72119ed0f38755bb79c568542726863375103f4a16,a02d0d3b67c89602a4822c44347ff0cf7171cbf31e29616c8613df134d201480,none,0,0,0,0,no_action
6436177278ffbe0870ad2d51d9986756ffbc861af890cd4398a45defb03a1130,27e9c5ac4b3d0b5f64edbbcab6328c41f4faf5ecd4c4e81def5e368cd63bf212,none,0,0,0,0,no_action
1a334ddc32472f8ee9bed82f7669c13ccd1e1f13afdb9f4f214104773413f148,0ada475130cc9d1bc3508042fd71135ebdf83c6c2f9081320b57b910b66061fd,none,0,0,0,0,no_action
6791f6ad43e3d7509a6ecf8b5f427c533da878cd5271099f2c77949a659b8a46,167123a7225e12a0ea4d4dee62ff483583a63ac2c57796b617154e95030c2d6d,none,0,0,0,0,no_action
a0c0559134e529797c8399e452da9454a7c9de9d6be381b79cb97e817f1e90a5,5d8d8a04a391bfe5d41f316bd6bf8563bc28ea5534522cff316bc6a77dbb37f8,none,0,0,0,0,no_action
5765b7d3ea9eee11e9df2a305844a504984eeace12b805fd8b10ba035f8d82ba,c184a6de4afc22df3932ac6f84abf0816ae0c10335d98bbc4ced1e8a117a7a92,none,0,0,0,0,no_action
acafa3d4920f3a6bc2d6efa6245b6f6f9d49bcc76e6e5e5faed57220b1729569,4c27889796b14dd3a72351a1b8dd0a1675c9c9e56fa55e3583b2e0e9df34dc37,none,0,0,0,0,no_action
00ac776520a4baf4759d5a3cdb606ae74c348b638ef75d1eb980166b92e9438f,8f2dcbc9d5c76e408eab204da833a11499d81e86db44e9d9a8c8ffb124b2548a,none,0,0,0,0,no_action
4d227311efb16be231e3194a29ae8f00f1634f57bb1a51fbbe3f48654a699d17,c221da2389afd94fe786185afd4ef8955d08540a7039e623a3ce758f836cec0c,none,0,0,0,0,no_action
99619bcb443f536f96b33857e614442a7b0fa37b70f5d0d1fb9adaba27877467,9246e22fb830d501fbb06d517cefc149cc7a28dfe26dc8cbd6bfc4a35bb362b6,none,0,0,0,0,no_action
3b31a79491bded6284c5fbdbc98c9f28a0897f1ead00d89fd532d0c7557bcc63,521b11bad185b8d6d8daa1001db409b51b74b0c7d91d8bb1c53567e3ba58d231,none,0,0,0,0,no_action
57edbc0b891eb49a3b2a3f3ed9b01772ac039c2435684470b98849511a06c67f,d3e8334f713b134b76905dc1ce7833f8ad2862b0d71e763503f43c2fefbb68f6,none,0,0,0,0,no_action
9802c313036e41e86e966c39b548062f436f967aa2151f7fce71d89dd6224968,100e576ffc18e4868be015562e24bd6284b0d260cd943020e4c905faa3e426c3,none,0,0,0,0,no_action
5ad722ac01df8bf22f0c1a469d66c21655debe91db3cc2f60ec8c5147f087966,80f5497003126363966991ed911d9cb3e049543102e5d514acc73cb06eedee70,none,0,0,0,0,no_action
6ded1cfbbd86a8ef01509bc63ac7b60da3273b95260176098c75b2cca42d62e3,510e6bcd8d5194b1fe3b321a7b0d7ac5a95813995b18fa1da47bf762eb868cd0,none,0,0,0,0,no_action
4cc08862c572e066f0ec2aae8401df325afeae239884a789e7f5035ceca3954b,fc34dfeffea997e66c4e588fab239b7d22f5fd9f4d9ee50bd8e902540594f0cd,none,0,0,0,0,no_action
eb14ca5f5ed7d186c22c5169476b730852e32ad3e8f54a7d10a90951c7403971,383f05fc44e25cbe92ae850ea1665ccd9dba523e633536d3b8e6ab385233a6ea,none,0,0,0,0,no_action
6c5421a90c9110784f45f84fc33a1b963b702f781da80254390e049e330c534f,a0746b7630d64da3ed7e9befe1a354fa293ca5b6679f6884e890134b56402f62,none,0,0,0,0,no_action
cda4191706168ceab10d965b59369f2b31d4f21919685a13fb16cea80d48bc82,d071f53392865bdffad27f665f979364aaedc56d43889ba931244a3cb1c4ef9b,none,0,0,0,0,no_action
1ebf01918a2cda8180973b811268db68e0aeaff02e86ff27fe171b5c4f07c1bc,cbf8aca298706671a454865578e8b069ccdad3343030c7baf42054f157fda596,none,0,0,0,0,no_action
73b4a414b4552bc45ce413409e56a36361210daed8ed03e5fcd2ab590213a456,453a7dd40d9fdcd0281f1b923adc8398bd077e6d32d0789dd8df4e1a792a940b,none,0,0,0,0,no_action
2563fee7d6077b30ba7c53f51bf9a4adf4582aa589bbf84b8beaa1e4ca7663fc,ab51eebef5beb6c0c4a2d3cedac5c9315f09e9edf78d1fe21e37add95e8dae1a,none,0,0,0,0,no_action
b462aa31ac4d095d5e8b3b6adcedf10dab555d7b9a95e62999f19cee0ebf66d9,0373452e41ea11d7b7fe7217db02daf6bfbf7aee0daddeab1fa0387e888aa554,none,0,0,0,0,no_action
6c95eef62e98ccebd0909851f53e10b9c65458d30281d5260e1cb020df4b6707,eff47739f9782b5dfd57fa7a6b76fc24d5c2a5e60193eb2931f8c4e4aa393634,none,0,0,0,0,no_action
585feaee17d6391664c184cd44a849ab92555e42b48040193f97d05483469be5,cbf22f6a87691800fbfd32e81eaeb1b2584904fedbbac314751c832536e92243,none,0,0,0,0,no_action
588437f98933709381ae5bd14c98ace37e062903983a5b154810a8bfc115dbff,155a1e9a7e50b217dde3858613e3a15fb4f0b6c73deb3f2bacc999637bebf1ac,none,0,0,0,0,no_action
20ab7eacd7d7dd675d382d206c2740124a75d963e273e9d943918f26d705f294,e9efd17e91eda68c9a73397161de37ae4b081ce64fcd154647f8da175270e364,none,0,0,0,0,no_action
d07810bf20c1c39005075eef57e6e93f1143ae1374c104d8ef3781600f3df635,4249958af79cde8423907777460206515ca2a0c34edd38451369bfeeee5d15f4,none,0,0,0,0,no_action
87600ed6a1e1a43d3c7c5388354692bbed24dbb612f80fc048febc20a0ef5e16,96971f030d5fe8c316630c523fb5b3b32cd950be836af23cb5b467582d4c6eee,none,0,0,0,0,no_action
1093787e2eaf7ac05e4c54d48991f62f45b4fcc76c8fe9206aed317d4c04da59,1049fecbefc897d23bd3f02e6095b5953ba9b68a2f4b6afbd5965b0ea8e3f95c,none,0,0,0,0,no_action
d6c0325c7cfceed1fe6ab0989078ddbafdb066b3d0a94c674db3be22be4a4269,f1d48aa54f3f47c13b41d99a152d0167cab2ab70b37ffb8d3474abfd637cb469,none,0,0,0,0,no_action
8dd2149e985384b84e841b9095e861e59f4c2518ac7d746cdee637f592c2ccae,acbb21f9f691aa3b3d47c73934e02cc10e9b1748eaea7f899aa0c1cc69687b05,none,0,0,0,0,no_action
216efe76907f5843f82f2dd4bbc78f08b754a69568877b3fb2a0e0ea07a0e161,418fb51661661473f7c680445f06f34d0d57c9e5795d17a1f234eb23b194cc1e,none,0,0,0,0,no_action
63634870d1a7c38c55c56dbd8d0e3b5a5e5e5860037275631c64b3e694001a0c,ef5b6606843a9859001bedd8fcb010eb39e175d6c0d9790b971b3f2614fb6dda,none,0,0,0,0,no_action
40294a75e930c7634a00e43401fa9ed0f9821847a45782c18fc7553014a71ad0,691f67b1504ee87c7d92b12cc17729ad41b7161f3df6f4e9a058c01ed77c3607,none,0,0,0,0,no_action
a53871b4a417a697f03ec1961f62943e7cd8d1f1367d3d6b2f7f08970b70a893,06c173cbe32f77e36ec5e2d646e210e935c90f64a6d0162c9834d6a8a5435e13,none,0,0,0,0,no_action
c34ca76620bc58f14358345856c2b8ba4d4fcfdf734950251a4c69e774edd1ad,75acd5e24fcd80a416b5bc5f9f244ebc0d6b4ea41a2beaa8ed35e1ee8289d8fb,none,0,0,0,0,no_action
bd1962e763a0c045515553d58077afbd4f32ab4f098ccc35820d0f5d3572e334,db40a4f044fd4bf9f003b0e035131d98188a30b5422232709dfcff123f753150,none,0,0,0,0,no_action
e800378b858a7eb5a4623015c17dc46f06a1caf69679482598d80e0d229c16a6,f9a9290678f7b92220851188e74fd4036dee6c0ae7fc197612b5d166e4aed144,none,0,0,0,0,no_action
8e0054b0f4b854884608df855b237dc8ae596cb8a7df8eab2197cbd872aea0e1,25b331d0cb9cf9539b2bfb895dcfcb7f8fe2396e58d55fba6476dbf4261cd8e0,none,0,0,0,0,no_action
4c2266bc6ace7add0d5c14e05767d0d5978fe2c11383c732e9807297463ab0dd,67056e5a106419c4290c46a46de6561a4d646b2fb01e888112d3071ffecf3b4c,none,0,0,0,0,no_action
79e0e4553ada28b4f1d05c63b49cc0acafdc1e2afe4888cf50bcc33011f63854,85fda342211508960798339fb631d43d587b0684be0b69293e398511789072bd,none,0,0,0,0,no_action
e5aa737a2121cd44620a8199889aa242b92405c0d6d5e1d19ca59b14c0519957,b1b0f4fd92cd08c3a83d82440a9ee3020230a55f4743de03e79d7eeda999b6fd,none,0,0,0,0,no_action
95160da2af796d96728ee0dc85fda4590f5cfe3f0ef5dfa070fc0e1b34ee2611,8cacfde2095bbe44a99fa581735b15f44ed812a7b3ec9027a936c5e41129baf0,none,0,0,0,0,no_action
f5fb10705369d76dc7dbd564a823bfa31d457e9e312541bbecc4507dc1dd3363,44d2730013c602a3d957f09b002e7ab45d971b5a2c4c3576956b2251d66f2480,none,0,0,0,0,no_action
05f519f88f232b8d5d75033677849b2d83fb7959be0d25a8a5ace1d7b7a9c624,9a29845467a59fb4347c32d86385d55dbb900940ab85b53363c7fed01d2c2769,none,0,0,0,0,no_action
415a2fcd2ee6ec48fc752fbaa43a6aee419d8b09aa935c7c7638625d48751250,da08b150893aafffba2e09de3ecd7c2af1eb78558764be6cc85d43f6c8f94f57,none,0,0,0,0,no_action
814ab10d7f2fcf6531ae2698ad8e096ad41582fa177fc4344887c1fa3a38fcdd,5a462745317ac95328769f15f198235929e1f4fd0ee655705ff161fb5e4fa104,none,0,0,0,0,no_action
bceadfb0ef3757cfd8104e582be4ac5350e25f14cbd41471a81d5b0861935067,b735f0b8fc799c6e49164d64913bbbe01250a0f16d8cc190f56fff81c9c7898d,none,0,0,0,0,no_action
a42a65a9408adb982f9ac34ae1ec4ed266d481ed727ccfc5d59dad707cfee4ed,651f6675127f630d1c9ed6fa4446bebe0f795ba455f8895b042a59d31ef565e6,none,0,0,0,0,no_action
f5b50791b07e822ae099714a6c6de8233346af05e10ba43dd213e219fad9b19d,98164a04a5d29dd7ec2841eb122b729a8b5901bbb4de18948020d24d9eae2375,none,0,0,0,0,no_action
6e272d178c2f625a07c7b2eff16e6cb52235a913a50b26fd8fe6593bf330701a,c20f91c38f5ea5e3e29f29fd6de6843115e754a2307ecb819dd5c505cdec5cde,none,0,0,0,0,no_action
49c79418e110b82ba55c63e480f17c7971e4017e4fc80b32ceacc0582e801fa5,64e8b395c1b673b8848e90e40e4613e25dcd38ff3cbd1242a0dba3acff746866,none,0,0,0,0,no_action
540cf2b116d8e23540b17afffc9f89983640b49b854f988d93f9c5ad418d8537,d848ce9e5142c6378363cbe0f71c75d70dce9bc03bc3f6888e70f44e973c739e,none,0,0,0,0,no_action
9e22a1d0a69c905587b8d85560907f9e7c187fbf47d9e98698e2656c6d18ad61,44f1da1f535b7ce8ea467e727a49e1e54fc92d8c1696ac7531c43022dc5923b1,none,0,0,0,0,no_action
649c1e56cdcebb2f2a29e7602603dff6182c9ff62c888dab16cdc1a3af652dad,fca7b9bac5821a3648c7f3fe85a0aee69543781925eadd7e645bfb5fc56c50c8,none,0,0,0,0,no_action
57e5d6e41b522e7db1df0b93bcb8c1f8797b0352832a6e5510ad2b755c284f52,11c3c0f2b44397967b3c97273b53e28c5e9d5dcc34bf2445f3bfb9b7b4875330,none,0,0,0,0,no_action
b8f77ecf08bfbe29b572fefd64b054f19cda17a03cdb84143117384d3c22763f,fc5dc6385114c43894c2e4fe0bf9af2033b3d99b11ce6b08697428d89ff418a6,none,0,0,0,0,no_action
4f9f28b18a148fa2bb967844b7f6ea1ebc8a84128e4b973fec7e9d9cd0a0538a,d1d46aef6881eef3e7a67027d8e138c2e8d553bbf1c20b7ca8b9a808a1761140,none,0,0,0,0,no_action
5120a5bbb885039be00e066662803f8ae2c28e543b1ecdf812d59b8e85acd211,099de283ce0e7b74483dc025ebe514b2e03896e5dd3c01ad458deec4621a08b4,none,0,0,0,0,no_action
04de10d318b0100c074eb5dde734c0cd8d721674a08d469366ab144423191c11,0c57c4559cae6015115d4c475ec2fea5672257da50fb99ad810f4272d53336c2,none,0,0,0,0,no_action
5c934263d0b709690380b4017281dadb5cedc0ed5a67ec01305db318dc155122,bc550e0d63e6a6a5d4eabfb48353b1c0d53d7a8eaf84e379059704e583245427,none,0,0,0,0,no_action
19b81d1c89dfef7a1edd517869183d3da451e8c2035d551c86d4291f050bc7e4,7a7e79d3d6c8dd74f8bde60edcfa19fbbed9dfc03f512ca3c214c4453567540e,none,0,0,0,0,no_action
a477c113a096ca348334dad64b8db1f7465b2d71d4d1a95bd0a08f1e82c6efd3,a313eada87b5c2e437871fe6ce021f292e9e00bae604b3ee656359b6d5a09187,none,0,0,0,0,no_action
6e21d9bd47dcb2d539e508a864eba167dd01d93a2c7835b9e392adca83955a2f,ca423efa03b04faa427e4eaff3b637ab1fcacdbb62ff5682dbc70623f047e0b7,none,0,0,0,0,no_action
c1950f52f145735b1201030a26fde0b86d34cd97a6ff36a728942070ae17ac1a,5639480d93503608d8cf57c0bc3c99fb6ff743e4532cccf96fb97ba0851a60b5,none,0,0,0,0,no_action
a20458ad7b849b8808b510a7294968688266c80057fdfedf1179afa273fd4004,9514bd068d57336526d67903ef739ce96e02e81016097c95878d7e4d4a488ade,none,0,0,0,0,no_action
a458a4a0c643b0a913e631e2612c868263bc5e3273cb2acc89e21a0417c131a6,160073a7202c0ddb4da8d28c2e2f5d65955f24359d9559182a8524f13d03b0ca,none,0,0,0,0,no_action
