trait_domain_name,taxon_name,n_records,mean,median,sd,iqr,n_suspected_outliers
Diaspore mass,ARCTOSTAPHYLOS UVA-URSI,23,9.900304347826086,8.75,2.7814185954584496,4,1
Diaspore mass,Acacia dealbata,2074,14.445168756027002,14.4,3.2350285979253393,3.9999999999999982,154
Diaspore mass,Acalypha monococca,50,6.945285714,6.945285714,0,0,0
Diaspore mass,Agoseris glauca,25,2.82628,2.717,0.6561593124640794,0.6080000000000001,5
Diaspore mass,Allium canadense,50,0.805133333,0.805133333,0,0,0
Diaspore mass,Allium stellatum,51,2.6696732029411767,2.680866667,0.07993732244355502,0,0
Diaspore mass,Ambrosia artemisiifolia,67,0.09683731343283582,0.037,0.4866999127817508,0.011599999999999992,12
Diaspore mass,Amorpha canescens,52,1.8074615384615385,1.8036,0.0731446221304501,0,0
Diaspore mass,Andropogon gerardii,83,1.6084156626506023,0.79725,1.033537117370923,1.95275,0
Diaspore mass,Anemone virginiana,50,0.863733333,0.863733333,0,0,0
Diaspore mass,Arctostaphylos alpinus,10,3.19,3.5,0.6919376979018976,1.025,0
Diaspore mass,Aristida purpurascens,51,0.7605294117647059,0.7632,0.019071814744461492,0,0
Diaspore mass,Arnoglossum plantagineum,50,0.516875,0.516875,0,0,0
Diaspore mass,Asclepias tuberosa,53,2.2312526205471697,1.94235,1.248551081454413,0,0
Diaspore mass,Asclepias verticillata,52,2.6006153846153848,2.6034,0.05739479850933882,0,0
Diaspore mass,Asclepias viridiflora,50,0.888533333,0.888533333,0,0,0
Diaspore mass,Asclepias viridis,50,3.3768,3.3768,0,0,0
Diaspore mass,Baptisia alba,51,11.087679735294117,11.01343333,0.5302253894845262,0,0
Diaspore mass,Baptisia australis,50,14.49433333,14.49433333,0,0,0
Diaspore mass,Betula pubescens,12,0.201611111,0.20900000000000002,0.03684990953394503,0.06258333375,0
Diaspore mass,Bidens lanceolata,52,1.0801579250961537,1.085233333,0.07450370894809298,0,0
Diaspore mass,Bouteloua curtipendula,53,0.4951194968490566,0.3972,0.5429103910374647,0,0
Diaspore mass,Brickellia eupatorioides,50,0.204,0.204,0,0,0
Diaspore mass,Bromus erectus,12,3.55625,3.4450000000000003,1.2702622581756315,1.2307500000000005,3
Diaspore mass,Callirhoe digitata,50,3.705733333,3.705733333,0,0,0
Diaspore mass,Calluna vulgaris,15,0.033800000000000004,0.034,0.008299741820425156,0.004499999999999997,3
Diaspore mass,Camassia scilloides,51,5.233300653921568,5.175666667,0.4115889926519571,0,0
Diaspore mass,Carex crawei,50,0.952866667,0.952866667,0,0,0
Diaspore mass,Carex siccata,10,0.3144,0.3115,0.07389812807732908,0.09375,1
Diaspore mass,Castilleja coccinea,50,0.053,0.053,0,0,0
Diaspore mass,Chrysopsis villosa,14,0.9882857142857142,0.9849999999999999,0.20704419021865045,0.14174999999999993,3
Diaspore mass,Cistus albidus,10,1.038,1,0.10952422360170172,0.14000000000000012,1
Diaspore mass,Cistus salviifolius,16,1.00163125,0.96,0.15672347502847173,0.216175,1
Diaspore mass,Clematis fremontii,50,7.659938889,7.659938889,0,0,0
Diaspore mass,Clinopodium arkansanum,50,0.670333333,0.670333333,0,0,0
Diaspore mass,Coreopsis palmata,52,1.5085448721153847,1.489366667,0.14992237317385376,0,0
Diaspore mass,Crataegus monogyna,11,65.49,69.93,44.76034807728823,55.43499999999999,0
Diaspore mass,Croton monanthogynus,50,9.723,9.723,0,0,0
Diaspore mass,Cymopterus lemmonii,11,0.4560909090909091,0.289,0.5519408400445567,0.10049999999999998,1
Diaspore mass,Dalea candida,51,1.7606535950980393,1.766066667,0.038657065566409264,0,0
Diaspore mass,Dalea purpurea,51,0.6184313725490196,0.6002,0.13019804221292436,0,0
Diaspore mass,Daucus carota,12,0.9836666666666667,0.95,0.3657538499973429,0.1924999999999999,3
Diaspore mass,Delphinium carolinianum,50,0.615433333,0.615433333,0,0,0
Diaspore mass,Delphinium treleasei,50,1.318433333,1.318433333,0,0,0
Diaspore mass,Desmodium ciliare,50,2.4774,2.4774,0,0,0
Diaspore mass,Desmodium rigidum,51,2.4161503264705884,2.413733333,0.01726078588246124,0,0
Diaspore mass,Desmodium sessilifolium,50,2.6936,2.6936,0,0,0
Diaspore mass,Dryas octopetala,35,0.6509828571142857,0.53,0.5005603326067497,0.41291666699999996,4
Diaspore mass,Echinacea pallida,51,3.4226797382352943,3.377933333,0.31955325042242805,0,0
Diaspore mass,Echinacea paradoxa,50,3.831733333,3.831733333,0,0,0
Diaspore mass,Eleocharis compressa,51,0.27879560294117645,0.278351515,0.003171422247890711,0,0
Diaspore mass,Elymus lanceolatus,10,2.9283,2.9685,0.3986677954276105,0.4482499999999998,1
Diaspore mass,Elymus virginicus,52,4.168799450961538,4.183571429,0.18964545019275383,0,0
Diaspore mass,Eremogone congesta,19,0.7252631578947368,0.7,0.18285812414889163,0.13050000000000006,3
Diaspore mass,Erigeron strigosus,51,0.029411764705882356,0.029,0.0029405881764588207,0,0
Diaspore mass,Eriogonum umbellatum,11,3.091727272727273,3.24,0.4344281507704331,0.6599999999999997,0
Diaspore mass,Erodium cicutarium,10,2.0884,1.785,0.8835345934244895,0.8767500000000001,2
Diaspore mass,Eupatorium altissimum,50,0.0348,0.0348,0,0,0
Diaspore mass,Euphorbia corollata,50,4.166777778,4.166777778,0,0,0
Diaspore mass,Euphorbia missurica,50,1.763230769,1.763230769,0,0,0
Diaspore mass,Evolvulus nuttallianus,50,5.078666667,5.078666667,0,0,0
Diaspore mass,Festuca ovina,11,0.3103696970909091,0.268666667,0.19107690445583064,0.10833333299999995,2
Diaspore mass,Fimbristylis puberula,50,0.342333333,0.342333333,0,0,0
Diaspore mass,Galactia regularis,50,5.8688,5.8688,0,0,0
Diaspore mass,Galium virgatum,50,1.5884,1.5884,0,0,0
Diaspore mass,Glandularia canadensis,50,0.858933333,0.858933333,0,0,0
Diaspore mass,Grindelia lanceolata,50,4.601133333,4.601133333,0,0,0
Diaspore mass,Helianthemum salicifolium,11,0.18545454545454546,0.18,0.08176107097679633,0.09499999999999997,1
Diaspore mass,Helianthus hirsutus,50,3.84,3.84,0,0,0
Diaspore mass,Helianthus maximiliani,50,1.755866667,1.755866667,0,0,0
Diaspore mass,Helianthus occidentalis,51,2.2720915029411763,2.265533333,0.04683470125713284,0,0
Diaspore mass,Helictotrichon pratense,700,0.002560753514739229,0.0025,0.0010130267442059564,8.1e-4,61
Diaspore mass,Heliopsis helianthoides,52,1.7611298076923076,1.658375,0.5199560248194464,0,0
Diaspore mass,Heliotropium tenellum,50,1.9164,1.9164,0,0,0
Diaspore mass,Hexasepalum teres,50,6.3945,6.3945,0,0,0
Diaspore mass,Hypericum punctatum,50,0.0562,0.0562,0,0,0
Diaspore mass,Hypericum sphaerocarpum,50,0.6596,0.6596,0,0,0
Diaspore mass,Hypoxis hirsuta,51,0.8517189539215686,0.862933333,0.08008668555916597,0,0
Diaspore mass,Ipomoea pandurata,50,26.91093333,26.91093333,0,0,0
Diaspore mass,Ivesia gordonii,10,1.1434,1.0625,0.3166246287886581,0.23924999999999985,1
Diaspore mass,Juniperus communis,25,9.514904,9.52,2.443399744972839,2,6
Diaspore mass,Juniperus sabina,20,18.9305,18.875,4.025451233287884,5.044999999999998,1
Diaspore mass,Lavandula stoechas,12,0.7084333333333334,0.70565,0.08483416264403834,0.14175000000000004,0
Diaspore mass,Lespedeza capitata,53,3.1066415094339623,3.133,0.196822654881497,0,0
Diaspore mass,Lespedeza virginica,50,3.438348901,3.438348901,0,0,0
Diaspore mass,Leucospora multifida,50,3.0435,3.0435,0,0,0
Diaspore mass,Liatris aspera,51,1.1293464049019608,1.103933333,0.18148563413726623,0,0
Diaspore mass,Liatris cylindracea,51,1.714921568627451,1.6556,0.4236407366218341,0,0
Diaspore mass,Liatris mucronata,50,2.860066667,2.860066667,0,0,0
Diaspore mass,Liatris squarrosa,50,2.731283333,2.731283333,0,0,0
Diaspore mass,Linum sulcatum,50,0.4849,0.4849,0,0,0
Diaspore mass,Lithospermum canescens,51,2.902490196078431,2.9042,0.012210442332724206,0,0
Diaspore mass,Lithospermum incisum,50,10.9242,10.9242,0,0,0
Diaspore mass,Lithospermum molle,50,15.5564,15.5564,0,0,0
Diaspore mass,Lobelia spicata,50,0.0202,0.0202,0,0,0
Diaspore mass,Lupinus argenteus,15,12.044666666666666,8.4,6.748325090258287,10.5665,1
Diaspore mass,Luzula confusa,29,0.20327586206896553,0.2,0.04472686676749712,0.06,2
Diaspore mass,Lysimachia lanceolata,51,0.33287581666666666,0.324533333,0.05957725002178773,0,0
Diaspore mass,Mimosa quadrivalvis,50,10.36586667,10.36586667,0,0,0
Diaspore mass,Mirabilis albida,50,5.182866667,5.182866667,0,0,0
Diaspore mass,Monarda bradburiana,50,0.2618,0.2618,0,0,0
Diaspore mass,Mononeuria patula,50,0.028033333,0.028033333,0,0,0
Diaspore mass,Myrtus communis,13,5.529230769230769,4.53,2.320357233769769,0.8600000000000003,4
Diaspore mass,Nothoscordum bivalve,50,1.428466667,1.428466667,0,0,0
Diaspore mass,Oenothera macrocarpa,50,6.382933333,6.382933333,0,0,0
Diaspore mass,Oxyria digyna,31,0.7987258096774194,0.7466667,0.19027759211495077,0.2725000000000001,1
Diaspore mass,Palafoxia callosa,50,1.4526,1.4526,0,0,0
Diaspore mass,Panicum acuminatum,58,0.25540886724137934,0.249714286,0.058659475629466655,0,0
Diaspore mass,Panicum linearifolium,51,0.47094474117647056,0.472363636,0.010132935829865224,0,0
Diaspore mass,Panicum virgatum,52,0.33828926249999997,0.307333333,0.16183976055273894,0,0
Diaspore mass,Parthenium integrifolium,52,1.479423076923077,1.4154,0.32323853549594395,0,0
Diaspore mass,Pediomelum esculentum,50,17.20173333,17.20173333,0,0,0
Diaspore mass,Penstemon digitalis,50,0.0996,0.0996,0,0,0
Diaspore mass,Penstemon pallidus,50,0.069466667,0.069466667,0,0,0
Diaspore mass,Phacelia hastata,10,1.2999,1.3085,0.307336749800244,0.26049999999999995,2
Diaspore mass,Phemeranthus calycinus,50,0.402,0.402,0,0,0
Diaspore mass,Phillyrea angustifolia,13,59.34615384615385,29,46.47397596835989,95.03,0
Diaspore mass,Phlox pilosa,50,1.9342,1.9342,0,0,0
Diaspore mass,Phyllodoce caerulea,13,6.408592307692308,1.2,8.409911895739608,13.3,1
Diaspore mass,Physalis virginiana,51,0.9891503264705883,0.978333333,0.07724878468222121,0,0
Diaspore mass,Physospermum cornubiense,95,0.017558947368421052,0.0136,0.013460197389852654,0.0194,6
Diaspore mass,Physostegia angustifolia,50,0.925733333,0.925733333,0,0,0
Diaspore mass,Pinus pinaster,32629,65.43793772411045,64,19.2948643748698,26,1409
Diaspore mass,Plantago lanceolata,12,1.3815,1.4,0.4023134237247011,0.46750000000000025,0
Diaspore mass,Plantago virginica,50,0.4894,0.4894,0,0,0
Diaspore mass,Polytaenia nuttallii,50,8.7644,8.7644,0,0,0
Diaspore mass,Primula meadia,50,0.206,0.206,0,0,0
Diaspore mass,Pycnanthemum tenuifolium,50,0.066533333,0.066533333,0,0,0
Diaspore mass,Quercus ilex,11,1227.8136363636363,3.1,1568.9882327428254,2251.185,2
Diaspore mass,Quercus pyrenaica,10,2112.795,4.800000000000001,2797.15878114144,4784.049999999999,0
Diaspore mass,Quercus suber,11,1897.9481818181819,4.7,2314.429438046527,3718.46,1
Diaspore mass,Ratibida pinnata,51,0.7586321191960784,0.756833333,0.01284590287754497,0,0
Diaspore mass,Rhamnus alaternus,10,17.518,8.629999999999999,25.71319583404599,2.847500000000002,2
Diaspore mass,Rhododendron ferrugineum,20,0.029025000000000002,0.0275,0.005585307323213006,0.008274999999999998,1
Diaspore mass,Rudbeckia missouriensis,50,0.5074,0.5074,0,0,0
Diaspore mass,Ruellia humilis,50,4.8166,4.8166,0,0,0
Diaspore mass,Sabulina michauxii,50,0.149866667,0.149866667,0,0,0
Diaspore mass,Salix herbacea,16,0.326085416625,0.125,0.3050918098873776,0.49416666649999996,1
Diaspore mass,Sanguisorba minor,11,6.723909090909091,5.78,2.9205244205294862,3.634500000000001,1
Diaspore mass,Schizachyrium scoparium,53,0.25392452862264153,0.175066667,0.3274039993263177,0,0
Diaspore mass,Scleria oligantha,50,1.275,1.275,0,0,0
Diaspore mass,Scleria pauciflora,50,2.3736,2.3736,0,0,0
Diaspore mass,Scutellaria bushii,50,1.4636,1.4636,0,0,0
Diaspore mass,Scutellaria parvula,50,0.2004,0.2004,0,0,0
Diaspore mass,Senecio crassulus,15,2.7226,2.72,0.7969148368193788,0.6829999999999998,3
Diaspore mass,Silene antirrhina,51,0.10627450980392156,0.1064,8.961792537779248e-4,0,0
Diaspore mass,Silphium integrifolium,50,8.184133333,8.184133333,0,0,0
Diaspore mass,Silphium laciniatum,50,26.3252,26.3252,0,0,0
Diaspore mass,Silphium terebinthinaceum,50,9.8675,9.8675,0,0,0
Diaspore mass,Sisyrinchium campestre,50,0.789933333,0.789933333,0,0,0
Diaspore mass,Solidago gattingeri,50,0.039733333,0.039733333,0,0,0
Diaspore mass,Solidago nemoralis,53,0.03677358490566038,0.0341,0.01170534314128178,0,0
Diaspore mass,Solidago ptarmicoides,50,0.6064,0.6064,0,0,0
Diaspore mass,Solidago radula,50,0.037333333,0.037333333,0,0,0
Diaspore mass,Sorghastrum nutans,84,1.6302198410714286,1.335133333,0.40002662480149515,0.564866667,12
Diaspore mass,Sporobolus compositus,50,0.990666667,0.990666667,0,0,0
Diaspore mass,Sporobolus heterolepis,51,1.6532026147058823,1.655466667,0.016168567416919417,0,0
Diaspore mass,Sporobolus neglectus,50,1.304666667,1.304666667,0,0,0
Diaspore mass,Stenaria nigricans,50,0.069066667,0.069066667,0,0,0
Diaspore mass,Stipa lettermanii,10,0.41910000000000003,0.4385,0.061056349201191004,0.07624999999999998,1
Diaspore mass,Symphyotrichum laeve,51,0.08044444411764706,0.075933333,0.03221577717988041,0,0
Diaspore mass,Symphyotrichum oblongifolium,50,0.285866667,0.285866667,0,0,0
Diaspore mass,Symphyotrichum oolentangiense,51,0.12895424803921568,0.128133333,0.005862505998473274,0,0
Diaspore mass,Symphyotrichum patens,50,0.3002,0.3002,0,0,0
Diaspore mass,Symphyotrichum sericeum,50,0.086866667,0.086866667,0,0,0
Diaspore mass,Tragia ramosa,50,11.46361538,11.46361538,0,0,0
Diaspore mass,Trichostema brachiatum,51,1.6510130715686275,1.643133333,0.05627258902348162,0,0
Diaspore mass,Tridens flavus,50,0.834333333,0.834333333,0,0,0
Diaspore mass,VACCINIUM VITIS-IDAEA,18,0.2703203703888889,0.22,0.1384301636624763,0.07974999975000002,4
Diaspore mass,Vaccinium myrtillus,24,0.241786111125,0.2398333335,0.04642363623613107,0.056583333250000006,1
Diaspore mass,Vaccinium uliginosum,26,0.20573333334615385,0.2118333335,0.03226212088623782,0.03980000000000003,2
Diaspore mass,Verbascum thapsus,51,0.07376470588235294,0.0736,0.001176235270583529,0,0
Diaspore mass,Verbena simplex,51,0.5403137254901961,0.535,0.03794759027715907,0,0
Diaspore mass,Verbesina helianthoides,50,1.487133333,1.487133333,0,0,0
Diaspore mass,Vernonia arkansana,50,1.4064,1.4064,0,0,0
Diaspore mass,Viola praemorsa,10,3.3365,3.262,0.2856156119293512,0.29000000000000004,2
Diaspore mass,Zizia aptera,51,0.35816993431372546,0.324933333,0.23735680948998386,0,0
Leaf Area,ARCTOSTAPHYLOS UVA-URSI,59,29.539993298756556,3.31678772125,60.40280851297569,49.007269603124996,4
Leaf Area,ATROPA BELLA-DONNA,20,8426.8569,8071.9375,1808.3179312525103,1537.839,2
Leaf Area,Abies alba,142,267.3751641851107,274,83.9819589072069,87.75,13
Leaf Area,Abies concolor,20,1.0005,0.795,0.7387576698328363,1.1900000000000002,0
Leaf Area,Abutilon incanum,10,4.322579700125605,2.466248493279815,4.01383241671495,2.378044331586713,2
Leaf Area,Acamptopappus sphaerocephalus,11,1.4842029707236117,1.50668419899189,0.15868462046743786,0.2696286438480351,0
Leaf Area,Acer granatense,31,125.85798225806451,12.1204,580.098975401672,33.30222500000001,2
Leaf Area,Acer monspessulanum,24,94.37397083333333,5.8818,298.76686893801894,5.734,3
Leaf Area,Acer negundo,10,8425.277685,7713.160524999999,4849.310818201882,8172.3922,0
Leaf Area,Acer obtusatum,20,8248.6696,7768.6295,2137.801235037986,1295.7039999999997,6
Leaf Area,Acer palmatum,20,19.357007,16.897495,12.44506617561865,15.6471375,1
Leaf Area,Acer pensylvanicum,15,5304.8324444444415,187.87,6164.677132135834,10559.71,1
Leaf Area,Acer rubrum,195,4509.478651794871,4940.9,4367.46349298532,8003.5785000000005,1
Leaf Area,Acer saccharinum,16,287.96963125,5.11685,1131.2095456733327,2.4042499999999998,2
Leaf Area,Acer saccharum,151,2360.5289587637967,53.081,3592.884953338381,4920.63512,21
Leaf Area,Acer spicatum,13,891.9092307692308,47.43,2062.9299755301986,12.57,2
Leaf Area,Achillea aspleniifolia,10,185.79,170.6,62.485081775128094,109.17500000000001,0
Leaf Area,Achillea collina,10,1009.067,958.165,356.232473628918,314.3325000000001,1
Leaf Area,Achillea maritima,22,63.10409090909091,57.675,17.52767951367776,21.827499999999986,2
Leaf Area,Achillea millefolium,443,376.02396261143645,4.446,1274.3253385318524,355.35820595,78
Leaf Area,Achillea nobilis,10,93.901,87.5,32.12518307773168,29.747500000000002,1
Leaf Area,Acmispon rigidus,11,1.61038519123194,1.58539972114143,0.32929615177444743,0.41880549921533006,1
Leaf Area,Acmispon wrightii,21,0.9218952380952381,0.8983,0.3526278002032603,0.4417000000000001,2
Leaf Area,Aconitum anthora,16,1689.9125,1597,607.025595149551,660.8000000000002,2
Leaf Area,Aconitum lycoctonum,23,9938.02608695652,10289.2,3820.6944112077313,6315.950000000001,0
Leaf Area,Actaea rubra,14,87.88607142857143,61.9405,73.04706904925627,104.48225,1
Leaf Area,Actaea spicata,14,13226.342142857144,12680.261,2173.261637409996,1097.1625000000004,2
Leaf Area,Adenophora liliifolia,11,884.6045454545455,724.6,461.10621902905706,284.35,2
Leaf Area,Adonis vernalis,15,836.0933333333334,746.7,210.06066969421227,265.75,1
Leaf Area,Aegopodium podagraria,25,10759.61016288,11176.87308,4217.103688318665,4303.348,2
Leaf Area,Ageratina altissima,27,250.51827037037037,30.2026,1164.0933462186536,18.0373,2
Leaf Area,Agoseris glauca,49,5.687488986394558,5.4626,1.8189704860169096,2.3899,2
Leaf Area,Agropyron cristatum,12,223.50916666666666,190,139.30531807758445,149.9975,1
Leaf Area,Agropyron desertorum,10,2.93207,2.7609500000000002,1.471466628949196,1.5725499999999997,1
Leaf Area,Agrostis alpina,11,27.10969697090909,28.93,8.342048837601096,11.574999999999996,0
Leaf Area,Agrostis mertensii,18,82.30464815,73.7,36.89543267604488,29.543224999999993,3
Leaf Area,Agrostis rupestris,30,31.981203644433332,27.0563975,18.86038625800609,26.952624832500003,1
Leaf Area,Agrostis sp,13,194.03820359201177,136.82,171.56900927081543,214.769440155775,1
Leaf Area,Agrostis stolonifera,18,138.2940056878307,84.66499999999999,178.81746383404322,181.4141,1
Leaf Area,Ailanthus altissima,53,3327.108266037736,2816.1,7366.9853926639935,3230.0213,1
Leaf Area,Ajuga reptans,47,860.4119048765957,990.378,307.46149559494353,298.1245000000001,7
Leaf Area,Albizia julibrissin,20,104.737754,55.296800000000005,109.37007230234904,171.90395999999998,1
Leaf Area,Alchemilla alpina,15,348.1533333333333,385.4,96.30602166803388,164.34999999999997,0
Leaf Area,Alchemilla coriacea,10,519.32234304,481.4801824,175.4885330793692,118.44791300000009,2
Leaf Area,Alchemilla pentaphyllea,10,231.51082730000002,234.7011435,37.375934509693714,46.92732550000005,0
Leaf Area,Alchemilla sp,17,3688.3510529411765,3518.8,1703.4285880988377,1612.4999999999995,4
Leaf Area,Alchemilla vulgaris,12,1676.1860145,1626.942983,358.70977511318534,456.01700925,0
Leaf Area,Alchemilla xanthochlora,27,808.7654755444444,718.38123,520.3151841387669,459.6068816500001,3
Leaf Area,Alkanna tinctoria,10,51.45,48.5,16.305162781565027,23.375,1
Leaf Area,Alliaria petiolata,11,1558.269867768595,1411.67,913.7703218679942,367.8299999999999,3
Leaf Area,Allium cernuum,17,55.105294117647055,16.55,159.81224284756968,7.389999999999999,1
Leaf Area,Allium flavum,10,535.8,429,288.99011901601216,307.25,1
Leaf Area,Allium geyeri,16,117.97333333333331,116.2,44.5840549474311,47.375,1
Leaf Area,Allium sphaerocephalon,11,1467.5345454545454,1333.6,678.9029517738693,728.8500000000001,1
Leaf Area,Allium textile,10,1.809736,1.78499,0.6247540206299863,0.8461024999999998,0
Leaf Area,Alnus alnobetula,10,6719.442983310438,7607.7665,3671.176655459439,2399.808500000001,2
Leaf Area,Alnus glutinosa,45,3835.71817319224,3975.18333333333,1856.5290094372378,1590.3000000000002,9
Leaf Area,Alnus incana,15,3000.425703733333,3040.803954,601.353609606845,945.3432899999998,0
Leaf Area,Alopecurus pratensis,66,2157.2049869954544,926.655,3657.534446100231,1410.25041675,9
Leaf Area,Aloysia wrightii,10,0.3471086390031211,0.34971705644782547,0.0708371631667158,0.014318659494077013,4
Leaf Area,Althaea officinalis,10,5221.867,4750.5,1864.3173395586086,2573.835,0
Leaf Area,Alyssum tortuosum,10,24.63,24,9.654710997458414,11.25,1
Leaf Area,Amaranthus retroflexus,10,1486.968,1386.67,588.9646040260446,853.665,0
Leaf Area,Ambrosia artemesifolia,21,3.4435,3.2682,1.4519434179746813,1.3147000000000002,6
Leaf Area,Ambrosia artemisiifolia,46,379.42804347826086,30.076,563.6288727937504,455.1515,8
Leaf Area,Ambrosia deltoidea,11,0.6164776659721652,0.641789467547043,0.08000826778117986,0.12173047210925958,0
Leaf Area,Ambrosia dumosa,12,5.940745691074286,2.534237909417145,12.32349538757429,1.0673059801665525,1
Leaf Area,Ambrosia psilostachya,20,4.920375,3.6418999999999997,3.309071380928333,3.818600000000001,2
Leaf Area,Ambrosia salsola,13,11.366593612199155,4.16051972350809,17.990994212226216,0.9945174547346003,4
Leaf Area,Amelanchier arborea,176,2315.4969696969697,2328.2,933.1322961998525,1007.3500000000004,14
Leaf Area,Amelanchier ovalis,25,132.886216,2.6938,649.400262064971,1.7344,3
Leaf Area,Ammophila arenaria,70,866.6969232447619,828.22,335.97551693858486,421.80499999999995,6
Leaf Area,Amphicarpa bracteata,13,22.307815384615385,20.6,9.423901141941002,9.856299999999997,2
Leaf Area,Anacamptis palustris,15,715.18,725,194.83215193743416,263.75,0
Leaf Area,Anacyclus clavatus,10,93.09,80.775,61.41888869793143,9.387500000000003,4
Leaf Area,Anchusa barrellieri,15,7653.826666666667,2008.6,9493.934447128911,11478.3,3
Leaf Area,Andromeda polifolia,18,35.64076585222222,36.017849115000004,11.461785197947439,18.362924999999997,0
Leaf Area,Andropogon gerardii,140,23.396874006211178,13.312249999999999,74.836684235938975,13.859450000000002,16
Leaf Area,Andropogon virginicus,89,18.062853932584268,9.872,70.54774574785095,5.119,5
Leaf Area,Androsace obtusifolia,15,12.489651926666667,13.2918396,2.858998883244655,4.187984100000001,1
Leaf Area,Androsace septentrionalis,20,0.5597933333333334,0.29969999999999997,0.9011116063074152,0.47209999999999996,1
Leaf Area,Anemone hepatica,206,1726.6091237864077,1459.911,1100.720269176402,1545.4559999999997,7
Leaf Area,Anemone nemorosa,10,916.3049,532.2270000000001,990.2637521328962,1873.3145000000002,0
Leaf Area,Anemone quinquefolia,12,6.79775,5.188,3.857362164979869,6.810950000000002,0
Leaf Area,Anemone sylvestris,10,1456.37,1261.5,772.995325629104,1149.8999999999999,0
Leaf Area,Anemone virginiana,16,815.928125,69.905,2053.1087611659177,42.152499999999996,2
Leaf Area,Angelica grayi,11,1360.75,1255.4,1124.681173711021,1485,1
Leaf Area,Antennaria alpina,44,30.86059521483165,26.82273311,12.851671101741855,10.644444444444446,6
Leaf Area,Antennaria dioica,67,52.71005310437811,45.1,30.768582535678288,19.356963335000003,10
Leaf Area,Antennaria parvifolia,25,0.451832,0.342125,0.21972877890045114,0.2782,2
Leaf Area,Antennaria rosulata,21,0.29356666666666664,0.2932,0.07810424657682406,0.1122,0
Leaf Area,Anthemis arvensis,170,120.70764705882353,70.35,120.1130224664609,126.85,21
Leaf Area,Anthemis maritima,241,115.50721991701245,101.95,64.1994554441256,69.53000000000002,18
Leaf Area,Anthoxanthum odoratum,225,997.6241550327555,92.7,2447.093266390574,534.8480000000001,48
Leaf Area,Anthriscus cerefolium,15,2557.4106666666667,2496.33,1006.1027862675056,1053.5,1
Leaf Area,Anthriscus sylvestris,56,2586.107526785714,6.795999999999999,5306.407933835466,2718.23975,11
Leaf Area,Anthyllis cornicina,60,172.22833333333332,153.89999999999998,77.74321288522565,97.03750000000001,6
Leaf Area,Anthyllis sp,10,172.483333337,168.5566667,51.675975824062206,64.62999997499998,0
Leaf Area,Anthyllis vulneraria,16,427.5746875,414.53499999999997,144.55437096433934,149.995,2
Leaf Area,Anthyllis vulneraria subsp. polyphylla,10,1693.45,1631.75,192.43273716634945,174.875,2
Leaf Area,Aphanes arvensis,16,48.178125,43.1,15.861346398819155,14.072499999999998,3
Leaf Area,Apocynum cannabinum,22,15.886909090909091,15.168,7.815827737958228,8.05,2
Leaf Area,Arabidopsis lyrata,11,41.94406363636364,1.9963,49.71560201569066,89.18159999999999,0
Leaf Area,Arabis alpina,15,458.25424641333336,113.419194,547.80282007973,939.13122145,1
Leaf Area,Aralia nudicaulis,70,279.1911857142857,281.95849999999996,184.619598482876,251.54899999999998,2
Leaf Area,Arbutus andrachne,63,369.9584083031746,233.5284,561.4859141372673,79.46341670000001,7
Leaf Area,Arbutus unedo,263,1038.1085428969836,716.314,1395.939390787437,1051.64720335,22
Leaf Area,Arctium nemorosum,10,74857.31,71763.25,11669.508882120486,17518.125,0
Leaf Area,Arctostaphylos alpinus,28,148.8173668,142.58036,41.001053066252474,61.299353074999985,0
Leaf Area,Arenaria biflora,40,4.8661193,4.661281000000001,1.6332071907612695,2.2499955,1
Leaf Area,Arenaria ciliata,10,53.1991348,49.9302261,18.807821822929238,13.22390455,1
Leaf Area,Arenaria lanuginosa,21,0.36013809523809526,0.3139,0.1301887993499843,0.17829999999999996,1
Leaf Area,Arenaria montana,11,0.8304370129870129,0.455285714285714,1.2647104811339163,0.27103749999999993,1
Leaf Area,Arenaria serpyllifolia,22,7.898681818181818,6.76,3.892641915770777,4.9225,2
Leaf Area,Arisaema triphyllum,25,2604.380644,31.19,11006.921740072281,70.113,2
Leaf Area,Aristida purpurea,12,0.2265,0.2081,0.1054705646140192,0.16954999999999998,0
Leaf Area,Aristolochia clematitis,10,3772.133,3636.165,976.1558021027631,1551,0
Leaf Area,Armeria cantabrica,10,0.5129333333333334,0.522166666666667,0.12943731978485337,0.16458333333333275,0
Leaf Area,Armeria maritima,20,102.72181666666667,60.22875,109.09905202189307,219.69470833333332,0
Leaf Area,Armoracia macrocarpa,10,13091.73,12057.95,4094.152267170553,3976.6749999999993,2
Leaf Area,Arnica latifolia,31,287.993381,4.052698,606.6030466264074,1.7764930000000003,6
Leaf Area,Arrhenatherum elatius,131,1033.391093081408,595.81,1625.4189847223292,1174.241,16
Leaf Area,Artemisia annua,10,648.935,553,468.1081855072489,191.83499999999992,2
Leaf Area,Artemisia californica,97,1.4464656756577805,0.992,2.4894838326012496,0.8059999999999999,10
Leaf Area,Artemisia campestris,25,12.782092,2.6096,40.52952655481474,1.6405,2
Leaf Area,Artemisia carruthii,20,0.73763,0.5112,0.4862028481806204,0.7677750000000001,1
Leaf Area,Artemisia dracunculus,20,1.154005,1.07675,0.5940691413552183,0.9589749999999999,0
Leaf Area,Artemisia frigida,10,0.075221,0.070735,0.019516539680771054,0.016305,1
Leaf Area,Artemisia ludoviciana,29,2.975113793103448,2.4201,1.923344314454854,1.6671,4
Leaf Area,Artemisia pattersonii,15,112.23571428571427,112.235714285714,49.84042546170811,82.75,0
Leaf Area,Artemisia pontica,10,187.968,180.17,38.2665260740739,55.08500000000001,0
Leaf Area,Artemisia rothrockii,159,74.27315851238994,68.81355932,35.07933326497921,43.224576275000004,10
Leaf Area,Artemisia santonicum,10,117.966,94,72.88528081855759,65.00500000000001,1
Leaf Area,Artemisia scopulorum,35,297.8735294117647,297.873529411765,93.7403055656597,112.00000000000003,3
Leaf Area,Arum pictum,150,17341.7296,16944.525,7700.545800193235,10066.875,6
Leaf Area,Asclepias syriaca,78,1495.0323282051281,75.08500000000001,2512.411305253244,2236.915,19
Leaf Area,Asimina triloba,84,17587.186904761904,17618.1,4400.817132552067,5663.25,6
Leaf Area,Asparagus albus,23,12.815130434782608,6.459,25.57734777334384,6.8555,1
Leaf Area,Asperula cynanchica,21,22.570126984126986,22.33,6.328247809514442,7.670000000000002,1
Leaf Area,Asperula tinctoria,11,21.343775757575756,21.594,4.652303910228917,6.800000000000001,0
Leaf Area,Asplenium trichomanes,15,373.4088888888889,19.9466666666667,533.4268652906006,883.1800000000001,0
Leaf Area,Astragalus alpinus,50,270.956067446,244.79520935,151.33809927048824,253.662591975,0
Leaf Area,Astragalus drummondii,10,11.152055,11.077124999999999,2.208023435167752,3.282000000000002,0
Leaf Area,Astragalus humistratus,21,2.933395238095238,3,0.9541264960560473,1.52,0
Leaf Area,Astragalus laxmannii,10,5.37808,5.3641000000000005,1.0162991445545069,0.8155375000000005,2
Leaf Area,Astragalus onobrychis,10,439.834,428.33500000000004,89.2926137545044,122.41250000000002,0
Leaf Area,Astragalus rusbyi,22,6.76005,6.0840499999999995,2.8146517862529894,2.6675000000000004,4
Leaf Area,Astragalus shortianus,10,6.0565,5.38,1.483631149878193,1.4474999999999998,2
Leaf Area,Astragalus varius,10,246.95,253.65,52.02638753555738,76.25,0
Leaf Area,Asyneuma canescens,31,555.3322580645162,540.7,233.49444445510443,297.25,1
Leaf Area,Athyrium filix-femina,11,672.2252727272727,378.296,511.54387276422165,959.2719999999999,0
Leaf Area,Atriplex sp,10,0.6252889285714286,0.4598541666666665,0.3626708095745033,0.23368214285714273,2
Leaf Area,Avena barbata,113,50.20597345132744,8.503,130.85507340480183,6.925000000000001,18
Leaf Area,Baccharis glutinosa,72,5.958875,4.980499999999999,3.1709548832297934,4.054,5
Leaf Area,Baccharis pilularis,177,3.0286567138372487,2.106,11.34754533084323,0.9970000000000001,16
Leaf Area,Baccharis sergiloides,12,15.809881021847225,0.326435394044087,53.59606384038385,0.13711066340797567,2
Leaf Area,Ballota nigra,10,301.9,290.66499999999996,55.10633276776011,82.755,0
Leaf Area,Bartsia alpina,31,125.08363823870968,118.718802,66.70401858956261,82.41662265,2
Leaf Area,Bassia laniflora,10,11.3,11,2.6373387259803307,3.450000000000001,0
Leaf Area,Bassia prostrata,10,15.675,14,5.773857270298408,6.602500000000003,1
Leaf Area,Bellardia trixago,11,136.18545454545455,153.45,67.29496955399213,101.45000000000002,0
Leaf Area,Bellis perennis,69,1778.6149930695651,594.3299999999999,3189.5039293443765,1856.8999999999999,10
Leaf Area,Berberis aggregata,15,2.87622,2.1921,2.0203371706581197,2.6708999999999996,2
Leaf Area,Berberis bealei,20,130.839257,110.084255,97.2899248538499,103.79722500000001,3
Leaf Area,Berberis koreana,11,6.3052909090909095,5.474,3.433885974942833,1.9092500000000001,3
Leaf Area,Berberis pruinosa,15,6.22244,6.054,1.6086269552456394,2.2150499999999997,0
Leaf Area,Berberis vulgaris,61,14.555755705178251,2.79,63.181582963120164,1.9744000000000002,10
Leaf Area,Betula alleghaniensis,17,903.8712352941176,38.38,1456.3053149517227,1622.26333333333,4
Leaf Area,Betula glandulosa,15,963.5135442197917,1176.533,759.1028904636094,1611.0409770206252,0
Leaf Area,Betula nana,175,74.93987434053334,69.373,32.06356740891996,36.35459999999999,16
Leaf Area,Betula nigra,25,437.8573250666668,23.17837,1074.1165823988772,25.09704,5
Leaf Area,Betula papyrifera,45,248.8465473329526,45.2240299279689,745.6802094633863,18.9781716119276,4
Leaf Area,Betula pendula,113,556.6064767946117,21.21493333,736.3089773253237,1243.5663,6
Leaf Area,Betula pubescens,24,1343.9450309875,1247.5091485,547.8785732822013,707.2568446749999,1
Leaf Area,Bidens cernua,16,12.36286875,10.47465,8.690806600672442,11.535124999999997,1
Leaf Area,Bidens frondosa,12,2179.9698750000002,743.85,2691.811861829992,3739.703125,1
Leaf Area,Bidens tinctoria,21,5.7939380952380954,4.5478,4.770132805748305,4.0524000000000004,1
Leaf Area,Biserrula pelecinus,262,174.5104961832061,122.5,142.61138375452785,171.45,28
Leaf Area,Bistorta bistortoides,40,1358.8675,1234.9499999999998,727.3607620345188,632.2750000000002,6
Leaf Area,Bistorta vivipara,640,430.6013609890625,341.12705,329.3900977982624,363.275,59
Leaf Area,Blepharoneuron tricholepis,20,0.477745,0.46004999999999996,0.2450348793109817,0.3354250000000001,1
Leaf Area,Bothriochloa ischaemum,22,243.675,226.83499999999998,154.7889888033445,256.7925,1
Leaf Area,Botrychium biternatum,10,979.5699999999999,482.3,1489.708669542844,670.1500000000001,1
Leaf Area,Botrychium dissectum,12,1736.225,427.6,2824.450098732012,1064.8500000000001,3
Leaf Area,Botrychium lunaria,18,641.7138135777777,619.4073633,240.61334209675218,250.35320455,2
Leaf Area,Botrychium lunarioides,16,26.39375,26.1,10.211527391466307,18.924999999999997,0
Leaf Area,Bouteloua curtipendula,10,4.08076,4.07835,1.8759374351092961,1.9904250000000001,2
Leaf Area,Bouteloua gracilis,30,0.94906,0.867,0.5339157679918667,0.6333500000000001,2
Leaf Area,Bouteloua simplex,10,0.17939,0.12705,0.1362746120482054,0.20765000000000003,0
Leaf Area,Brachypodium pinnatum,23,1320.1801739130435,1415.925,541.4790206650881,768.4859999999998,0
Leaf Area,Brachypodium retusum,96,124.58007729274931,41.534000000000006,358.3707526121338,112.92059523809523,11
Leaf Area,Brickellia coulteri,11,4.31339623758788,4.31339623758788,0.6660666481238443,0.8597205802997205,1
Leaf Area,Briza media,10,341.37568888888893,293.775,162.45322197498675,145.1558333333332,1
Leaf Area,Bromus carinatus,72,10.47451388888889,9.153500000000001,4.62520958944384,7.04675,2
Leaf Area,Bromus ciliatus,24,7.714345833333334,6.8788,3.843369246872849,3.7447,4
Leaf Area,Bromus hordeaceus,205,43.982224173441736,32.15,47.310662087941665,61.706999999999994,15
Leaf Area,Bromus inermis,346,48.80774566473988,11.309999999999999,223.55859517997797,6.045000000000002,20
Leaf Area,Bromus rigidus,18,108.29055555555556,84.75,80.21851931349563,121.5025,1
Leaf Area,Bromus rubens,97,91.51175257731958,80.75,53.72455620668086,44.550000000000004,10
Leaf Area,Bromus tectorum,51,44.679536666666664,2.1927,65.29263744717375,83.61749999999999,7
Leaf Area,Broussonetia papyrifera,15,23.626166666666666,10.2593,23.123288246813818,27.37715,2
Leaf Area,Buddleja albiflora,15,14.642,11.925,11.84021360153608,14.0767,1
Leaf Area,Buglossoides arvensis,10,22.65,22.5,6.498076638513892,11.125,0
Leaf Area,Bupleurum falcatum,36,666.1771666666667,636.294,298.27229481384,388.89225,3
Leaf Area,Bupleurum fruticescens,12,15.738087301587301,0.4479166666666665,41.56306052970339,1.3148809523809553,2
Leaf Area,Bupleurum longifolium,10,4364.58,3909.25,1736.6311300266898,2049.2,1
Leaf Area,Bupleurum praealtum,20,276.291,264.835,185.87480361791913,319.2925,0
Leaf Area,CAPSELLA BURSA-PASTORIS,22,507.44772727272726,368.5,343.11896544343,582.835,0
Leaf Area,Cakile maritima subsp. maritima,21,377.57904761904763,336.27,139.65151269874457,226.76999999999998,0
Leaf Area,Calamagrostis canadensis,21,412.4560666666667,180,551.7374995570849,767.1027,2
Leaf Area,Calamagrostis canescens,11,386.7056747818182,268.1,216.29082478810813,371.99304825,0
Leaf Area,Calamagrostis lapponica,16,239.6704933375,240.96726,106.45250543008714,84.288361925,3
Leaf Area,Calamagrostis stricta,16,122.8765875,99.7393,71.78024572207292,79.64944999999999,3
Leaf Area,Calamagrostis varia,10,2563.4,2387.75,809.1569961660373,926.75,1
Leaf Area,Calicotome villosa,36,128.71294444444445,129.31900000000002,47.29059228940297,52.991249999999994,6
Leaf Area,Calliandra eriophylla,11,14.971056294125246,14.9710562941252,2.674842204792711,2.855733380302752,1
Leaf Area,Calluna vulgaris,49,1.0882878421481648,0.9364595,0.8566207101725795,0.4618485,10
Leaf Area,Caltha leptosepala,22,1851.6904545454545,1734.495,688.935710736753,788.1500000000001,2
Leaf Area,Calycanthus floridus,20,16.79656,15.827465,13.45887777688334,24.279617499999997,0
Leaf Area,Calystegia sepium,36,2017.368429230326,2267.005018,993.357646506525,1872.8350135,0
Leaf Area,Calystegia soldanella,58,652.5096551724138,523.4200000000001,343.24529980536585,357.2850000000001,8
Leaf Area,Campanula arvatica,10,0.2181333333333333,0.2041666666666665,0.05022913853556211,0.07316666666666677,0
Leaf Area,Campanula barbata,14,773.6598923928572,715.452484,446.79920610891753,594.8864141250002,1
Leaf Area,Campanula bononiensis,15,1142.6933333333334,1132.1,437.64296842234745,643.9000000000001,0
Leaf Area,Campanula micrantha,20,149.2327,151.337,33.46287698346522,28.129000000000005,6
Leaf Area,Campanula parryi,15,100.8285714285714,90.6,39.66253051093201,66.74999999999999,0
Leaf Area,Campanula patula,10,4.150122619047619,3.944025,1.969766154831428,2.0003482142857143,1
Leaf Area,Campanula persicifolia,21,307.9956190476191,269.326,120.7752558132154,69.41899999999998,6
Leaf Area,Campanula rapunculoides,10,2344.55,2321.75,924.1508850470973,1379.625,0
Leaf Area,Campanula rotundifolia,57,48.91102855139319,34.2201898,37.034015937715566,35.975,6
Leaf Area,Campanula scheuchzeri,40,57.8494769075,57.303736799999996,21.5608515011586,26.607964725000002,3
Leaf Area,Campanula trachelium,90,2308.777177777778,2157.824,1119.0551155476587,1333.4599999999998,5
Leaf Area,Camphorosma annua,20,8.107,7.26,3.453190896608679,4.057499999999999,1
Leaf Area,Campsis radicans,48,51.553027916666665,38.551204999999996,40.16110930393688,36.97234,8
Leaf Area,Cannabis sativa,10,3437.567,3861.5,1105.6661806556062,1653.5,0
Leaf Area,Cardamine amara,15,544.3972076533333,196.21142899999998,643.9523280436327,496.99114010000005,3
Leaf Area,Cardamine bellidifolia,38,15.153195499999999,13.467715,7.502097034456777,10.43949525,3
Leaf Area,Cardamine bulbifera,50,6392.87956,6279.149,2091.106480043297,2795.3140000000003,1
Leaf Area,Cardamine diphylla,11,591.2327272727273,37.9,1818.922302783112,39.705000000000005,1
Leaf Area,Cardamine enneaphyllos,20,15709.122,15819.789,2949.096569179289,3235.1690000000017,2
Leaf Area,Cardamine parviflora,10,106.50999999999999,98.5,40.12974651745953,27.775000000000006,2
Leaf Area,Carduus acanthoides,10,614.865,694,307.65914040090246,370.2525,1
Leaf Area,Carduus collinus,10,5853.3099999999995,5123.049999999999,4257.184729489666,3716.2749999999996,2
Leaf Area,Carduus defloratus,12,1144.4717425083334,875.9400497500001,790.8936096739752,1421.962864225,0
Leaf Area,Carduus pycnocephalus,100,14.87926,11.008,12.656098298201439,13.426000000000002,10
Leaf Area,Carex arenaria,10,75.99117563351929,2.920372258064515,231.01529162774295,0.9482656083617598,2
Leaf Area,Carex bigelowii,132,208.04289296363638,197.54375,102.0219178241031,124.92165,7
Leaf Area,Carex brevior,26,8.155729166653845,3.98435,18.463649603062752,1.3368500000000005,3
Leaf Area,Carex capillaris,10,48.081033332000004,48.068166665,11.366050324292678,8.708666670000007,3
Leaf Area,Carex caryophyllea,13,173.23036923076924,167.49,56.65910432726757,77.94399999999999,0
Leaf Area,Carex curvula,28,94.01352799964286,82.85467299999999,42.22219996140897,63.6311079175,1
Leaf Area,Carex dioica,16,44.68615237875,45.134279615,10.669829523826115,13.301960972499998,1
Leaf Area,Carex disticha,10,3796.39,3900.25,792.9209522742829,1124.875,0
Leaf Area,Carex duriuscula,10,0.95225,0.9263699999999999,0.24346996716455835,0.3021750000000001,0
Leaf Area,Carex ericetorum,10,117.09066667,112.45533335,19.346670441713844,10.732833299999996,3
Leaf Area,Carex firma,11,53.33718181818182,51.85666667,11.457896524616267,16.541999994999998,0
Leaf Area,Carex flacca,16,176.93357708333332,25.661,201.9278038935279,316.761075,1
Leaf Area,Carex foenea,18,243.8296,260,111.70331729758917,128.825,2
Leaf Area,Carex geophila,12,1.4171,1.3498999999999999,0.3340554417784841,0.5196749999999999,0
Leaf Area,Carex intumescens,16,9.450125,9.2315,2.828252791035483,3.6582500000000007,1
Leaf Area,Carex lacustris,16,52.3906375,51.927,14.08807850791465,19.76075,0
Leaf Area,Carex liparocarpos,10,342.2,304,142.9341728831065,204.75,1
Leaf Area,Carex macrolepis,40,854.14605,882.9195,183.07513247213492,181.93999999999994,8
Leaf Area,Carex michelii,10,557.8,519.25,176.7044299262346,172.75,1
Leaf Area,Carex mucronata,10,30.333366667,30.8925,5.561285735485371,3.0046666675000004,2
Leaf Area,Carex myosuroides,28,53.00654341689076,50.786166664999996,16.22716332220997,17.622083332499997,4
Leaf Area,Carex pairae,10,769.2,804.25,115.1125536160153,130.5,1
Leaf Area,Carex pensylvanica,135,4.530323148148148,4.2512,1.792196782402225,2.2517499999999995,9
Leaf Area,Carex pilosa,10,2180.299,2145.67,394.13096330055345,656.75,0
Leaf Area,Carex richardsonii,18,3.4519305555555557,2.93995,1.8428763387017404,2.5034625,2
Leaf Area,Carex rupestris,31,92.89689247354839,95.6,47.81165698747958,75.327666665,0
Leaf Area,Carex scabrata,10,12.449,12.66,4.210844333384933,6.152500000000002,0
Leaf Area,Carex scopulorum,19,564.2421052631579,566.6,103.22589746004996,136.74999999999994,1
Leaf Area,Carex sempervirens,15,102.26793333333333,128.9466667,85.01364690577317,135.96416665,0
Leaf Area,Carex siccata,33,2.7747301818181818,2.615246,1.2966914706166,1.263912,2
Leaf Area,Carex stenophylla,10,106.05,107.25,24.689685205679627,35.5,0
Leaf Area,Carex stricta,13,27.854861538461538,25.8792,9.732936877816691,9.1461,1
Leaf Area,Carex swanii,10,6.1108,6.416,1.0377733428408686,1.0099999999999998,2
Leaf Area,Carex sylvatica,40,978.78545,860.55,410.7978113917525,743.7292500000001,0
Leaf Area,Carex viridula,13,46.787418632478634,1.09925555555556,64.09666707038264,96.6784,1
Leaf Area,Carex woodii,32,5.25621875,5.2125,1.347075176539899,1.7582499999999994,2
Leaf Area,Carlina vulgaris,14,446.65018611111117,540.6427777777781,224.8812471668746,308.99750000000006,1
Leaf Area,Carpinus caroliniana,16,1307.5851020833338,1213.833333333335,1121.0064500623691,2491.359675,0
Leaf Area,Carpobrotus acinaciformis,45,1825.964,1683.54,662.3290690276933,728.0199999999998,3
Leaf Area,Carthamus lanatus,13,381.8961538461538,161.67,526.9611619075682,64.66999999999999,3
Leaf Area,Carum carvi,14,154.18401018571427,131.9736011,93.06829735227035,60.013690874999995,2
Leaf Area,Carya cordiformis,19,5306.8421052631575,4833.3,1533.9025828533604,1881.6000000000004,2
Leaf Area,Carya glabra,34,5823.980588235294,3872.95,9382.656399190606,3721.8,5
Leaf Area,Carya ovata,63,8386.855555555556,7142.3,5520.124942361645,5964.300000000001,2
Leaf Area,Carya texana,51,3223.056862745098,2847.3,1848.4335149801739,1922.35,3
Leaf Area,Carya tomentosa,81,6074.687283950617,5403.2,2808.6981559963915,3742.7,4
Leaf Area,Cassiope tetragona,41,5.5420320856097565,5.889,2.79569113531261,4.0556,2
Leaf Area,Castilleja austromontana,10,1.6176,1.635,0.24838775689992806,0.2786249999999999,0
Leaf Area,Castilleja integra,11,1.2806272727272727,1.3851,0.35283377981964564,0.3327500000000001,2
Leaf Area,Castilleja occidentalis,11,160.6,169.1,31.235204497489686,25.69999999999999,2
Leaf Area,Castilleja sulphurea,15,1.6125,1.47915,0.36118099489235117,0.5682499999999999,0
Leaf Area,Catalpa speciosa,40,228.171515,155.092295,245.86502515710023,303.611645,4
Leaf Area,Ceanothus fendleri,21,1.0073809523809525,0.9144,0.434730581646895,0.5176000000000001,1
Leaf Area,Cedrus atlantica,20,0.3235,0.30000000000000004,0.1937517402298758,0.27,0
Leaf Area,Cedrus deodara,20,0.3095,0.305,0.1518127308994799,0.20750000000000002,0
Leaf Area,Celtis ehrenbergiana,11,1.4777182669437183,1.45508633512255,0.7770218109908127,0.5570268120356194,2
Leaf Area,Celtis occidentalis,37,3904.1108108108106,3806.1,1573.4560876871906,2519.3,0
Leaf Area,Cenchrus spinifex,10,246,248.5,104.3706003730084,181.25,0
Leaf Area,Centaurea arenaria,10,111,79.75,89.85234801853785,80.375,1
Leaf Area,Centaurea diffusa,10,5.75287,5.1968,1.6403303915505696,2.046524999999999,1
Leaf Area,Centaurea jacea,268,1063.5813168905888,12.155000000000001,2606.2243699038227,970.4925000000001,54
Leaf Area,Centaurea nigra,11,52.02018181818182,4.065,158.8609132686944,1.3359999999999994,1
Leaf Area,Centaurea scabiosa subsp. sadleriana,15,4441.746666666667,4152.2,1835.78895685077,2271.05,1
Leaf Area,Centaurea solstitialis,15,1630.0866666666668,129.67,2366.78525567508,3305.0200000000004,1
Leaf Area,Centaurea sphaerocephala,37,1387.6743243243243,1019.07,983.2580540832959,1454.09,2
Leaf Area,Cephalanthera longifolia,41,1172.9822926829268,1043.367,551.8298947637417,832.3,0
Leaf Area,Cephalaria transsylvanica,10,1019.133,990.835,309.9793264450604,367.005,1
Leaf Area,Cerastium arvense,15,25.85463111111111,32,17.149871114099746,25.553799999999995,0
Leaf Area,Cerastium brachypetalum,10,41.165,32.33,16.41135193158145,18.832499999999996,2
Leaf Area,Cerastium cerastoides,30,12.0773952,10.935462,5.279897934437804,7.326598249999996,1
Leaf Area,Cerastium dubium,10,42.866,41.5,13.115434673188176,15.994999999999997,1
Leaf Area,Cerastium fontanum,28,84.64875957857143,81.45,38.008139586797974,56.41365837499999,0
Leaf Area,Cerastium glomeratum,10,95.667,95,12.257948033826867,20.747500000000002,0
Leaf Area,Cerastium holosteoides,10,116.633,109.83,48.68702497700092,42.417500000000004,2
Leaf Area,Cerastium latifolium,10,42.242766667,37.11166667,12.907950108650601,9.427416672500001,2
Leaf Area,Cerastium semidecandrum,20,27.1595,28.665,16.187476470212527,24.082499999999996,0
Leaf Area,Cerastium uniflorum,18,20.928277805555556,21.6236353,8.187755765786658,13.6104222975,0
Leaf Area,Cercis canadensis,85,4034.127854627451,125.04,5325.770436079722,7935.48807,9
Leaf Area,Cervaria rivini,10,7801.366,7226.165,2087.8838785196417,3164.584999999999,0
Leaf Area,Chaenactis douglasii,25,1.6648228,1.453581,0.7111587982202006,0.9989500000000002,2
Leaf Area,Chaetopappa ericoides,20,0.083765,0.07705000000000001,0.046538736270812196,0.059775,1
Leaf Area,Chamaecyparis obtusa,15,2.114646666666667,2.2862,1.1980463983780707,1.5943999999999998,0
Leaf Area,Chelidonium majus,10,4647.799,5009.5,1024.6810028432155,950.085000000001,2
Leaf Area,Chenopodium fremontii,21,6.334633333333334,5.7038,3.0509258652634177,3.0766,3
Leaf Area,Chenopodium leptophyllum,10,0.521625,0.5293749999999999,0.15505604945380952,0.21031249999999996,0
Leaf Area,Chenopodium vulvaria,21,8.097995238095239,2.6762,24.464596203176463,1.9745,1
Leaf Area,Cherleria obtusiloba,23,5.240909090909091,5.3,3.0476010074854694,5.6,0
Leaf Area,Cherleria sedoides,20,2.08790494,2.06559665,0.9717350015558035,1.3662131000000004,0
Leaf Area,Chilopsis linearis,28,17.602857142857143,1.605,83.18072919885297,1.5250000000000001,3
Leaf Area,Chionophila jamesii,11,359.53000000000003,352.6,65.29920443619508,34.700000000000045,4
Leaf Area,Chrysopogon gryllus,10,565.02,506.05,185.8273738954756,293.9,0
Leaf Area,Chrysopsis villosa,45,1.4058619333333333,1.317533,0.6132462558805912,0.872402,1
Leaf Area,Circaea alpina,12,7.083458333333334,5.945,4.059941061922929,6.110650000000001,1
Leaf Area,Circaea lutetiana,28,18.686202380952384,18.145000000000003,12.461128218590753,17.301500000000026,1
Leaf Area,Cirsium arvense,83,538.3794569661975,22.6,978.3130251893587,926.7185031,12
Leaf Area,Cirsium brachycephalum,25,4040.752,3355.1,1989.364109692676,2332.5,3
Leaf Area,Cirsium rivulare,10,14428.16,13385.05,7747.805428377767,12313.324999999997,0
Leaf Area,Cirsium wheeleri,21,9.392285714285714,9.0243,3.3080866536845304,2.9261,3
Leaf Area,Cistus albidus,85,52.67983058823529,5.9906,134.69600140827362,4.13473333333333,14
Leaf Area,Cistus clusii,15,22.350984646464646,0.25,38.84750868132042,28.73598181818182,3
Leaf Area,Cistus creticus,172,75.11222346893605,33.089326665,140.70199308743082,21.57937000500001,27
Leaf Area,Cistus monspeliensis,125,288.412568,245.942,157.47195038801487,192.587,6
Leaf Area,Cistus salviifolius,182,127.15340815016484,36.52022667,170.32252002035793,226.37709167000003,14
Leaf Area,Claytonia perfoliata,10,963.999,914.165,241.22649621603895,260.3349999999999,1
Leaf Area,Cleistogenes serotina,10,131.25,121,53.53620270433831,81,0
Leaf Area,Clematis alpina,10,5383.53,5376.4,1373.6792178104918,1546.6750000000002,1
Leaf Area,Clematis recta,11,7638.172727272728,6354,2591.351166125853,3149.3500000000004,2
Leaf Area,Clematis tangutica,15,17.083133333333333,16.9276,7.814093863075383,9.239,1
Leaf Area,Clematis vitalba,20,8212.165,6692.8715,3795.73360113095,5669.143,2
Leaf Area,Cleomella arborea,11,21.080902042518247,19.8199408761086,3.9899502046117736,4.205955642124,2
Leaf Area,Clinopodium alpinum,20,78.3869,82.5375,12.226266378924558,3.9849999999999994,6
Leaf Area,Clinopodium obovatum,19,0.28349120658278226,0.276833333333333,0.22052222695211765,0.33900833333333336,0
Leaf Area,Clinopodium vulgare,42,279.6012857142857,158,249.87631467473778,495.0195,0
Leaf Area,Clintonia borealis,10,50.559,44.245000000000005,25.487707908802715,21.832499999999996,2
Leaf Area,Coleogyne ramosissima,11,2.2971806677822664,2.29718066778227,0.4699227904211738,0.4866598294945952,1
Leaf Area,Cologania angustifolia,20,5.24204,5.4148499999999995,1.6186074142526607,1.6022499999999997,3
Leaf Area,Comandra umbellata subsp. pallida,10,0.4859,0.397,0.19083177583061647,0.11824999999999997,1
Leaf Area,Commelina erecta,20,6.37827,6.80493,3.217495227395961,4.241992499999999,2
Leaf Area,Condalia ericoides,11,0.06786866052175707,0.0680482389015084,0.011811444701309988,0.009354784541462657,4
Leaf Area,Condea emoryi,10,3.2978907380497002,2.2075332588394,2.8422414262987203,4.484690265876337,0
Leaf Area,Convolvulus arvensis,70,233.02570941,41.245000000000005,307.7030395851116,439.7025,8
Leaf Area,Convolvulus cantabrica,10,378.21,344.15,203.47449444313378,326.69999999999993,0
Leaf Area,Conyza canadensis,26,0.41788884615384614,0.380865,0.3452731727120069,0.43637499999999996,1
Leaf Area,Coptis trifolia,10,2.393,2.45,0.4188356877503794,0.5575000000000001,1
Leaf Area,Cornus canadensis,26,10.837894284447115,8.538,6.927274490893577,7.216262327500001,3
Leaf Area,Cornus capitata,15,5.4623,5.9105,2.5143077510803757,3.6241499999999998,0
Leaf Area,Cornus drummondii,12,4109.475,4859.1,1972.717249759833,3063.55,0
Leaf Area,Cornus florida,234,3536.93548,3990.75,2150.1064568882107,1979.499999999999,59
Leaf Area,Cornus racemosa,51,41.98773529411765,15.68,189.22284088203392,8.04535,5
Leaf Area,Cornus suecica,19,343.36483157894736,342.3,136.26615802770388,107.64999999999998,5
Leaf Area,Corylus americana,23,298.8791347826087,35.076,1259.2690976025563,16.10655,4
Leaf Area,Cosmos parviflorus,10,5.40772,4.7654499999999995,2.7810846871919117,4.022775,0
Leaf Area,Cotinus coggygria,10,1561.95,1558.75,304.4192512893289,296.875,1
Leaf Area,Cotoneaster franchetii,15,3.8850466666666668,3.6509,1.3209966956088588,1.4726999999999997,2
Leaf Area,Crataegus laciniata,30,3.6520275,3.0017,1.786221285615699,2.4486785714285726,3
Leaf Area,Crataegus monogyna,108,414.8734931657848,6.5316,593.8105009579584,730.7097309523808,14
Leaf Area,Crepis aurea,34,677.1067494,480.86431045,499.82303302209084,350.75661132499994,7
Leaf Area,Crepis capillaris,36,174.30136666666667,89.625,195.13362313724554,141.1375,5
Leaf Area,Crepis foetida,11,620.4545454545455,656.5,248.4886772617069,448.25,0
Leaf Area,Crepis pannonica,10,6112.26,5516.3,4325.32130320974,6866.199999999999,0
Leaf Area,Crepis tectorum,11,226.53327272727273,154,152.131923598626,192.25,1
Leaf Area,Crepis vesicaria,30,451.3229629333334,244.175,609.1700384507067,361.78499999999997,3
Leaf Area,Crocus heuffelianus,23,485.4434782608696,350.3,272.99938032911183,429.4000000000001,0
Leaf Area,Crucianella maritima,67,44.791172960199006,37.62,30.07084245821327,19.5576565,8
Leaf Area,Cruciata glabra,50,76.89621,76.84575,24.563055588635713,32.009249999999994,3
Leaf Area,Crupina vulgaris,15,113.05799999999999,66.67,132.2919428601541,31.214999999999996,3
Leaf Area,Cryptomeria japonica,35,0.67127,0.09038,0.936812600551968,0.92353,6
Leaf Area,Cunninghamia lanceolata,13,2.0549615384615385,1.1479,1.8034076302648372,2.8141000000000003,1
Leaf Area,Cutandia maritima,21,87.17666666666666,62.13,50.40388143122842,61.62,3
Leaf Area,Cyclospermum leptophyllum,20,0.6000345,0.518975,0.40653470204017605,0.5468225,1
Leaf Area,Cymopterus lemmonii,63,389.4414152592592,5.805481,698.125230594343,386.0808135,16
Leaf Area,Cynodon dactylon,13,125.97153846153847,107.33,55.85313044735479,59.66000000000001,1
Leaf Area,Cynosurus cristatus,69,4493.413188405797,3111.17,4601.885445664538,4803.509999999999,7
Leaf Area,Cyperus capitatus,97,767.2139175257732,684.53,373.8036710085832,525.6200000000001,5
Leaf Area,Cytisus austriacus,10,198.44,189.7,34.01408858432374,45.625,1
Leaf Area,Cytisus ratisbonensis,10,263.75,260.25,20.526744072604945,27,0
Leaf Area,Cytisus scoparius,30,1.0183537433862433,1.0806,0.2571342155145236,0.28559999999999997,3
Leaf Area,Cytisus triflorus,10,616.2,580.5,208.02900438800995,219.25,1
Leaf Area,Dactylis glomerata,394,1202.6777734430093,167.72500000000002,3709.0192010032,1094.9175,66
Leaf Area,Dactylorhiza incarnata,10,2864.35,2844.9,575.9515474412757,585.0249999999996,2
Leaf Area,Dactylorhiza sambucina,11,934.9709090909091,898.1,445.2373049387157,395.69000000000005,1
Leaf Area,Dalea formosa,11,0.08956411493485805,0.0959085807570656,0.013851664225014841,0.015250475757019016,1
Leaf Area,Dalea polygonoides,10,3.44636,3.2019,1.7757681625457507,1.46395,1
Leaf Area,Danthonia intermedia,25,114.875,116.6,35.95436053758524,49.3,0
Leaf Area,Danthonia spicata,14,3.612507142857143,3.59225,1.2735601664771723,1.7996749999999997,0
Leaf Area,Daphne cneorum,12,40.72083333333333,40.349999999999994,7.41084764914162,10.425000000000004,0
Leaf Area,Daphne gnidium,40,21.056348333333332,1.6832,40.50810609814923,1.0328999999999997,8
Leaf Area,Daphne laureola,214,732.7444816838006,797.855,368.3775290654608,402.336,34
Leaf Area,Dasyphyllum tomentosum,10,13801.36,13771.5,1950.217909875714,2735.5,0
Leaf Area,Datura wrightii,30,39.25566666666666,29.200000000000003,33.14775247837802,53.254999999999995,0
Leaf Area,Daucus carota,206,283.11133695631065,33.7705,1145.8489478113288,46.68475,19
Leaf Area,Dennstaedtia punctilobula,11,7.136363636363637,5.22,4.245143749573795,1.9500000000000002,2
Leaf Area,Deschampsia caespitosa,65,436.0758107830769,411.1,222.76017295924711,282.2189684,3
Leaf Area,Deschampsia cespitosa,13,1089.3934178398601,519.6,1681.5385792687553,195.0464286,3
Leaf Area,Deschampsia flexuosa,133,43.80076577735406,41.84286239,24.377870554994367,33.32133732,4
Leaf Area,Descurainia sophia,10,3.05675,2.5549999999999997,1.3231921891563767,1.0012499999999998,2
Leaf Area,Desmodium rigidum,10,5.2892,4.92,1.0739009679150535,0.806,2
Leaf Area,Deutzia discolor,15,9.075713333333333,9.051,4.053522956791794,3.42145,4
Leaf Area,Deutzia parviflora,15,14.967033333333333,15.5478,5.361948205065909,7.70565,0
Leaf Area,Deutzia scabra,16,161.07158125,11.325099999999999,599.8394821027886,7.875300000000001,1
Leaf Area,Dianthus serotinus,15,39.92,39.5,10.677292326642153,9.049999999999997,2
Leaf Area,Diapensia lapponica,16,15.56966898625,14.849432665,3.0184841911474765,4.4763501675,0
Leaf Area,Dieteria canescens,20,0.97236,0.8863,0.5462346482486884,0.7131750000000001,1
Leaf Area,Digitalis lutea,61,3567.938655737705,3658.573,1201.4044619750239,1951.4080000000004,0
Leaf Area,Digitaria sanguinalis,10,561.367,486,190.12370107964506,249.00499999999994,1
Leaf Area,Dioscorea bulbifera,20,27.0141725,27.052005,18.989395323861512,30.1126875,0
Leaf Area,Diospyros virginiana,55,6613.598181818182,5794.8,3017.5226241436626,4082.7999999999993,3
Leaf Area,Diplacus aurantiacus,69,9.131197434858885,5.054,27.24867373131298,4.151,4
Leaf Area,Doronicum glaciale,18,287.39360373333335,277.63981635,141.3504058554089,105.66850277500001,4
Leaf Area,Draba asprella,11,0.3564909090909091,0.3702,0.1429493928251915,0.23560000000000003,0
Leaf Area,Draba lasiocarpa,10,36.7,36.95,12.626603308535163,17.875000000000007,0
Leaf Area,Draba streptocarpa,10,11.79,10.35,6.895481612379709,9.85,0
Leaf Area,Draba verna,20,29.241500000000002,18.835,21.027341417907856,33.8525,0
Leaf Area,Dracocephalum ruyschiana,10,203.52,205.05,44.197631912430175,52.150000000000006,0
Leaf Area,Dryas octopetala,86,83.76882507063122,85.38492533499999,36.91073180313441,54.280369,0
Leaf Area,Drymaria leptophylla,10,0.02007,0.0221,0.012953510892589873,0.016125,0
Leaf Area,Drymaria molluginea,10,0.0339,0.0356,0.015103274111559019,0.026675000000000004,0
Leaf Area,Echeandia flavescens,22,8.374722727272728,7.6476500000000005,2.89540768935121,4.6504249999999985,0
Leaf Area,Echinophora spinosa,46,2864.744347826087,2152.7599999999998,1986.419687732627,3240.9525,1
Leaf Area,Echinops ritro,13,2531.0061538461537,2772.7,969.0955130905868,1082,2
Leaf Area,Echium italicum,15,2667.6586666666667,1778,1747.532310671523,3116.9000000000005,0
Leaf Area,Echium plantagineum,210,218.61980952380952,190.325,137.20333167227798,176.11250000000004,12
Leaf Area,Echium vulgare,10,964.733,909.17,375.5027221990393,533.745,0
Leaf Area,Eleocharis palustris,27,141.69608650683978,14.7834,185.89072856515935,337.2994,0
Leaf Area,Elymus caninus,10,602.1,614.75,98.84999859495306,146.375,0
Leaf Area,Elymus elymoides,20,3.64376,3.8548999999999998,1.2270103106845989,2.1198250000000005,0
Leaf Area,Elymus lanceolatus,26,3.59442,3.742721,1.255907062451263,1.6428029999999998,1
Leaf Area,Elymus repens,13,697.3841129213675,756,235.45891459535022,200.23869020000006,1
Leaf Area,Elymus riparius,24,16.371666666666666,15.11,4.965392989102865,5.834999999999997,3
Leaf Area,Elymus scribneri,11,413.3,413.3,90.47325571681391,129.75,0
Leaf Area,Elymus smithii,33,7.559868686868687,6.545,4.510536847505419,4.6815,4
Leaf Area,Elymus violaceus,12,4.203855555555555,3.8804999999999996,2.4702094180365015,1.8959499999999996,3
Leaf Area,Elymus virginicus,15,13.820993333333334,14.117,3.2314827667953354,5.591999999999999,0
Leaf Area,Empetrum nigrum,221,4.761862905027149,4.4602,1.527858697013092,1.6987,31
Leaf Area,Encelia farinosa,42,27.40437706503969,5.2290624999999995,139.69935579887903,5.743432813805985,4
Leaf Area,Encelia virginensis var. actonii,11,1.1870374937575847,1.12965830325206,0.23597969579318162,0.197562482438415,1
Leaf Area,Ephedra distachya,10,507.89,416.05,231.80454625970273,328.475,0
Leaf Area,Epilobium alsinifolium,10,0.408645,0.3910833333333335,0.09741280876624174,0.07012500000000005,3
Leaf Area,Epilobium angustifolium,45,731.8555405679167,529.1,906.5032950393813,1068.02955307,3
Leaf Area,Epilobium brachycarpum,10,0.59229,0.5233,0.28535824443437174,0.4196000000000001,0
Leaf Area,Epilobium hirsutum,13,1494.4379026844374,1398.260417,769.2047176950737,507.77307700000006,3
Leaf Area,Epilobium tetragonum,11,429.2677446662175,361.5,173.88133452646755,334.027404335804,0
Leaf Area,Epipactis helleborine,108,2348.4263703703705,2426.2995,1345.6655753156433,1583.9320000000002,11
Leaf Area,Equisetum arvense,19,24.605091437930895,18.5456,39.13163728383338,22.83255,1
Leaf Area,Equisetum hyemale,16,1.51261875,1.51875,0.41375044365535124,0.29417499999999985,5
Leaf Area,Equisetum pratense,15,30.173333333333332,31.5,7.95222041468982,8,2
Leaf Area,Equisetum ramosissimum,10,221.56,201.05,98.55869317315445,69.07499999999999,2
Leaf Area,Equisetum scirpoides,12,135.46208333333334,133.6,27.26254127239036,31.045000000000016,1
Leaf Area,Equisetum variegatum,12,397.19375,388.0575,104.12123803364561,90.85250000000002,2
Leaf Area,Eragrostis mexicana,10,4.367,4.07535,2.0668265201618747,2.127425,1
Leaf Area,Eragrostis spectabilis,12,5.590009090916666,5.54195,2.3464268845337606,1.9646249999999998,2
Leaf Area,Eremogone congesta,25,0.14462253454545457,0.0986811666666667,0.12670955372698353,0.084722066666667,6
Leaf Area,Eremogone fendleri,54,13.30500458937198,0.50465,16.849876924337494,25.126199999999997,6
Leaf Area,Erica arborea,106,6.586320754716981,4.914,12.604376161096681,2.428749999999999,13
Leaf Area,Erica carnea,10,3.1730444444,3.1825,0.4142450457968919,0.5504999999999995,0
Leaf Area,Erica scoparia,52,5.52225,5.319,2.0762388494110984,2.277750000000001,5
Leaf Area,Ericameria cuneata,11,1.4881889017784784,1.6540725006094,0.7776757654186548,0.2710497832313399,3
Leaf Area,Ericameria ericoides,133,0.10641443684210526,0.068,0.16839867753079274,0.062,9
Leaf Area,Ericameria linearifolia,11,4.3493866411165545,4.34938664111655,0.6318767927066694,0.8638360609195752,0
Leaf Area,Erigeron alpinus,10,1.2238999999999993,1.23583333333333,0.2047778109362723,0.15908333333333013,3
Leaf Area,Erigeron andicola,16,427.97398360625,372.71228735,253.0552335203397,295.3622636,1
Leaf Area,Erigeron annuus,15,274.17509333333334,332.33,214.895842144702,408.3118,0
Leaf Area,Erigeron divergens,21,0.6475047619047619,0.6281,0.21196674615653863,0.3784,0
Leaf Area,Erigeron flagellaris,22,0.5975181818181818,0.6308,0.18667050073366132,0.24645000000000006,2
Leaf Area,Erigeron formosissimus,20,1.755705,1.54055,0.9109350797106062,1.7109249999999998,0
Leaf Area,Erigeron grandiflorus,30,100.11379310344826,88.05,33.297009538891864,36.7,4
Leaf Area,Erigeron karvinskianus,10,1.962861666666667,1.8555,0.5442697704519137,0.5524374999999999,1
Leaf Area,Erigeron melanocephalus,11,123.82,119.4,46.97294540477529,51.54999999999998,1
Leaf Area,Erigeron peregrinus,10,1274.41,1230.7,638.5524105349537,818.8000000000002,0
Leaf Area,Erigeron pumilus,10,0.457125,0.446875,0.15808319056398404,0.20843750000000005,1
Leaf Area,Erigeron rufescens,52,22.338346153846153,2.9115,131.40903035073717,1.1640000000000001,4
Leaf Area,Erigeron speciosus,20,3.974315,3.8022,1.267368375092345,1.8935749999999998,1
Leaf Area,Erigeron strigosus,29,6.684917241379311,2.28,20.153744398481763,3.1400000000000006,2
Leaf Area,Erigeron uniflorus,22,72.12072876272727,58.368333335,36.3892904114142,38.25358866499999,3
Leaf Area,Eriogonum alatum,21,4.17672380952381,4.2006,1.795144774915038,2.6506999999999996,0
Leaf Area,Eriogonum arcuatum,11,132.36,132.36,58.61315893210329,52.5,3
Leaf Area,Eriogonum fasciculatum,11,0.4711758560919113,0.252151694459387,0.4808446988724892,0.3621718003970995,2
Leaf Area,Eriogonum pharnaceoides,12,0.84345,0.5453,0.5753764435725378,0.7770999999999999,1
Leaf Area,Eriogonum plumatella,11,0.5037285616385037,0.502937940130344,0.16284145159554,0.15466407159538859,2
Leaf Area,Eriogonum racemosum,21,7.1782619047619045,7.1752,2.2572981574165585,2.226000000000001,2
Leaf Area,Eriogonum umbellatum,25,1.03547964,1.021817,0.245627301973247,0.32238299999999986,1
Leaf Area,Eriogonum wrightii,11,3.15062060446186,3.22544137618832,0.594857111011136,0.6343020372071395,1
Leaf Area,Eriophorum angustifolium,14,1899.0728837142858,2054.6052095,768.3216938851346,300.77292999999986,3
Leaf Area,Eriophorum scheuchzeri,12,239.09569863333334,233.69128890000002,61.628067668289894,93.4854761,0
Leaf Area,Eriophorum vaginatum,17,338.77070508235295,349.3137838,53.68004301394363,79.8321707,0
Leaf Area,Eritrichium nanum,11,7.92,7.920000000000001,3.322589351695451,4.749999999999998,0
Leaf Area,Erodium cicutarium,22,350.70176363636364,203.565,486.1100366586988,514.2842499999999,1
Leaf Area,Eryngium campestre,54,11851.968148148148,10818.55,7107.148336093599,9081.149999999998,1
Leaf Area,Eryngium maritimum,17,7429.949308588235,7018.043041,2685.6979766448126,4071.075963000001,0
Leaf Area,Erysimum asperum,10,1.649,1.6025,0.4216604083857056,0.703125,0
Leaf Area,Erysimum canum,10,68.1,63,31.335815504520276,28.375,1
Leaf Area,Erysimum capitatum,21,39.86951904761905,1.1115,63.74925963403119,109.04425,0
Leaf Area,Erysimum diffusum,10,75.45,64.75,31.63546708644868,34.5,2
Leaf Area,Erysimum duriaei,20,1.259491666666667,1.1868333333333352,0.29691993661138616,0.4307499999999975,0
Leaf Area,Erysimum odoratum,10,348,374,74.87174218473734,89.125,1
Leaf Area,Erythronium dens-canis,15,2416.48,2044.1,1336.3651207660278,1283.9499999999998,2
Leaf Area,Eschscholzia californica,99,3.8536565656565656,3.56,2.8558210412462506,4.502000000000001,2
Leaf Area,Euonymus latifolius,40,3771.51005,3994.9350000000004,720.9938382890074,1310.2269999999999,0
Leaf Area,Euphorbia amygdaloides,20,556.115,544.9304999999999,208.17445780933483,203.07399999999996,4
Leaf Area,Euphorbia brachycera,21,0.8228,0.7091,0.42606487534177234,0.6837,0
Leaf Area,Euphorbia corollata,16,6.174575,1.4364,18.370257897899346,0.7092250000000002,3
Leaf Area,Euphorbia cyparissias,21,27.561809523809522,16.878,18.980564869410625,29.8,1
Leaf Area,Euphorbia epithymoides,15,443.11333333333334,433.5,164.7699992919423,255.60000000000002,0
Leaf Area,Euphorbia esula,10,120.95,123.25,17.177908940134582,24.25,0
Leaf Area,Euphorbia fendleri,20,0.220705,0.1895,0.09657422820106604,0.134875,2
Leaf Area,Euphorbia flavicoma subsp. occidentalis,10,0.4374951190476191,0.4332722222222225,0.0943223998109771,0.1386354166666668,0
Leaf Area,Euphorbia glareosa,10,273.399,281,55.86649571374003,80.50249999999997,0
Leaf Area,Euphorbia lamarckii,10,150.599,134.33499999999998,74.1398935121976,84.6675,1
Leaf Area,Euphorbia maculata,31,6.5071680645161285,0.41213,9.020918826859202,14.96981,2
Leaf Area,Euphorbia pyrenaica,10,0.355825,0.35350000000000004,0.06445683848729922,0.10933749999999998,0
Leaf Area,Euphorbia seguieriana,10,24.6,22.75,7.6623176070371235,10.25,0
Leaf Area,Euphorbia serpyllifolia,18,0.36333333333333334,0.32135,0.20350750817194174,0.33072500000000005,0
Leaf Area,Euphorbia terracina,35,58.194,47.74,38.599549692588234,42.635000000000005,4
Leaf Area,Euphrasia frigida,15,18.486666666666665,15.5,9.613076411598843,9.45,2
Leaf Area,Euphrasia minima,97,18.983351402061857,16.3028461,13.782965180502657,10.2658163,10
Leaf Area,Euphrasia officinalis,28,32.424503082142856,32.1476126,12.773715506773245,15.0082789,3
Leaf Area,Euthamia graminifolia,109,3.7953,3.33,1.9129572938157722,2.768,3
Leaf Area,Eutrochium maculatum,10,12.02516,11.9088,3.828783093069883,4.538325000000002,1
Leaf Area,Facchinia lanceolata,10,3.30348399,3.0992024999999996,1.543678996541713,0.8797397249999999,1
Leaf Area,Fagus grandifolia,77,735.5166406926406,38.59,1696.5487636127202,41.462,14
Leaf Area,Fagus sylvatica,1568,1743.457783088722,1663,1094.6328689590275,1338.25,70
Leaf Area,Festuca altissima,38,2178.624894736842,2133.365,814.3364935302382,1324.2392499999996,0
Leaf Area,Festuca arizonica,20,1.158015,1.18685,0.4058811029884957,0.6233249999999999,1
Leaf Area,Festuca brachyphylla,37,28.883333333333333,28.7,9.18366605567854,10.899999999999999,2
Leaf Area,Festuca halleri,10,17.67205,16.54655,3.5407758607558195,6.579475000000002,0
Leaf Area,Festuca heterophylla,10,328.05,310.25,81.1912864782915,99.25,1
Leaf Area,Festuca ovina,98,34.65862625326364,35.45,16.065379743529487,21.351799999999997,7
Leaf Area,Festuca pulchra,10,120.2,131.5,24.525723457445878,31.125,2
Leaf Area,Festuca quadriflora,11,31.38512121181818,32.01333333,6.489003350056842,7.905333329999998,0
Leaf Area,Festuca rubra,40,38.280015622655654,4.513,61.10199408257196,57.13274166666668,8
Leaf Area,Festuca subverticillata,24,13.0649,10.8645,8.104939219845594,7.875475000000002,2
Leaf Area,Festuca vaginata,19,461.1636279842105,356.7175,272.19987740023674,167.30000000000007,3
Leaf Area,Festuca valesiaca,49,0.5198163265306123,0.441,0.2850518719950654,0.42,3
Leaf Area,Festuca vivipara,15,40.89791745,41.44330247,12.34939430841148,15.719327705000005,0
Leaf Area,Festuca wagneri,10,109.13,101.3,32.97881643317925,43.17500000000001,1
Leaf Area,Ficaria verna,10,985.134,1039.665,220.15400009993007,305.49750000000006,0
Leaf Area,Filago pyramidata,11,26.177272727272726,16.95,24.635871850173718,10.650000000000002,2
Leaf Area,Filipendula ulmaria,32,10448.133522743217,10387.036,3508.8027737180073,4604.5333409999985,2
Leaf Area,Filipendula vulgaris,19,2325.428263157895,2293.67,1399.695113879997,2397.8675000000003,0
Leaf Area,Foeniculum vulgare,11,370.0618181818182,267,327.9719816331323,102.70000000000002,1
Leaf Area,Forsythia viridissima,15,15.250986666666666,14.211,5.3172480771631525,5.254999999999999,3
Leaf Area,Fouquieria splendens,41,1.210351640008997,0.95,0.7206155424056301,0.8200000000000001,2
Leaf Area,Fragaria vesca,109,2305.863889662385,1859.559,1285.5161540102958,1777.5949999999998,6
Leaf Area,Fragaria virginiana,38,21.644864035087718,18.79685,9.882194725092576,12.581750000000001,4
Leaf Area,Fragaria viridis,11,782.790909090909,861.33,219.96404976516254,328.1650000000001,0
Leaf Area,Frangula caroliniana,128,4233.66484375,4147.8,902.8547331806745,1111.625,10
Leaf Area,Fraxinus americana,158,5759.226582278481,4744.85,6300.751466252257,2516.2250000000013,20
Leaf Area,Fraxinus mandshurica,15,41.20534666666667,40.9122,13.475850369238122,16.027849999999994,0
Leaf Area,Fraxinus ornus,71,3823.0404225352113,2345.28,5286.525304499419,3520.025,7
Leaf Area,Fraxinus pennsylvanica,51,96.17313333333334,83.977,53.94337810852289,77.3831,3
Leaf Area,Fritillaria meleagris,10,487.91,444.05,123.46225199090881,119.65000000000015,1
Leaf Area,Fumana ericoides,56,2.786826354121236,0.0671818181818182,16.70692294008628,0.04573446969696961,9
Leaf Area,Fumana laevipes,24,0.6050958321221692,0.04132236842105265,1.3229656346806362,0.026327694235588908,5
Leaf Area,Fumana sp,10,0.02232601043497042,0.02248541666666665,0.0042812243691538404,0.005157368925831206,1
Leaf Area,Gagea serotina,47,111.32078463687942,121,65.12392740647603,124.4549189,0
Leaf Area,Gaillardia pinnatifida,11,1.2647272727272727,1.1272,0.43367488073650085,0.48934999999999995,1
Leaf Area,Galactites tomentosa,10,571.877,582.0275,200.32258485863355,249.30049999999994,0
Leaf Area,Galanthus nivalis,25,778.634,809.6,263.0424326986047,377.20000000000005,0
Leaf Area,Galatella sedifolia,20,186.471,171.385,66.94329665745795,81.50000000000003,2
Leaf Area,Galega officinalis,10,1400.734,1330.835,311.166540553447,347.0050000000001,1
Leaf Area,Galeopsis tetrahit,26,467.3934893,269.1658989,545.3914611173842,655.81346725,3
Leaf Area,Galinsoga parviflora,10,967.032,853.83,502.3301310846837,578.4999999999999,1
Leaf Area,Galium aparine,57,39.33245025385965,1.6094,67.50068590893328,74.264,11
Leaf Area,Galium boreale,69,12.820020289855073,0.97,21.35311814592192,22.224800000000002,7
Leaf Area,Galium estebanii,10,0.3277597863247864,0.33317948717948753,0.05026203740778792,0.05809027777777809,1
Leaf Area,Galium intermedium,10,155.15,153.25,26.41238135588855,26.375,1
Leaf Area,Galium lucidum,11,43.63636363636363,33,28.042013933641524,11.25,2
Leaf Area,Galium mollugo,286,416.9318974297763,8.51420345,1222.3424859792567,95.9855,66
Leaf Area,Galium obtusum,46,0.85151956521739125,0.7365,0.608182681115383,1.0493999999999999,0
Leaf Area,Galium odoratum,110,168.99916184569267,153.94774999999998,79.77177454500904,85.68831250000001,12
Leaf Area,Galium palustre,11,18.42309090909091,19.5,6.864842685080926,3.75,2
Leaf Area,Galium pumilum,21,8.20115308095238,7.6520879,3.2528678808459093,3.9685012000000013,1
Leaf Area,Galium verum,92,639.8677814293478,296.605,887.4992525402218,813.5005,13
Leaf Area,Genista cinerea,29,0.7003211822660099,0.7426,0.17818627372263762,0.27379999999999993,1
Leaf Area,Genista hispanica subsp. occidentalis,10,0.1938890873015873,0.1946666666666665,0.04569189192115098,0.03224107142857202,3
Leaf Area,Genista hystrix,10,0.08382607142857142,0.0775,0.02043719584641264,0.02044910714285711,1
Leaf Area,Genista pilosa,10,38.05,36.5,11.581714515179137,17.5,0
Leaf Area,Genista scorpius,32,4.9110390625,3.3665000000000003,6.366927378348747,1.6134999999999997,7
Leaf Area,Genista sp,10,0.812085416666667,0.3839375,0.8707550946628827,0.6836843750000026,2
Leaf Area,Genista tinctoria,11,256.1515151515151,295,92.56251504750284,100.25,1
Leaf Area,Gentiana alba,20,19.211,18.445,5.991809233840547,9.655000000000003,0
Leaf Area,Gentiana algida,26,323.004,326.052,83.3979543154387,107.22500000000002,0
Leaf Area,Gentiana cruciata,11,1351.2818181818182,1305.8,425.0026960342295,465.2500000000002,1
Leaf Area,Gentiana nivalis,25,19.794257092,19.7,8.5498284836862,12.700996300000003,0
Leaf Area,Gentiana puberulenta,16,13.380625,2.9699999999999998,28.035726129054215,2.82,3
Leaf Area,Gentiana verna,31,26.8815742,23.1324308,13.918633421438784,14.804579450000006,2
Leaf Area,Gentianella amarella,15,77.50399999999999,82,17.707414427699085,15.199999999999989,4
Leaf Area,Geranium caespitosum,11,9.583418181818182,8.0555,3.9928448108630974,4.3467,2
Leaf Area,Geranium dissectum,209,51.7392057416268,2.495,226.62790709707986,2.3630000000000004,21
Leaf Area,Geranium nodosum,20,6099.3736,5603.8099999999995,1281.848124552753,916.2060000000001,2
Leaf Area,Geranium palustre,15,3452.8693333333335,2989.33,1412.8515119454935,2326.7200000000003,0
Leaf Area,Geranium pusillum,10,1448.267,1353,308.50008993515706,471.9200000000001,0
Leaf Area,Geranium richardsonii,12,10.93225,10.346250000000001,4.991730268699877,3.265699999999999,2
Leaf Area,Geranium robertianum,11,1818.269212118182,2034.096,399.71633162630604,599.8625,1
Leaf Area,Geranium sanguineum,11,72.34727272727272,25.658,161.0678405735241,10.231499999999997,1
Leaf Area,Geranium subargenteum,10,4.2825,4.31625,0.8502911266148789,1.1998749999999996,0
Leaf Area,Geranium sylvaticum,29,3746.5136309310346,3550.874619,982.4691414432928,1523.9311449999996,1
Leaf Area,Geum canadense,42,26.247130952380953,23.4,11.227962853095034,14.367750000000001,2
Leaf Area,Geum montanum,20,1766.72992967,1783.640083,726.8210468674857,1065.0174257499998,0
Leaf Area,Geum rossii,60,847.7169791666666,742.609375,575.2219007059479,659.6,1
Leaf Area,Geum urbanum,15,3506.7387604666665,3361.018667,1418.9937565971068,2215.7755264999996,0
Leaf Area,Geum waldsteiniae,15,3714.1005999999998,3937.5,1268.80137512591,1806.0860000000002,0
Leaf Area,Ginkgo biloba,50,24.80247,23.56071,14.76116049729651,22.517960000000002,1
Leaf Area,Glechoma hederacea,37,202.40410834767493,18.99247,294.5275851283389,299.77883,5
Leaf Area,Glechoma hederacea var. hederacea,10,428.168,407.33500000000004,102.80333379808263,155.9149999999999,0
Leaf Area,Glechoma hirsuta,15,1169.6986666666667,867.33,638.7365174072356,1149.5,0
Leaf Area,Globularia alypum,13,13.80511978021978,0.825,25.641929737186064,0.27560000000000007,3
Leaf Area,Globularia repens,10,0.075975,0.07125000000000001,0.010959806618326396,0.019250000000000003,0
Leaf Area,Glycyrrhiza echinata,10,1980.567,1866.5,487.48751635412276,402.4225000000001,2
Leaf Area,Gnaphalium supinum,71,23.068903338028168,20.3121,11.372808889832232,16.505102165,4
Leaf Area,Grindelia squarrosa,12,1.0745308333333332,1.055835,0.21590448407732749,0.20166499999999998,2
Leaf Area,Gutierrezia sarothrae,31,4.617352560540843,0.2675,16.017735409130296,4.1384763563724345,2
Leaf Area,Gymnadenia conopsea,13,519.451624476923,437.0959,215.59928118116775,242.3005907,1
Leaf Area,Gymnocarpium dryopteris,28,1339.6722065,1318.1820189999999,1362.7011407625453,2234.69357075,0
Leaf Area,Gypsophila fastigiata,12,151.69758333333334,96.75,183.68199057336142,64,1
Leaf Area,Gypsophila muralis,10,7.571,7.6,2.2262796569863164,2.004999999999999,3
Leaf Area,Gypsophila paniculata,10,209.3,199.25,98.39608167446958,131.375,0
Leaf Area,Harrimanella hypnoides,12,0.8788158201666667,0.7968958079999999,0.2213709826658085,0.21563576949999996,3
Leaf Area,Hedera helix,122,1592.5610931602914,1579.323,835.0627150319114,875.6167499999999,23
Leaf Area,Helianthella quinquenervis,20,17.31777,12.8418,11.036473010747018,6.749525,3
Leaf Area,Helianthemum cinereum,53,5.223131939203355,0.657428571428571,17.0179018422849,0.38483333333333297,8
Leaf Area,Helianthemum marifolium,22,1.0078670225579358,0.076969696969697,3.071235993430065,0.027051190476190506,4
Leaf Area,Helianthemum nummularium,33,187.73627946127945,214.143,105.47914062838326,215.93,0
Leaf Area,Helianthemum nummularium subsp. nummularium,10,0.482,0.4032,0.23194813596530103,0.28695000000000004,1
Leaf Area,Helianthemum oelandicum,11,1.6425757575757576,0.27925,4.523724215556148,0.16808333333333347,1
Leaf Area,Helianthemum syriacum,13,16.93638644688645,0.554833333333333,36.653560130020566,0.6473333333333329,3
Leaf Area,Helianthus mollis,20,21.8825,18.515,7.283901409055597,7.969999999999999,2
Leaf Area,Helianthus pauciflorus subsp. pauciflorus,12,19.560833333333335,15.530000000000001,9.92875663581968,14.037499999999998,1
Leaf Area,Helichrysum italicum,45,6.507918192239859,0.324333333333333,9.824482905130171,12.747,6
Leaf Area,Helictotrichon bromoides,17,29.16040852508515,6.48212927756654,42.8976750650558,9.471443540183099,4
Leaf Area,Helictotrichon pratense,14,490.90812857142856,455.94500000000005,182.30316630682248,111.15875000000011,3
Leaf Area,Helictotrichon pubescens,82,1946.3733292682928,1228.8000000000002,2139.902493912593,1442.4275000000002,13
Leaf Area,Helictotrichon versicolor,10,166.36283333,170.16583335,44.78187034427496,57.98749999999998,0
Leaf Area,Heliomeris multiflora,20,2.52358,2.3264500000000004,0.913877927239047,1.0824250000000006,1
Leaf Area,Heuchera parvifolia,11,311,310.9,67.13380668485885,101.19999999999999,0
Leaf Area,Hibiscus syriacus,20,22.83628,19.235129999999998,18.172861717189296,30.223605,0
Leaf Area,Hieracium alpinum,38,431.9092999894737,400.6,220.59563403796957,286.67832565000003,2
Leaf Area,Hieracium fendleri,21,4.129847619047619,3.7466,1.2064004283897813,1.2796000000000003,4
Leaf Area,Hieracium graciliusculum,14,393.75384615384615,353.15,133.83118307080073,210.22499999999997,0
Leaf Area,Hieracium murorum,29,838.8586369068965,775.403,547.4142687324614,394.21399999999994,6
Leaf Area,Hieracium sabaudum,40,1387.46355,1471.3055,473.3810747837659,838.9604999999998,0
Leaf Area,Hieracium umbellatum,26,666.0569425753008,683.177,320.5996770063508,422.0211666750001,2
Leaf Area,Hierochloe alpina,12,277.51019766666667,266.386564,71.18000471183386,66.35291385000002,1
Leaf Area,Hierochloe odorata,15,2488.8,2184,1028.4717400103902,1325.1000000000004,1
Leaf Area,Hippophae rhamnoides,17,118.13874284117038,149.5398387,106.04274554350089,208.76353,0
Leaf Area,Holcus lanatus,48,643.228710323263,13.13053846153845,819.9431806212214,1400.715010564995,4
Leaf Area,Holosteum umbellatum,20,52.4005,37.75,37.27078628447699,46.67,2
Leaf Area,Homogyne alpina,27,265.30016694814816,258.7212955,122.23729079563996,132.57418984999998,4
Leaf Area,Hordelymus europaeus,20,1924.7451,1931.7885,464.0154941987561,405.1100000000001,4
Leaf Area,Hordeum murinum,89,105.47955056179775,96.5,49.82797888075699,74.1,3
Leaf Area,Hormathophylla lapeyrousiana,11,2.0060930206157477,0.17325,5.96836467214341,0.11969780219780252,2
Leaf Area,Hornungia alpina,10,11.072157670000001,10.3836677,5.033758692172158,4.264343575,2
Leaf Area,Houstonia wrightii,21,0.32634761904761905,0.3114,0.1328263137298014,0.1934,1
Leaf Area,Huperzia selago,17,29.66249636917647,4.710743267,40.43126038397932,75.388538689,0
Leaf Area,Hydrocotyle bonariensis,20,26.404343,24.372284999999998,17.503915061846232,31.45563,0
Leaf Area,Hydrophyllum virginianum,14,461.7557642857143,32.603,1615.6792835388767,28.586525,1
Leaf Area,Hylodesmum glutinosum,28,23.91997142857143,21.5155,13.25381128033401,18.04225,2
Leaf Area,Hylotelephium telephium subsp. maximum,10,2804.05,2856,476.2904371867606,751.875,0
Leaf Area,Hymenopappus mexicanus,21,4.6795857142857145,4.6918,1.2913195856509396,1.9102000000000001,1
Leaf Area,Hymenothrix dissecta,20,8.08074,7.3219,3.9550472392414706,5.096425000000001,1
Leaf Area,Hymenoxys grandiflora,11,344.61,281.9,165.6644829165262,137.60000000000002,1
Leaf Area,Hymenoxys hoopesii,12,22.538225,18.7255,6.723175541922136,10.649174999999996,0
Leaf Area,Hymenoxys richardsonii,21,1.3551285714285715,1.3722,0.44255324441569416,0.3849,3
Leaf Area,Hyparrhenia hirta,10,52.89940470094111,3.0553715469613247,97.35639450030911,31.245651787562963,2
Leaf Area,Hypericum ascyron,19,13.197673684210526,13.51,4.033695788237727,5.455,1
Leaf Area,Hypericum maculatum,33,233.11913313030303,207.60930100000002,104.8118697405807,114.77808820000001,5
Leaf Area,Hypericum perforatum,68,313.0782093927901,70.659,471.3627911672642,416.18600000000004,16
Leaf Area,Hypochaeris maculata,10,4260.27,4639,876.198097908103,944,2
Leaf Area,Ilex opaca,55,142.29509024242435,8.04477,436.21496975945513,10.893350000000002,5
Leaf Area,Impatiens capensis,53,134.6473396226415,7.45,834.6671296134949,13.2203,8
Leaf Area,Impatiens glandulifera,55,5599.393912288032,5729.285,1767.698260574445,2553.111724148145,2
Leaf Area,Impatiens parviflora,16,1690.20026875,1395.83,936.1691635948686,925.9369999999999,1
Leaf Area,Indigofera decora,15,6.948313333333333,6.3308,3.7013481721175725,6.5737000000000005,0
Leaf Area,Inula salicina,10,1393.966,1436,231.5198004107256,258.6624999999999,1
Leaf Area,Ipomopsis aggregata,12,1.5757833333333333,1.1922000000000001,0.9779251075929106,1.5977249999999998,0
Leaf Area,Ipomopsis multiflora,10,0.38296,0.37395,0.11818118105500365,0.16259999999999997,0
Leaf Area,Iris aphylla,15,4884.786666666667,4799.6,2280.3951157848146,2691.3999999999996,1
Leaf Area,Iris graminea,15,1387.6333333333334,1382.5,299.3015289605037,316.4000000000001,2
Leaf Area,Iris missouriensis,12,18.194741666666665,19.173450000000003,8.02563426714202,10.062725,0
Leaf Area,Iris pumila,10,1131.84,1146.45,393.12369328523334,395.1750000000002,1
Leaf Area,Iris sibirica,15,3910.7,3716.3,1722.9614944706605,1108.9000000000005,3
Leaf Area,Iris spuria,14,2969.6071428571427,2790.75,1369.5877035215242,1556.5,1
Leaf Area,Iris variegata,10,3080.39,2832.95,988.4556803980192,1755.875,0
Leaf Area,Isatis tinctoria,20,1192.315,857.9,883.4103214695577,1185.95,3
Leaf Area,Isocoma tenuisecta,30,1.468,1.155,1.1731460796243283,1.2249999999999999,5
Leaf Area,Isopyrum thalictroides,10,2829.2,2397.75,901.941800290413,1222.5,1
Leaf Area,Ivesia gordonii,25,2.6094108400000002,2.711052,0.660185228820397,0.7223459999999999,4
Leaf Area,Jacobaea erucifolia,16,527.6077731875,720.5,335.8458425565251,634.55676725,0
Leaf Area,Jacobaea vulgaris,47,2223.0261276241135,2220.750667,667.0798278092011,786.0776665000001,2
Leaf Area,Juncus drummondii,23,117.71363636363635,70.4,110.04417416926277,50.55681818181801,5
Leaf Area,Juncus gerardii,10,704.9300000000001,706.5,205.2542924168836,240.97500000000002,0
Leaf Area,Juncus trifidus,50,25.900384,25.302500000000002,6.925712362958243,7.455075000000001,6
Leaf Area,Juniperus communis,77,3.9142813545377004,3.659849311,4.040611770312465,5.280022222222222,6
Leaf Area,Juniperus oxycedrus,56,5.229778776389427,0.24585,8.683340804641702,10.439634615384616,11
Leaf Area,Juniperus phoenicea,40,9.193082500000001,1.0385,21.603032122970518,0.89595,9
Leaf Area,Kali turgidum,39,43.00666666666667,37,24.286098182134584,16.28,5
Leaf Area,Kalmia latifolia,26,401.5892743589746,10.921765,906.2522693361271,10.177642500000001,6
Leaf Area,Kalmia procumbens,37,9.143130155513514,8.8757,2.0937181294589697,2.5496002299999994,3
Leaf Area,Knautia arvensis,13,1772.5063846153846,1610.67,688.3434088458971,854.6700000000001,2
Leaf Area,Koeleria macrantha,96,5.804810963541667,0.87317625,14.351723503445672,1.8162500000000001,13
Leaf Area,Koeleria pyramidata,11,23.782452076008727,2.395,70.96875859183649,0.763125,2
Leaf Area,Krameria grayi,10,2.518608345356096,2.64280804117834,0.5820444655044573,0.835486386008947,0
Leaf Area,Laburnum anagyroides,41,3194.427951219512,2908.983,1124.8379783135647,1317.962,2
Leaf Area,Lactuca alpina,15,9528.493333333334,9119.1,2195.5867095694703,2749.7999999999993,1
Leaf Area,Lactuca muralis,50,2971.50324,2799.643,1664.208840136021,1941.827,4
Leaf Area,Lactuca quercina,10,2650,2657.25,556.2146368284659,777.625,0
Leaf Area,Lactuca saligna,10,136.434,116.5,94.59798684726623,61.66499999999999,1
Leaf Area,Lactuca serriola,16,1239.06550625,1549,979.1848998564575,1958.8405,0
Leaf Area,Laennecia schiedeana,14,2.0338357142857144,1.2052,1.5776506728517092,2.0635250000000003,2
Leaf Area,Lagerstroemia indica,20,13.161668,13.092875,8.067828004959347,10.656052500000001,0
Leaf Area,Lamarckia aurea,20,52.1415,42.225,26.987278148084982,23.087500000000013,4
Leaf Area,Lamium amplexicaule,10,93.666,81.5,53.444525382244095,28.664999999999992,2
Leaf Area,Lamium galeobdolon,32,1891.8633489583333,1845.351,575.4487693088115,772.9647499999999,3
Leaf Area,Lamium maculatum,10,1522.067,1493.835,311.82459093570895,351.8299999999999,0
Leaf Area,Lamium purpureum,10,358.334,362.83500000000004,104.742497922816,94.5,3
Leaf Area,Laportea canadensis,48,162.83417916666667,35.605000000000004,871.6233832651152,19.645000000000007,3
Leaf Area,Lappula occidentalis,10,0.238644,0.22276,0.07726036215291772,0.08330500000000002,2
Leaf Area,Lappula squarrosa,15,147.02,139.1,37.69392145009211,39.2,2
Leaf Area,Larix kaempferi,15,1.7456066666666668,1.325,1.0677000625287092,1.27095,3
Leaf Area,Larrea tridentata,42,1.3360487281158606,0.1574119553174605,7.376999393783401,0.1796980198717947,4
Leaf Area,Laserpitium latifolium,20,5886.4041,6199.751,2185.683914384716,3958.8379999999997,0
Leaf Area,Lathyrus pannonicus,20,1054.035,1056.85,367.8331261734407,457.04999999999995,1
Leaf Area,Lathyrus tuberosus,10,194.133,166.5,80.66526542171391,87.08500000000001,1
Leaf Area,Lathyrus venetus,10,3145.5034,3080.438,751.1552571382888,842.9229999999998,0
Leaf Area,Lathyrus vernus,119,2477.878100840336,2430.855,1018.639520994026,1011.2450000000001,11
Leaf Area,Lavandula latifolia,34,8.681682352941177,2.714,25.044316293885206,1.1380000000000001,4
Leaf Area,Lavandula multifida,14,89.48883690476191,1.364708333333335,187.78400757013898,55.152,3
Leaf Area,Lavandula stoechas,60,61.860283333333335,58.504999999999995,26.38537841375419,39.52675,0
Leaf Area,Ledum palustre subsp. groenlandicum,23,57.583356240697604,4.564577564375,246.8231706429736,4.862999346562501,3
Leaf Area,Leontodon crispus,10,1687.25,1595,403.8922607990073,327,2
Leaf Area,Leontodon hispidus,104,853.8607101157052,561.06970965,761.7940277410515,711.5617012249998,18
Leaf Area,Leontodon taraxacoides,27,199.9611111111111,196.7,82.29327285027772,100.875,1
Leaf Area,Leopoldia comosa,10,4022.15,3783.25,1032.46390978087,1298.625,1
Leaf Area,Lepidium cartilagineum,10,523.2,549,106.79164553257692,128.25,1
Leaf Area,Lepidium densiflorum,11,2.447163636363636,2.9378,1.8330402724832464,3.61095,0
Leaf Area,Lepidium draba,12,1127.8296111083334,1179.33,278.6870660096108,215.62824999999998,1
Leaf Area,Lepidium virginicum,20,0.8836135,0.647725,0.7717628090852171,1.182825,1
Leaf Area,Lespedeza capitata,10,4.88552,5.19985,1.3176473704633151,1.6639999999999997,0
Leaf Area,Lespedeza cuneata,58,1.9903551724137931,2.105295,0.7518637141837011,0.8150650000000002,8
Leaf Area,Leucanthemella serotina,11,1247.5363636363636,1103.2,429.0991150602091,422.5,2
Leaf Area,Leucanthemopsis alpina,92,44.95909403076087,38.9285538,26.258689536857048,28.502373850000005,9
Leaf Area,Leucanthemum ircutianum subsp. cantabricum,10,2.112816666666666,2.061541666666665,0.3507650452586588,0.16656249999999995,3
Leaf Area,Leucanthemum vulgare,35,263.3664073243609,213.15789469999999,170.31189345482002,107.57915930000001,6
Leaf Area,Leucocrinum montanum,10,3.031,2.88,0.6958120755235889,1.0099999999999998,0
Leaf Area,Leucojum aestivum,10,4236.14,3665.4,1847.9842803564222,764.0499999999997,3
Leaf Area,Leucophyllum microphylla,10,0.6164776659721654,0.6449572134833841,0.08433611927773153,0.12489994339741772,0
Leaf Area,Lewisia pygmaea,30,122.26666666666667,114.55,53.18056640990354,40.05000000000001,6
Leaf Area,Liatris punctata,10,0.947,0.8725,0.22869436178251337,0.30218750000000005,1
Leaf Area,Ligusticum mutellina,24,665.5814990125,503.9133914,447.15867836362355,306.244359,5
Leaf Area,Ligustrum sinense,20,4.2196050000000005,4.17697,2.6620890354114555,3.2206025,1
Leaf Area,Lilium bulbiferum subsp. bulbiferum,13,313.15384615384613,295.5,85.52997150497026,125.99999999999997,0
Leaf Area,Limonium cossonianum,16,1235.1446875,1265.50625,496.9189408462201,684.3198749999998,0
Leaf Area,Limonium hungaricum,20,4254.917,3385.415,2544.0048921400744,2606.665,3
Leaf Area,Limonium tabernense,14,399.9141785714286,392.2835,103.689023455235,150.53250000000003,0
Leaf Area,Linaria alpina,17,13.131821223529412,12.3411602,4.677982981176952,4.332609999999999,5
Leaf Area,Linaria angustissima,10,135.65,128,35.114930347835426,47,0
Leaf Area,Linaria dalmatica,31,4.599896774193549,3.9128,2.3252359822154065,1.9673000000000003,4
Leaf Area,Linaria faucicola,10,0.1497344419873212,0.145338596491228,0.04169366363841112,0.06555917366946748,0
Leaf Area,Linaria genistifolia,10,73.8,50.75,42.87203180525867,70.5,0
Leaf Area,Linaria purpurea,20,67.1453,41.4905,48.24796875800767,52.207,2
Leaf Area,Linaria supina,10,0.1161283333333333,0.1096666666666665,0.02417392362305577,0.04150000000000001,0
Leaf Area,Lindera benzoin,71,5186.5164319248825,5236.1,1631.1056691789536,2574.7000000000003,1
Leaf Area,Linnaea borealis,58,42.36461757862069,37.675051554999996,24.664690971159995,28.062174999999993,1
Leaf Area,Linum australe,21,0.11654285714285714,0.1197,0.04795020929494022,0.07239999999999999,1
Leaf Area,Linum austriacum,10,18.002,15.67,4.810534273861897,7.585000000000003,0
Leaf Area,Linum catharticum,10,9.747292777777778,10.085888888888888,7.231915510841764,12.438,0
Leaf Area,Linum lewisii var. lewisii,21,0.12726666666666667,0.117,0.06138479724926468,0.08629999999999999,1
Leaf Area,Linum tenuifolium,10,11.504,12.129999999999999,2.6391926374893093,3.6450000000000014,0
Leaf Area,Liquidambar styraciflua,35,1166.5723142857146,53.126,2677.9036402650436,63.4615,7
Leaf Area,Liriodendron tulipifera,55,2407.012739393941,88.635,5937.383429443773,173.19,11
Leaf Area,Liriope spicata,20,9.459045,7.8939,7.269048579108331,10.76296,1
Leaf Area,Lithospermum multiflorum,10,1.917,1.5883500000000002,0.7572010433167666,0.8480000000000001,2
Leaf Area,Lolium perenne,203,1382.3968017054187,27.406,3975.6134976687053,1350.7680415,29
Leaf Area,Lolium pratense,223,1061.8016502242153,35.518,2608.4399632239015,891.3435000000001,42
Leaf Area,Lolium rigidum,33,148.21030303030304,142.3,69.5032973806301,64,1
Leaf Area,Lonicera canadensis,20,14.377,13.8415,5.618329804263335,8.711,0
Leaf Area,Lonicera maackii,75,2309.037333333333,2294.9,735.3491854441218,988.9000000000001,2
Leaf Area,Lonicera periclymenum,12,158.22235317222217,13.49483333333335,338.9870086918591,9.305916666666679,2
Leaf Area,Lonicera ruprechtiana,15,17.393753333333333,15.969,5.466605803534593,8.2315,0
Leaf Area,Lonicera sp,25,8.08492,7.659,2.363555970707414,2.3069999999999995,6
Leaf Area,Lonicera xylosteum,41,750.6634756097561,771.596,552.6786623817106,340.572,14
Leaf Area,Lotus alpinus,10,0.5423,0.46799999999999997,0.19581797102865145,0.2515,2
Leaf Area,Lotus corniculatus,116,30.929036056454464,2.425,49.72661772887343,48.620512500000004,26
Leaf Area,Lotus corniculatus subsp. corniculatus,11,1.4533171836333587,1.4025,0.4595818640296296,0.3809274222509498,2
Leaf Area,Lotus cytisoides,13,151.60923076923078,153.02,68.59918870530205,75.8,1
Leaf Area,Lotus dorycnium,17,6.187677576671694,0.0776666666666667,10.859348822807359,5.9344,4
Leaf Area,Lotus germanicus,10,76.9,75.5,11.690695255439497,10.087499999999991,1
Leaf Area,Lotus maritimus,10,492.9,478,133.4638527841902,57.375,3
Leaf Area,Lotus tenuis,10,59.834,57.835,16.527881628058424,22.834999999999994,0
Leaf Area,Lupinus argenteus,49,8.835569673469388,6.360552,7.040624393502819,8.603778,4
Leaf Area,Lupinus kingii,21,3.3393380952380953,2.68,1.473354368601183,2.1633000000000004,1
Leaf Area,Lupinus nanus,78,1.7852051282051282,1.531,1.3378981709448279,1.7204999999999997,2
Leaf Area,Lupinus perennis,14,15.804950595714285,15.6705,3.600562129363481,2.1297583325,4
Leaf Area,Lupinus variicolor,78,1.1517307692307692,1.0655000000000001,0.5887253383166245,0.6020000000000002,8
Leaf Area,Luzula multiflora,30,164.61753360333333,140.6,93.173561221146,146.43808634999996,0
Leaf Area,Luzula spicata,52,97.54310148700266,83.51586689,56.15013900308107,63.665412,3
Leaf Area,Luzula sylvatica,80,897.6023,747.819,397.4561645152834,656.8985,2
Leaf Area,Luzula sylvatica subsp. henriquesii,10,14.1615,13.908999999999999,3.909024039890833,7.159750000000001,0
Leaf Area,Lychnis coronaria,10,1227.6,1161,280.09397454743254,351.0000000000001,1
Leaf Area,Lycium andersonii,11,1.9753904017681727,0.207945169017833,5.430992579253572,0.13617900105229724,2
Leaf Area,Lycium berlandieri,30,1.022,0.815,0.922169107088806,1.5425000000000002,0
Leaf Area,Lycium exsertum,10,3.3802244812899342,3.1059865158125,1.151038596534743,0.81308831447509,2
Leaf Area,Lycopodium annotinum,15,23.79882,3.3812,32.4770387396828,55.8057,1
Leaf Area,Lycopus europaeus,15,1537.191736068376,1900.33,1184.8457605685326,2359.8424333333332,0
Leaf Area,Lysimachia hybrida,32,2.88361666665625,2.6159,1.2182386565790027,1.9232249999999997,1
Leaf Area,Lysimachia nummularia,11,150.90727272727273,153,45.60521770387882,57.83000000000001,0
Leaf Area,Lythrum virgatum,10,316.334,285.5,121.71164567671137,186.41750000000002,0
Leaf Area,Magnolia grandiflora,20,75.416827,81.645175,44.288088438520006,63.534722499999994,0
Leaf Area,Magnolia virginiana,27,238.66802469135814,124.07,538.4895974070502,145.39500000000004,1
Leaf Area,Maianthemum canadense,98,27.27699693877551,15.1935,107.80531617862971,9.110275000000001,9
Leaf Area,Maianthemum racemosum,12,1036.8166666666666,33.74,2353.361916285772,22.295,2
Leaf Area,Marrubium peregrinum,10,181.301,165.17,82.96317395219533,58.66749999999999,3
Leaf Area,Marsilea quadrifolia,10,979.47,1043.9,248.40968870888355,281.125,1
Leaf Area,Matthiola incana,10,3.889408333333335,3.83766666666667,0.9406048884893172,1.1683333333333272,0
Leaf Area,Matthiola perennis,10,1.324,1.29775,0.308264339127603,0.11099999999999999,2
Leaf Area,Medicago falcata,10,117.5,112,36.066296979004896,36.25,1
Leaf Area,Medicago littoralis,26,92.18538461538462,62.295,67.48820567955673,48.17500000000001,5
Leaf Area,Medicago lupulina,40,83.49694166666666,4.395,123.74618926616203,114.29249999999975,9
Leaf Area,Medicago marina,40,113.923,105.635,36.04229553860725,41.39750000000001,6
Leaf Area,Medicago minima,17,117.02235294117646,116,51.81995990077228,44.5,2
Leaf Area,Medicago polymorpha,200,3.9760255,3.7744999999999997,1.4053872165856862,1.7255000000000007,14
Leaf Area,Medicago rigidula,10,77.23,68.19999999999999,22.542406950259576,22.525000000000006,2
Leaf Area,Medicago sativa,52,153.65576923076924,149.325,40.64827663646184,61.77500000000002,2
Leaf Area,Melia azedarach,15,35.59719333333333,25.832,21.09880998873317,34.7655,0
Leaf Area,Melica transsilvanica,11,479.5181818181818,465.5,189.35665722747547,269,0
Leaf Area,Melica uniflora,90,491.1987395377778,486.974,150.71279636184016,233.44078944999995,1
Leaf Area,Melittis melissophyllum,84,1690.138261904762,1485.0075000000002,825.6580078262825,804.529,10
Leaf Area,Menispermum canadense,10,631.45025,29.15005,1912.7412332705123,30.680825,1
Leaf Area,Menodora spinescens,11,1.2425349052093642,1.13173381620643,0.40102062092888274,0.219178192461585,2
Leaf Area,Mentha aquatica,11,108.13958398854263,1.95254545454545,349.9745506550176,1.692325,2
Leaf Area,Mentha longifolia,10,886.302,872.67,212.05924260294185,266.33000000000004,0
Leaf Area,Menyanthes trifoliata,11,6673.471168831169,6443.8,4170.820375267149,5025.85,0
Leaf Area,Mercurialis perennis,80,1295.928975,1226.0765000000001,282.6007434143686,225.88875000000007,18
Leaf Area,Mertensia lanceolata,26,217.02442307692309,181.3,227.559462198683,354.633125,1
Leaf Area,Micranthes rhomboidea,16,391.7133333333333,409.4566666666665,111.90685333000042,164.5,0
Leaf Area,Micranthes stellaris,17,60.427902829411764,47.4101628,42.62577338865319,52.320146600000015,2
Leaf Area,Milium effusum,15,2301.8733333333334,2324.8,424.9632075951091,677.5,0
Leaf Area,Minuartia glomerata,10,3.91,3.75,0.5445691467165171,0.625,2
Leaf Area,Minuartia hirsuta,10,8.31,7.65,2.8049361252382674,5.5,0
Leaf Area,Mirabilis decipiens,20,4.04835,3.84485,2.7365521296735884,3.3207,1
Leaf Area,Misopates orontium,11,10.159090909090908,6.85,7.014300327966367,7.875,2
Leaf Area,Mitchella repens,26,4.700865384615384,1.8413499999999998,14.354469470487366,1.01825,1
Leaf Area,Modiola caroliniana,20,6.463686,5.201924999999999,5.260090586324636,7.844115,0
Leaf Area,Molinia caerulea,17,1501.2081725490195,1911.5,1187.202163882756,2622.558666666667,0
Leaf Area,Monarda fistulosa,41,39.977856097560974,6.5755,145.64547205511067,3.9939,7
Leaf Area,Monarda punctata,18,3.335038888888889,3.1313,1.837468095965971,1.5130249999999998,1
Leaf Area,Morus alba,14,30.557064285714286,25.9411,16.650120906495967,24.881025,0
Leaf Area,Muhlenbergia minutissima,10,0.31259,0.33804999999999996,0.10203515135045918,0.04557500000000003,3
Leaf Area,Muhlenbergia montana,20,1.572425,1.33515,0.7489851167623953,0.79555,2
Leaf Area,Muhlenbergia ramulosa,10,0.03087,0.01015,0.03737355125397282,0.053125,1
Leaf Area,Muhlenbergia rigens,22,2.7205636363636363,2.7969999999999997,1.1201584078221787,1.4910750000000004,1
Leaf Area,Muhlenbergia wrightii,20,1.65886,1.5591,0.5757779061957465,0.65415,1
Leaf Area,Munroa squarrosa,10,0.27552,0.27775,0.09793189016408858,0.08729999999999999,2
Leaf Area,Musineon divaricatum,10,3.292,2.875,0.9970879822986757,0.9750000000000001,2
Leaf Area,Myosotis alpestris,36,82.50374655277778,81.9813198,64.47283807414124,129.50430712500003,0
Leaf Area,Myosotis arvensis,10,148.30100000000002,160.83499999999998,60.74145233876305,79.41250000000001,0
Leaf Area,Myosotis lamottiana,10,3.394678333333334,3.183833333333335,1.2003297665731725,1.4881124999999988,1
Leaf Area,Myrtus communis,51,361.9882156862745,325,196.45072351012746,249.60150000000002,2
Leaf Area,Nama dichotoma,10,0.26452,0.24225000000000002,0.06770571615454636,0.08292499999999997,1
Leaf Area,Nassella pulchra,204,4.023725490196078,3.7325,1.9553206565895953,2.5635000000000003,10
Leaf Area,Neatostema apulum,28,55.70892857142857,22.275,132.746092956086,14.787500000000005,2
Leaf Area,Nepenthes coccinea,10,1720,1650,601.4796569941312,250,2
Leaf Area,Noccaea fendleri,12,0.8335402777777777,0.8445666666666665,0.32424579196807896,0.39482499999999976,0
Leaf Area,Noccaea montana,33,16.001693939393938,1.4522,24.18061872103022,30.019000000000002,3
Leaf Area,Noccaea perfoliata,20,173.333,164.58499999999998,43.99568030231102,65.2525,0
Leaf Area,Nymphoides peltata,10,3231.76,3346.8,1859.3411492604937,2504,0
Leaf Area,Nyssa sylvatica,51,511.5899673202616,24.312,1276.6090474022023,35.897345,8
Leaf Area,Oclemena acuminata,13,78.41692307692308,9.12,239.79583518709603,6.72,3
Leaf Area,Oenothera coronopifolia,10,0.945499,0.8541650000000001,0.2920853627680328,0.4204175,0
Leaf Area,Oenothera pubescens,10,1.56775,1.1779000000000002,0.7821189313510943,0.789325,1
Leaf Area,Oenothera suffrutescens,10,0.397014,0.38634999999999997,0.12650144454159845,0.16468,0
Leaf Area,Olea europaea,25,223.06392,200.996,110.23733746101333,97.84899999999999,2
Leaf Area,Olneya tesota,11,3.9542949937110357,3.61604207758054,0.886847666318574,0.7786657538574646,1
Leaf Area,Onoclea sensibilis,43,63.46581627906977,30.17,82.78981659780999,16.619999999999997,8
Leaf Area,Ononis spinosa,38,199.90995958508773,180.58499999999998,194.7930787879308,201.58249999999998,1
Leaf Area,Ononis variegata,55,79.98472727272727,80.58,17.589277863447826,18.61999999999999,8
Leaf Area,Onosma arenaria,10,441.28,400.8,154.10688065971183,161.75000000000006,2
Leaf Area,Orchis purpurea,10,7468.87,7310.1,3002.85221823445,4409.325,0
Leaf Area,Oreochloa disticha,30,37.34918994466667,37.343333335,14.829271578131797,21.17515099750001,1
Leaf Area,Oreoxis alpina,15,93.91333333333333,89.9,25.6379703527702,24.849999999999994,2
Leaf Area,Orlaya grandiflora,10,221.033,213.16500000000002,84.50781266315624,98.33249999999998,1
Leaf Area,Ornithopus compressus,30,173.33166666666668,155,97.68025643458577,147.8875,1
Leaf Area,Osmorhiza claytonii,23,305.1137391304348,35.17,1258.31969033705,52.617,2
Leaf Area,Ostrya virginiana,27,1681.9050370370371,1702.66666666667,1754.0377391061436,2568.926166666665,1
Leaf Area,Oxalis acetosella,19,27.572277318295722,2.5,105.06390533620217,3.7693125000000003,2
Leaf Area,Oxalis alpina,20,1.48655,1.32765,0.5619457030335713,0.9137250000000001,0
Leaf Area,Oxalis corniculata,10,363.16700000000003,366.83500000000004,110.60517539126879,144.495,0
Leaf Area,Oxalis dillenii,56,2.511025892857143,2.3336,1.3783730831801497,1.2628424999999996,8
Leaf Area,Oxygraphis glacialis,10,290.1155488,204.3302365,187.8817923298068,163.11257700000004,2
Leaf Area,Oxyria digyna,27,459.2167231111111,407,182.3853422731448,232.51406024999994,2
Leaf Area,Oxytropis lambertii,21,13.75462380952381,12.6781,6.23723260011239,5.828900000000001,1
Leaf Area,Packera cana,11,261.67,261.66999999999996,70.91067691116761,96.35000000000002,0
Leaf Area,Packera crocata,11,451.46999999999997,451.47,158.4327873263612,201.4000000000001,1
Leaf Area,Packera multilobata,12,3.2478916666666664,2.71115,1.5884841158437433,2.4175999999999993,1
Leaf Area,Pancratium maritimum,118,4628.006101694915,4178.6,2143.406746832616,2750.5074999999997,6
Leaf Area,Panicum aciculare,10,0.9872,0.974,0.3207293078109465,0.6089999999999999,0
Leaf Area,Panicum acuminatum,16,3.98405,3.2295,1.8929019661179851,1.3157000000000005,2
Leaf Area,Panicum anceps,46,47.467565217391304,47.332,12.885321432893534,17.63575,2
Leaf Area,Panicum clandestinum,10,20.4636,18.471,6.342003630119148,6.754999999999999,2
Leaf Area,Panicum oligosanthes,52,3.83205,3.8189,1.376347293510232,1.88815,2
Leaf Area,Panicum scoparium,10,7.864199999999999,7.603,0.7604739457879024,0.38699999999999957,2
Leaf Area,Panicum virgatum,14,22.282257142857144,22.051000000000002,9.348662907497626,13.317,0
Leaf Area,Papaver rhoeas,11,290.6363636363636,255,180.83239351801586,254.75,1
Leaf Area,Parkinsonia microphylla,11,0.3805880837912089,0.380588083791209,0.07014298519206544,0.09791666666666649,0
Leaf Area,Parnassia palustris,39,113.79218047264958,117.22187740000001,66.27009052420185,77.82083515000001,1
Leaf Area,Parthenium incanum,11,0.4015338481935939,0.398743825660047,0.05595711685847109,0.042508480741824006,4
Leaf Area,Parthenocissus quinquefolia,28,325.01142857142855,90.8094,1129.6193021554293,68.23902499999998,5
Leaf Area,Paspalum notatum,30,7.0347333333333335,6.876,3.3516538062248626,4.837,0
Leaf Area,Pastinaca sativa,10,3688.202,3852.67,1079.119573508371,1662,0
Leaf Area,Paulownia tomentosa,15,73.00006,76.8527,32.10099074848002,38.550950000000014,1
Leaf Area,Pedicularis asplenifolia,18,49.760367272222226,51.849416,16.518007929277672,24.942026075,0
Leaf Area,Pedicularis groenlandica,12,493.9454545454546,498.57272727272755,188.78650454288478,261.30000000000007,0
Leaf Area,Pedicularis hirsuta,13,94.80517847692307,102.1575018,27.408491627023192,41.50170911000001,0
Leaf Area,Pedicularis lapponica,35,127.27671714285714,121.3,63.57582378024956,74.00490000000002,3
Leaf Area,Pedicularis parryi,11,333.92,331.5,101.82410127273404,84.35000000000002,3
Leaf Area,Pedicularis pyrenaica,10,0.82725,0.7758333333333335,0.23290814766107593,0.1900000000000004,1
Leaf Area,Pedicularis sylvatica,10,0.7848333333333326,0.7045,0.21041512467348347,0.31583333333333075,0
Leaf Area,Pedicularis verticillata,14,137.07576190714286,81.000166665,121.93910337553582,143.26583335750001,3
Leaf Area,Pediomelum tenuiflorum,18,0.30666666666666664,0.29,0.11468627283363335,0.18500000000000003,0
Leaf Area,Penstemon albidus,10,2.184,1.85,1.231346485221226,0.9862499999999998,1
Leaf Area,Penstemon barbatus,22,4.378631818181818,3.8045,2.197788251940565,3.2438,1
Leaf Area,Penstemon linarioides,10,0.17348,0.1676,0.051773176238065384,0.06865000000000002,0
Leaf Area,Penstemon virgatus,21,2.260642857142857,2.061,0.8653441896560169,1.2513999999999998,0
Leaf Area,Penstemon whippleanus,11,399.78,413.2,115.37616564958293,107.04999999999995,2
Leaf Area,Pentanema britannicum,10,239.099,228.16500000000002,80.56961247545159,82.25000000000003,1
Leaf Area,Pentanema ensifolium,20,198.909,159.58499999999998,112.44609884880751,73.33250000000001,3
Leaf Area,Persicaria amphibia,11,686.4761365225396,66.6935,990.9631752543578,1127.3513635,2
Leaf Area,Persicaria hydropiperoides,12,5.063711083333334,5.14465,1.8919169062191181,1.6784582499999994,2
Leaf Area,Persicaria pensylvanica,12,5.329575,4.7805,2.6778690212130853,1.7618749999999994,2
Leaf Area,Persicaria sagittata,24,6.80335,5.893549999999999,4.350971036446921,3.7613250000000003,3
Leaf Area,Petasites frigidus,14,1616.7147053285714,1472.1511775,711.4574014175186,861.64702225,1
Leaf Area,Peucedanum officinale,15,26192.853333333333,22557.33,15615.22822868052,15495.330000000002,3
Leaf Area,Phacelia hastata,25,3.97142472,3.249304,2.1905297808677,2.076429,2
Leaf Area,Phagnalon saxatile,14,13.322213976499691,0.108380952380952,27.054954176606355,7.443784090909091,3
Leaf Area,Phalaris arundinacea,54,554.588100742316,15.52885,1056.7755392532713,12.322425000000003,12
Leaf Area,Phegopteris connectilis,15,2280.654666666667,2.91,3485.38996571375,5119.320000000001,2
Leaf Area,Philadelphus delavayi,15,17.251753333333333,17.584,8.113774906898115,6.740249999999996,5
Leaf Area,Philadelphus inodorus,15,19.17224,17.621,6.213460426456651,4.966149999999999,3
Leaf Area,Philadelphus schrenkii,15,22.010193333333333,18.1362,10.50290703658935,17.240349999999996,0
Leaf Area,Phillyrea angustifolia,54,144.9834809074074,108.2935,181.54693758149796,213.577023,5
Leaf Area,Phillyrea latifolia,145,42.612578069310345,21.10542667,114.18552674893701,14.09919333,12
Leaf Area,Phleum alpinum,34,234.51708654117647,232.52641665,179.55735810635855,239.17500000000004,1
Leaf Area,Phleum phleoides,11,310.91045454545457,332.5,62.251206432267054,93,0
Leaf Area,Phleum pratense,167,101.44796348246365,9.544,255.5936133691966,11.3945,28
Leaf Area,Phlomis purpurea,33,61.00069494949495,14.1598333333333,140.65304778617642,15.1227,5
Leaf Area,Phlomoides tuberosa,30,9684.512333333334,8959.45,4378.721482429257,6274.652499999998,1
Leaf Area,Phlox hoodii,10,0.03083,0.03094,0.007139751007174161,0.009634999999999998,0
Leaf Area,Phlox sibirica,10,14.22,13.100000000000001,6.1296728207049425,5.649999999999999,1
Leaf Area,Phlox speciosa,12,0.6525416666666667,0.58415,0.22034963728473697,0.15449999999999997,2
Leaf Area,Phragmites australis,29,3647.5954380865965,4429.5,2924.005114806443,5376.665000428571,0
Leaf Area,Phyllodoce caerulea,85,7.2080446036588235,6.984573844,2.262393529888485,3.298046900000001,3
Leaf Area,Physaria montana,10,0.696167,0.6258349999999999,0.2668759186109613,0.30417000000000005,1
Leaf Area,Physostegia virginiana,23,36.418947826086956,7.25,139.25640727177876,3.15095,6
Leaf Area,Phyteuma globulariifolium,10,24.77865585,24.3303728,11.87392908818661,17.520456025,0
Leaf Area,Phyteuma hemisphaericum,40,54.877923569000004,48.48364015,24.418659539966725,23.804484032500007,6
Leaf Area,Phytolacca americana,20,83.340901,69.02373499999999,70.9946526909103,110.98971499999999,0
Leaf Area,Picea abies,28,100.54283928571428,86,60.85099903757836,82.5,1
Leaf Area,Picea mariana,431,2.578777547168825,2.40056065753844,1.663975109552485,1.303925698024435,24
Leaf Area,Picris hieracioides,164,510.1079024410569,18.525,1079.7177826166444,23.64,33
Leaf Area,Pilosella aurantiaca,28,103.92224261531358,8.38565,504.67108195528044,7.354575,2
Leaf Area,Pilosella officinarum,102,202.21966076143792,48.7858936,255.05619821718042,380.30524999999994,8
Leaf Area,Pilosella piloselloides,10,1120.5,1087.75,200.9148520587211,219.375,1
Leaf Area,Pimpinella major,76,319.823630825,7.9505,425.26645326816015,676.65491865,5
Leaf Area,Pimpinella saxifraga,15,1254.5951925925926,1080,620.6760389892261,1023.9508333333335,0
Leaf Area,Pinguicula vulgaris,13,183.2229966223077,161.9494969,79.6460790661394,65.06080170000001,1
Leaf Area,Pinus banksiana,145,6.4577962740987,5.71151137592416,8.050206756096722,2.6364533192864394,6
Leaf Area,Pinus brutia,74,15.91115746608108,15.418133335,4.6217080518291525,5.654018339999999,6
Leaf Area,Pinus canariensis,20,1.1685,1.275,0.6476213562357496,1.1349999999999998,0
Leaf Area,Pinus cembroides,20,0.2155,0.22,0.093497818719279,0.145,0
Leaf Area,Pinus flexilis,21,11.660952380952383,1.09,47.742326284415796,1.25,1
Leaf Area,Pinus halepensis,75,7.377120274310085,0.7154,19.41471584866116,5.922435,13
Leaf Area,Pinus nigra subsp. salzmannii,31,4.943315982404692,0.8336,22.285862270938082,0.5961000000000001,3
Leaf Area,Pinus pinaster,91,9.354060089113553,5.703397344,28.84997878119678,2.2709557820000006,12
Leaf Area,Pinus ponderosa,20,1.7885,1.46,0.9653539029261429,1.2725000000000002,1
Leaf Area,Pinus strobiformis,20,0.4905,0.49,0.2741201234956368,0.4025000000000001,0
Leaf Area,Pinus strobus,14,39.47162142857143,1.0628,97.66946463185985,1.3713499999999998,3
Leaf Area,Pinus sylvestris,116,118.58658948990453,65.28828578,133.0814740065009,87.19270178999999,22
Leaf Area,Pinus taeda,20,0.8239905,0.43178,0.7785486011160362,1.0859075,2
Leaf Area,Pinus virginiana,20,0.525177,0.5217499999999999,0.16422584561960302,0.21552500000000002,0
Leaf Area,Pistacia lentiscus,189,1359.8038686947618,642.16,2261.5898046827315,1626.9217999999998,22
Leaf Area,Pistacia terebinthus,33,619.7937454545454,31.8422,2332.4974535474785,35.1606,5
Leaf Area,Pityopsis graminifolia,10,9.934,9.763,0.8295133780985356,0.7899999999999991,2
Leaf Area,Plantago afra,13,87.17846153846153,87.5,33.60549108061405,22.5,4
Leaf Area,Plantago alpina,10,0.4940666666666667,0.379,0.2991866257656533,0.3633333333333338,1
Leaf Area,Plantago argentea,10,1073.99,962.05,612.2106145400908,829.7,0
Leaf Area,Plantago argyrea,20,1.32901,1.4613,0.5437520922161806,0.9319499999999998,0
Leaf Area,Plantago coronopus,13,174.5576923076923,86.65,283.13868498652283,58.099999999999994,1
Leaf Area,Plantago lagopus,313,333.86006389776355,196.8,352.1957897213307,289.15,42
Leaf Area,Plantago lanceolata,189,2372.9447899154193,885.33,4438.947189426172,2242.6868572857143,28
Leaf Area,Plantago macrorhiza,58,624.5363055862069,571.8393655,349.4323375429716,286.7516582500001,6
Leaf Area,Plantago major,15,1620.9089,1886.67,1199.4296857560828,1942.092,0
Leaf Area,Plantago maritima,10,248.45,216.25,122.42627032898889,75.125,1
Leaf Area,Plantago media,76,476.427678722807,18.741500000000002,779.6907061265581,882.4715,11
Leaf Area,Plantago patagonica,10,1.199,1.183335,0.32806367193647706,0.3399975000000002,2
Leaf Area,Plantago schwarzenbergiana,10,372.63,301.4,146.3126564738828,172.2249999999999,2
Leaf Area,Platycladus orientalis,15,3.4570066666666666,2.9582,2.3713446789492565,2.52485,2
Leaf Area,Poa alpigena,14,288.59285714285716,289.04999999999995,53.08477203471841,67.64999999999998,0
Leaf Area,Poa alpina,147,133.86842277190476,117.661055,95.88333539354058,128.56912799999998,9
Leaf Area,Poa bulbosa,30,42.567233333333334,14.25,53.222274203818436,92.38475000000001,0
Leaf Area,Poa compressa,29,2.9223379310344826,1.2869,8.818535466051596,0.6077,2
Leaf Area,Poa cusickii,11,117.51,117.51,32.67220378242031,48.84999999999998,0
Leaf Area,Poa fendleriana,20,1.185725,0.94965,0.9543622433056373,1.206525,2
Leaf Area,Poa glauca,14,54.6,52.8,15.30198579370564,24.07500000000001,0
Leaf Area,Poa laxa,10,58.406333335,57.448333335,13.536500399992288,9.628333330000004,3
Leaf Area,Poa nemoralis,60,905.8232333333333,260.107,1004.8421410161284,1783.8600000000001,2
Leaf Area,Poa pratensis,551,80.65815609281852,5.57,280.2926986633491,6.5716,85
Leaf Area,Poa trivialis,64,1078.845421401515,694.675,1396.3657444309335,1355.3375,7
Leaf Area,Podospermum canum,11,386.2909090909091,407.5,144.86723890890897,226,0
Leaf Area,Podospermum laciniatum,10,1.1774452380952385,1.015982142857143,0.6794817150934856,0.8432708333333332,1
Leaf Area,Polemonium acutiflorum,15,1555.66,1586.5,495.95417674274245,685.75,1
Leaf Area,Polycarpon tetraphyllum,10,7.085,7.125,2.2438867568970093,2.2749999999999986,1
Leaf Area,Polygala comosa,11,47.65018181818182,48,17.285036892168797,16.424,1
Leaf Area,Polygala major,11,123.63636363636364,130.7,29.365226807476652,35.150000000000006,1
Leaf Area,Polygala vulgaris,21,15.41894631814059,14.976316500000001,17.906513725631736,23.0205914,1
Leaf Area,Polygonatum hirtum,10,3038.267,3080,716.353207976965,1108.5,0
Leaf Area,Polygonatum multiflorum,41,1069.904,1028.213,410.37286993976585,321.5479999999999,1
Leaf Area,Polygonatum pubescens,10,11.835,11.625,2.3407323165577427,3.174999999999999,1
Leaf Area,Polygonum arenarium,10,31.75,32,11.783345120220414,13.625,1
Leaf Area,Polygonum aviculare,21,22.023857142857143,14,48.99335508032259,22.254,1
Leaf Area,Polygonum douglasii,26,0.5172346153846153,0.36319999999999997,0.41369977997800067,0.483025,3
Leaf Area,Polygonum maritimum,22,191.245,190.78,46.5484381355287,66.965,0
Leaf Area,Polygonum posumbu,20,8.1752455,6.9176,5.833917980162014,10.604200000000002,0
Leaf Area,Polypodium vulgare,40,2311.8843,2130.996,1133.8266394295074,1472.1945000000005,4
Leaf Area,Populus fremontii,32,378.3178125,24.645,1437.8805629652015,38.8425,2
Leaf Area,Populus grandidentata,17,2018.0637254901958,36.71,2270.7379374986604,4304.53333333333,0
Leaf Area,Populus tremula,28,2999.0075,2959.808333333335,591.5852012520531,524.3999999999996,4
Leaf Area,Populus tremuloides,67,371.61259212009645,52.6385949990107,997.7748157760807,19.32309708054305,13
Leaf Area,Porophyllum gracile,11,6.176653937499851,6.17665393749985,1.2822770223168287,1.271086694302296,1
Leaf Area,Portulaca oleracea,30,39.05871,0.8443,57.063925718832024,86.24705,3
Leaf Area,Potamogeton coloratus,15,1484.72,1535.2,345.2496719766726,449,0
Leaf Area,Potentilla anserina,12,1361.5743421666666,1281.665,851.3780412589363,314.5,3
Leaf Area,Potentilla argentea,15,268.3315,333.33,183.64851440547667,301.11249999999995,0
Leaf Area,Potentilla aurea,31,229.94852330645162,210.2566667,115.06672928395099,156.29053015,2
Leaf Area,Potentilla crantzii,50,412.192521502,288.40628245,269.36991915990984,394.66385575000004,2
Leaf Area,Potentilla crinita,20,5.965315,5.2959499999999995,2.8142993035146704,3.22365,2
Leaf Area,Potentilla diversifolia,34,933.7121212121212,871.55,452.0802508254586,456.85,3
Leaf Area,Potentilla erecta,61,61.115975694223266,57.261987500000004,43.710490189459776,50.66274560000001,3
Leaf Area,Potentilla hippiana,20,9.7766,10.142199999999999,3.3171590400283955,4.802249999999999,0
Leaf Area,Potentilla incana,20,352.30150000000003,335.16499999999996,106.77465061249816,95.29750000000001,4
Leaf Area,Potentilla indica,30,199.88275866666666,9.517814999999999,290.1390080452402,483.67075500000004,2
Leaf Area,Potentilla micrantha,26,1423.4563846153846,1090.2935,922.822194979643,1397.3917499999998,2
Leaf Area,Potentilla pensylvanica,10,7.2585,6.78,1.9607358312633552,2.036249999999999,1
Leaf Area,Potentilla pusilla,52,1.6291923076923076,1.535,0.792960401020585,0.7554999999999998,4
Leaf Area,Potentilla pyrenaica,10,0.53935,0.5509999999999999,0.13306139977886566,0.24537499999999995,0
Leaf Area,Potentilla recta,10,13.589,13.73,4.588503629240752,4.345000000000001,3
Leaf Area,Potentilla reptans,17,1373.3101859411765,1461.989091,823.6718031396908,1320.5,0
Leaf Area,Potentilla simplex,27,11.131403703703704,8.33,6.887715187395458,9.102949999999998,1
Leaf Area,Potentilla subviscosa,20,3.10671,3.29455,0.6852761778252159,0.8080250000000002,3
Leaf Area,Prenanthes purpurea,40,1966.09825,1588.5955,996.9025926027268,892.9517499999997,8
Leaf Area,Primula acaulis,51,4572.06068627451,5152.42,2658.873812968359,2923.5465000000004,8
Leaf Area,Primula angustifolia,11,648.95,648.9499999999999,606.8719028757222,968.0500000000001,0
Leaf Area,Primula elatior,10,2831.5,2469.7,1764.8054573301338,3536.55,0
Leaf Area,Primula glutinosa,43,118.26270420930233,111.870744,42.718865216853814,53.378925499999994,2
Leaf Area,Primula minima,13,50.75081496923077,44.7264679,23.481322902689623,35.98773519999999,1
Leaf Area,Primula pauciflora,21,408.085,365.3,144.69063990113528,91.10000000000002,3
Leaf Area,Primula veris,17,2445.1627024221452,2298.25294117647,2079.5764792550162,3885.063,0
Leaf Area,Prosopis glandulosa,11,21.171581811057735,20.9573380745016,4.150108795040272,3.4921500357106012,3
Leaf Area,Prosopis velutina,11,55.28010280927772,56.9719042663892,3.5103689063360672,5.853277835587896,0
Leaf Area,Prunella vulgaris,50,193.71918864,115.21209915,233.3554755665328,282.29818960000006,6
Leaf Area,Prunus avium,41,4908.825,4955.88333333333,1276.9311331219515,1353.7999999999993,4
Leaf Area,Prunus fasciculata,12,4.336773155197518,3.0848043714515754,4.028807168238029,0.5186523294569447,3
Leaf Area,Prunus serotina,36,1397.8274675925927,1353.35,1641.6498383258493,2083.9660500000027,2
Leaf Area,Prunus spinosa,62,17.94518329493087,3.320057142857145,74.62192119421056,1.8149142857142828,5
Leaf Area,Prunus tenella,19,363.79473684210524,359.2,189.65607314787297,370.15000000000003,0
Leaf Area,Prunus umbellata,17,7.540588235294118,7.45,1.2935245967328728,1.3899999999999997,1
Leaf Area,Prunus virginiana,10,403.26800000000003,14.365,957.8886157215195,5.3925,2
Leaf Area,Pseudognaphalium macounii,12,2.0258166666666666,1.8068,0.6430736955270273,0.38744999999999985,3
Leaf Area,Pseudorchis albida,10,550.40565971,556.8063009499999,205.95947424232884,267.08196842500007,0
Leaf Area,Pseudotsuga menziesii,22,2.7647454852579867,0.31,8.040542487451786,0.23999999999999994,2
Leaf Area,Pseudoturritis turrita,30,1055.2028,832.945,713.9076002020391,577.94825,5
Leaf Area,Psilurus incurvus,30,10.783333333333333,8.175,10.284960004727806,8.087499999999999,3
Leaf Area,Pteridium aquilinum,28,21893.332974107143,502.57550000000003,29822.61480712466,53817.805975,0
Leaf Area,Pterocarya rhoifolia,12,36.83716666666667,37.941900000000004,22.73962856466191,23.526525,1
Leaf Area,Pterocarya stenoptera,15,52.30459333333333,49.6732,24.91964463984952,33.47160000000001,0
Leaf Area,Ptilostemon strictus,20,1905.1324,1917.0859999999998,485.68724000364466,715.296,0
Leaf Area,Puccinellia distans,19,114.04315789473684,99.33,43.85838828328074,51.33500000000001,2
Leaf Area,Pueraria montana,20,247.3252595,192.158585,206.27819885420175,353.2662775,0
Leaf Area,Pulicaria odora,10,3826.6403999999998,3366.3805,1449.0817386729354,1446.9395,2
Leaf Area,Pulmonaria dacica,10,2298,2226,504.66039185883324,638.375,1
Leaf Area,Pulsatilla alpina,44,759.9939011636363,627.01596085,560.8059686666687,663.372423475,3
Leaf Area,Pulsatilla patens,10,3455.22,3408.3500000000004,2475.3613100133707,4118.225,0
Leaf Area,Purshia tridentata,10,0.2581890853912651,0.249568808086162,0.05928690337474634,0.03844795936457124,2
Leaf Area,Pyracantha angustifolia,15,3.0532866666666667,2.7403,0.758951262190763,0.8267499999999997,3
Leaf Area,Pyrola elliptica,19,61.714894736842105,12.398,221.4301580471054,6.108000000000001,1
Leaf Area,Pyrola minor,27,623.537962962963,497.9,438.90768815290687,695.8999999999999,1
Leaf Area,Pyrola rotundifolia,22,1186.1545454545455,1086.3000000000002,377.68061680696337,486.52499999999986,1
Leaf Area,Pyrus spinosa,50,376.88968,347.91700000000003,147.7637493210216,251.26525000000004,1
Leaf Area,Quercus acutissima,20,15.3860525,16.80963,7.6185353385217,11.064985,0
Leaf Area,Quercus alba,155,8242.598511827957,8059.8,4523.357238233599,5200.525,27
Leaf Area,Quercus coccifera,261,43.9165943408616,19.22263333,114.7742820025193,30.26080000333333,19
Leaf Area,Quercus ellipsoidalis,26,721.1714576923077,33.42745,3524.2368527467825,28.669949999999993,1
Leaf Area,Quercus faginea,437,419.2294082243653,382.15,337.6960920829745,330.736,34
Leaf Area,Quercus falcata,20,26.750671,23.4115,17.79242170750851,31.473034999999992,0
Leaf Area,Quercus fusiformis,84,5.643452380952381,5.295,1.9246295178131392,2.795000000000001,3
Leaf Area,Quercus ilex,170,71.99578372546274,5.626216667,232.08939042547908,3.6341583329999994,17
Leaf Area,Quercus macrocarpa,24,1540.082675,49.31815,4171.510425832973,62.0173,5
Leaf Area,Quercus marilandica,24,7084.266666666666,6452.8,2579.2262550022156,2303.125,4
Leaf Area,Quercus nigra,22,142.48525242424228,10.651254999999999,434.32229676162143,13.464664999999998,2
Leaf Area,Quercus petraea,657,2579.0366433282597,1925,2078.496893326131,1642,88
Leaf Area,Quercus pyrenaica,98,49.37617040795919,14.38018333,304.1764565133422,8.895816667499998,11
Leaf Area,Quercus robur,120,1175.0419580554944,14.737683335,2112.68781525694,2434.6657916666677,15
Leaf Area,Quercus rubra,149,12828.12715212528,11930.4,5493.670093030479,6293.4,16
Leaf Area,Quercus stellata,34,632.0073529411765,46.879999999999995,1913.563986852185,66.1775,4
Leaf Area,Quercus suber,233,192.33542682145924,181.7766667,87.39097256936508,73.8775,11
Leaf Area,Quercus velutina,61,13111.164480874317,12520.3,5324.238110645221,6167,3
Leaf Area,Quercus virginiana,241,6.93804979253112,6.21,3.7592073540633146,3.619999999999999,23
Leaf Area,Ranunculus acris,163,960.1797629177914,562.6327262,1166.0626877711707,754.0248536500001,21
Leaf Area,Ranunculus adoneus,15,339.22,319.6,92.00492378128466,114.25,1
Leaf Area,Ranunculus alpestris,30,174.31673567333334,163.82334170000001,73.14816139669932,94.88673667500004,2
Leaf Area,Ranunculus aquatilis,10,318.12,295.85,95.5727157718143,124.12500000000003,1
Leaf Area,Ranunculus bulbosus,22,1441.880116883117,1087.925,1312.1754500708616,1784.76125,1
Leaf Area,Ranunculus illyricus,11,598.5652727272727,445.4,352.82498900420615,440.1,1
Leaf Area,Ranunculus montanus,35,577.83147824,471.5473057,369.19936709464434,304.6230475,7
Leaf Area,Ranunculus nivalis,12,347.1110142666667,306.39365245,141.80219932307884,141.29720844999997,1
Leaf Area,Ranunculus peltatus,10,180.17,150.35,111.75863923851455,116.125,1
Leaf Area,Ranunculus polyphyllus,18,154.82777777777778,132,111.16562527071966,97.49999999999997,1
Leaf Area,Ranunculus pygmaeus,12,63.8899558525,62.713136225,13.593062767576702,10.783132554999995,3
Leaf Area,Ranunculus repens,24,1227.982910014924,1100.435,986.7686914062854,1006.7982159000001,2
Leaf Area,Ranunculus trichophyllus,11,288.57068272727275,255.7,166.69989735487925,141.55,2
Leaf Area,Raphanus sativus,186,8.430387096774194,6.5655,5.717334378947716,8.098749999999999,15
Leaf Area,Reseda glauca,10,0.339325,0.320875,0.06353193094814606,0.07143749999999993,1
Leaf Area,Reseda lutea,11,228.1818181818182,123,299.53631996197663,61.16999999999999,1
Leaf Area,Reseda phyteuma,16,86.560871875,3.533,118.89551333178076,182.26744999999997,1
Leaf Area,Rhamnus lycioides,49,25.019350789233442,0.7778,105.44533937859572,0.6244000000000001,6
Leaf Area,Rhinanthus glacialis,11,158.10471989090908,131.5891877,78.17288779106549,78.19123065000002,2
Leaf Area,Rhinanthus serotinus,10,330.4,340,95.548068182111,101.75,2
Leaf Area,Rhodiola integrifolia,16,83.88,83.28999999999999,20.07533146260189,31.60000000000001,0
Leaf Area,Rhodiola rosea,28,60.7254078175,1.586475,74.86520005646204,106.599923075,3
Leaf Area,Rhododendron ferrugineum,11,200.55871145454546,208.84637110000003,36.53744265975975,38.89085000000003,1
Leaf Area,Rhododendron lapponicum,25,34.6208662592,33.39778267,8.210617896927996,12.67380978,0
Leaf Area,Rhododendron luteum,10,0.27487,0.25965000000000005,0.1442653346364877,0.1877,1
Leaf Area,Rhododendron schlippenbachii,15,2.4885533333333334,2.3285,1.334417696903606,1.5092500000000002,2
Leaf Area,Rhus glabra,12,3251.6325916666665,86.34885,7604.155520269558,1554.075925,3
Leaf Area,Rosa arvensis,46,1263.7892608695652,1210.374,278.87561723530956,455.06575,0
Leaf Area,Rosa canina,22,1150.598656835151,749.88537518666,1203.1574460430031,2211.92675,0
Leaf Area,Rosa pendulina,15,1560.9113333333335,5.2885,2432.816154791584,3288.48575,2
Leaf Area,Rosa rubiginosa,10,2310.333,2229.665,550.6635770302752,801.8325,0
Leaf Area,Rosa rugosa,26,4858.746650400899,4727.687333,975.138700910945,1315.6585002500005,1
Leaf Area,Rosa woodsii,23,110.1487,6.0688,495.03794404155803,3.1606499999999986,3
Leaf Area,Rose SJ,31,10.74228870967742,6.5652,11.813575491313019,7.98745,4
Leaf Area,Rose SS,30,9.312997777777777,6.165,6.131666510009798,8.0993,3
Leaf Area,Rubus allegheniensis,29,31.523772413793104,28.4217,18.54275003804715,23.767100000000003,3
Leaf Area,Rubus caesius,47,3721.1955721035474,4308.016,2116.9643190332226,2128.807326441306,10
Leaf Area,Rubus cuneifolius,24,22.663333333333334,21.5305,8.05181125001059,5.96275,6
Leaf Area,Rubus flagellaris,19,18.400494736842106,19.76,9.660732017667863,17.0387,0
Leaf Area,Rubus fruticosus,31,5818.752943560856,5533,3095.8356160335484,3938.9023535482347,2
Leaf Area,Rubus hirtus,20,8330.454,7337.1395,2854.9699564347893,4570.565,0
Leaf Area,Rubus idaeus,34,5177.072784318861,5976.820607,4398.510410141381,8087.965709630952,0
Leaf Area,Rubus occidentalis,15,27.577366666666666,27.0847,13.179494152858755,17.256749999999997,0
Leaf Area,Rubus saxatilis,14,4680.478368571428,4591.962142,1222.1226092011138,1536.5130562499999,1
Leaf Area,Rubus serus_x,10,9311.43,9880.05,1706.157979561747,1831.3500000000004,2
Leaf Area,Rubus sp,31,29.481354838709677,25.711,15.207748664301338,15.093500000000006,3
Leaf Area,Rubus ulmifolius,62,7349.110806451613,7272.373,2143.779924212974,3059.812750000001,1
Leaf Area,Rudbeckia laciniata,19,74.14684210526316,68.81,23.12592798201274,32.69000000000001,1
Leaf Area,Rudbeckia triloba,10,29.888,24.13,18.807657305824492,3.1149999999999984,3
Leaf Area,Ruellia humilis,14,9.615,9.405000000000001,1.6695358636459416,2.460000000000001,0
Leaf Area,Rumex acetosa,139,737.7844394891059,370.79,1275.8351641029408,894.3455,15
Leaf Area,Rumex acetosella,31,26.3088449657869,1.6892,53.28565680877356,29.271116666666664,6
Leaf Area,Rumex alpestris,55,1158.6984116872727,911.9123590999999,565.7703158535252,720.10825535,6
Leaf Area,Rumex alpinus,32,4969.5408365,3205.997837,3161.8573380135044,4843.280487000001,2
Leaf Area,Rumex lapponicus,15,727.6866666666666,677.9,271.4322432333098,326.30000000000007,1
Leaf Area,Ruscus aculeatus,44,105.36863181818181,3.2274000000000003,226.85976819202523,66.3331,9
Leaf Area,Sabulina glaucina,10,5.5,5.45,0.9910712498212337,1.125,0
Leaf Area,Sagittaria latifolia,11,624.5818727272728,59.9233,1808.3132980414136,54.626149999999996,2
Leaf Area,Salix alba,36,967.6229948944446,778.0406910666666,518.38709592158,558.1249999999999,3
Leaf Area,Salix babylonica,20,5.973788,5.443275,4.067790433102214,6.7408,0
Leaf Area,Salix glauca,10,403.73726999999997,361.79499999999996,129.7286184744998,150.73657500000002,2
Leaf Area,Salix hastata subsp. picoeuropeana,10,1.5527750000000013,1.71366666666667,0.4619377196844658,0.854229166666665,0
Leaf Area,Salix herbacea,175,113.9563065944,105.661079,52.876850890785384,80.91203598499999,4
Leaf Area,Salix herbaceae-polaris,15,169.52666666666667,159.7,87.94449927301282,98.14999999999999,2
Leaf Area,Salix lanata,12,916.97486855,854.84058425,191.9156235049993,247.65541877499993,1
Leaf Area,Salix lapponum,25,503.364633388,534.0419427,248.98738385217422,286.43030489999995,2
Leaf Area,Salix polaris,17,134.48709406470587,138.1430929,62.273896151519764,78.9317418,0
Leaf Area,Salix repens,21,4.240668748093176,1.0794,13.617819377214111,0.62990909090909,2
Leaf Area,Salix reticulata,46,327.5597654869565,335.686,123.64280701785835,190.90249999999997,0
Leaf Area,Salix rosmarinifolia,11,109.77272727272727,109.5,25.87118439148432,31.25,0
Leaf Area,Salix sp,39,94.50735514125014,34.3017055121776,275.23099038002607,13.22642693237545,4
Leaf Area,Salvia aethiopis,10,10048.699,8353.835,5328.943370918332,7887.665000000001,1
Leaf Area,Salvia dorrii,12,13.484499754058458,9.548755523225363,14.364768896924854,1.126260184019614,2
Leaf Area,Salvia nemorosa,10,454.534,430.67,144.1621076889948,167.58749999999998,1
Leaf Area,Salvia officinalis,14,203.61809880952381,1.2716750000000001,462.91903319156717,79.3257,3
Leaf Area,Salvia rosmarinus,178,3.5731926936047724,0.31174999999999997,17.935577242655214,0.19501799242424178,37
Leaf Area,Sanguinaria canadensis,12,797.74175,64.3895,1842.3826389468968,41.37599999999999,3
Leaf Area,Sanguisorba minor,15,535.3996444444444,530.33,283.9152612530233,314.59233333333304,1
Leaf Area,Sanicula europaea,140,2281.3517428571427,1961.5945,1054.9693842011193,1631.3159999999998,6
Leaf Area,Sarracenia alata,10,10439.2,9443.5,2369.445495375565,4080.5,0
Leaf Area,Sarracenia flava,18,9869.777777777777,8995,7360.61734587652,11230.75,0
Leaf Area,Sarracenia leucophylla,13,8050.461538461538,7800,7561.283462651305,7243,2
Leaf Area,Sassafras albidum,163,8620.591615541922,9162.8,5374.076429763419,5903.449999999999,36
Leaf Area,Saussurea alpina,57,1076.6258231438596,706.3666667,845.0746502392194,800.4573369000001,9
Leaf Area,Saxifraga aizoides,29,20.620051503103447,19.0459778,8.346449921768748,8.73010979,4
Leaf Area,Saxifraga androsacea,13,10.78820826923077,9.6863533,5.4261396579057894,5.369950700000001,2
Leaf Area,Saxifraga bryoides,10,0.971785,1.0342,0.22083160508757696,0.37998750000000014,0
Leaf Area,Saxifraga exarata,10,5.82118698,4.55750055,3.1476976174407527,3.7676965000000004,2
Leaf Area,Saxifraga oppositifolia,29,4.061932768965518,3.8510101,2.442565851778822,3.4354942889999998,1
Leaf Area,Saxifraga paniculata,17,107.50815861176471,39.9972614,100.43936560360028,190.9644119,0
Leaf Area,Saxifraga rotundifolia,127,2059.2654151409447,1808.104,1119.6807429949265,1339.2195000000002,10
Leaf Area,Scabiosa columbaria,41,990.1012860390244,1144.707,575.487924119903,998.0313079000001,0
Leaf Area,Scabiosa ochroleuca,20,868.2000000000002,822.6666666666665,290.07902532874135,332.6666666666674,2
Leaf Area,Schizachyrium scoparium,33,3.8754333333333335,3.339,2.5331257376839127,3.8354999999999997,1
Leaf Area,Schoenoplectus lacustris,10,11152.52,10490.55,2235.5514024260074,3169.7750000000015,0
Leaf Area,Schoenoplectus tabernaemontani,11,2900.6239388458976,2893.5,1538.520358675493,1810.25,2
Leaf Area,Schoenus nigricans,10,893.65,841.55,137.63161175963737,158.54999999999995,2
Leaf Area,Scilla bifolia,18,974.6055555555555,964.45,287.56830691818396,191.3499999999999,5
Leaf Area,Scilla kladnii,16,682.40625,688.8,224.00740603456248,361.525,0
Leaf Area,Scilla vindobonensis,14,928.3,838.5,408.1325859231381,354.70000000000005,2
Leaf Area,Scirpoides holoschoenus,10,1922.33,2043.6,446.0850393516166,557.6749999999997,1
Leaf Area,Scirpus atrovirens,12,524.7548416666667,19.74695,1747.8785292322361,5.6719500000000025,1
Leaf Area,Sclerochloa dura,10,162.03300000000002,165.33499999999998,25.49629430590519,37.245000000000005,0
Leaf Area,Scopolia carniolica,15,5605.8533333333335,5524,2061.2507431954537,3725.63,0
Leaf Area,Scorzoneroides autumnalis,45,394.74730235333334,270.7712747,416.3825442218543,209.6866268,8
Leaf Area,Scorzoneroides helvetica,20,173.667039835,159.2316667,92.72828415054845,85.253333325,1
Leaf Area,Scutellaria altissima,10,3432.15,3689.25,1063.5548632873727,1460.125,0
Leaf Area,Scutellaria mexicana,11,2.1562303943501337,2.13771943061214,0.44580675578215595,0.483837365981435,2
Leaf Area,Secale sylvestre,10,20.15,16.75,13.142488348863012,12.75,2
Leaf Area,Securigera varia,36,404.9133888888889,516.5,393.712939836285,677.712,0
Leaf Area,Sedum lanceolatum,16,17.61333333333333,18.35666666666665,4.732563317648857,6.624999999999998,0
Leaf Area,Sedum urvillei,10,8.790000000000001,9.45,2.2932025156487548,3.0999999999999988,0
Leaf Area,Sempervivum montanum,10,21.38475511,16.80639975,13.471171558972097,5.868790599999999,2
Leaf Area,Senecio actinella,21,3.8075190476190475,4.0332,0.894048605848165,0.8274000000000004,5
Leaf Area,Senecio amplectens,25,12.17693152,11.372764,4.642187786952381,3.645862000000001,5
Leaf Area,Senecio crassulus,25,13.50954108,13.439435,3.692146947889691,5.3635909999999996,0
Leaf Area,Senecio eremophilus,22,8.819854545454545,7.0931999999999995,4.8947593408156616,6.792849999999999,2
Leaf Area,Senecio leucanthemifolius,10,125.6,113.5,60.02582777438392,53.5,2
Leaf Area,Senecio vulgaris,11,320.71636363636367,319,110.92511467406534,108,1
Leaf Area,Senegalia greggii,11,1.5438286567189228,1.39016426895215,0.45303823052763464,0.29739196831521486,1
Leaf Area,Senna hebecarpa,13,52.53,54.77,22.4196268181847,20.130000000000003,2
Leaf Area,Serratula tinctoria,10,5683.08,5396.75,953.5793666205475,1475.375,0
Leaf Area,Seseli annuum,10,1562.8400000000001,1423.2,720.045620776906,392.5,2
Leaf Area,Sesleria albicans,13,120.32584616153846,131.2453333,107.48533280895117,201.45383329999999,0
Leaf Area,Sesleria argentea,10,4.2139,3.8550000000000004,1.6541602401218571,1.6725000000000008,1
Leaf Area,Sesleria heufleriana,30,769.7026666666667,709.585,362.5927030661009,354.75000000000006,3
Leaf Area,Sesleria nitida,80,1265.5118,1244.9904999999999,327.00301236116456,548.9445,0
Leaf Area,Sesuvium maritimum,20,0.9886195,0.990475,0.6690206585786421,1.1877275,0
Leaf Area,Setaria helvola,10,15.6136,14.503,4.1610596727276095,6.212999999999999,0
Leaf Area,Sibbaldia procumbens,81,296.8948716634738,259.55,168.74725732110394,240.02112889999998,4
Leaf Area,Sidalcea malviflora,105,10.250638095238095,9.594,4.115109844392907,5.116,6
Leaf Area,Sideroxylon lanuginosum,12,2246.475,2175.95,643.3307323114323,409.5999999999999,3
Leaf Area,Silene acaulis,67,4.871564099164179,3.7469416,3.076111028062213,3.624668211,9
Leaf Area,Silene borysthenica,10,111.95,109,28.860247554185825,41.375,0
Leaf Area,Silene colorata,48,111.55687472916667,109.2328495,61.09155509625211,87.275428,2
Leaf Area,Silene conica,10,52.45,49.5,15.777005067150384,12.625,1
Leaf Area,Silene dioica,50,875.778209938,700.156,620.6757771923769,509.0534196,6
Leaf Area,Silene latifolia,10,814.6,825.25,250.181578502939,388.625,0
Leaf Area,Silene multiflora,10,644.2,657.75,156.6571273691547,163.625,1
Leaf Area,Silene nutans,18,110.5740072611111,95.0110138,62.30912075589377,77.19038139999999,2
Leaf Area,Silene stellata,20,6.904,6.02,2.415917391407509,2.0625,5
Leaf Area,Silene vulgaris,37,314.5034665324324,202.6803256,355.2712536548478,166.77618280000002,6
Leaf Area,Simmondsia chinensis,41,4.595961665535471,4.16,3.3447636491393253,3.63375,4
Leaf Area,Sisymbrium cavanillesianum,10,257.785,255.575,75.53043187278152,113.96250000000003,0
Leaf Area,Sisymbrium polymorphum,10,214.83,191.4,92.00971023635374,61.099999999999994,1
Leaf Area,Sisymbrium strictissimum,10,4123.01,4036,450.5902485752561,318.52499999999964,3
Leaf Area,Sisyrinchium bellum,22,8.116727272727273,7.8985,2.2814161679977927,3.9475,0
Leaf Area,Sixalix atropurpurea,31,545.5955911612904,470.54,423.8016305835783,397.58285849999993,2
Leaf Area,Smilax aspera,12,1245.70932375,1316.7729024999999,299.0373613992018,445.36164099999996,0
Leaf Area,Smilax tamnoides,10,1246.57888,33.905,2544.942502865806,72.63694999999998,2
Leaf Area,Solanum sisymbriifolium,20,21.623979,19.959885,16.98234933272032,26.025835000000004,0
Leaf Area,Soldanella pusilla,16,54.302229925,46.4757135,21.846266328865923,36.99414630000001,0
Leaf Area,Solidago canadensis,630,24.228080396825398,9.045,146.79195788038592,4.715225,39
Leaf Area,Solidago gigantea,56,122.74846435047458,7.2896,336.31791620235396,7.231375,6
Leaf Area,Solidago juncea,48,10.789041666666666,9.71,6.7571487281542915,5.408250000000001,4
Leaf Area,Solidago nana,20,1.466975,1.32395,0.7822289723166607,1.120975,1
Leaf Area,Solidago nemoralis,10,101.66308,14.6506,212.1009790344464,14.089675000000003,2
Leaf Area,Solidago rugosa,344,15.051989825581396,10.774999999999999,50.67305565305081,4.8469999999999995,16
Leaf Area,Solidago velutina,20,3.66583,3.08975,2.2770950859881935,2.481175,3
Leaf Area,Solidago virgaurea,160,1725.523786450625,1288.0529999999999,1345.9910164829837,1578.0469523499996,20
Leaf Area,Sonchus arvensis,11,3891.090909090909,4058.5,1594.2822808113658,1470.75,1
Leaf Area,Sonchus asper,100,14.00368,5.3705,83.82766909075723,3.092499999999999,9
Leaf Area,Sonchus bulbosus subsp. bulbosus,20,1145.073,1072.69,468.1244950482836,576.6925000000001,2
Leaf Area,Sorbaria kirilowii,15,18.544893333333334,15.7733,8.782893369130916,5.14555,4
Leaf Area,Sorbus aucuparia,27,5459.95444880983,6420.70148686542,4758.482167109575,9156.0318295,0
Leaf Area,Sorbus domestica,62,1873.9451612903226,1301.47,1539.934423431078,1449.8925,10
Leaf Area,Sorbus torminalis,36,28.133587962962963,22.80616666666665,19.19672053556454,23.984449999999995,4
Leaf Area,Sorghastrum nutans,47,39.653569361702125,25.95,95.35785924275638,12.096749999999993,8
Leaf Area,Sorghum halepense,10,56.1062,49.161,18.031977908396204,28.321999999999996,0
Leaf Area,Sparganium eurycarpum,20,380.469855,82.5781,1341.3746112378924,82.969325,1
Leaf Area,Spartina pectinata,18,45.76818333333333,43.1536,16.381218769290427,16.21755000000001,1
Leaf Area,Spergularia purpurea,10,3.16,2.85,1.4815157403446273,0.9125000000000001,3
Leaf Area,Sphaeralcea ambigua,11,8.840911296276193,8.8409112962762,5.765638741101571,10.62103376173758,0
Leaf Area,Sphaeralcea coccinea,10,2.6422499999999998,2.6262499999999998,0.9093209080895969,0.8737500000000002,1
Leaf Area,Spiraea alba,14,3.5406142857142857,3.0258000000000003,1.8886975743809615,2.3198,1
Leaf Area,Spiraea japonica,15,6.99556,6.618,2.897666923282542,4.357950000000001,0
Leaf Area,Spiraea rosthornii,15,9.179946666666666,8.1799,2.842972776581048,3.8923500000000004,1
Leaf Area,Sporobolus heterolepis,15,4.9576,5.2181,1.8199296238355718,3.0286500000000007,0
Leaf Area,Sporobolus interruptus,20,1.78501,1.6147,0.8014847504213007,0.9388000000000001,2
Leaf Area,Sporobolus virginicus,80,202.11225,190.155,100.93695473074496,112.91499999999999,6
Leaf Area,Stachys cretica,21,1072.578857142857,1050.177,232.32848370879663,392.15,0
Leaf Area,Stachys germanica,10,907.766,910.8299999999999,430.80951524620093,727.4124999999999,0
Leaf Area,Stachys montana,10,62.433,52.5,20.993028498898283,29.41250000000001,1
Leaf Area,Stachys officinalis,31,2387.162451612903,1411.882,1992.2220227899106,2844.964,3
Leaf Area,Stachys palustris,22,203.2191653181818,12.162099999999999,649.3613061072315,19.049425,2
Leaf Area,Stachys recta,11,2619.791899,2594.514231,894.7588851260783,648.3127814999998,2
Leaf Area,Stachys tenuifolia,10,20.05167,19.303350000000002,9.070101512362227,13.615000000000002,0
Leaf Area,Stellaria graminea,43,67.2957364372093,43.6885132,87.7100543100949,38.99075930000001,6
Leaf Area,Stellaria holostea,11,379.3584848484848,349.67,108.51736954017635,166.8683333333335,0
Leaf Area,Stellaria media,11,334.39363636363635,300,118.78419930889186,121,1
Leaf Area,Stipa capillata,10,547.95,541.5,71.53998493461152,119.375,0
Leaf Area,Stipa comata,21,1.1724142857142856,1.1825,0.48608686290180103,0.44010000000000005,4
Leaf Area,Stipa lettermanii,24,1.3016872916666666,1.2382595,0.4478033567224209,0.42573574999999986,4
Leaf Area,Stipa offneri,49,5.938148215716952,1.80096205237841,25.37071321621923,1.2501772099156199,2
Leaf Area,Stipa pennata,15,351.7733333333333,388.5,156.49981500065132,226.2,0
Leaf Area,Stipa tenacissima,93,109.22547356551418,14.5180444444444,696.7100629738914,8.14647887323944,13
Leaf Area,Streptopus amplexifolius,10,18.035,18.795,4.401823485784045,3.822499999999998,1
Leaf Area,Streptopus lanceolatus,65,8.730824615384615,8.42,3.6302510754694524,5.080000000000001,2
Leaf Area,Succisa pratensis,12,1871.6535462962963,2197.5,769.0101765272225,886.75,1
Leaf Area,Symphyotrichum ascendens,20,0.96356,0.6835,0.7063420391074896,0.9680250000000001,2
Leaf Area,Symphyotrichum ericoides,26,0.7265384615384616,0.69345,0.3378974342334349,0.25487499999999996,6
Leaf Area,Symphyotrichum falcatum,20,0.735655,0.5592999999999999,0.4421281684558283,0.677475,1
Leaf Area,Symphyotrichum oolentangiense,37,15.095043243243243,13.1905,7.407272540608713,8.8507,2
Leaf Area,Symphytum officinale,13,9702.714383521532,7148.256667,5638.2559448467455,1529.5185029999993,3
Leaf Area,Syringa pubescens,15,2.4782533333333334,2.5581,0.6813138555831108,0.6609999999999996,3
Leaf Area,Syringa villosa,14,8.219221428571428,5.41685,8.377395821832662,4.786250000000001,2
Leaf Area,Tanacetum parthenium,20,1519.6372000000001,1356.4095,447.2963745023039,752.3779999999999,0
Leaf Area,Taraxacum alpinum,20,398.09888815,409.03499999999997,165.48448806577517,170.29426164999995,4
Leaf Area,Taraxacum campylodes,163,138.21332455683026,24.182,475.87408061946894,36.9651,19
Leaf Area,Taraxacum sp,41,682.6514054728223,607.1529076,403.54204864655884,344.7786582,5
Leaf Area,Tephrosia spicata,10,17.0752,18.779,6.289432244293244,9.618,0
Leaf Area,Tetradymia stenolepis,11,0.31131837986751293,0.311318379867513,0.06368321039416798,0.0859635903925205,0
Leaf Area,Tetraneuris acaulis,16,45.74875,0.7168749999999999,65.6083792301588,94.576875,1
Leaf Area,Teucrium canadense,19,12.6223,12.1542,4.345230694297676,6.998549999999998,0
Leaf Area,Teucrium capitatum,36,37.48324703141656,0.40521428571428597,121.74002807821331,13.024258741258743,3
Leaf Area,Teucrium chamaedrys,14,88.68214285714286,83.83500000000001,32.0652959248352,51.33,0
Leaf Area,Teucrium charidemi,12,110.75266666666667,28.205,193.56014775085632,9.252874999999996,2
Leaf Area,Teucrium dunense,10,16.40325,15.54475,2.583139178187828,4.415625,0
Leaf Area,Teucrium eriocephalum subsp. eriocephalum,10,15.811350000000001,15.49,2.4967266242244284,3.06025,0
Leaf Area,Teucrium montanum,11,24.57709090909091,23.67,8.093219945788517,11.670000000000002,0
Leaf Area,Teucrium polium,13,8.833239349112425,0.089,24.396819492596965,0.071,3
Leaf Area,Teucrium scordium,10,804.45,816.75,181.15423907083525,259.625,0
Leaf Area,Thalictrum alpinum,40,208.5117595425,209.49166665,62.06270697553034,67.27534125000003,4
Leaf Area,Thalictrum dasycarpum,18,32.694272222222224,34.19,14.870728693479192,21.49125,0
Leaf Area,Thalictrum dioicum,17,739.9904764705882,29.32,2008.1362118924064,29.69,3
Leaf Area,Thalictrum fendleri,21,53.34941904761905,47.8426,24.908944664690615,31.965000000000003,2
Leaf Area,Thalictrum simplex,10,222.55,225,44.13077157721129,51.625,1
Leaf Area,Thamnosma montana,11,1.44940662501177,1.44940662501177,0.258178717651407,0.41084921980449507,0
Leaf Area,Thesium arvense,10,65.45,60.25,20.83326666656,26.375,0
Leaf Area,Thinopyrum intermedium,10,864.4,818,321.4831773722123,210.875,1
Leaf Area,Thinopyrum junceum,199,549.767935259799,475.62,309.7408590099683,256.44000000000005,25
Leaf Area,Thymus longiflorus,11,0.41449136437061074,0.0445454545454545,1.1894801261933987,0.04692083333333335,1
Leaf Area,Thymus mastichina,73,2.112579502813588,0.261883720930233,14.611776276537118,0.27415999999999996,7
Leaf Area,Thymus odoratissimus,10,33.3,30.5,7.958922316774077,11.5,1
Leaf Area,Thymus praecox,187,54.206524529114674,54.27,27.11098314498139,43.38001075,2
Leaf Area,Thymus pulegioides,12,16.536833333333334,16.17,3.7629514971225673,3.995000000000001,2
Leaf Area,Thymus serpyllum,16,7.6063374999999995,6.994,3.192977345545481,3.68475,2
Leaf Area,Thymus vulgaris,85,1.6970351503956271,0.0372666666666667,13.562942802347413,0.0191011904761905,7
Leaf Area,Thymus zygis,32,0.054725105433206044,0.0475753875968992,0.021571505051554325,0.03414825968523001,1
Leaf Area,Tilia americana,49,5616.621302040816,124.74331,8387.932756690516,10774.188,5
Leaf Area,Tiquilia greggii,11,0.16170328099994072,0.161548141346121,0.013318443464278212,0.019124383506844006,0
Leaf Area,Tofieldia calyculata,10,94.10249248,85.94568174999999,35.2150380433609,30.42484117500001,1
Leaf Area,Tofieldia pusilla,12,33.785476036666665,31.121801554999998,8.066777338269873,8.3727431125,3
Leaf Area,Tolpis barbata,60,98.89916666666667,70.25,93.94172936583048,74.25,6
Leaf Area,Tomostima reptans,10,0.22449,0.224645,0.05106140007655271,0.07535750000000002,0
Leaf Area,Torilis arvensis,11,211.04636363636362,195.33,117.74473604138126,99.16499999999999,3
Leaf Area,Townsendia exscapa,10,0.47891,0.4178,0.18659452445223454,0.234425,1
Leaf Area,Toxicodendron radicans,10,11580.37673,63.495000000000005,22790.31984046351,4519.5575,2
Leaf Area,Tradescantia ohiensis,19,13.829043421052631,15.016725,3.505034873418227,6.260850000000001,0
Leaf Area,Tragopogon dubius,21,7.780904761904762,6.6359,4.93950792888079,4.8748,2
Leaf Area,Tragopogon floccosus,15,577.6533333333333,258,559.7194448582084,965.9000000000001,0
Leaf Area,Tragopogon orientalis,10,883.55,838,272.981526644,366,0
Leaf Area,Tragus racemosus,10,78.7,85.5,27.602536115364472,35.375,0
Leaf Area,Tribulus terrestris,10,124.4,119.5,26.892584686324057,31.875,1
Leaf Area,Trientalis borealis,52,6.352907692307692,5.4775,3.2542555670423217,3.7990000000000004,6
Leaf Area,Trientalis europaea,31,247.0389698903226,197.1,197.55112162791812,260.3041,3
Leaf Area,Trifolium arvense,11,35.67663636363636,37.33,6.806190744795907,6.7734999999999985,3
Leaf Area,Trifolium badium,22,250.41599032272728,244.27169705,97.61985620035486,110.92165087500004,1
Leaf Area,Trifolium cherleri,214,69.78014018691589,65.975,33.39079798568912,40.2375,14
Leaf Area,Trifolium dasyphyllum,16,115.13333333333331,112.6666666666665,37.386087727329205,47.57500000000002,1
Leaf Area,Trifolium dubium,11,95.39576223776224,100.67,36.95900625545917,35.34,1
Leaf Area,Trifolium fragiferum,10,144.767,139,25.120242855337032,39.9975,0
Leaf Area,Trifolium glomeratum,47,100.2127659574468,103,31.94237758310149,44.150000000000006,1
Leaf Area,Trifolium hirtum,20,190.2125,170.725,80.48328344739474,89.88749999999999,2
Leaf Area,Trifolium longipes,22,1.9000409090909092,1.9219499999999998,0.6014897375992624,0.8194250000000003,1
Leaf Area,Trifolium micranthum,15,50.154,47.67,10.09836111172784,10.035000000000004,2
Leaf Area,Trifolium montanum,268,762.2936567164179,703.485,448.18633107682615,670.9150000000001,8
Leaf Area,Trifolium pratense,119,476.6378897789916,408.02826860000005,295.85786722488854,341.6381560499999,9
Leaf Area,Trifolium repens,141,184.73975397163122,98.6183797,250.4680681160053,271.6674953,14
Leaf Area,Trifolium striatum,30,64.94333333333333,55.6,27.233399667894282,25.0875,3
Leaf Area,Trifolium thalii,10,0.633195,0.628125,0.14081000142035366,0.16745624999999997,0
Leaf Area,Trifolium tomentosum,10,35.915,36.8,16.89289873816148,28.125,0
Leaf Area,Trigonella officinalis,13,3.396153846153846,3.11,0.8598307823978938,1.3599999999999999,0
Leaf Area,Trigonella procumbens,10,573.05,435.5,267.58523564153035,421.5,0
Leaf Area,Trillium erectum,10,22.408,23.85,10.27118169118497,15.429999999999996,0
Leaf Area,Trillium grandiflorum,18,662.0773333333333,94.86250000000001,2388.3184460488956,46.97425000000001,2
Leaf Area,Trillium undulatum,10,18.073,17.8,3.703785000959604,3.065000000000005,2
Leaf Area,Tripleurospermum inodorum,10,504.401,513,164.32193743110233,189.50249999999994,1
Leaf Area,Trisetaria panicea,56,105.13303571428571,80.275,69.48536358424748,67.30000000000001,7
Leaf Area,Trisetum flavescens,50,5.5198,4.938000000000001,2.532672461238991,2.5890000000000004,5
Leaf Area,Trisetum spicatum,28,112.644925,115.8375,35.63475143581494,46.374999999999986,1
Leaf Area,Trixis californica,11,3.064609697771027,2.94250792213671,0.6008968670189242,0.44643275844358987,3
Leaf Area,Trollius europaeus,45,4291.288864622222,3282.1,2869.2626223621974,3797.7,5
Leaf Area,Ulex parviflorus,38,2.6593885964912283,1.5101,4.134964385293327,0.9633499999999999,6
Leaf Area,Ulmus parvifolia,20,4.0419730000000005,4.08568,2.6475971168114723,4.035385,0
Leaf Area,Ulmus rubra,106,4553.33962264151,4296.15,2089.6760614155464,2825.1499999999996,4
Leaf Area,Urtica dioica,126,1847.546366864971,1798.5543655,907.5516832449117,1035.7121012500002,13
Leaf Area,Urtica urens,10,393.267,314.66499999999996,216.75524640837543,83.33249999999998,1
Leaf Area,VACCINIUM VITIS-IDAEA,295,53.231035976819726,47.1453,33.07104646403521,41.12109070000001,20
Leaf Area,Vaccinium angustifolium,53,7.29237358490566,2.2409,36.794737832990734,1.1762,4
Leaf Area,Vaccinium caespitosum,11,176.32,170,48.97192665190946,38.80000000000001,2
Leaf Area,Vaccinium myrtilloides,30,14.990521873840278,2.0123430159375,50.51068162400922,8.17808770359375,5
Leaf Area,Vaccinium myrtillus,204,70.76156797842671,60.6374,69.10463103935284,42.639921945,22
Leaf Area,Vaccinium uliginosum,70,73.36457073228571,77.18343578,43.388272092368844,52.627442224999996,1
Leaf Area,Vachellia constricta,10,1.5511370885397344,1.6278100874060502,0.30170130812022616,0.42270112426644024,0
Leaf Area,Valeriana collina,10,9196.35,9142.5,3134.9875336452474,2426.125,2
Leaf Area,Valerianella locusta,20,251.4665,246,63.0273220850333,116.41749999999999,0
Leaf Area,Veratrum album,20,14362.7962394,7464.887597500001,11789.993422575179,15947.03562975,4
Leaf Area,Verbascum phoeniceum,10,4247.78,3545.25,2814.3770507876156,1077.875,3
Leaf Area,Verbascum thapsus,28,838.2012857142857,61.63375,3918.0328858953403,57.81162500000001,5
Leaf Area,Verbena bracteata,12,2.605741666666667,2.01765,1.7589271050368556,1.2779000000000005,3
Leaf Area,Verbesina alternifolia,14,34.45914285714286,31.145,10.825054093715565,19.06825,0
Leaf Area,Verbesina occidentalis,29,41.15841379310345,41.879,7.552313697126395,8.914000000000001,2
Leaf Area,Vernonia fasciculata,18,14.131438888888889,14.36,7.07339330200642,11.231649999999998,0
Leaf Area,Veronica alpina,106,51.51193097301887,40.259776110000004,38.64830598965603,37.95976040000001,11
Leaf Area,Veronica arvensis,11,34.627272727272725,33.67,11.160265311280991,10.329999999999998,2
Leaf Area,Veronica chamaedrys,101,2089.7509499158414,1206.8899999999999,2390.7985765699054,2704.7513347000004,10
Leaf Area,Veronica dillenii,10,7.98,7.199999999999999,3.7356540406080314,5.050000000000001,0
Leaf Area,Veronica hederifolia,26,127.84484615384615,128.119,53.63411678750182,79.27299999999998,0
Leaf Area,Veronica montana,20,568.735,546.7049999999999,72.7685405103057,144.52999999999997,0
Leaf Area,Veronica officinalis,15,142.55029236666667,128.0256534,43.00000862080516,57.48318259999999,1
Leaf Area,Veronica serpyllifolia,27,67.35719847407408,51.7212717,42.871635377184354,47.461912649999995,3
Leaf Area,Veronica spicata,26,410.67946153846157,237.575,354.59598736074054,394.2075,3
Leaf Area,Veronica sublobata,20,156.8063,141.5465,59.96226499101441,105.99749999999999,0
Leaf Area,Veronica triloba,21,51.42857142857143,47.937,21.718024497111678,22.923000000000002,3
Leaf Area,Veronicastrum virginicum,19,9.474089473684211,7.4859,4.406119228968167,3.8675999999999995,3
Leaf Area,Viburnum acerifolium,16,189.03,24.9635,674.9655860742333,13.389500000000002,1
Leaf Area,Viburnum rufidulum,54,2164.288888888889,2124.25,559.2285837927257,485.10000000000014,8
Leaf Area,Viburnum tinus,34,317.3434132352941,18.221899999999998,774.7151709683942,40.44225,5
Leaf Area,Vicia americana,27,5.061018518518519,4.1426,3.184189789115186,2.5230499999999996,4
Leaf Area,Vicia angustifolia,10,69.4,72.25,22.274549502864375,40.5,0
Leaf Area,Vicia cracca,18,72.56388888888888,56,74.94684384037787,101.99,2
Leaf Area,Vicia grandiflora,10,742.766,674,297.7439556322774,400.25250000000005,1
Leaf Area,Vicia lathyroides,10,168,165.5,36.66244096862316,51.412499999999994,0
Leaf Area,Vicia pulchella,20,4.247175,4.47255,1.4775395956489716,1.9628,0
Leaf Area,Vicia sparsiflora,10,1556.3,1539,314.1308290788693,508.875,0
Leaf Area,Viguiera deltoidea,11,4.906253869570878,4.90625386957088,1.0060411379353915,1.2178730235600952,0
Leaf Area,Vinca herbacea,27,201.11851851851853,190.5,57.28897086120663,67.54999999999995,3
Leaf Area,Vinca minor,10,305.001,320.66499999999996,75.99737165776781,81.08499999999998,1
Leaf Area,Vincetoxicum nigrum,11,17.325454545454544,16.56,4.756871584637037,8.220000000000002,0
Leaf Area,Viola adunca,17,157.625,148.8,42.074390964100715,30.600000000000023,4
Leaf Area,Viola alba,66,983.0994696969697,952.27,334.39859259587064,410.60699999999997,2
Leaf Area,Viola arvensis,20,224.949,223.91500000000002,85.28832806551273,103.1225,1
Leaf Area,Viola biflora,89,305.1203974247191,235.6923,300.44957498565435,243.56666669999998,7
Leaf Area,Viola canadensis,20,10.37305,10.6645,3.5618113686422914,3.8622500000000013,4
Leaf Area,Viola canina subsp. montana,10,1001.6,926.5,305.66982913667556,215.5,2
Leaf Area,Viola kitaibeliana,10,60.05,54.75,23.11378857353814,21.125,2
Leaf Area,Viola pedata,19,6.361647368421052,5.8753,2.9083907582427053,1.6344000000000003,4
Leaf Area,Viola praemorsa,21,3.9619189523809526,3.536866,1.5963698801506334,2.1382849999999998,2
Leaf Area,Viola reichenbachiana,150,978.20084,864.8085,386.98443413552917,421.3717499999999,12
Leaf Area,Viola riviniana,15,262.0286555555556,0.734666666666667,382.90757148460773,760.0551666666667,0
Leaf Area,Viola rupestris,13,1765.8292307692307,1893,1062.8318993571024,1157.5,2
Leaf Area,Vitis riparia,10,70.47548,65.27455,30.731231547394184,50.921324999999996,0
Leaf Area,Vitis rotundifolia,31,79.98483870967742,21.41,336.0740191671171,22.064999999999998,2
Leaf Area,Vulpia bromoides,99,0.982420202020202,0.792,0.8354884253988615,0.6619999999999999,10
Leaf Area,Vulpia ciliata,48,37.43541666666667,33.4,19.994443266188302,19.074999999999992,6
Leaf Area,Vulpia fasciculata,23,31.148260869565217,16.88,29.491612929807367,25.34,3
Leaf Area,Vulpia octoflora,10,0.144238,0.13626,0.032233648671328954,0.047955,0
Leaf Area,Weigela florida,29,15.85648275862069,17.5238,6.481016141231744,6.5937,5
Leaf Area,Wisteria sinensis,15,57.24151333333333,44.1037,33.515178500939086,47.501450000000006,1
Leaf Area,Xanthisma gracile,20,0.21239,0.18925,0.10488531531354164,0.14155000000000006,1
Leaf Area,Xanthium spinosum,10,357.034,402.83500000000004,114.87433048529356,179.5,0
Leaf Area,Xanthium strumarium,35,1160.9845457142858,32.91,2935.614801639025,69.97,5
Leaf Area,Xeranthemum annuum,10,71.2,68.33500000000001,19.663308187812365,20.3275,1
Leaf Area,Zanthoxylum americanum,22,46.9263625,42.91,24.55114220632562,24.06405,3
Leaf Area,Zelkova serrata,20,14.906126,13.73366,12.320233069603068,17.1947125,1
Leaf Area,Zizia aurea,17,32.69087058823529,33.37,23.934627357992348,35.86,0
Leaf mass per area,ARCTOSTAPHYLOS UVA-URSI,186,43.51254332944613,0.13510858087961752,102.19227686975519,0.1988559743209495,30
Leaf mass per area,ATROPA BELLA-DONNA,41,0.014239510319102934,0.0037963799993219168,0.012786018887945585,0.02280936069688632,0
Leaf mass per area,Abies alba,120,0.02440812569907528,0.013721636886085149,0.03708207873277431,0.006440194016012634,16
Leaf mass per area,Abies amabilis,17,0.10309982109765614,0.015105740181268881,0.2390265639815274,0.1293103448275862,1
Leaf mass per area,Abies balsamea,78,7.334197954282895,0.05170853450052514,19.137266004487024,0.05351021400224573,12
Leaf mass per area,Abies concolor,69,0.01983225271573995,0.0147941176469718,0.007864867711396379,0.012101641860447538,4
Leaf mass per area,Abies fraseri,18,0.005538897817943442,0.00547495311466667,4.475532030911691e-4,7.637905807960279e-4,0
Leaf mass per area,Abies grandis,13,0.009928135667919051,0.008389261744966443,0.0046345918476498075,0.0016948407346106331,5
Leaf mass per area,Abies lasiocarpa,104,0.049645689600127434,0.03387503120875767,0.04318863530721577,0.032899538140864874,12
Leaf mass per area,Abutilon incanum,20,135.80451114195574,59.156820490405444,233.4909806670533,152.85391809827237,2
Leaf mass per area,Acalypha monococca,50,0.006134655693703727,0.006134655693703727,0,0,0
Leaf mass per area,Acamptopappus sphaerocephalus,21,964.5194392800779,1078.8472326933866,1031.2225240437874,1689.7386963021802,0
Leaf mass per area,Acer campestre,22,0.012527493651359288,0.00623350427347605,0.021402595842364692,0.009474761617108978,4
Leaf mass per area,Acer circinatum,16,0.002978899384501654,0.0022810218978102192,0.0016787050141834601,0.0026966888332741823,0
Leaf mass per area,Acer granatense,31,0.04249131373217641,0.0435620371769685,0.013159533954782527,0.01910510745278156,1
Leaf mass per area,Acer macrophyllum,10,0.00740228251661415,0.00429000000005046,0.009387248812151968,0.00251044140896357,1
Leaf mass per area,Acer monspessulanum,47,0.047284848848827006,0.04497839853228385,0.043512037196256306,0.05437288591707634,1
Leaf mass per area,Acer negundo,40,0.0072732883269775676,0.0038073171935033056,0.009952501339635851,0.002537601052787039,7
Leaf mass per area,Acer obtusatum,43,0.023566079451859488,0.0051231230991213685,0.020238025091447627,0.038214484945687924,0
Leaf mass per area,Acer opalus,12,0.04794161470192349,0.06264033769617144,0.029581545406150336,0.058107741268137114,0
Leaf mass per area,Acer palmatum,40,0.003691376774553609,0.0035180610196413505,5.110176382732065e-4,5.001567554735764e-4,6
Leaf mass per area,Acer pensylvanicum,656,3.694922441950108,0.002439957472951888,36.82408446328403,6.518686632852435e-4,70
Leaf mass per area,Acer platanoides,71,0.010602365059804221,0.005716926891714405,0.01445663878006771,0.0023343879323414144,12
Leaf mass per area,Acer pseudoplatanus,145,0.022271366368817783,0.008879701059045867,0.021394484513369772,0.030599142444167445,19
Leaf mass per area,Acer rubrum,674,3.1356947248453007,0.005697387340932473,23.451368421097076,0.026481150067094658,102
Leaf mass per area,Acer saccharinum,25,0.005830857004524797,0.0035900000000441573,0.006814211066668311,0.0018370501054336625,6
Leaf mass per area,Acer saccharum,1535,1.4059957817053403,0.003128839779936875,13.676080749493025,0.0160302500056629,320
Leaf mass per area,Acer spicatum,27,221.54651403942373,0.03745318352059925,276.3394186119067,540.9102020213363,0
Leaf mass per area,Achillea aspleniifolia,10,0.09665447122167968,0.09438416448411638,0.009492673694756365,0.014646118916899542,0
Leaf mass per area,Achillea collina,10,0.03729838282550565,0.03585592423690777,0.006198710724206972,0.0071965547712626934,0
Leaf mass per area,Achillea maritima,22,0.11663962441197241,0.11418848521388239,0.03366873896213438,0.04069865560273957,1
Leaf mass per area,Achillea millefolium,808,6.196443581957121,0.03643080242327658,27.34871235021957,0.07343943590870046,90
Leaf mass per area,Achillea nobilis,10,0.08524276651580467,0.08650525504458088,0.0052103895679930096,0.008867442078355492,0
Leaf mass per area,Acmispon rigidus,22,40.41286778338848,29.76390180424895,42.21556393206963,79.02701430400391,0
Leaf mass per area,Acmispon wrightii,21,0.007151017649225845,0.006644136963418299,0.0012357732930041213,0.001987149113691157,0
Leaf mass per area,Aconitum anthora,16,0.02349909909585615,0.024096838866354636,0.0031898734451019433,0.0041788835513002776,1
Leaf mass per area,Aconitum lycoctonum,23,0.02986826176111715,0.02853881278538813,0.010684431558774942,0.00829359729872526,2
Leaf mass per area,Actaea rubra,14,0.002489486022735903,0.002443290556323018,3.451250449041343e-4,3.017150831508735e-4,1
Leaf mass per area,Actaea spicata,30,0.012163044052597877,0.002800050451602365,0.010744206172990952,0.020600635393140748,0
Leaf mass per area,Adenophora liliifolia,11,0.02864717988807053,0.027777777777777776,0.00658822469253861,0.008156840729716282,1
Leaf mass per area,Adiantum pedatum,10,0.004250853415677198,0.002174631629537357,0.007453428881863865,0.0010717740427969304,1
Leaf mass per area,Adonis vernalis,16,0.038965742821534644,0.0395274077516823,0.011576946655253816,0.013399803776319046,1
Leaf mass per area,Aegilops geniculata,10,0.05172807785678839,0.04424778761061947,0.053245074886159,0.037840656696873684,1
Leaf mass per area,Aegilops neglecta,10,0.030622743230147745,0.030711579625541524,0.014891159831180554,0.015974727749240053,2
Leaf mass per area,Aegopodium podagraria,29,0.028180816942302504,0.0325262002494943,0.014969957919059093,0.010600435741969477,7
Leaf mass per area,Aesculus hippocastanum,39,0.007381356476712054,0.0071026485315341175,0.002055903588873437,0.0023796404657114942,4
Leaf mass per area,Agave virginica,51,0.011459241223321226,0.01140945029691646,3.555783373104883e-4,0,0
Leaf mass per area,Ageratina altissima,28,0.0029714805016102636,0.002118241324445773,0.0036911034365600514,9.093576212647013e-4,4
Leaf mass per area,Agoseris glauca,24,0.005100647006116823,0.0050116316513050575,7.881259441226774e-4,0.0011163236618895464,1
Leaf mass per area,Agropyron cristatum,34,0.11133098899252791,0.1423897130680346,0.080183496912281,0.16351488245522655,0
Leaf mass per area,Agropyron desertorum,10,0.011691806964057245,0.01074962920900185,0.002913252126573262,0.0016513157470548299,2
Leaf mass per area,Agrostis alpina,11,0.13095276147917906,0.13192612137203166,0.027243170569149884,0.04066870791997107,0
Leaf mass per area,Agrostis canina,15,0.009345099283838827,0.00338409475465313,0.01621800445672393,0.0020957936607984727,2
Leaf mass per area,Agrostis capillaris,45,0.011123452813299302,0.0035939415062055465,0.013847599536362356,0.0025585807777462515,11
Leaf mass per area,Agrostis mertensii,24,0.03153153595841858,0.03601987215889531,0.01515283985668183,0.009978014922054496,5
Leaf mass per area,Agrostis rupestris,30,0.0497953520850362,0.04515276728759671,0.022859728593163132,0.02512965585431067,2
Leaf mass per area,Agrostis stolonifera,51,0.025308260496127732,0.024905804968388755,0.02560872897834548,0.03574420799242635,2
Leaf mass per area,Ailanthus altissima,113,0.012836772258973988,0.003882992492881185,0.014456188938728796,0.023012244959123705,11
Leaf mass per area,Aira caryophyllea,28,0.007025974661953283,0.005764285713310562,0.007596331369731283,0.003631617646231315,1
Leaf mass per area,Ajuga pyramidalis,12,0.9790690640741506,1.170223498292355,0.9024019152189923,1.7606947061008347,0
Leaf mass per area,Ajuga reptans,245,0.094461182201437,0.038439113735080056,0.29426125041394313,0.024467178626810804,38
Leaf mass per area,Albizia julibrissin,40,0.005327740229590295,0.005089309675573399,0.0019480601514286218,6.970462863389497e-4,10
Leaf mass per area,Alchemilla alpina,22,0.05551695501556796,0.0684580423833336,0.030690390035495257,0.057240602600964335,0
Leaf mass per area,Alchemilla coriacea,10,2.3583772646225656,2.3226835282709732,1.419799993996712,1.2224513730533726,2
Leaf mass per area,Alchemilla pentaphyllea,10,0.05745850800040462,0.057774756310590945,0.0055253653875022716,0.0049341760774114715,2
Leaf mass per area,Alchemilla sp,21,0.03971966700109928,0.045877873101802996,0.01835322539787487,0.007085445788724637,5
Leaf mass per area,Alchemilla vulgaris,123,0.8802082940851765,0.045883682228157564,6.512956512053852,0.013125408145121704,12
Leaf mass per area,Alchemilla xanthochlora,16,2.5936892202961412,1.9280739355966174,2.304064165415089,0.5485663688219629,4
Leaf mass per area,Alisma subcordatum,11,0.004550444428483414,0.004292736966063737,9.305053491053142e-4,0.0011446104573498653,0
Leaf mass per area,Alkanna tinctoria,10,0.08098893629490123,0.08306220835092541,0.009480711494731864,0.01127276112254788,1
Leaf mass per area,Alliaria petiolata,30,0.016772879403536754,0.016382242219687322,0.007209215472530098,0.004385638672229734,9
Leaf mass per area,Allium canadense,51,0.007649975679241471,0.007611734316910681,2.7309795209531093e-4,0,0
Leaf mass per area,Allium cernuum,16,0.006826292875146355,0.00645667016806723,0.0015257817722522196,0.001802797612058862,2
Leaf mass per area,Allium flavum,20,0.3160288373849927,0.25089605734767023,0.1982618926145201,0.35832414518550215,0
Leaf mass per area,Allium sphaerocephalon,18,0.16838384204088172,0.16330387563884158,0.07368788759084334,0.10263675653980403,0
Leaf mass per area,Allium textile,16,0.00892169306637878,0.009139741535286027,0.0015279124025277182,0.0025951509687542904,0
Leaf mass per area,Alnus alnobetula,20,0.04435060133943856,0.0467303080603,0.03647759809073551,0.07340449852130342,0
Leaf mass per area,Alnus glutinosa,124,0.023660918596412506,0.0076471584202078904,0.026415686553190966,0.041320909795808825,13
Leaf mass per area,Alnus incana,37,0.029085991725942527,0.009069767441565171,0.02756741951483928,0.051462233100824206,1
Leaf mass per area,Alnus rubra,11,0.007756429148656554,0.007250000000145001,0.0023793159575992385,0.0036696396830086554,0
Leaf mass per area,Alopecurus pratensis,260,14.835292555052197,0.050276533573299094,51.87659130791392,0.019972465784684493,41
Leaf mass per area,Aloysia wrightii,20,44.31298965997234,26.17682348055736,47.580279759518476,97.49125390938748,0
Leaf mass per area,Althaea officinalis,10,0.07784981282880514,0.07348160948018644,0.021422652500560645,0.03999929864971359,0
Leaf mass per area,Alyssum tortuosum,10,0.0606384973875286,0.060007950648366726,0.005313691871937977,0.007203330746206028,1
Leaf mass per area,Amaranthus retroflexus,18,0.03071078286319783,0.033054507237272074,0.018589386262789036,0.03680819342535312,0
Leaf mass per area,Ambrosia artemesifolia,21,0.005534876056804934,0.006013464930933494,0.0018094282714176185,0.0016599967952500572,5
Leaf mass per area,Ambrosia artemisiifolia,112,0.019312944031588765,0.005068877095696885,0.018240769120132214,0.030740975675448454,3
Leaf mass per area,Ambrosia deltoidea,22,13.10801087240607,10.294257315903021,14.115248046439508,23.33793049949293,0
Leaf mass per area,Ambrosia dumosa,31,141.20592549072543,0.01,202.51222583557654,353.93680454461247,1
Leaf mass per area,Ambrosia psilostachya,65,0.0067081295381864105,0.006624557079124359,0.0015068930263915997,0.001778568997667337,5
Leaf mass per area,Ambrosia salsola,28,857.8178349697712,0.012380952380834469,1202.3577479934154,1620.6453405228856,3
Leaf mass per area,Amelanchier arborea,510,0.01865040187271686,0.005395065967009118,0.020824188118524444,0.03555776749786883,21
Leaf mass per area,Amelanchier ovalis,27,0.043256361282188946,0.04477436078708611,0.016919196664704754,0.020672387896600676,2
Leaf mass per area,Amelanchier utahensis,31,0.031450984826597646,0.00861474844934528,0.03475095342102428,0.06490807382317848,0
Leaf mass per area,Ammophila arenaria,65,0.2899441324734731,0.297053642361231,0.10271833952317337,0.09812883738797251,10
Leaf mass per area,Amorpha canescens,91,0.006858521265217428,0.0054725535876373865,0.006335395578493071,0.0013102941971272755,12
Leaf mass per area,Amphicarpa bracteata,13,0.002325010127199433,0.002277904328018223,9.113803665157734e-4,8.446014095438634e-4,2
Leaf mass per area,Amphicarpaea bracteata,77,0.0023310228173169024,0.0020749166982124588,8.224108870652612e-4,0.0010675930596827747,7
Leaf mass per area,Anacamptis palustris,15,0.04537020882888128,0.045289855072463775,0.007004893887737699,0.00552077678076858,2
Leaf mass per area,Anacyclus clavatus,13,0.05457238181284502,0.06014675808973896,0.023495110789218697,0.028519723423095743,1
Leaf mass per area,Anagallis arvensis,69,0.0063350403528311386,0.0033753541078509596,0.009644224393976374,0.0010085521592049572,9
Leaf mass per area,Anchusa barrellieri,15,0.050538461019307236,0.048828125,0.020099309549525737,0.0393023555390447,0
Leaf mass per area,Andromeda polifolia,42,0.12405387304196376,0.14008943579763145,0.06396652462827261,0.061751147504179205,9
Leaf mass per area,Andropogon gerardii,303,0.011046921635641953,0.005723809523665611,0.019784659235115378,0.0019816376657412023,32
Leaf mass per area,Andropogon virginicus,89,0.05755660925171303,0.05512975662303523,0.017570867913570133,0.01965031969344192,9
Leaf mass per area,Androsace obtusifolia,16,1.7174516052936262,1.8706381071924143,0.705841479473619,0.37357727611514324,3
Leaf mass per area,Androsace septentrionalis,17,0.009496357069175482,0.003893637227011234,0.014249675849847031,0.0027798600502698632,3
Leaf mass per area,Anemone cylindrica,11,0.024874447454608917,0.009345794392523364,0.03083386995003768,0.028331130156857523,3
Leaf mass per area,Anemone hepatica,390,0.029921607901527068,0.008409824264096333,0.026917323081284805,0.05010438101189972,14
Leaf mass per area,Anemone nemorosa,16,0.012079099755493778,0.004568019218321902,0.0095554541408715,0.01769737436656366,0
Leaf mass per area,Anemone quinquefolia,20,0.0031797999841812453,0.003110053896154972,5.999588151105335e-4,9.276305624689321e-4,0
Leaf mass per area,Anemone sylvestris,11,0.03710908242455366,0.03861003861003861,0.012190696952746648,0.008848473852235021,2
Leaf mass per area,Anemone virginiana,65,0.006137634090383818,0.006508922843448616,9.888514998073023e-4,0,0
Leaf mass per area,Angelica archangelica,11,0.04240429086385531,0.05285691632750145,0.02435987295725744,0.02632739843363753,3
Leaf mass per area,Angelica grayi,12,0.1546304587906033,0.055933245907461474,0.14820495580494406,0.249139997358078,0
Leaf mass per area,Antennaria alpina,42,0.0924187823678052,0.0525547353793992,0.13254743548849168,0.03221121216959376,7
Leaf mass per area,Antennaria dioica,127,0.03676385581234301,0.04633471646400429,0.02974482097987534,0.05868353414836264,0
Leaf mass per area,Antennaria neglecta,12,0.005648050137631031,0.005703521708886681,3.6005266078678556e-4,3.1715625557278936e-4,1
Leaf mass per area,Antennaria parvifolia,13,0.007336538245463135,0.006842022858806871,0.0019608694641632942,0.0030521612013721137,0
Leaf mass per area,Antennaria rosulata,21,0.0055837633018203945,0.005766062602917907,0.0010122069574085226,8.958914253311646e-4,3
Leaf mass per area,Antennaria sp,29,236.16560303815294,232.83333333333346,32.97416597938789,42.45263157894749,1
Leaf mass per area,Anthemis arvensis,461,0.031259350174956464,0.030935251798561186,0.010405468586795485,0.010949136947300028,49
Leaf mass per area,Anthemis maritima,241,0.10556199387639172,0.09983361064891814,0.05893414502064329,0.04684157624803491,24
Leaf mass per area,Anthoxanthum odoratum,449,0.038840051673915146,0.03808073115003808,0.02098438226552636,0.020381662599827703,63
Leaf mass per area,Anthriscus cerefolium,15,0.03012958249961383,0.03006614552014432,0.009484713773446932,0.00885239085636088,2
Leaf mass per area,Anthriscus sylvestris,165,0.13442136234032884,0.060947621691652604,0.1977995865926847,0.050639657190055254,26
Leaf mass per area,Anthyllis cornicina,66,0.050351611881024126,0.05347893331140981,0.0177693406702561,0.019332669550675904,7
Leaf mass per area,Anthyllis lotoides,13,0.04752447385210988,0.060805058980907205,0.0321806797255706,0.060913984525872086,0
Leaf mass per area,Anthyllis sp,10,0.08802901080694643,0.08416817860329659,0.013890060097246831,0.019286290234436704,0
Leaf mass per area,Anthyllis vulneraria,30,0.05840592170748484,0.05592068777808955,0.027729854398394198,0.021328059179674695,7
Leaf mass per area,Anthyllis vulneraria subsp. polyphylla,10,0.06859826484384854,0.06704829275222116,0.006213065175143556,0.0037028181800406734,2
Leaf mass per area,Aphanes arvensis,17,0.03390910012229354,0.030275507114744173,0.013322287657443052,0.007824358316132977,4
Leaf mass per area,Apocynum cannabinum,94,0.023474070401849734,0.0059143837825420195,0.028615618480971897,0.04171572243511993,12
Leaf mass per area,Aquilegia caerulea,25,0.05012803464526108,0.005835543767042616,0.09108190921767377,0.016171961225684785,5
Leaf mass per area,Arabidopsis lyrata,21,0.01799281809784704,0.0039904229848363925,0.027238378257503398,8.801488731358317e-4,5
Leaf mass per area,Arabis alpina,17,0.9032028770265955,1.3289933266540432,0.7763312469194611,1.4742549168386954,0
Leaf mass per area,Aralia nudicaulis,76,90.66418818996543,0.0030228922290185516,251.7642167023292,0.0010876693796390332,16
Leaf mass per area,Arbutus andrachne,64,0.014170532567611898,0.01119873378352167,0.01887433014497122,0.006813281399974811,2
Leaf mass per area,Arbutus menziesii,36,0.023878616625782712,0.014347601147823102,0.03380617343696774,0.0074843085751248525,3
Leaf mass per area,Arbutus unedo,395,0.07076440154805647,0.01813475291250633,0.07370167829730737,0.109607258315409,40
Leaf mass per area,Arctium lappa,19,0.00382157225119286,0.004755111745126011,0.002396117018695806,0.0031782282150357136,0
Leaf mass per area,Arctium nemorosum,10,0.04082494895976577,0.03955511285792883,0.00769558123464151,0.013439703895452453,0
Leaf mass per area,Arctostaphylos alpinus,61,0.07452591501552601,0.07818608287724786,0.04001853260993075,0.046417596153224674,7
Leaf mass per area,Arctous alpina,13,0.06803217243073406,0.07678284180395323,0.03624813776097382,0.04001773472279909,3
Leaf mass per area,Arenaria biflora,16,0.0334457677621048,0.03110556397556051,0.01346487342928933,0.015523797041711002,2
Leaf mass per area,Arenaria lanuginosa,20,0.004667763344787782,0.004536601885943113,8.711326080800072e-4,0.0012410569808647158,0
Leaf mass per area,Arenaria montana,11,0.013358481555379331,0.003671164104215825,0.03168438013262421,0.001046532023147478,1
Leaf mass per area,Arenaria serpyllifolia,29,0.050682961222460285,0.056110425317023906,0.023323252545204794,0.01590368599248318,8
Leaf mass per area,Arisaema triphyllum,44,120.5080479837013,0.0027626294080785167,243.62340140959574,0.02020405204830943,9
Leaf mass per area,Aristida purpurascens,51,0.007798107361655961,0.007892437355558234,6.736509001179703e-4,0,0
Leaf mass per area,Aristida purpurea,13,0.016253382174689187,0.01579572446548128,0.005258866359278353,0.005014504656140633,2
Leaf mass per area,Aristolochia clematitis,12,0.023903805029496013,0.025601640182908187,0.009113584427931453,0.0021198815386356228,4
Leaf mass per area,Armeria cantabrica,10,0.008669583496994867,0.008736808365475595,0.0017070574999252105,0.0016076726610198926,2
Leaf mass per area,Armeria maritima,21,0.03880743524846279,0.011942809083291372,0.03399573879845232,0.0597101679912584,0
Leaf mass per area,Armoracia macrocarpa,10,0.051671423588632845,0.04474615900481522,0.024864876217750163,0.038972641229367236,0
Leaf mass per area,Arnica cordifolia,31,0.03605515666109852,0.00606060606097337,0.05929726796004866,0.04965254393639787,2
Leaf mass per area,Arnica mollis,10,48.76582310077403,0.04581468052331773,79.157776084661,106.49555019908378,1
Leaf mass per area,Arnica montana,12,5.999756269369793,0.055835355845176134,20.604748805859817,0.031237282726400736,3
Leaf mass per area,Arnoglossum atriplicifolium,20,0.08235242356987024,0.08123540786274693,0.01002110998337229,0.009624759773823224,3
Leaf mass per area,Arnoglossum plantagineum,52,0.009149111794526628,0.009067447655363369,6.048632787173413e-4,0,0
Leaf mass per area,Arrhenatherum elatius,256,0.22662726004644423,0.04038782753940913,2.972497199983461,0.016706392827993334,32
Leaf mass per area,Artemisia annua,14,0.019702189857760125,0.023669909059604484,0.01113466829255354,0.018841270072894656,0
Leaf mass per area,Artemisia californica,100,0.008924754061560337,0.008046207696182178,0.008661109650708173,0.0034691387729339114,9
Leaf mass per area,Artemisia campestris,32,0.010775794076552223,0.006224997158237173,0.018026954409305407,0.0024232777448492063,2
Leaf mass per area,Artemisia carruthii,20,0.006825583427301531,0.006794073936960238,0.001514154295060622,0.002379722676831772,0
Leaf mass per area,Artemisia dracunculus,21,0.0062710565009021155,0.0064516129032258064,0.0011483166021182027,0.0010649655575958915,4
Leaf mass per area,Artemisia frigida,49,0.017552694188707182,0.006341297700130668,0.024010581255943263,0.0030149420418481426,10
Leaf mass per area,Artemisia ludoviciana,64,0.006240482082062565,0.006154056362407638,0.001711410216044948,0.0022665414456028068,4
Leaf mass per area,Artemisia maritima,17,0.008447161653407738,0.008329520436352822,0.0011631355828225158,0.001948212807847901,0
Leaf mass per area,Artemisia pontica,11,0.051844450461853014,0.053447354355959376,0.016147597052522965,0.009347640049887057,1
Leaf mass per area,Artemisia rothrockii,159,4.9051381111700746e-5,3.9167306212365556e-5,4.475432896972297e-5,2.164987110475116e-5,20
Leaf mass per area,Artemisia santonicum,10,0.08122792686478189,0.08550312744131526,0.024532503437647395,0.013225250080078257,2
Leaf mass per area,Artemisia scopulorum,25,0.06715917279122063,0.0696040868312431,0.029658877270653812,0.02860650969833859,5
Leaf mass per area,Artemisia tridentata,67,56.34504089129457,0.12841091489479015,68.91795385819107,117.41910686915475,1
Leaf mass per area,Arum pictum,150,0.034907407407407415,0.03333333333333333,0.01000981717689857,0.013888888888888888,7
Leaf mass per area,Asarum canadense,11,0.02503239376479193,0.02897311973444731,0.010733140584408055,0.00467582389723039,2
Leaf mass per area,Asclepias incarnata,20,0.004779487181726114,0.004889753810462683,0.0015788183358180364,0.0026079491566564647,0
Leaf mass per area,Asclepias syriaca,207,0.04730193173100262,0.04736330830814,0.06300493341395527,0.05957848429818905,6
Leaf mass per area,Asclepias tuberosa,341,0.040546026953754366,0.031358883924777564,0.052318075802083155,0.037609539706299024,27
Leaf mass per area,Asclepias verticillata,71,0.008066616394088157,0.009188361411696282,0.0019629534007028966,0.001540639892699867,18
Leaf mass per area,Asclepias viridiflora,51,0.007642199609753564,0.007583843601948703,4.167452531139037e-4,0,0
Leaf mass per area,Asclepias viridis,55,0.006694006156511386,0.006413134781363672,9.879120511615146e-4,0,0
Leaf mass per area,Asimina triloba,244,0.00982668947045609,0.002751625575730562,0.010923722481716407,0.018262091155075044,11
Leaf mass per area,Asparagus albus,21,0.1656514970634926,0.1392906889531769,0.10264198144980863,0.08508549913972936,2
Leaf mass per area,Asperula cynanchica,23,0.07571534114891997,0.07892659826361484,0.020420540608484365,0.01621750886752446,3
Leaf mass per area,Asperula tinctoria,13,0.04621675177700886,0.053319114902692616,0.020732105656449385,0.017249598681332252,2
Leaf mass per area,Asplenium trichomanes,20,0.01915684314655251,0.006437261975133245,0.021490845767965963,0.03951850198710802,0
Leaf mass per area,Astragalus alpinus,56,0.042264162422241625,0.041566722987408426,0.018099646640160397,0.01834157040237367,10
Leaf mass per area,Astragalus canadensis,11,0.015707086894209035,0.009155610684620742,0.026169598668266136,0.004385913196654373,1
Leaf mass per area,Astragalus drummondii,10,0.008079497760985406,0.008092148947899069,6.188182320150706e-4,6.393656022494146e-4,2
Leaf mass per area,Astragalus humistratus,21,0.0068217154300390555,0.006359741908150012,0.0013533978867365309,0.0011694581280738909,4
Leaf mass per area,Astragalus laxmannii,10,0.010332439446455236,0.010113069444651917,0.0010437808631554898,8.766869802125064e-4,1
Leaf mass per area,Astragalus onobrychis,10,0.08106841057781985,0.0816690499311699,0.005273300452113877,0.008444117040069365,0
Leaf mass per area,Astragalus pelecinus,30,0.004928694072585777,0.0028423145917327187,0.009218210896826982,0.0014836769016937173,5
Leaf mass per area,Astragalus rusbyi,20,0.004388397106215262,0.004007794078728343,0.001248699113571185,0.0012772914870576102,2
Leaf mass per area,Astragalus sempervirens,62,0.06223792865487153,0.0609325420375543,0.008970261967976607,0.012496526744430844,2
Leaf mass per area,Astragalus shortianus,10,0.010840448701944517,0.01036486439375151,0.0014945874669767799,0.0012829261490040107,2
Leaf mass per area,Astragalus varius,10,0.08507031995533998,0.08602765898295861,0.005978074461373349,0.008579500151098249,0
Leaf mass per area,Asyneuma canescens,31,0.04095649096799266,0.0408997955010225,0.008804760992105767,0.009655372535058576,3
Leaf mass per area,Athyrium alpestre,10,0.0033977880494682213,0.003690717970302627,4.896371957948876e-4,5.122591494328499e-4,1
Leaf mass per area,Athyrium filix-femina,15,0.00397066403833051,0.002643404705260375,0.005252849370607475,9.278244065649361e-4,1
Leaf mass per area,Atriplex portulacoides,36,0.009796406652006021,0.009124472190352879,0.0025657903327711714,0.003600982732490342,2
Leaf mass per area,Atriplex prostrata,19,0.009628838228472056,0.008863874815124411,0.003434703308422235,0.0020439238976483493,3
Leaf mass per area,Atriplex sp,20,0.009778084072191393,0.008541297943301858,0.0036716422323644867,0.003284615714647123,4
Leaf mass per area,Avena barbata,149,0.010705836717691826,0.00432737453859369,0.015741156254784065,0.003982450090074698,24
Leaf mass per area,Baccharis glutinosa,72,0.00565230800753696,0.005617208563728054,0.0017895372312691572,0.0021740865079335706,6
Leaf mass per area,Baccharis pilularis,194,0.01169536293398809,0.010709543584369556,0.008774988870191947,0.0029571831546770233,12
Leaf mass per area,Baccharis sergiloides,25,34.50860337777936,0.014815744785286957,40.35953073494852,71.97445016842336,0
Leaf mass per area,Ballota nigra,10,0.048356143773348036,0.04692633600225493,0.005690142067339897,0.005626467156549936,3
Leaf mass per area,Balsamorhiza sagittata,27,0.04013338572596425,0.01150326796999472,0.044608959759792795,0.0750256621598425,0
Leaf mass per area,Baptisia alba,10,0.006181124886261916,0.005903812525353221,0.0015340859901930572,0.002337660730952309,0
Leaf mass per area,Baptisia australis,51,0.006484632291302357,0.006446324937131764,2.735692280961314e-4,0,0
Leaf mass per area,Baptisia bracteata,56,0.010573057807122328,0.007371149818930395,0.016226460415820168,0,0
Leaf mass per area,Bartsia alpina,39,0.6835480157192707,0.06296745805120853,0.8785025407122876,1.6994299834530038,0
Leaf mass per area,Bassia laniflora,10,0.1317243155730793,0.12847217068492653,0.022293534469464586,0.015596983975350184,3
Leaf mass per area,Bassia prostrata,11,0.1184154670198622,0.13123359580052493,0.03822227201539052,0.01812826293238093,1
Leaf mass per area,Bellardia trixago,14,0.039147589159011675,0.03981703108453327,0.01877113524237401,0.009514214969198756,3
Leaf mass per area,Bellis perennis,164,0.110210439481308,0.030102143999663773,0.36148444855473905,0.022472530375141995,23
Leaf mass per area,Berberis bealei,40,0.02073011789783932,0.016510231371612637,0.02118488481050139,0.001841433392207964,6
Leaf mass per area,Berberis repens,18,0.009325830671660986,0.007740585774009996,0.0035671396474547183,0.005062334562116714,2
Leaf mass per area,Berberis vulgaris,106,0.03039271756510086,0.032949487840916766,0.02327720802578966,0.03564995961446927,1
Leaf mass per area,Betula alleghaniensis,357,8.181678625568722,0.030034271400388574,47.29999785658569,0.007960137579354959,60
Leaf mass per area,Betula glandulosa,40,0.07890596978000247,0.086144179706369,0.03225129747607679,0.020278768095844904,8
Leaf mass per area,Betula lenta,20,0.02455191869542025,0.02070810126250617,0.018078633775888062,0.024994090575857972,2
Leaf mass per area,Betula nana,211,0.07545032580279169,0.0799079762485399,0.029403524502983305,0.02794148311249102,30
Leaf mass per area,Betula nigra,49,0.013691551548561257,0.008731050891112882,0.018475607361032657,6.440491537428629e-4,16
Leaf mass per area,Betula papyrifera,114,4.718908257244289,0.007875000000135624,22.051791854214166,0.04423615860890182,7
Leaf mass per area,Betula pendula,574,0.05571206668387318,0.03331499999986431,0.06660432489362944,0.05338704387244728,81
Leaf mass per area,Betula populifolia,14,42.48157044185924,0.012311305422783036,71.99663958335314,70.10243054687993,3
Leaf mass per area,Betula pubescens,232,0.038056136391658626,0.03876999999952244,0.0190606480852579,0.023047500001160588,16
Leaf mass per area,Bidens cernua,29,0.003409335925322255,0.003445685121409231,0.001219561189707297,0.0014336557680752634,3
Leaf mass per area,Bidens connata,12,0.003000406949751564,0.0028151075302009724,8.810183728493858e-4,6.134781997015827e-4,1
Leaf mass per area,Bidens frondosa,17,0.002499699375846455,9.397613006296401e-4,0.004999244732442654,0.002217522862430012,2
Leaf mass per area,Bidens lanceolata,70,0.02323176571354877,0.008133743773539837,0.02421137674743867,0.04596541614853048,0
Leaf mass per area,Bidens tinctoria,21,0.007231626263764377,0.007393597761068478,0.001442644238298888,0.0017461361582456541,2
Leaf mass per area,Biserrula pelecinus,262,0.03157684697196019,0.028345153542361237,0.012829265732737238,0.015204008133270601,19
Leaf mass per area,Bistorta bistortoides,33,0.07123266842290665,0.07667258734430742,0.03366528389642134,0.02545213190772213,7
Leaf mass per area,Bistorta officinalis,24,0.039452301783535065,0.04011924472427385,0.014489136335837066,0.011758253923985683,3
Leaf mass per area,Bistorta vivipara,190,0.651106989623147,0.0636494051978097,4.087557210647555,0.03386888079108408,67
Leaf mass per area,Bituminaria bituminosa,10,0.04878433571916406,0.05793682712794143,0.03979654269750332,0.07228796895228681,0
Leaf mass per area,Blepharoneuron tricholepis,20,0.017582695845238812,0.015593383413666452,0.008327697985320511,0.008023510219430966,2
Leaf mass per area,Blephilia ciliata,51,0.004699035043053025,0.004699421325335511,2.7586072735863566e-6,0,0
Leaf mass per area,Borodinia canadensis,50,0.004726663785333388,0.004726663785333388,0,0,0
Leaf mass per area,Bothriochloa ischaemum,25,0.060948204964560417,0.06993006993006992,0.030657074360579604,0.029807765373325627,5
Leaf mass per area,Botrychium biternatum,10,0.010717641332193764,0.011045994881403353,0.0025976642293096914,0.004361478376061713,0
Leaf mass per area,Botrychium dissectum,12,0.007662050304978546,0.007217274180457884,0.0016707340139384215,0.0031120821325133444,0
Leaf mass per area,Botrychium lunaria,20,0.058321951757012505,0.06280437395412798,0.018944865925320777,0.007736959032748202,3
Leaf mass per area,Botrychium lunarioides,16,0.010138800843517728,0.009832509940956743,0.002497088934956159,0.00283429352116216,2
Leaf mass per area,Bouteloua curtipendula,91,0.028780163194121057,0.007825878210407377,0.0429061743793886,0.00218561776600088,21
Leaf mass per area,Bouteloua gracilis,43,0.009771145556784568,0.007412475766779352,0.007519554742327755,0.006692039663347051,2
Leaf mass per area,Bouteloua hirsuta,12,0.0076950982906528785,0.007698938991944155,0.001455263252494866,9.484948990042055e-4,3
Leaf mass per area,Bouteloua simplex,10,0.013307353442455724,0.01194806112347686,0.008029219623883676,0.003059416634154436,4
Leaf mass per area,Brachypodium distachyon,11,0.027651417607253644,0.030487804878048783,0.0264605819625112,0.039374791755914136,0
Leaf mass per area,Brachypodium phoenicoides,18,0.044734026487069666,0.013617638326585694,0.05367982552670197,0.05803784753357387,2
Leaf mass per area,Brachypodium pinnatum,74,0.029934693021966757,0.03022340987575428,0.0306353975332064,0.03572395822945039,2
Leaf mass per area,Brachypodium retusum,137,0.023708482811841475,0.010492107706592391,0.03423140745515925,0.019545153303580184,18
Leaf mass per area,Brickellia coulteri,22,464.3249592700685,252.87106400528248,555.9524408333049,789.2242114258061,1
Leaf mass per area,Brickellia eupatorioides,51,0.006992349883437949,0.00698959688110879,1.96603690973013e-5,0,0
Leaf mass per area,Briza media,125,0.5224804615585594,0.006294964027078696,5.58819009821254,0.03788302474993417,9
Leaf mass per area,Bromus carinatus,105,0.006402223293935335,0.0045953237402013595,0.003754502916232526,0.005445354521691278,5
Leaf mass per area,Bromus ciliatus,62,0.012932704362564702,0.005912334352858023,0.019557649963517394,0.0026712257830620997,10
Leaf mass per area,Bromus diandrus,74,0.012785061246349497,0.00805579114706963,0.016142840359275122,0.0027912633436258305,11
Leaf mass per area,Bromus erectus,188,0.49522125991302957,0.06527440174008262,5.873564867719945,0.02712973804272712,35
Leaf mass per area,Bromus hordeaceus,346,0.02105918129126129,0.017124851276821458,0.01796354334621135,0.02956633235899646,10
Leaf mass per area,Bromus inermis,916,6.265324846610587,0.04357299302224558,35.66291707064216,0.0522136596891932,45
Leaf mass per area,Bromus kalmii,10,0.004933199818481271,0.004698467972699989,0.0012772467835424296,4.929690103729813e-4,3
Leaf mass per area,Bromus madritensis,18,0.030050850752486563,0.027479993960440888,0.03309717306935163,0.024388232388511476,1
Leaf mass per area,Bromus rigidus,19,0.04843885673354597,0.04693293283897311,0.02093092140490193,0.03189697580044243,0
Leaf mass per area,Bromus rubens,110,0.0296056115351337,0.029497982672459837,0.01292163885193194,0.012100555943878166,17
Leaf mass per area,Bromus tectorum,58,0.019623574617353916,0.007147874386659431,0.02575016630681823,0.03024511486439383,3
Leaf mass per area,Buchnera americana,51,0.00461040312299802,0.0045933993074272796,1.2143153191058578e-4,0,0
Leaf mass per area,Buddleja davidii,41,0.009489524803910732,0.008110300081103,0.00939183221222628,0.003184730674406628,3
Leaf mass per area,Buglossoides arvensis,12,0.08105198085187783,0.09352301775757926,0.035938399720796044,0.017970420374649132,2
Leaf mass per area,Bupleurum falcatum,76,0.05194239021128116,0.054669518399346154,0.03913476622742641,0.06013169335944951,2
Leaf mass per area,Bupleurum fruticescens,24,0.027764065913535335,0.017070902750864876,0.03697453684743868,0.0026387828116222617,8
Leaf mass per area,Bupleurum longifolium,10,0.0343523588219282,0.033950704798420064,0.0030686685791211565,0.00513525121653903,0
Leaf mass per area,Bupleurum praealtum,20,0.05900280505744996,0.05748987854251012,0.013420130989073622,0.014422779943142568,2
Leaf mass per area,Buxus sempervirens,86,0.02318049534878852,0.01183398365487089,0.04225451866850984,0.0023345209711195056,21
Leaf mass per area,CAPSELLA BURSA-PASTORIS,41,0.01895127453546944,0.02445232529691472,0.014957233671305418,0.025564504141764543,0
Leaf mass per area,Cakile maritima subsp. maritima,30,0.08850538256492088,0.08677516510700439,0.022205210893072723,0.023446896090136782,2
Leaf mass per area,Calamagrostis canadensis,27,0.06456915114104722,0.0048841360817995115,0.12388995012191378,0.0146292971968431,7
Leaf mass per area,Calamagrostis canescens,11,0.09283742990241665,0.10384215991692626,0.029703322758481417,0.04513022794152928,0
Leaf mass per area,Calamagrostis epigejos,15,0.032054243047176266,0.01068692888457046,0.03366038193966537,0.04562030933349191,2
Leaf mass per area,Calamagrostis lapponica,30,0.05928233427151039,0.0679111009403341,0.03019047574095295,0.035682811458259335,5
Leaf mass per area,Calamagrostis stricta,16,0.0434385165894657,0.04254129481401912,0.006793978434010238,0.00898982465309902,0
Leaf mass per area,Calamagrostis varia,10,0.05665844290004949,0.053279907712500824,0.02411769877756485,0.02191444434376745,3
Leaf mass per area,Calamovilfa longifolia,12,0.02053933566344816,0.008986614570104266,0.03674683497638408,0.005211721341960263,1
Leaf mass per area,Calicotome villosa,36,0.09595867465854829,0.09040533047055552,0.025043643200880022,0.015837642099693572,9
Leaf mass per area,Calliandra eriophylla,14,2585.5946928785443,2974.739438154964,1567.574266104581,1424.706449419028,3
Leaf mass per area,Callirhoe digitata,50,0.01189266064260425,0.01189266064260425,0,0,0
Leaf mass per area,Calluna vulgaris,98,0.7317059118105605,0.05227482951929291,6.729317686137433,0.060474690173813836,7
Leaf mass per area,Caltha leptosepala,17,0.13607245123569942,0.07324831296170298,0.14482928131988504,0.298396382507636,0
Leaf mass per area,Caltha palustris,12,0.029261708408617765,0.0036717999112046706,0.03293539014009726,0.059379382512003136,0
Leaf mass per area,Calycanthus floridus,41,0.005964252569245531,0.003033910490723497,0.008331001324156057,7.3017225739744e-4,9
Leaf mass per area,Calystegia sepium,37,0.02174733952725255,0.023886822522680103,0.007881047903693294,0.010951124022877245,2
Leaf mass per area,Calystegia soldanella,59,0.08736371066528902,0.08822394177219817,0.01941602972809305,0.02304212950556278,4
Leaf mass per area,Camassia scilloides,50,0.005395504016823518,0.005395504016823518,0,0,0
Leaf mass per area,Campanula arvatica,10,0.003059498410672502,0.003045981282752284,5.246709316150596e-4,7.814960244230339e-4,0
Leaf mass per area,Campanula barbata,12,2.93494197935959,1.8652475484049897,3.1311296064558105,0.7605249702424723,3
Leaf mass per area,Campanula bononiensis,15,0.05214095388564314,0.05122950819672131,0.006172806985257012,0.005685667634559771,3
Leaf mass per area,Campanula micrantha,40,0.012157918815393099,0.009623976555751519,0.0103599416256909,0.020018275042986238,0
Leaf mass per area,Campanula parryi,16,0.1286783024498798,0.06497574087642495,0.11722841155170313,0.18384013588325093,1
Leaf mass per area,Campanula patula,119,0.2288786964212995,0.17204101738704172,0.26142241504440267,0.31252633565002236,5
Leaf mass per area,Campanula persicifolia,46,0.07528722866235299,0.027882858228441276,0.08922870736431819,0.12091470714196557,2
Leaf mass per area,Campanula rapunculoides,12,0.021579324794456997,0.025457453295601305,0.009666885415177294,0.0044835253558044436,2
Leaf mass per area,Campanula rotundifolia,74,0.5533385214127031,0.050800475265718334,0.8024500166139422,1.4806850846387734,1
Leaf mass per area,Campanula scheuchzeri,37,1.8044487445521582,1.9347176503823043,1.0944645954071013,1.2662382929348617,4
Leaf mass per area,Campanula trachelium,170,0.015286523376036101,0.01720717437952952,0.013092890665740885,0.023340773075762874,0
Leaf mass per area,Camphorosma annua,20,0.061373081838512346,0.06148803695708879,0.01270397317937305,0.0205340274681379,0
Leaf mass per area,Campsis radicans,71,0.02907970510855475,0.0051173154936934445,0.03133501119926741,0.06051261018703467,0
Leaf mass per area,Cannabis sativa,11,0.042273381427068914,0.04280821917808219,0.016107768833629285,0.01096917873753113,2
Leaf mass per area,Cardamine amara,14,1.7348095567525414,1.575599945700952,2.079229845648524,2.4395364655417633,1
Leaf mass per area,Cardamine bellidifolia,118,0.040645315381531266,0.03863074893691426,0.037300294930999095,0.0521235279772142,3
Leaf mass per area,Cardamine bulbifera,90,0.011694064449050164,0.016934918992315327,0.009076750893560583,0.01721123486484846,0
Leaf mass per area,Cardamine diphylla,10,568.3995528035775,555.5555555555555,65.86720202893544,109.22987616099067,0
Leaf mass per area,Cardamine enneaphyllos,40,0.012627876484226338,0.01100891871338755,0.01199813524730945,0.017390194339548016,2
Leaf mass per area,Cardamine parviflora,12,0.023689474262993337,0.02580053935963187,0.011120990181748433,0.009092152812999726,2
Leaf mass per area,Cardamine pratensis,26,0.2856122752350151,0.10101849185150505,0.6894794868063271,0.150321716644333,5
Leaf mass per area,Carduus acanthoides,10,0.16148512984488952,0.162516832572017,0.02817125180280999,0.03422186955670631,1
Leaf mass per area,Carduus collinus,10,0.07066241235132101,0.06710254104244,0.017359267414432732,0.022863806120243364,1
Leaf mass per area,Carduus defloratus,15,0.4525066119927967,0.04731297534039303,0.5026426999417344,0.7451356270212245,1
Leaf mass per area,Carduus pycnocephalus,138,0.007260728805487182,0.006147410143043316,0.006976780342085512,0.0027152360242300704,8
Leaf mass per area,Carex albonigra,27,153.40249738907772,183.88679245283026,95.96915859360374,133.7010157473755,0
Leaf mass per area,Carex aquatilis,36,0.032565253023447455,0.00824583662480177,0.03340058600265093,0.059329639188780495,1
Leaf mass per area,Carex arenaria,20,0.04859784291750333,0.025316007763152477,0.044300343075116495,0.08246269432792656,0
Leaf mass per area,Carex bicknellii,10,0.0039086542510088276,0.003641236232003139,9.172558974682283e-4,0.001254105438591971,1
Leaf mass per area,Carex bigelowii,140,0.05365264220887155,0.05490821407313676,0.013395758489015763,0.010391191645117731,15
Leaf mass per area,Carex brevior,53,0.00527570193434443,0.0052490421454591246,0.0016252027747951456,0.0014515131844383185,5
Leaf mass per area,Carex capillaris,11,0.0658993669512811,0.0718883769330169,0.020423297138695538,0.01354034261594099,1
Leaf mass per area,Carex caryophyllea,30,0.05306542343890758,0.06533463697628916,0.03028932176625343,0.039299920369109356,5
Leaf mass per area,Carex comosa,10,0.0041206001312706795,0.00405565050988962,4.975265833287392e-4,7.279156110559818e-4,0
Leaf mass per area,Carex crawei,50,0.003542390607544577,0.003542390607544577,0,0,0
Leaf mass per area,Carex curvula,32,0.09566875323132022,0.0889446267533604,0.027750762724678458,0.03999422886388093,2
Leaf mass per area,Carex dioica,18,0.0944780313871919,0.09968287114324591,0.025764814623918143,0.02151552102849634,1
Leaf mass per area,Carex disticha,12,4.819381860837105,0.0724638061666699,16.46413653741068,0.005549443091957679,2
Leaf mass per area,Carex divisa,11,0.12449345958529774,0.13123359580052493,0.05050167044673542,0.04975039206086615,2
Leaf mass per area,Carex duriuscula,10,0.008783866188142659,0.008414181822087467,0.0011648114527527636,9.88723617144036e-4,1
Leaf mass per area,Carex engelmannii,21,0.03403012336712154,0.009197651663009104,0.03344549754061197,0.05410446550836838,1
Leaf mass per area,Carex ericetorum,10,0.10637682295490489,0.10503031464452132,0.006725534138148032,0.007875852697028576,1
Leaf mass per area,Carex firma,11,0.10465174289960218,0.10245639199815579,0.01674458968818888,0.018871344399635837,1
Leaf mass per area,Carex flacca,35,0.03288110041856958,0.00730670624767505,0.03546449886537628,0.06570630088745703,0
Leaf mass per area,Carex foenea,21,0.07485505989500718,0.06572769954903128,0.06228897865760953,0.0961527900939526,0
Leaf mass per area,Carex geophila,12,0.008815440214197051,0.00858581200884731,0.0020705656269258917,0.0035116904678510552,0
Leaf mass per area,Carex hartmanii,12,0.05399426078423496,0.06428993001883027,0.043498790299791965,0.06944646594454364,0
Leaf mass per area,Carex hirta,17,0.006804190884353319,0.0048638132295719845,0.01473844362654695,0.005284261865425348,1
Leaf mass per area,Carex hystericina,11,0.004917797587974787,0.0047329126299106225,5.957410919842413e-4,8.34303506377386e-4,1
Leaf mass per area,Carex intumescens,16,225.76115993602264,333.70411568409344,183.20329998477786,370.3674569925926,0
Leaf mass per area,Carex lacustris,16,0.007294343496629287,0.0073878590170088024,9.774110345243993e-4,0.001303835277353024,1
Leaf mass per area,Carex liparocarpos,10,0.09534645164349474,0.09461279913353651,0.00946405096699374,0.008945259298975328,1
Leaf mass per area,Carex macrolepis,83,0.04014937974831389,0.06095691852267048,0.03298450125619732,0.061782220387361475,0
Leaf mass per area,Carex meadii,52,0.004758369731285256,0.004696059826697679,4.3692154198773074e-4,0,0
Leaf mass per area,Carex michelii,10,0.0386571874568339,0.03806015053712976,0.003352652384618279,0.0043919843066428654,0
Leaf mass per area,Carex montana,11,0.06650042694507521,0.07082654578936186,0.02729057076162033,0.01751456150755666,2
Leaf mass per area,Carex mucronata,10,0.16695628476595478,0.16829317957467985,0.018426809899906332,0.021489517023679988,2
Leaf mass per area,Carex myosuroides,19,0.1475311022749191,0.11505004677322261,0.08482981920266222,0.09390459270377388,3
Leaf mass per area,Carex nigra,19,4.106599069754546,0.004623208506703652,17.869890413684256,6.995776861495528e-4,4
Leaf mass per area,Carex ornithopoda,61,0.009279907121109238,0.0058190709045032015,0.014230904961173536,0.0019005748619690182,6
Leaf mass per area,Carex pairae,10,0.04183047962551308,0.04044743958225021,0.0049135387827304545,0.005478108906141706,2
Leaf mass per area,Carex panicea,13,4.340420783864682,0.0053633681952266025,15.61192065353963,0.0016584716524951785,2
Leaf mass per area,Carex pensylvanica,137,0.004295215365407916,0.003760589677158396,0.0018311792532491168,0.0026730121463755295,6
Leaf mass per area,Carex pilosa,11,0.054457989090962965,0.05970149253731343,0.017685812723978605,0.011175414814590098,1
Leaf mass per area,Carex richardsonii,35,0.004310335637288707,0.004361233480231928,8.063887617629442e-4,0.001122619206194081,0
Leaf mass per area,Carex riparia,13,4.733159795947618,0.006120000000017136,16.966204030739497,0.06728179777168322,1
Leaf mass per area,Carex rostrata,12,0.03571892282603723,0.029208059012742732,0.03102566122537124,0.05580924076064477,0
Leaf mass per area,Carex rupestris,19,0.09844098415595351,0.1117917304803815,0.05625428887298823,0.05918493957999486,4
Leaf mass per area,Carex saxatilis,10,0.008343065657349812,0.009637140313234913,0.0018717578270588534,0.003639615738876725,0
Leaf mass per area,Carex scabrata,10,438.4524656001736,438.0952380952381,88.33652202391187,145.80521817363922,0
Leaf mass per area,Carex scopulorum,10,0.06986847075613217,0.06432516101255414,0.03312774440310975,0.02416101241459854,2
Leaf mass per area,Carex sempervirens,113,0.072498581792136,0.07251631617113852,0.02970066728070931,0.037949680530516554,11
Leaf mass per area,Carex siccata,15,0.004570448737691688,0.004320756642399968,6.624366579366447e-4,0.0010330069928947035,0
Leaf mass per area,Carex sp,77,14.741289900796108,0.008977755999888403,38.843876157869836,0.04258033377755316,12
Leaf mass per area,Carex stenophylla,10,0.10910361750850506,0.10989130421656557,0.005480659436296268,0.005202614958758095,2
Leaf mass per area,Carex stricta,13,0.006692298744414157,0.006719680465754493,0.001273814761631154,7.01265434615116e-4,2
Leaf mass per area,Carex swanii,10,0.03958101879294774,0.0424410946835085,0.006122821781635802,0.010371221919657843,0
Leaf mass per area,Carex sylvatica,80,0.026800434856302402,0.01867923616163667,0.023426655715930302,0.04459202657025499,0
Leaf mass per area,Carex vaginata,14,0.027030668318012728,0.035065922001260394,0.019787179557022947,0.03849315038461247,0
Leaf mass per area,Carex viridula,20,0.04387019502391328,0.04901033707612329,0.03577143234813321,0.06518455965270827,0
Leaf mass per area,Carex vulpinoidea,13,0.005507403572384295,0.005971583499743501,7.512759283915462e-4,0.0012751211470248382,0
Leaf mass per area,Carex woodii,32,0.003965245933532731,0.00397132709564946,7.185571365477991e-4,8.718853028237342e-4,3
Leaf mass per area,Carlina acaulis,24,0.24146231762859502,0.08394370062632503,0.38170259455376465,0.0763732096772739,6
Leaf mass per area,Carlina vulgaris,70,0.0173679308865448,0.006850349124001399,0.022454731446817398,0.002161832278588332,17
Leaf mass per area,Carpinus betulus,46,0.03355005638270011,0.03619416886381961,0.028121598220637922,0.05073449339513541,0
Leaf mass per area,Carpinus caroliniana,28,0.011589421093540636,0.0055599999999447845,0.012357009542595589,0.015304509877155068,4
Leaf mass per area,Carpobrotus acinaciformis,45,0.15811573496026796,0.1622943530457981,0.03591849251239314,0.05459122588376414,0
Leaf mass per area,Carthamus lanatus,12,0.11089680254091787,0.10682688227483653,0.022591910172645925,0.02279658247497912,1
Leaf mass per area,Carum carvi,126,0.24289055285864583,0.06419436712319401,0.5189221251977167,0.024864188346734532,25
Leaf mass per area,Carya alba,204,0.006122207971800628,0.004693738399527261,0.004385349664562236,0.0010334200067217318,36
Leaf mass per area,Carya cordiformis,67,0.012838062974899516,0.004062666632811111,0.014726739967519633,0.022969296449700187,6
Leaf mass per area,Carya glabra,165,0.019379950349786554,0.006740000001011,0.022031277773276448,0.02863444123446926,19
Leaf mass per area,Carya ovata,227,0.02133646407349625,0.005270000000086428,0.024569092959382276,0.036570625838869955,13
Leaf mass per area,Carya pallida,11,0.010673727706113585,0.010071507704703393,0.0026791622357489222,0.0011357815098137058,2
Leaf mass per area,Carya texana,150,0.021038255495397146,0.005922256918352574,0.023298036894093172,0.041229681061581105,7
Leaf mass per area,Carya tomentosa,82,0.04690961800578326,0.04566303821923367,0.00796609128804468,0.006787753573272749,9
Leaf mass per area,Cassiope tetragona,52,0.25852270753078094,0.22584743777723038,0.14888501516494765,0.17285326911955606,6
Leaf mass per area,Castanea dentata,41,0.021823550150493358,0.023747328425552126,0.012661456553994083,0.019065797511669258,2
Leaf mass per area,Castanea sativa,61,0.012160509573384179,0.00778816199376947,0.017308150570836574,0.0014701082675312232,8
Leaf mass per area,Castilleja angustifolia,16,0.010201386449629106,0.00964118937506633,0.003295375767966437,0.004668143726094866,0
Leaf mass per area,Castilleja austromontana,10,0.006218207646188641,0.006253249826801199,6.280651414030586e-4,4.7561164698529165e-4,4
Leaf mass per area,Castilleja coccinea,50,0.004154116022862015,0.004154116022862015,0,0,0
Leaf mass per area,Castilleja integra,11,0.007212294686518093,0.007224532224378272,0.001268332099613755,0.0018773433982948867,0
Leaf mass per area,Castilleja occidentalis,10,0.059733633121045494,0.06496565552572676,0.03330400491658513,0.023133192525183435,3
Leaf mass per area,Catalpa speciosa,80,0.00591734459815569,0.006020308776516098,0.0018520635340354974,0.0024586804013045993,4
Leaf mass per area,Ceanothus cuneatus,10,0.0623111346807384,0.023058926132866617,0.08625587046907354,0.006719205486218415,3
Leaf mass per area,Ceanothus fendleri,21,0.007557546434258887,0.0072913434688291826,0.0016768054773872514,0.0026217675461597057,0
Leaf mass per area,Cedrus atlantica,45,0.014012423589736709,0.013208333333300314,0.0038906910324511225,0.004965251081961736,3
Leaf mass per area,Cedrus deodara,40,0.013555417877390391,0.014545185185152212,0.004175597949851102,0.0039295960632000655,6
Leaf mass per area,Celtis ehrenbergiana,22,51.588982379408215,22.64572132412863,71.9185857660676,82.39603872218977,1
Leaf mass per area,Celtis occidentalis,107,0.013829900317115146,0.003645754215403307,0.017462842683956297,0.022949858801891605,7
Leaf mass per area,Cenchrus spinifex,10,0.06234997481582625,0.06206889148563559,0.010053632643753344,0.01465991907794923,0
Leaf mass per area,Centaurea arenaria,10,0.07161177236076544,0.06763631106939023,0.009529081451406574,0.008244638511249514,1
Leaf mass per area,Centaurea diffusa,10,0.007253900833050464,0.006906781019598435,0.0011097299314087102,0.0012370940914406773,1
Leaf mass per area,Centaurea jacea,556,0.05209285872595171,0.03730469322875154,0.14154884860890515,0.049140987175916744,27
Leaf mass per area,Centaurea maculosa,12,0.006576514048192153,0.006556542017840571,4.882893803301103e-4,7.564247448289029e-4,0
Leaf mass per area,Centaurea nigra,20,0.036197773243601856,0.04630969609261939,0.01945925649014395,0.027238593475190236,4
Leaf mass per area,Centaurea scabiosa,19,3.5777172694582964,0.05931198102016608,15.382665574683365,0.07926715674457713,1
Leaf mass per area,Centaurea scabiosa subsp. sadleriana,15,0.06791122269732977,0.07183908045977011,0.011477750937517966,0.01362237537074533,2
Leaf mass per area,Centaurea solstitialis,16,0.06502048599118009,0.07135398098070003,0.026814219968291763,0.03744911448135338,1
Leaf mass per area,Centaurea sphaerocephala,37,0.06873274744407452,0.07273744579661504,0.02312402582365444,0.04100880145184822,0
Leaf mass per area,Cephalanthera longifolia,78,0.016510029524509393,0.021174298031597295,0.01404840023542914,0.023839217753193236,0
Leaf mass per area,Cephalaria transsylvanica,10,0.07877476292779881,0.07981461097861758,0.004777923001297323,0.0066073062623774464,0
Leaf mass per area,Cerastium arvense,39,0.09768577826833058,0.023809523809523808,0.143883672319245,0.12989322583376656,7
Leaf mass per area,Cerastium brachypetalum,10,0.0363402929571396,0.03632861655138632,0.0050499095444697505,0.006813638984036363,0
Leaf mass per area,Cerastium cerastoides,33,0.02751323233954311,0.02589503985690548,0.014831020428690287,0.016723957424141133,2
Leaf mass per area,Cerastium dubium,10,0.01953696054596895,0.019281603861147207,0.005039456205062036,0.004644830506192427,2
Leaf mass per area,Cerastium fontanum,50,0.3495707996585584,0.035048700851221096,0.7466622404595278,0.0361870417788696,9
Leaf mass per area,Cerastium glomeratum,21,0.02194753246832143,0.03093102381688834,0.016687037546621333,0.02902353167398948,0
Leaf mass per area,Cerastium holosteoides,22,0.017565526118758615,0.016523794891733088,0.014969845666731308,0.02844714377801176,0
Leaf mass per area,Cerastium latifolium,10,0.06798747885153848,0.07320375001399333,0.020712933744344394,0.019040502797451675,3
Leaf mass per area,Cerastium semidecandrum,23,0.03363200317723245,0.03059039461609055,0.016477567912494915,0.014344036152715168,6
Leaf mass per area,Cerastium uniflorum,19,0.9431546129830606,1.317548772289213,0.9352263580563547,1.7815139279044037,0
Leaf mass per area,Ceratonia siliqua,14,0.08138968127552997,0.025236636559937256,0.09225031338718366,0.15690250474290032,0
Leaf mass per area,Cercis canadensis,248,0.01191688788637829,0.004015192620759755,0.01617102913196389,0.0030723439239791917,56
Leaf mass per area,Cervaria rivini,11,0.07561559185919849,0.08291873963515754,0.022532986483292116,0.008094017525996117,1
Leaf mass per area,Chaetopappa ericoides,17,0.006560072178113063,0.0070696721312634376,0.0017378175912075935,0.002205882353131407,1
Leaf mass per area,Chamaedaphne calyculata,18,0.029730714551419745,0.011818910255785218,0.03641057681901402,0.002597807495319026,4
Leaf mass per area,Chelidonium majus,10,0.02269799481888086,0.02294897486592254,0.002732227493991392,0.00358592628593446,0
Leaf mass per area,Chenopodium album,215,0.009994976966954595,0.0039560439560091774,0.01724798637043304,0.0019004366801475964,36
Leaf mass per area,Chenopodium fremontii,21,0.004980562124403479,0.004855174889420662,8.631151538472123e-4,0.0011457034974647383,1
Leaf mass per area,Chenopodium leptophyllum,10,0.008565532989021797,0.008352094523259381,7.653758495763779e-4,0.0010788118547118836,1
Leaf mass per area,Chenopodium vulvaria,22,0.004768907880002359,0.0029981204223129506,0.006544586867373249,4.5853103262787163e-4,5
Leaf mass per area,Cherleria sedoides,20,5.239398915478629,4.446628667971741,0.8992089648216434,1.7617116611264203,0
Leaf mass per area,Chilopsis linearis,56,0.006228197926205587,0.006233108108108114,0.001228784988682662,7.127317294804442e-4,8
Leaf mass per area,Chionophila jamesii,12,0.060003574292952666,0.0655022973998907,0.027429027043111613,0.016118859302428387,3
Leaf mass per area,Chondrilla juncea,10,0.0334207421251819,0.03970055161544524,0.014451550777097158,0.004374560090860402,2
Leaf mass per area,Chrysopogon gryllus,13,0.05099898735112371,0.06112469437652812,0.02657686196706564,0.009551361528217853,4
Leaf mass per area,Chrysopsis villosa,30,0.007032272004785745,0.006828668291519028,0.0014221565399686396,0.002381228959869636,0
Leaf mass per area,Chrysothamnus parryi,27,0.03195538467844927,0.009122365524180042,0.03930667451597098,0.06042538549761375,2
Leaf mass per area,Cichorium intybus,20,0.01095939580674411,0.0066476626743133356,0.013840995765136728,9.80008734430219e-4,7
Leaf mass per area,Circaea alpina,12,628.2867172224348,833.3333333333334,482.5720015470893,931.8159873623244,0
Leaf mass per area,Circaea lutetiana,33,0.0020324556916457934,0.0016191972020272347,0.003217254735143993,3.635377000964612e-4,7
Leaf mass per area,Cirsium acaule,26,0.2691721582288812,0.09993836826044905,0.3616098403044851,0.06154601220809372,7
Leaf mass per area,Cirsium arvense,155,0.031083013123162792,0.026581605528973953,0.0271731607825302,0.047236236762062206,2
Leaf mass per area,Cirsium brachycephalum,25,0.05832736123116131,0.05470459518599562,0.012514906795890058,0.021973440682331764,0
Leaf mass per area,Cirsium discolor,12,0.010249884097575355,0.010395422768249955,0.00443334737334628,0.006481634554436002,0
Leaf mass per area,Cirsium oleraceum,52,0.06017051192008747,0.04350359433579545,0.042747144772732615,0.03491836901593401,8
Leaf mass per area,Cirsium rivulare,10,0.032928520462871175,0.03147612575372388,0.008458033870920789,0.011080112885097738,0
Leaf mass per area,Cirsium wheeleri,13,0.011084795548879487,0.010592701445067158,0.0015281523482011707,8.15657466299349e-4,3
Leaf mass per area,Cistus albidus,120,0.049781263201766845,0.04483400980734959,0.0404793584314743,0.05201698866474115,6
Leaf mass per area,Cistus clusii,31,0.04371242895207522,0.021949999999999983,0.06883730438957757,0.006741468475718503,11
Leaf mass per area,Cistus creticus,176,0.021289013139715558,0.006597660945627191,0.03905508607653646,0.00478809048708187,23
Leaf mass per area,Cistus creticus subsp. eriocephalus,23,0.009665101266827791,0.009433962264150943,0.002878042392677189,0.003653234467944481,1
Leaf mass per area,Cistus ladanifer,33,0.054668381385261804,0.017241379310344827,0.0826157659049346,0.023111423111423113,7
Leaf mass per area,Cistus laurifolius,17,0.059220579788652083,0.01694915254237288,0.08787379921764767,0.021515938606847695,4
Leaf mass per area,Cistus monspeliensis,150,0.1172006070215522,0.11626778834321101,0.057940257041931405,0.05388115890130346,33
Leaf mass per area,Cistus salviifolius,207,0.040417248934753514,0.0121654501216545,0.04032235767127253,0.06963246742950396,9
Leaf mass per area,Claytonia perfoliata,14,0.010060582021557284,0.011605796164619694,0.00479236444079044,0.007950957263902726,0
Leaf mass per area,Cleistogenes serotina,10,0.035519044419357854,0.03679395506995116,0.00553740829255719,0.008607246931051575,0
Leaf mass per area,Clematis alpina,10,0.027393366306024857,0.027575790711024846,0.004271186258692733,0.005903629088967143,1
Leaf mass per area,Clematis fremontii,50,0.008602539690629893,0.008602539690629893,0,0,0
Leaf mass per area,Clematis recta,18,0.042673152456600416,0.040449828840393665,0.018765005143407225,0.035508357297540184,0
Leaf mass per area,Clematis vitalba,50,0.023044480945338175,0.006770694869414227,0.023390745991412124,0.03868188504984416,5
Leaf mass per area,Cleomella arborea,23,299.01756096671323,0.011148272017837234,329.5352312227822,606.3943454579393,1
Leaf mass per area,Clinopodium acinos,11,0.866626642680856,1.1097986447372008,0.8038140649799187,1.2008717320672988,0
Leaf mass per area,Clinopodium alpinum,42,0.03944750752764394,0.04783679212099891,0.032473679203296336,0.06298900669934154,0
Leaf mass per area,Clinopodium arkansanum,50,0.004392901071867862,0.004392901071867862,0,0,0
Leaf mass per area,Clinopodium nepeta,23,0.008346893560090454,0.0037864445285876558,0.0128251181216639,0.0018687785293955888,3
Leaf mass per area,Clinopodium obovatum,40,0.012973687767582134,0.013932871980280408,0.0037227625560125733,0.00673887812556135,0
Leaf mass per area,Clinopodium vulgare,75,0.028586415318900972,0.03455425017277125,0.023928872528436552,0.041991477266698864,0
Leaf mass per area,Clintonia borealis,10,432.6882613953552,444.6640316205534,61.42589125987777,66.61255411255411,1
Leaf mass per area,Cneorum tricoccon,10,0.1025243319710094,0.09020723283218204,0.08422313790489995,0.1317735882038189,0
Leaf mass per area,Colchicum autumnale,24,0.038137594006227314,0.0438104830267523,0.015372353208842683,0.026427384769674336,0
Leaf mass per area,Coleogyne ramosissima,23,480.44895465396286,0.00946073793755913,593.8113707260256,883.5828776175508,1
Leaf mass per area,Cologania angustifolia,20,0.006105821235356107,0.006072689771945345,0.0013598017111463546,0.0016403237483342773,1
Leaf mass per area,Comandra umbellata,76,0.006228256513014084,0.0058155446078522795,0.0016491238661260382,0,0
Leaf mass per area,Comandra umbellata subsp. pallida,10,0.010992026735912142,0.011139912156655449,0.0011850970365772115,0.0016288596009462527,0
Leaf mass per area,Commelina erecta,41,0.0031296648228927447,0.003322439229963509,7.6859141507854e-4,0.0010010901063404157,2
Leaf mass per area,Condalia ericoides,22,42.29645066972969,36.99845476896428,43.5656091070103,83.02022426653323,0
Leaf mass per area,Condea emoryi,20,104.20028092579537,41.28321368584444,140.97320894005637,139.4255745320067,4
Leaf mass per area,Convolvulus arvensis,92,0.018716913610018822,0.007568548900268901,0.017382259292772716,0.028265190920808366,3
Leaf mass per area,Conyza canadensis,76,0.007675243507497722,0.003617376989175216,0.014608805966792966,0.0010567621273148324,14
Leaf mass per area,Coptis trifolia,10,245.59914731185933,235.3266888150609,44.20612644519905,27.53496503496507,1
Leaf mass per area,Coreopsis palmata,82,0.011046071624536405,0.009091857503891947,0.015802695584874113,0,0
Leaf mass per area,Coreopsis tripteris,18,0.11792475317431833,0.11847460738887941,0.009548089799209498,0.012900868097431337,2
Leaf mass per area,Cornus alternifolia,24,112.71634716499732,0.035217862072985745,169.31053418293973,270.40406550897046,2
Leaf mass per area,Cornus canadensis,36,152.52063941366234,0.018988580773392046,251.2223334079822,482.1392345575685,0
Leaf mass per area,Cornus drummondii,37,0.016110973268036292,0.004767821538981224,0.017633930665805046,0.032475755332338666,0
Leaf mass per area,Cornus florida,657,0.014358250784041649,0.004317000000009757,0.016930355591672733,0.02794208366478898,26
Leaf mass per area,Cornus racemosa,57,0.008396425805057194,0.0035588681120329755,0.01743840067315292,0.0030886717635801634,5
Leaf mass per area,Cornus rugosa,11,0.005614836193482387,0.005943606310508718,0.0016301057412186947,0.0014097465314413579,1
Leaf mass per area,Cornus sanguinea,58,1.1071804794787659,0.00620347394540943,8.36303824670007,0.0015102906376727758,15
Leaf mass per area,Cornus suecica,42,0.03914739654507044,0.044867915434515154,0.020711769445413395,0.012568103108047173,10
Leaf mass per area,Corydalis caseana,27,0.017243531526363,0.005144694534026737,0.019536818631652887,0.030333996638308353,3
Leaf mass per area,Corylus americana,80,0.006085905289288629,0.0034774170365277175,0.012262660780893563,0.0017877805015113733,11
Leaf mass per area,Corylus avellana,102,0.015271807371313364,0.006793478260869566,0.01978071354443573,0.004097620109859536,21
Leaf mass per area,Corylus cornuta,14,147.93712559661287,116.2973246049738,156.68056947092575,305.7970893331313,0
Leaf mass per area,Cosmos parviflorus,10,0.003586872398906875,0.0036402416194653764,5.457681039418999e-4,6.830582855342398e-4,0
Leaf mass per area,Cotinus coggygria,11,0.06194137648371434,0.05820721769499418,0.016353235665473517,0.01938265347534126,1
Leaf mass per area,Crataegus laciniata,30,0.07843661112742108,0.0737419890891452,0.01842260584417347,0.02422508481254916,2
Leaf mass per area,Crataegus monogyna,226,0.4921944483074657,0.029439699167877954,6.855779238927392,0.04527973542376798,14
Leaf mass per area,Crepis aurea,34,3.6590009806884836,3.0903020409436,2.349851169814065,1.092945481302138,9
Leaf mass per area,Crepis biennis,97,0.06904745567644201,0.03442340791738382,0.08704632462574705,0.0261369966618649,17
Leaf mass per area,Crepis capillaris,43,0.01876155943479511,0.020441119355695918,0.00751973817991845,0.004363532219736826,9
Leaf mass per area,Crepis foetida,16,0.04891759297506392,0.05446624709461433,0.022042032595995784,0.014320176311660944,4
Leaf mass per area,Crepis occidentalis,27,0.03765997937586508,0.011146816630058032,0.04456642012936988,0.06563260907784947,3
Leaf mass per area,Crepis pannonica,10,0.05844384210763008,0.05793192746936099,0.007541796420780874,0.010393881075373805,0
Leaf mass per area,Crepis tectorum,15,0.03333266312931638,0.03863987635239567,0.018311948404996878,0.02632668770251978,0
Leaf mass per area,Crepis vesicaria,33,0.028265086805047142,0.030827090847436726,0.015542118982484665,0.010970058329784458,8
Leaf mass per area,Crocanthemum bicknellii,32,0.007106255696722615,0.007419576769678776,0.0020574505835766633,0.0021436383091967756,5
Leaf mass per area,Crocus heuffelianus,23,0.03764314625708242,0.032829940906106365,0.010179324380009961,0.014428088360111252,2
Leaf mass per area,Croton monanthogynus,51,0.005035871771246702,0.005028589206674444,5.2007913669022064e-5,0,0
Leaf mass per area,Crucianella maritima,67,0.06506941085105729,0.05085952598921778,0.04495644645408607,0.04720171188737825,10
Leaf mass per area,Cruciata glabra,90,0.05055265056085679,0.023868209658125777,0.04800241046075645,0.0657431305996393,16
Leaf mass per area,Crupina vulgaris,15,0.07778307539320102,0.06365372374283895,0.04526974505356336,0.03153024504146071,3
Leaf mass per area,Cryptomeria japonica,40,0.01623058766101462,0.01716812117008066,0.002774985749466599,0.0025702822197484817,4
Leaf mass per area,Cutandia maritima,21,0.1038093286784272,0.06438113632705617,0.1790644618836331,0.06297610208178644,1
Leaf mass per area,Cyclospermum leptophyllum,40,0.0074356895036847915,0.0072732151693256355,8.553578852458238e-4,0.001035377378854889,4
Leaf mass per area,Cymopterus lemmonii,39,0.09055779528679316,0.00991992463533276,0.14007957880665867,0.09009953577525567,9
Leaf mass per area,Cynodon dactylon,21,0.07436724625369724,0.0778816199376947,0.05557807047083468,0.09403951132300356,0
Leaf mass per area,Cynosurus cristatus,136,0.050819195312971736,0.0433918366057742,0.033428035451584966,0.030368837468981925,10
Leaf mass per area,Cynosurus echinatus,14,0.020113355590783925,0.020403616627355625,0.011166899869938521,0.01857282507230775,0
Leaf mass per area,Cyperus capitatus,97,0.19279024011820417,0.18835966474899965,0.05409869082966363,0.048331012991192274,9
Leaf mass per area,Cyperus sp,15,0.005265010699756082,0.0051633986927024644,0.0012019253171943061,0.001648018278481241,1
Leaf mass per area,Cyperus strigosus,10,0.0033914417632199528,0.003449626068741627,6.753049662264198e-4,0.0010108723402701683,0
Leaf mass per area,Cystopteris fragilis,13,0.002434954284767783,0.0022081006482927465,0.0010356460300098027,0.0012869221680018095,1
Leaf mass per area,Cytisus austriacus,10,0.05427489560490027,0.05230268592893619,0.006960176007394863,0.008794897109145196,1
Leaf mass per area,Cytisus ratisbonensis,10,0.06726181488409266,0.06920418539250506,0.005593125687791291,0.006521840146589311,1
Leaf mass per area,Cytisus scoparius,65,0.06416521516177234,0.0075257289878511435,0.06950713741995401,0.10496080053672188,6
Leaf mass per area,Cytisus triflorus,20,0.04968038613417759,0.04700354862983827,0.00835788751580673,0.008076798746281054,3
Leaf mass per area,Dactylis glomerata,783,0.13702342320672375,0.03632401017072285,2.0373397228193793,0.02060090022467831,177
Leaf mass per area,Dactylorhiza incarnata,11,0.03190352591174072,0.029841838257236648,0.01853830517671508,0.00805032721593207,2
Leaf mass per area,Dactylorhiza sambucina,13,0.03574525624906557,0.03685956505713233,0.022516461687367314,0.015374392640092611,3
Leaf mass per area,Dalea candida,71,0.008047197459618058,0.007367082144388493,0.001400589168877352,5.213518941344624e-4,18
Leaf mass per area,Dalea formosa,22,28.16254209021253,22.18000639731695,29.119701582119873,55.671053229717565,0
Leaf mass per area,Dalea polygonoides,10,0.005496967864733213,0.005481972006309972,8.414556845591983e-4,7.972683452183394e-4,2
Leaf mass per area,Dalea purpurea,67,0.013201423657492292,0.012063845583112394,0.01501551887278053,0,0
Leaf mass per area,Danthonia intermedia,26,0.14243321719399749,0.10459981434809587,0.1820743240547109,0.05743812940034086,5
Leaf mass per area,Danthonia spicata,14,0.027541718759290287,0.0074850577358406304,0.027373032389654547,0.05237713140024916,0
Leaf mass per area,Daphne cneorum,12,0.06651242984231895,0.06973585478213382,0.013098963120066304,0.01120565926129561,3
Leaf mass per area,Daphne gnidium,44,0.05887071142696086,0.052700279003685874,0.03375794802963935,0.031220775986848318,8
Leaf mass per area,Daphne laureola,392,0.03502674111578146,0.04604045685479334,0.028628251016488464,0.05257496338096211,1
Leaf mass per area,Daphne mezereum,28,0.012447873751236765,0.00440851971455458,0.015095978052778127,0.0071604258612406775,7
Leaf mass per area,Dasiphora fruticosa,28,0.050981837066222356,0.01794871795009862,0.0793612139781945,0.007233780930080659,8
Leaf mass per area,Dasyphyllum tomentosum,10,0.05047911670795542,0.04771061870838979,0.011456368762556854,0.01751712036977629,0
Leaf mass per area,Datura stramonium,12,0.027954890077702296,0.023642577084826415,0.02529034892623837,0.044032014605633094,0
Leaf mass per area,Datura wrightii,57,0.005388697093174114,0.005108273181565807,0.0011659729784322167,9.926503570652076e-4,13
Leaf mass per area,Daucus carota,230,0.09550961940895879,0.05618365997026126,0.22490187025914327,0.04328604093689167,30
Leaf mass per area,Daucus pusillus,15,0.009047441390619809,0.0090000000009,0.0031935988074292174,0.004411398609379351,0
Leaf mass per area,Delphinium carolinianum,51,0.005253912476526074,0.005207639374701972,3.304560448435024e-4,0,0
Leaf mass per area,Delphinium nuttallianum,47,83.6428051502809,0.09931719428926133,103.8330697046514,196.32581390442095,1
Leaf mass per area,Delphinium treleasei,50,0.006638817676283321,0.006638817676283321,0,0,0
Leaf mass per area,Dennstaedtia punctilobula,17,306.80369450014086,0.03561253561253561,338.724839832305,666.6631054131054,0
Leaf mass per area,Deparia acrostichoides,10,342.2847766128766,454.5454545454545,238.44293646966963,411.0243899851099,0
Leaf mass per area,Deschampsia caespitosa,69,0.1149175315821225,0.09559315553006405,0.0839055558945454,0.07122390136143933,7
Leaf mass per area,Deschampsia cespitosa,95,0.7997394134765787,0.009105960266408272,7.538342630486659,0.005000761123385412,18
Leaf mass per area,Deschampsia flexuosa,166,0.06890977281772792,0.07468323398500169,0.030961520299302207,0.02957913981708722,27
Leaf mass per area,Descurainia sophia,11,0.007594002964986537,0.008229376421470477,0.0018723660632029863,0.0018413248049824159,1
Leaf mass per area,Desmodium canadense,29,0.045628099815912794,0.05875769445670075,0.024981990476696848,0.046464569113689735,0
Leaf mass per area,Desmodium ciliare,51,0.006436990820606967,0.0064158133929981395,1.5123708356908977e-4,0,0
Leaf mass per area,Desmodium rigidum,10,0.061053302332874926,0.056746532159946225,0.010049405677743106,0.016149120940747018,0
Leaf mass per area,Desmodium sessilifolium,51,0.007402185777290509,0.007300629492835681,7.252569369028985e-4,0,0
Leaf mass per area,Dianthus serotinus,15,0.11093881304028098,0.10764262648008613,0.015693326336729145,0.01819180357023377,2
Leaf mass per area,Diapensia lapponica,27,0.09350230956372785,0.11545771207511349,0.06771940046421378,0.1317253206623799,0
Leaf mass per area,Diervilla lonicera,15,0.01937340526197344,0.003530574777573789,0.022304971472162264,0.043569873566820905,0
Leaf mass per area,Dieteria canescens,21,0.009471556785013324,0.009665155724180538,0.0019770482833104956,0.002794463028780173,0
Leaf mass per area,Digitalis lutea,122,0.027850053600934697,0.022136904848732437,0.023750360902414024,0.04516282740564861,0
Leaf mass per area,Digitaria sanguinalis,13,0.023525353575236364,0.02685284640171858,0.01324467485217091,0.010095169346986167,4
Leaf mass per area,Dioscorea bulbifera,40,0.0026373362727379747,0.0025348242636505335,0.0010407979546723238,8.383981023834617e-4,4
Leaf mass per area,Diospyros virginiana,172,0.016532776774093514,0.004871368648816241,0.017909092985663344,0.032083548800507906,2
Leaf mass per area,Diplacus aurantiacus,115,0.006168077540252008,0.005784344545158444,0.002435307935617792,0.0025198963992088116,8
Leaf mass per area,Doronicum glaciale,11,1.3456149741315362,1.5490681558821338,0.7297195640067188,0.943998848122424,1
Leaf mass per area,Draba asprella,11,0.0085753352104002,0.008203350664403255,0.0022847448455913973,0.003725144262166009,0
Leaf mass per area,Draba lasiocarpa,10,0.08714638929144125,0.09206534817902962,0.010476554840363687,0.015243807261347497,1
Leaf mass per area,Draba streptocarpa,11,0.42476738757952925,0.321428571440051,0.4016203011176753,0.11924708759269165,3
Leaf mass per area,Draba verna,25,0.039079175832081696,0.021547080370609786,0.029988397815253483,0.057888825409835684,0
Leaf mass per area,Dracocephalum ruyschiana,10,0.06483814406060091,0.06469737239112867,0.007341703406846608,0.005522994905692205,3
Leaf mass per area,Dryas octopetala,147,0.12047183387630549,0.08716478448289997,0.1719191182761643,0.02758674550347953,49
Leaf mass per area,Drymaria leptophylla,10,0.008137224558054395,0.00588708608633194,0.007510223480935731,0.0049579895202770605,1
Leaf mass per area,Drymaria molluginea,10,0.02175349079638064,0.014553859202768138,0.02150592226608898,0.0067375576753187505,2
Leaf mass per area,Dryopteris campyloptera,20,0.012330873626637855,0.01018878636312366,0.010501540907869871,0.02028015320200449,0
Leaf mass per area,Dryopteris carthusiana,29,0.016670000883908187,0.017992504322699165,0.013959396645492336,0.0239667022616578,0
Leaf mass per area,Dryopteris celsa,20,0.016794564211209936,0.01247843044391137,0.014764447419471591,0.0276208345157685,0
Leaf mass per area,Dryopteris clintoniana,20,0.023152766286257332,0.02024796036398692,0.02042475793589055,0.03343761936566594,0
Leaf mass per area,Dryopteris cristata,38,0.012814440075809896,0.010108681029657684,0.010943497017663369,0.020535951899367116,0
Leaf mass per area,Dryopteris expansa,15,0.009953614221325967,0.004863705920511689,0.0090369279452117,0.016653731749423632,0
Leaf mass per area,Dryopteris fragrans,18,0.044845180678618625,0.01814036137884563,0.043620310627041,0.07582528361878399,0
Leaf mass per area,Dryopteris goeldiana,11,0.00286729085607471,0.002910022116168083,3.417536156094433e-4,4.711686544659633e-4,1
Leaf mass per area,Dryopteris goldiana,10,0.02863019941678922,0.029334087115712858,0.003599303728571673,0.005071646413558433,0
Leaf mass per area,Dryopteris intermedia,52,76.14920319123046,0.024337156000149587,173.1158664394696,0.03733758445305012,9
Leaf mass per area,Dryopteris ludoviciana,21,0.027386996173697935,0.0404138376980278,0.02226232883847994,0.04451434845831973,0
Leaf mass per area,Dryopteris marginalis,33,0.02684990792576549,0.03900140795082702,0.0179972098839357,0.03725263717515035,0
Leaf mass per area,Echeandia flavescens,22,0.004315471104590065,0.004391763779759847,4.273903639742813e-4,5.638469997531759e-4,1
Leaf mass per area,Echinacea pallida,70,0.03640807988233695,0.008873378672553785,0.04442367749245421,0.08112262050135893,2
Leaf mass per area,Echinacea paradoxa,50,0.008752693285780535,0.008752693285780535,0,0,0
Leaf mass per area,Echinacea purpurea,25,0.07108165652973475,0.07668898356477934,0.024890330529733988,0.009945331556162215,5
Leaf mass per area,Echinophora spinosa,46,0.36786810586243013,0.3254880717174524,0.22468980446396103,0.09527433081216485,5
Leaf mass per area,Echinops ritro,18,0.18081865583944368,0.19361102364565996,0.12485229671348809,0.1869424747222285,0
Leaf mass per area,Echium italicum,15,0.09535148448094298,0.09737098344693282,0.014416590062590048,0.02029944712938872,0
Leaf mass per area,Echium plantagineum,234,0.043965456828599765,0.044832041871854834,0.017023363818796485,0.014975275498754187,38
Leaf mass per area,Echium vulgare,12,0.06738717339155363,0.06333213674768019,0.01416167508888034,0.0144578274373066,2
Leaf mass per area,Eleocharis compressa,50,0.010366250090803816,0.010366250090803816,0,0,0
Leaf mass per area,Eleocharis erythropoda,10,0.008319714347790176,0.00827117139435588,0.0012590109551815624,8.510599549210861e-4,2
Leaf mass per area,Eleocharis obtusa,10,0.007500822361348318,0.0075519853462883545,7.390223456780096e-4,9.668503918783631e-4,0
Leaf mass per area,Eleocharis palustris,37,0.0429629878324477,0.011580775911986104,0.040795312770753246,0.07111909191012852,0
Leaf mass per area,Elymus athericus,26,0.01377731554654384,0.013004701483154758,0.003343963757046846,0.004086358029070215,2
Leaf mass per area,Elymus canadensis,59,0.032031028964388586,0.005833409806953927,0.039030411749845506,0.06764240413898846,1
Leaf mass per area,Elymus caninus,10,0.04819842648742664,0.04772587514519325,0.0036327773538029936,0.004709782166680887,1
Leaf mass per area,Elymus elymoides,21,0.007763080761642747,0.0073969369270278935,0.0019318267986051902,0.0027942747899700185,1
Leaf mass per area,Elymus glaucus,24,0.010363400259049697,0.01034684727531288,0.002524765725097199,0.003922489585372276,1
Leaf mass per area,Elymus lanceolatus,16,0.007985959579906044,0.006913965623856065,0.0035974472192560614,0.0014263841580848405,3
Leaf mass per area,Elymus repens,88,0.02698443344725546,0.005566978610137566,0.03240061169554414,0.049838272582702,6
Leaf mass per area,Elymus riparius,24,0.0027670551262460583,0.0027093547644750932,4.52217295946704e-4,3.444933020431292e-4,7
Leaf mass per area,Elymus scribneri,12,0.22671247041561948,0.2286286707549519,0.1420615405956636,0.14359745749219982,1
Leaf mass per area,Elymus smithii,37,0.011427319905922394,0.00828402366893316,0.01245900851644487,0.00566856537599562,2
Leaf mass per area,Elymus sp,24,57.19692972288632,0.007162117500131453,76.18401855824078,144.70260486381545,0
Leaf mass per area,Elymus violaceus,12,0.039039697495668456,0.009020175319399682,0.10391665417641541,0.0010498000714288629,2
Leaf mass per area,Elymus virginicus,16,0.034689749403328765,0.045700423407964846,0.025109490502491127,0.048443866557528525,0
Leaf mass per area,Empetrum nigrum,282,0.13344165419451798,0.1465235772084101,0.06895996285728528,0.07288920328576097,53
Leaf mass per area,Encelia farinosa,83,16.58084459240287,0.009219858156159147,48.421805281500696,0.0027371703196052907,16
Leaf mass per area,Encelia virginensis var. actonii,22,40.13309082968866,34.33450151142259,41.39697901351514,80.2160000965446,0
Leaf mass per area,Ephedra distachya,11,0.26767104816789933,0.2770083102493075,0.054652322523366784,0.05600989714788493,1
Leaf mass per area,Epilobium alsinifolium,10,0.004307206166764603,0.004261182057545673,4.061715654651415e-4,4.3733697505047176e-4,1
Leaf mass per area,Epilobium angustifolium,133,0.035522211063435304,0.012927108644509586,0.032970211800753865,0.055652016318058044,6
Leaf mass per area,Epilobium brachycarpum,11,0.004870565393125743,0.004607843137164553,7.728797747211943e-4,4.3885070718228426e-4,2
Leaf mass per area,Epilobium coloratum,11,0.0037355426000613514,0.0037687495289063094,8.648530082892419e-4,6.472495176210293e-4,3
Leaf mass per area,Epilobium hirsutum,27,0.017835746646644703,0.004733599242734319,0.017017265986648728,0.02779058458901059,1
Leaf mass per area,Epilobium tetragonum,10,0.03779170676807229,0.0369549351909311,0.0038507573379346805,0.005503479300574592,0
Leaf mass per area,Epipactis helleborine,209,17.137605310983055,0.01899414303890676,93.53067383157959,0.021550406071627164,7
Leaf mass per area,Equisetum arvense,42,0.01740186321749565,0.00849358974379777,0.01629861253961261,0.02620055312664682,1
Leaf mass per area,Equisetum hyemale,27,0.028348659856997662,0.029167572263880944,0.009601291368342592,0.020302854705319576,0
Leaf mass per area,Equisetum pratense,18,0.06021137546972344,0.06127094891322057,0.016644395451687333,0.010871158738457301,4
Leaf mass per area,Equisetum ramosissimum,10,0.16446202983136346,0.16328369509002597,0.010433851696493524,0.008447549253383507,2
Leaf mass per area,Equisetum scirpoides,22,0.15228868059076078,0.15387875344959784,0.027320333270905307,0.03289670131371089,2
Leaf mass per area,Equisetum sylvaticum,11,0.02792649691027298,0.005,0.03005601317451118,0.046541058884860986,1
Leaf mass per area,Equisetum variegatum,12,0.09614398931379214,0.09016183615639187,0.029625445374693117,0.013374879781463234,2
Leaf mass per area,Eragrostis mexicana,10,0.002459952097332316,0.0023093758755936616,4.620436299611758e-4,1.7960466087212513e-4,2
Leaf mass per area,Eragrostis spectabilis,20,0.005445980543325666,0.004990713077664091,0.001237913836017395,0.0015189742264446028,3
Leaf mass per area,Eremogone fendleri,33,0.02679284820657561,0.008180501930207796,0.03108163311995715,0.044969999049767645,2
Leaf mass per area,Erica arborea,117,0.15178812181085488,0.13129821106187428,0.11421559337402845,0.06974734842712647,14
Leaf mass per area,Erica carnea,10,0.10584176025204355,0.1067230490827667,0.025382567330127358,0.029442293762027907,1
Leaf mass per area,Erica cinerea,27,0.02048324970887101,0.009600168002940052,0.052149750251746216,0.0012621309722718951,7
Leaf mass per area,Erica multiflora,14,0.16025687495208085,0.20893246187363834,0.10654371072003654,0.22367123662936678,0
Leaf mass per area,Erica scoparia,55,0.15498474142917024,0.14892032762472077,0.05963661401360323,0.05151319155053394,8
Leaf mass per area,Erica tetralix,12,0.0322534257939716,0.012611861909655749,0.0401340737505425,0.017348963147867897,3
Leaf mass per area,Ericameria cuneata,22,237.58092771649825,3.336823134015897,445.7563709941516,276.72109911403817,3
Leaf mass per area,Ericameria ericoides,133,0.011522981412832442,0.00980392156862745,0.0074970881650124645,0.008634453783247299,9
Leaf mass per area,Ericameria linearifolia,22,428.0519311708178,311.2716503772226,445.90272794890575,884.049316861052,0
Leaf mass per area,Erigeron alpinus,10,0.004952473466486416,0.0050973158683757114,3.897119590421253e-4,5.914430973404348e-4,0
Leaf mass per area,Erigeron andicola,21,2.148515661013843,1.434958753875619,2.2389503915488356,1.9357515190469785,4
Leaf mass per area,Erigeron annuus,41,0.03003470858399428,0.03366336633996667,0.01625694894808126,0.021348270365162243,0
Leaf mass per area,Erigeron divergens,21,0.005666735777064158,0.0055544728122956365,6.333277246436662e-4,5.855581245987201e-4,4
Leaf mass per area,Erigeron flagellaris,22,0.0068451206426416835,0.006745226056986447,0.0012599529743598644,0.0016575648059718095,1
Leaf mass per area,Erigeron formosissimus,20,0.006824996089163848,0.00663802999485384,0.0012364599038109285,0.0010564623768158869,5
Leaf mass per area,Erigeron grandiflorus,29,0.06448437548825371,0.06491712706823662,0.02879929418014542,0.02642058560195501,4
Leaf mass per area,Erigeron karvinskianus,10,0.0038407566331154497,0.0038233972352147315,7.104548766803698e-4,7.572459203386717e-4,0
Leaf mass per area,Erigeron melanocephalus,10,0.047193365074171864,0.05014821742668344,0.027447180027757766,0.015493193903497508,3
Leaf mass per area,Erigeron peregrinus,11,0.11269383506237436,0.0621841661923927,0.07708703640631326,0.1350120255410086,0
Leaf mass per area,Erigeron pumilus,12,0.009324008346637486,0.009578223390456496,0.0012489264472713005,0.0011350734683211114,2
Leaf mass per area,Erigeron rufescens,51,0.00446467774550558,0.0034405594406075606,0.007307665027190025,0.001146087080034438,2
Leaf mass per area,Erigeron sp,16,0.005227265107348606,0.0048270935122947094,8.880480648076892e-4,0.0011594841697913586,2
Leaf mass per area,Erigeron speciosus,107,94.27720716828652,0.04322766571228064,105.1802105341912,195.96854295634472,1
Leaf mass per area,Erigeron strigosus,103,0.006038442144098031,0.0058463200588319865,0.004024186084703657,0.001036780871879861,26
Leaf mass per area,Erigeron uniflorus,26,0.0541513405287954,0.047411450476112185,0.02293664625095945,0.033990531918826575,0
Leaf mass per area,Eriogonum alatum,21,0.01259207868960167,0.01228366195820005,0.002121227816575199,0.0032922995337521348,0
Leaf mass per area,Eriogonum fasciculatum,22,118.95497689528052,24.338145898188763,259.0562278897119,94.50455634055608,3
Leaf mass per area,Eriogonum longifolium,50,0.010248674769026113,0.010248674769026113,0,0,0
Leaf mass per area,Eriogonum pharnaceoides,12,0.007291337331306929,0.006979365805087178,0.0010705263172593833,9.225080770226711e-4,1
Leaf mass per area,Eriogonum plumatella,22,54.05869857458656,47.676502340844806,55.6105511913461,107.49720770211769,0
Leaf mass per area,Eriogonum racemosum,21,0.0117912840364073,0.011674203572185161,0.001088808552136719,0.0017321369152065533,0
Leaf mass per area,Eriogonum umbellatum,27,0.03451577834443889,0.008982035927605866,0.03801609834204181,0.06825951825951826,1
Leaf mass per area,Eriogonum wrightii,21,568.081703698335,341.67008336750035,651.4836645199172,967.5247048969368,1
Leaf mass per area,Eriophorum angustifolium,25,4.1005590975160295,0.09914007603258641,20.166608337951843,0.09423894903885854,1
Leaf mass per area,Eriophorum scheuchzeri,12,0.10169471436435479,0.10079903970133669,0.012898625715253494,0.008635882885624988,2
Leaf mass per area,Eriophorum vaginatum,22,0.08325412083409922,0.09787295943298215,0.03984482158300208,0.0355764322386312,4
Leaf mass per area,Eritrichium nanum,12,0.35706857999799896,0.30920624592589396,0.2598913377461223,0.31373322056727737,1
Leaf mass per area,Erodium botrys,46,0.007459643221266111,0.0072993307940997735,0.0014420387739911438,0.0017909491915147572,3
Leaf mass per area,Erodium ciconium,11,0.02551099606257129,0.024503798088703746,0.021351005366086053,0.025430823181951272,1
Leaf mass per area,Erodium cicutarium,31,0.019920914630141878,0.006284960090503425,0.02158670399807482,0.022531694503158915,4
Leaf mass per area,Eryngium campestre,69,0.10824045399284744,0.11820330969267138,0.05421577052625322,0.052955614365003484,14
Leaf mass per area,Eryngium maritimum,19,0.13898283381737644,0.15003711974415843,0.05805559809597811,0.06549493956303759,2
Leaf mass per area,Eryngium yuccifolium,21,0.10600625229917801,0.11076280041542656,0.024691852445302406,0.017735796446525107,3
Leaf mass per area,Erysimum asperum,10,0.010429606334441592,0.010265745190248064,0.001016717372180891,0.001557707004141172,0
Leaf mass per area,Erysimum canum,10,0.12646069670659424,0.11078123466483464,0.08202173803117013,0.08167963259911265,1
Leaf mass per area,Erysimum duriaei,20,0.016755413936323887,0.006776190430271392,0.025450440116654496,0.0020989756349538927,3
Leaf mass per area,Erysimum odoratum,12,0.03877754010323168,0.04506593050179564,0.016117791307404622,0.006089096075265275,2
Leaf mass per area,Erythronium dens-canis,16,0.04284004599915719,0.04663560380983199,0.01020679679475552,0.01747061892890369,0
Leaf mass per area,Erythronium grandiflorum,38,107.65385926230189,170.94216985763376,104.29807293016529,205.30274253013408,0
Leaf mass per area,Eschscholzia californica,114,0.00450776560515182,0.0040527013576468806,0.004866747537961743,0.0033129309739032484,5
Leaf mass per area,Eucalyptus globulus,46,0.008237914123567306,0.0061312078479460455,0.006233169732083026,0.001118048792682809,6
Leaf mass per area,Euonymus europaeus,40,0.008088673326512235,0.006476683937823834,0.01060810928380526,6.265933307985933e-4,4
Leaf mass per area,Euonymus latifolius,80,0.022761983268922308,0.01746304587770349,0.02029452890853558,0.03147192518751141,0
Leaf mass per area,Eupatorium altissimum,51,0.00980578339409489,0.009751099061977034,3.905242439823385e-4,0,0
Leaf mass per area,Eupatorium cannabinum,15,0.028055246652397486,0.007510019166887673,0.02709710424683914,0.043983305337598894,1
Leaf mass per area,Eupatorium maculatum,15,0.04618690238607074,0.004214817812584627,0.06936561913537567,0.08418048549103761,2
Leaf mass per area,Eupatorium perfoliatum,13,0.003683993352270975,0.0037508000852760153,6.417229615986779e-4,5.193181029265331e-4,2
Leaf mass per area,Euphorbia amygdaloides,40,0.014402700066181238,0.012329490645438547,0.012127388534547659,0.023160970009876995,0
Leaf mass per area,Euphorbia brachycera,21,0.007146065484200368,0.006803369893425111,0.0016288152221442679,0.00161266868906645,3
Leaf mass per area,Euphorbia corollata,67,0.007467926808507645,0.007848219460206545,0.001117334586205588,0,0
Leaf mass per area,Euphorbia cyparissias,33,0.04582870875277461,0.04342162396873643,0.017557307360212434,0.01399725249806636,3
Leaf mass per area,Euphorbia epithymoides,15,0.04639105636715245,0.03026634382566586,0.06320359498594086,0.0017859763219025514,4
Leaf mass per area,Euphorbia esula,11,0.06357851319566735,0.0681663258350375,0.0195706466369776,0.0050792669271109425,2
Leaf mass per area,Euphorbia fendleri,20,0.008586398707288142,0.00805305339366742,0.002253133767080072,0.0030755441678761205,1
Leaf mass per area,Euphorbia flavicoma,12,0.016905078224487467,0.004494753357658986,0.024108186104741452,0.009611652623465873,3
Leaf mass per area,Euphorbia glareosa,10,0.07489466630421916,0.075404364073757,0.010418019053816913,0.011109661492118755,2
Leaf mass per area,Euphorbia lamarckii,10,0.08078454522719833,0.07977165205564676,0.00859849971360997,0.014130661479084067,0
Leaf mass per area,Euphorbia maculata,51,0.016514941203757124,0.0043907793633369925,0.02529703480042063,0.0011380758240163939,11
Leaf mass per area,Euphorbia missurica,51,0.006764100406905636,0.006731382415047109,2.3365319718332024e-4,0,0
Leaf mass per area,Euphorbia nutans,52,0.005209597768835759,0.005133964383122092,3.823651666525735e-4,0,0
Leaf mass per area,Euphorbia pyrenaica,11,0.011803408978897274,0.005660377358383766,0.01827874094642665,0.0038646060983459577,1
Leaf mass per area,Euphorbia seguieriana,11,0.055905358511407745,0.05998800239952009,0.016996501154806953,0.004847969792142345,1
Leaf mass per area,Euphorbia serpyllifolia,18,0.0031018341554932528,0.003204821680891389,4.035447161521412e-4,4.3793307410166247e-4,2
Leaf mass per area,Euphorbia terracina,35,0.04630535092822852,0.033226270904862076,0.04842814300246722,0.03232607431008605,3
Leaf mass per area,Euphrasia frigida,23,0.0449172273454888,0.06030271965265634,0.034760444405378184,0.06885282372295211,0
Leaf mass per area,Euphrasia minima,64,2.643952230683381,2.348681372257433,2.0431464798782137,1.5153742064103408,18
Leaf mass per area,Euphrasia officinalis,30,2.0326463816379174,2.1134371084650616,1.3779267074093056,0.775486125938369,9
Leaf mass per area,Eurybia macrophylla,10,0.02599297562289483,0.015396384305645803,0.026248345114409502,0.05041084208086209,0
Leaf mass per area,Euthamia graminifolia,180,0.03618454685750571,0.010847062597931615,0.03073657112906079,0.05886949174596544,0
Leaf mass per area,Eutrochium maculatum,10,0.004825753452846104,0.004984309613469681,0.001320509107494024,0.0010675150168093688,2
Leaf mass per area,Evolvulus nuttallianus,51,0.006419079017776166,0.0063811684632998555,2.7073551147895015e-4,0,0
Leaf mass per area,Fagus grandifolia,1787,0.8030664931442272,0.002506483504714827,15.13279017762796,4.8512743469971255e-4,342
Leaf mass per area,Fagus sylvatica,1817,0.010925783164711139,0.0035001750087504378,0.016327674004309383,0.006723918882130887,327
Leaf mass per area,Fallopia scandens,20,0.003790380985730874,0.0038590276744681273,0.0013829435593583482,0.0012199349140070968,4
Leaf mass per area,Festuca airoides,30,0.13961592514477203,0.13633006976101678,0.04545559565877742,0.08071722871484488,0
Leaf mass per area,Festuca altissima,77,0.012582455589352701,0.003495509603957991,0.010920482577142763,0.019292964126281047,2
Leaf mass per area,Festuca arizonica,20,0.00750664768625944,0.007699925920796976,9.955847559915726e-4,0.0014357473353494334,1
Leaf mass per area,Festuca arundinacea,15,0.016174285203489736,0.013045867393106137,0.010850371713522015,0.010065976019297375,3
Leaf mass per area,Festuca brachyphylla,20,0.08512530439612599,0.07016824697007536,0.07564850520224022,0.04545968461252027,2
Leaf mass per area,Festuca eskia,30,0.052064650192923535,0.04866728138892021,0.01196743312882078,0.012232104941479506,3
Leaf mass per area,Festuca halleri,10,0.11960643052549158,0.11598441100110088,0.02191384552039312,0.028886684496897783,1
Leaf mass per area,Festuca hallii,10,0.011523212892519143,0.011752756833170019,0.0020660805299144392,0.00261120383169605,0
Leaf mass per area,Festuca heterophylla,10,0.10484371188084883,0.10644324348821138,0.01437077444474008,0.01701060144382391,0
Leaf mass per area,Festuca ovina,335,0.061059785000053164,0.05688605722737357,0.03225692082939851,0.03193540622344758,67
Leaf mass per area,Festuca pulchra,10,0.05746941913517691,0.057707170573805075,0.0071655945613889795,0.010429570650684991,0
Leaf mass per area,Festuca quadriflora,11,0.1420330905715785,0.14617033717336633,0.027885563359131615,0.03636040831681667,1
Leaf mass per area,Festuca rubra,342,0.1236167323738909,0.0718000424538314,0.2178481623352258,0.11212877170442177,44
Leaf mass per area,Festuca rupicola,10,0.03159244911781981,0.03045951613385989,0.009519391803306295,0.011341337795180099,1
Leaf mass per area,Festuca sp,14,0.08216712308673287,0.08038813995159465,0.029264566120383324,0.04040353833664724,0
Leaf mass per area,Festuca subverticillata,25,0.0031902458052519454,0.00296365931313639,0.0012164693389088088,0.00150760653511775,2
Leaf mass per area,Festuca thurberi,70,62.98642744649398,62.996934142893764,32.31370633030574,33.566469337741225,13
Leaf mass per area,Festuca vaginata,10,0.09306414216868057,0.09141759893137419,0.010462780026877538,0.015367649973447584,0
Leaf mass per area,Festuca valesiaca,50,0.06200543077836644,0.057681777785230676,0.023102127280310362,0.021631699543726193,9
Leaf mass per area,Festuca vivipara,18,0.08030203172131134,0.09135124267158062,0.0350038027096208,0.027383000753075593,3
Leaf mass per area,Festuca wagneri,10,0.09299525301986544,0.09205142455141196,0.016920136142117764,0.023263627301413445,0
Leaf mass per area,Ficaria verna,14,0.024501790485874083,0.0279992789226798,0.012699964274393986,0.014821804391514228,3
Leaf mass per area,Filago pyramidata,16,0.01730481496965318,0.01858672172472204,0.010141336455776152,0.013658403625244828,0
Leaf mass per area,Filipendula ulmaria,38,0.036676673622389376,0.041151287754631456,0.016991576274040406,0.013626224247653695,7
Leaf mass per area,Filipendula vulgaris,77,0.022932993541913898,0.0045073123956710145,0.033311771400961934,0.005944999834489686,19
Leaf mass per area,Fimbristylis puberula,51,0.0070588304812498545,0.007094734898969397,2.564088294126212e-4,0,0
Leaf mass per area,Foeniculum vulgare,13,0.06072018356367305,0.0473081653893462,0.07426863939255997,0.008817022048175721,3
Leaf mass per area,Forestiera angustifolia,18,54.872817734560236,47.25205554735862,57.04852107482043,107.82919368378418,0
Leaf mass per area,Fouquieria splendens,82,33.27930534701616,0.005253877232725623,116.32922950499861,0.0015090171685921893,13
Leaf mass per area,Fragaria vesca,217,0.07132878827003515,0.025687723771777245,0.28481555927625407,0.033777003457025834,7
Leaf mass per area,Fragaria virginiana,108,45.90714210689297,0.057841910568589686,77.72751635704684,134.3441403805405,8
Leaf mass per area,Fragaria viridis,21,3.40763757575891,0.049212598425196846,15.464462358609405,0.04707794699704586,1
Leaf mass per area,Frangula alnus,43,0.011306864816197226,0.004642348392307061,0.020452328636235112,0.003937472942423584,6
Leaf mass per area,Frangula californica,11,0.023627029814668868,0.009363295880149813,0.033600127182375185,0.002535161391202412,2
Leaf mass per area,Frangula caroliniana,384,0.0150484045018196,0.004247044370633104,0.01647893447307325,0.02901632915340909,10
Leaf mass per area,Frasera speciosa,34,0.0413581453029568,0.008474755484973362,0.04251694394118934,0.06587195655018772,3
Leaf mass per area,Fraxinus americana,563,2.844080465555269,0.0042699620726361995,23.965916654793467,0.030283248673716942,26
Leaf mass per area,Fraxinus angustifolia,41,0.022384749357055575,0.0070101647388713636,0.03309247521376791,0.011207516901349765,10
Leaf mass per area,Fraxinus excelsior,160,0.02307368674312914,0.008725242125468982,0.022908301975907947,0.028941346482002465,26
Leaf mass per area,Fraxinus nigra,19,69.19403158056083,0.018281535648994516,94.44948140212624,172.45959095747844,0
Leaf mass per area,Fraxinus ornus,137,0.08379445336824243,0.04233513886209193,0.20570323699625845,0.05755008304816622,8
Leaf mass per area,Fraxinus pennsylvanica,70,0.004771051119623607,0.002668954297003418,0.004791737169667472,0.0018960169350565477,13
Leaf mass per area,Fritillaria meleagris,11,0.05254247134311261,0.054288816503800214,0.017024234506509153,0.0061473653888886315,2
Leaf mass per area,Fumana ericoides,107,0.030351410820873538,0.022581344902386103,0.038122057257591865,0.003696303696521259,15
Leaf mass per area,Fumana laevipes,42,0.0166790149156144,0.011108490566007215,0.02564496529017791,0.003214321423131135,2
Leaf mass per area,Fumana sp,20,0.0142847125746341,0.012701319146626137,0.0028915399161217143,0.004542069388890421,2
Leaf mass per area,Fumaria officinalis,269,0.030252415975039786,0.02848837209302328,0.010606031693456697,0.01176430641072073,18
Leaf mass per area,Fumaria schleicheri,12,0.026906898844120352,0.024277166517615467,0.007124371268503952,0.012660798714837315,0
Leaf mass per area,Gagea serotina,37,0.5793070283719626,0.13371104816439777,0.6237797374399855,1.078109999569842,0
Leaf mass per area,Gaillardia pinnatifida,11,0.008781090099101578,0.008669817690578556,0.001274867728283477,0.0021719489335811637,0
Leaf mass per area,Galactia regularis,51,0.005829511596392804,0.005789040212457498,2.8902349177806316e-4,0,0
Leaf mass per area,Galactites tomentosa,12,0.05769873805526467,0.05054313918025823,0.028001356704830335,0.03326027962595893,1
Leaf mass per area,Galanthus nivalis,25,0.0522694557391462,0.052029136316337155,0.008000283771461938,0.011148228189909654,1
Leaf mass per area,Galatella sedifolia,20,0.04678232623350626,0.042418274543502846,0.0156291544584238,0.024671992694039815,0
Leaf mass per area,Galega officinalis,10,0.07817272623854228,0.07698363838704331,0.008498856577419287,0.013764293110737277,0
Leaf mass per area,Galeopsis tetrahit,42,209.47940120300203,0.04673462243137942,410.3036924416219,2.443066956742707,9
Leaf mass per area,Galinsoga parviflora,10,0.019489974888819445,0.019761055432874694,0.003362616372127996,0.0038134841219105917,1
Leaf mass per area,Galium aparine,141,0.02520371426522466,0.022320885042930755,0.02275552014534376,0.04195597484276413,0
Leaf mass per area,Galium boreale,110,0.016717393704134394,0.004502987884501895,0.02402184657641827,0.02152520382088113,26
Leaf mass per area,Galium estebanii,10,0.0030379314730948582,0.003008984340636634,2.8497172554588896e-4,3.6004501769227237e-4,0
Leaf mass per area,Galium intermedium,10,0.021656687575666092,0.021685163125657984,0.0017085469954384747,0.002387119764329263,0
Leaf mass per area,Galium lucidum,12,0.09103433110942596,0.08995338436537394,0.0142435291519883,0.02568364822317669,0
Leaf mass per area,Galium mollugo,517,0.18767758217700845,0.03181673560292714,0.7156013666584029,0.06244685380348686,84
Leaf mass per area,Galium obtusum,71,0.0026558360952130744,0.002710843373485811,0.001007656982361548,0.0014147130500312107,3
Leaf mass per area,Galium odoratum,214,0.011863297297340354,0.01428041240477006,0.009748858944604607,0.018802746241963594,0
Leaf mass per area,Galium palustre,13,0.03925267004215816,0.041666666666666664,0.022366365875254902,0.012813413321027534,4
Leaf mass per area,Galium pumilum,21,2.9596289400419886,2.3027562504737635,2.6821534086951675,1.3954638378456246,2
Leaf mass per area,Galium sp,14,0.05367822799639679,0.047975627246490835,0.02383850150934427,0.03241157066107463,1
Leaf mass per area,Galium verum,168,0.03904323011155007,0.03010601665906054,0.039680578134168226,0.05676607309552944,5
Leaf mass per area,Galium virgatum,50,0.004901617534129377,0.004901617534129377,0,0,0
Leaf mass per area,Gaultheria shallon,12,0.008119966439539255,0.007334807692253134,0.004020453886941036,0.0068933711154425745,0
Leaf mass per area,Gaylussacia baccata,10,0.019846545698263034,0.016383226309243572,0.017912339487653407,0.013526667338817942,1
Leaf mass per area,Gelanicum sylvatica,10,0.03569986232679414,0.036849035310952315,0.006430588255763429,0.005613017630216426,1
Leaf mass per area,Genista balansae,20,0.06786368204263091,0.06744653329360725,0.008373040793852815,0.011692734472100126,0
Leaf mass per area,Genista cinerea,29,0.1303666288615594,0.12771012771012763,0.050918031872090444,0.05861874776020076,3
Leaf mass per area,Genista hirsuta,10,0.09643917156643704,0.026497193570000317,0.10905467259786142,0.15921164540886762,1
Leaf mass per area,Genista hispanica,13,0.020050968363454862,0.004778156996489185,0.042107802597525154,3.6458075012684235e-4,4
Leaf mass per area,Genista hystrix,11,0.01447405530566888,0.00556844547574141,0.030155458872788074,0.0011183909485453468,1
Leaf mass per area,Genista pilosa,12,0.09143959693092005,0.10593648299854112,0.04108352796168279,0.025369591418048024,2
Leaf mass per area,Genista scorpius,64,0.07131572661038098,0.06749591605486993,0.04137236105404336,0.017787466410047838,7
Leaf mass per area,Genista sp,20,0.052372273975690685,0.05335661621989371,0.010036507036416592,0.0037684778350251733,4
Leaf mass per area,Genista tinctoria,22,0.057891520289511736,0.04638618087684512,0.027324383910900373,0.04016837772391709,0
Leaf mass per area,Gentiana affinis,18,0.03409700494427213,0.029452787655891655,0.028971966340637263,0.055347799108555605,0
Leaf mass per area,Gentiana alba,20,0.006903989096007202,0.006769744483159104,7.992996400359545e-4,6.751596059765448e-4,5
Leaf mass per area,Gentiana algida,17,0.2684709509602193,0.22707125809255624,0.1478062513071684,0.18649310303093178,1
Leaf mass per area,Gentiana cruciata,12,0.0667322594940227,0.07358415477038116,0.018000009263866183,0.016775081537630958,2
Leaf mass per area,Gentiana nivalis,22,0.9091591192830207,0.11660109102659139,0.9771464094132809,1.9059964200376036,0
Leaf mass per area,Gentiana puberulenta,17,0.007191115265821603,0.007861635220125786,0.002702739107457797,9.08878660529645e-4,5
Leaf mass per area,Gentiana verna,31,1.5987869777836492,1.3924087221535018,0.7231177616037828,0.8641964049245654,3
Leaf mass per area,Gentianella amarella,16,0.03172437534555077,0.032200210607983656,0.014323463705909624,0.00909625534061527,4
Leaf mass per area,Gentianella germanica,10,1.8512750735150263,2.4550198096470845,1.2891693039520007,2.2173736671159063,0
Leaf mass per area,Geranium caespitosum,11,0.00921623379340368,0.009394144764149024,0.0017318701952468024,0.0029938057516612224,0
Leaf mass per area,Geranium dissectum,272,0.007781542842724083,0.004488070357426578,0.02716755434829847,0.002300985263908666,29
Leaf mass per area,Geranium maculatum,15,0.003190576642789549,0.00290149695064481,0.0014285068518864984,7.312725527756254e-4,2
Leaf mass per area,Geranium nodosum,40,0.014918617725995845,0.012939379576191196,0.012619808359385205,0.023477834576526545,0
Leaf mass per area,Geranium palustre,16,0.04690597167802085,0.049127311745781777,0.012869387962093599,0.009339846892370413,2
Leaf mass per area,Geranium pratense,137,0.06529867741197298,0.04675324675324673,0.04899629219613618,0.03465472951641934,23
Leaf mass per area,Geranium pusillum,11,0.0444809110130199,0.041407867494824016,0.009868421069712658,0.01268939071608223,1
Leaf mass per area,Geranium richardsonii,39,0.015865882881125115,0.0055922568750547815,0.018024380563427398,0.006907788627056889,9
Leaf mass per area,Geranium robertianum,22,0.011173467694867241,0.009517591522400518,0.009891946002422356,0.016264228082134208,0
Leaf mass per area,Geranium sanguineum,12,0.006918375425631116,0.0019363845239419096,0.016601547718610613,4.587284894525291e-4,2
Leaf mass per area,Geranium subargenteum,10,0.004675373812173839,0.00473677956358773,3.936423274084816e-4,6.381528548594171e-4,0
Leaf mass per area,Geranium sylvaticum,52,0.9953556238937059,0.04000080418071633,6.929005310165195,0.046131850657763755,1
Leaf mass per area,Geranium viscosissimum,27,0.028060725836651867,0.007885204792164233,0.03084118912383081,0.05557073541613349,0
Leaf mass per area,Geum canadense,49,0.003530112006282905,0.003325727394781468,0.001121565303950547,0.0015878211053233044,3
Leaf mass per area,Geum montanum,32,0.7482065551895747,0.49135797882453663,0.761573760731121,1.3029909356935963,1
Leaf mass per area,Geum rivale,10,0.03105371459120138,0.029059479179213046,0.0272737326155324,0.050695527600749454,0
Leaf mass per area,Geum rossii,51,0.10887896982655577,0.10438792621682788,0.04895038861522173,0.03984026220246495,8
Leaf mass per area,Geum triflorum,36,0.027549237763506117,0.00852573428781411,0.034651220271533084,0.019307476273244965,9
Leaf mass per area,Geum urbanum,16,0.026670949774818046,0.027463377546168906,0.008104939394178149,0.0047922197285625925,6
Leaf mass per area,Geum waldsteiniae,15,0.0419687314791141,0.03979307600477517,0.014324563644141891,0.007415847111165934,2
Leaf mass per area,Ginkgo biloba,109,0.0075212432096568764,0.007011929008043379,0.005105791651163947,0.0030083331030293778,6
Leaf mass per area,Glandularia canadensis,51,0.005069438572021625,0.005066827343463306,1.864790185980579e-5,0,0
Leaf mass per area,Glechoma hederacea,152,0.043219526913599905,0.040061847887234235,0.040209401376913305,0.05541912090444114,4
Leaf mass per area,Glechoma hederacea var. hederacea,10,0.013325389483889987,0.01282937393445105,0.003960910818915439,0.0018562686319097028,3
Leaf mass per area,Glechoma hirsuta,25,0.028477666363346376,0.02857142857142857,0.006846567833600365,0.009519556029741374,1
Leaf mass per area,Globularia alypum,31,0.06173926069614642,0.023094688221709007,0.07949747611621374,0.0037706063665823297,8
Leaf mass per area,Globularia nudicaulis,10,0.03736347424983611,0.014927755469790947,0.052329651163723595,0.003795213716739394,2
Leaf mass per area,Globularia repens,11,0.09396412390079774,0.015362318840495107,0.2610563636133211,0.002305014220482675,2
Leaf mass per area,Glyceria striata,11,0.003747476722386704,0.0035959530291362366,7.686923212035055e-4,2.3240697690656616e-4,4
Leaf mass per area,Glycyrrhiza echinata,10,0.10664793400380979,0.10971088803832357,0.007820297909673887,0.009453916333628243,1
Leaf mass per area,Gnaphalium supinum,147,0.02349553899008786,0.025306173061325713,0.015290574808265647,0.03166852440335557,0
Leaf mass per area,Grindelia lanceolata,50,0.0083132768255799,0.0083132768255799,0,0,0
Leaf mass per area,Grindelia squarrosa,13,0.010843385755457093,0.011549295221583046,0.0025961139968686056,0.0022553433286209967,2
Leaf mass per area,Gutierrezia sarothrae,48,355.35059931066303,0.010948659575039564,704.8221058865474,0.2898820165769109,10
Leaf mass per area,Gymnadenia conopsea,13,0.04454079440141878,0.04859899037104073,0.01378398271901495,0.008485445216906015,2
Leaf mass per area,Gymnocarpium dryopteris,41,0.014200278311417383,0.0028180928692204356,0.01596018295433257,0.02833892499188605,1
Leaf mass per area,Gypsophila fastigiata,13,0.09952354039629614,0.10493179433368312,0.028471197902467348,0.016618728028124016,1
Leaf mass per area,Gypsophila muralis,10,0.0227665309893852,0.010830834606644722,0.030318092877143998,0.022554895125445555,2
Leaf mass per area,Gypsophila paniculata,10,0.07943126906253914,0.07798267781266645,0.014399776500323277,0.017757242633734585,1
Leaf mass per area,Hakea lasianthoides,22,0.012014320215008641,0.012983870967260797,0.003916044950121872,0.006316391942548193,0
Leaf mass per area,Hakea psilorrhyncha,18,0.06921174793460762,0.06802721088435375,0.04497897691815093,0.03502234358169851,6
Leaf mass per area,Hamamelis virginiana,52,0.017502012632547817,0.018718399452641414,0.010496092995630335,0.01837214573645837,0
Leaf mass per area,Harrimanella hypnoides,13,0.08329027594047358,0.08732609892667081,0.021441432454789494,0.015567609704417062,1
Leaf mass per area,Hedeoma hispida,11,0.004874782701071366,0.004501260352898812,0.0019741846966089445,0.0021645025054724248,1
Leaf mass per area,Hedera helix,371,0.022689093978126653,0.008734066657273528,0.026978606546845012,0.033821614560143536,54
Leaf mass per area,Helianthella quinquenervis,60,65.39635369494647,49.61099481319735,67.11744796867035,128.09625260796898,0
Leaf mass per area,Helianthemum cinereum,102,0.019672879416402066,0.01606566200214032,0.02500311393762288,0.005754641645489875,8
Leaf mass per area,Helianthemum marifolium,43,0.017287450487504172,0.01247058823529412,0.025971961906492175,0.0032588229424492243,2
Leaf mass per area,Helianthemum nummularium,692,0.031849033999437455,0.00845972639330735,0.029175025062409262,0.05327407778880168,8
Leaf mass per area,Helianthemum oelandicum,13,0.09238296290175865,0.09124087591240876,0.053391989054997493,0.019935227695530647,4
Leaf mass per area,Helianthemum syriacum,24,0.04559566701050898,0.02250103863728168,0.07244862848890775,0.0068680181644101,6
Leaf mass per area,Helianthus grosseserratus,19,0.0055721163194029,0.005997207533090391,0.002048722552722228,0.003038039557082476,1
Leaf mass per area,Helianthus hirsutus,52,0.008953667788134766,0.008930736079519674,2.918854864110094e-4,0,0
Leaf mass per area,Helianthus maximiliani,51,0.009167286052501479,0.009035631773551194,9.401996104348789e-4,0,0
Leaf mass per area,Helianthus mollis,70,0.009332038069284978,0.009571446210510058,8.07893061182095e-4,0,0
Leaf mass per area,Helianthus pauciflorus subsp. pauciflorus,12,0.019386354458293967,0.01954594023066346,0.0015957505913974952,0.0020178609221922494,0
Leaf mass per area,Helianthus tuberosus,15,0.004359620623630202,0.006592249368155025,0.003704164502377018,0.007162443759304188,0
Leaf mass per area,Helichrysum italicum,75,0.024968401648216447,0.015007816571230901,0.024422451416860287,0.005136648135035818,15
Leaf mass per area,Helictotrichon bromoides,35,0.016525194216961494,0.005577620445412962,0.03492302170766879,0.0018951492628954732,9
Leaf mass per area,Helictotrichon pratense,23,0.07107825903522567,0.09373550944978105,0.052209505384854374,0.0978925604661263,0
Leaf mass per area,Helictotrichon pubescens,197,0.04630290744316157,0.046242774566473986,0.01748172789403166,0.01936076739196224,21
Leaf mass per area,Helictotrichon versicolor,12,0.08887115890691863,0.07819075331089338,0.035932968219648934,0.022687004240519906,2
Leaf mass per area,Heliomeris multiflora,40,43.27770976837673,0.006416010670081278,76.73438701308085,34.00110758124842,10
Leaf mass per area,Heliopsis helianthoides,89,0.016903608790479814,0.0065451915720335435,0.019961858287252256,0,0
Leaf mass per area,Heliotropium tenellum,51,0.008300477034961833,0.008383204710773553,5.907937758690903e-4,0,0
Leaf mass per area,Heracleum sphondylium,195,0.057612837057343894,0.04452466907340546,0.08310386050540365,0.021716992959141534,40
Leaf mass per area,Heteromeles arbutifolia,15,0.05593307198197379,0.02065380155828016,0.07575121542899031,0.003912520333046593,3
Leaf mass per area,Heuchera parvifolia,12,0.15624310849046644,0.09900609375647174,0.1124710976716301,0.18140566351621018,0
Leaf mass per area,Hexasepalum teres,50,0.0058442350798396615,0.0058442350798396615,0,0,0
Leaf mass per area,Hibiscus syriacus,40,0.00506021083597791,0.0036454421198394453,0.005376763210357146,0.0015035661278558566,4
Leaf mass per area,Hieracium alpinum,46,1.505123663147061,0.0518967103763156,2.3350774917371013,1.884626810871072,9
Leaf mass per area,Hieracium caespitosum,34,0.0598461210730054,0.04436207885233959,0.05210053994892716,0.015347602226140268,9
Leaf mass per area,Hieracium fendleri,21,0.0064163726113098,0.006424491539158258,7.245475407720293e-4,2.857875112666705e-4,5
Leaf mass per area,Hieracium graciliusculum,13,0.04875418261677034,0.04426990360079744,0.02453363702337294,0.01652463389003768,4
Leaf mass per area,Hieracium murorum,31,0.6536163586186506,0.027943596681282268,1.21346163497673,0.007813604058435286,9
Leaf mass per area,Hieracium sabaudum,81,0.014886155474163247,0.003357602097973577,0.012691794612798662,0.02393639757215526,0
Leaf mass per area,Hieracium sp,21,0.044151919885483275,0.044331641282805534,0.004536982090837462,0.004332834230074238,4
Leaf mass per area,Hieracium umbellatum,18,0.035453177126112546,0.04535707294045919,0.027614030756366828,0.04797382040147284,0
Leaf mass per area,Hierochloe alpina,12,0.09288586519645324,0.09080392753475247,0.01143320428840963,0.01585736135202767,0
Leaf mass per area,Hierochloe odorata,16,0.063520477054482,0.06792094002580995,0.019103714929366737,0.01263138258550249,1
Leaf mass per area,Hippocrepis comosa,13,0.04726550671033536,0.046500813764240874,0.02849182995120184,0.024087074785088113,4
Leaf mass per area,Hippophae rhamnoides,35,0.034243300895606926,0.008566533409724915,0.04847016294630952,0.005914587803298444,8
Leaf mass per area,Holcus lanatus,250,0.1774878440033901,0.029438899658593157,2.2941862929494445,0.03485507138237285,12
Leaf mass per area,Holosteum umbellatum,10,0.017104312836814517,0.011012085465637377,0.019096866579273623,0.0072268825452936475,2
Leaf mass per area,Homogyne alpina,48,0.5577318038840058,0.5799861782568212,0.5497509996309816,0.7197732816324871,1
Leaf mass per area,Hordelymus europaeus,40,0.012443865276244297,0.010838654128245357,0.010466588391263191,0.020894270183569506,0
Leaf mass per area,Hordeum murinum,134,0.02295799620573772,0.02531732258392339,0.014586776796230914,0.02604985717460974,1
Leaf mass per area,Hormathophylla lapeyrousiana,22,0.036666496101477306,0.021334134615298078,0.04959740016927384,0.004147214704063082,2
Leaf mass per area,Hornungia alpina,11,1.2693311205056028,1.3562705188640996,0.4783632680592808,0.4058520055729644,1
Leaf mass per area,Houstonia longifolia,11,0.005748933067956935,0.005420054200542005,0.002009423657310242,0.0018277562241635226,2
Leaf mass per area,Houstonia wrightii,21,0.00824793795250111,0.007582938388625593,0.0020491303032922586,0.002494731492277545,2
Leaf mass per area,Huperzia selago,17,0.07799414215430862,0.07822314064672206,0.015165725014412577,0.023349045345235853,0
Leaf mass per area,Hydrocotyle bonariensis,40,0.004004397317295978,0.003937244854708338,8.21846295228231e-4,0.0011163737901876683,2
Leaf mass per area,Hydrocotyle vulgaris,16,0.018603739267237497,0.004762711411847734,0.020265454888311347,0.0345856642084753,0
Leaf mass per area,Hydrophyllum capitatum,27,0.023922542789320652,0.00675496688679093,0.02661776662718679,0.04476456790946051,1
Leaf mass per area,Hydrophyllum virginianum,23,0.008936892727505466,0.0033509961847975854,0.008036199598497712,0.014866451162998107,0
Leaf mass per area,Hylodesmum glutinosum,29,0.0016288825912193965,0.0012263017192750104,0.0012415336249097114,7.222020251775028e-4,4
Leaf mass per area,Hylotelephium telephium subsp. maximum,10,0.036811186198908,0.03097363001639233,0.011365787224620314,0.01700105508714026,0
Leaf mass per area,Hymenopappus mexicanus,21,0.0077499180755348715,0.007729920490036294,8.958829683122931e-4,0.001290470405313461,0
Leaf mass per area,Hymenothrix dissecta,20,0.008299475531650703,0.00832790509332558,0.001212215138648874,0.0019323358808374172,0
Leaf mass per area,Hymenoxys grandiflora,12,0.21462404385746073,0.09076468632991236,0.18916779422883948,0.3439008286274217,0
Leaf mass per area,Hymenoxys hoopesii,49,26.262835336287043,0.008808240595714967,52.70049754606804,0.05068259384941903,10
Leaf mass per area,Hymenoxys richardsonii,22,0.010148873402676773,0.009801434793773139,0.0026495683808098604,0.0019452257327677823,3
Leaf mass per area,Hyparrhenia hirta,17,0.03297655919753464,0.014337899543365902,0.044543944396716974,0.01639488341731917,3
Leaf mass per area,Hypericum ascyron,39,0.03232076659715051,0.050505050505050504,0.027022489583935334,0.052153253103340666,0
Leaf mass per area,Hypericum maculatum,37,7.684025080304959,2.036087563028847,9.222113332492434,17.863482138794737,0
Leaf mass per area,Hypericum perforatum,137,0.03977765850721466,0.03222393987543904,0.049749847388351136,0.04957260108826972,7
Leaf mass per area,Hypericum sphaerocarpum,50,0.009070061949303139,0.009070061949303139,0,0,0
Leaf mass per area,Hypochaeris glabra,62,0.005664265759746521,0.0039450284708700675,0.0073788018811634624,0.0029920365189060587,4
Leaf mass per area,Hypochaeris maculata,15,0.06387365829446885,0.07745933384972889,0.035526920698635577,0.05030305712418452,0
Leaf mass per area,Hypochaeris radicata,43,0.016788261290482446,0.006400932549302735,0.023443313621221575,0.003991483299448623,10
Leaf mass per area,Hypoxis hirsuta,50,0.005256472030267384,0.005256472030267384,0,0,0
Leaf mass per area,Ilex aquifolium,140,0.015800947162488234,0.014818288414310338,0.007676153913182273,0.006959550345815035,1
Leaf mass per area,Ilex opaca,109,0.010101424435297083,0.008044405116241654,0.012087347126728092,0.0051561755425754445,3
Leaf mass per area,Ilex verticillata,23,0.029087765012277274,0.019611688566385566,0.028376841759847064,0.031427201096808605,3
Leaf mass per area,Impatiens capensis,73,164.16809859402375,0.001841620626151013,446.4065266985975,0.00131424790930065,14
Leaf mass per area,Impatiens glandulifera,381,0.013217373482636994,0.009727429324146348,0.01284245683189193,0.021465878003574385,5
Leaf mass per area,Impatiens parviflora,18,0.005084435280277612,0.007344838866577996,0.004085953373584758,0.007995947565358444,0
Leaf mass per area,Inula salicina,67,0.013296241601993697,0.004120564669721751,0.02284687508148375,8.195265205873737e-4,12
Leaf mass per area,Ipomoea pandurata,51,0.005301747323233052,0.004681038083651202,0.004432750609409043,0,0
Leaf mass per area,Ipomopsis aggregata,12,0.00853958287485319,0.008574963866770039,0.0014467379341660705,0.0027982278829546004,0
Leaf mass per area,Ipomopsis multiflora,10,0.007760495470874793,0.007756652457188537,0.0010945405549884356,0.0016062372559118333,0
Leaf mass per area,Iris aphylla,15,0.07268410495425091,0.07246376811594203,0.014351170388917785,0.011490813586385484,3
Leaf mass per area,Iris graminea,15,0.05420001880984055,0.05656108597285068,0.005737367323464705,0.008586543312517451,0
Leaf mass per area,Iris missouriensis,12,0.011870438654806536,0.0122886523873883,0.0026901318731652486,0.0028091027002374886,1
Leaf mass per area,Iris pumila,10,0.059407594814900655,0.059582084126992015,0.004102348187151798,0.0064488236875145655,0
Leaf mass per area,Iris sibirica,16,0.06704176429244485,0.06906182714184636,0.0193619902877253,0.014255200659420639,2
Leaf mass per area,Iris spuria,14,0.13682681487206197,0.1389870845358276,0.009216205025807956,0.008862562696476034,3
Leaf mass per area,Iris variegata,10,0.05553258320197835,0.05103957149160576,0.0144304843917778,0.008255920819392255,1
Leaf mass per area,Isatis tinctoria,22,0.05348806406856634,0.05412073874005402,0.02010769737051086,0.025739792290388752,2
Leaf mass per area,Isocoma tenuisecta,60,0.015120464788484686,0.014239615384611916,0.0036234707561030016,0.004908409090927088,2
Leaf mass per area,Isopyrum thalictroides,10,0.03313275945343409,0.0326592849429817,0.0025375025995333267,0.0026896782670319946,1
Leaf mass per area,Jacobaea erucifolia,17,0.0709550145364687,0.07256894049346879,0.019539557692059655,0.01777239522788289,2
Leaf mass per area,Jacobaea vulgaris,10,0.016415001356249213,0.004774579223821423,0.0202506581360687,0.017557692241200594,2
Leaf mass per area,Jefea brevifolia,14,39.82757072336649,33.852804562114045,41.657599754295056,78.57686158897366,0
Leaf mass per area,Juglans nigra,13,0.01655185935710005,0.0161401098901099,0.011430886047957417,0.016238365553667557,0
Leaf mass per area,Juglans regia,20,0.006285798284465036,0.006524546939903269,0.0013068986507865322,8.223783622307796e-4,6
Leaf mass per area,Juncus articulatus,12,0.03471105958857408,0.010175631737077905,0.04088052583674474,0.049175681539468136,1
Leaf mass per area,Juncus drummondii,54,54.45568106438115,67.42820924453096,52.68165559762771,99.75114325835911,0
Leaf mass per area,Juncus effusus,26,0.026480443146677305,0.008189802890467505,0.05772745700025263,0.008992738580120651,4
Leaf mass per area,Juncus gerardii,62,0.016025926753392802,0.008911819888683652,0.016764182325581464,0.0021267838932051523,10
Leaf mass per area,Juncus longistylis,18,0.11706797757904602,0.10336959878617212,0.09928489034047137,0.1908224414976226,0
Leaf mass per area,Juncus nodosus,10,0.010779167140588734,0.010206648872691022,0.0018507004341226031,0.001421929618163037,2
Leaf mass per area,Juncus tenuis,23,0.209417073510762,0.20304568527918782,0.12349773829854108,0.08309533603579974,6
Leaf mass per area,Juncus trifidus,61,0.07252496710977784,0.08192916964060677,0.03164856868739819,0.030186709479576107,10
Leaf mass per area,Juniperus communis,152,0.1381884692624668,0.14291586573359272,0.06525511904962195,0.06697760314716486,26
Leaf mass per area,Juniperus deppeana,28,0.029533893321752866,0.028222695180226527,0.005957407631726705,0.003621964400650879,3
Leaf mass per area,Juniperus monosperma,32,0.11201068444529881,0.03874669879147172,0.22899946709277622,0.007087481489409991,8
Leaf mass per area,Juniperus osteosperma,33,0.07996779804019215,0.042428613857185285,0.14628854950907896,0.009868953243811679,5
Leaf mass per area,Juniperus oxycedrus,86,0.08163126628829738,0.07985464177503959,0.06802523681627069,0.09850326679375097,3
Leaf mass per area,Juniperus phoenicea,42,0.3003584895792528,0.24901512078494734,0.18032833715754393,0.17583302318354588,4
Leaf mass per area,Juniperus scopulorum,28,0.02659270397617624,0.025498499832841724,0.006595405083714461,0.003444017359114891,4
Leaf mass per area,Kali turgidum,41,0.1277268224994609,0.12768130745658834,0.05584424568125599,0.08367065133038717,0
Leaf mass per area,Kalmia latifolia,57,0.013912091706132846,0.008039154662988282,0.022011466375822946,0.004084996096907035,6
Leaf mass per area,Kalmia procumbens,64,0.19648090552586464,0.2180905595737867,0.11259317853036342,0.08470678245267774,21
Leaf mass per area,Keckiella antirrhinoides,14,35.413964680851805,32.292022115524645,37.00178031035393,68.80298249204426,0
Leaf mass per area,Knautia arvensis,140,0.11588735654935163,0.06524263053865552,0.1967089610233035,0.09308249552645777,14
Leaf mass per area,Koeleria macrantha,124,0.03179004916704708,0.015606510477724923,0.027079718743550196,0.04265181286043527,11
Leaf mass per area,Koeleria pyramidata,28,2.397429647019869,0.011605667193302104,12.595605061749694,0.002857143746898546,5
Leaf mass per area,Krameria grayi,20,373.5033310998986,243.17088337770411,405.76636728909074,721.3883524694892,0
Leaf mass per area,LYCHNIS FLOS-CUCULI,59,0.004020429949292491,0.0037849872769564106,0.0012178978767093582,0.0011141273761014073,5
Leaf mass per area,Laburnum anagyroides,135,0.01319965709182952,0.005516791810543053,0.013534065754015969,0.02355938973439317,6
Leaf mass per area,Lactuca alpina,17,0.024632224372484253,0.027992386070988695,0.008682508070076866,0.003860171274109113,3
Leaf mass per area,Lactuca canadensis,14,0.01585400545652123,0.004968353601334552,0.015610671539249986,0.028946576942886874,0
Leaf mass per area,Lactuca muralis,93,0.00961688264749716,0.013667129954988094,0.007757123560675386,0.014521605343071176,0
Leaf mass per area,Lactuca quercina,10,0.024143880461428215,0.024954878747113544,0.005668460472840493,0.010395305559545088,0
Leaf mass per area,Lactuca saligna,11,0.02970672002601901,0.03333333333333333,0.011004429132852702,0.011616819098360695,1
Leaf mass per area,Lactuca serriola,28,0.026639225670971427,0.005805249432132301,0.027121960936865155,0.048511741169735084,1
Leaf mass per area,Laennecia schiedeana,14,0.005318315823031478,0.0055531922076663374,0.0012595129207957705,0.0015671309018045337,1
Leaf mass per area,Lagerstroemia indica,40,0.006508374407807328,0.006223875894037309,0.0014727510089818326,0.0015785402140512965,6
Leaf mass per area,Lamarckia aurea,22,0.025119973446589526,0.02411480630920476,0.011361178084732549,0.007622733500797382,3
Leaf mass per area,Lamium amplexicaule,11,0.03318157427668084,0.03351206434316354,0.007892269790387058,0.009114738318084535,2
Leaf mass per area,Lamium galeobdolon,56,0.02315115501521109,0.02281406001815294,0.01875716376505598,0.03793459150957113,0
Leaf mass per area,Lamium maculatum,12,0.01597613855826777,0.018287636672615938,0.007873823605481941,0.004550258568095936,2
Leaf mass per area,Lamium purpureum,11,0.018061229721171114,0.0196078431372549,0.0054537960520890435,0.004279271762512079,1
Leaf mass per area,Laportea canadensis,48,0.002417759307726624,0.0019483256225919082,0.001383829051338529,9.513064837647601e-4,6
Leaf mass per area,Lappula occidentalis,10,0.0043473801388756225,0.004454763006256179,2.992989726863626e-4,3.0619054509914076e-4,2
Leaf mass per area,Lappula squarrosa,15,0.06257749863249412,0.053821313240043064,0.01935257993481368,0.02374396719535206,2
Leaf mass per area,Larix decidua,98,0.013483870315739591,0.010197903727790246,0.016471553963946266,0.003094109438911965,28
Leaf mass per area,Larix laricina,12,0.03596961660553922,0.009734167627481076,0.05078012826635899,0.031800000156014405,3
Leaf mass per area,Larix occidentalis,12,0.02446695044118934,0.010359680563415706,0.0290899840044767,0.01699990117503407,3
Leaf mass per area,Larrea tridentata,93,7.586600373665476,0.015619030415116999,22.000744111680806,0.004724458487584177,20
Leaf mass per area,Laserpitium latifolium,45,0.019179106609960608,0.007993605115907274,0.017009786246749557,0.031497943831776704,0
Leaf mass per area,Lathyrus lanszwertii,27,0.021334555827828297,0.006437768240067049,0.023969214098885663,0.03868412368328232,2
Leaf mass per area,Lathyrus leucanthus,30,119.71740390032336,168.54999615222633,87.54038490429375,182.95431885229206,0
Leaf mass per area,Lathyrus niger,11,0.029813674942620657,0.029463759575721865,0.0024456212860239682,0.0028635316870038105,0
Leaf mass per area,Lathyrus pannonicus,20,0.059387386536934685,0.05930624868208337,0.008041655976318163,0.00927704908890195,2
Leaf mass per area,Lathyrus pratensis,153,0.036451093825945496,0.03716551040634287,0.016946125805588092,0.018092241815340433,25
Leaf mass per area,Lathyrus tuberosus,11,0.04743429846395326,0.0501002004008016,0.015915948108505718,0.008594142004388003,2
Leaf mass per area,Lathyrus venetus,20,0.01205261115085922,0.010960944626270407,0.010209357345950949,0.02014272091850533,0
Leaf mass per area,Lathyrus venosus,14,0.0043609724172156625,0.004370447069218835,0.0012293204707848353,0.0017952149351048883,0
Leaf mass per area,Lathyrus vernus,227,0.012671217070079054,0.017333565299309583,0.0103647059039602,0.020246995173161288,0
Leaf mass per area,Lavandula latifolia,53,0.04274108872173565,0.04130465745620283,0.034019512239378324,0.037929483957997195,4
Leaf mass per area,Lavandula multifida,22,0.012338065983463752,0.005074750830564366,0.027734212802865116,0.0012955275429173269,4
Leaf mass per area,Lavandula stoechas,66,0.09090620956883583,0.08786504499228091,0.043545012888923845,0.04639563786793424,11
Leaf mass per area,Ledum palustre subsp. groenlandicum,52,0.07003219273650765,0.017747556740352922,0.07028229997227049,0.11430513471848046,2
Leaf mass per area,Leersia oryzoides,18,0.003478346794826192,0.003452945501202247,0.0010409007314532185,0.0011523193847707762,2
Leaf mass per area,Leontodon crispus,10,0.02763930456050531,0.030278906959876735,0.008984004597122943,0.0038763105830699335,2
Leaf mass per area,Leontodon hispidus,333,0.45802822415918554,0.03840245775729647,1.0189057407950464,0.04628767162366827,63
Leaf mass per area,Leontodon taraxacoides,37,0.03227488753866085,0.03718854592785422,0.01665802523058839,0.015272114595582573,9
Leaf mass per area,Leopoldia comosa,10,0.03877348334358782,0.03860455523320102,0.002944961610675997,0.002927177639535393,2
Leaf mass per area,Lepidium cartilagineum,10,0.1538310198744138,0.15279917822290703,0.023680374378282725,0.03363247142086148,0
Leaf mass per area,Lepidium densiflorum,14,0.00572151499324503,0.005359440793065395,0.0024268838493924027,0.0017699346081883277,3
Leaf mass per area,Lepidium draba,12,0.04557730318208503,0.04603415636953416,0.008929772248248896,0.005429096922773213,2
Leaf mass per area,Lepidium virginicum,42,0.005242446398775431,0.005383189425573406,6.815435859257968e-4,6.810147745229967e-4,7
Leaf mass per area,Lespedeza capitata,102,0.010231169551212288,0.008412589467394746,0.013079977012632343,5.90563813798798e-4,33
Leaf mass per area,Lespedeza cuneata,81,0.028245423795984072,0.006482113687631248,0.0253373647379937,0.05160872919488393,0
Leaf mass per area,Lespedeza virginica,50,0.007923205848568276,0.007923205848568276,0,0,0
Leaf mass per area,Leucanthemella serotina,11,0.033861591171007004,0.032829940906106365,0.005615258179987393,0.008886124295235203,0
Leaf mass per area,Leucanthemopsis alpina,97,0.4744858115360607,0.0796241738991958,1.663735073163488,0.038002512562814075,19
Leaf mass per area,Leucanthemum ircutianum,11,0.004924518711550315,0.004995013297904721,5.656794238746217e-4,5.98234777990825e-4,1
Leaf mass per area,Leucanthemum vulgare,220,0.2387626937352427,0.04828556678712381,0.560664120529449,0.05829906730587492,46
Leaf mass per area,Leucocrinum montanum,10,0.009127316384769863,0.009187444906321274,9.605188267422019e-4,0.0010621395230998795,1
Leaf mass per area,Leucojum aestivum,10,0.05162125938582803,0.05031196198190944,0.006990046943064957,0.009964216680384254,0
Leaf mass per area,Leucophyllum microphylla,20,35.71288268711116,30.05837025903937,37.2096508574956,68.8987833771879,0
Leaf mass per area,Leucospora multifida,51,0.004734974997923145,0.004680874497881012,3.8635484899926726e-4,0,0
Leaf mass per area,Lewisia pygmaea,35,0.1491412801117979,0.06867283951941991,0.20218831405763243,0.030078965242536726,9
Leaf mass per area,Liatris aspera,254,0.05902765639932365,0.044640247675294516,0.08030562821842438,0.06413597256181218,12
Leaf mass per area,Liatris cylindracea,60,0.010572386627379948,0.010963254196694512,0.0010894750071569516,0,0
Leaf mass per area,Liatris mucronata,50,0.011490245209426672,0.011490245209426672,0,0,0
Leaf mass per area,Liatris punctata,17,0.014351551306051863,0.01565485429635735,0.003291806089275413,0.004945437773685668,1
Leaf mass per area,Liatris squarrosa,51,0.009997439261237428,0.010016670777227888,1.3734049501825464e-4,0,0
Leaf mass per area,Ligusticum mutellina,29,1.1902660517248465,0.09765625,1.5509561124560145,1.824235694200512,2
Leaf mass per area,Ligusticum porteri,19,177.85665844247197,174.17428571428576,28.02364172160217,25.643087801186454,4
Leaf mass per area,Ligusticum tenuifolium,35,0.031870831588523205,0.006191950464012882,0.039467864282812355,0.051975683891822416,2
Leaf mass per area,Ligustrum sinense,41,0.005257447788448719,0.005057084855475738,0.001479169028111147,8.866697190614992e-4,5
Leaf mass per area,Ligustrum vulgare,45,0.01124672473007724,0.009102362204351714,0.013477272431368235,0.002429735866425523,8
Leaf mass per area,Lilium sp,14,0.039555969769121374,0.0226014341895354,0.03932590761620914,0.061282699188298845,0
Leaf mass per area,Limonium cossonianum,31,0.10073338866147198,0.12397558926337257,0.08503142474715332,0.16531215723943146,0
Leaf mass per area,Limonium hungaricum,20,0.10921777563329099,0.10281655034895315,0.030536244361856077,0.052341917112459654,0
Leaf mass per area,Limonium tabernense,28,0.16866204617457187,0.1458166893725525,0.14539786419136175,0.27072274474281316,0
Leaf mass per area,Linaria alpina,18,0.8677974202997564,0.003844949683191146,1.1322616834641857,2.0112824597837022,0
Leaf mass per area,Linaria angustissima,20,0.04911213380536638,0.04933504724779525,0.01750594772767938,0.026203712552621335,0
Leaf mass per area,Linaria dalmatica,31,0.007361683480201289,0.00720761954590087,0.0010085988786297949,9.702447789672036e-4,4
Leaf mass per area,Linaria genistifolia,10,0.0768637394699339,0.07724038879054076,0.012924785955401391,0.014397124057146646,0
Leaf mass per area,Linaria purpurea,40,0.021876456430104507,0.01490527908370588,0.01983646809031699,0.03310078100312369,0
Leaf mass per area,Linaria supina,10,0.004099610228532994,0.004230393262684661,6.60426828701665e-4,0.0010395779749432415,0
Leaf mass per area,Linaria vulgaris,27,0.008843969198191373,0.0046774193548009884,0.008401943451624445,0.014603139405510487,0
Leaf mass per area,Lindera benzoin,209,0.012182258400335377,0.003258486877184668,0.013421610990797118,0.02413302355929442,7
Leaf mass per area,Linnaea borealis,68,0.05127115075540188,0.05369144909621369,0.018503720724108406,0.02621083971186664,4
Leaf mass per area,Linum australe,18,0.009871979157856163,0.009457522005823955,0.004041353192652532,0.0038295303480932333,1
Leaf mass per area,Linum austriacum,11,0.0704481866956719,0.07727975270479134,0.025064713305832903,0.021766518786799582,1
Leaf mass per area,Linum bienne,17,0.04018794198757161,0.0388688842092455,0.035879035196057396,0.050698646256830675,1
Leaf mass per area,Linum catharticum,16,0.028846024100469856,0.032117203428766665,0.01972024387243914,0.03555593910182887,0
Leaf mass per area,Linum lewisii,24,0.011474276301664098,0.008734813545804538,0.008917733536320194,0.00415512401232945,2
Leaf mass per area,Linum suffruticosum,15,0.053976372315326655,0.012899896800825594,0.0900882279267263,0.05684756170610026,2
Leaf mass per area,Linum sulcatum,51,0.007679732268028929,0.007704160246533127,1.7445066014171588e-4,0,0
Leaf mass per area,Linum tenuifolium,10,0.0782700425764844,0.08946862996158772,0.037471585942221726,0.01403553355093741,3
Leaf mass per area,Liquidambar styraciflua,235,9.163166647393913,0.010396091069757772,31.06596435125108,0.048567722772437226,37
Leaf mass per area,Liriodendron tulipifera,159,0.011623520149514758,0.0038357832477420527,0.01683136665259031,0.011724138984610728,21
Leaf mass per area,Liriope spicata,40,0.005900535174536873,0.006160330947678755,0.0013841352707515664,0.002346156011583299,0
Leaf mass per area,Lithospermum canescens,56,0.007003561039858709,0.00694364552980648,7.001924295173145e-4,0,0
Leaf mass per area,Lithospermum caroliniense,15,0.007640180793791464,0.0074023653536905145,0.0016698194356575056,0.0018913782291581707,1
Leaf mass per area,Lithospermum incisum,51,0.006743443604894076,0.006722312476997885,1.509064374850297e-4,0,0
Leaf mass per area,Lithospermum molle,50,0.006499517458275201,0.006499517458275201,0,0,0
Leaf mass per area,Lobelia spicata,57,0.005729207849109586,0.00601934085606436,8.235567198215112e-4,0,0
Leaf mass per area,Lolium multiflorum,13,0.010367552068643234,0.00469994622862489,0.019347379286854822,0.0016724968773851557,3
Leaf mass per area,Lolium perenne,299,0.024357036871174766,0.00875448487773613,0.030290916004679893,0.037418463364687016,24
Leaf mass per area,Lolium pratense,223,0.061818210369136796,0.059681450259241306,0.02109141841738018,0.024271321836731696,13
Leaf mass per area,Lolium rigidum,39,0.03901341178146646,0.038662284941040015,0.025180238618445625,0.01142154168086846,8
Leaf mass per area,Lonicera canadensis,26,161.0306553963648,0.040038454897110054,218.21672041879592,381.05105233980055,1
Leaf mass per area,Lonicera involucrata,35,0.012429875914379884,0.004236453201932879,0.013641378873604434,0.016258434914646867,7
Leaf mass per area,Lonicera maackii,231,0.015132607845862098,0.0043286636234509,0.016907640053728218,0.026572831544121753,16
Leaf mass per area,Lonicera periclymenum,33,0.006581515432183193,0.006844059406051556,0.0019508287952687553,0.0012430460499310127,5
Leaf mass per area,Lonicera sp,37,0.042317559231216446,0.0475511174512601,0.028036009915823095,0.056699037641224366,0
Leaf mass per area,Lonicera xylosteum,66,0.019929532728168012,0.006488997719209062,0.016609476774718364,0.032781226590857505,0
Leaf mass per area,Lotus corniculatus,560,0.05634791900144347,0.03326984730890377,0.1997997040161872,0.04377500801301893,15
Leaf mass per area,Lotus cytisoides,13,0.060247462288688644,0.07162534435261687,0.02158649909844357,0.03657311338721858,0
Leaf mass per area,Lotus dorycnium,39,0.029263208982209438,0.009153318077803204,0.04050881129361464,0.006550816696933807,9
Leaf mass per area,Lotus germanicus,10,0.08631232461794172,0.08791590988136183,0.010491191229263404,0.011546966550540647,1
Leaf mass per area,Lotus hirsutus,19,0.028613200627732083,0.006711409395973154,0.033742915387838496,0.06321275902994403,0
Leaf mass per area,Lotus maritimus,13,0.04738544928145221,0.05757052389176741,0.024297736117260837,0.01145129078949779,3
Leaf mass per area,Lotus tenuis,11,0.03031345778099384,0.029197080291970802,0.008296097062371931,0.008967721259042112,1
Leaf mass per area,Lupinus argenteus,21,0.006394630305191776,0.006314221472636941,8.557410015438555e-4,0.0013354946951685404,0
Leaf mass per area,Lupinus bicolor,61,0.009036466884191203,0.007941971647418538,0.007762315276875101,0.002499153323684428,3
Leaf mass per area,Lupinus kingii,21,0.005608426260140826,0.005474947687832958,0.0014389070020098418,0.0012297508342524292,2
Leaf mass per area,Lupinus nanus,80,0.005632361141175205,0.004130943102072245,0.008005030768327847,0.0016578356152924275,14
Leaf mass per area,Lupinus perennis,54,0.033725329994705726,0.006493506493506494,0.03455270599930401,0.06424467148713872,1
Leaf mass per area,Lupinus sericeus,18,0.007848515370723067,0.007208872457784073,0.0011619090900793153,0.0016982198844008,0
Leaf mass per area,Lupinus variicolor,77,0.008547213488931714,0.005936073058005463,0.010463932101250805,0.0029005938484936346,11
Leaf mass per area,Luzula campestris,127,0.04495061430384739,0.044768050226717884,0.020969825978653798,0.019239943025495775,23
Leaf mass per area,Luzula luzuloides,11,0.03366339295176818,0.03032140691328078,0.013149148145638508,0.018366576689112513,0
Leaf mass per area,Luzula multiflora,37,0.03523018521585995,0.04065040650406504,0.017455743073080548,0.013642033108832184,8
Leaf mass per area,Luzula spicata,52,0.056960456899627254,0.051011482807601025,0.033092891141151215,0.03066332829026064,7
Leaf mass per area,Luzula sylvatica,170,0.027069170240469714,0.006324806749068512,0.024150949512861966,0.04541025656341826,2
Leaf mass per area,Lychnis coronaria,10,0.0857983908400522,0.08561243058846935,0.009635305253820016,0.010894695101029916,1
Leaf mass per area,Lycium andersonii,25,477.28921044718686,0.03458333333285781,2221.481901649086,89.57049067732684,1
Leaf mass per area,Lycium berlandieri,54,0.007057885353030905,0.007092056074879503,0.001986359486752458,0.0023232938866299714,4
Leaf mass per area,Lycium exsertum,20,310.6875538193585,209.89247748123253,329.16114605648596,604.3000932384427,0
Leaf mass per area,Lycopodium annotinum,22,83.63853225003861,0.06733784796219802,127.93910791876617,210.17703579018956,1
Leaf mass per area,Lycopodium obscurum,10,152.9073505534335,125.8309591642925,52.85865892842016,89.07553722767682,0
Leaf mass per area,Lycopus europaeus,29,0.024592888253527345,0.032829940906106365,0.021478752362918328,0.041496943354413215,0
Leaf mass per area,Lyonia lucida,11,0.0900870032709463,0.023752969121140142,0.10563204463763672,0.19105409668654444,0
Leaf mass per area,Lysimachia hybrida,32,0.004270927928318431,0.004180966446410517,6.997648029539312e-4,9.923864220658832e-4,1
Leaf mass per area,Lysimachia nummularia,10,0.02585008562864491,0.025625247169752494,0.0022837915456764292,0.00258314505462498,1
Leaf mass per area,Lysimachia quadriflora,50,0.007370717613066808,0.007370717613066808,0,0,0
Leaf mass per area,Lysimachia vulgaris,11,0.011261667234526948,0.004533091568449683,0.01968650733889451,0.005158454486849176,2
Leaf mass per area,Lythrum salicaria,22,0.018342563523685785,0.006079822008595713,0.02396772225979749,0.012627974872489098,5
Leaf mass per area,Lythrum virgatum,10,0.08739130941916827,0.08717379149396506,0.0070076753090815925,0.009057126582489333,0
Leaf mass per area,Magnolia acuminata,27,0.019449820405931066,0.017006802721088437,0.010284499384492848,0.011014534853394545,3
Leaf mass per area,Magnolia fraseri,11,0.03047540365573601,0.03431708991077557,0.01226810770828696,0.015561552857297864,1
Leaf mass per area,Magnolia grandiflora,40,0.010602431560007392,0.010015319219047046,0.003006663035540665,0.0017410686709278464,8
Leaf mass per area,Magnolia virginiana,67,0.014170789869564604,0.013881307026436878,0.0034483041611423682,0.0026199884900711054,10
Leaf mass per area,Maianthemum canadense,112,44.945958695942736,0.0034379626754996984,146.09227325776698,0.0014796068743032128,12
Leaf mass per area,Maianthemum racemosum,46,126.29361105294288,0.03256280890344238,278.21911309235753,0.04420025055655859,10
Leaf mass per area,Malus pumila,13,0.005435301328602455,0.005858917272088118,0.0017793820245676306,0.0035999999999424027,0
Leaf mass per area,Malus sylvestris,60,0.009173211001080988,0.008200348023817392,0.007643319561184012,0.0020532255861160737,15
Leaf mass per area,Marrubium peregrinum,10,0.08683382154347986,0.08648759409685713,0.00791470169665845,0.009485687516401928,1
Leaf mass per area,Marsilea quadrifolia,10,0.03148584169010375,0.03291098383099665,0.005033228964516808,0.0027668951033480577,3
Leaf mass per area,Matteuccia struthiopteris,11,0.005112818852941603,0.0036817302391578704,0.006138866799813231,0.0010947676871563747,1
Leaf mass per area,Matthiola incana,10,0.006908074182497947,0.0070193373939022325,0.0013938778956447569,0.0013813305551643867,1
Leaf mass per area,Matthiola perennis,10,0.00603977026711944,0.005944274177194486,7.152261955233977e-4,0.0010906371199857984,0
Leaf mass per area,Medicago falcata,10,0.048888832355943594,0.049383486796074974,0.002405218273393336,0.0027776228815307447,1
Leaf mass per area,Medicago littoralis,32,0.059806974075166636,0.04882624212442246,0.051660145334053914,0.037878869081772314,2
Leaf mass per area,Medicago lupulina,255,0.026890561162838042,0.029309596178897106,0.018413812140489393,0.03518006696782448,0
Leaf mass per area,Medicago marina,40,0.07232666366313767,0.07108752586453812,0.022041971192289723,0.020931614761211234,7
Leaf mass per area,Medicago minima,28,0.04720384832540776,0.04781592230204117,0.023966221594858523,0.02448032797027766,5
Leaf mass per area,Medicago polymorpha,206,0.004163151197984268,0.0035578423793241627,0.004554071653829237,0.0013395881135780923,18
Leaf mass per area,Medicago rigidula,11,0.06331711823807087,0.057240984544934176,0.016719175146151965,0.017948756371108376,1
Leaf mass per area,Medicago sativa,74,0.03239190689847844,0.03640391511802833,0.018639774471394824,0.036638278332145224,0
Leaf mass per area,Medicago varia_x,142,0.05081746863065328,0.049736813570335076,0.01185673395133824,0.013797582284417048,11
Leaf mass per area,Melampyrum sylvaticum,11,0.006616163679560876,0.0031462392112510994,0.009327546808536695,0.0012199921599636795,4
Leaf mass per area,Melica nitens,50,0.003442999235415914,0.003442999235415914,0,0,0
Leaf mass per area,Melica transsilvanica,11,0.050530832473974455,0.044365572315882874,0.02065263694020572,0.012516082027550855,1
Leaf mass per area,Melica uniflora,170,0.009972626241371577,0.012427161438100506,0.008237144772281858,0.015910186701029942,0
Leaf mass per area,Melittis melissophyllum,176,0.015728437073891148,0.019550303197721518,0.013278400036831924,0.023022564219916223,0
Leaf mass per area,Menodora spinescens,21,590.9379930816348,691.615109903928,713.6423266300114,963.1766271989359,1
Leaf mass per area,Mentha aquatica,22,0.030158336318286436,0.019528119483262992,0.02649194961959653,0.05012181614590509,0
Leaf mass per area,Mentha arvensis,10,0.0025476018012024247,0.002205345003051939,0.0012856766781870863,0.0011671269194555524,2
Leaf mass per area,Mentha longifolia,16,0.033032215780341496,0.04648695304268048,0.025954313848286087,0.05006069550689847,0
Leaf mass per area,Menyanthes trifoliata,12,0.03042912966838207,0.029096903187362466,0.01993089088069126,0.022886694928337597,0
Leaf mass per area,Mercurialis perennis,163,0.014150892161248717,0.014259867257747671,0.012013428285362837,0.021881918683262648,0
Leaf mass per area,Mertensia fusiformis,27,0.015653305995461136,0.004321301474062757,0.017429188085024222,0.03045392211803779,0
Leaf mass per area,Mertensia lanceolata,22,0.09361705401449795,0.009122787066757173,0.13058537825660604,0.1535210585526884,5
Leaf mass per area,Micranthes rhomboidea,17,0.1550782010260669,0.08795900938466687,0.15444016457566537,0.27030385553366976,0
Leaf mass per area,Micranthes stellaris,12,0.6202056101480328,0.8822463619632319,0.566578609264173,0.9701713194298401,0
Leaf mass per area,Milium effusum,19,0.03242050434625991,0.03421583171460515,0.00813484566529839,0.00520844748002126,1
Leaf mass per area,Mimosa quadrivalvis,50,0.005098355779394425,0.005098355779394425,0,0,0
Leaf mass per area,Mimulus ringens,12,0.004036761715595766,0.004354628889971229,0.001096292602163907,6.789818188906193e-4,3
Leaf mass per area,Minuartia glomerata,10,0.09177974293999297,0.08834555979739002,0.01583909299760964,0.022977602446776046,0
Leaf mass per area,Minuartia hirsuta,10,0.12169151759086293,0.09588272534241259,0.08178453399968395,0.10500414307621189,1
Leaf mass per area,Mirabilis albida,51,0.007652661060808549,0.007680368659661838,1.9787183413753776e-4,0,0
Leaf mass per area,Mirabilis decipiens,20,0.00591806363796782,0.00582220501627561,0.0011173174071720283,0.001031061802108795,3
Leaf mass per area,Misopates orontium,103,0.030767704187165294,0.024731182795698897,0.021269303786672834,0.01561113436735835,15
Leaf mass per area,Mitchella repens,25,62.85454359950489,0.004371011452050004,94.07527774114432,175.43454566164039,0
Leaf mass per area,Mitella diphylla,10,0.003258855711667967,0.003189086764801671,4.405232905541844e-4,3.6938488723204385e-4,1
Leaf mass per area,Modiola caroliniana,40,0.0036396200504688727,0.0035990495307290597,5.118246847132679e-4,8.851538163482326e-4,0
Leaf mass per area,Molinia caerulea,38,1.9968308797948247,0.00788982800188035,12.14611358654025,0.04091737645308058,2
Leaf mass per area,Monarda fistulosa,410,0.037449416448200844,0.029621402322622684,0.045023547697722224,0.04052288200395216,29
Leaf mass per area,Monarda punctata,47,0.005115831763440778,0.005105042016873217,0.0011882409869733352,0.0010605634342616835,8
Leaf mass per area,Mononeuria patula,50,0.0041695621965489316,0.0041695621965489316,0,0,0
Leaf mass per area,Muhlenbergia minutissima,10,0.005353131188181295,0.003863823722261902,0.0042600254413745695,0.0013901888417812988,1
Leaf mass per area,Muhlenbergia montana,20,0.014194424477521317,0.014386244850480666,0.004199207098660595,0.006567778568533692,0
Leaf mass per area,Muhlenbergia ramulosa,10,0.057893855273187744,0.017203105031491982,0.07510202967434304,0.09818668930590267,1
Leaf mass per area,Muhlenbergia rigens,22,0.013491100401423034,0.01331525977261567,0.003308857136041701,0.005947138847109453,0
Leaf mass per area,Muhlenbergia wrightii,20,0.006830323045620011,0.006340238224408014,0.0016606036428955873,0.00229298594168513,1
Leaf mass per area,Munroa squarrosa,10,0.005212104880531435,0.0048817004258514905,0.0011400012322897684,0.001063196673010038,1
Leaf mass per area,Musineon divaricatum,13,0.009446933788344304,0.009677419667013538,0.0015269011329604755,0.0011512527450549918,3
Leaf mass per area,Myosotis alpestris,26,1.1945520910715157,1.6866264806568256,1.089095865226336,2.048146103980792,0
Leaf mass per area,Myosotis arvensis,283,0.02473033917411445,0.02454545454545457,0.006264859970265581,0.007824675324675321,20
Leaf mass per area,Myosotis lamottiana,10,0.0028135910001931496,0.0029445835188674496,4.5734566352869017e-4,6.502149018479371e-4,1
Leaf mass per area,Myosotis pyrenaica,10,0.04396143530497116,0.04570471032603979,0.006351638412444277,0.004817779378939145,2
Leaf mass per area,Myrtus communis,63,0.09824434496320966,0.09624639076034648,0.07122143563075109,0.05929238008176821,4
Leaf mass per area,Nama dichotoma,10,0.0033650206878816646,0.003300118868553943,7.400601984890726e-4,7.536576365258841e-4,1
Leaf mass per area,Nardus stricta,151,1.0009200438059633,0.09569377990430622,7.985446225068145,0.06191213150115027,6
Leaf mass per area,Nassella pulchra,207,0.008102601209590497,0.005689955487381493,0.013581598790514736,0.004252620747865404,20
Leaf mass per area,Neatostema apulum,30,0.04194286206018252,0.043141575140941676,0.016326393939386195,0.01546230197196452,4
Leaf mass per area,Nepenthes coccinea,11,0.06000000000614273,0.05999999998799999,0.011636150571099445,0.013500000013424995,1
Leaf mass per area,Nerium oleander,16,0.07831874024366552,0.018148820326678767,0.08397624752694591,0.11366734184887896,2
Leaf mass per area,Noccaea montana,53,0.038246121047353594,0.005796157603307249,0.08376658792036057,0.004893216677145939,10
Leaf mass per area,Noccaea perfoliata,30,0.024743357655067716,0.02462457229131069,0.0037755516086648098,0.004332451379586624,1
Leaf mass per area,Nothoscordum bivalve,50,0.006467050378322447,0.006467050378322447,0,0,0
Leaf mass per area,Nymphoides peltata,10,0.04215115134804236,0.03993007891631249,0.007357620449386004,0.0050215494601338825,2
Leaf mass per area,Nyssa sylvatica,101,0.009282843369218958,0.006922312080203727,0.007643126945339611,0.00521183722820292,12
Leaf mass per area,Oclemena acuminata,14,511.1432010764725,590.2777777777778,244.96669249552298,216.52667984189725,2
Leaf mass per area,Oenothera biennis,12,0.017691490344482638,0.006069719720758655,0.025908580913560453,0.004756788133252183,2
Leaf mass per area,Oenothera coronopifolia,10,0.011757384813675342,0.011686638396826623,0.002134931311705699,0.0023614674945881715,1
Leaf mass per area,Oenothera macrocarpa,52,0.010526236908384131,0.009009673111202354,0.010860740167501005,0,0
Leaf mass per area,Oenothera pubescens,10,0.006064727758250602,0.005562312646444195,0.0015674276472029923,0.002402437221155654,0
Leaf mass per area,Oenothera suffrutescens,10,0.007954948340488448,0.00781504177029502,0.001130702872173103,9.73134938030795e-4,1
Leaf mass per area,Olea europaea,38,0.11380613016703339,0.13742084758480655,0.08205081658291419,0.16350845169283135,0
Leaf mass per area,Olneya tesota,22,46.27352189072467,37.95833036038186,47.86954764886699,91.18900531986655,0
Leaf mass per area,Onobrychis viciifolia,204,0.08597895180264023,0.0817553699325485,0.027200526448144084,0.035061658188493536,14
Leaf mass per area,Onoclea sensibilis,79,0.017583471050575433,0.004512635379061372,0.01680580986476817,0.031057422329168867,1
Leaf mass per area,Ononis spinosa,43,0.040222654687963315,0.04268032437046521,0.0203717556039838,0.016062337735450058,12
Leaf mass per area,Ononis variegata,55,0.13106787628249186,0.027793218454697056,0.41620219966495087,0.042184864537301296,3
Leaf mass per area,Onosma arenaria,10,0.08114431731958541,0.07863333906253836,0.016063035814502857,0.028757349774614374,0
Leaf mass per area,Ophioglossum engelmannii,51,0.00658887386673874,0.006580155476308403,6.226176127034378e-5,0,0
Leaf mass per area,Orchis purpurea,11,0.04189629725558556,0.04551661356395084,0.013482112650566399,0.006199924540767815,2
Leaf mass per area,Oreochloa disticha,31,0.15889005109031273,0.15628756913846747,0.048001002010017745,0.0673458035835697,0
Leaf mass per area,Orlaya grandiflora,11,0.05479629616398747,0.05803830528148578,0.016874591412730455,0.00996622243583678,1
Leaf mass per area,Ornithopus compressus,37,0.024837985858049732,0.02721310583176858,0.01087476671904007,0.006386448047830423,8
Leaf mass per area,Orthilia secunda,14,0.034018490225189754,0.007067499764058405,0.0339545576155685,0.06436454451932888,0
Leaf mass per area,Osmorhiza claytonii,22,298.5331505860778,0.002995253611304252,342.4816372268249,656.2481207247963,0
Leaf mass per area,Osmorhiza occidentalis,47,41.34283803674195,0.005665606999918093,82.1357359077267,0.037595723601541974,10
Leaf mass per area,Osmunda regalis,11,0.006624667870414735,0.004180000000013376,0.00805455877379293,0.002312806294326155,2
Leaf mass per area,Osmundastrum cinnamomeum,14,112.25100035257402,0.026128540802450553,140.3597896796599,239.74063154703046,1
Leaf mass per area,Ostrya virginiana,479,6.67838063820583,0.0022438294689435764,83.70626950797919,4.915206151120378e-4,71
Leaf mass per area,Oxalis acetosella,21,531.9565728823202,0.06205673758865254,581.0951992256523,1111.1093842132211,0
Leaf mass per area,Oxalis alpina,20,0.00236772445448879,0.00233870894313664,2.943943999393358e-4,2.7287346510139173e-4,4
Leaf mass per area,Oxalis corniculata,47,0.0073780444169531485,0.005267898382223349,0.00526422859438956,0.0031600115618724113,10
Leaf mass per area,Oxalis dillenii,101,0.0018849608537436944,0.0017953321364452424,5.587835423192901e-4,5.977487311524781e-4,12
Leaf mass per area,Oxalis violacea,51,0.00315877974972411,0.003162555344718533,2.696314142783504e-5,0,0
Leaf mass per area,Oxydendrum arboreum,14,0.039937158722836714,0.04136113700032875,0.028183209129672582,0.04082421046704522,0
Leaf mass per area,Oxygraphis glacialis,12,0.07365530427837538,0.08254502551102548,0.03327782635712409,0.015044897713118913,3
Leaf mass per area,Oxyria digyna,32,0.042576957437416615,0.04728927103279822,0.01732455031887279,0.014910822950834873,5
Leaf mass per area,Oxytropis lambertii,21,0.009987948963154983,0.009805310806211184,0.0013464452533797576,0.0016852607031071845,1
Leaf mass per area,Packera cana,12,0.3171117250023417,0.3732614400328771,0.1323724320305788,0.038415248766065724,2
Leaf mass per area,Packera multilobata,12,0.007485319150650438,0.007085140698768583,0.0017711564616864361,0.0018442549191062668,2
Leaf mass per area,Palafoxia callosa,50,0.008404447891336379,0.008404447891336379,0,0,0
Leaf mass per area,Pancratium maritimum,119,0.09889583042689318,0.09765652247913666,0.020434551806776197,0.022003775150190544,11
Leaf mass per area,Panicum aciculare,10,0.05705953274174837,0.058521560571944506,0.0072014823274619095,0.008074176546893824,2
Leaf mass per area,Panicum acuminatum,51,0.017252617298614097,0.004715523829686438,0.019567015202052947,0.03544905428069149,0
Leaf mass per area,Panicum anceps,46,0.05052565817598754,0.04963010065604789,0.007030327074671431,0.009744588027981511,4
Leaf mass per area,Panicum clandestinum,30,0.043533813001590586,0.04297378599054577,0.007417901098227984,0.009817893084395339,3
Leaf mass per area,Panicum linearifolium,19,0.006208182828728189,0.006503128469182081,0.0011838379283464655,0.0013073367042289175,3
Leaf mass per area,Panicum oligosanthes,165,0.004931121707562368,0.00519698679807209,0.0011790344839651748,0.002014703352660882,2
Leaf mass per area,Panicum scoparium,10,0.04467224137823939,0.048705460135304725,0.00916303663154469,0.007679885545731506,2
Leaf mass per area,Panicum virgatum,304,0.07308926596201726,0.04499474964875874,0.10711039089317237,0.0628919408461554,37
Leaf mass per area,Papaver rhoeas,11,0.06039496863893534,0.05998800239952009,0.009136401420897751,0.009933462662664164,1
Leaf mass per area,Parkinsonia microphylla,22,11.469615461177476,7.5484865229376865,12.459928332208118,20.853112528832337,0
Leaf mass per area,Parnassia palustris,48,0.8480055765188753,0.0517678563399908,1.0373559707358282,1.8932597663986586,0
Leaf mass per area,Parthenium incanum,21,30.698432161645307,51.12100328974957,30.391499768401122,56.643600285923036,0
Leaf mass per area,Parthenium integrifolium,56,0.01401687488648801,0.007399591317759675,0.019505635017361703,0,0
Leaf mass per area,Parthenocissus quinquefolia,58,0.004402843334884553,0.0026579504627807973,0.005811744843870581,0.001701770031791383,5
Leaf mass per area,Paspalum notatum,30,0.061715250991218225,0.05907172995531348,0.01100027140153946,0.01594736043216944,4
Leaf mass per area,Pastinaca sativa,55,0.23565141147620142,0.06859660718219894,0.40570378605730784,0.02562052406107919,12
Leaf mass per area,Paxistima myrsinites,27,0.06253861345710174,0.016153846149869824,0.0681458823499368,0.12805121169599423,0
Leaf mass per area,Pedicularis asplenifolia,11,0.7022931450444153,0.9270205887462706,0.5440131732592329,1.0362271013798567,0
Leaf mass per area,Pedicularis bracteosa,27,0.034945573552105855,0.009174311926605505,0.038030019604509864,0.07351190477625424,0
Leaf mass per area,Pedicularis canadensis,50,0.006859898538752982,0.006859898538752982,0,0,0
Leaf mass per area,Pedicularis groenlandica,13,0.18537820268586838,0.08633281169235521,0.1552411265948273,0.24257774374116464,0
Leaf mass per area,Pedicularis hirsuta,16,0.04879637093031257,0.06061572464980439,0.03168031898254375,0.06613540633628019,0
Leaf mass per area,Pedicularis lapponica,51,0.04943439601985226,0.055391831979060925,0.02532671944031803,0.0276334850971545,9
Leaf mass per area,Pedicularis parryi,12,0.09290527547498743,0.09856856020250537,0.05234001275612286,0.026918199091484546,3
Leaf mass per area,Pedicularis pyrenaica,12,0.013253278253179738,0.004113199351054598,0.021859738614090695,8.163344665064018e-4,2
Leaf mass per area,Pedicularis sylvatica,10,0.004077641358333843,0.0039220999247383094,9.677458432537257e-4,5.201499194103705e-4,1
Leaf mass per area,Pedicularis verticillata,24,0.05332850725514687,0.05270959324852918,0.011384342991050947,0.017299554118618665,0
Leaf mass per area,Pediomelum esculentum,51,0.007128857020260979,0.007039358688969114,6.391459273948681e-4,0,0
Leaf mass per area,Pediomelum tenuiflorum,71,0.026822114504939057,0.008079122126338465,0.032348845483867524,0.033032232389320126,18
Leaf mass per area,Pellaea atropurpurea,58,0.010365368577466193,0.010407239819192891,3.0855788557911486e-4,0,0
Leaf mass per area,Pennisetum glaucum,17,0.0027747701226195107,0.0029469739846411424,7.655300113895447e-4,8.650529804075107e-4,2
Leaf mass per area,Penstemon albidus,10,0.010507858129081112,0.010515376693965853,0.0013928303818068729,0.0013366860686029741,2
Leaf mass per area,Penstemon barbatus,22,0.009151124781271424,0.008926643045589036,0.001948870336376599,0.002011334477953918,2
Leaf mass per area,Penstemon digitalis,70,0.032190368623192626,0.007472744859438282,0.03992108446331836,0.07117425661936862,1
Leaf mass per area,Penstemon linarioides,10,0.01566221266058792,0.015550314382393599,0.0046873580920323435,0.006858116745223882,0
Leaf mass per area,Penstemon pallidus,50,0.006841808713961568,0.006841808713961568,0,0,0
Leaf mass per area,Penstemon virgatus,21,0.010888101406387246,0.010565077210203947,0.0023151292880998846,0.0036510294667646166,1
Leaf mass per area,Pentanema britannicum,11,0.06999850380184845,0.0784313725490196,0.02307157218692564,0.010069148057739119,1
Leaf mass per area,Pentanema ensifolium,26,0.08562191669735168,0.08173504085081935,0.012808347869747059,0.019976319295134687,2
Leaf mass per area,Pentanema hirtum,16,0.06000765892289518,0.06036109591714998,0.017830102600027313,0.019768977858517105,1
Leaf mass per area,Penthorum sedoides,14,0.003242283511053236,0.0032380264330030433,4.76920900752707e-4,7.614196202200144e-4,0
Leaf mass per area,Persicaria hydropiperoides,12,0.0035524160343092964,0.0032029004872930577,0.0010078122363410117,9.033439654320846e-4,2
Leaf mass per area,Persicaria lapathifolia,10,0.003259606092724552,0.0033157862179587537,3.2782303139149756e-4,3.8827553429261795e-4,1
Leaf mass per area,Persicaria maculosa,133,0.00305598647939086,0.002542613636334382,0.002416138252447103,0.0011022449503409735,16
Leaf mass per area,Persicaria pensylvanica,17,0.0035416048530002,0.0033882294265015107,0.0014679014740339494,0.0017882197020893911,0
Leaf mass per area,Persicaria posumbu,20,0.003094160047950725,0.0030798034536353575,4.8736356350520505e-4,3.8718697673784065e-4,1
Leaf mass per area,Persicaria sagittata,24,0.0027237063357240074,0.002661413678686218,9.17347211890417e-4,0.0014322305907236716,0
Leaf mass per area,Petasites frigidus,14,0.058430373838608995,0.056182161320336474,0.006183866639508109,0.006965716323066327,1
Leaf mass per area,Peucedanum officinale,17,0.15213931531089875,0.1631321370309951,0.08778058187447839,0.13763516005668475,0
Leaf mass per area,Peucedanum palustre,67,0.009495013050093072,0.0056919554736651395,0.013694970415680643,0.0016396519168858205,9
Leaf mass per area,Phagnalon saxatile,23,0.031211185863742025,0.017978723404303135,0.03821162875327569,0.004365117326942423,3
Leaf mass per area,Phalaris arundinacea,74,0.011706010454596232,0.005008013071165504,0.015916515913826333,0.002280816711158968,21
Leaf mass per area,Phegopteris connectilis,21,257.8376016820549,0.06318126015114353,283.68493075972754,499.9853329422118,0
Leaf mass per area,Phemeranthus calycinus,50,0.01292929745282313,0.01292929745282313,0,0,0
Leaf mass per area,Phillyrea angustifolia,68,0.13278623464162684,0.13847452114790243,0.07782946261369886,0.137993853775115,0
Leaf mass per area,Phillyrea latifolia,196,0.03548440678763835,0.013684890777689102,0.054444221237610176,0.011951081611969283,47
Leaf mass per area,Phleum alpinum,44,0.0351119350561647,0.03869691426766349,0.019478246548279916,0.023530601582238176,1
Leaf mass per area,Phleum phleoides,15,0.048622790308800734,0.056689342403628114,0.023523533186727796,0.017494168445185088,3
Leaf mass per area,Phleum pratense,491,0.03385257536055087,0.03769317753486619,0.02185626811479493,0.04323300522591239,0
Leaf mass per area,Phlomis purpurea,35,0.056861161663913036,0.05116019010343862,0.02649827648295466,0.026959996192360877,3
Leaf mass per area,Phlomoides tuberosa,31,0.07627430165974199,0.07158196134574087,0.03751538447303432,0.032474166546825535,5
Leaf mass per area,Phlox hoodii,13,0.00819472438297707,0.007172314864622557,0.0027256178792882026,0.0025691012977203985,2
Leaf mass per area,Phlox pilosa,53,0.005686261093370473,0.005774390136847359,4.4579392566473686e-4,0,0
Leaf mass per area,Phlox sibirica,11,0.26286242198672677,0.27966101693019246,0.07981958895206742,0.02439966386848086,2
Leaf mass per area,Phlox speciosa,12,0.00888567607595793,0.008444311356330766,0.002556331632648957,0.0026500825424708085,2
Leaf mass per area,Photinia melanocarpa,12,0.012171399489512114,0.012798395030495392,0.0017295061748095434,0.0027073041795920363,0
Leaf mass per area,Phragmites australis,54,1.360602812465887,0.012554806716124859,9.72492242183944,0.05827529150239542,3
Leaf mass per area,Phyllodoce caerulea,111,0.10650972033032892,0.11204190286676313,0.04906889416743393,0.054640639969181434,17
Leaf mass per area,Physalis virginiana,56,0.00538154058486634,0.005455159285929709,5.616916215596551e-4,0,0
Leaf mass per area,Physaria montana,10,0.01091589245609274,0.010881798506732323,0.0012819963989051976,0.00177168897572497,0
Leaf mass per area,Physostegia angustifolia,50,0.013081578614528307,0.013081578614528307,0,0,0
Leaf mass per area,Physostegia virginiana,22,0.013784701264910448,0.014694026818366523,0.004223080388402155,0.0051780935932784,2
Leaf mass per area,Phyteuma betonicifolium,15,0.04186942488514724,0.041911148365465216,0.009783911340943427,0.013967776692507525,0
Leaf mass per area,Phyteuma globulariifolium,10,2.1823348567776093,2.226481861508992,0.4903472696012571,0.6054104297471776,1
Leaf mass per area,Phyteuma hemisphaericum,40,0.8019308432109384,0.5299826070163353,0.7845128168057177,1.3967114136066876,1
Leaf mass per area,Phytolacca americana,42,0.002497102226313335,0.0019212376442867677,0.0030500853149878927,5.046480182051209e-4,6
Leaf mass per area,Picea abies,432,11.123494968950475,0.024691358024691357,49.66756297820198,0.028208103748420473,83
Leaf mass per area,Picea engelmannii,17,0.07742838067897446,0.030581039755351678,0.10921761221592965,0.009140477845930903,4
Leaf mass per area,Picea glauca,175,2.4793300594120025,0.04919826599942024,11.177801973319351,0.09281020153591303,13
Leaf mass per area,Picea mariana,672,0.07979602032901353,0.029060701850708217,0.08542091580307207,0.13423257432782643,52
Leaf mass per area,Picea sitchensis,380,0.029632622990446493,0.018770405306514998,0.046674559223856306,0.008777883242329157,35
Leaf mass per area,Picris hieracioides,322,0.02060667744674111,0.0195623610529923,0.018103456060652525,0.03241926188672173,0
Leaf mass per area,Pilosella aurantiaca,28,0.003853145353160731,0.003930839513168239,9.357335511024416e-4,0.0012823566421660791,1
Leaf mass per area,Pilosella caespitosa,15,0.006779245175216116,0.0032388663967611335,0.009829711486359655,4.6555357658587806e-4,3
Leaf mass per area,Pilosella lactucella,17,1.0974332057084897,0.053757660466616494,1.3952734079409357,2.258432858672806,1
Leaf mass per area,Pilosella officinarum,242,0.10770704286499404,0.05143613977575473,0.465198000034196,0.06162944169762229,7
Leaf mass per area,Pilosella piloselloides,12,0.042642823736079034,0.049733321597439734,0.01843889942192923,0.00419950897823175,3
Leaf mass per area,Pilosella portae,20,0.0027415860218729803,0.002682134583433451,2.976441116098827e-4,4.279967290781025e-4,0
Leaf mass per area,Pimpinella major,174,0.6312590945746988,0.049123998982920136,2.58961264116846,0.12725213441862393,37
Leaf mass per area,Pimpinella saxifraga,99,0.025026134018213735,0.006174924923163311,0.030527472137688243,0.04595425262682614,8
Leaf mass per area,Pinguicula vulgaris,23,0.016116727097637697,0.022059764070161476,0.01353679247979007,0.023239614599814093,0
Leaf mass per area,Pinus aristata,24,0.02352116863611117,0.02406024255928982,0.0031285912241692396,0.004213940736968992,1
Leaf mass per area,Pinus banksiana,306,0.08206327000299543,0.02677962568964939,0.0979395602836104,0.12010619313841034,39
Leaf mass per area,Pinus brutia,74,0.01808824213000248,0.01814599614745889,0.0021300951581414516,0.0024293783227330307,9
Leaf mass per area,Pinus canariensis,40,0.015472189160462483,0.013243076923076922,0.005975923048146611,0.012181120598082634,0
Leaf mass per area,Pinus cembroides,40,0.014558808983782538,0.01456926406926013,0.0041626576505938775,0.0035842647058703554,12
Leaf mass per area,Pinus contorta,56,0.046293292988893724,0.03137946949976277,0.03805565547896768,0.04248373522800839,5
Leaf mass per area,Pinus edulis,29,0.06462392764284282,0.024295432458697766,0.11896394260368236,0.01193427796321625,3
Leaf mass per area,Pinus flexilis,46,0.038882929460649175,0.015024287352515403,0.08761404984219061,0.004715533980586325,6
Leaf mass per area,Pinus halepensis,246,0.04397728943866973,0.02205499999995596,0.06007465058911513,0.007572499999784134,51
Leaf mass per area,Pinus heldreichii,12,0.03323100662913141,0.03372921074784429,0.0016755228958203997,0.002028786222287346,2
Leaf mass per area,Pinus monticola,10,0.07394809580837533,0.02,0.08689232235666193,0.1347305389221557,0
Leaf mass per area,Pinus nigra,120,0.025612125946194206,0.022795000000043024,0.027810607465423354,0.004085000000237621,15
Leaf mass per area,Pinus nigra subsp. salzmannii,30,0.19762248489135484,0.19189534783993528,0.05344931938082393,0.05606879832423295,3
Leaf mass per area,Pinus palustris,28,0.032363634605160306,0.0035985839333300923,0.07879983446604852,0.0013420381398204168,6
Leaf mass per area,Pinus pinaster,135,7.267373200523295,0.5212717043750066,32.32758011361151,0.5539485967650787,6
Leaf mass per area,Pinus pinea,28,0.06853967442060743,0.02564102564102564,0.10342297725745575,0.006822500000096699,5
Leaf mass per area,Pinus ponderosa,155,0.057517134009746756,0.030324165327349367,0.06106243430939232,0.06506875407397743,30
Leaf mass per area,Pinus resinosa,22,0.10771652732237517,0.02040816326530612,0.16573556146962504,0.14468190760175037,5
Leaf mass per area,Pinus strobiformis,69,0.013529033477971132,0.011189189189189189,0.005475322253616835,0.007403465147990701,6
Leaf mass per area,Pinus strobus,60,16.898690439785554,0.011884782608692426,39.51246989973205,0.12796619676290213,13
Leaf mass per area,Pinus sylvestris,821,0.041900095632558546,0.022088010907510204,0.06620928632745782,0.011356210641826223,179
Leaf mass per area,Pinus taeda,276,0.09319257572662375,0.020401510237802147,0.11498099710923963,0.2440933468940278,0
Leaf mass per area,Pinus uncinata,59,0.031137062146877708,0.025679999999899335,0.03160506828678718,0.006490000000271112,4
Leaf mass per area,Pinus virginiana,40,0.022567340781188362,0.024145395350679277,0.004173844879217894,0.006333331878981385,0
Leaf mass per area,Pistacia lentiscus,296,0.09417717576169209,0.047098355852182014,0.13958587021939076,0.10593489682568993,48
Leaf mass per area,Pistacia terebinthus,64,0.04672038533154097,0.04979537558840186,0.034218101009816655,0.05627583446461741,1
Leaf mass per area,Pityopsis graminifolia,10,0.07498217521777398,0.07205764611112422,0.0062816194632745286,0.00437155415780166,2
Leaf mass per area,Plantago afra,11,0.08091969568660394,0.07189072609633357,0.022151435948584597,0.018098515318546074,1
Leaf mass per area,Plantago alpina,20,0.028944105303238227,0.016240358809123466,0.0377340901194759,0.0350151408052911,1
Leaf mass per area,Plantago argentea,10,0.07528086091183064,0.07028977029724998,0.027940079478545373,0.04752473243359967,0
Leaf mass per area,Plantago argyrea,20,0.008507022123844543,0.00820701765766715,0.001907774849126911,0.0022181336006808217,1
Leaf mass per area,Plantago atrata,37,1.9925327255479646,0.06575918984678109,11.73231422360429,0.01618458208770779,4
Leaf mass per area,Plantago coronopus,17,0.05425539807180828,0.05447513210219535,0.033131423953387,0.02589557032368303,4
Leaf mass per area,Plantago lagopus,346,0.04217572849753926,0.04067694544817394,0.01793591849237654,0.02322092596027714,31
Leaf mass per area,Plantago lanceolata,471,0.12310511336997729,0.04670799483465626,0.3540219259763578,0.058157429860393545,29
Leaf mass per area,Plantago macrorhiza,58,0.15490037420622463,0.15726148294760678,0.028254257565233497,0.034970791712721216,2
Leaf mass per area,Plantago major,35,0.0273262263284571,0.007462235334703621,0.028076105616193062,0.05336533740013388,0
Leaf mass per area,Plantago maritima,32,0.039288591246540355,0.011471083575744497,0.044218819953240895,0.08135128371132419,0
Leaf mass per area,Plantago media,227,0.7003300325841526,0.056452523427797226,5.8559890134472905,0.026502164139944315,37
Leaf mass per area,Plantago patagonica,15,0.008200938698055216,0.008528863935707377,0.002322047399385843,0.0015022262508193017,2
Leaf mass per area,Plantago schwarzenbergiana,10,0.0647623971389477,0.06956825577501215,0.009850810104085091,0.012697917735028735,1
Leaf mass per area,Plantago virginica,51,0.00563262842017138,0.005623302966593836,6.659705928772437e-5,0,0
Leaf mass per area,Platanus occidentalis,10,0.010146784102249019,0.006923275861980353,0.006189118763096801,0.009986883894528993,0
Leaf mass per area,Poa alpigena,15,0.055347984894625016,0.05373455131649651,0.003982076857366705,0.006076752219618731,0
Leaf mass per area,Poa alpina,632,0.05194094108598364,0.04999788722708639,0.04151155826541734,0.07785250155402913,0
Leaf mass per area,Poa annua,16,0.01832697353017674,0.003697937711537716,0.0247246949028057,0.028936704728062285,2
Leaf mass per area,Poa bulbosa,36,0.032939470010995724,0.03936770036246476,0.027945821019274685,0.04708230350062796,0
Leaf mass per area,Poa compressa,35,0.008463659068097465,0.004477329974829974,0.013468606661348043,0.003687982276024746,7
Leaf mass per area,Poa cusickii,15,0.05307041191082519,0.059084194977843424,0.0414893379494179,0.06501855287061352,0
Leaf mass per area,Poa fendleriana,20,0.016036484009429114,0.013844855844178067,0.009829815548301755,0.004190745268537797,2
Leaf mass per area,Poa laxa,11,0.05674752125800473,0.05915886846491532,0.020567141975939285,0.014360518433314068,2
Leaf mass per area,Poa leptocoma,30,175.6761813082361,181.06011981172438,52.698778132658575,99.21425533285377,0
Leaf mass per area,Poa nemoralis,123,0.020303702840505176,0.006915866483878397,0.021058561876440028,0.02817144207202297,20
Leaf mass per area,Poa pratensis,1073,0.044666870080665395,0.038789759503491075,0.07542294832219656,0.060519289046523886,21
Leaf mass per area,Poa sp,34,69.14141684756828,92.39035087719317,63.061074966788375,107.60110572726124,0
Leaf mass per area,Poa trivialis,285,0.045230687620535746,0.03580379520229144,0.04832585083692379,0.02118527179249686,45
Leaf mass per area,Podophyllum peltatum,15,0.024079226876651608,0.030959752321981428,0.02558247013802884,0.029074016076834745,1
Leaf mass per area,Podospermum canum,11,0.07394544884274581,0.06459948320413436,0.019461282870183512,0.019976029273530045,2
Leaf mass per area,Podospermum laciniatum,11,0.012498476685580403,0.007705408515535098,0.016262090982578577,0.0012313483350664452,2
Leaf mass per area,Podospermum laciniatum subsp. decumbens,11,0.013591014530416204,0.007705408515589009,0.01987697459458615,0.0012313483348322073,2
Leaf mass per area,Polemonium acutiflorum,15,0.036757636288029256,0.037259212340251126,0.005906747639764108,0.005991201060107962,3
Leaf mass per area,Polemonium foliosissimum,27,0.022304733034995496,0.0058705803869559476,0.024443738256343318,0.04413616686370407,0
Leaf mass per area,Polycarpon tetraphyllum,10,0.010268944498377272,0.010006253908692933,0.002669655833914302,0.002250499863397799,2
Leaf mass per area,Polygala amarella,11,0.03850992933539616,0.050159255636646354,0.023284589938053952,0.0357062752877738,0
Leaf mass per area,Polygala comosa,23,0.05342495937087897,0.04440103010389841,0.026341844967738767,0.03851494875349494,0
Leaf mass per area,Polygala major,12,0.06519245039174712,0.06243670639557529,0.008118804777528996,0.013652552969118645,0
Leaf mass per area,Polygala verticillata,51,0.005206508995344906,0.005154639175257732,3.704246077539466e-4,0,0
Leaf mass per area,Polygala vulgaris,27,0.6869329835847618,0.004729553174774717,0.9430517382727175,1.6888603335664225,1
Leaf mass per area,Polygonatum hirtum,10,0.023234452336869018,0.0217855929420563,0.0036234186682137562,0.005764394643999558,0
Leaf mass per area,Polygonatum multiflorum,80,0.013411504079528378,0.00938416937483169,0.011846173222801872,0.02079115013600337,0
Leaf mass per area,Polygonatum pubescens,10,560.6608432846823,557.2755417956656,56.068421422077996,89.49303405572755,0
Leaf mass per area,Polygonum arenarium,10,0.06093855648062338,0.05779410536862319,0.01057746635276521,0.01317005811976811,1
Leaf mass per area,Polygonum aviculare,267,0.027453875209834628,0.027710843373494002,0.00800018969815654,0.008696213389808208,26
Leaf mass per area,Polygonum douglasii,26,0.00882283551661979,0.007918701212758197,0.0027944479444183385,0.0012655343290184345,4
Leaf mass per area,Polygonum maritimum,22,0.09003896809668922,0.0918940596253135,0.017448079473518653,0.02426836164051778,1
Leaf mass per area,Polygonum posumbu,20,0.0030941600479547477,0.003079803453639616,4.8736356349861955e-4,3.871869767043557e-4,1
Leaf mass per area,Polypodium vulgare,83,0.040804714067654686,0.010568203287377512,0.03619944455271847,0.07120437955154706,0
Leaf mass per area,Polytaenia nuttallii,50,0.007884466111202613,0.007884466111202613,0,0,0
Leaf mass per area,Populus alba,15,0.03673399204063445,0.00920052702116623,0.042111751093595995,0.06724227561422146,0
Leaf mass per area,Populus angustifolia,19,0.04019252957840558,0.010420000000027718,0.03556670876546233,0.06766208271008615,0
Leaf mass per area,Populus balsamifera,61,14.70506730289458,0.005747126436781609,43.10864969361968,0.0027938916254057807,10
Leaf mass per area,Populus canadensis_x,28,27.56412765654032,0.081864789502021,34.5461564721405,67.84873285714288,0
Leaf mass per area,Populus deltoides,93,0.010765923263804083,0.008264462809917356,0.014843462894323605,0.00157563025210084,19
Leaf mass per area,Populus fremontii,69,0.014381041694709985,0.009492005666869032,0.02259880198899412,0.002504607694722676,6
Leaf mass per area,Populus grandidentata,44,34.544229642037216,0.0078000000060918,78.65089362704447,0.03460623084379856,11
Leaf mass per area,Populus nigra,19,0.014560890727238294,0.005813953488372093,0.02841587903985898,0.009594157822168338,2
Leaf mass per area,Populus sp,32,0.03394553949701147,0.011737234724030335,0.032346403235613844,0.05967596790943942,1
Leaf mass per area,Populus tremula,60,0.03973222904986615,0.021229032258078796,0.035781399929778836,0.06937201479669827,0
Leaf mass per area,Populus tremuloides,865,1.868540920859291,0.008360000000026752,12.807566738076154,0.06076174630636228,23
Leaf mass per area,Porophyllum gracile,22,568.3089374698677,102.39874733017244,647.7216248309301,1196.5887626205438,0
Leaf mass per area,Portulaca oleracea,33,0.011565839229230334,0.0070747462317763046,0.008902261253574701,0.015117783946590925,2
Leaf mass per area,Potamogeton coloratus,15,0.02101897236171889,0.020986358866736624,0.005529944312719211,0.0074754073603729015,0
Leaf mass per area,Potentilla anserina,26,0.0339563042475753,0.036927580470592816,0.024289622885886382,0.05025795371035242,0
Leaf mass per area,Potentilla argentea,23,0.0300464771301386,0.008668515950069348,0.026462749975962204,0.04694166303085346,1
Leaf mass per area,Potentilla aurea,67,1.9658333291946612,0.0535503909178537,5.713536235235587,1.3948974111860681,8
Leaf mass per area,Potentilla crantzii,81,0.15095605532636996,0.0677323218639935,0.30368821978908156,0.03226400910252082,15
Leaf mass per area,Potentilla crinita,20,0.00950743542571372,0.009613482915008499,0.0018436422593339412,0.0025235131118674196,0
Leaf mass per area,Potentilla diversifolia,35,0.08244523579473105,0.07398571025490937,0.04355998880528232,0.0263854539992327,9
Leaf mass per area,Potentilla erecta,105,1.2938211755665818,0.07342683016374184,2.0022886797479775,1.89477378382825,17
Leaf mass per area,Potentilla gracilis,57,38.92882788439631,0.06818181816632232,55.451492924273225,98.09858309223827,1
Leaf mass per area,Potentilla hippiana,20,0.009418033530159218,0.00929025805103013,0.001479556722998889,0.002442182547722122,0
Leaf mass per area,Potentilla incana,27,0.10249501601723385,0.1004016064257028,0.010398116846904717,0.011983867420636979,2
Leaf mass per area,Potentilla indica,50,0.01416955713340436,0.004154181044777603,0.019012300501544236,8.120447336183792e-4,16
Leaf mass per area,Potentilla micrantha,46,0.022938341203930554,0.0263220893385327,0.02084915460345167,0.02990827554917655,1
Leaf mass per area,Potentilla neumanniana,538,0.03775474212920283,0.041722250724397475,0.031781401098716265,0.06067089534488043,0
Leaf mass per area,Potentilla pensylvanica,10,0.011043706065519797,0.011228438768707988,0.0011143369213951944,0.0014673389073176519,1
Leaf mass per area,Potentilla pusilla,52,0.0696069984474707,0.06861769723085558,0.012202160970589133,0.015456799538307038,3
Leaf mass per area,Potentilla pyrenaica,10,0.0048807760888021036,0.004827579405371422,5.007026510936741e-4,6.496172038583572e-4,0
Leaf mass per area,Potentilla recta,51,0.045993593424672005,0.06346153845177514,0.03893590504093927,0.06920483934213185,0
Leaf mass per area,Potentilla reptans,25,0.026035408590208763,0.006666666666666667,0.026970577134466926,0.04756298433596702,0
Leaf mass per area,Potentilla simplex,85,0.0043465194204518305,0.004764199808535195,0.001036145742528481,8.431117065869041e-4,23
Leaf mass per area,Potentilla subviscosa,20,0.006909710137648857,0.006700530066850206,0.0010724398639511438,8.517986199258658e-4,3
Leaf mass per area,Prenanthes purpurea,81,0.0072537559591071485,0.0016139692372069824,0.006252790760505977,0.011809446235362384,0
Leaf mass per area,Primula acaulis,91,0.026610150012286546,0.03176620076238882,0.023704125862428652,0.03992358244198428,0
Leaf mass per area,Primula angustifolia,12,0.2926545331918846,0.3300619379662931,0.1274444950533738,0.05973626761961415,3
Leaf mass per area,Primula elatior,15,0.028572718325055164,0.03139717425431711,0.017093433030163755,0.025339177210936804,0
Leaf mass per area,Primula glutinosa,47,0.07338083441539521,0.07467682029845243,0.01606763758676826,0.011763664159407758,2
Leaf mass per area,Primula integrifolia,39,0.06266601619182639,0.06261446707261713,0.00962607188097091,0.009529873368148825,4
Leaf mass per area,Primula meadia,50,0.0061286898507326515,0.0061286898507326515,0,0,0
Leaf mass per area,Primula minima,13,2.1507817986674636,2.1920854989804544,0.5241906410897779,0.4419220830483428,3
Leaf mass per area,Primula veris,114,0.05311789596634099,0.04691060535374413,0.03054702058322554,0.030531334045318936,13
Leaf mass per area,Prosopis glandulosa,29,69.40574754514029,0.01953125,211.60805738964254,83.33662388473921,1
Leaf mass per area,Prosopis velutina,40,195.19903581573408,0.00794912559618442,328.15771491886,544.9949935821028,2
Leaf mass per area,Prunella grandiflora,10,0.040558454464243755,0.052757694452014656,0.024828585102077326,0.03834553704140434,0
Leaf mass per area,Prunella vulgaris,166,0.2250081833240214,0.040366336908027864,0.6170033826943396,0.02965103485137892,25
Leaf mass per area,Prunus americana,18,0.01312575093994043,0.0034413930759171316,0.014447563043575157,0.026601444776080074,0
Leaf mass per area,Prunus avium,57,0.04461651729410734,0.053098875044763634,0.02547033411825796,0.054459278201296334,0
Leaf mass per area,Prunus emarginata,22,0.03138179554648716,0.007642944570153288,0.031142137190423087,0.05924928177890515,0
Leaf mass per area,Prunus fasciculata,23,857.1638555125971,0.011176470588301037,979.2529158361763,1687.8079292345271,1
Leaf mass per area,Prunus laurocerasus,76,0.022648198111184643,0.015449949610393747,0.032222227959421514,0.0056692601853973665,6
Leaf mass per area,Prunus lusitanica,67,0.015686205812219377,0.015473138602907043,0.003703888672638201,0.0037768296476988813,8
Leaf mass per area,Prunus mahaleb,15,0.022106741245757493,0.008064516129032258,0.031130147155931365,0.0010218338543146726,6
Leaf mass per area,Prunus padus,10,0.01941236964222597,0.005729886800678067,0.031814595890187286,0.005477670807042756,2
Leaf mass per area,Prunus pensylvanica,12,15.735120938375681,0.01555266209659558,54.4632750190279,0.01221420528029105,1
Leaf mass per area,Prunus persica,83,0.027918481085477422,0.007042253521126761,0.02543134599967965,0.04893301436072919,0
Leaf mass per area,Prunus serotina,110,11.9623933302172,0.005600044800358403,62.05299699827754,0.015798492366467857,21
Leaf mass per area,Prunus spinosa,125,0.6274102076478569,0.03325834498692769,6.669722940993979,0.03790117801031979,6
Leaf mass per area,Prunus tenella,19,0.07204444100023526,0.05614823133071309,0.030986575451221146,0.05302817149417484,0
Leaf mass per area,Prunus umbellata,11,0.004306283000442694,0.00424000000006784,6.00825673420755e-4,7.398716700487999e-4,0
Leaf mass per area,Prunus virginiana,58,29.25604603297871,0.008504970925833145,76.19178644548474,0.07598807005129998,8
Leaf mass per area,Pseudognaphalium macounii,12,0.005714386923777466,0.005936458010062059,0.0015532365750834391,0.0014435005910650028,3
Leaf mass per area,Pseudorchis albida,13,17.022735361819244,17.377727356108768,14.747649881591338,15.304876578167239,1
Leaf mass per area,Pseudotsuga menziesii,202,3.129099084384168,0.01648801266003891,19.463962730991653,0.01551868168559097,36
Leaf mass per area,Pseudoturritis turrita,50,0.03471689532433694,0.02843614004584711,0.030209760415006275,0.05474705336389862,0
Leaf mass per area,Psilurus incurvus,30,0.07587522069532487,0.053777223517504386,0.07720665337525803,0.04029423933597322,5
Leaf mass per area,Pteridium aquilinum,81,0.01396256184614666,0.010623263973821885,0.015705434394913294,0.010983711741770003,12
Leaf mass per area,Ptilostemon strictus,40,0.03283805158277637,0.02736252675810526,0.027707811695035587,0.05272969518568654,0
Leaf mass per area,Puccinellia distans,20,0.18684960772630388,0.18958725686108197,0.04773818083992203,0.04266735794734319,2
Leaf mass per area,Puccinellia maritima,36,0.007004950585983927,0.0068270699557119695,0.0014709846402428499,0.0019860593197330648,2
Leaf mass per area,Pueraria montana,41,0.002846747244047002,0.001742608461298166,0.004527457779783998,6.614345300870535e-4,5
Leaf mass per area,Pulicaria odora,10,0.03720876639409263,0.03458225120752026,0.007436677881966381,0.013109656002159423,0
Leaf mass per area,Pulmonaria dacica,10,0.028881676749212274,0.03083666067514721,0.006840894624623404,0.010098445554258765,0
Leaf mass per area,Pulsatilla alpina,51,3.2696349075997215,1.0327922230547308,11.731490582377518,2.3721731083636417,4
Leaf mass per area,Pulsatilla patens,10,0.06787952796973347,0.06936830413128381,0.01364800015396274,0.016947371706458887,1
Leaf mass per area,Pulsatilla vernalis,11,0.0895793349923484,0.10431545400455057,0.04063265993144849,0.014258285453684821,3
Leaf mass per area,Purshia stansburiana,10,0.17813234161943783,0.1711915105984512,0.019216028282691575,0.0299839732739155,0
Leaf mass per area,Purshia tridentata,20,22.39897418565664,19.267657591124173,23.146933813909072,44.2231146896679,0
Leaf mass per area,Pyrola elliptica,19,0.0041135369405964056,0.004037304695385361,5.250891546106964e-4,8.644488896884807e-4,0
Leaf mass per area,Pyrola minor,35,0.04880927105385123,0.060525360125892755,0.025936510237480483,0.033165338581568365,7
Leaf mass per area,Pyrola rotundifolia,22,0.06192595818242848,0.05973734836830323,0.02043459314456804,0.032064385553112806,1
Leaf mass per area,Pyrrocoma lanceolata,17,0.005002798001242996,0.005105105105135766,0.0010768104261468948,0.0018537626498507194,0
Leaf mass per area,Pyrus bourgaeana,14,0.05337362285843162,0.013506756754394257,0.05397438306082293,0.07716190845810585,3
Leaf mass per area,Pyrus spinosa,52,0.10171729650760762,0.10563908116926063,0.02761424424681171,0.03579159523189525,2
Leaf mass per area,Quercus acutissima,40,0.009256266434304298,0.009123951460016624,0.0012885308160882792,0.001665800468981321,2
Leaf mass per area,Quercus alba,489,0.023671926065578674,0.0072257815887085295,0.027554695898484985,0.04533636133275626,25
Leaf mass per area,Quercus canariensis,21,0.021171763412553654,0.008928571428571428,0.03484171706426072,0.004067619154454631,3
Leaf mass per area,Quercus cerris,26,0.014212065710315087,0.01000844523184891,0.017032377289929214,0.002387411069934703,4
Leaf mass per area,Quercus coccifera,367,0.0335862061601861,0.019762845849802372,0.041499535061429976,0.009007360952710923,59
Leaf mass per area,Quercus coccinea,17,0.048549733955497484,0.013810247203424941,0.04307578678721922,0.07888844413368268,0
Leaf mass per area,Quercus douglasii,474,0.013765015405117265,0.013942688458438317,0.005923200598594378,0.0024910047597615625,46
Leaf mass per area,Quercus ellipsoidalis,87,0.009697808408245407,0.005400751770572104,0.018462064602574896,0.003350510401645004,9
Leaf mass per area,Quercus faginea,96,0.06113187517300999,0.06242575226970614,0.03877639459867658,0.07533071477857436,0
Leaf mass per area,Quercus falcata,66,0.01115729691109304,0.010910539551446894,0.0034904781157074393,0.004043550510327107,5
Leaf mass per area,Quercus gambelii,56,0.007590343468725447,0.006918004034052045,0.0019568532923013118,0.0016315078301123772,7
Leaf mass per area,Quercus ilex,967,0.056683358403311006,0.01559999999989392,0.11406791700875682,0.011138984484146896,172
Leaf mass per area,Quercus macrocarpa,68,0.012145744616472555,0.006446595530914206,0.019961472206608287,0.004816962060967041,10
Leaf mass per area,Quercus marilandica,89,0.03132713505862269,0.010034115994380895,0.03650970726094928,0.06764512468167871,1
Leaf mass per area,Quercus michauxii,48,0.03954942003192796,0.010253418682138766,0.04110882944249196,0.0755995815180438,0
Leaf mass per area,Quercus montana,27,0.014824814513474609,0.01283532280836863,0.005422080740907968,0.009005851964444499,0
Leaf mass per area,Quercus muehlenbergii,11,0.017958519724307828,0.005361125407445531,0.021977211187753063,0.0212867313063291,3
Leaf mass per area,Quercus nigra,48,0.007128111651512548,0.0068871568532503915,9.01583630906062e-4,9.044331207213145e-4,6
Leaf mass per area,Quercus petraea,838,0.2424084937819449,0.005245017704784021,3.3876976814622024,0.0026440853049274054,128
Leaf mass per area,Quercus pubescens,42,0.015752388365915287,0.009398629072150378,0.024410340489668947,0.003313093592554349,10
Leaf mass per area,Quercus pyrenaica,176,1.417250758210701,0.06566368851470955,8.761419793644551,0.22374681228746301,4
Leaf mass per area,Quercus robur,256,0.0738028633346592,0.012561242123611554,0.08256123509729822,0.16386043512422235,1
Leaf mass per area,Quercus rotundifolia,26,0.06948833066460643,0.023391149561460385,0.08656799389728176,0.1167633511147907,4
Leaf mass per area,Quercus rubra,572,0.2526050119391539,0.007173057296871215,3.8642823097821166,0.05122679863668777,18
Leaf mass per area,Quercus stellata,72,0.009372294570581993,0.004674523737308086,0.02016523469443498,8.011162936720894e-4,11
Leaf mass per area,Quercus suber,332,0.5575417542039689,0.18149131004137903,5.4789865249153715,0.18079149941156217,2
Leaf mass per area,Quercus velutina,192,0.02845041109669952,0.008225351460090412,0.032153638469668976,0.05863783697420643,2
Leaf mass per area,RIBES UVA-CRISPA,44,0.005673110959117785,0.006067961165048544,0.001368612166692843,0.001504819540701259,7
Leaf mass per area,Ranunculus acris,334,1.07855571300357,0.048933853952627435,5.32457527906733,0.07562445227066811,75
Leaf mass per area,Ranunculus adoneus,12,0.07658945520598198,0.08346969044455588,0.036022504334831944,0.022142173988270314,3
Leaf mass per area,Ranunculus alpestris,27,1.6155528854198917,1.4499867152942139,0.7584806302837606,0.43939570590616506,4
Leaf mass per area,Ranunculus aquatilis,10,0.029015107841140014,0.026387442458602188,0.014381929737466971,0.023384058652421172,0
Leaf mass per area,Ranunculus bulbosus,39,0.030636978715978147,0.03538157882865391,0.021292083761227758,0.040796563693603745,0
Leaf mass per area,Ranunculus californicus,14,0.007464113593725489,0.006442794834502368,0.0022771486330867845,0.0021044522856176725,3
Leaf mass per area,Ranunculus montanus,43,1.39425711051355,1.7679413293819137,1.3137537446562992,2.1262209479152623,1
Leaf mass per area,Ranunculus nivalis,13,0.02629208729208753,0.027874651055884603,0.006732458079981232,0.002431729345938601,2
Leaf mass per area,Ranunculus peltatus,12,0.022656663206710753,0.025519954840648208,0.010077458743045142,0.004913548510185283,3
Leaf mass per area,Ranunculus polyphyllus,18,0.026926788902263136,0.02803936848408002,0.0062078329782870615,0.009357727734980305,0
Leaf mass per area,Ranunculus pygmaeus,12,0.033692486111398474,0.03459033036126852,0.004063187799941362,0.0023303629981862167,3
Leaf mass per area,Ranunculus repens,176,0.13885764132986578,0.06119332841783107,0.34232820194244074,0.06220691108907196,16
Leaf mass per area,Ranunculus trichophyllus,13,0.01695674244637753,0.02044989775051125,0.00887137954176388,0.012568504262086246,0
Leaf mass per area,Raphanus sativus,218,0.005531937237075052,0.00439260529939863,0.004634787932240786,0.002685272333684109,21
Leaf mass per area,Ratibida pinnata,83,0.0295232554716539,0.005726132883625303,0.043469697751520237,0.0043416637623404225,21
Leaf mass per area,Reseda glauca,10,0.009630782150639904,0.0076079642096782705,0.0030782262895700267,0.005038436371632195,0
Leaf mass per area,Reseda lutea,11,0.060096598915693536,0.059808612440191394,0.006076327014274553,0.005524843567382351,2
Leaf mass per area,Reseda phyteuma,17,0.02891024634358655,0.003169526024966717,0.03273258350167939,0.05665262469460564,1
Leaf mass per area,Rhamnus alaternus,22,0.061938379804511196,0.017195909090857137,0.061522523218197636,0.1093080925439698,1
Leaf mass per area,Rhamnus cathartica,51,0.01351932018132391,0.00599999999988,0.022468475617167583,0.0017552944811403187,13
Leaf mass per area,Rhamnus lycioides,65,0.05209237816979613,0.04639175257731949,0.04063149693038902,0.057271503068337046,2
Leaf mass per area,Rhinanthus glacialis,13,1.4908730588245238,1.5305195571021075,1.233093603655113,1.491021463722121,1
Leaf mass per area,Rhinanthus minor,14,0.016498801466755142,0.006658275844483243,0.021160301495391935,8.444182226618989e-4,5
Leaf mass per area,Rhinanthus serotinus,20,0.03445257028675262,0.03139404121935065,0.0312677492316446,0.059763524970142846,0
Leaf mass per area,Rhodiola rosea,28,0.04090319651200982,0.0459760984675173,0.02205689548068428,0.022590019373209633,6
Leaf mass per area,Rhododendron ferrugineum,50,0.24587108063522078,0.1562686942529746,0.2558289077660428,0.0642519488314198,10
Leaf mass per area,Rhododendron lapponicum,33,0.0916578763233958,0.0958702643087774,0.05806461573520092,0.1291783995547779,0
Leaf mass per area,Rhododendron maximum,11,0.06575011626413549,0.02044989775051125,0.08931769141701118,0.10319442227837228,3
Leaf mass per area,Rhododendron ponticum,67,0.016519529472931758,0.01560621661104412,0.00524248295841062,0.01007360994263137,0
Leaf mass per area,Rhus glabra,26,0.008165529751674769,0.008242105047036666,0.003206071798006432,0.004926355381756296,1
Leaf mass per area,Ribes montigenum,34,0.022453437600508365,0.005284552846108467,0.02206158463993829,0.0436970140989538,0
Leaf mass per area,Ribes nigrum,27,0.009181570639285905,0.006508382797042591,0.010966811499615715,0.0010138195723272212,4
Leaf mass per area,Robinia neomexicana,26,0.004530129659041048,0.0043048423473867874,9.861665331911383e-4,6.712760576410067e-4,8
Leaf mass per area,Robinia pseudoacacia,68,0.00887619739699394,0.0049678257776983184,0.009696256926575048,0.011325697093569408,9
Leaf mass per area,Rosa acicularis,18,0.0294618125293255,0.025333991728557284,0.0252372526693673,0.046460435372896444,0
Leaf mass per area,Rosa arkansana,11,0.006875241606199577,0.006865208138185787,0.002221292010741617,0.0019795126401279187,3
Leaf mass per area,Rosa arvensis,132,0.015231007512751395,0.004935925072276743,0.018113200194716635,0.023410206885933267,18
Leaf mass per area,Rosa canina,38,2.538640694968809,0.009376583340023649,15.437956378614393,0.06817290691695743,1
Leaf mass per area,Rosa gallica,10,0.059994250083351255,0.05892753961375202,0.0055856143545994705,0.00862818784518262,0
Leaf mass per area,Rosa micrantha,10,0.038523706896551727,0.008620689655172414,0.03937062630239612,0.07637392241379311,0
Leaf mass per area,Rosa pendulina,16,0.011641394219968926,0.006705670401979473,0.00875952024344889,0.010959167102432539,3
Leaf mass per area,Rosa rubiginosa,10,0.06589571194712592,0.0650645629265761,0.00796307471701005,0.006790269135282592,1
Leaf mass per area,Rosa sp,31,0.02988582415282677,0.009118562874471435,0.02999170357136112,0.043428100972152585,4
Leaf mass per area,Rosa woodsii,24,0.006476400128880739,0.0065964541062868125,8.840004199325137e-4,0.0012564426136080211,0
Leaf mass per area,Rose SJ,31,0.04702875175916764,0.04559960758903426,0.012064114529098441,0.010531034183389153,3
Leaf mass per area,Rose SS,30,0.04800873294278363,0.047169036522396526,0.011892681338475342,0.016085915575042666,1
Leaf mass per area,Rubia peregrina,31,0.036050304070937504,0.008067118425298484,0.033851374039307984,0.061383686840835235,1
Leaf mass per area,Rubus allegheniensis,65,0.02117185993187045,0.0054023683983058166,0.026988779188523365,0.04411208673536002,4
Leaf mass per area,Rubus caesius,31,0.020928534766561133,0.006296878348596276,0.02891553230399233,0.03380303291587438,6
Leaf mass per area,Rubus chamaemorus,22,0.0485097544292161,0.0623864904088019,0.029809381124580037,0.06148731784586717,0
Leaf mass per area,Rubus cuneifolius,24,0.08620153744753259,0.08405991102708182,0.00914761705406423,0.006998716614808151,4
Leaf mass per area,Rubus flagellaris,39,0.03738323450944345,0.05302435192250493,0.03619989877014143,0.06453856827698516,0
Leaf mass per area,Rubus fruticosus,87,0.024028435230997253,0.007292707292772861,0.0267662533345393,0.03569305909420696,14
Leaf mass per area,Rubus hirtus,40,0.03947931800019828,0.03356327696144666,0.0335261332036879,0.0609075432043926,0
Leaf mass per area,Rubus idaeus,76,33.67475164867053,0.03114658026328604,107.0960732861909,0.05263845034393774,7
Leaf mass per area,Rubus occidentalis,26,0.004020357127797133,0.003762878762253173,0.0013581380878493184,0.0023787078612973723,0
Leaf mass per area,Rubus plicatus,10,0.01832972009696821,0.006931767961109083,0.027245157155847324,0.0033902720903515905,2
Leaf mass per area,Rubus saxatilis,20,0.02667118131715035,0.03468983789593753,0.018013537573538636,0.036913021202736235,0
Leaf mass per area,Rubus serus_x,10,0.06140937229710497,0.0583368401047959,0.02085815596303533,0.011411076671846168,3
Leaf mass per area,Rubus sp,72,0.03403288403071352,0.006944444444444444,0.03513064080301438,0.0635147971851482,1
Leaf mass per area,Rubus ulmifolius,139,0.024219287245619135,0.009708737864077669,0.022911697626457186,0.036595968823497506,6
Leaf mass per area,Rubus ursinus,34,0.009328248347983998,0.008831381690053385,0.004943053304879594,0.0017275103567666646,6
Leaf mass per area,Rudbeckia hirta,38,0.032608528911001446,0.040690604639543194,0.032047992172977206,0.043853296400147165,1
Leaf mass per area,Rudbeckia laciniata,19,0.003660907618201749,0.0033446326171917462,9.849047383347158e-4,0.0017943865767567442,0
Leaf mass per area,Rudbeckia missouriensis,50,0.008965437555952006,0.008965437555952006,0,0,0
Leaf mass per area,Rudbeckia triloba,10,0.005786919752426261,0.004088028950411328,0.00701348894407481,5.661852030778903e-4,3
Leaf mass per area,Ruellia humilis,66,0.006094984772730282,0.006134747932262352,4.905401977790664e-4,0,0
Leaf mass per area,Rumex acetosa,284,0.07210591617491909,0.03355372476059045,0.12409911373681598,0.025611141020027768,47
Leaf mass per area,Rumex acetosella,127,0.009811089658074732,0.005232075472663579,0.016314704886547085,0.0019605964456161553,13
Leaf mass per area,Rumex alpestris,67,2.508422986374444,1.9893168354566855,4.4813002041545715,1.0907774878687826,18
Leaf mass per area,Rumex alpinus,34,1.6320758908096662,1.3582458033783653,0.7319665611908014,0.9165486765117341,2
Leaf mass per area,Rumex crispus,16,0.007473912917966359,0.005731853581525279,0.0071149872442992,0.0014339674167881704,4
Leaf mass per area,Rumex densiflorus,18,0.034602972245170664,0.03216244066781352,0.029342224405819625,0.055304789264414164,0
Leaf mass per area,Rumex lapponicus,15,0.0421250413863251,0.042968246465861726,0.007779770510460528,0.01300889342856363,0
Leaf mass per area,Rumex obtusifolius,14,0.01602750667862818,0.018071643559822388,0.011596522357869093,0.023345914715127772,0
Leaf mass per area,Ruscus aculeatus,46,0.065842427014282,0.06452970005773712,0.03906070760896677,0.06165692133142544,0
Leaf mass per area,Sabatia angularis,51,0.003886845402340434,0.0038709677424349637,1.1338917182766022e-4,0,0
Leaf mass per area,Sabatia campestris,50,0.004490681835864184,0.004490681835864184,0,0,0
Leaf mass per area,Sabulina glaucina,10,0.11568460781377486,0.11560832700717441,0.02341153599430461,0.023568341917167904,1
Leaf mass per area,Sabulina michauxii,50,0.009934827531394054,0.009934827531394054,0,0,0
Leaf mass per area,Sagittaria latifolia,11,0.0031627081773615,0.002384471179135305,0.001850951057798706,0.001539319970681631,2
Leaf mass per area,Salix alba,58,0.04027222051666342,0.04464284661742242,0.03355204543351576,0.06380901866655429,0
Leaf mass per area,Salix arctica,11,0.07295328815189824,0.06939090208707717,0.039723054768259485,0.044130022624341375,0
Leaf mass per area,Salix aurita,12,0.059554828679961626,0.07813639679066375,0.03782068411798586,0.0777941837898714,0
Leaf mass per area,Salix babylonica,40,0.006474315860265054,0.0066790896043331174,8.001979350123654e-4,0.0011265118191112504,2
Leaf mass per area,Salix caprea,59,0.009628819099986998,0.007412322581653309,0.011535304874051324,0.0022605745048685337,6
Leaf mass per area,Salix cinerea,19,0.031089964507476434,0.01001999999995952,0.039958969194786684,0.036937105532578396,5
Leaf mass per area,Salix dasyclados,154,0.005977022755636797,0.005795427675069733,0.0014886424241897201,0.0018440776944149981,13
Leaf mass per area,Salix exigua,11,0.007792355469464845,0.007788617453799145,0.0011552075210880346,0.0017477433703459722,0
Leaf mass per area,Salix glauca,31,0.07263712107421402,0.08475777648022287,0.036330159852920645,0.03036771247699191,7
Leaf mass per area,Salix hastata,12,0.016521044156126284,0.008147135946655748,0.01998751421267343,8.98305006358343e-4,3
Leaf mass per area,Salix herbacea,212,0.06491831520279581,0.06727245074447999,0.02151693172631977,0.017629158506953305,32
Leaf mass per area,Salix herbaceae-polaris,15,0.061532485678063326,0.06174745291756715,0.007627265078999011,0.009594620062513735,1
Leaf mass per area,Salix lanata,14,0.04847787897817923,0.05245210353602886,0.02290537191036594,0.009218376618479351,5
Leaf mass per area,Salix lapponum,34,0.053756704495106986,0.0626410144068284,0.033760644794384995,0.07402445158367717,0
Leaf mass per area,Salix lucida,10,0.007256605228563726,0.007679453193317452,0.0027489370573557776,0.004538213677532528,0
Leaf mass per area,Salix myrsinifolia,549,0.008362215381147457,0.0070652173912275525,0.010100040641728899,0.0014528644399006401,53
Leaf mass per area,Salix myrsinites,11,0.010707367612693683,0.010406866461222675,0.001386351656161744,0.001464837561992352,2
Leaf mass per area,Salix polaris,27,0.04942210641919562,0.06776450100587118,0.03186404900751134,0.06633510427743447,0
Leaf mass per area,Salix repens,39,0.03998993866413422,0.010148627701240887,0.04388336873225541,0.0845531951304206,0
Leaf mass per area,Salix reticulata,81,0.08381261365229448,0.08946702816499345,0.041553278211636686,0.037590125248733425,19
Leaf mass per area,Salix retusa,21,0.08508081664877021,0.08315065384136347,0.013500161261308706,0.013415838420473739,2
Leaf mass per area,Salix rosmarinifolia,23,0.0767060423958433,0.08503401360544217,0.02682475767136508,0.009042898119817094,4
Leaf mass per area,Salix shortmorph,18,0.005360200176788947,0.00559085133398152,6.175628348140804e-4,9.507167519080288e-4,2
Leaf mass per area,Salix sp,70,0.03014896139554806,0.010052488259407182,0.03282881965967246,0.05364616193919672,4
Leaf mass per area,Salix tallmorph,18,0.0059001776221007515,0.005905511811139873,4.1240541778654583e-4,4.4653002586473103e-4,2
Leaf mass per area,Salix vestita,10,0.13113396165570554,0.1366883439140686,0.01898064484829901,0.025028479487735206,0
Leaf mass per area,Salix viminalis,31,0.006723165074338874,0.006750000000000006,0.0010036649215292772,0.0013049999997217926,2
Leaf mass per area,Salvia aethiopis,10,0.08464098846917054,0.06985871118364033,0.044185873870503226,0.02706519620280623,2
Leaf mass per area,Salvia dorrii,24,413.0612215268903,0.00983050847757541,477.7981247932471,868.5833342880671,0
Leaf mass per area,Salvia nemorosa,10,0.08988602703165424,0.09138928411588279,0.008438772783837128,0.010556925812592738,1
Leaf mass per area,Salvia officinalis,29,0.02989428592595824,0.019171270718232044,0.038309062922760734,0.008152164723072817,5
Leaf mass per area,Salvia pratensis,10,0.050963342633868924,0.05566522984030352,0.017238263713703753,0.012811189019012376,1
Leaf mass per area,Salvia rosmarinus,334,0.03612631370874461,0.021751510879452075,0.045402933913796996,0.006237447777196748,67
Leaf mass per area,Sambucus nigra,90,0.008458478519642097,0.005290259994770828,0.012984173564698833,0.0014603423880695295,15
Leaf mass per area,Sambucus racemosa,43,59.51004969106135,0.0055265901980135505,141.29713496251898,0.04730936925471253,7
Leaf mass per area,Sanguinaria canadensis,22,0.01391768872982098,0.004096422363670316,0.012251791221396925,0.022347087763169442,0
Leaf mass per area,Sanguisorba minor,579,0.03377210054858459,0.043452326872103944,0.029004507820507806,0.05198588336697932,6
Leaf mass per area,Sanguisorba officinalis,57,0.28291329476923754,0.08989319389732023,0.3883122912364499,0.32448882663354706,10
Leaf mass per area,Sanicula europaea,280,0.018843094211909557,0.015209703574343111,0.015904745748204604,0.03026173599721164,0
Leaf mass per area,Sarracenia alata,10,0.09305900000634498,0.0825000000085,0.03219942043703651,0.04972999998512587,0
Leaf mass per area,Sarracenia flava,18,0.1311977777831071,0.126000000000248,0.03700324509274945,0.050750000013652014,1
Leaf mass per area,Sarracenia leucophylla,13,0.12176923077054154,0.118999999993455,0.028815949998821578,0.024999999987455016,2
Leaf mass per area,Sarracenia purpurea,14,0.0649581735863367,0.06350000000598499,0.04345419622786143,0.06148280248932942,0
Leaf mass per area,Sassafras albidum,467,0.01314540814225293,0.003887586059868818,0.015050067856068505,0.026029077501556367,10
Leaf mass per area,Satureja montana,16,0.09411033837857066,0.12604319830401806,0.052010829671271,0.08366921216937095,0
Leaf mass per area,Saussurea alpina,65,0.04987980872690966,0.05445583052570961,0.018727444944274536,0.022552829704216834,7
Leaf mass per area,Saxifraga aizoides,32,0.8673897925436173,0.43625109006817053,0.943500328957311,1.5251278876480987,1
Leaf mass per area,Saxifraga androsacea,13,2.7202124668563146,2.212083501259044,1.38518101442911,1.3733048408595419,1
Leaf mass per area,Saxifraga bryoides,10,0.10915035990558886,0.11216817589698173,0.013993081179508276,0.015362928362563574,1
Leaf mass per area,Saxifraga exarata,10,1.8415957630100723,1.8046087218426976,0.4388056583148612,0.840683404113312,0
Leaf mass per area,Saxifraga hirsuta,13,0.006352574801282634,0.007050197405527355,0.002707316011813394,0.004950510788762462,0
Leaf mass per area,Saxifraga oppositifolia,27,0.1698514833599209,0.09878044770242557,0.24525148199296198,0.07397395273628543,4
Leaf mass per area,Saxifraga paniculata,17,0.3712101238490234,0.2718073139642367,0.2811842097268127,0.5185536982592054,0
Leaf mass per area,Saxifraga rotundifolia,247,0.11610907606902779,0.03797820390009247,0.5016202942369998,0.0441702440737227,17
Leaf mass per area,Scabiosa columbaria,380,0.0843015380819755,0.03761673996768729,0.319672203199552,0.04593460334893427,13
Leaf mass per area,Scabiosa ochroleuca,20,0.055607121308743825,0.05355024430752346,0.011302668888342218,0.012303213472847956,2
Leaf mass per area,Schizachyrium scoparium,133,0.016749415407027627,0.006168930289320333,0.025610320448417257,0.0014249500937654593,30
Leaf mass per area,Schoenoplectus lacustris,10,0.26462683901468503,0.2587326451647454,0.032532839616372586,0.02379485262941594,2
Leaf mass per area,Schoenoplectus tabernaemontani,21,0.08441228251268276,0.019830555814149692,0.07531377574440974,0.12948662324878488,0
Leaf mass per area,Schoenus nigricans,11,0.10808727126129007,0.11001100110011001,0.030988250049768296,0.019966737627409303,2
Leaf mass per area,Scilla bifolia,18,0.03766786805316053,0.03897242651520668,0.012016430104028968,0.010417443417332514,2
Leaf mass per area,Scilla kladnii,16,0.028918266446313075,0.02846500371758051,0.0046215077632581845,0.00661156404429445,0
Leaf mass per area,Scilla vindobonensis,14,0.03583277333571035,0.03544849381599077,0.004181903124468032,0.004304731091599616,1
Leaf mass per area,Scirpoides holoschoenus,10,0.0722681445463004,0.07354229438980445,0.006608326494056022,0.006042451742057614,2
Leaf mass per area,Scirpus atrovirens,19,0.006819153378447971,0.006415247575678743,0.0012321969415016731,0.0014674442527412394,2
Leaf mass per area,Scirpus cyperinus,10,0.004931220152904461,0.004589377601716559,0.0010963873284098426,0.001259639994572544,1
Leaf mass per area,Scleria oligantha,51,0.006386381386108366,0.006395925735952008,6.81602913053474e-5,0,0
Leaf mass per area,Scleria pauciflora,58,0.013508355347851246,0.007034822370735138,0.01720132944806255,0,0
Leaf mass per area,Sclerochloa dura,10,0.04153300643715297,0.04099204099204099,0.005110307385403056,0.007222823851765765,0
Leaf mass per area,Scopolia carniolica,15,0.021668037566988773,0.02162629757785467,0.0032455197240751415,0.004278628696499941,1
Leaf mass per area,Scorzoneroides autumnalis,131,0.8119271810563636,0.04095656954798337,4.316614188110635,0.035865879716985315,25
Leaf mass per area,Scorzoneroides helvetica,73,0.04471038121188826,0.04667226733874732,0.01457137717726437,0.022699708566492963,0
Leaf mass per area,Scutellaria altissima,10,0.0290027805751172,0.030361603195756665,0.003981900674780684,0.006055292929564492,0
Leaf mass per area,Scutellaria bushii,50,0.0062069760506733955,0.0062069760506733955,0,0,0
Leaf mass per area,Scutellaria mexicana,22,352.4558636242417,229.751562103756,377.3977850997206,687.629955243783,0
Leaf mass per area,Scutellaria parvula,65,0.004100614351099985,0.003978559982669265,8.784705337505939e-4,0,0
Leaf mass per area,Secale sylvestre,10,0.07729167903588732,0.07608962425791632,0.015710396788769104,0.023275678956818563,0
Leaf mass per area,Securigera varia,37,0.0490481424801302,0.035787321067053915,0.02255381800989061,0.03820549482649936,0
Leaf mass per area,Sedum candollei,82,0.03771974732481208,0.025373829779765676,0.03711744036216388,0.05732963877885972,1
Leaf mass per area,Sedum rosei,18,0.005908594795027877,0.00625,0.001007026706406376,0.0015711252660968716,0
Leaf mass per area,Sedum urvillei,10,0.08232354149651165,0.06750968329915698,0.04404006586753952,0.016645085075468552,2
Leaf mass per area,Sempervivum montanum,10,1.4271005234598273,1.3352599309438595,0.36971418938091793,0.4567874870123336,1
Leaf mass per area,Senecio actinella,21,0.007880446660127584,0.008135979685662199,9.122129159052079e-4,0.0012403882968756268,1
Leaf mass per area,Senecio crassulus,27,177.14254389809554,174.9520766773162,30.57419020553743,47.32557185725531,0
Leaf mass per area,Senecio eremophilus,22,0.004063689579325354,0.003985138799385375,6.621383343667632e-4,0.001078594471500092,0
Leaf mass per area,Senecio integerrimus,27,0.02714835019945038,0.006939799331208124,0.029412176996444113,0.05819725594789692,0
Leaf mass per area,Senecio leucanthemifolius,10,0.05754917919194232,0.05699918846410496,0.0035178810196198054,0.004668078234578696,0
Leaf mass per area,Senecio vulgaris,36,0.02607402735187894,0.02629594606929618,0.02168038467421452,0.02967954105640331,3
Leaf mass per area,Senegalia greggii,23,34.916153075401304,0.015295153307459172,37.380149196790676,73.18623692633686,0
Leaf mass per area,Senna hebecarpa,31,0.04662438871502558,0.06820110309773611,0.03311261881489091,0.06795157277584842,0
Leaf mass per area,Sequoia sempervirens,44,0.026490814450241956,0.022653027821882214,0.0199285800229533,0.01578203054099341,2
Leaf mass per area,Serratula tinctoria,10,0.054941130867137505,0.05448176300136352,0.004525695910092806,0.005730100334070273,0
Leaf mass per area,Seseli annuum,10,0.1097784867930753,0.10947068198976595,0.00802932264453095,0.011869934026422155,0
Leaf mass per area,Seseli osseum,15,0.08080811744206041,0.07656967840735068,0.015474803425814686,0.011748640096334792,2
Leaf mass per area,Sesleria albicans,15,0.05112160249011157,0.05518867994477351,0.033076700024073646,0.0709367689081436,0
Leaf mass per area,Sesleria argentea,10,0.004573242703766645,0.004475117538496902,6.056195991253331e-4,6.510509467819474e-4,1
Leaf mass per area,Sesleria caerulea,69,0.9231389162816355,0.005931034481449702,7.522052528560006,0.003374859082294775,12
Leaf mass per area,Sesleria heufleriana,30,0.06945537257041798,0.06726047671258653,0.01715194410005214,0.022857047417731736,2
Leaf mass per area,Sesleria nitida,222,0.03945649212223256,0.046373221897714464,0.02845695201995092,0.05419905697547165,1
Leaf mass per area,Sesuvium maritimum,40,0.006262986066052442,0.006347737985714263,0.0010112639645885814,0.0015451361230015108,2
Leaf mass per area,Setaria helvola,11,0.0358178713907258,0.03802848408023257,0.010912146152698445,4.6250185559408574e-4,3
Leaf mass per area,Sibbaldia procumbens,130,0.051485018770304626,0.06051165428982472,0.02952101212380737,0.03245749524721536,33
Leaf mass per area,Sidalcea malviflora,102,0.008346000044362806,0.006112897926898425,0.01308621439077952,0.002562786998111616,8
Leaf mass per area,Sideroxylon lanuginosum,36,0.017559486359557813,0.005304842836142626,0.019585149215655413,0.03352202925073515,2
Leaf mass per area,Silene acaulis,48,0.8578569369759418,0.2897222222074569,1.0874461244928826,1.429933239977601,3
Leaf mass per area,Silene borysthenica,10,0.1013175055613974,0.1006036217303823,0.00783720699252207,0.003150701921946414,3
Leaf mass per area,Silene colorata,48,0.06571871127327258,0.06972993111307549,0.02809537629016507,0.045753521198363074,0
Leaf mass per area,Silene conica,11,0.10632586015097047,0.10362694300518134,0.01869552046589893,0.013339983804425512,3
Leaf mass per area,Silene dioica,71,0.5404203799952236,0.020837878371358396,1.0893047050804336,0.02549601038437479,14
Leaf mass per area,Silene gallica,285,0.02611968507086886,0.026190476190476177,0.00973209921775815,0.010357559269335431,34
Leaf mass per area,Silene latifolia,30,0.05202506767215282,0.04563505437925924,0.0274768138918248,0.02165277704164608,4
Leaf mass per area,Silene multiflora,10,0.07199976328837444,0.07155745897543031,0.00572361991814222,0.008216198091063873,0
Leaf mass per area,Silene nivea,14,0.0045304242321290555,0.004830988885805439,6.855617775034554e-4,6.00268601676974e-4,3
Leaf mass per area,Silene nutans,21,1.8305465056678976,1.8482295444168695,2.0446329598034665,2.3027309010449137,1
Leaf mass per area,Silene stellata,21,0.005965241594225913,0.005772230889235577,0.001224498492572101,0.0016009940215794723,1
Leaf mass per area,Silene viridiflora,14,0.10431318690583964,0.03800074948526978,0.13423861198638282,0.0070124487740689245,3
Leaf mass per area,Silene vulgaris,86,0.5850162956176486,0.005148191315313744,1.4789560861156497,0.04921822108733295,18
Leaf mass per area,Silphium integrifolium,57,0.013652268054062647,0.009633246534795747,0.017204828400244152,0,0
Leaf mass per area,Silphium laciniatum,52,0.015347874405342155,0.015194953831685709,0.0015130366184398162,0,0
Leaf mass per area,Silphium perfoliatum,20,0.08291410275619672,0.08058116444718477,0.008640568400185159,0.015931073488894304,0
Leaf mass per area,Silphium terebinthinaceum,57,0.01711492694664745,0.013977409611904726,0.013913303749369567,0,0
Leaf mass per area,Simmondsia chinensis,82,3.610514796286768,0.0314814814816564,9.180804078199765,0.01283414997223184,11
Leaf mass per area,Sisymbrium cavanillesianum,11,0.050177698191626374,0.04975867044832562,0.01970325290820731,0.016231097337156455,2
Leaf mass per area,Sisymbrium officinale,10,0.02558991173416993,0.025885276351196987,0.010266818794891176,0.006417580163302156,2
Leaf mass per area,Sisymbrium polymorphum,10,0.05527667418492534,0.051279746983126956,0.010710462599625466,0.009909314511039831,2
Leaf mass per area,Sisymbrium strictissimum,10,0.046093903971748715,0.043956256279465186,0.004433554769758509,0.006004488170408738,1
Leaf mass per area,Sisyrinchium bellum,33,0.008810655167057393,0.005925050640578318,0.013934525963921305,0.0030224874948615458,1
Leaf mass per area,Sisyrinchium campestre,54,0.006883312561132512,0.006721465985715216,6.09641528758297e-4,0,0
Leaf mass per area,Sixalix atropurpurea,41,0.11013232087453867,0.10704874835309619,0.06612798066641948,0.03566956799719036,8
Leaf mass per area,Smilax aspera,20,0.08111948781135266,0.09039163748654347,0.0465791136227681,0.0644930618740869,0
Leaf mass per area,Solanum carolinense,21,0.06640323673810893,0.06986301369958717,0.018000390468979104,0.01080432832651837,4
Leaf mass per area,Solanum dulcamara,64,0.007057677253083319,0.0026952490233484077,0.010862265443295868,0.001988820127335587,9
Leaf mass per area,Solanum sisymbriifolium,40,0.004524431245529368,0.004677371300170806,9.037494471418177e-4,0.0010628775734526,4
Leaf mass per area,Soldanella pusilla,17,0.576782553214968,0.09621518107532845,0.8808805063719359,0.7460715867218896,3
Leaf mass per area,Solidago canadensis,1379,0.039208795845579854,0.044762757385854966,0.039495014918999545,0.058544767493445435,16
Leaf mass per area,Solidago gattingeri,50,0.008415747903968988,0.008415747903968988,0,0,0
Leaf mass per area,Solidago gigantea,79,0.010014257810047953,0.006064092029635748,0.01565766901163868,0.002484693822757009,14
Leaf mass per area,Solidago juncea,56,0.043186115567764735,0.06187105100792593,0.0336092205511359,0.0660613429401011,0
Leaf mass per area,Solidago missouriensis,13,0.008625048086359909,0.006844783409313897,0.0035576511463805984,0.0051720166021575744,0
Leaf mass per area,Solidago nana,20,0.008515702309532346,0.00853904595027721,0.0014712049886785503,0.0025518391423486686,0
Leaf mass per area,Solidago nemoralis,68,0.011081764649360426,0.009496817082399727,0.013703592410943499,0,0
Leaf mass per area,Solidago ptarmicoides,50,0.012935016938632984,0.012935016938632984,0,0,0
Leaf mass per area,Solidago radula,50,0.008768216723213087,0.008768216723213087,0,0,0
Leaf mass per area,Solidago rigida,113,0.030359818378368025,0.007623755341700442,0.04477907708677548,0.004004151635043744,26
Leaf mass per area,Solidago rugosa,462,0.04257942535960374,0.04802042845521107,0.02606545606149354,0.05643077635034893,0
Leaf mass per area,Solidago spathulata,30,0.06978548516438215,0.06648233982518276,0.03378211808519929,0.02437391762663968,5
Leaf mass per area,Solidago velutina,23,0.012805717547135453,0.008124754291790064,0.021050234666094535,9.665284754670498e-4,7
Leaf mass per area,Solidago virgaurea,261,0.027849147297107645,0.030154723798506894,0.023546462943783195,0.03575570671009762,11
Leaf mass per area,Sonchus arvensis,12,0.020391071778238606,0.022130793331397933,0.007641731846482532,0.00430120098256568,2
Leaf mass per area,Sonchus asper,404,0.003654364957046684,0.002803373451192845,0.004966391060343362,0.0014854616354144155,24
Leaf mass per area,Sonchus bulbosus subsp. bulbosus,20,0.02272391902238916,0.0231877913215952,0.0053346311088443696,0.007381069588302196,1
Leaf mass per area,Sonchus oleraceus,15,0.028117665714845294,0.027314941272876262,0.008193337300030055,0.007690944871797237,1
Leaf mass per area,Sorbus americana,11,26.778645353195575,0.06783993707666738,88.66632014373353,0.051052832449779165,1
Leaf mass per area,Sorbus aucuparia,113,0.013666659933432211,0.007686139747853669,0.01608199801707672,0.0024290125335127023,26
Leaf mass per area,Sorbus domestica,121,0.09918836829898002,0.03919460480307305,0.34828388244765224,0.04930852705271943,9
Leaf mass per area,Sorbus torminalis,43,0.032230753995990284,0.033771357876082535,0.01697847604258669,0.01583799867651583,9
Leaf mass per area,Sorghastrum nutans,196,0.014561403159611038,0.007439202481855702,0.02152436664147367,0.001795126339467372,35
Leaf mass per area,Sorghum halepense,11,0.04622208169554276,0.05085331868757755,0.013810541366968727,0.004123442520579543,1
Leaf mass per area,Sparganium eurycarpum,19,0.008409500955032975,0.007843475600908274,0.0020135644322319328,0.0026712461350611224,1
Leaf mass per area,Spartina pectinata,19,0.008925710507681268,0.00889644032186919,0.0016282003394304744,0.0022435985960987375,1
Leaf mass per area,Spergularia purpurea,13,0.060388003587537785,0.06578947368421052,0.03445361594682092,0.023465048759361083,3
Leaf mass per area,Sphaeralcea ambigua,22,142.16370881154572,51.80496585732178,177.1642681284216,323.5363701527775,0
Leaf mass per area,Sphaeralcea coccinea,33,0.045779659135791274,0.012606474281783946,0.057832804245931395,0.09054582653863029,3
Leaf mass per area,Spiraea alba,19,0.010959457889783473,0.005278198540957184,0.017817441056991228,0.0026838814604676535,3
Leaf mass per area,Sporobolus anglicus,18,0.011517317825143316,0.011219893260970613,0.001468018052948512,0.0021688820853629272,0
Leaf mass per area,Sporobolus clandestinus,51,0.008410772784332188,0.00841927564330936,6.072255882346497e-5,0,0
Leaf mass per area,Sporobolus compositus,51,0.009372902628439931,0.009297560681008609,5.380491252478255e-4,0,0
Leaf mass per area,Sporobolus heterolepis,71,0.010163366642969058,0.011652769664844402,0.0023649778264951647,0.003951860828629017,4
Leaf mass per area,Sporobolus interruptus,20,0.00994176894106498,0.008936784509748136,0.002949692191625808,0.003414560700145182,3
Leaf mass per area,Sporobolus neglectus,51,0.006788742160081716,0.0067763170032814676,8.87333680023925e-5,0,0
Leaf mass per area,Sporobolus virginicus,80,0.12002844266588963,0.08942494678357835,0.0884015361587295,0.052221861465840125,15
Leaf mass per area,Stachys cretica,20,0.059990874854757216,0.06448324426937432,0.009150688788827585,0.014399280482472673,0
Leaf mass per area,Stachys cretica subsp. salviifolia,20,0.005999087485569381,0.006448324427036372,9.150688789436917e-4,0.0014399280481717644,0
Leaf mass per area,Stachys germanica,10,0.08390553475548038,0.08518189371353285,0.013718764148194075,0.015169561918233238,1
Leaf mass per area,Stachys montana,10,0.05543227234249354,0.05606762308477525,0.005604202510415509,0.007035948659166472,0
Leaf mass per area,Stachys officinalis,73,0.03328312380701134,0.03067157979935677,0.028284284024386753,0.057147543023249245,0
Leaf mass per area,Stachys palustris,22,0.0038362386461637914,0.0014925530350346017,0.006520321932752899,8.17575650717918e-4,4
Leaf mass per area,Stachys recta,12,0.03286984511100358,0.027552843027601553,0.013175499695754921,0.01001832238857973,2
Leaf mass per area,Stachys tenuifolia,10,0.002049757328109134,0.0018096379808177742,8.617188087785991e-4,0.0014597429496339966,0
Leaf mass per area,Stellaria graminea,48,4.28891751191967,2.5179268943840825,6.160119080887936,3.9829633019920943,6
Leaf mass per area,Stellaria holostea,10,0.026589311689667012,0.025803315276999486,0.0033253895669216145,0.005045423322618946,0
Leaf mass per area,Stellaria media,155,0.01970578188660965,0.019354838709677406,0.0064488505248516586,0.007156792793277918,10
Leaf mass per area,Stenaria nigricans,52,0.005773099620745579,0.005730002292000916,2.2080020594232727e-4,0,0
Leaf mass per area,Stipa comata,28,0.014853638329491953,0.01674857952760936,0.005583646705565203,0.007351050162002444,2
Leaf mass per area,Stipa offneri,101,0.023371970359969803,0.01929999999999999,0.02692552046499372,0.006650835866055792,4
Leaf mass per area,Stipa pennata,22,0.11894133031649388,0.11095903562258913,0.05768253325216273,0.05898863815979763,4
Leaf mass per area,Stipa spartea,52,0.015206424648145405,0.010275547990791308,0.019400271617853196,0.005168890463399802,4
Leaf mass per area,Stipa tenacissima,183,0.03487772783512364,0.03000872808061576,0.04288008238296735,0.007419691943890052,15
Leaf mass per area,Streptopus amplexifolius,28,270.67729648188816,0.020604031445391503,372.0584046524211,714.2834436484044,0
Leaf mass per area,Streptopus lanceolatus,65,109.01156713334454,0.0021226465156757445,245.17216852409206,8.229213566830257e-4,12
Leaf mass per area,Stylosanthes biflora,50,0.008328320919507392,0.008328320919507392,0,0,0
Leaf mass per area,Suaeda maritima,19,0.009743563578972068,0.009182736455463728,0.002487464302766049,0.0024175904213157746,2
Leaf mass per area,Succisa pratensis,76,0.01472667094494367,0.005826373854445663,0.021582028089520266,0.003574782818874282,11
Leaf mass per area,Symphoricarpos albus,10,0.006458270395363111,0.004364187871494861,0.0075987500885150066,8.493546346379959e-4,2
Leaf mass per area,Symphyotrichum ascendens,20,0.010123352429588508,0.009174709651545258,0.003038504173972446,0.002058811650275343,3
Leaf mass per area,Symphyotrichum ericoides,45,0.00872619953693164,0.005688844917000029,0.018329789770327523,0.0018070765809293033,6
Leaf mass per area,Symphyotrichum falcatum,25,0.007174168135893439,0.006704210244033253,0.0013150655128803578,0.0010323185506061951,5
Leaf mass per area,Symphyotrichum laeve,74,0.007073365348955663,0.007318676066107718,7.675459088587447e-4,0,0
Leaf mass per area,Symphyotrichum lanceolatum,17,0.00535143456484426,0.005040183499017071,0.0021791468859330226,0.0031077483899486506,1
Leaf mass per area,Symphyotrichum novae-angliae,37,0.007079242815765539,0.00432594318037136,0.010904383272574685,0.0014153720334451761,5
Leaf mass per area,Symphyotrichum oblongifolium,51,0.007574260291748305,0.007479345497583784,6.77827209335806e-4,0,0
Leaf mass per area,Symphyotrichum oolentangiense,132,0.008550875773147917,0.008838954751082675,0.008488135541635909,0.0030436736688258777,14
Leaf mass per area,Symphyotrichum patens,51,0.0065266125236867235,0.00649871108755958,1.992561091555534e-4,0,0
Leaf mass per area,Symphyotrichum pilosum,18,0.005798510117160711,0.005660472342734734,0.001133425969362689,0.0014665621028027718,1
Leaf mass per area,Symphyotrichum puniceum,10,0.003995655153433123,0.004331592697754391,9.384895892476725e-4,0.0017965147738340358,0
Leaf mass per area,Symphyotrichum sericeum,51,0.006691488146491637,0.006605717909422396,6.125220093291341e-4,0,0
Leaf mass per area,Tanacetum parthenium,40,0.016864587667990268,0.015559204785267296,0.014044981043499122,0.026910209299413367,0
Leaf mass per area,Taraxacum alpinum,23,0.03888325991987868,0.041750515618867896,0.011559055166024195,0.004262354804991278,3
Leaf mass per area,Taraxacum campylodes,565,10.15130424462015,0.030398832684824902,53.231861738340115,0.026276540273786713,47
Leaf mass per area,Taraxacum officinale,10,0.04500327999401225,0.045158066521681944,0.005420159639055671,0.00744815427728069,0
Leaf mass per area,Taraxacum sp,44,0.03423659862881474,0.033619588952603016,0.011556416817107723,0.00848420499029541,4
Leaf mass per area,Taxodium distichum,10,0.05015208839591313,0.013013531634767768,0.05599380989470396,0.10173548628127797,0
Leaf mass per area,Taxus baccata,112,0.0185620301254661,0.014088095238111196,0.028574994788535486,0.005932884260928677,6
Leaf mass per area,Taxus brevifolia,23,0.02688756047780789,0.008431703204047217,0.041818032365589876,0.007033262389237416,4
Leaf mass per area,Tephrosia spicata,10,0.08541321800563502,0.08486082824168363,0.006635664344862729,0.004760277058909607,2
Leaf mass per area,Tetradymia stenolepis,22,46.42536875671542,31.538867691450033,49.363908878062006,96.14047288731184,0
Leaf mass per area,Tetraneuris acaulis,17,0.14054288378258575,0.0136986301369863,0.19880914134810962,0.35742520908067105,0
Leaf mass per area,Teucrium canadense,23,0.004207940449298748,0.004119188011439748,0.001286615910244835,0.0017242727619223913,0
Leaf mass per area,Teucrium capitatum,63,0.034794636794931416,0.013595967635000917,0.046263358715885286,0.007692114422166222,13
Leaf mass per area,Teucrium chamaedrys,35,0.05153971029255855,0.06993006993006992,0.03988377014688839,0.07915513185303763,0
Leaf mass per area,Teucrium charidemi,20,0.09384441279467451,0.08017203451906732,0.08080117180794635,0.15379753349671554,0
Leaf mass per area,Teucrium dunense,20,0.0737531722098642,0.06045149834511615,0.06308461577108296,0.11864573023388529,0
Leaf mass per area,Teucrium eriocephalum,10,0.0117371518444101,0.01196997054149335,0.0017476787599532406,0.0028680758153394187,0
Leaf mass per area,Teucrium eriocephalum subsp. eriocephalum,10,0.11737151844507474,0.11969970541511521,0.01747678759825894,0.02868075815110495,0
Leaf mass per area,Teucrium montanum,15,0.07301177000123862,0.09242144177449169,0.042319899976288766,0.05951699291338533,0
Leaf mass per area,Teucrium polium,26,0.024425247763195237,0.013244514106572689,0.030974549098254915,0.004069558010715476,5
Leaf mass per area,Teucrium scordium,11,0.027323259412721897,0.027181299266104922,0.009499530568039921,0.0027493080533273033,3
Leaf mass per area,Thalictrum alpinum,64,0.05347619869424042,0.05669105558831532,0.020076031732970064,0.025189175703730915,5
Leaf mass per area,Thalictrum dasycarpum,19,0.0029041972191738786,0.0025455481290603084,0.0010092477672539978,0.0011103909397563788,2
Leaf mass per area,Thalictrum dioicum,26,0.001853911175222928,0.00185410446589531,5.240434848727965e-4,4.5922310774017543e-4,4
Leaf mass per area,Thalictrum fendleri,68,65.78988697489346,0.00833305325356452,104.08006160444931,194.94671863731185,0
Leaf mass per area,Thalictrum minus,10,0.04282485303490966,0.040557541058066984,0.038257833702104733,0.07257523467076041,0
Leaf mass per area,Thalictrum simplex,11,0.06358174024043779,0.06872852233676975,0.020264614956804605,0.0075695243720064476,1
Leaf mass per area,Thamnosma montana,21,458.89977762526314,50.40768434252775,566.9777026924905,863.3834025848445,2
Leaf mass per area,Thelypteris palustris,11,0.013729761583357383,0.004690600926956555,0.01262934518791092,0.022975317581451726,0
Leaf mass per area,Thermopsis rhombifolia,11,0.00736949810652487,0.006999255399612673,0.0018374466333901294,0.0016492702415141199,1
Leaf mass per area,Thesium arvense,10,0.08786909935940321,0.09082659627124237,0.008408772367442861,0.011655296018500544,0
Leaf mass per area,Thinopyrum intermedium,10,0.032923491276990235,0.03295912677267315,0.002748101569999123,0.003034435240699386,2
Leaf mass per area,Thinopyrum junceum,169,0.19251405224873328,0.14981029457263365,0.19357353218529144,0.12246831575675104,11
Leaf mass per area,Thuja occidentalis,16,37.84741082562951,52.448032512288215,31.260195344957793,59.23190965701428,0
Leaf mass per area,Thuja plicata,10,0.21309600169780515,0.01639784946236559,0.6278790209721316,0.0047769086020543385,4
Leaf mass per area,Thymus longicaulis,61,0.08697526885854147,0.07692291008622754,0.030694048139303418,0.03761231266181626,6
Leaf mass per area,Thymus longiflorus,21,0.01368667694269298,0.010519345238095236,0.020548664897985187,0.004095340143718376,1
Leaf mass per area,Thymus mastichina,82,0.0408605077389702,0.045880558446050004,0.021271528888676814,0.025985708957650067,1
Leaf mass per area,Thymus odoratissimus,10,0.05629324605113445,0.050761892197201446,0.012808469235580534,0.010842907667651475,2
Leaf mass per area,Thymus praecox,242,0.5915590910820775,0.0737464731129931,1.2129047248543408,0.04720313038178964,60
Leaf mass per area,Thymus pulegioides,22,0.05336826392177157,0.056570124126123555,0.022571479006447643,0.02897646755968332,1
Leaf mass per area,Thymus serpyllum,24,0.057540462401231326,0.05368076149973945,0.02768620470723205,0.034415566719776455,1
Leaf mass per area,Thymus vulgaris,182,0.01647220671845166,0.011575899831278238,0.019799990923222165,0.00428154228141781,27
Leaf mass per area,Thymus zygis,32,0.0716819016536711,0.06707079757034132,0.025686453147292485,0.022865181319327042,5
Leaf mass per area,Tilia americana,109,13.40734482744296,0.005059835902325589,62.89571598148205,0.0029602673998598257,27
Leaf mass per area,Tilia cordata,49,0.01134559529456516,0.006123254860914153,0.011574543630637181,0.01636175501166462,2
Leaf mass per area,Tilia platyphyllos,12,0.01564879831911193,0.0056261000754337445,0.02034767801364938,0.018889979219579776,2
Leaf mass per area,Tiquilia greggii,22,25.50780457924329,22.96260469792985,26.19565249283468,50.52504050851538,0
Leaf mass per area,Tofieldia calyculata,11,1.12720679722575,1.186902184964909,0.6382594282427616,0.8400041377224434,0
Leaf mass per area,Tofieldia pusilla,17,0.04840769155519904,0.06049832280953413,0.029139152933257507,0.0624361643949307,0
Leaf mass per area,Tolpis barbata,71,0.037757568707830244,0.041677085938151205,0.015503767423135,0.013938396700984387,10
Leaf mass per area,Tomostima reptans,10,0.0034491975548992053,0.0033136594323946605,5.031947948123988e-4,1.8882535577625795e-4,3
Leaf mass per area,Torilis arvensis,12,0.056991136756663,0.06266217666257949,0.02643324676313,0.01902905205897696,2
Leaf mass per area,Townsendia exscapa,10,0.008609365859166176,0.00864931799326006,0.001519869993282065,0.0019940002748832135,0
Leaf mass per area,Toxicodendron radicans,13,0.008497044202720915,0.002863856555152865,0.01043487971595824,0.003134389854787784,3
Leaf mass per area,Tradescantia ohiensis,56,0.040185820622134535,0.0054755668009761746,0.048928057780666154,0.08930167371911774,2
Leaf mass per area,Tragia ramosa,50,0.007199895273779298,0.007199895273779298,0,0,0
Leaf mass per area,Tragopogon dubius,26,0.006862314569031487,0.005701504289052386,0.006796442598099887,0.0015359865879848653,2
Leaf mass per area,Tragopogon floccosus,15,0.20022100705267656,0.1362397820163488,0.16711183569787544,0.17151882735986407,3
Leaf mass per area,Tragopogon orientalis,11,0.04748666735942725,0.05040322580645162,0.016329864981185375,0.010498118636741993,1
Leaf mass per area,Tragopogon pratensis,62,0.09305555046065843,0.05540122187628509,0.10968612638078859,0.10080923777684896,8
Leaf mass per area,Tragus racemosus,10,0.051515636894383994,0.05089446735964718,0.005192280880514551,0.008099058890925548,0
Leaf mass per area,Tribulus terrestris,11,0.04977699448203595,0.05324813631522896,0.017723458067155178,0.0076776743632112135,3
Leaf mass per area,Trichostema brachiatum,50,0.008505330009215618,0.008505330009215618,0,0,0
Leaf mass per area,Trientalis borealis,64,104.19339711624335,0.002602552805841912,245.9669472199872,0.0013668490178242467,15
Leaf mass per area,Trientalis europaea,37,0.027625874911912006,0.02974685427016093,0.015129659799614241,0.010781701662242169,11
Leaf mass per area,Trifolium alpinum,47,1.3200062581607899,0.1660756501182033,8.083271273018715,0.0972845923693576,3
Leaf mass per area,Trifolium angustifolium,14,0.02365022892973999,0.006269297500572861,0.02765010609031948,0.04934041498047605,0
Leaf mass per area,Trifolium arvense,21,0.03789480987908619,0.05356186395286555,0.03011173998190209,0.06111005712599338,0
Leaf mass per area,Trifolium badium,22,2.1138184512080684,2.058839136044432,0.9644144749544659,0.4858872488623711,7
Leaf mass per area,Trifolium campestre,85,0.03666485562379368,0.0324485690181063,0.021282446735481627,0.014015279776208207,16
Leaf mass per area,Trifolium cherleri,239,0.03805693170893007,0.039453957231910364,0.014204997271855712,0.01354464629944209,31
Leaf mass per area,Trifolium dubium,75,0.03324348411343867,0.03000000000000003,0.016432661505148206,0.01571948537745532,12
Leaf mass per area,Trifolium fragiferum,59,0.05648983380078351,0.05485463521667581,0.018001679084995233,0.025609658194273202,4
Leaf mass per area,Trifolium glomeratum,55,0.026429463181177396,0.02690414054723022,0.01128790643289204,0.010672037133764523,10
Leaf mass per area,Trifolium hirtum,27,0.04751387270510136,0.05676979846721544,0.026480353227504482,0.038182767222176006,0
Leaf mass per area,Trifolium hybridum,242,0.044829290916739574,0.043033268122859805,0.010261549884596249,0.010269249362863067,26
Leaf mass per area,Trifolium longipes,20,0.00510040213791181,0.004924621119898597,8.665692690984393e-4,0.0011541880912582523,0
Leaf mass per area,Trifolium micranthum,17,0.023101890071394796,0.024473813020068527,0.006735899010589918,0.0028568194651793985,4
Leaf mass per area,Trifolium microdon,11,0.005483793750379085,0.005325769853932645,7.643812722876457e-4,9.311355864628189e-4,0
Leaf mass per area,Trifolium montanum,315,0.24138229952011936,0.06009615384615384,3.311312518212318,0.012730799880999753,56
Leaf mass per area,Trifolium nanum,10,0.1969081119484403,0.23519570511584437,0.09591609137853004,0.06324544074657479,2
Leaf mass per area,Trifolium pratense,474,0.3129909137787124,0.0397999225409786,2.174455868389529,0.032505048974304146,46
Leaf mass per area,Trifolium repens,612,0.28616133673437677,0.039430731118052294,0.9603468893148845,0.05097352554951138,62
Leaf mass per area,Trifolium striatum,35,0.03525097154075577,0.038800294882241106,0.01456784081048377,0.016729571391240095,4
Leaf mass per area,Trifolium subterraneum,21,0.00582640682736468,0.004294065805711683,0.006433806743866038,0.001051547582898004,1
Leaf mass per area,Trifolium thalii,10,0.006440331649005951,0.005800603682218753,0.0023239439876515497,0.002874096340945125,1
Leaf mass per area,Trifolium tomentosum,13,0.027158447893158636,0.029037690922817817,0.012163646979212201,0.008390894162034552,3
Leaf mass per area,Triglochin maritima,20,0.014448396160378182,0.010582204348043302,0.011380508239598408,0.0047119746666536635,2
Leaf mass per area,Trigonella officinalis,36,0.018953372516633905,0.005446702268005638,0.02133621950438784,0.03407542335562877,2
Leaf mass per area,Trigonella procumbens,10,0.05652885887698032,0.05724218490175937,0.007563184190356803,0.007391838655743568,1
Leaf mass per area,Trillium erectum,10,484.3460173484403,488.0952380952381,65.9444381420471,91.53318077803198,0
Leaf mass per area,Trillium grandiflorum,31,0.012060809633317817,0.003366776648037169,0.011756855416076134,0.021950749364931754,0
Leaf mass per area,Trillium undulatum,10,472.69904009034445,476.1904761904762,22.849535342236624,39.50216450216453,0
Leaf mass per area,Tripleurospermum inodorum,11,0.06040696292768878,0.06443298969072166,0.01334450886963509,0.009014762215109204,1
Leaf mass per area,Trisetaria panicea,62,0.02900118305398554,0.028154401293844493,0.012887267010881928,0.01680437553229265,5
Leaf mass per area,Trisetum flavescens,269,0.0419656622879135,0.04038772213247173,0.015899037150296395,0.014477117700719827,22
Leaf mass per area,Trisetum spicatum,25,0.07885226991796651,0.07740422204363383,0.043325322811818966,0.045163858852776705,3
Leaf mass per area,Triticum aestivum,53,0.05547634635665146,0.05327650506126798,0.023677848709967,0.035489791236522135,2
Leaf mass per area,Trixis californica,20,69.99509026103188,58.515389804559156,72.23908668346571,141.92592874074063,0
Leaf mass per area,Trollius europaeus,61,2.4425915578167263,0.047054337158546504,11.939991418696252,0.022219271841483458,17
Leaf mass per area,Tsuga canadensis,52,13.838031575955693,0.009983527205029406,28.7408863884342,0.0380433715979281,13
Leaf mass per area,Tsuga heterophylla,55,0.06666459968813547,0.009233610341643583,0.25187963327763635,0.006955893120280863,10
Leaf mass per area,Typha angustifolia,14,0.012157214574906205,0.01209701329907642,5.971536586165792e-4,9.306440432607505e-4,0
Leaf mass per area,Typha latifolia,16,0.008983832392732526,0.008571133701211073,0.001688834680825063,0.0011827190742708105,4
Leaf mass per area,Ulex europaeus,51,0.010766739365107525,0.009268532155348497,0.0035329911894052945,0.006120010836716799,0
Leaf mass per area,Ulex gallii,28,0.014502151433341093,0.015084501977764881,0.0037866058873990203,0.0035291398112756445,3
Leaf mass per area,Ulex parviflorus,35,0.09416512392757935,0.08094645080946421,0.058553853665973765,0.05129428002135623,2
Leaf mass per area,Ulmus americana,32,0.034297255793887454,0.02,0.03409710139902235,0.041907277187033826,3
Leaf mass per area,Ulmus glabra,70,0.010166047532019688,0.007575757575757576,0.009709455627491252,0.0044080181159670455,7
Leaf mass per area,Ulmus minor,12,0.014450067764459281,0.0045606347914124165,0.017680836927341802,0.025139531934638283,1
Leaf mass per area,Ulmus parvifolia,40,0.010283483650492215,0.009968448702328624,0.0010949857823350283,0.0016478674466794945,2
Leaf mass per area,Ulmus rubra,316,0.016359973708546156,0.0046930948695687175,0.018483568421954918,0.03162857165715426,13
Leaf mass per area,Urtica dioica,218,0.0217647978390637,0.0225909620525802,0.016427550779127005,0.03080245019430952,0
Leaf mass per area,Urtica urens,10,0.018927227617401114,0.01852724866564335,0.0022966855938833888,0.0013081234576911953,3
Leaf mass per area,VACCINIUM VITIS-IDAEA,422,0.1476860088140707,0.14347202295552366,0.1498293884656718,0.10825726338589153,23
Leaf mass per area,Vaccinium angustifolium,59,0.0052815167275553345,0.004485310607759588,0.0034478239503527553,0.002049505091778766,6
Leaf mass per area,Vaccinium corymbosum,18,0.030731869038790778,0.011968786537319386,0.03763010030834362,0.016888768197108543,4
Leaf mass per area,Vaccinium myrtilloides,34,0.028911400499187428,0.008945730390980101,0.030378130589426806,0.05246195746206865,2
Leaf mass per area,Vaccinium myrtillus,349,0.250220734338004,0.0483740653315475,2.99123406883074,0.041036842102958444,9
Leaf mass per area,Vaccinium oxycoccos,17,0.010035385953107325,0.010195490304434373,0.0014790301856476408,0.002366727736228473,0
Leaf mass per area,Vaccinium uliginosum,163,0.5243749115123915,0.060386473429951695,6.021006065031637,0.023659234437625187,39
Leaf mass per area,Vachellia constricta,20,36.329928000061244,32.127594914484064,37.559864276492426,72.30628341107314,0
Leaf mass per area,Valeriana collina,11,0.03335716965071317,0.034638032559750606,0.011159656870746415,0.010229217447258944,1
Leaf mass per area,Valeriana edulis,27,0.03166663384903234,0.00818979525533155,0.034545599325432906,0.06526784171267451,0
Leaf mass per area,Valeriana occidentalis,27,0.02051636578033078,0.005613378552006048,0.022470357930586098,0.040587361783548596,0
Leaf mass per area,Valerianella locusta,21,0.01908746551988435,0.019116803670426303,0.00605106247779628,0.007002913600030667,1
Leaf mass per area,Veratrum album,20,0.8887956324195125,0.32103963236343247,1.0387243272892093,1.5330141792470233,1
Leaf mass per area,Veratrum californicum,18,0.007238604842685005,0.00730157319276901,0.0012259388217818108,0.0019456749691430068,0
Leaf mass per area,Verbascum phoeniceum,10,0.07138075283677288,0.04931205855209213,0.06367036876069529,0.020948197588745873,2
Leaf mass per area,Verbascum thapsus,92,0.007202342090213384,0.007006289443040562,0.00196436318910263,0,0
Leaf mass per area,Verbena bracteata,14,0.005525300790281405,0.005480464847820372,0.0011546461477635122,0.0011363127586318965,1
Leaf mass per area,Verbena hastata,28,0.0050846188609077895,0.00545882961685995,0.002223880006680167,0.001989013807660963,5
Leaf mass per area,Verbena simplex,51,0.006703357782422961,0.006668648566791889,2.478733792401629e-4,0,0
Leaf mass per area,Verbena stricta,11,0.00719347663707586,0.006951531840112411,0.0016587713532025953,0.002835640574999303,0
Leaf mass per area,Verbena urticifolia,11,0.0063783030827631575,0.006036324786476339,0.0011583246463424493,0.0010699545066279676,2
Leaf mass per area,Verbesina alternifolia,15,0.04586844233794963,0.048626306831996105,0.0121222184344799,0.005638907628311048,5
Leaf mass per area,Verbesina helianthoides,50,0.006465574117529903,0.006465574117529903,0,0,0
Leaf mass per area,Verbesina occidentalis,29,0.05300580778840915,0.05323553769152621,0.004279612884474595,0.006435446981607362,1
Leaf mass per area,Vernonia arkansana,50,0.00888078293650203,0.00888078293650203,0,0,0
Leaf mass per area,Vernonia fasciculata,18,0.008488446802321659,0.0048411755601871845,0.007158780315981387,0.008767480579039944,3
Leaf mass per area,Veronica alpina,113,3.1448787462244763,0.04117768169652049,11.038043796057703,0.03374939682396782,17
Leaf mass per area,Veronica arvensis,278,0.015424071807017483,0.01489778890279517,0.005762203735826569,0.005193725725586115,27
Leaf mass per area,Veronica chamaedrys,291,1.591399226891063,0.04312782805429872,7.607621412285057,0.05023225243281416,30
Leaf mass per area,Veronica franciscana_x,19,0.008197001309103624,0.008316230291928217,0.00212661902480369,8.866354417932203e-4,5
Leaf mass per area,Veronica hederifolia,25,0.05104481495177171,0.03536067892503536,0.04434160584713763,0.027312618381023064,4
Leaf mass per area,Veronica montana,40,0.026971885911821886,0.023124694221380276,0.022594696512395727,0.044729782291415325,0
Leaf mass per area,Veronica officinalis,20,1.0842643936750935,1.2550745353743946,0.7924024240981674,1.6363365372612002,0
Leaf mass per area,Veronica serpyllifolia,18,3.4948014808625976,2.7537326134183155,2.4354993477022715,1.8532889398762742,2
Leaf mass per area,Veronica spicata,28,0.069680119480248,0.07253477750653944,0.027756497555955946,0.024755751494112722,5
Leaf mass per area,Veronica sublobata,20,0.03920715098393611,0.0359096819423418,0.011137833111715645,0.011969501199123968,3
Leaf mass per area,Veronica triloba,21,0.05562004201396073,0.053235734486774246,0.027093610882900968,0.022583173848888242,3
Leaf mass per area,Veronicastrum virginicum,27,0.007204516630273215,0.008157512599602675,0.003058711260070476,0.003996690415804632,3
Leaf mass per area,Viburnum acerifolium,19,0.00963553098982906,0.0024883049666567137,0.014676819590020984,9.485188222714794e-4,4
Leaf mass per area,Viburnum betulifolium,71,0.0066319435998873225,0.0066864968129394,0.0010448865358021633,0.0015445980829532384,1
Leaf mass per area,Viburnum bracteatum,28,0.006481165858227399,0.006496383950532333,9.863964995705328e-4,0.0010332865545186545,2
Leaf mass per area,Viburnum burejaeticum,35,0.00737882219882121,0.00732290509180293,0.001243503090404382,0.0013894435170864281,1
Leaf mass per area,Viburnum carlesii,71,0.008478173140113357,0.008675865713167774,0.0023451849839507084,0.004178308580512021,0
Leaf mass per area,Viburnum corylifolium,47,0.006215222371845586,0.006152743186976963,0.0015480112758040044,0.0023370278357363996,1
Leaf mass per area,Viburnum dentatum,69,0.006833116297258045,0.006822828744962774,0.002160188876642076,0.0025618844168700363,2
Leaf mass per area,Viburnum dilatatum,41,0.005399331459591526,0.005094850352906291,0.001072447420938979,7.753392248615815e-4,5
Leaf mass per area,Viburnum erosum,55,0.005740464933970261,0.0055353617360937085,0.001096224689612983,9.410116604177104e-4,7
Leaf mass per area,Viburnum furcatum,36,0.004697912071459279,0.004689997696470746,7.195892177707499e-4,8.30008901001213e-4,3
Leaf mass per area,Viburnum hupehense,39,0.007314707727735514,0.007877621154731044,0.0016029833609515032,0.0026452123011701115,0
Leaf mass per area,Viburnum lantana,68,0.011277221000541205,0.00831255195344971,0.01565164781660851,0.002620945270780238,4
Leaf mass per area,Viburnum lantanoides,17,142.71824449195344,0.035932446999640676,180.55841910768243,357.11270032741686,0
Leaf mass per area,Viburnum lentago,39,0.006110312434205336,0.006163673992063687,0.0011255784672009588,0.0013958052603065688,1
Leaf mass per area,Viburnum molle,42,0.006332842765096122,0.0063601059224277934,0.0010388680992443396,0.0017335452673793873,0
Leaf mass per area,Viburnum nudum,52,0.00912577544928072,0.008997566377040044,0.0031706060666640327,0.004542799390612735,2
Leaf mass per area,Viburnum opulus,88,0.007081057488808508,0.0052773614452132755,0.010151647014581142,0.002356772260023142,4
Leaf mass per area,Viburnum plicatum,36,0.007075058377512369,0.006744355774627139,0.0016840118737139341,0.0020307563561087778,4
Leaf mass per area,Viburnum prunifolium,41,0.006799717568074336,0.006246710509184802,0.0026667376706594782,0.0010533439286332285,10
Leaf mass per area,Viburnum rafinesquianum,54,0.0067261189700413265,0.006816365339293734,0.0012379157934750422,0.001647307701392508,1
Leaf mass per area,Viburnum rufidulum,199,0.018345562548144168,0.005982948596380656,0.021226661810425092,0.030823154104993367,28
Leaf mass per area,Viburnum sargentii,38,0.006936542985256313,0.006741956639948455,0.0012369456545109276,0.0018861351967028256,1
Leaf mass per area,Viburnum setigerum,36,0.006761627611868555,0.00676007244143244,9.845011337090144e-4,0.0016730443731524328,0
Leaf mass per area,Viburnum sieboldii,33,0.006572571586594716,0.006360203299008728,0.0015495351819672736,0.0023410409752936583,1
Leaf mass per area,Viburnum tinus,86,0.035496665331902044,0.014479856785150208,0.03259740538746407,0.052649874373129936,7
Leaf mass per area,Viburnum trilobum,39,0.004831034432379424,0.004543347281921676,9.831551991911435e-4,0.0012796003560004978,3
Leaf mass per area,Viburnum wrightii,40,0.004568426268141816,0.004567976525957304,8.707855596476913e-4,0.00106483784223924,1
Leaf mass per area,Vicia americana,82,31.118504649739037,0.0051223704580137565,107.12664517304727,0.003520003209503528,18
Leaf mass per area,Vicia angustifolia,10,0.04055510495697714,0.03882002202915691,0.009399389104652564,0.012325108971480897,0
Leaf mass per area,Vicia cracca,227,0.3228627450376046,0.034963124829281614,4.365131584863375,0.02035619607149444,22
Leaf mass per area,Vicia grandiflora,10,0.03443246152585887,0.03618334114002057,0.006413638107517301,0.008518732798880345,0
Leaf mass per area,Vicia lathyroides,12,0.025539547979651158,0.02650485288893413,0.007852502377706554,0.0027561575713630285,3
Leaf mass per area,Vicia pulchella,20,0.004583261624008843,0.004445940224052154,0.0012773665564624343,0.0015425348250513488,1
Leaf mass per area,Vicia sativa,151,0.036194915349347816,0.017354067047090957,0.06015405639572634,0.042695022555756655,12
Leaf mass per area,Vicia sparsiflora,10,0.02848028834291512,0.028642762122086177,0.0017144685605422385,0.0023944775808142187,0
Leaf mass per area,Vicia tetrasperma,10,0.04584873006263214,0.038740643324471594,0.026123234712863094,0.03830228944156476,0
Leaf mass per area,Viguiera deltoidea,22,357.7808689523374,270.89465547371395,373.28657298293695,737.9051879311182,0
Leaf mass per area,Vinca herbacea,27,0.05056689955199453,0.05091649694501018,0.010382623165961339,0.0051148061191067795,6
Leaf mass per area,Vinca minor,10,0.055931758195470124,0.05692492064520309,0.021759798565025777,0.02437650996049212,0
Leaf mass per area,Vincetoxicum nigrum,23,0.02385758698868378,0.0061529933482108,0.022280785187096044,0.044191845354313364,0
Leaf mass per area,Viola adunca,40,134.66033657445138,103.93233705518507,138.34828169480508,266.08719841221966,0
Leaf mass per area,Viola alba,127,0.025488539534386782,0.024095238963013788,0.02282467460489051,0.039345224230620784,0
Leaf mass per area,Viola arvensis,290,0.02480250872740279,0.02442572202483554,0.005278507872561344,0.006285240220869393,15
Leaf mass per area,Viola biflora,95,0.6000500686500065,0.025180037266455155,1.4045292307563637,0.1711559949986164,19
Leaf mass per area,Viola canadensis,20,0.002676196347817077,0.002541246046204057,5.649282608418038e-4,3.697656375449771e-4,4
Leaf mass per area,Viola canina subsp. montana,11,0.027561251460701777,0.02962085308056872,0.008245875042458977,0.003982326704697475,1
Leaf mass per area,Viola kitaibeliana,12,0.049014094964372125,0.05476906137253397,0.016281182806285738,0.008634763887697842,2
Leaf mass per area,Viola pedata,69,0.00916854162600186,0.009677745794569922,0.0011955151650461322,0,0
Leaf mass per area,Viola pedatifida,16,0.0067740510095479585,0.006032144593391701,0.0024889781231572966,0.0031803161483465337,1
Leaf mass per area,Viola reichenbachiana,290,0.015633135898917006,0.019983258660555607,0.014370206413453528,0.02372489644221198,5
Leaf mass per area,Viola riviniana,19,0.014317072151831263,0.0028584392014622813,0.01873356242103713,0.024058722881632612,3
Leaf mass per area,Viola rupestris,18,0.05610500955243216,0.05977837116922195,0.00978621436462774,0.008311635031664627,3
Leaf mass per area,Viola sagittata,14,0.006045740612300523,0.006323930047850242,9.024184013489619e-4,0.0014413365938377885,0
Leaf mass per area,Viola sororia,36,0.019955516611455632,0.006259780908060081,0.0259271829199167,0.013814686383377336,9
Leaf mass per area,Vitis riparia,22,0.007457586568776786,0.003338880259212991,0.011293498013468519,0.002348099857286764,4
Leaf mass per area,Vitis rotundifolia,61,0.002745042282113818,0.002639805488016674,6.665968799235371e-4,3.9031332787720953e-4,8
Leaf mass per area,Vitis vinifera,48,0.012303182442487444,0.0063371356147021544,0.011004535781566939,0.014599999999829666,3
Leaf mass per area,Vulpia bromoides,101,0.007149472716487766,0.005073170732103272,0.008245363356415467,0.003255970827894755,13
Leaf mass per area,Vulpia ciliata,59,0.036104105721014634,0.03942906710827222,0.019112056742506416,0.025551600417518416,1
Leaf mass per area,Vulpia fasciculata,23,0.09425884506583171,0.09124844462878481,0.05063420326152604,0.0767774253345077,0
Leaf mass per area,Vulpia myuros,66,0.01465023567750085,0.01218400876197033,0.013819302374508962,0.004831111974856627,5
Leaf mass per area,Vulpia octoflora,10,0.006743325802224035,0.006648397934717063,8.041184486536132e-4,0.001013164086617997,1
Leaf mass per area,Wyethia amplexicaulis,28,98.4617625692947,95.06055230555592,13.240514896130945,21.48764841432785,0
Leaf mass per area,Xanthisma gracile,20,0.006574783057838829,0.006278730878262052,0.0016640854726392815,0.0023611861788420457,1
Leaf mass per area,Xanthium spinosum,10,0.07562454578010777,0.07737361909790441,0.007443913242613233,0.00911352966913849,1
Leaf mass per area,Xanthium strumarium,69,0.005705528158366073,0.006349206349206349,0.0022457784007991035,0.001212814645426663,14
Leaf mass per area,Xeranthemum annuum,10,0.05121449953024037,0.04940611460414021,0.009742182767177629,0.013859386834873588,0
Leaf mass per area,Zanthoxylum americanum,22,0.0031530767446673862,0.0028931537110055837,8.679109513203072e-4,5.681478654422745e-4,2
Leaf mass per area,Zea mays,19,0.05230567041580864,0.0563063063063063,0.015133019938299096,0.01440664472086909,1
Leaf mass per area,Zelkova serrata,40,0.008604736772730255,0.008529048713138782,0.0011333206297075486,0.0014314188798988034,2
Leaf mass per area,Zizia aptera,52,0.0109693693517503,0.01130756837691686,0.0017085800403814837,0,0
Leaf mass per area,Zizia aurea,29,0.0067239499331328235,0.007018274377792558,0.0014338685235255485,0.0016841363301951595,2
Leaf nitrogen content per unit mass,ARCTOSTAPHYLOS UVA-URSI,23,5.481394000553746,2.7515,4.557272421686971,7.868058748500001,0
Leaf nitrogen content per unit mass,Abies alba,54,1.9600973508565094,1.20475,3.483420922715201,0.4054249999999999,8
Leaf nitrogen content per unit mass,Abies amabilis,14,3.672857142857143,1.12,4.291423340304973,6.055,2
Leaf nitrogen content per unit mass,Abies balsamea,343,1.6501443528587332,1.586666667,1.1299511771890833,0.43000000000000016,23
Leaf nitrogen content per unit mass,Abies concolor,18,1.2580222222222222,1.2546,0.18084798802099464,0.33709999999999996,0
Leaf nitrogen content per unit mass,Abies lasiocarpa,105,1.72884,1.379,1.7277980912020765,0.33099999999999996,8
Leaf nitrogen content per unit mass,Abies magnifica,15,24.359266666666667,14.6,24.518619177114786,8.495000000000001,3
Leaf nitrogen content per unit mass,Acer campestre,29,7.043925259237157,2.025,9.836663859385915,2.3203,6
Leaf nitrogen content per unit mass,Acer granatense,31,18.943609032258063,19.18644,3.8925871899764855,3.679230000000004,3
Leaf nitrogen content per unit mass,Acer monspessulanum,33,17.002221515151515,19.5792,9.379815714887513,10.484000000000002,8
Leaf nitrogen content per unit mass,Acer negundo,18,11.276277155105717,2.87,12.896808307624754,23.197499999999998,0
Leaf nitrogen content per unit mass,Acer pensylvanicum,231,2.660678787878788,2.528,2.137296015271613,0.5259999999999998,19
Leaf nitrogen content per unit mass,Acer platanoides,36,4.832685185449075,2.35,7.0793501996226915,0.5625000000250004,7
Leaf nitrogen content per unit mass,Acer pseudoplatanus,49,7.1086120416282,2.84,10.052595723671995,0.9366666666999999,12
Leaf nitrogen content per unit mass,Acer rubrum,424,3.626714152513185,1.833333333,5.316369942949212,0.5493333332499999,68
Leaf nitrogen content per unit mass,Acer saccharum,509,2.5672306641424383,2.2,3.218567079719457,0.723333333,101
Leaf nitrogen content per unit mass,Acer spicatum,11,2.327,2.42,0.4170669011082035,0.4979999999999998,1
Leaf nitrogen content per unit mass,Achillea millefolium,259,9.651937021183784,2.436433333,11.83906924865654,20.19358627,10
Leaf nitrogen content per unit mass,Achnatherum hymenoides,67,2.031962686567164,1.96,0.7484465734329887,1.0312,2
Leaf nitrogen content per unit mass,Acmispon wrightii,10,3.1126,3.049,0.5018386637600221,0.21499999999999986,4
Leaf nitrogen content per unit mass,Adenostoma fasciculatum,17,6.049443572676471,1.44,6.2053175388416,10.73724444,0
Leaf nitrogen content per unit mass,Aegopodium podagraria,12,4.799500055357397,3.35,5.285847903435186,0.9435662426968099,1
Leaf nitrogen content per unit mass,Aesculus hippocastanum,15,5.185611111111114,2.36,7.635362867455803,0,0
Leaf nitrogen content per unit mass,Agoseris glauca,19,0.9150537141809982,1.517,0.9033151776457256,1.5488978290074809,0
Leaf nitrogen content per unit mass,Agrostis canina,15,5.016239213333333,2.081,10.89937089254639,0.6329999999999996,4
Leaf nitrogen content per unit mass,Agrostis capillaris,34,7.634780019043359,2.8545,13.692252951624132,1.3084479538,5
Leaf nitrogen content per unit mass,Agrostis stolonifera,19,10.944774127292755,3.23954649065785,12.89895694998702,16.95603086977742,3
Leaf nitrogen content per unit mass,Ajuga reptans,58,17.062825189716825,18.24144086395225,9.652130343434589,11.831204754060675,0
Leaf nitrogen content per unit mass,Alnus glutinosa,37,8.844479796369368,3.54,12.10864719884664,0.56028845660517,13
Leaf nitrogen content per unit mass,Alnus incana,59,10.426838964898403,3.51,13.107750664715217,9.905,15
Leaf nitrogen content per unit mass,Alopecurus pratensis,54,12.867692837611335,15.75,11.01016834334383,18.826998891994656,0
Leaf nitrogen content per unit mass,Ambrosia dumosa,55,3.344509090909091,2.32,4.471421833992899,0.6749999999999998,11
Leaf nitrogen content per unit mass,Ambrosia psilostachya,55,2.39762,2.164,1.729386237347206,0.52,4
Leaf nitrogen content per unit mass,Amelanchier ovalis,24,17.704208333333334,18.4085,3.676948439164651,6.7425,0
Leaf nitrogen content per unit mass,Ammophila arenaria,14,13.164971142223342,15.80393943,6.630193797390048,4.621229963287476,3
Leaf nitrogen content per unit mass,Amorpha canescens,40,5.3604358104,2.41325,9.261523256679421,0.557987711,6
Leaf nitrogen content per unit mass,Amphicarpaea bracteata,74,3.2006027027027026,2.76975,3.6263716222599585,0.8573750000000002,2
Leaf nitrogen content per unit mass,Andromeda glaucophylla,11,5.557272727272728,1.39,6.15964786478755,11.51,0
Leaf nitrogen content per unit mass,Andromeda polifolia,32,6.4972953125,1.55335,7.438658371635081,11.9825,3
Leaf nitrogen content per unit mass,Andropogon gerardii,122,3.941627191867375,1.407588193,4.567850151972409,6.420647267484663,16
Leaf nitrogen content per unit mass,Androsace septentrionalis,12,8.339916666666667,2.2705,9.851351282100001,14.15475,2
Leaf nitrogen content per unit mass,Anemone cylindrica,13,6.929931374615385,1.86868699,7.516333189238808,14.810000000000002,0
Leaf nitrogen content per unit mass,Anemone hepatica,38,1.7639749022561406,1.5748556667,0.3261408967372136,0.6427110000000003,0
Leaf nitrogen content per unit mass,Anemone nemorosa,10,5.3885089257,2.8655,8.444434883262975,1.5,1
Leaf nitrogen content per unit mass,Angelica archangelica,22,11.66718280072538,3.5949999999999998,13.927098599426069,20.205,3
Leaf nitrogen content per unit mass,Angelica sylvestris,11,2.837734368244899,2.9744830378,0.5031860324997067,0.0022415189378501843,4
Leaf nitrogen content per unit mass,Antennaria rosulata,30,1.6034666666666666,1.674,0.25891947001726806,0.4405000000000001,0
Leaf nitrogen content per unit mass,Anthoxanthum odoratum,152,15.323564979805235,18.7876151438051,11.840904377022493,22.617157416831624,0
Leaf nitrogen content per unit mass,Anthriscus sylvestris,79,19.83604491858372,23.3642690382981,10.988531323306022,12.877919072815601,20
Leaf nitrogen content per unit mass,Arbutus andrachne,66,10.948308779636363,10.6545,4.334788288990097,4.273937595000003,11
Leaf nitrogen content per unit mass,Arbutus menziesii,19,9.04650322708421,1.24165231,12.216879118276012,11.72306155,4
Leaf nitrogen content per unit mass,Arbutus unedo,331,4.292986679095569,1.59,4.7854598733021225,6.5597629265,42
Leaf nitrogen content per unit mass,Arctostaphylos alpinus,55,6.094618863636364,1.760475,6.6054677291799475,12.415000000000001,0
Leaf nitrogen content per unit mass,Arctostaphylos viscida,14,15.696568253571428,11.163037034999999,8.401880588351998,9.9969333325,2
Leaf nitrogen content per unit mass,Arenaria lanuginosa,10,1.7968,1.727,0.18475136445143417,0.2140000000000002,2
Leaf nitrogen content per unit mass,Arnica latifolia,11,0.020039514111111618,0.0203473574349001,0.004576181574298975,0.005184655183344548,2
Leaf nitrogen content per unit mass,Arrhenatherum elatius,125,21.567835653772725,26.83,12.529853967534994,27.151,0
Leaf nitrogen content per unit mass,Artemisia californica,24,2.925,2.1,3.4317659289794733,0.8625,3
Leaf nitrogen content per unit mass,Artemisia campestris,10,1.8888,2.017,0.20887040107311627,0.278,2
Leaf nitrogen content per unit mass,Artemisia carruthii,10,2.338,2.341,0.4538056363197305,0.8139999999999998,0
Leaf nitrogen content per unit mass,Artemisia dracunculus,11,2.5713181818181816,2.692,0.652160343501783,0.1792499999999997,4
Leaf nitrogen content per unit mass,Artemisia ludoviciana,14,2.950428571428571,1.9238499999999998,3.810827080514467,0.7357500000000001,1
Leaf nitrogen content per unit mass,Artemisia sp,62,3.073048787096774,2.8915899,0.5349490948599911,0.7537386750000001,2
Leaf nitrogen content per unit mass,Artemisia tridentata,22,14.410363636363636,14.248999999999999,13.627375887373093,19.614500000000003,1
Leaf nitrogen content per unit mass,Asclepias syriaca,12,13.442166666666667,3.5890000000000004,14.532749760663348,22.400000000000002,1
Leaf nitrogen content per unit mass,Asclepias tuberosa,13,9.055382307692307,3.411,9.72055440848768,19.005000000000003,0
Leaf nitrogen content per unit mass,Asteraceae sp,54,2.109259259259259,2,0.46834051413133093,0.6375,2
Leaf nitrogen content per unit mass,Astragalus alpinus,63,16.94018412698413,5.19,19.97260537136778,35.894999999999996,0
Leaf nitrogen content per unit mass,Astragalus frigidus,17,20.193059951018977,5.5508257844,20.669079474947672,36.84917421561935,0
Leaf nitrogen content per unit mass,Astragalus humistratus,10,2.628,2.695,0.24310674381614533,0.13500000000000023,4
Leaf nitrogen content per unit mass,Astragalus rusbyi,10,4.4292,4.416,0.22308284460163114,0.25900000000000034,0
Leaf nitrogen content per unit mass,Atriplex canescens,10,9.918,2.88,9.541984186856642,18.42,0
Leaf nitrogen content per unit mass,Atriplex confertifolia,14,1.499307693142857,1.527565084,0.28259306391217803,0.3959673787500002,0
Leaf nitrogen content per unit mass,Atriplex parryi,34,1.0970235294117647,0.9598,0.30057009575121246,0.2587999999999999,6
Leaf nitrogen content per unit mass,Avena barbata,22,4.487070227272727,2.2,6.282098289944606,0.38308125000000004,4
Leaf nitrogen content per unit mass,Baccharis pilularis,26,3.7681217924115384,2.2,5.813948754787081,0.2925,5
Leaf nitrogen content per unit mass,Bartsia alpina,58,8.78585178928044,2.85,10.274978472433135,14.299999999999997,7
Leaf nitrogen content per unit mass,Bellis perennis,51,13.464233564206845,15.7720789927253,10.751973280269546,19.7274281079208,0
Leaf nitrogen content per unit mass,Berberis vulgaris,75,16.60822637777911,17.29,8.018719211586854,7.311863333333349,17
Leaf nitrogen content per unit mass,Beta vulgaris,169,3.6225618925093137,3.4238021445052,2.7706183326141427,0.8723296026223601,15
Leaf nitrogen content per unit mass,Betula alleghaniensis,256,1.9638959724965195,2.34,1.1569814311445035,1.909166667,0
Leaf nitrogen content per unit mass,Betula glandulosa,72,24.225050652222222,24.248402114999998,4.424194656628031,4.929467680000002,2
Leaf nitrogen content per unit mass,Betula lenta,34,1.7380874696058823,2.457,1.2244076834789894,2.6362705,0
Leaf nitrogen content per unit mass,Betula nana,90,10.535112976617617,2.615,12.359774632051902,17.6175,16
Leaf nitrogen content per unit mass,Betula nigra,10,8.33,2.28,9.987796998782509,15.440000000000001,0
Leaf nitrogen content per unit mass,Betula papyrifera,311,3.1338997818462104,2.565,3.352878339093872,0.6116666670000002,34
Leaf nitrogen content per unit mass,Betula pendula,431,5.739101419420038,2.5233333333,9.714798495955774,3.18571,71
Leaf nitrogen content per unit mass,Betula populifolia,14,3.295714285714286,2.34,4.229725785412125,0.8575000000000004,1
Leaf nitrogen content per unit mass,Betula pubescens,223,3.566241031085005,0.0313,8.345175734683387,2.6357395079,23
Leaf nitrogen content per unit mass,Betula pumila,11,6.879090909090909,1.81,7.161032683273349,13.29,0
Leaf nitrogen content per unit mass,Bidens tinctoria,10,1.4706000000000001,1.409,0.23585551132467136,0.07099999999999995,4
Leaf nitrogen content per unit mass,Bistorta bistortoides,10,17.47386,3.9,18.537173810673274,35.62,0
Leaf nitrogen content per unit mass,Bistorta sp,60,3.89040671,3.75764865,0.8101020326458246,1.2229119000000002,2
Leaf nitrogen content per unit mass,Bistorta vivipara,511,4.310590793005806,2.83945250511169,7.315335540969826,1.1081198511123702,27
Leaf nitrogen content per unit mass,Blepharoneuron tricholepis,10,1.1002,1.037,0.27018956308488307,0.2819999999999999,2
Leaf nitrogen content per unit mass,Bouteloua curtipendula,14,3.867861928571428,1.353,5.207011404802307,2.3365742500000004,3
Leaf nitrogen content per unit mass,Bouteloua gracilis,38,5.4289724696842105,1.545,6.199335825394754,11.25172781625,0
Leaf nitrogen content per unit mass,Brachypodium phoenicoides,15,7.270562666666667,2.6,7.157297736578745,11.45814,1
Leaf nitrogen content per unit mass,Brachypodium pinnatum,11,1.6899048484787873,1.7472383333,0.2678814677448865,0.2772383333333299,1
Leaf nitrogen content per unit mass,Brassica napus,99,3.9538716363636364,4.2161015,1.4068819306108782,2.1999934999999997,0
Leaf nitrogen content per unit mass,Briza media,22,3.714414182727273,1.7725,6.170847803299918,0.47750000000000026,4
Leaf nitrogen content per unit mass,Bromus anomalus,14,2.8657142857142857,2.97,0.5006720757866644,0.665,0
Leaf nitrogen content per unit mass,Bromus carinatus,19,2.0210526315789474,2,0.3359546056776472,0.40000000000000013,0
Leaf nitrogen content per unit mass,Bromus ciliatus,10,1.6798,1.608,0.17272894629704919,0.09499999999999997,2
Leaf nitrogen content per unit mass,Bromus erectus,54,14.35231726110878,19.4,11.19846406342131,21.326077285163024,0
Leaf nitrogen content per unit mass,Bromus hordeaceus,31,8.188448352847018,2.2,10.142769438119858,14.376968210345748,4
Leaf nitrogen content per unit mass,Bromus inermis,37,15.93168083752786,15.9197737,16.10891247146326,25.51002263,1
Leaf nitrogen content per unit mass,Bromus madritensis,10,10.3505,2.2024999999999997,10.908900660062457,19.595,0
Leaf nitrogen content per unit mass,Bromus tectorum,14,3.637992857142857,2.089,5.944342617528068,0.5015000000000005,2
Leaf nitrogen content per unit mass,Buddleja davidii,15,4.356,1.98,6.401871155038524,0,0
Leaf nitrogen content per unit mass,Buxus sempervirens,19,5.967599649122805,1.86,7.645960050688929,7.09426666665,5
Leaf nitrogen content per unit mass,Calamagrostis arundinacea,18,2.056111111111111,1.9300000000000002,0.46655355772110696,0.6524999999999999,1
Leaf nitrogen content per unit mass,Calamagrostis epigejos,22,8.199823679044584,2.2162282817000003,9.678395642379655,15.033635008055125,1
Leaf nitrogen content per unit mass,Calamagrostis lapponica,56,6.778004739308355,1.9,7.933420234858689,13.203896479195091,1
Leaf nitrogen content per unit mass,Calamagrostis sp,32,2.3019527875,2.2658319999999996,0.5531267844929678,0.811074125,2
Leaf nitrogen content per unit mass,Calamovilfa longifolia,12,4.132666666666667,1.4849999999999999,6.2935493430443,0.4882500000000001,2
Leaf nitrogen content per unit mass,Calluna vulgaris,109,2.8141810035358246,1.38,4.4168030840382615,0.5095968573,12
Leaf nitrogen content per unit mass,Caltha palustris,11,3.451206683309335,3.576525,0.5031819233353769,0,0
Leaf nitrogen content per unit mass,Campanula patula,24,18.195308920077405,18.063569845483052,5.129279537713978,5.0612692299635,3
Leaf nitrogen content per unit mass,Campanula trachelium,16,2.6413332499999997,2.6985578333499998,0.36681823622272575,0.6243640833249975,0
Leaf nitrogen content per unit mass,Carex arenaria,20,10.57109779728542,8.8531077829906,9.037830122967147,17.132337848305323,0
Leaf nitrogen content per unit mass,Carex bigelowii,28,16.550357142857145,3.295,16.442545194109016,28.869999999999997,0
Leaf nitrogen content per unit mass,Carex capitata,10,1.7080925,1.707275,0.0013163000544454762,0.0020437499999999,0
Leaf nitrogen content per unit mass,Carex flacca,31,5.133622943080568,1.84,6.5350845514768094,0.883,7
Leaf nitrogen content per unit mass,Carex geophila,10,1.301,1.232,0.3139653200947872,0.32699999999999996,0
Leaf nitrogen content per unit mass,Carex hirta,17,4.4561522607583,2.299,6.654659071537203,0.8180000000000001,2
Leaf nitrogen content per unit mass,Carex panicea,13,2.7689034474510232,1.72,4.037431539322292,0.383,1
Leaf nitrogen content per unit mass,Carex parallela,21,5.1657142857142855,1.34,5.64521263676451,10.55,0
Leaf nitrogen content per unit mass,Carex rostrata,13,2.0264709828541316,2.414675,0.8344827658101779,0.004674999999999763,3
Leaf nitrogen content per unit mass,Carex sp,67,2.307062537313433,2.28,0.4057295265237791,0.6868580999999998,1
Leaf nitrogen content per unit mass,Carex sylvatica,10,1.657519333326666,1.5487983333,0.2761444279159337,0.04379833333333005,2
Leaf nitrogen content per unit mass,Carex vaginata,49,5.866910777515543,1.88,6.944568459919636,12.54,0
Leaf nitrogen content per unit mass,Carex viridula,14,11.275075335366722,8.85663342677975,11.449663326387046,14.858701839275998,1
Leaf nitrogen content per unit mass,Carpinus betulus,67,10.68194337942824,2.44,11.155552122817888,20.895,0
Leaf nitrogen content per unit mass,Carpinus caroliniana,14,1.9798571428571428,2.0149999999999997,0.5060420865961579,0.3692500000000001,4
Leaf nitrogen content per unit mass,Carum carvi,19,22.414356410609688,24.6324340765447,9.819409510866107,8.4979264146491,3
Leaf nitrogen content per unit mass,Carya alba,20,1.84780515,1.8050000000000002,0.371303110061007,0.5539227499999999,0
Leaf nitrogen content per unit mass,Carya glabra,71,6.465647887323944,2,7.461902283501922,12.670000000000002,2
Leaf nitrogen content per unit mass,Carya ovata,47,3.0323574680851064,2.288,4.56709323867225,1.6724999999999999,3
Leaf nitrogen content per unit mass,Carya pallida,11,1.6738181818181819,1.693,0.21594898387434855,0.33750000000000013,0
Leaf nitrogen content per unit mass,Cassiope mertensiana,38,0.9896315789473684,0.985,0.10354067513905034,0.118,4
Leaf nitrogen content per unit mass,Cassiope tetragona,77,4.334494805194805,1.3357,5.0355479199308615,8.59,2
Leaf nitrogen content per unit mass,Castanea dentata,41,3.263814634146341,2.276,5.461552925384912,0.4650000000000001,10
Leaf nitrogen content per unit mass,Castanea sativa,83,3.8073767068277107,2.36,5.134252203210368,0.8043,11
Leaf nitrogen content per unit mass,Ceanothus cuneatus,11,4.207404639554546,1.47,6.050104668745679,0.41887091755000005,2
Leaf nitrogen content per unit mass,Ceanothus fendleri,10,3.0228,2.747,0.57332418597354,0.7959999999999998,0
Leaf nitrogen content per unit mass,Ceanothus thyrsiflorus,10,2.47,2.47,0.7022187060390167,0.7600000000000002,0
Leaf nitrogen content per unit mass,Centaurea jacea,61,10.120617024785055,2.45,11.393722324537313,18.9769748356955,2
Leaf nitrogen content per unit mass,Centaurea scabiosa,11,2.252727272727273,2.23,0.07537783614444091,0,0
Leaf nitrogen content per unit mass,Cerastium fontanum,10,3.7957333333,2.41,4.996147208937231,0,0
Leaf nitrogen content per unit mass,Cercis canadensis,57,8.188947369424561,2.36,9.022094443315677,16.16,0
Leaf nitrogen content per unit mass,Chamaedaphne calyculata,14,4.457857142857143,1.36,5.184978567675352,8.207500000000001,0
Leaf nitrogen content per unit mass,Chenopodium album,63,16.26804400263492,4.44,18.32577196690974,25.67,7
Leaf nitrogen content per unit mass,Chenopodium leptophyllum,10,31.358826938,31.25687653,7.936211413683372,10.081031160000002,0
Leaf nitrogen content per unit mass,Chrysopsis villosa,28,7.776105002461553,2.306,9.63675248963656,18.430133412057454,0
Leaf nitrogen content per unit mass,Cirsium arvense,10,5.07709408199485,2.29913556520944,8.425333514212854,0.8924435334121201,2
Leaf nitrogen content per unit mass,Cirsium oleraceum,16,17.491112803064297,17.9040423672726,8.494290867865793,8.913938702700623,3
Leaf nitrogen content per unit mass,Cirsium wheeleri,22,1.590090909090909,1.586,0.29493000123369206,0.42599999999999993,0
Leaf nitrogen content per unit mass,Cistus albidus,86,14.442354748061629,16.151995,6.269164430890922,5.9715875,14
Leaf nitrogen content per unit mass,Cistus creticus,156,16.334455839858975,16.3345,3.874002192554366,4.2265,14
Leaf nitrogen content per unit mass,Cistus ladanifer,14,4.438305955785714,1.605,5.831164926920207,0.27700000000000036,3
Leaf nitrogen content per unit mass,Cistus monspeliensis,23,4.436417391304348,1.6,6.504087023322837,0.7028000000000001,4
Leaf nitrogen content per unit mass,Cistus salviifolius,137,13.685268597248175,14.411,4.83762439045356,4.203999999999999,17
Leaf nitrogen content per unit mass,Cologania angustifolia,10,3.8112,3.798,0.5192667479779112,0.30799999999999983,4
Leaf nitrogen content per unit mass,Comandra umbellata,17,2.762770588235294,2.0686,2.9650756771043607,1.0533000000000001,1
Leaf nitrogen content per unit mass,Convallaria majalis,12,2.993333333333333,2.6849999999999996,0.9041352808405422,1.23,0
Leaf nitrogen content per unit mass,Convolvulus arvensis,17,10.797895205882353,3.44,16.44169127954933,2.59,3
Leaf nitrogen content per unit mass,Coreopsis palmata,25,2.34846416,1.31,2.8939579522901915,0.6303000000000001,4
Leaf nitrogen content per unit mass,Cornus alternifolia,15,2.1302666666666665,2.04,0.5156537413346101,0.5350000000000001,2
Leaf nitrogen content per unit mass,Cornus florida,50,2.88694722,1.6099999999999999,4.103387764724124,0.8374999999999999,9
Leaf nitrogen content per unit mass,Cornus sanguinea,25,4.549456087764164,2.13,6.522073597180517,0.06666666670000021,7
Leaf nitrogen content per unit mass,Cornus suecica,14,2.8173335593137834,2.065525,4.038182356915458,0,0
Leaf nitrogen content per unit mass,Corylus americana,60,2.7713966666666665,2.24435,3.261408987339761,0.5070749999999999,2
Leaf nitrogen content per unit mass,Corylus avellana,23,6.214132608695652,2.46,8.648796564356786,0.07437499999999986,10
Leaf nitrogen content per unit mass,Crataegus laciniata,30,14.460630666666667,14.485495,1.9097411791977672,2.6313674999999996,1
Leaf nitrogen content per unit mass,Crataegus monogyna,104,12.599854116135795,15.9817865,7.733197790925329,16.54109625,0
Leaf nitrogen content per unit mass,Crepis biennis,25,24.309563975715886,23.2401663188511,7.98890861564881,8.5139591189055,3
Leaf nitrogen content per unit mass,Crepis paludosa,22,11.653505893181817,2.59,12.58363619214141,22.55,1
Leaf nitrogen content per unit mass,Crocanthemum bicknellii,21,1.681547619047619,1.6224,0.3023048620499638,0.43720000000000003,1
Leaf nitrogen content per unit mass,Cymopterus lemmonii,33,1.9317730965682376,1.96,1.3421602447429484,3.0997625538142985,0
Leaf nitrogen content per unit mass,Cynosurus cristatus,38,6.733464523673835,2.3369999999999997,8.54073139793662,1.7117000002500002,9
Leaf nitrogen content per unit mass,Cyperus sp,12,1.0060207361666667,0.9455415025,0.253696443121207,0.12493003699999994,4
Leaf nitrogen content per unit mass,Cytisus scoparius,40,23.047627833333333,27.40989,10.678754825903253,6.869909999999997,9
Leaf nitrogen content per unit mass,Dactylis glomerata,170,14.761384700541702,3.4595583335,14.011869609083913,25.830000000000002,4
Leaf nitrogen content per unit mass,Daphne gnidium,35,18.891783571428572,19.427,6.134826380178,7.8966855,1
Leaf nitrogen content per unit mass,Daphne laureola,66,9.796458767674748,3.240419,8.46013553595689,16.8988776667,0
Leaf nitrogen content per unit mass,Daucus carota,173,7.010654256937267,4.4964,7.219933720680755,1.3559999999999999,29
Leaf nitrogen content per unit mass,Deschampsia caespitosa,16,12.047375,2.295,14.240707837627548,22.0625,2
Leaf nitrogen content per unit mass,Deschampsia cespitosa,29,5.791479578468489,1.8641825421204,6.135211185187505,8.37805097,3
Leaf nitrogen content per unit mass,Deschampsia flexuosa,166,5.8638703195362165,2.647625426,8.37018907769575,1.1306804585000003,35
Leaf nitrogen content per unit mass,Dieteria canescens,11,2.8476181818181816,2.841,0.5841878838493346,1.016,0
Leaf nitrogen content per unit mass,Digitalis lutea,12,1.8786864444555567,1.7719226666833352,0.5869899113462466,1.36413666666667,0
Leaf nitrogen content per unit mass,Digitalis purpurea,11,3.78,3.78,0,0,0
Leaf nitrogen content per unit mass,Dionaea muscipula,13,7.453846153846154,7.2,1.7091008282209805,1.2999999999999998,2
Leaf nitrogen content per unit mass,Diplacus aurantiacus,30,2.05280748274,1.9,0.7371337358716429,0.7749999999999997,3
Leaf nitrogen content per unit mass,Drosera rotundifolia,15,6.493630345616511,1.20024751061589,6.8280703990205645,12.449752489399998,0
Leaf nitrogen content per unit mass,Dryas octopetala,79,7.211299367089452,2.05,8.306074773394421,13.155000000000001,5
Leaf nitrogen content per unit mass,Dryopteris carthusiana,13,4.2404764806076924,2.44,6.5102526582967535,0.18999999999999995,1
Leaf nitrogen content per unit mass,Echeandia flavescens,10,2.3964,2.237,0.356391544980143,0.258,2
Leaf nitrogen content per unit mass,Eleocharis palustris,13,11.335468328649785,3.4502529037,11.887704157752932,17.0011489243177,2
Leaf nitrogen content per unit mass,Elymus canadensis,19,5.062580578947368,2.71,6.96740942224605,0.6809999999999996,3
Leaf nitrogen content per unit mass,Elymus elymoides,22,1.5223636363636364,1.53,0.24518303084577167,0.44900000000000007,0
Leaf nitrogen content per unit mass,Elymus repens,41,4.178229266413888,2.44365,6.339536658294057,1.2430275015,4
Leaf nitrogen content per unit mass,Elymus smithii,26,12.210403941153846,3.2316955,13.55492801333778,21.891233417499997,1
Leaf nitrogen content per unit mass,Empetrum nigrum,131,4.7095471515102,1.3283333333,4.918086510078854,7.85419202185,10
Leaf nitrogen content per unit mass,Epilobium angustifolium,27,3.5679534689740326,3.178166799,3.7720200358705593,0.38968001411703,4
Leaf nitrogen content per unit mass,Epilobium hirsutum,12,3.0997379253555173,3.23,0.30452139858965876,0,0
Leaf nitrogen content per unit mass,Epilobium latifolium,38,1.6973157894736843,1.853,0.41980845730527583,0.6824999999999999,0
Leaf nitrogen content per unit mass,Epipactis helleborine,20,3.4615132666633333,3.644471666683335,0.44147547989353486,0.3723706667000002,4
Leaf nitrogen content per unit mass,Equisetum arvense,12,23.15243880770735,18.617337318810847,18.867271980244297,39.33723776838337,0
Leaf nitrogen content per unit mass,Equisetum scirpoides,26,7.385769230769231,1.39,7.247034799462149,12.2,2
Leaf nitrogen content per unit mass,Equisetum sylvaticum,11,1.8764835434810527,2.3041909137,0.8495065905839805,0.22819962253237014,3
Leaf nitrogen content per unit mass,Eremogone fendleri,12,1.8225,1.772,0.2269351128727007,0.22899999999999987,2
Leaf nitrogen content per unit mass,Erica cinerea,11,1.7260606060636363,1.42,1.7114391722763753,0.27,4
Leaf nitrogen content per unit mass,Ericameria nauseosa,26,2.0675297887692308,2.068,0.3921311888566038,0.5802399839999999,0
Leaf nitrogen content per unit mass,Erigeron divergens,10,1.9276,1.832,0.46785638822185605,0.7880000000000003,0
Leaf nitrogen content per unit mass,Erigeron flagellaris,10,1.054,1.022,0.31807406544877426,0.21900000000000008,4
Leaf nitrogen content per unit mass,Erigeron formosissimus,10,1.6446,1.633,0.30435768431238924,0.08199999999999985,4
Leaf nitrogen content per unit mass,Erigeron pumilus,10,17.722534044,17.703048000000003,2.5131431074733386,1.5772722899999998,2
Leaf nitrogen content per unit mass,Erigeron speciosus,37,7.107198281621036,0.0794584815854643,14.067301423035442,2.1192407088962724,7
Leaf nitrogen content per unit mass,Eriogonum racemosum,10,1.8876,1.644,0.5240006785406973,0.3619999999999999,2
Leaf nitrogen content per unit mass,Eriogonum umbellatum,16,6.067727423541044,0.019100030151967352,13.085221901142445,0.010458872679770404,3
Leaf nitrogen content per unit mass,Eriophorum angustifolium,15,8.23806620863745,2.5667770144,8.420942326410557,14.738222985604779,0
Leaf nitrogen content per unit mass,Eriophorum vaginatum,15,8.593333333333334,2.16,9.599514620666033,16.305,0
Leaf nitrogen content per unit mass,Erodium cicutarium,10,2.9307,2.882,0.7563674959230394,1.32525,0
Leaf nitrogen content per unit mass,Eschscholzia californica,17,2.9941176470588236,2.8,0.5984047420384615,0.6999999999999997,1
Leaf nitrogen content per unit mass,Eupatorium cannabinum,15,10.672513430383923,2.8401306609,10.137461019211948,16.5271720488148,1
Leaf nitrogen content per unit mass,Euphorbia brachycera,10,2.1132,2.202,0.3364860241443089,0.41000000000000014,0
Leaf nitrogen content per unit mass,Euphorbia fendleri,10,0.9054,0.872,0.3595284566082511,0.11099999999999999,4
Leaf nitrogen content per unit mass,Euphrasia frigida,11,8.203242216652503,5.3750949119,9.701997761628519,4.0819791990998056e-11,4
Leaf nitrogen content per unit mass,Fabaceae sp,54,3.295185185185185,3.08,0.8285762754898803,1.13,0
Leaf nitrogen content per unit mass,Fagus grandifolia,501,2.45905789899002,2.567,0.5638411452809226,0.5,71
Leaf nitrogen content per unit mass,Fagus sylvatica,445,5.058485608304981,2.44,7.240132697862459,0.5577073171000002,89
Leaf nitrogen content per unit mass,Festuca altissima,10,2.8304596,2.972138,0.30374927971353094,0.004372999999999738,2
Leaf nitrogen content per unit mass,Festuca arizonica,29,2.2511724137931033,1.277,5.2658170446553925,0.262,5
Leaf nitrogen content per unit mass,Festuca ovina,107,12.598219817359288,11.42298671,10.438217037799738,18.07,2
Leaf nitrogen content per unit mass,Festuca rubra,90,9.818614167352019,2.1829521235,10.218758903932263,14.562521222412201,14
Leaf nitrogen content per unit mass,Festuca sp,82,1.8102499731707318,1.7581752,0.5014457986381621,0.7835993000000001,0
Leaf nitrogen content per unit mass,Festuca valesiaca,49,12.688755102040817,12.57,3.312771375868777,3.965,2
Leaf nitrogen content per unit mass,Festuca vivipara,11,13.788181818181819,13.2,1.2697859518975485,2.0699999999999985,0
Leaf nitrogen content per unit mass,Filipendula ulmaria,19,2.4707954581852682,2.77836130348967,0.8466454672655238,0.32336130350000003,6
Leaf nitrogen content per unit mass,Fragaria vesca,37,2.01043248079075,1.685889156,1.8847068062154175,0.5012683852000002,1
Leaf nitrogen content per unit mass,Fragaria virginiana,26,5.4599179997985665,1.2557,10.18054352600475,1.5455166505491238,5
Leaf nitrogen content per unit mass,Frangula alnus,21,6.671390727866782,2.98,9.338127411862038,0.6627493827523998,3
Leaf nitrogen content per unit mass,Fraxinus americana,61,4.196147885781968,2.423,5.498071864034489,0.8279999999999998,8
Leaf nitrogen content per unit mass,Fraxinus angustifolia,36,6.947990477713842,2.92,9.675971331478422,1.0359999999999996,6
Leaf nitrogen content per unit mass,Fraxinus excelsior,87,5.177714724810508,2.4923,8.299414583522937,0.90611666665,10
Leaf nitrogen content per unit mass,Fraxinus ornus,11,1.8754545454545455,1.81,0.2323516144279456,0.395,0
Leaf nitrogen content per unit mass,Fraxinus pennsylvanica,10,1.6473,1.5485,0.2882414304402166,0.2725000000000002,2
Leaf nitrogen content per unit mass,Galium aparine,12,10.544909629416667,3.83,11.138017156460295,15.433463752499996,1
Leaf nitrogen content per unit mass,Galium boreale,22,2.0753454545454546,2.19,0.4953507210887221,0.4145000000000003,5
Leaf nitrogen content per unit mass,Galium mollugo,66,9.853339587406543,2.3633333335,11.592603126921448,18.630337343873773,4
Leaf nitrogen content per unit mass,Galium odoratum,25,2.3220085716709544,2.34164376664337,0.17007153840131664,0.21024133329999994,2
Leaf nitrogen content per unit mass,Galium verum,33,3.266897848025448,2.0065,5.547808191603283,0.6138999999999999,2
Leaf nitrogen content per unit mass,Gaylussacia baccata,12,2.8408333333333333,1.66,4.342942986947767,0.1475000000000004,4
Leaf nitrogen content per unit mass,Genista cinerea,29,23.703758620689655,24.469,4.109322534147833,5.033999999999999,3
Leaf nitrogen content per unit mass,Genista hirsuta,10,11.612648333340001,3.5575,11.382526840776668,21.109654166650003,0
Leaf nitrogen content per unit mass,Geranium dissectum,11,2.018181818181818,1.9,0.7263858228492373,0.2999999999999998,2
Leaf nitrogen content per unit mass,Geranium pratense,36,26.497641606878595,29.2531916164088,10.763746685340438,13.064015486964042,4
Leaf nitrogen content per unit mass,Geranium richardsonii,23,3.7367391304347826,3.2,3.6089633391597657,0.5924999999999998,5
Leaf nitrogen content per unit mass,Geranium sylvaticum,54,9.159943885544685,2.7214,10.628520351422763,19.009999999999998,0
Leaf nitrogen content per unit mass,Geum sp,62,2.3573197612903227,2.2513955,0.4818427267672147,0.6695042500000001,2
Leaf nitrogen content per unit mass,Geum triflorum,25,6.3548,1.62,8.629784243150771,9.117999999999999,5
Leaf nitrogen content per unit mass,Glechoma hederacea,34,20.965264180501766,23.728043478564402,12.58297348996598,20.269871514812532,0
Leaf nitrogen content per unit mass,Globularia alypum,14,3.111357142857143,0.844,4.563490846796037,0.43699999999999994,3
Leaf nitrogen content per unit mass,Glycine max,20,4.8055,4.945,0.7703756773227763,1.4224999999999994,0
Leaf nitrogen content per unit mass,Graminoid,33,1.442939393939394,1.422,0.286409555902245,0.43999999999999995,1
Leaf nitrogen content per unit mass,Graminoids sp,33,1.442939393939394,1.422,0.286409555902245,0.43999999999999995,1
Leaf nitrogen content per unit mass,Grindelia squarrosa,12,14.756694480833334,15.425952075,5.05272574403756,3.695951035,2
Leaf nitrogen content per unit mass,Gutierrezia sarothrae,23,4.559486956521739,2.023,5.753681343224318,0.8109999999999999,4
Leaf nitrogen content per unit mass,Gymnocarpium dryopteris,37,8.594332265825212,2.33,9.235521275329438,16.25,1
Leaf nitrogen content per unit mass,Hamamelis virginiana,46,1.8040434786760868,1.9845000000000002,0.5388874112695324,0.80175,2
Leaf nitrogen content per unit mass,Hedera helix,56,3.5751393642487503,1.44133333335,4.905198110313807,0.4730000000000001,9
Leaf nitrogen content per unit mass,Helianthella quinquenervis,26,9.549133694111838,2.427,16.022639066539785,2.699740767696452,6
Leaf nitrogen content per unit mass,Helianthemum nummularium,26,6.396180132220511,2.263745,8.575486096726559,0.3888741666499995,6
Leaf nitrogen content per unit mass,Helictotrichon pratense,10,1.64,1.64,0,0,0
Leaf nitrogen content per unit mass,Helictotrichon pubescens,52,11.173159615384616,2.5519166665,12.013041989706355,23.134741667000004,0
Leaf nitrogen content per unit mass,Heliomeris multiflora,14,13.358,2.756,18.724523216688528,20.13,2
Leaf nitrogen content per unit mass,Heracleum sphondylium,42,24.89423735297328,23.902078331250053,12.481682125478047,13.654325000136001,7
Leaf nitrogen content per unit mass,Heteromeles arbutifolia,14,3.252497231157143,1.06837,4.477303409760276,0.3708817690499999,3
Leaf nitrogen content per unit mass,Hieracium umbellatum,23,17.067684158742587,22.87308754,12.58452682113688,25.224327050000003,0
Leaf nitrogen content per unit mass,Hilaria jamesii,35,2.0627142857142857,2.33,0.726046815919995,1.3364,0
Leaf nitrogen content per unit mass,Hilaria rigida,66,1.8675757575757574,1.67,0.5024373228605369,0.78,4
Leaf nitrogen content per unit mass,Hippophae rhamnoides,30,14.421239125883247,20.45564539736445,11.478780557626393,20.873217939883727,0
Leaf nitrogen content per unit mass,Holcus lanatus,79,9.31047943275895,2.9003269424,9.333592762415108,14.5056444162428,5
Leaf nitrogen content per unit mass,Hordeum vulgare,71,3.253333718309859,3.3146085,0.7937617151252624,0.5068645000000003,21
Leaf nitrogen content per unit mass,Houstonia wrightii,10,1.4842,1.474,0.5176100634433007,0.8510000000000001,0
Leaf nitrogen content per unit mass,Huperzia selago,23,6.2382608695652175,1.51,5.433440775063853,10.26,0
Leaf nitrogen content per unit mass,Hydrocotyle vulgaris,15,9.183679543655654,2.5680525006,9.59132727842131,14.3741380786817,2
Leaf nitrogen content per unit mass,Hymenopappus mexicanus,10,1.5646,1.59,0.20081124359844882,0.12200000000000011,4
Leaf nitrogen content per unit mass,Hymenothrix dissecta,10,1.9307999999999998,2.026,0.7002711855655159,0.13800000000000012,4
Leaf nitrogen content per unit mass,Hymenoxys hoopesii,19,14.147788382105263,14.077,10.75661693319308,19.686,0
Leaf nitrogen content per unit mass,Hymenoxys richardsonii,10,1.7964,1.508,0.5303355751052556,0.518,2
Leaf nitrogen content per unit mass,Hypericum perforatum,18,4.512976843367673,2.2165956667,6.77066590872236,0.09934961458642277,8
Leaf nitrogen content per unit mass,Ilex aquifolium,41,4.835152120371634,1.48,6.455039749890689,1.1980000000000002,10
Leaf nitrogen content per unit mass,Ilex opaca,29,1.974102,1.61,0.7619965438628034,1.21,1
Leaf nitrogen content per unit mass,Ilex verticillata,27,4.5157037037037036,2.515,5.963811493014893,0.6639999999999997,6
Leaf nitrogen content per unit mass,Ipomopsis aggregata,10,12.559000000000001,2.18,13.84542949857461,26.28375,0
Leaf nitrogen content per unit mass,Jacobaea vulgaris,49,25.78213955510204,26.83644424,8.025951288424446,5.062545609999997,6
Leaf nitrogen content per unit mass,Juglans nigra,21,6.086190476190477,2.24,9.845959311408146,1.1099999999999999,3
Leaf nitrogen content per unit mass,Juncus arcticus,14,5.69496586721604,2.2335802379,7.1965322033458445,1.886002465312231e-11,5
Leaf nitrogen content per unit mass,Juncus articulatus,11,10.562309452867028,2.9527943484,10.998000865441858,14.963734192686552,2
Leaf nitrogen content per unit mass,Juncus drummondii,10,0.02543969879885043,0.0249941919009996,0.006022842624820268,0.005571903121321602,3
Leaf nitrogen content per unit mass,Juncus effusus,12,3.7447202290467767,1.5705,5.644482474880539,0.492918802675,2
Leaf nitrogen content per unit mass,Juncus trifidus,14,11.99040321954902,3.2289932717000003,10.594801711509447,18.9570134566,0
Leaf nitrogen content per unit mass,Juniperus communis,85,7.216099670758544,8.78605,5.937616792558239,11.356919961,0
Leaf nitrogen content per unit mass,Juniperus deppeana,22,1.6735,1.0868,2.141712732504392,0.24095,3
Leaf nitrogen content per unit mass,Juniperus monosperma,24,2.4169595646333333,1.17,3.303988688239854,0.2946778366,3
Leaf nitrogen content per unit mass,Juniperus osteosperma,30,1.7143599999999999,1.0406,2.1123394665141073,0.15349999999999997,8
Leaf nitrogen content per unit mass,Juniperus oxycedrus,48,8.443854166666666,9.95015,6.197850915179453,12.53775,0
Leaf nitrogen content per unit mass,Juniperus phoenicea,34,9.47926355882353,9.63025,3.7549780764139093,2.4518000000000004,8
Leaf nitrogen content per unit mass,Juniperus scopulorum,18,1.3105777777777778,1.2745,0.12960282111833085,0.1541999999999999,2
Leaf nitrogen content per unit mass,Juniperus thurifera,10,1.5184,1.567,0.18761141874748574,0.21700000000000008,0
Leaf nitrogen content per unit mass,Juniperus virginiana,17,4.118823529411764,1.51,5.861879905747964,0.25,3
Leaf nitrogen content per unit mass,Kalmia latifolia,16,3.88125,1.45,4.54659414653797,3.03,4
Leaf nitrogen content per unit mass,Knautia arvensis,45,19.326403466160045,19.0159487341678,5.79389010055355,6.046409533315298,4
Leaf nitrogen content per unit mass,Kobresia sp,60,2.8139619066666666,2.9028855499999997,0.3283537607185388,0.31045630000000024,10
Leaf nitrogen content per unit mass,Koeleria macrantha,71,16.30341304869118,18.452,9.742633259424533,16.13380334285,0
Leaf nitrogen content per unit mass,Koeleria pyramidata,57,4.22299767277193,1.27881843,5.875327957031534,1.49125,13
Leaf nitrogen content per unit mass,Krameria erecta,95,2.0107368421052634,1.77,1.9401394126839173,0.81,3
Leaf nitrogen content per unit mass,Laburnum anagyroides,25,6.935146666668,3.41,10.36733261530123,0.10899999999999999,9
Leaf nitrogen content per unit mass,Lamium galeobdolon,14,2.8765351825789973,2.967409226654995,0.7994245394394295,1.6366958685572426,0
Leaf nitrogen content per unit mass,Larix decidua,75,3.8001777777773333,2.08,5.666200428443772,0.4249999999999998,8
Leaf nitrogen content per unit mass,Larix gmelinii,17,5.797823529411764,1.87,5.850693807525033,10.055,0
Leaf nitrogen content per unit mass,Larix laricina,50,3.161986666672,2.3216666667,3.248828754559843,0.78,4
Leaf nitrogen content per unit mass,Larix lyallii,30,2.1943333333333332,2.201,0.16814142924896613,0.25050000000000017,0
Leaf nitrogen content per unit mass,Larix occidentalis,10,7.185,2.145,8.92265935694062,10.82,1
Leaf nitrogen content per unit mass,Larrea tridentata,191,2.6046178010471204,2.06,2.965867343716431,0.48,21
Leaf nitrogen content per unit mass,Lathyrus pratensis,46,24.970144994549674,33.8178111463043,20.516868069343502,41.54860366753443,0
Leaf nitrogen content per unit mass,Lathyrus sp,20,4.069,4.244999999999999,0.4996935903236365,0.7200000000000002,2
Leaf nitrogen content per unit mass,Lathyrus venosus,12,3.66205,3.6128,0.6461557728034879,0.6926249999999996,2
Leaf nitrogen content per unit mass,Lathyrus vernus,30,3.332277911102221,3.37559866665,0.384751046089603,0.24361766669166718,4
Leaf nitrogen content per unit mass,Lavandula latifolia,41,16.298664146341462,17.3533,7.63227058860598,6.694939999999999,8
Leaf nitrogen content per unit mass,Lavandula stoechas,10,4.01552666666,1.51286666665,5.42531139965245,0.29261666667499986,3
Leaf nitrogen content per unit mass,Leontodon hispidus,49,14.358243623464029,17.7596801093714,10.13394839404327,20.3310080808603,0
Leaf nitrogen content per unit mass,Lepidium densiflorum,10,5.3561877184,4.513999999999999,5.375105231124275,2.2072500000000006,1
Leaf nitrogen content per unit mass,Lespedeza capitata,58,3.8055938196896553,2.3376560895000003,5.603357670576033,0.38044291475000014,12
Leaf nitrogen content per unit mass,Leucanthemum vulgare,46,17.870570147849993,20.0766912757802,11.808529954154896,24.09230764866635,0
Leaf nitrogen content per unit mass,Liatris aspera,41,2.224536298390244,1.164307798,3.5624753270397087,0.474423477,5
Leaf nitrogen content per unit mass,Liatris punctata,12,14.492712156666666,15.14634004,4.453097956974607,2.3694858399999994,2
Leaf nitrogen content per unit mass,Ligusticum porteri,10,0.032384877998833064,0.03424383399283005,0.018616164582651893,0.028369247619543597,0
Leaf nitrogen content per unit mass,Ligustrum vulgare,17,4.241327739221606,1.58,5.924403005188491,0.10999999999999988,4
Leaf nitrogen content per unit mass,Linaria dalmatica,20,9.7820942285,7.8656869050000005,8.376893957755174,14.432983225000001,0
Leaf nitrogen content per unit mass,Linum australe,10,1.441,1.486,0.11647794259477248,0.139,2
Leaf nitrogen content per unit mass,Linum lewisii,11,22.624727272727274,31.278,15.946603607608168,30.066,0
Leaf nitrogen content per unit mass,Liquidambar styraciflua,184,6.21150677173913,1.8,7.134940474394161,11.8990655,11
Leaf nitrogen content per unit mass,Liriodendron tulipifera,83,3.5127746746987953,2.24,5.464570498368593,1.1749999999999998,16
Leaf nitrogen content per unit mass,Lithocarpus densiflorus,13,23.40876923076923,21,10.223704442404475,17.588,0
Leaf nitrogen content per unit mass,Lolium perenne,66,3.095709960342285,2.170383333,4.637770008830712,1.049477778,3
Leaf nitrogen content per unit mass,Lolium pratense,22,2.2161909091363636,2.1318833335000003,0.48490609945586494,0.6350916665000002,1
Leaf nitrogen content per unit mass,Lonicera periclymenum,13,7.472391331282053,2.26,8.500133955051535,13.01,1
Leaf nitrogen content per unit mass,Lotus corniculatus,69,24.916188726999536,29.38,19.799911871689226,40.2181831715542,0
Leaf nitrogen content per unit mass,Luetkea pectinata,58,0.9973793103448275,1.011,0.19030933522347304,0.2539999999999999,0
Leaf nitrogen content per unit mass,Lupinus argenteus,23,2.03476827327474,0.0464478032076982,2.3347852187205107,4.517089371381798,0
Leaf nitrogen content per unit mass,Lupinus perennis,29,7.505772225448276,3.27533657,11.654194246582515,1.2817689479999999,4
Leaf nitrogen content per unit mass,Lupinus variicolor,13,2.207692307692308,2.1,0.9331501651766615,0.5999999999999999,3
Leaf nitrogen content per unit mass,Luzula campestris,22,13.887847227074836,15.1,7.1243678990341035,4.996064474520823,7
Leaf nitrogen content per unit mass,Luzula multiflora,15,11.420435654594005,2.3,10.174561885801127,19.43236443729832,0
Leaf nitrogen content per unit mass,Luzula pilosa,15,1.8666666666666667,1.83,0.37790147368001065,0.5449999999999999,0
Leaf nitrogen content per unit mass,Luzula piperi,48,1.348125,1.3199999999999998,0.29502835240600905,0.2947500000000003,4
Leaf nitrogen content per unit mass,Luzula sp,60,2.54113818,2.40924095,0.6071656548125881,0.9014291999999999,2
Leaf nitrogen content per unit mass,Luzula sylvatica,17,1.5155606274549023,1.5783423333,0.20453785752085565,0.16382833333333013,5
Leaf nitrogen content per unit mass,Lycium andersonii,21,3.6751428571428573,2.64,4.0226468063417435,1.609,1
Leaf nitrogen content per unit mass,Lycium pallidum,42,2.4976190476190476,2.07,1.244119454549809,1.2999999999999998,6
Leaf nitrogen content per unit mass,Lycopodium annotinum,32,3.0994666875789973,1.07,4.167534940523927,0.31194999999999995,9
Leaf nitrogen content per unit mass,Lycopus europaeus,10,12.661893586569139,10.15425774780225,12.728291054770166,15.70394125902555,1
Leaf nitrogen content per unit mass,Lyonia lucida,10,4.835,4.155,4.19227662891338,8.28,0
Leaf nitrogen content per unit mass,Lysimachia vulgaris,11,3.7749380375842163,2.515,4.232992689813325,1.43336438990434,1
Leaf nitrogen content per unit mass,Magnolia acuminata,27,2.776851851851852,3.079,0.7898437870726135,0.4604999999999997,6
Leaf nitrogen content per unit mass,Magnolia fraseri,11,4.453363636363636,2.628,6.1275032806637855,0.3775000000000004,3
Leaf nitrogen content per unit mass,Magnolia grandiflora,24,2.0233333333333334,2.105,0.7460834937928496,0.9999999999999998,1
Leaf nitrogen content per unit mass,Magnolia virginiana,23,2.5103913026913043,2.51,0.6594430671908851,0.8635000000000002,0
Leaf nitrogen content per unit mass,Maianthemum canadense,14,2.1854642857142856,2.22905,0.4543085711904882,0.4170250000000002,3
Leaf nitrogen content per unit mass,Malus sylvestris,17,5.623137254905888,2.17,7.715967793277753,0.0033333333000000742,6
Leaf nitrogen content per unit mass,Matteuccia struthiopteris,13,5.280354224840624,3.2900079465,7.364274538661106,3.2030378349645616e-11,4
Leaf nitrogen content per unit mass,Medicago lupulina,28,39.57379107175705,42.682242163453154,12.964479280629766,5.815685798204001,3
Leaf nitrogen content per unit mass,Medicago polymorpha,16,4.058125,4.2,0.6420199244052581,0.5249999999999999,2
Leaf nitrogen content per unit mass,Medicago varia_x,24,47.764584499093445,47.82327351649915,4.27011717600881,5.322055249857193,2
Leaf nitrogen content per unit mass,Melampyrum sylvaticum,35,8.147968778923078,2.96,11.53613186770667,1.8160169820999998,7
Leaf nitrogen content per unit mass,Melica uniflora,21,2.6273690793587297,2.74,0.41670185887549055,0.4672873333000003,4
Leaf nitrogen content per unit mass,Melittis melissophyllum,16,2.226948416670834,2.290634833333335,0.48540801428963687,0.8182957500250003,0
Leaf nitrogen content per unit mass,Mentha aquatica,22,9.042912720501949,2.6429206135500003,9.138865036275762,13.957043471934675,3
Leaf nitrogen content per unit mass,Mercurialis perennis,26,2.66962425585641,2.499887,0.8092290756485597,0.8139999999999996,3
Leaf nitrogen content per unit mass,Mertensia ciliata,11,36.93609090909091,34.464,6.792375879683714,10.532499999999999,0
Leaf nitrogen content per unit mass,Mertensia lanceolata,12,24.167132480833335,26.486531149999998,10.75207994674083,6.305477160000002,3
Leaf nitrogen content per unit mass,Micranthes ferruginea,34,0.6926470588235294,0.633,0.32065311024890975,0.21099999999999997,2
Leaf nitrogen content per unit mass,Milium effusum,25,7.6604,2.32,8.232366751629408,16.12,0
Leaf nitrogen content per unit mass,Mirabilis decipiens,10,4.2474,4.316,0.41821344895745394,0.7070000000000003,0
Leaf nitrogen content per unit mass,Molinia caerulea,28,5.599349702435942,2.19229079785,7.70118815325616,0.5470000000000002,7
Leaf nitrogen content per unit mass,Monarda fistulosa,19,3.4575332545263158,1.480702891,5.522393590952929,0.6577669915,4
Leaf nitrogen content per unit mass,Morus alba,30,2.3236666666666665,2.2199999999999998,0.35905511375364607,0.5499999999999998,2
Leaf nitrogen content per unit mass,Muhlenbergia montana,10,1.1802,1.134,0.11107434947417474,0.16599999999999993,0
Leaf nitrogen content per unit mass,Muhlenbergia rigens,10,1.42,1.37,0.15249772311597168,0.14500000000000002,2
Leaf nitrogen content per unit mass,Muhlenbergia wrightii,10,1.6974,1.501,0.5014816270036444,0.589,2
Leaf nitrogen content per unit mass,Nardus stricta,16,9.5109622044072,2.005179,9.47370225437138,19.390555659999997,0
Leaf nitrogen content per unit mass,Nassella pulchra,31,2.1996774193548387,2.2,0.41481308136691913,0.5500000000000003,2
Leaf nitrogen content per unit mass,Nepenthes coccinea,13,32.19230769230769,33.8,10.874087052749266,20.3,0
Leaf nitrogen content per unit mass,Noccaea montana,10,2.8192,2.601,0.4326016386674671,0.6389999999999998,0
Leaf nitrogen content per unit mass,Nyssa sylvatica,41,2.1656829268292683,1.84,2.663259473267901,0.9729999999999999,1
Leaf nitrogen content per unit mass,Oenothera coronopifolia,10,17.766217365,18.288856655,3.792459146269053,5.118928432499999,0
Leaf nitrogen content per unit mass,Onobrychis viciifolia,34,38.811052200027156,39.14958472865705,3.626589871523287,5.886095641685678,0
Leaf nitrogen content per unit mass,Ononis spinosa,10,26.82495071629498,39.0674183740749,19.140672635902657,35.999306874999995,0
Leaf nitrogen content per unit mass,Origanum vulgare,11,2.1981818181818182,2.24,0.13869521850577132,0,0
Leaf nitrogen content per unit mass,Orthilia secunda,13,1.888425,1.877075,0.36661027686654757,0,0
Leaf nitrogen content per unit mass,Ostrya virginiana,112,3.3959056122448983,2.875,2.9963554046227783,0.4624999999999999,22
Leaf nitrogen content per unit mass,Oxalis alpina,10,3.7652,3.849,0.23655903655911711,0.3759999999999999,0
Leaf nitrogen content per unit mass,Oxydendrum arboreum,15,1.9644333333333335,0.024669,4.685277299435339,1.7493285,1
Leaf nitrogen content per unit mass,Oxyria digyna,10,28.777,39.834999999999994,18.08410723382397,33.25,0
Leaf nitrogen content per unit mass,Oxytropis lambertii,22,3.048636363636364,3.12,0.5078183538623633,0.6912500000000001,0
Leaf nitrogen content per unit mass,Packera multilobata,10,2.0463999999999998,1.743,0.7917001677122188,0.7869999999999997,2
Leaf nitrogen content per unit mass,Panicum acuminatum,33,1.7508363636363637,1.7898,0.2669773689123549,0.2963,5
Leaf nitrogen content per unit mass,Panicum linearifolium,15,2.1777333333333333,1.392,2.7051902353667865,0.36350000000000016,1
Leaf nitrogen content per unit mass,Panicum oligosanthes,27,3.783657623925926,1.8446,7.076401808784943,0.6818499999999998,4
Leaf nitrogen content per unit mass,Panicum virgatum,38,2.8334725246842107,1.53,4.4392983087369435,0.86530402375,4
Leaf nitrogen content per unit mass,Parnassia palustris,18,12.149555210803772,15.539947684793098,8.997388655300409,17.69323374170035,0
Leaf nitrogen content per unit mass,Parthenocissus quinquefolia,30,2.5634866666666665,2.51595,0.526141026547153,0.5519249999999993,5
Leaf nitrogen content per unit mass,Pastinaca sativa,14,18.189152737710437,18.624517754753597,6.011298024898287,11.033914418788624,0
Leaf nitrogen content per unit mass,Pedicularis hirsuta,17,13.3135,2.7655,17.20949794808088,28.8945,1
Leaf nitrogen content per unit mass,Pedicularis lapponica,34,10.737536087915466,4.52,13.665874507166702,0.9277914105000002,11
Leaf nitrogen content per unit mass,Pedicularis sceptrum-carolinum,12,1.8056494782964068,1.8564215266,0.11941809621216411,3.922018265711813e-11,3
Leaf nitrogen content per unit mass,Penstemon albidus,10,16.686916994,17.36750986,1.9641582135425746,1.9609820225000014,1
Leaf nitrogen content per unit mass,Penstemon barbatus,10,1.8077999999999999,1.646,0.34446377006717105,0.33699999999999997,2
Leaf nitrogen content per unit mass,Penstemon virgatus,10,1.8188,1.778,0.31020165484192164,0.276,2
Leaf nitrogen content per unit mass,Petalostemum purpureum,31,2.3944457883870967,2.378064062,0.29116975787718297,0.49450886599999944,0
Leaf nitrogen content per unit mass,Phalaris arundinacea,15,8.173749624606144,2.76258938061855,11.987939172778107,1.37978727607749,3
Leaf nitrogen content per unit mass,Phillyrea angustifolia,42,14.742667063490476,14.9905,9.153201582632086,8.164999999999997,13
Leaf nitrogen content per unit mass,Phillyrea latifolia,179,12.693442705698324,13.476,7.278337232269934,7.778188040000003,30
Leaf nitrogen content per unit mass,Phleum alpinum,15,13.559110523333333,3.153725,11.765270854822067,21.466274999999996,0
Leaf nitrogen content per unit mass,Phleum pratense,96,21.88584826186131,23.395000000000003,8.23142442006527,7.429500000000004,13
Leaf nitrogen content per unit mass,Phlomis purpurea,33,21.518873737372726,22.433,6.747417463917869,8.343,2
Leaf nitrogen content per unit mass,Photinia melanocarpa,12,1.91,1.78,0.28097233768727936,0.23750000000000004,2
Leaf nitrogen content per unit mass,Phragmites australis,145,29.090946552659236,30.5,10.139871830173714,8.600000000000001,17
Leaf nitrogen content per unit mass,Phyllodoce caerulea,13,5.7773076923076925,7.73,4.703476823666641,7.43,0
Leaf nitrogen content per unit mass,Phyllodoce empetriformis,58,1.2737241379310345,1.257,0.22282632628987153,0.18399999999999994,12
Leaf nitrogen content per unit mass,Picea abies,833,1.7540904939319728,1.2753,2.258527660433031,0.3599999999999999,69
Leaf nitrogen content per unit mass,Picea engelmannii,58,1.6607586206896552,1.0521,2.3740793932122948,0.1441499999999999,6
Leaf nitrogen content per unit mass,Picea glauca,57,2.919300751879699,1.29,3.658406663974334,1.4050000000000002,10
Leaf nitrogen content per unit mass,Picea mariana,540,1.1475855555555556,0.935,1.2883799783440741,0.228275,42
Leaf nitrogen content per unit mass,Picea rubens,496,1.1528848608830644,1.125,0.20258138833508416,0.2662500000000001,25
Leaf nitrogen content per unit mass,Picea sitchensis,65,4.4015524112923075,1.305,4.583442168149483,8.133,1
Leaf nitrogen content per unit mass,Picris hieracioides,16,7.81050377015815,2.55990997375,9.821039454445687,6.46674999975,4
Leaf nitrogen content per unit mass,Pilosella officinarum,68,14.369538543454876,16.555500000000002,8.137879606670403,7.386749999999999,17
Leaf nitrogen content per unit mass,Pimpinella major,62,26.769486779084993,26.801499999999997,8.805909229903653,9.9605,5
Leaf nitrogen content per unit mass,Pinguicula vulgaris,15,6.87526,1.58605,6.7736564089756675,11.923950000000001,0
Leaf nitrogen content per unit mass,Pinus aristata,18,1.1748555555555555,1.1381,0.11226098909773871,0.14179999999999993,2
Leaf nitrogen content per unit mass,Pinus banksiana,430,1.6734079704099167,1.189,2.0749145898438583,0.28700000000000014,47
Leaf nitrogen content per unit mass,Pinus brutia,92,10.368675679195652,11.3315,5.352038989936558,4.837625000000001,21
Leaf nitrogen content per unit mass,Pinus contorta,56,1.7943706716964285,1.2716666665,3.0986878124418697,0.23666666700000016,4
Leaf nitrogen content per unit mass,Pinus edulis,26,2.292782061030769,1.22505,3.060562567465401,0.10622500000000001,5
Leaf nitrogen content per unit mass,Pinus halepensis,815,1.8857307251533741,1.2,2.6212524855736454,0.30189999999999984,73
Leaf nitrogen content per unit mass,Pinus monticola,10,5.3469999999999995,1.46,6.363596205500995,9.7875,0
Leaf nitrogen content per unit mass,Pinus muricata,36,1.693888888888889,1.76,0.3317682304413108,0.5399999999999998,0
Leaf nitrogen content per unit mass,Pinus nigra,568,1.0383728873239437,1.006,0.48628109086633536,0.20772500000000005,39
Leaf nitrogen content per unit mass,Pinus nigra subsp. salzmannii,30,10.307761466666667,9.979365,1.6614987745575966,1.7318925000000007,4
Leaf nitrogen content per unit mass,Pinus palustris,22,2.199,0.8225,2.9071362606687767,0.6025000000000003,4
Leaf nitrogen content per unit mass,Pinus pinaster,106,2.734368141509434,1.0722,3.6384367274361127,0.5065500000000002,22
Leaf nitrogen content per unit mass,Pinus pinea,129,1.396305426356589,1.1539,1.531624889889721,0.244,17
Leaf nitrogen content per unit mass,Pinus ponderosa,75,2.9187973333333335,1.29,3.8571707550011363,0.4004000000000001,12
Leaf nitrogen content per unit mass,Pinus resinosa,49,2.5536263736263733,1.08,3.60444007981193,0.19999999999999996,8
Leaf nitrogen content per unit mass,Pinus rigida,11,5.094545454545455,1.83,5.163352328935851,10.405,0
Leaf nitrogen content per unit mass,Pinus strobiformis,18,1.2918222222222222,1.2841,0.10099913543925575,0.10329999999999995,2
Leaf nitrogen content per unit mass,Pinus strobus,164,2.7786283681765385,1.47,3.8865251803483214,0.6400000000000001,29
Leaf nitrogen content per unit mass,Pinus sylvestris,1841,1.5750514877117643,1.303,1.8861217521161642,0.4145000000000001,216
Leaf nitrogen content per unit mass,Pinus taeda,149,3.3331476510067115,1.1,4.033550111883935,6.141,21
Leaf nitrogen content per unit mass,Pinus uncinata,159,1.1547522012578617,1.0875,0.7950461497501045,0.27055000000000007,3
Leaf nitrogen content per unit mass,Pistacia lentiscus,109,11.073820023397248,10.933,6.153050370953342,4.43535,33
Leaf nitrogen content per unit mass,Pistacia terebinthus,44,17.730912424243183,21.165174999999998,10.271501639162357,12.35975,8
Leaf nitrogen content per unit mass,Plantago argyrea,10,1.7368,1.729,0.3375015390911408,0.6029999999999998,0
Leaf nitrogen content per unit mass,Plantago lanceolata,148,10.896452129356664,2.6005555554999997,10.767458130243128,18.120358111987052,6
Leaf nitrogen content per unit mass,Plantago media,98,21.31833275836691,21.2548416121855,5.911801520481726,6.54967440020955,6
Leaf nitrogen content per unit mass,Plantago patagonica,15,11.619106574,12.493805,6.010394555044839,2.9356064249999996,6
Leaf nitrogen content per unit mass,Platanus occidentalis,13,3.122245692307692,1.5,5.290045429326787,0.6083999999999998,1
Leaf nitrogen content per unit mass,Poa alpina,10,24.253180506,28.65,8.95568780008472,7.934051897500002,1
Leaf nitrogen content per unit mass,Poa compressa,11,1.7034545454545453,1.352,1.1283236560168683,0.31000000000000005,1
Leaf nitrogen content per unit mass,Poa fendleriana,10,1.416,1.121,0.4901859057768004,0.2929999999999999,2
Leaf nitrogen content per unit mass,Poa nemoralis,14,2.2313056190523817,2.265,0.5568623111045787,1.1159272500000026,0
Leaf nitrogen content per unit mass,Poa pratensis,133,7.171823437739305,2.0569,10.088618588887263,1.9879685030000003,32
Leaf nitrogen content per unit mass,Poa trivialis,54,16.510292242495705,14.57492739813745,14.780760546421378,22.272083333250002,1
Leaf nitrogen content per unit mass,Poaceae sp,54,2.0062962962962962,2.12,0.5741286960330978,0.8875,0
Leaf nitrogen content per unit mass,Podophyllum peltatum,16,23.00875,21.185,19.951549939791644,37.35,0
Leaf nitrogen content per unit mass,Polygonatum odoratum,10,5.8985018571228505,3.08931902595,8.868864030637308,0.31250000000000044,4
Leaf nitrogen content per unit mass,Polygonum aviculare,10,5.6648764435,3.0365,8.054196895303567,1.0253233262500001,2
Leaf nitrogen content per unit mass,Polygonum douglasii,13,9.314615384615385,2.051,14.087644128446161,0.8640000000000001,3
Leaf nitrogen content per unit mass,Populus alba,10,6.77721499905,2.4407,9.467121314615518,0.22486249999999997,4
Leaf nitrogen content per unit mass,Populus balsamifera,17,3.1874142492215705,2,4.875782775732269,0.4500000000000002,1
Leaf nitrogen content per unit mass,Populus grandidentata,23,3.0343478260869565,2.34,4.27791030770755,0.44499999999999984,5
Leaf nitrogen content per unit mass,Populus nigra,23,4.091433238571193,2.464,5.935887563441974,0.8381972306810801,4
Leaf nitrogen content per unit mass,Populus sp,45,7.524088888888889,2.11,9.402709091780222,16.567,2
Leaf nitrogen content per unit mass,Populus tremula,36,6.429481884689047,2.63344620691844,11.206564798039402,0.8063306896500002,12
Leaf nitrogen content per unit mass,Populus tremuloides,388,2.7212944873675258,2.295,2.660220757751458,0.4700000000000002,60
Leaf nitrogen content per unit mass,Portulaca oleracea,12,4.1074166666666665,1.981,7.310825677263365,1.1099999999999999,1
Leaf nitrogen content per unit mass,Potentilla anserina,12,6.652431607316558,2.4104051696499997,9.9655075841649,0.8767749999999994,2
Leaf nitrogen content per unit mass,Potentilla crantzii,13,18.551826153846154,21,13.87651814433787,27.11,0
Leaf nitrogen content per unit mass,Potentilla crinita,10,2.1273999999999997,2.154,0.13214066579049605,0.09100000000000019,2
Leaf nitrogen content per unit mass,Potentilla erecta,18,8.052464447471383,2.5519999999999996,11.263815508051295,1.4479893025,4
Leaf nitrogen content per unit mass,Potentilla hippiana,30,2.0565333333333333,2.16,0.31125349834160104,0.4239999999999997,2
Leaf nitrogen content per unit mass,Potentilla pusilla,52,19.168403846153847,19.112499999999997,3.901710405528884,5.662749999999999,1
Leaf nitrogen content per unit mass,Potentilla reptans,17,11.365431220867332,3.216,10.882698346999954,19.56260197,0
Leaf nitrogen content per unit mass,Potentilla sp,40,2.98015186,3.0203324,0.3912582263377742,0.45376825,2
Leaf nitrogen content per unit mass,Potentilla subviscosa,10,1.868,1.869,0.10767027857718618,0.16100000000000003,0
Leaf nitrogen content per unit mass,Primula acaulis,10,4.2867,1.322,8.899077306103145,0.05900000000000016,2
Leaf nitrogen content per unit mass,Primula veris,33,15.250020503928239,15.6166886586976,7.647122425772894,8.564883890572599,6
Leaf nitrogen content per unit mass,Prosopis glandulosa,11,11.24940909090909,4.098,10.836176495466889,21.4,0
Leaf nitrogen content per unit mass,Prosopis velutina,20,15.555,4.59,18.359077634209932,30.425,1
Leaf nitrogen content per unit mass,Prunella vulgaris,33,17.852475401646284,18.9009433709119,10.613236979758454,14.155106894570398,0
Leaf nitrogen content per unit mass,Prunus avium,21,1.990298071495238,1.94,0.40780857189914294,0.6040000000000001,0
Leaf nitrogen content per unit mass,Prunus ilicifolia,12,5.830714639725,1.77927,7.570219259530878,4.152333479999999,3
Leaf nitrogen content per unit mass,Prunus laurocerasus,29,4.645149425454024,1.51,5.751405127455033,0.3266666667,7
Leaf nitrogen content per unit mass,Prunus lusitanica,19,3.1616754385947368,1.09,4.158520871773454,0.09391666664999998,5
Leaf nitrogen content per unit mass,Prunus persica,74,22.17837837837838,18.375,18.451831184103366,36.325,0
Leaf nitrogen content per unit mass,Prunus serotina,101,3.471457334110878,2.07,5.128534585421367,1.162,7
Leaf nitrogen content per unit mass,Prunus spinosa,90,17.272534268737168,21.069,9.592833852332026,20.794166666675,0
Leaf nitrogen content per unit mass,Prunus virginiana,17,5.488830377941176,2.3261,5.957556717713499,0.5609999999999999,4
Leaf nitrogen content per unit mass,Pseudocymopterus montanus,11,28.65418181818182,28.145,4.460028740225376,4.238499999999998,2
Leaf nitrogen content per unit mass,Pseudotsuga menziesii,115,3.8663936736347826,1.207,8.680698523565681,0.2516666665,24
Leaf nitrogen content per unit mass,Pteridium aquilinum,18,4.431792293677778,2.31,6.345585520605739,0.21776983334999978,3
Leaf nitrogen content per unit mass,Pyrus bourgaeana,10,10.492215,2.4810749999999997,11.027364314690827,19.634999999999998,0
Leaf nitrogen content per unit mass,Quercus alba,138,3.0500119863126405,2.185,4.933330098838989,0.531757,23
Leaf nitrogen content per unit mass,Quercus canariensis,24,2.091425,1.9861,0.7411751469647784,0.6632000000000005,2
Leaf nitrogen content per unit mass,Quercus cerrioides_x,30,1.6579666666666666,1.6515,0.757794224335856,1.1827249999999996,2
Leaf nitrogen content per unit mass,Quercus cerris,13,4.058461538466669,2.13,7.01704414600578,0.7999999999999998,1
Leaf nitrogen content per unit mass,Quercus coccifera,223,11.042478587981615,11.4,4.10180393675414,3.2075500000000012,39
Leaf nitrogen content per unit mass,Quercus coccinea,16,5.1108616875,1.73,7.310984668645546,5.84241875,4
Leaf nitrogen content per unit mass,Quercus douglasii,482,2.134618973339004,1.8441891815,1.985101828358794,0.5082039826,7
Leaf nitrogen content per unit mass,Quercus ellipsoidalis,53,3.5650301886792453,2.1853,5.037670417983392,0.4750000000000001,5
Leaf nitrogen content per unit mass,Quercus faginea,93,14.535365268817204,18.313,9.851692781222113,20.0666,0
Leaf nitrogen content per unit mass,Quercus falcata,15,1.8081333333333334,1.767,0.2596362473777129,0.32899999999999996,1
Leaf nitrogen content per unit mass,Quercus gambelii,42,3.220504761904762,2.3795,3.7102526666280657,0.4243000000000001,2
Leaf nitrogen content per unit mass,Quercus ilex,953,3.062492956346058,1.4366,4.52238644189528,0.33519999999999994,155
Leaf nitrogen content per unit mass,Quercus macrocarpa,31,5.685845161290323,2.36,7.967695287423196,0.64175,6
Leaf nitrogen content per unit mass,Quercus michauxii,53,6.776287165318957,2.3,10.165651704544102,1.3689999999999998,21
Leaf nitrogen content per unit mass,Quercus montana,16,1.9976875,1.998,0.4259511268913372,0.50325,2
Leaf nitrogen content per unit mass,Quercus nigra,10,1.57941,1.547,0.19319947348674518,0.26374999999999993,0
Leaf nitrogen content per unit mass,Quercus petraea,737,4.128726169661741,2.1885158575,6.423811251786693,0.7220493082999999,76
Leaf nitrogen content per unit mass,Quercus pyrenaica,176,5.450774728401032,2.07,7.6845848568286685,1.2361000000000002,34
Leaf nitrogen content per unit mass,Quercus robur,390,3.9054429443286205,2.25,6.15212927101511,0.7354334218499998,38
Leaf nitrogen content per unit mass,Quercus rotundifolia,11,6.068181818181818,1.39,6.491367834565867,12.43,0
Leaf nitrogen content per unit mass,Quercus rubra,214,4.48259465045787,2.377706,6.487041950456407,0.66447571425,35
Leaf nitrogen content per unit mass,Quercus sp,34,5.908235294117647,2.54,8.889375527914902,0.7374999999999998,9
Leaf nitrogen content per unit mass,Quercus suber,487,8.74202987323922,1.994,7.380408058008159,14.390739585,0
Leaf nitrogen content per unit mass,Quercus virginiana,11,5.931818181818182,2.33,6.104969808576973,7.510000000000001,3
Leaf nitrogen content per unit mass,Quercus wislizeni,13,17.759370370769233,14.835,6.422502531022306,3.9482,3
Leaf nitrogen content per unit mass,RIBES UVA-CRISPA,17,4.587769607843136,2.24,6.701940786584391,0,0
Leaf nitrogen content per unit mass,Ranunculus acris,67,12.845780170117779,15.4305084627421,10.055683398775923,19.7026380089668,0
Leaf nitrogen content per unit mass,Ranunculus bulbosus,10,4.30955083942022,2.875,5.132046174832553,0.6341666667500001,3
Leaf nitrogen content per unit mass,Ranunculus repens,46,13.120351666604032,14.773602362114751,8.481165239868481,15.739824860260148,0
Leaf nitrogen content per unit mass,Raphanus sativus,15,2.82,2.8,0.760826618131321,1.0499999999999998,1
Leaf nitrogen content per unit mass,Rhamnus alaternus,10,6.9544,2.02,9.30798964092438,13.896250000000002,0
Leaf nitrogen content per unit mass,Rhamnus cathartica,16,10.02202083333333,3.02,11.295645421507547,20.0575,1
Leaf nitrogen content per unit mass,Rhamnus ilicifolia,10,16.516074073,15.34431111,4.80472703929675,3.554740737500003,2
Leaf nitrogen content per unit mass,Rhamnus lycioides,32,18.845333333334374,18.875,4.6046218233604455,4.394250000000003,2
Leaf nitrogen content per unit mass,Rhinanthus minor,17,6.7202212807525505,3.5481570181,9.076987512879953,0.5118429819266597,3
Leaf nitrogen content per unit mass,Rhodiola rosea,13,13.467964211641842,3.12193353591465,13.694728921923035,25.408066464100003,0
Leaf nitrogen content per unit mass,Rhododendron lapponicum,58,8.46648922413793,1.90175,8.668666858095724,15.13,3
Leaf nitrogen content per unit mass,Rhododendron maximum,10,4.032,1.1600000000000001,3.9332338970481895,7.699999999999999,0
Leaf nitrogen content per unit mass,Rhododendron ponticum,19,2.894008771927719,1,3.9312440066398726,0.23499999999999988,4
Leaf nitrogen content per unit mass,Rhus glabra,14,1.8773357142857143,1.74485,0.5708263923162936,0.9976,0
Leaf nitrogen content per unit mass,Rhus microphylla,10,2.312,2.3,0.4439419381455692,0.30000000000000027,4
Leaf nitrogen content per unit mass,Ribes nigrum,15,2.9686666666666666,1.85,4.282923928924302,0,0
Leaf nitrogen content per unit mass,Ribes spicatum,11,2.4016220080782764,2.94329273759506,1.081155269362221,0.27589627476207035,3
Leaf nitrogen content per unit mass,Robinia neomexicana,18,4.572977777777778,4.8949,0.6720980054195138,1.2885999999999997,0
Leaf nitrogen content per unit mass,Robinia pseudoacacia,38,9.37631052631579,3.9935,13.274814965612046,1.0547999999999997,6
Leaf nitrogen content per unit mass,Rosa arvensis,21,5.185587301585715,2.2466666667,7.983156305556663,0.5419999999999998,3
Leaf nitrogen content per unit mass,Rosa rugosa,25,21.1488167956,21.04049134,2.4509980013744657,2.297513630000001,4
Leaf nitrogen content per unit mass,Rosa woodsii,10,1.4922,1.411,0.44216206179283274,0.31899999999999995,2
Leaf nitrogen content per unit mass,Rose SJ,31,20.49558064516129,20.374,4.340546369403999,3.8215000000000003,7
Leaf nitrogen content per unit mass,Rose SS,30,18.921448,18.38186,3.068662194514759,4.433274999999998,0
Leaf nitrogen content per unit mass,Rubia peregrina,10,5.845816,1.94739,6.7032238077961,8.419867499999999,1
Leaf nitrogen content per unit mass,Rubus caesius,68,14.409906790814915,16.945990000000002,9.228613342930007,18.691003931528023,0
Leaf nitrogen content per unit mass,Rubus chamaemorus,13,2.404755905479166,2.34609726720729,0.24195190805993197,0.003902732800000308,4
Leaf nitrogen content per unit mass,Rubus fruticosus,24,6.901256089174665,2.52,9.202434452122468,0.5362499999999999,8
Leaf nitrogen content per unit mass,Rubus saxatilis,29,5.550070007369381,2.28578205128671,8.078825523787206,0.6499999999999999,8
Leaf nitrogen content per unit mass,Rubus sp,29,2.308796206896552,2.2359,0.4704274552044115,0.5650999999999999,2
Leaf nitrogen content per unit mass,Rubus ulmifolius,15,3.02322222222,1.99,3.923153739602422,0.1369999999999998,2
Leaf nitrogen content per unit mass,Rumex acetosa,141,23.35565331549647,28.1657592485911,17.191838037425054,33.034000000000006,0
Leaf nitrogen content per unit mass,Rumex acetosella,23,12.296454056414644,3.466,16.522018319406175,14.301291074,6
Leaf nitrogen content per unit mass,Rumex obtusifolius,10,3.470112401335156,3.3323034305,0.2921847380729368,4.9479975672284127e-11,3
Leaf nitrogen content per unit mass,Ruscus aculeatus,36,18.50365129629722,19.31559,8.206566183427263,9.299612499999999,5
Leaf nitrogen content per unit mass,Salix alba,14,5.952711757291912,3.3200000000000003,7.271659349998494,0.481410804478307,5
Leaf nitrogen content per unit mass,Salix arenaria,36,1.4731388888888888,1.3565,0.38948898042565455,0.44274999999999975,5
Leaf nitrogen content per unit mass,Salix caprea,24,5.43371312177383,2.7,8.426006061872803,0.25955269689601046,8
Leaf nitrogen content per unit mass,Salix cinerea,19,2.3464493635334107,2.3192356202174,0.42637354722094106,0.4679666666500002,1
Leaf nitrogen content per unit mass,Salix glauca,14,22.319731392142856,26.008924925000002,8.503902724897362,2.7671071175,2
Leaf nitrogen content per unit mass,Salix hastata,16,8.3665625,2.72,9.812651479722492,15.465000000000002,2
Leaf nitrogen content per unit mass,Salix helvetica,37,1.5198108108108108,1.376,0.47758104826056247,0.476,4
Leaf nitrogen content per unit mass,Salix herbacea,43,14.960562204651163,3.09,14.330303646307401,26.62,0
Leaf nitrogen content per unit mass,Salix lapponum,67,13.004394887582308,3.46,13.231234357554532,22.175270825,2
Leaf nitrogen content per unit mass,Salix myrsinites,50,7.260717727097193,2.2,8.746848567495329,13.335856283683771,5
Leaf nitrogen content per unit mass,Salix phylicifolia,52,2.3366020693126632,2.3815,0.5069026460268938,0.4179999999999997,2
Leaf nitrogen content per unit mass,Salix repens,22,9.52591289718765,7.661477364413299,8.40435779421468,13.640753860534575,0
Leaf nitrogen content per unit mass,Salix reticulata,33,8.610416287878788,1.9,9.293569368365102,16.38,0
Leaf nitrogen content per unit mass,Salvia rosmarinus,62,7.305738376343548,8.351108,6.3116672123242825,11.424069999999999,0
Leaf nitrogen content per unit mass,Sambucus nigra,32,10.671376581228582,3.513105384527925,13.481448494265493,2.69629361091621,7
Leaf nitrogen content per unit mass,Sanguisorba minor,10,11.686219555600001,10.702777778000002,10.341343767988997,17.205027500000003,0
Leaf nitrogen content per unit mass,Sanguisorba officinalis,21,14.02090929171586,15.18130546317,3.8810859924889165,3.3986700819669977,3
Leaf nitrogen content per unit mass,Sanicula europaea,28,2.2028863809547623,2.242748,0.23238922596773007,0.37645566659999985,0
Leaf nitrogen content per unit mass,Sarcobatus vermiculatus,50,1.83351382356,1.527479751,0.8968331183901256,0.8747826630000002,6
Leaf nitrogen content per unit mass,Sarracenia alabamensis,19,11.236842105263158,11,1.8043806343685385,2.1999999999999993,2
Leaf nitrogen content per unit mass,Sarracenia alata,30,7.84,7.550000000000001,1.1580602092619632,1.3249999999999984,3
Leaf nitrogen content per unit mass,Sarracenia flava,42,7.919047619047619,7.65,1.1729134239645072,1.9499999999999993,0
Leaf nitrogen content per unit mass,Sarracenia jonesii,19,10.057894736842105,10,1.3740919383253656,1.1500000000000004,3
Leaf nitrogen content per unit mass,Sarracenia leucophylla,23,9.121739130434783,9.2,1.4838391611379187,1.1999999999999993,5
Leaf nitrogen content per unit mass,Sarracenia minor,23,7.052173913043478,7.1,1.039610751115047,1.3500000000000005,1
Leaf nitrogen content per unit mass,Sarracenia oreophila,21,12.27142857142857,11.2,3.542053480277063,5.799999999999999,0
Leaf nitrogen content per unit mass,Sarracenia purpurea,48,9.600833333333334,10.55,4.197475347251029,4.100000000000001,7
Leaf nitrogen content per unit mass,Sarracenia rubra,24,9.795833333333333,9.649999999999999,2.0335189390222848,2.6499999999999986,1
Leaf nitrogen content per unit mass,Sassafras albidum,27,2.688592590825926,2.7,0.601980018448423,0.6595000000000004,3
Leaf nitrogen content per unit mass,Saxifraga rotundifolia,24,1.8325587777805559,1.9623789999999999,0.36031875550928566,0.5022713333500048,4
Leaf nitrogen content per unit mass,Schizachyrium scoparium,64,1.89868113584375,1.1512604825000001,2.747212394085741,0.35940090000000025,6
Leaf nitrogen content per unit mass,Scorzoneroides autumnalis,31,18.05861676237472,20.0380097687713,8.996874874612832,6.876910280448147,8
Leaf nitrogen content per unit mass,Scutellaria parvula,13,2.161230769230769,1.276,3.455117416090857,0.31600000000000006,1
Leaf nitrogen content per unit mass,Senecio actinella,10,1.94,1.929,0.07671882283884303,0.006000000000000005,4
Leaf nitrogen content per unit mass,Senecio crassulus,29,8.947111237808256,0.0302857214040099,15.148637962643663,23.1944630747933,3
Leaf nitrogen content per unit mass,Senecio eremophilus,10,3.434,3.184,0.40447222126838045,0.6719999999999997,0
Leaf nitrogen content per unit mass,Senecio ovatus,10,8.7354,3.015,9.698439281084813,15.494000000000002,0
Leaf nitrogen content per unit mass,Senecio vulgaris,18,21.908333333333335,19.25,18.71011247490323,37.025,0
Leaf nitrogen content per unit mass,Sequoia sempervirens,62,9.10041935483871,1.09,13.211915778666244,12.808250000000001,10
Leaf nitrogen content per unit mass,Sesleria nitida,16,1.626665,1.708348,0.1842591340023514,0.18834299999999482,4
Leaf nitrogen content per unit mass,Sibbaldia procumbens,11,19.201268775454547,26.04,12.556494762966674,23.3689,0
Leaf nitrogen content per unit mass,Sidalcea malviflora,27,1.951851851851852,1.8,0.43267537162170117,0.6499999999999999,1
Leaf nitrogen content per unit mass,Silene dioica,26,11.267242102566668,3.6,12.799006244449988,20.765,3
Leaf nitrogen content per unit mass,Solanum dulcamara,20,9.048891919889154,3.83,12.819830810120866,0.3478873472415396,5
Leaf nitrogen content per unit mass,Solidago gigantea,14,2.5466739301639496,1.33,4.325711632778696,0.48047735893859,2
Leaf nitrogen content per unit mass,Solidago nana,10,1.2254,1.298,0.3364564360111623,0.2450000000000001,4
Leaf nitrogen content per unit mass,Solidago nemoralis,12,4.22874875,1.48,5.531171423502014,2.8117067500000004,2
Leaf nitrogen content per unit mass,Solidago rigida,30,3.2769766032666667,1.27,4.743997834642462,0.38293188600000017,5
Leaf nitrogen content per unit mass,Solidago velutina,12,3.8756666666666666,2.283,5.405611921181935,0.4412499999999997,1
Leaf nitrogen content per unit mass,Solidago virgaurea,51,9.838552913793464,2.8644,12.231632485600162,20.777898333316664,3
Leaf nitrogen content per unit mass,Sonchus asper,18,3.378111111111111,1.7,6.302357223703159,0.3750000000000002,3
Leaf nitrogen content per unit mass,Sorbus americana,35,2.8457142857142856,2.85,0.44477858296978373,0.5299999999999998,2
Leaf nitrogen content per unit mass,Sorbus aria,10,1.52662,1.565,0.5626462255370698,0.5999999999999996,2
Leaf nitrogen content per unit mass,Sorbus aucuparia,68,7.7229999437633285,2.53,9.869966583844544,4.438387499999999,17
Leaf nitrogen content per unit mass,Sorbus torminalis,41,14.367893170731707,18.00064,7.502208708825168,7.003080000000001,10
Leaf nitrogen content per unit mass,Sorghastrum nutans,126,3.7511749815347613,1.3855,4.346677514169451,4.482478095746,27
Leaf nitrogen content per unit mass,Sporobolus interruptus,10,1.1798,1.142,0.1541693152925633,0.17500000000000004,0
Leaf nitrogen content per unit mass,Stachys officinalis,12,2.5765028889388883,2.5700276666499997,0.41643563157583346,0.2615553330833298,4
Leaf nitrogen content per unit mass,Stachys sp,28,3.1635714285714287,3.3150000000000004,0.5190819123664703,0.7100000000000004,0
Leaf nitrogen content per unit mass,Sticherus sp,60,3.564419873333333,3.6866696,0.7813895927025352,1.0471087,4
Leaf nitrogen content per unit mass,Stipa comata,26,9.45974834076923,8.95624964,7.872183199689484,13.655771195000002,0
Leaf nitrogen content per unit mass,Stipa lettermanii,12,0.020342728591248384,0.02075067315792435,0.004513313293829698,0.006378899563939375,0
Leaf nitrogen content per unit mass,Stipa sp,10,1.464,1.4,0.10637460014287041,0.17000000000000015,0
Leaf nitrogen content per unit mass,Stipa spartea,33,3.2831064242424244,1.4288,5.681094847407227,0.474,5
Leaf nitrogen content per unit mass,Stipa tenacissima,30,0.6355066666666667,0.6161,0.08538618532103517,0.10430000000000006,4
Leaf nitrogen content per unit mass,Symphyotrichum ascendens,10,1.5158,1.353,0.4039991199110326,0.32800000000000007,2
Leaf nitrogen content per unit mass,Symphyotrichum falcatum,10,2.2282,2.242,0.1273759091124466,0.1339999999999999,2
Leaf nitrogen content per unit mass,Symphyotrichum oolentangiense,33,2.650980666666667,1.6125,3.527358080649761,0.5434000000000001,4
Leaf nitrogen content per unit mass,Tanacetum vulgare,14,2.610814504630675,2.65093605576069,0.07597550319609914,0.059228701727459754,2
Leaf nitrogen content per unit mass,Taraxacum campylodes,182,17.525208218614047,19.155407657450752,8.773994692986351,9.330548303128348,42
Leaf nitrogen content per unit mass,Taxodium distichum,10,7.151,6.795,6.24311967956192,10.540000000000001,0
Leaf nitrogen content per unit mass,Taxus baccata,31,7.519964157708603,2.17,8.869240160659364,15.453333333316651,1
Leaf nitrogen content per unit mass,Taxus brevifolia,13,4.475848228692308,1.186026973,5.1461558000360705,10.25,0
Leaf nitrogen content per unit mass,Thalictrum alpinum,13,28.502894100000002,19.21317545,15.84657324874749,30.70268561,0
Leaf nitrogen content per unit mass,Thalictrum fendleri,36,9.983149816798763,3.355,14.677383179247201,3.1350000000000007,8
Leaf nitrogen content per unit mass,Thinopyrum junceum,31,20.911320663225805,20.15531679,4.140856478684179,6.393260415,1
Leaf nitrogen content per unit mass,Thuja occidentalis,22,2.950454545454545,1.2850000000000001,3.129856952874132,1.8699999999999999,4
Leaf nitrogen content per unit mass,Thymus mastichina,61,19.683728524590165,20.35754,4.500733909587723,6.147839999999999,2
Leaf nitrogen content per unit mass,Thymus praecox,13,3.990790119076923,1.63,5.46949011659879,0.5302384190000002,2
Leaf nitrogen content per unit mass,Thymus zygis,31,18.45107612903226,18.77952,4.4277825611093995,7.0161599999999975,0
Leaf nitrogen content per unit mass,Tilia americana,16,9.9312890625,2.94,11.393856820830282,21.9425,0
Leaf nitrogen content per unit mass,Tilia cordata,48,4.787996296295834,2.54,7.1311541767199556,1.1610833333500001,5
Leaf nitrogen content per unit mass,Tilia platyphyllos,12,15.27,3.915,16.93631547350786,32.88,0
Leaf nitrogen content per unit mass,Tofieldia pusilla,44,7.543636363636364,1.6150000000000002,7.606889805686437,13.329999999999998,1
Leaf nitrogen content per unit mass,Toxicodendron diversilobum,13,9.127,1.978,9.947673111503681,18.05,0
Leaf nitrogen content per unit mass,Tragopogon dubius,20,10.3033,2.824,10.379891709707918,14.492749999999997,3
Leaf nitrogen content per unit mass,Tragopogon pratensis,14,25.680557954477973,25.267892213657447,8.516558187227089,7.1744332618588516,2
Leaf nitrogen content per unit mass,Trientalis europaea,26,7.250918055755201,2.1,8.441859934340238,13.85,1
Leaf nitrogen content per unit mass,Trifolium campestre,15,33.795647119359934,40.5443143636939,15.60631814353704,4.4798924245670975,3
Leaf nitrogen content per unit mass,Trifolium dubium,14,32.490675560319794,36.85080888793355,13.25690241326797,8.183883722883373,2
Leaf nitrogen content per unit mass,Trifolium hybridum,44,38.31401804256095,38.539707116435096,4.029199062854335,6.205718896422056,1
Leaf nitrogen content per unit mass,Trifolium longipes,15,12.917066666666667,3.735,13.916581761474673,22.610500000000002,0
Leaf nitrogen content per unit mass,Trifolium pratense,83,18.66729252635167,4.71706894852375,16.82170521638733,31.633113395773503,0
Leaf nitrogen content per unit mass,Trifolium repens,60,22.514403483527953,29.91013240419405,16.249626512755718,30.136319860095476,0
Leaf nitrogen content per unit mass,Trisetum flavescens,88,28.190128672876774,30.014,9.17575682836823,8.4485307080068,10
Leaf nitrogen content per unit mass,Trisetum sp,52,2.932515773076923,2.8430182999999998,0.7225272333133507,0.7681883000000003,10
Leaf nitrogen content per unit mass,Triticum aestivum,788,18.849296067941918,5.504569999999999,17.561304070934856,32.52774741649628,14
Leaf nitrogen content per unit mass,Triticum turgidum,16,36.125,39.1,8.224475667177817,6.525000000000006,4
Leaf nitrogen content per unit mass,Trollius europaeus,20,12.096261667298698,2.49934813007091,13.944363119717435,24.8069008324,0
Leaf nitrogen content per unit mass,Tsuga canadensis,77,1.667655683012987,1.171,1.9528979087464764,0.27700000000000014,13
Leaf nitrogen content per unit mass,Tsuga heterophylla,29,3.348994477034483,1.29,4.666138762037717,0.3500000000000001,5
Leaf nitrogen content per unit mass,Typha latifolia,11,6.303673163881818,2.043,10.181344374894541,1.3123495593999999,2
Leaf nitrogen content per unit mass,Ulex europaeus,14,11.019285714285715,3.1399999999999997,13.01723500375011,19.84,0
Leaf nitrogen content per unit mass,Ulex gallii,14,8.52023809524048,2.49,10.113750094033554,13.531666666649976,2
Leaf nitrogen content per unit mass,Ulex parviflorus,34,24.124934117647058,24.2232,6.969691605506472,9.256800000000002,1
Leaf nitrogen content per unit mass,Ulmus americana,29,5.72728275862069,2.18,7.238353292658143,0.8500000000000001,6
Leaf nitrogen content per unit mass,Ulmus glabra,20,5.0586666700050005,2.18,7.345863329108529,0.04999999997499982,8
Leaf nitrogen content per unit mass,Ulmus minor,13,8.322561628630053,2.8463666667,10.89243958214169,0.921952543472,3
Leaf nitrogen content per unit mass,Umbellularia californica,14,9.116651428571428,1.7826300000000002,13.361455490483326,12.20695,2
Leaf nitrogen content per unit mass,Urtica dioica,45,8.693690263606223,4.26,12.775751913124408,1.37520729780146,9
Leaf nitrogen content per unit mass,VACCINIUM VITIS-IDAEA,99,4.748469706833827,1.17,4.932782671110516,8.623816094,1
Leaf nitrogen content per unit mass,Vaccinium corymbosum,20,3.7435,1.8250000000000002,4.4043008585508305,0.7725,4
Leaf nitrogen content per unit mass,Vaccinium deliciosum,16,1.708375,1.755,0.33383107005390217,0.2982499999999999,2
Leaf nitrogen content per unit mass,Vaccinium myrtillus,107,7.149672625729406,2.18,8.867168055348978,14.385,4
Leaf nitrogen content per unit mass,Vaccinium ovatum,13,16.762085019615384,12.754,13.918044751141501,22.8,0
Leaf nitrogen content per unit mass,Vaccinium sp,25,1.6788,1.47,0.3464981962435014,0.6499999999999999,0
Leaf nitrogen content per unit mass,Vaccinium uliginosum,83,9.371656724686535,2.4,9.85777389277529,16.71734375,3
Leaf nitrogen content per unit mass,Valeriana capitata,13,26.346095336923078,25.795,8.3995107062902985,11.389000000000003,0
Leaf nitrogen content per unit mass,Verbascum thapsus,14,3.2103911647357144,1.8705,5.439523838735609,0.7975000000000003,1
Leaf nitrogen content per unit mass,Veronica chamaedrys,80,9.9878149912794445,2.1212333335,12.017657480376261,17.4774651133812,9
Leaf nitrogen content per unit mass,Viburnum betulifolium,15,2.0718190261333334,2.077569698,0.2644154769337858,0.3825602984999996,1
Leaf nitrogen content per unit mass,Viburnum burejaeticum,10,1.5833959318,1.5710330065,0.1262070029948403,0.05372035000000008,4
Leaf nitrogen content per unit mass,Viburnum carlesii,20,1.6909146488,1.6580963535,0.18653148480121012,0.3033351424999997,0
Leaf nitrogen content per unit mass,Viburnum corylifolium,10,1.9986585343,1.932819645,0.24985491449749428,0.40954712649999947,0
Leaf nitrogen content per unit mass,Viburnum dentatum,42,2.1461487559285715,2.150884017,0.4059061449172877,0.504659008,2
Leaf nitrogen content per unit mass,Viburnum dilatatum,10,1.8647530421,1.8413884724999998,0.2668862490232321,0.4875006744999999,0
Leaf nitrogen content per unit mass,Viburnum erosum,15,2.1155189838666666,2.123004487,0.1292257964162382,0.15032366799999997,0
Leaf nitrogen content per unit mass,Viburnum furcatum,10,1.9958347516,2.005433306,0.10419739093343569,0.12757269049999986,1
Leaf nitrogen content per unit mass,Viburnum hupehense,10,2.0704195868,2.112396038,0.288783998387415,0.23533677125000052,2
Leaf nitrogen content per unit mass,Viburnum lantana,26,3.1043154368846153,2.1883720335,3.038349669357147,0.3058515422500001,6
Leaf nitrogen content per unit mass,Viburnum lantanoides,14,1.990357142857143,2.04,0.28119897339315203,0.35175,1
Leaf nitrogen content per unit mass,Viburnum lentago,12,2.3305159281666668,2.4549487140000004,0.39793197892699095,0.2364841797499997,2
Leaf nitrogen content per unit mass,Viburnum molle,10,1.796122197,1.808326551,0.08198815688277604,0.11596196724999985,0
Leaf nitrogen content per unit mass,Viburnum nudum,26,1.822212595846154,1.895,0.37185278897724966,0.4412331445000002,3
Leaf nitrogen content per unit mass,Viburnum opulus,30,3.6663490365999998,2.4,5.5523546529562235,0.3302285764999997,6
Leaf nitrogen content per unit mass,Viburnum plicatum,10,1.8838276734,1.909532242,0.1283989517597305,0.21105789450000012,0
Leaf nitrogen content per unit mass,Viburnum prunifolium,12,1.9187861293333333,1.927337332,0.13932779072266954,0.1021943277499997,3
Leaf nitrogen content per unit mass,Viburnum rafinesquianum,22,1.6593014756363635,1.6874139905,0.3362712487824668,0.613080318,0
Leaf nitrogen content per unit mass,Viburnum rufidulum,11,1.9259095412727272,1.901800582,0.1913168256540466,0.3193085280000001,0
Leaf nitrogen content per unit mass,Viburnum sargentii,10,2.0834850376,2.1965321265,0.32716537863551226,0.5688280457500001,0
Leaf nitrogen content per unit mass,Viburnum setigerum,10,1.7024660967,1.698323381,0.12817586533809305,0.1818344460000001,0
Leaf nitrogen content per unit mass,Viburnum sieboldii,10,2.041293077,2.0308554005,0.17322177965246233,0.3296193354999999,0
Leaf nitrogen content per unit mass,Viburnum tinus,43,8.506792480621707,9.2986,4.587362229091696,5.4209,2
Leaf nitrogen content per unit mass,Viburnum trilobum,10,2.4111093538,2.3593569285,0.1633252936270373,0.09705588024999967,2
Leaf nitrogen content per unit mass,Viburnum wrightii,10,1.7442971065,1.6937830175,0.11446031650005102,0.13675716925000003,1
Leaf nitrogen content per unit mass,Vicia americana,49,4.412375452795918,4.25,0.7934561833143106,0.8199999999999998,3
Leaf nitrogen content per unit mass,Vicia cracca,52,27.75861626641869,37.45880700733445,22.043145295440997,42.4978214779508,0
Leaf nitrogen content per unit mass,Vicia pulchella,10,4.2198,4.25,0.5359027274919708,0.8609999999999998,0
Leaf nitrogen content per unit mass,Viola alba,14,1.7688452380904758,1.81631433333333,0.17187863592252645,0.28587258336667,0
Leaf nitrogen content per unit mass,Viola canadensis,10,2.0716,1.85,0.39857836257267043,0.28,2
Leaf nitrogen content per unit mass,Viola pedatifida,17,3.477905882352941,1.58,7.575111923881933,0.8679999999999999,2
Leaf nitrogen content per unit mass,Viola reichenbachiana,29,2.074691172413793,2.0313326667,0.13139899859399226,0.29588166660000015,0
Leaf nitrogen content per unit mass,Vulpia bromoides,13,1.702,1.8,0.39726397604951125,0.2999999999999998,3
Leaf nitrogen content per unit mass,Wyethia amplexicaulis,11,2.2288316044943097,0.0283922583900045,7.320190133355288,0.01775555433039231,2
Leaf nitrogen content per unit mass,Xanthisma gracile,10,1.8564,1.876,0.139221007354813,0.278,0
Leaf nitrogen content per unit mass,Xanthium strumarium,10,21.647705197859818,27.5,17.539172392268494,23.892725,0
Leaf nitrogen content per unit mass,Zea mays,107,13.848457056892219,4.0805625,17.157492694832012,23.70083225,8
Plant heigh,ARCTOSTAPHYLOS UVA-URSI,92,13.888788043478261,13.5,7.753607031652045,10,5
Plant heigh,ATROPA BELLA-DONNA,21,8.221904761904762,1.25,32.48737025661628,0.5599999999999999,1
Plant heigh,Abies amabilis,15084,18.090276054097057,14.6304,12.285238545534591,14.9352,1555
Plant heigh,Abies balsamea,79240,12.288619324747602,12.192,3.6025221962119747,3.962399999999999,8470
Plant heigh,Abies bifolia,10,4.3,3.5,4.029061098237818,2.5,1
Plant heigh,Abies concolor,45155,17.164270229541458,14.0208,17.941816111389024,13.4112,4059
Plant heigh,Abies fraseri,318,10.001849056603774,9.4488,6.113907223228204,7.8486,20
Plant heigh,Abies grandis,36650,17.483615716234652,16.1544,9.883915434170936,13.4112,1696
Plant heigh,Abies lasiocarpa,115488,13.037858412058762,12.8016,13.041755870187677,8.5344,4004
Plant heigh,Abies magnifica,11649,22.18906845222766,22.2504,12.703657739115831,21.9456,41
Plant heigh,Abies pinsapo,164,7.676829268292683,7,4.648287468288699,1,49
Plant heigh,Abies procera,2150,22.121108093023256,18.5928,13.135680864432187,18.8976,122
Plant heigh,Acacia farnesiana,15,4.6532800000000005,4.8768,1.4729247033417172,1.5239999999999996,1
Plant heigh,Acalypha monococca,50,19.6,19.6,0,0,0
Plant heigh,Acer barbatum,6611,11.67497879292089,10.668,5.830977048109558,9.144000000000002,135
Plant heigh,Acer glabrum,3012,6.19567224435591,5.4864,3.197484350543302,4.571999999999999,136
Plant heigh,Acer granatense,31,36.119032258064514,0.23,179.00991738550576,4.645,7
Plant heigh,Acer grandidentatum,5735,5.433489670794603,4.8768,2.820894637453556,4.2672,166
Plant heigh,Acer leucoderme,142,10.101329577464789,9.4488,5.046459618087844,7.315200000000001,5
Plant heigh,Acer macrophyllum,5673,16.941871672836243,15.8496,6.971049544516571,8.839199999999998,355
Plant heigh,Acer monspessulanum,28,39.46821428571429,3,188.314686137889,4.420000000000001,4
Plant heigh,Acer negundo,20947,13.045566486621755,12.8016,8.140906002275464,5.7912,998
Plant heigh,Acer nigrum,750,16.7532,16.4592,4.861500471137262,5.791200000000002,73
Plant heigh,Acer pensylvanicum,4364,9.384917598533455,9.144,8.802930502335826,5.4864,53
Plant heigh,Acer platanoides,172,21.39880465116279,15.5448,75.19826846280719,6.477,9
Plant heigh,Acer pseudoplatanus,51,25.341372549019606,3.18,139.45523891227046,2.9600000000000004,8
Plant heigh,Acer rubrum,535993,14.86189728000179,15.24,8.95092978225001,8.5344,5135
Plant heigh,Acer saccharinum,13416,19.05572283840191,18.8976,5.5759984114984595,7.924799999999999,411
Plant heigh,Acer saccharum,198100,18.443412222110044,18.288,4.905536219913132,6.4007999999999985,11048
Plant heigh,Acer spicatum,174,25.998687356321838,7.0104,75.50756303346641,6.6293999999999995,25
Plant heigh,Achillea maritima,24,7.838166666666666,0.23049999999999998,33.336843474458995,0.08500000000000008,3
Plant heigh,Achillea millefolium,455,24.639026687598115,15.7,28.254527165780413,25.95,43
Plant heigh,Acmispon wrightii,20,18.675,17.5,4.255878287733332,5,2
Plant heigh,Aconitum lycoctonum subsp. vulparia,26,62.67307692307692,62.5,15.38956939468568,19.25,1
Plant heigh,Aconitum napellus,10,101.8,104.5,15.083471454247896,14.75,1
Plant heigh,Actaea rubra,15,33.13333333333333,25,23.402889524484753,23.5,2
Plant heigh,Actaea spicata,11,7.483636363636363,0.23,24.05096807728424,0.035,1
Plant heigh,Adenostyles alliariae,26,70.25,71.5,15.33965449415338,17.25,3
Plant heigh,Adenostyles alpina,26,40.21153846153846,38.75,11.76619996168948,13.25,1
Plant heigh,Adenostyles leucophylla,26,33.11538461538461,34,7.404468505311765,10.25,1
Plant heigh,Aegopodium podagraria,49,51.09960304897959,31.34437873,35.73435731107453,58.052906480000004,1
Plant heigh,Aesculus californica,732,7.037668852459016,6.7056,2.7900031155736826,3.3527999999999993,40
Plant heigh,Aesculus flava,2780,16.375544460431655,16.1544,6.997848522798515,9.448799999999999,94
Plant heigh,Aesculus glabra,1005,12.285411343283583,11.5824,4.754978936370735,5.4864,84
Plant heigh,Agalinis gattingeri,50,47.8,47.8,0,0,0
Plant heigh,Agave virginica,50,71,71,0,0,0
Plant heigh,Ageratina altissima,13,48.53846153846154,49,21.662622896806166,29,0
Plant heigh,Agoseris glauca,45,10.424444444444445,11,3.558738001260582,4.5,6
Plant heigh,Agropyron desertorum,10,25.7,26.5,4.001388647846034,4,2
Plant heigh,Agrostemma githago,22,68.04545454545455,69,13.895793377604376,13,4
Plant heigh,Agrostis alpina,11,7.8723636363636365,7.5,3.0540467341783515,2.548,2
Plant heigh,Agrostis capillaris,23,32.606448003913044,41.07881837,17.531514057792045,4.796181634999996,5
Plant heigh,Agrostis mertensii,60,14.74,13,9.14812567632466,8.5,8
Plant heigh,Agrostis rupestris,20,4.8950000000000005,4.699999999999999,1.5581618725449007,1.5250000000000004,3
Plant heigh,Agrostis sp,13,8.136102564102563,10.7,5.3989043112239115,11.189,0
Plant heigh,Agrostis stolonifera,21,9.379523809523809,0.3,16.59641261122128,11.768,2
Plant heigh,Ailanthus altissima,5254,13.9467754853445,14.3256,5.414070359824599,7.619999999999999,81
Plant heigh,Ajuga reptans,208,5.022557692307692,3,6.083216076419142,4,28
Plant heigh,Albizia julibrissin,468,10.34811282051282,10.0584,3.7608232765267884,5.1816,16
Plant heigh,Alchemilla alpina,15,11.146666666666667,11.200000000000001,2.3972802049306585,1.9499999999999993,3
Plant heigh,Alchemilla pentaphyllea,11,2.4545454545454546,2,1.4172957604985885,1.4500000000000002,2
Plant heigh,Alchemilla sp,17,21.376470588235296,22.6,8.462234442787903,6.600000000000001,3
Plant heigh,Alchemilla vulgaris,104,7.1875,5.9,5.151165152388774,8.625,2
Plant heigh,Allium canadense,50,27.3,27.3,0,0,0
Plant heigh,Allium cernuum,20,42.26,39.3,5.873795509226595,9.199999999999996,0
Plant heigh,Allium scorodoprasum subsp. scorodoprasum,25,35.2,36,7.675719293112969,9,2
Plant heigh,Allium stellatum,50,35.2,35.2,0,0,0
Plant heigh,Allium victorialis,25,32.56,31.5,8.450000000000001,12,1
Plant heigh,Allium vineale,20,0.449,0.455,0.04008543507638601,0.03874999999999995,4
Plant heigh,Alnus alnobetula,122,96.29098360655738,59,81.86038911746351,71.99999999999999,26
Plant heigh,Alnus alnobetula subsp. alnobetula,10,283,260,52.76783532081304,77.5,0
Plant heigh,Alnus glutinosa,134,20.857277611940297,13.5636,85.34578515363177,4.989600000000001,14
Plant heigh,Alnus incana,11,392.6482517632571,250,665.0561030123425,257.55,2
Plant heigh,Alnus oblongifolia,23,14.166573913043479,14.0208,4.970177189197163,4.114799999999999,7
Plant heigh,Alnus rhombifolia,1549,9.840197288573274,8.2296,5.618600334622957,7.010400000000001,146
Plant heigh,Alnus rubra,13658,18.540489910675063,18.288,6.603021844667498,8.8392,651
Plant heigh,Alopecurus geniculatus,10,27.182027972,28.503379950000003,4.6317113295375885,4.528671330000002,1
Plant heigh,Alopecurus pratensis,273,68.75644681871795,58.93087759,51.20238553190422,64,10
Plant heigh,Alyssum alpestre,14,6.885714285714286,6,4.4870509662390035,2.6500000000000004,2
Plant heigh,Ambrosia artemesifolia,21,28.904761904761905,29,7.993151830815939,12,0
Plant heigh,Ambrosia artemisiifolia,141,40.65294326241135,42,13.483714225355103,20.9,4
Plant heigh,Ambrosia psilostachya,21,41.77466666666667,30,23.055903307685284,37,0
Plant heigh,Amelanchier arborea,161,9.5623900621118,9.144,4.093269364200287,4.8768,6
Plant heigh,Amelanchier ovalis,27,13.701481481481482,0.95,45.05858892799836,2.045,2
Plant heigh,Ammophila arenaria,106,16.166172955566037,0.6799999999999999,80.94204791909473,0.3975000000000001,11
Plant heigh,Amorpha canescens,52,50.19230769230769,46.2,20.15628979002702,0,0
Plant heigh,Amphicarpa bracteata,13,38,30,22.642143596988927,46,0
Plant heigh,Anacyclus clavatus,10,7.32,7.000000000000001,1.8280530019060655,2.125,1
Plant heigh,Andromeda polifolia,493,5.0630831643002026,5,0.8601475974570324,0,0
Plant heigh,Andropogon gerardii,216,99.57604166666667,84,78.3102138023537,129,8
Plant heigh,Andropogon virginicus,88,41.0875,41,10.021701653062143,12.7575,6
Plant heigh,Androsace adfinis subsp. brigitanica,25,0.816,1,0.4048456495999432,0.5,2
Plant heigh,Androsace septentrionalis,37,2.4054054054054053,1.9,3.888154799869438,0.09999999999999987,14
Plant heigh,Androsace vitaliana,26,1.5192307692307692,1.5,0.8658033175123462,0.875,1
Plant heigh,Anemone baldensis,25,5.68,5,1.973153144926499,1,7
Plant heigh,Anemone hepatica,201,1.0781094527363184,0.09,3.0733744334135724,0.06,23
Plant heigh,Anemone quinquefolia,13,6.7153846153846155,5,7.538992655282949,2,3
Plant heigh,Anemone virginiana,66,50.778787878787874,45.8,9.896021191935446,0,0
Plant heigh,Angelica grayi,11,36.57,37.4,4.0647386139824535,5.049999999999997,0
Plant heigh,Antennaria alpina,148,10.27570945945946,11.05,3.2588421846416105,4.299999999999999,10
Plant heigh,Antennaria carpatica,11,2.7272727272727275,3,1.0808246010254476,1.5,0
Plant heigh,Antennaria dioica,90,3.1822222222222223,1.7,3.562494321786219,0.8000000000000003,19
Plant heigh,Antennaria parvifolia,25,6.932,5,5.441485703984406,8.5,0
Plant heigh,Antennaria rosulata,20,1.215,1.15,0.4439950213092129,0.5499999999999999,2
Plant heigh,Antennaria sp,30,7.873333333333333,6,3.8280213069465514,4.800000000000001,4
Plant heigh,Anthemis arvensis,442,46.64651541272295,58,26.086329698364626,50.975,0
Plant heigh,Anthemis maritima,379,0.5218548812664908,0.14,7.302208757502356,0.09,17
Plant heigh,Anthoxanthum odoratum,424,41.72729977021226,28.805787690000002,38.208150986042966,37.29,37
Plant heigh,Anthriscus sylvestris,165,47.111363636363635,43,37.10665160592569,58.599999999999994,5
Plant heigh,Anthyllis cornicina,60,6.873333333333333,6.45,2.4083799088413635,2.5,5
Plant heigh,Anthyllis lotoides,11,5.986862948898755,6.5,2.5890995125402516,2.700000000000001,2
Plant heigh,Anthyllis montana,29,7.989310344827587,7,3.268578689621271,2,5
Plant heigh,Anthyllis sp,10,5.15,5,1.6338434577536627,1.75,1
Plant heigh,Anthyllis vulneraria,59,11.422145820169492,11,7.637770247345323,6,10
Plant heigh,Apocynum cannabinum,94,62.05037234042553,56.7,44.17701688161839,17.474999999999994,43
Plant heigh,Aquilegia caerulea,18,19.975166666666667,15,11.226915108476646,17.575,0
Plant heigh,Arabidopsis lyrata,10,21.5,16.5,16.66833325000833,17.5,2
Plant heigh,Arabis alpina,26,3.6115384615384616,3.5,1.6359283414812333,1.875,2
Plant heigh,Arabis caerulea,26,2.5615384615384618,2.55,1.1614049846894658,1.4249999999999998,2
Plant heigh,Arabis soyeri subsp. subcoriacea,10,2.55,2.25,0.7975657409336933,1,1
Plant heigh,Aralia nudicaulis,67,29.80597014925373,29,9.74599965482365,12,5
Plant heigh,Arbutus arizonica,18,6.858,6.5532,3.048448202340486,4.6482,0
Plant heigh,Arbutus menziesii,6944,13.254012096774193,12.4968,5.372705546745776,6.4007999999999985,492
Plant heigh,Arctium lappa,14,94.76726845,96.964785215,25.427333482335683,28.898726269999997,2
Plant heigh,Arctium nemorosum,10,1.538,1.5350000000000001,0.1050714042925096,0.1475000000000002,0
Plant heigh,Arctostaphylos alpinus,28,4.627142857142857,4,3.2117202695669325,2,1
Plant heigh,Arctostaphylos rubra,242,5.06198347107438,5,0.9642365197998375,0,0
Plant heigh,Arctous alpina,32,4.24375,4.5,1.4628601017935225,2,0
Plant heigh,Arenaria lanuginosa,20,15.05,15,4.334379091088268,3.75,4
Plant heigh,Arisaema triphyllum,22,16.09090909090909,14,7.4906868583855255,9.75,3
Plant heigh,Aristida purpurascens,51,33.333333333333336,33,2.3804761428476167,0,0
Plant heigh,Aristida purpurea,10,7.35,7.25,1.841647812874836,1.75,2
Plant heigh,Arnica latifolia,32,14.801041666666666,14,1.8881157164700892,2.8500000000000014,1
Plant heigh,Arnoglossum atriplicifolium,21,10.695714285714285,1.23,43.37616610206907,0.34999999999999987,2
Plant heigh,Arnoglossum plantagineum,50,66.4,66.4,0,0,0
Plant heigh,Arrhenatherum elatius,286,81.60521639461538,80,76.72809823732763,52.875,15
Plant heigh,Artemisia alba,25,22.3,19,7.479137650825796,11.5,1
Plant heigh,Artemisia arbuscula,11,0.2581818181818182,0.26,0.07820718404573608,0.08500000000000002,1
Plant heigh,Artemisia campestris,28,42.644642857142856,35,27.68658365856177,15.25,6
Plant heigh,Artemisia carruthii,20,25.95,24,8.029386815416165,7.5,3
Plant heigh,Artemisia dracunculus,21,65.61904761904762,62,11.560606344289173,12,2
Plant heigh,Artemisia ludoviciana,29,24.96551724137931,22,14.008881770966104,14,5
Plant heigh,Artemisia scopulorum,22,15.504772727272726,15.9525,4.185089882767135,3.6249999999999964,6
Plant heigh,Artemisia tridentata,51,28.23921568627451,29,26.960753612845267,44.17,1
Plant heigh,Artemisia tridentata subsp. vaseyana,11,0.49727272727272726,0.49,0.08235179525558736,0.11000000000000004,0
Plant heigh,Artemisia umbelliformis,26,9.211538461538462,8,3.450139350585935,4,2
Plant heigh,Asclepias syriaca,108,55.31159259259259,68,51.42365318579238,100.12075,0
Plant heigh,Asclepias tuberosa,301,9.226418604651164,0.082,20.01684678791474,0.089,73
Plant heigh,Asclepias verticillata,52,58.65384615384615,57.4,6.330395444652032,0,0
Plant heigh,Asclepias viridiflora,50,36,36,0,0,0
Plant heigh,Asclepias viridis,50,31.66666667,31.66666667,0,0,0
Plant heigh,Asimina triloba,682,6.378007038123167,5.7912,2.5634571444446146,2.7432,63
Plant heigh,Asperula tinctoria,12,19.458333333333332,17.275,14.307703477074117,10.849999999999998,1
Plant heigh,Asplenium ruta-muraria,26,5.939038461538462,5.5,2.138509770485405,2.77125,2
Plant heigh,Asplenium septentrionale,25,7.2,7.5,2.1262251370288454,2.5,2
Plant heigh,Astragalus alpinus,62,7.158064516129032,6.45,2.818763150867321,3.3999999999999995,3
Plant heigh,Astragalus cicer,10,29.5,29.25,7.003967129816898,4.875,3
Plant heigh,Astragalus glycyphyllos,26,20.884615384615383,18.75,8.17594972135677,9.5,3
Plant heigh,Astragalus humistratus,20,4.87,3.7,2.8793456859063253,3.3,3
Plant heigh,Astragalus monspessulanus,26,9.615384615384615,9,2.6088606413823343,3,2
Plant heigh,Astragalus rusbyi,20,31.1,33,9.797421787603641,13.25,0
Plant heigh,Astragalus sempervirens,63,0.18714285714285714,0.11,0.6170962924061224,0.06000000000000001,1
Plant heigh,Athamanta cretensis,26,9.75,8.15,4.893281107804865,3.0999999999999996,4
Plant heigh,Athyrium filix-femina,11,57.27272727272727,46,28.341104103725065,40,1
Plant heigh,Atriplex sp,10,38.96,40,13.86339705042663,17,0
Plant heigh,Avena barbata,19,29.684105263157896,33,24.69862757072127,30.8945,1
Plant heigh,Baptisia australis,52,48.80341880769231,47.55555556,6.300189057890856,0,0
Plant heigh,Baptisia bracteata,50,29.8,29.8,0,0,0
Plant heigh,Baptisia lactea,20,0.9405,0.93,0.11420088487075378,0.11875000000000002,4
Plant heigh,Bartsia alpina,29,7.165517241379311,7.8,2.8278305493369906,4.6,0
Plant heigh,Bellardia trixago,13,22.185513076923076,20,9.99445024362136,8.000000000000004,3
Plant heigh,Bellidastrum michelii,25,6.4,6,2.6770630673681683,3,2
Plant heigh,Bellis perennis,142,18.85176056338028,7,25.365558832649796,21,22
Plant heigh,Berardia lanuginosa,18,5.722222222222222,5,1.6735153404648675,1.375,3
Plant heigh,Berberis vulgaris,67,5.491701492537313,0.59,25.55583064646413,1.455,7
Plant heigh,Beta vulgaris,238,43.07983193277311,45,17.370070188927237,20.75,26
Plant heigh,Betula alleghaniensis,40384,16.186814347266242,16.1544,15.469801571238396,5.4864000000000015,2011
Plant heigh,Betula glandulosa,1317,37.58276385725133,27,27.400184682274784,30,116
Plant heigh,Betula lenta,27736,17.123982044995675,17.0688,4.896701490082184,6.400800000000002,1552
Plant heigh,Betula nana,459,15.61318082788671,14.000000000000002,9.418363642535668,10,33
Plant heigh,Betula nigra,8030,16.822644582814444,17.0688,5.536887280889443,7.010400000000002,567
Plant heigh,Betula occidentalis,130,10.571102485630329,9.7536,5.3946298402795945,9.2088,0
Plant heigh,Betula papyrifera,46200,16.155202532467534,15.8496,17.39534378759248,5.181600000000001,2125
Plant heigh,Betula pendula,6199,163.42306839812872,166,79.90436478952242,123,22
Plant heigh,Betula populifolia,1429,12.586384324702589,12.4968,3.130516876301314,3.3528000000000002,162
Plant heigh,Betula pubescens,233,37.03996137339056,0.081,124.20398689625557,12.96,54
Plant heigh,Bidens cernua,18,45.55755555555555,43.75,20.61079909465573,16.75,3
Plant heigh,Bidens lanceolata,71,14.471947183098592,19.3,10.250296834600476,19.119025,1
Plant heigh,Bidens tinctoria,20,19.05,14.5,12.076401520494858,18.25,1
Plant heigh,Biserrula pelecinus,269,6.524907063197026,6,3.3251322062576274,4,14
Plant heigh,Bistorta bistortoides,27,31.29748148148148,30.2,7.066759818770009,10,1
Plant heigh,Bistorta officinalis,17,40.00588235294118,40,12.22852559531582,14.3,1
Plant heigh,Bistorta vivipara,495,9.363200673400673,8.956,5.207090281084645,7.579000000000001,13
Plant heigh,Bituminaria bituminosa,19,19.81046052631579,22,12.247861202250999,15.9,0
Plant heigh,Blepharoneuron tricholepis,20,42.8,41.5,9.082081838781006,15.5,0
Plant heigh,Blephilia ciliata,50,32.6,32.6,0,0,0
Plant heigh,Borodinia canadensis,50,49.4,49.4,0,0,0
Plant heigh,Bothriochloa ischaemum,25,35.8,34,10.012492197250394,6,9
Plant heigh,Botrychium lunaria,26,3.8076923076923075,2.5,5.431531870617944,0.875,3
Plant heigh,Bouteloua curtipendula,81,36.39012345679012,48.4,21.45145038766768,15.399999999999999,21
Plant heigh,Bouteloua gracilis,21,33.80952380952381,34,7.947446430263294,8,4
Plant heigh,Bouteloua simplex,10,8.7,8.5,3.3349995835415367,4.5,0
Plant heigh,Brachypodium pinnatum,37,17.262702702702704,0.3,23.921841211264173,36.86,4
Plant heigh,Brachypodium retusum,46,26.845565217391304,29.5,17.12667467451762,22.75,1
Plant heigh,Brachypodium sylvaticum,15,36.652151144,37.90639098,3.175189458733682,4.763043970000005,1
Plant heigh,Brassica napus,137,119.06569343065694,141,61.05592956456858,96,0
Plant heigh,Brassica repanda subsp. repanda,25,4.36,5,1.7590243507884327,2,2
Plant heigh,Brickellia eupatorioides,50,89.5,89.5,0,0,0
Plant heigh,Briza media,74,12.98445945945946,9.8,10.452540903897436,7.800000000000002,11
Plant heigh,Bromus ciliatus,21,42.95238095238095,43,8.015461249835786,11,0
Plant heigh,Bromus erectus,155,47.01228387096774,29.25,32.67540981643751,63,0
Plant heigh,Bromus hordeaceus,191,22.34073688794241,13,22.892577536887924,9.15,39
Plant heigh,Bromus inermis,495,52.93509454545455,63,38.13934944834463,80.954,0
Plant heigh,Bromus marginatus,12,0.6291666666666667,0.62,0.07038315053184162,0.07500000000000007,1
Plant heigh,Bromus rigidus,49,2.1020204081632654,0.27,3.9707037605116673,0.16,10
Plant heigh,Bromus rubens,113,13.332274336283186,13,4.928763247233723,4,14
Plant heigh,Bromus tectorum,46,21.81531234493929,20.5,11.541157815022467,10.149999999999997,5
Plant heigh,Buchnera americana,51,27.818627450980394,26.375,10.309562118656222,0,0
Plant heigh,Bupleurum falcatum,91,26.678571428571427,0.87,28.84511041066015,52.58,2
Plant heigh,Bupleurum fruticescens,12,23.276458333333334,20.5,19.300444308896967,8,2
Plant heigh,Bupleurum longifolium,26,52.57692307692308,54,10.885487869353682,7.25,7
Plant heigh,Bupleurum stellatum,26,14.384615384615385,13.75,4.598494736993166,7.625,0
Plant heigh,Cakile maritima subsp. maritima,33,0.17303030303030303,0.1,0.1340821774250042,0.16999999999999998,3
Plant heigh,Calamagrostis canadensis,17,69.6,88,43.65104523376273,90.5,0
Plant heigh,Calamagrostis epigejos,30,48.750334854222224,66.2344037,32.5445658823191,71.90146905333334,0
Plant heigh,Calamagrostis lapponica,250,18.0536,15,11.769390862960604,8,30
Plant heigh,Calamagrostis stricta,66,11.022727272727273,10.05,4.739775893908437,6.7749999999999995,2
Plant heigh,Callirhoe digitata,50,52.1,52.1,0,0,0
Plant heigh,Calluna vulgaris,266,14.487481203007519,13,9.799780246362866,7,20
Plant heigh,Calocedrus decurrens,12333,15.255100429741344,11.5824,10.12738585126966,14.020799999999998,911
Plant heigh,Caltha leptosepala,17,11.28,10.08,5.963031946920962,5.1,2
Plant heigh,Calystegia sepium,28,114.19679143357142,116.875,57.70591001685993,51.21249999999998,4
Plant heigh,Calystegia soldanella,70,3.3954,0.0625,19.93675343258987,0.06749999999999999,14
Plant heigh,Camassia scilloides,51,20.12156862745098,19,8.009602080640216,0,0
Plant heigh,Campanula cenisia,25,1.86,1.5,0.8231038816577164,1,1
Plant heigh,Campanula cochleariifolia,27,3.7962962962962963,4,1.8410869451498317,2.75,0
Plant heigh,Campanula micrantha,20,0.1015,0.08499999999999999,0.0751857349291879,0.09000000000000001,2
Plant heigh,Campanula patula,149,30.345637583892618,35,21.027322904817026,44,0
Plant heigh,Campanula persicifolia,23,8.154782608695653,0.07,15.900647176527471,0.05,5
Plant heigh,Campanula rapunculoides,15,66.83333333333333,64,27.073752884262188,20,1
Plant heigh,Campanula rotundifolia,47,21.238788870829787,18.9,13.042691424215938,15.39494672,5
Plant heigh,Campanula scheuchzeri subsp. scheuchzeri,25,12.32,13,5.167768699674293,7.5,0
Plant heigh,Campanula spicata,18,21.944444444444443,18,11.1920256391994,16,0
Plant heigh,Campanula trachelium,78,4.365897435897436,0.31,17.699429107815618,0.38,4
Plant heigh,Campsis radicans,28,50.83821428571429,53.34,13.61195173465051,13,6
Plant heigh,Cardamine bellidifolia,41,4.2560975609756095,3.5,2.153839453219274,2.5,6
Plant heigh,Cardamine bulbifera,21,1.3514285714285714,0.45,4.2734006197807926,0.08000000000000002,3
Plant heigh,Cardamine diphylla,10,12.35,11.5,4.236416200306837,3.75,2
Plant heigh,Cardamine enneaphyllos,21,1.2666666666666666,0.35,4.292616140925407,0.07999999999999996,1
Plant heigh,Cardamine pratensis,28,13.857142857142858,16,11.210822435599436,22.25,0
Plant heigh,Carduus defloratus subsp. defloratus,25,23.22,24,6.403254380911839,8,1
Plant heigh,Carex albonigra,27,18.44814814814815,19.5,4.7229692722310554,7.300000000000001,0
Plant heigh,Carex arenaria,11,3.29,0.16,8.033097783545275,0.16999999999999998,2
Plant heigh,Carex bigelowii,549,8.902185792349727,8,4.572433542246943,5.199999999999999,46
Plant heigh,Carex brevior,26,26.842307692307692,25.25,12.82897261909692,12,3
Plant heigh,Carex canescens,22,10.318181818181818,10,3.183085709187648,4.499999999999999,1
Plant heigh,Carex capillaris,10,5.23,5.45,1.2684636376341263,1.9499999999999993,0
Plant heigh,Carex caryophyllea,24,10.997916666666667,10.6,7.363932065888067,11.3,1
Plant heigh,Carex crawei,50,13.6,13.6,0,0,0
Plant heigh,Carex curvula,19,7.48421052631579,7.000000000000001,2.158771038730328,3.299999999999999,0
Plant heigh,Carex elata,25,29.62,30,7.4404300950953095,9,1
Plant heigh,Carex ericetorum,10,6.79,6.800000000000001,0.6419588079550831,0.6500000000000012,1
Plant heigh,Carex firma,10,3.5368,3.3500000000000005,0.6820460720834366,0.9580000000000002,0
Plant heigh,Carex flacca,16,27.765,13.3,28.27592191246821,51.1575,0
Plant heigh,Carex foenea,14,23.297857142857143,14.735,21.67421160967796,13.225000000000001,3
Plant heigh,Carex geophila,10,10.12,10.149999999999999,2.4818451916982163,3.2749999999999986,0
Plant heigh,Carex geyeri,15,15.5,18,8.028965419920906,18.5,0
Plant heigh,Carex humilis,13,22.432307692307692,23.5,7.38411488020755,12,0
Plant heigh,Carex intumescens,15,42.833333333333336,43,20.97419048894776,19,1
Plant heigh,Carex lachenalii,62,10.509677419354839,10,4.3060274064830795,6.925000000000002,0
Plant heigh,Carex lacustris,17,109.47058823529412,106,18.183500924804136,23,1
Plant heigh,Carex macrolepis,43,2.045581395348837,0.13,7.120495669720105,0.07,3
Plant heigh,Carex meadii,51,28.627450980392158,28,4.480896268889631,0,0
Plant heigh,Carex michelii,35,0.24802857142857143,0.256,0.03875828997797512,0.05000000000000002,2
Plant heigh,Carex montana,10,13.16,12.55,3.3025915749773103,1.75,4
Plant heigh,Carex mucronata,10,6.7700000000000005,6.35,1.0842816362304892,1.4499999999999993,1
Plant heigh,Carex myosuroides,16,11.528,11.5,4.385864566992465,5.934000000000003,0
Plant heigh,Carex ornithopoda,31,3.293548387096774,3.1,1.3413141525809598,1.6,1
Plant heigh,Carex parviflora,21,10.929333333333334,11.5,2.835395798355731,4,0
Plant heigh,Carex pensylvanica,127,15.700787401574804,17,9.878881564346225,14,1
Plant heigh,Carex richardsonii,18,36.55555555555556,35,13.16511532186135,21.5,0
Plant heigh,Carex rupestris,16,4.90125,4.9,1.1615040536591625,1.1749999999999998,2
Plant heigh,Carex scabrata,11,43.22727272727273,37,15.606671067789627,15.5,1
Plant heigh,Carex scopulorum,13,27.930769230769233,26.1,9.068295008378055,4.399999999999999,5
Plant heigh,Carex sempervirens,108,15.282407407407407,13.5,7.906070407630577,9.924999999999999,8
Plant heigh,Carex siccata,33,18.666666666666668,20,5.176066717756512,6,2
Plant heigh,Carex sp,36,15.113888888888889,16,6.0302169009925235,10.975000000000001,0
Plant heigh,Carex stricta,14,72.28571428571429,74,21.039993314669058,20.5,1
Plant heigh,Carex swanii,10,27.189,27.97,4.500430720127427,7.465,0
Plant heigh,Carex sylvatica,40,0.1465,0.155,0.05255278177028188,0.10250000000000001,0
Plant heigh,Carex vaginata,44,9.211363636363636,7.1499999999999995,11.258221097637854,2.450000000000001,7
Plant heigh,Carex woodii,32,18.71875,18,6.546283727823083,6.75,2
Plant heigh,Carlina acaulis,16,8.9,7.6,4.728636167014756,6.4499999999999975,1
Plant heigh,Carlina vulgaris,33,7.338787878787879,3.3,13.882992913448039,2.7,4
Plant heigh,Carpinus caroliniana,38326,8.881328059280905,8.2296,9.235519003395007,4.876799999999999,1509
Plant heigh,Carpobrotus acinaciformis,83,0.131,0.12,0.05451739485213334,0.07,6
Plant heigh,Carum carvi,106,22.818867924528302,21.85,12.118982459309718,20.199999999999996,2
Plant heigh,Carya alba,48185,15.3748044744215,15.24,6.738844245638108,9.144000000000002,1156
Plant heigh,Carya aquatica,4075,18.150780957055215,17.6784,7.3630563827118145,9.753599999999999,142
Plant heigh,Carya carolinae-septentrionalis,30,16.04264,15.24,7.269725494300507,5.029200000000001,7
Plant heigh,Carya cordiformis,14667,19.024806763482648,18.288,41.59277884870244,8.2296,808
Plant heigh,Carya glabra,44289,17.634923850165954,17.6784,14.657057742540333,9.753599999999999,935
Plant heigh,Carya illinoinensis,3699,17.353411841038117,16.4592,7.6092721471327085,10.363199999999999,150
Plant heigh,Carya laciniosa,810,19.337866666666667,18.8976,6.392622641586596,9.7536,12
Plant heigh,Carya myristiciformis,96,16.881475000000002,17.9832,6.480494506228916,8.686799999999998,2
Plant heigh,Carya ovalis,201,17.438805970149254,16.764,7.404438370650685,8.534399999999998,22
Plant heigh,Carya ovata,26954,18.33548294130741,17.9832,6.012462565325366,8.2296,1274
Plant heigh,Carya pallida,985,15.260423147208122,15.8496,6.920967103501963,10.0584,14
Plant heigh,Carya texana,19198,13.38528930096885,13.4112,4.895237240285505,6.095999999999998,1241
Plant heigh,Cassiope tetragona,100,9.462,9.1,3.0168476423196613,3.25,12
Plant heigh,Castanea dentata,775,7.228945548387097,5.7912,3.9029994315877556,3.9623999999999997,112
Plant heigh,Castanea pumila,119,7.550843697478991,6.4008,3.1669374021696086,3.8100000000000005,15
Plant heigh,Castanea sativa,28,49.47857142857143,11.35,186.49301269234937,3.1750000000000007,5
Plant heigh,Castilleja austromontana,10,34.1,34,4.433458644845529,5.5,1
Plant heigh,Castilleja coccinea,50,26.8,26.8,0,0,0
Plant heigh,Castilleja integra,10,16.1,15,4.2282121254470875,6.25,0
Plant heigh,Castilleja sulphurea,15,21.166666666666668,18.5,5.041494487418058,11,0
Plant heigh,Catalpa bignonioides,165,11.896436363636363,12.192,4.5855378873931905,6.4008,4
Plant heigh,Catalpa speciosa,300,13.005816,12.4968,4.323921320773324,5.4864,20
Plant heigh,Ceanothus fendleri,21,22.857142857142858,17,29.808196379998765,12,1
Plant heigh,Celtis laevigata,18400,14.984398695652175,14.6304,6.2064165186805385,8.534400000000002,494
Plant heigh,Celtis occidentalis,16252,14.356807679054885,13.716,5.265062132922405,7.010400000000001,757
Plant heigh,Centaurea cyanus,28,51.75,51,13.031656612805376,18.5,1
Plant heigh,Centaurea diffusa,10,37.2,35.5,8.390470785361213,7,1
Plant heigh,Centaurea jacea,337,49.45432640949555,50,33.79008778191922,42,10
Plant heigh,Centaurea nigra,11,52.46181818181818,57.15,9.159605688218045,16.119999999999997,0
Plant heigh,Centaurea scabiosa,11,35.32727272727273,35.5,10.105354116416795,12.300000000000004,1
Plant heigh,Centaurea sphaerocephala,54,0.18442592592592594,0.185,0.07076978404681016,0.07374999999999998,5
Plant heigh,Centaurea stoebe,20,1.099,1.0750000000000002,0.1178268131400355,0.135,2
Plant heigh,Centaurium erythraea,23,19.45020197195652,19,14.328698948669535,24.9193306695,0
Plant heigh,Centranthus angustifolius,27,35.574074074074076,34.5,14.236804756918236,17.25,1
Plant heigh,Cephalanthera longifolia,55,12.284363636363636,0.19,13.896411842182214,26.35,0
Plant heigh,Cephalaria leucantha,27,59.78148148148148,63,27.241202348888812,39.5,1
Plant heigh,Cerastium arvense,16,8.767307692307693,8.35,3.760983651601455,2.7500000000000018,3
Plant heigh,Cerastium fontanum,32,17.275,18.55,14.288818096002382,27.25,0
Plant heigh,Cerastium latifolium,36,4.813888888888889,4.4,1.4188834197107805,1.9500000000000006,1
Plant heigh,Cercis canadensis,10051,8.041132026664014,7.3152,3.1873534445014386,4.572000000000001,469
Plant heigh,Cercocarpus ledifolius,14011,4.109697338944102,3.6576,2.4900733252064837,2.1336000000000004,831
Plant heigh,Cerinthe glabra subsp. glabra,25,32.12,30,9.6838353283534655,14,1
Plant heigh,Chaenactis douglasii,26,7.403846153846154,6,6.785306523318208,1.5,1
Plant heigh,Chaetopappa ericoides,20,11.55,12,2.9995613714429368,5,0
Plant heigh,Chamaecyparis lawsoniana,742,18.71551266846361,15.24,11.889051013370107,15.1638,68
Plant heigh,Chamaecyparis thyoides,4019,15.462362179646679,15.8496,5.9920155584183314,8.534400000000002,19
Plant heigh,Chenopodium album,11,52.70454545454545,64.5,44.95731561462191,86,0
Plant heigh,Chenopodium fremontii,20,54.45,59.5,15.219360938239852,15.25,3
Plant heigh,Chenopodium vulvaria,20,15.85,16,5.565637051539894,7.75,0
Plant heigh,Cherleria obtusiloba,18,2.682352941176471,2.591176470588235,0.947588452563942,1.3250000000000002,1
Plant heigh,Chionophila jamesii,12,12.863636363636367,13.0318181818182,7.675968725038462,12.65,0
Plant heigh,Chrysolepis chrysophylla,1963,11.629913397860419,11.2776,5.351007417812369,7.0104,83
Plant heigh,Chrysopsis villosa,34,12.147058823529411,8,7.859109182849548,9.5,6
Plant heigh,Cinnamomum camphora,20,9.47928,8.8392,6.229217847463508,8.9916,0
Plant heigh,Circaea alpina,13,12.692307692307692,11.5,4.269750488116282,5,1
Plant heigh,Circaea lutetiana,15,15.101333333333333,15,15.368611214637017,20.642,1
Plant heigh,Cirsium acaule,32,14.2275772053125,15.767475999999998,6.616724088350613,12.4468427925,0
Plant heigh,Cirsium arvense,105,83.92828383387301,82.74486612,36.99145867997674,55.16666669999999,1
Plant heigh,Cirsium ferox,16,66.1875,68,14.980960138344495,16.5,2
Plant heigh,Cirsium oleraceum,58,33.32169622331691,24.25,32.400288370168106,33,5
Plant heigh,Cirsium wheeleri,20,54.35,56.5,10.926910287041467,13.5,2
Plant heigh,Cistus albidus,110,21.321013636363638,0.585,32.11834210038456,46.83,16
Plant heigh,Cistus clusii,13,47.926307692307695,52,24.715786397174767,19,2
Plant heigh,Cistus salviifolius,61,25.667762295081967,0.7,29.40704636698583,52.81,2
Plant heigh,Cladrastis kentukea,11,11.360727272727273,12.192,3.9249220601410437,6.096,0
Plant heigh,Clematis flammula,12,6.9790833333333335,0.245,22.997632073594538,0.34225000000000005,3
Plant heigh,Clematis fremontii,50,31.1,31.1,0,0,0
Plant heigh,Clinopodium alpinum,46,6.612608695652174,7.5,6.242019058955776,11.3875,0
Plant heigh,Clinopodium arkansanum,50,18.5,18.5,0,0,0
Plant heigh,Clinopodium grandiflorum,19,33.526315789473685,33,10.118017049098501,11.5,2
Plant heigh,Clinopodium nepeta,28,23.7625,22.75,9.72437396823436,13.25,2
Plant heigh,Clinopodium obovatum,20,44.22,40.5,31.710941163479905,52,0
Plant heigh,Clinopodium vulgare,50,18.9559999998,25.633088235000002,16.301165577293027,32.129373785,0
Plant heigh,Clintonia borealis,10,14.8,14.75,3.7133393177689658,3.5,1
Plant heigh,Coincya monensis,28,26.785714285714285,26.75,10.563238640777296,20.125,0
Plant heigh,Coincya richeri,26,24.653846153846153,24.25,6.173765837427316,9.25,0
Plant heigh,Colchicum autumnale,25,35.924,37,9.14800889082792,5.399999999999999,4
Plant heigh,Collinsia heterophylla,89,0.21146067415730338,0.22,0.07799403476312311,0.1,1
Plant heigh,Cologania angustifolia,20,13.6,12,6.33619510598061,7.5,1
Plant heigh,Comandra umbellata,52,24.326923076923077,24.1,2.2878292978121424,0,0
Plant heigh,Convolvulus arvensis,43,22.317736511627906,11.5,33.528339750761084,14.8,8
Plant heigh,Conyza canadensis,14,19.527428571428572,9,27.68754214086541,23.428,2
Plant heigh,Coptis trifolia,10,4.85,4.5,1.3343745934165396,1.875,0
Plant heigh,Coreopsis palmata,52,42.69230769230769,40.4,11.573360996971198,0,0
Plant heigh,Cornus alternifolia,10,181,81,223.25919167341502,81.75,2
Plant heigh,Cornus canadensis,20,14.9,14,5.825533632660888,3.375,5
Plant heigh,Cornus florida,86631,7.084680296891413,6.7056,4.9038210474841515,3.6575999999999995,3435
Plant heigh,Cornus nuttallii,540,7.206262222222223,6.4008,3.4469190474621794,4.572,34
Plant heigh,Cornus racemosa,37,48.37837837837838,46,24.09973645700918,21,5
Plant heigh,Cornus sanguinea,14,32.94857142857143,4,78.61935471793022,0.9500000000000002,5
Plant heigh,Cornus suecica,35,9.994285714285715,10,2.6415172619875404,3.8000000000000007,1
Plant heigh,Corylus americana,16,75.625,38.5,90.26839609372337,20.75,3
Plant heigh,Corylus avellana,16,116.84,6,173.01090982940931,307.5,0
Plant heigh,Cosmos parviflorus,10,31.8,31,8.612652191849952,8.75,2
Plant heigh,Cotinus coggygria,11,189.8181818181818,180,47.24789557603213,51,1
Plant heigh,Cotinus obovatus,27,10.239022222222221,10.0584,4.512417456592874,3.962399999999999,2
Plant heigh,Crataegus crus-galli,165,12.505585454545454,6.7056,69.57839632240625,4.572,8
Plant heigh,Crataegus laciniata,31,6.108387096774194,0.38,26.75753144403449,2.315,5
Plant heigh,Crataegus mollis,159,6.529441509433962,6.096,2.651067596374061,3.048,12
Plant heigh,Crataegus monogyna,101,6.500138613861386,2.5,20.84947406388454,5.745,7
Plant heigh,Crepis aurea,26,6.115384615384615,4.5,4.457146379260372,6.75,1
Plant heigh,Crepis biennis,142,25.9556338028169,16,25.066324856149667,16,25
Plant heigh,Crepis capillaris,44,14.854663505248494,14.000000000000002,6.746503903606532,6.850000000000001,3
Plant heigh,Crepis vesicaria,28,20.668975340357143,21.5,7.348218553245786,8.75,1
Plant heigh,Croton monanthogynus,50,21,21,0,0,0
Plant heigh,Crucianella maritima,100,1.41372,0.22,10.123277361955006,0.12000000000000002,2
Plant heigh,Cruciata glabra,42,1.0738095238095238,0.13,4.283556165879998,0.07,2
Plant heigh,Cupressus arizonica,355,8.718997183098592,8.5344,3.6767358658494467,5.7912,7
Plant heigh,Cupressus bakeri,11,17.235054545454545,17.3736,3.617665630862984,2.5908000000000015,4
Plant heigh,Cupressus sargentii,72,5.731933333333333,4.7244,3.3301420483174335,3.9624,5
Plant heigh,Cutandia maritima,66,1.3206060606060606,0.11,9.833813937131236,0.04375000000000001,3
Plant heigh,Cymopterus lemmonii,57,17.346411483253586,17.8454545454545,6.684236174430723,8.100000000000001,3
Plant heigh,Cynosurus cristatus,114,93.64912280701755,70.5,116.98233604320944,55.75,14
Plant heigh,Cyperus capitatus,129,0.2444031007751938,0.21,0.12282937348334103,0.18000000000000002,3
Plant heigh,Cytisus austriacus,19,1.3157894736842106,0.28,4.524771714056687,0.06,1
Plant heigh,Cytisus scoparius,35,9.352714285714285,0.65,37.93074781646107,1.2650000000000001,4
Plant heigh,Dactylis glomerata,600,53.568790946670774,37.15,58.898315473460045,42.675000000000004,71
Plant heigh,Dactylorhiza fuchsii,25,34.58,35,7.905272502155339,10.5,1
Plant heigh,Dactylorhiza incarnata,25,8.82,8,2.6056029372616747,3,3
Plant heigh,Dactylorhiza majalis,25,14.56,14,4.062839729384691,6,1
Plant heigh,Dalea candida,50,64.6,64.6,0,0,0
Plant heigh,Dalea polygonoides,10,21.2,21.5,5.593647190240808,8.5,0
Plant heigh,Dalea purpurea,50,35.6,35.6,0,0,0
Plant heigh,Danthonia intermedia,10,13,13.3,4.5183576170502,7.224999999999998,0
Plant heigh,Danthonia spicata,15,24.202666666666666,25,10.59870104350169,11.475000000000001,2
Plant heigh,Daphne gnidium,38,4.334315789473684,0.46499999999999997,17.607634199795214,0.7424999999999999,3
Plant heigh,Daphne laureola,185,0.5003513513513513,0.24,2.923775619032099,0.15000000000000002,16
Plant heigh,Daucus carota,177,27.02183615819209,21,23.24946061278634,28.200000000000003,20
Plant heigh,Delphinium carolinianum,50,52.61111111,52.61111111,0,0,0
Plant heigh,Delphinium nuttallianum,20,13.539,14,4.162729241356217,4.25,1
Plant heigh,Delphinium treleasei,50,38.7,38.7,0,0,0
Plant heigh,Dennstaedtia punctilobula,11,27.40909090909091,28,9.436149060443519,9.75,1
Plant heigh,Deschampsia atropurpurea,12,15.666666666666668,14.5,4.905161165609756,7.5,0
Plant heigh,Deschampsia caespitosa,46,44.084782608695654,42.9,25.79014426215569,32.4,2
Plant heigh,Deschampsia cespitosa,49,16.659825191836735,12.4,19.666736945863192,11.26691729,3
Plant heigh,Deschampsia flexuosa,640,11.76071875,9,10.403630510936967,7,67
Plant heigh,Desmanthus illinoensis,21,94.60952380952381,94.5,13.607420944539962,15.600000000000009,2
Plant heigh,Desmodium canadense,24,11.533958333333333,1.1825,24.414450949634347,0.17999999999999994,5
Plant heigh,Desmodium ciliare,50,103.2,103.2,0,0,0
Plant heigh,Desmodium rigidum,61,38.77295081967213,36.2,8.315592050331771,0,0
Plant heigh,Desmodium sessilifolium,50,124.2,124.2,0,0,0
Plant heigh,Dianthus pavonius,26,7.4423076923076925,7,3.81136963066277,4.25,2
Plant heigh,Dieteria canescens,20,37.45,39,10.127996632576142,16.5,0
Plant heigh,Digitalis lutea,49,1.346938775510204,0.55,5.6392538676382955,0.25000000000000006,1
Plant heigh,Digitalis lutea subsp. lutea,25,49.32,48,15.060212481900779,27,0
Plant heigh,Digitalis purpurea,19,52.324120654052635,54.43722473,25.21494723229132,39.094755445000004,0
Plant heigh,Diospyros texana,516,2.9966093023255813,2.7432,1.3670933534187935,1.2191999999999998,44
Plant heigh,Diospyros virginiana,18412,10.28817106235064,8.8392,5.774598241915092,8.8392,661
Plant heigh,Diphasiastrum alpinum,25,2.628,3,1.0232790430767162,1,4
Plant heigh,Doronicum grandiflorum,26,16.692307692307693,17,5.683444242845923,8,1
Plant heigh,Draba asprella,10,1.4,1.25,0.45704364002673625,0.32499999999999996,2
Plant heigh,Draba streptocarpa,11,2.727272727272727,2.6,0.9466688006804799,0.5500000000000007,3
Plant heigh,Dracocephalum ruyschiana,26,21.634615384615383,21,4.417143177004097,4.375,5
Plant heigh,Dryas integrifolia,90,5,5,0,0,0
Plant heigh,Dryas octopetala,175,4.341298701298701,4,2.4418209428114994,2,25
Plant heigh,Drymaria leptophylla,10,2.8,3,0.6324555320336759,0.75,0
Plant heigh,Drymaria molluginea,10,2.35,2.25,0.5296749527356901,0.875,0
Plant heigh,Drymocallis arguta,10,18.8155,0.675,38.276504357547246,0.08374999999999999,2
Plant heigh,Echeandia flavescens,20,23.65,25,6.217758946420283,9.5,0
Plant heigh,Echinacea pallida,70,29.21954762142857,40.66666667,18.23032511153222,39.86291667,0
Plant heigh,Echinacea paradoxa,50,47.8,47.8,0,0,0
Plant heigh,Echinacea purpurea,20,0.68,0.68,0.084026938036498,0.07999999999999996,3
Plant heigh,Echinophora spinosa,57,8.610368421052632,0.2,63.44422952529466,0.09,6
Plant heigh,Echium plantagineum,213,23.959704225352112,25,10.676265474540216,16.3,4
Plant heigh,Elaeagnus angustifolia,90,19.756711111111112,8.5344,104.54309624681638,3.0584000000000007,14
Plant heigh,Eleocharis compressa,51,25.78947368627451,25.10526316,4.886240503445049,0,0
Plant heigh,Eleocharis palustris,19,40.87315789473684,42,39.703832036247746,60.055,1
Plant heigh,Elymus canadensis,38,45.48092105263158,1.175,51.341458878808744,89.27250000000001,2
Plant heigh,Elymus elymoides,20,42.35,43.5,8.254344948347857,12.25,0
Plant heigh,Elymus lanceolatus,25,20.2,20,4.051748593714406,6,0
Plant heigh,Elymus repens,31,5.23616129032258,0.64,18.108148033591167,0.22299999999999998,7
Plant heigh,Elymus smithii,21,54.76190476190476,53,12.766772348188722,7,3
Plant heigh,Elymus spicatus,22,0.4718181818181818,0.455,0.11846785232556567,0.18000000000000005,1
Plant heigh,Elymus violaceus,10,46.6,47,7.7631608682718065,8.75,1
Plant heigh,Elymus virginicus,67,66.95522388059702,60.75,12.544432105243244,0,0
Plant heigh,Empetrum nigrum,1431,9.887211740041929,6.2,6.9018532007559505,8,212
Plant heigh,Empetrum nigrum subsp. hermaphroditum,419,6.371809069212411,6,2.7312306639196144,4,8
Plant heigh,Epilobium angustifolium,68,47.541676470588236,23.76,55.42357875366689,73,8
Plant heigh,Epilobium brachycarpum,10,28.6,27,9.617114374327098,12,1
Plant heigh,Epilobium dodonaei subsp. dodonaei,10,33,34.75,6.531972647421808,8.625,0
Plant heigh,Epilobium fleischeri,26,16.51923076923077,16,4.217773747442528,7.125,0
Plant heigh,Epilobium hirsutum,17,99.97911204705882,122.6666667,81.13408909029013,178.2857143,0
Plant heigh,Epipactis helleborine,76,2.6213157894736843,0.2,7.205631379618817,0.18999999999999997,10
Plant heigh,Equisetum arvense,11,11.97390909090909,3,14.450734586549885,24,0
Plant heigh,Equisetum fluviatile,10,41.980000000000004,42.3,4.301110967593785,2.25,4
Plant heigh,Equisetum hyemale,26,39.292307692307695,41,11.7347321427265,9.5,7
Plant heigh,Equisetum pratense,10,21.669999999999998,22.1,2.759247079267176,4.075000000000003,0
Plant heigh,Equisetum scirpoides,14,7.678571428571429,7.25,2.6356078182135847,4.25,0
Plant heigh,Eragrostis mexicana,10,24.2,25,6.250333324444918,8.75,0
Plant heigh,Eragrostis spectabilis,70,21.845714285714287,23.6,3.6059807692899053,0.6000000000000014,18
Plant heigh,Eremogone congesta,25,8.6,8,0.816496580927726,1,5
Plant heigh,Eremogone fendleri,44,8.474025974025976,8.35,4.408416544333771,5.125,1
Plant heigh,Erica carnea,15,11.413333333333334,10,3.8357094085275367,3.75,2
Plant heigh,Erica erigena,25,23.32,22.5,5.484599651144405,6,2
Plant heigh,Erigeron alpinus,31,6.612903225806452,7,2.4245607073562656,3.75,0
Plant heigh,Erigeron annuus,26,11.23826923076923,0.755,23.988684496750032,0.15374999999999983,6
Plant heigh,Erigeron divergens,20,13.7,15.35,5.545600437331048,10.025,0
Plant heigh,Erigeron flagellaris,21,3.6285714285714286,2.9,3.8349892903556926,1.6,1
Plant heigh,Erigeron formosissimus,16,11.0625,11,3.7677358364584603,5.25,1
Plant heigh,Erigeron grandiflorus,22,9.548409090909091,9.7825,2.3790621333204256,2.0249999999999986,5
Plant heigh,Erigeron peregrinus,10,30.64,32.1,5.582353147792306,7.9999999999999964,0
Plant heigh,Erigeron pulchellus,26,10.819230769230769,5.4,28.459402934436543,2.75,2
Plant heigh,Erigeron speciosus,41,31.021951219512196,31,8.266030250220537,8.5,6
Plant heigh,Erigeron strigosus,79,54.597468354430376,40.4,28.500053867171516,16.700000000000003,16
Plant heigh,Erigeron uniflorus,11,3.409090909090909,3.1,1.0212292058637429,0.6500000000000004,3
Plant heigh,Eriogonum alatum,20,6.86,6,3.5284408365228552,3.125,1
Plant heigh,Eriogonum pharnaceoides,10,21.3,21.5,6.896859188548557,11.75,0
Plant heigh,Eriogonum racemosum,20,5.15,5.1,1.857700899385837,3.4749999999999996,0
Plant heigh,Eriogonum umbellatum,26,5.576923076923077,4,7.117151547764467,2,1
Plant heigh,Eriophorum angustifolium,31,17.21290322580645,16,4.581320183490335,5.75,5
Plant heigh,Eriophorum scheuchzeri,25,12.1,13,3.7914377220257753,3,6
Plant heigh,Eriophorum vaginatum,65,14.718461538461538,14.099999999999998,3.9282984670406407,4.300000000000001,6
Plant heigh,Eritrichium nanum,13,2.850769230769231,2.7,1.1106339146215969,1.1,2
Plant heigh,Erodium cicutarium,17,7.7681946364235674,3,12.937463926911686,2.5,3
Plant heigh,Erucastrum gallicum,26,16.615384615384617,15.5,6.519674366573367,6.75,1
Plant heigh,Eryngium campestre,56,21.076061224489795,22,7.939747956485139,8,4
Plant heigh,Eryngium maritimum,31,11.214483870967742,0.155,48.572787771804194,0.08,6
Plant heigh,Eryngium yuccifolium,20,1.0115,1.0150000000000001,0.1349181038142847,0.16500000000000004,1
Plant heigh,Erysimum capitatum,23,12.24,10.5,3.7312050210476118,6.5,0
Plant heigh,Erysimum duriaei,10,24,21,16.22754859285078,25.25,0
Plant heigh,Erythronium grandiflorum,20,14.825,15,1.4167698620824989,1.625,2
Plant heigh,Eucalyptus globulus,27,31.850666666666665,35,9.743359781923278,0,0
Plant heigh,Euonymus latifolius,21,14.485714285714286,0.19,65.4195660770865,0.09,1
Plant heigh,Eupatorium altissimum,50,104.6,104.6,0,0,0
Plant heigh,Euphorbia amygdaloides,21,2.0552380952380953,0.18,8.694345069668916,0.04999999999999999,5
Plant heigh,Euphorbia brachycera,20,20.8,20,4.007886961322243,5.25,1
Plant heigh,Euphorbia corollata,66,44.43939393939394,45.6,6.883936235074966,0,0
Plant heigh,Euphorbia fendleri,20,3.9,3.5,1.8890264827766652,3,0
Plant heigh,Euphorbia missurica,50,11.4,11.4,0,0,0
Plant heigh,Euphorbia nutans,51,19.368191725490195,18.55555556,5.803383014293739,0,0
Plant heigh,Euphorbia paralias,10,52.2843,0.405,140.11536223337143,23.592499999999998,2
Plant heigh,Euphorbia serpyllifolia,18,1.5277777777777777,1.25,1.130749650117934,0.5,4
Plant heigh,Euphorbia spinosa,25,20.48,20,7.025963753583324,9.5,1
Plant heigh,Euphorbia terracina,41,0.21192682926829268,0.2,0.0757147245401786,0.04000000000000001,7
Plant heigh,Euphrasia frigida,13,7.392307692307692,6.5,2.586652127899929,4.6,0
Plant heigh,Euphrasia officinalis,30,5.19,3.95,4.985382079917107,1.6000000000000005,2
Plant heigh,Euthamia graminifolia,108,71.16509259259259,71,16.445395429495395,25,3
Plant heigh,Eutrochium maculatum,10,99.5,100,12.868998061663973,13,1
Plant heigh,Evolvulus nuttallianus,50,10.1,10.1,0,0,0
Plant heigh,Fagus grandifolia,75889,16.161229321772588,15.8496,14.909494981776676,8.534400000000002,2345
Plant heigh,Fagus sylvatica,179,16.372486033519554,6.7,74.40631208617488,11.615,17
Plant heigh,Festuca acuminata,25,13.58,13,4.422197794460729,7,0
Plant heigh,Festuca airoides,30,31.866666666666667,30,9.164148034345708,8.5,4
Plant heigh,Festuca altissima,18,0.18888888888888888,0.18,0.061633536410443925,0.1,0
Plant heigh,Festuca arizonica,18,32.333333333333336,32.5,6.624375664255196,6.75,3
Plant heigh,Festuca brachyphylla,21,6.995,6.995,1.756836645792659,3.3,0
Plant heigh,Festuca eskia,30,49.666666666666664,48.5,5.622205563860046,6.5,3
Plant heigh,Festuca halleri,10,5.5,5.5,1.3123346456686356,2.125000000000001,0
Plant heigh,Festuca ovina,320,33.48039393554688,27,26.242195229626482,38.25,14
Plant heigh,Festuca quadriflora,11,8.080727272727273,8,1.2405183667249018,1.9999999999999991,0
Plant heigh,Festuca rubra,267,26.8911329588015,21,18.09524394514545,28,8
Plant heigh,Festuca rupicola,31,0.10048387096774193,0.1,0.01306106419283905,0.020000000000000004,0
Plant heigh,Festuca sp,14,13.842857142857143,13.45,4.446210882177229,6.275000000000002,0
Plant heigh,Festuca subverticillata,10,16.6,15.5,4.4522154285504,4,2
Plant heigh,Festuca thurberi,40,54.665,56.5,14.703715734815347,10.25,6
Plant heigh,Festuca valesiaca,50,11.48,10,5.72495432652666,5,3
Plant heigh,Festuca vivipara,19,11.205263157894738,11.700000000000001,3.4561497016526816,5.55,0
Plant heigh,Filago pyramidata,12,4.491666666666667,4.6,2.2411272866911234,3.0749999999999993,0
Plant heigh,Filipendula ulmaria,76,89.18383014381578,97,42.39435095170716,68.049965825,0
Plant heigh,Filipendula vulgaris,36,6.959722222222222,1.15,11.696255929902431,11.412499999999998,5
Plant heigh,Fimbristylis puberula,50,17,17,0,0,0
Plant heigh,Foeniculum vulgare,11,14.28,15,5.196768226503853,4.5,1
Plant heigh,Fragaria vesca,95,0.9404210526315789,0.1,4.017342170975857,0.039999999999999994,16
Plant heigh,Fragaria virginiana,82,11.345243902439025,8.5,7.18796288482379,8,5
Plant heigh,Frasera speciosa,12,29.60333333333333,27.049999999999997,20.970571298990894,27.265,1
Plant heigh,Fraxinus americana,58799,17.95392004966071,17.6784,16.127270498501357,8.2296,3037
Plant heigh,Fraxinus angustifolia,16,77.0164092859375,7.5600000000000005,246.60834217870516,35.69127428749999,1
Plant heigh,Fraxinus caroliniana,514,13.103435019455253,12.8016,6.807279164028523,10.8966,8
Plant heigh,Fraxinus excelsior,65,22.429384615384617,4.29,123.41190077435962,4.1,13
Plant heigh,Fraxinus latifolia,455,15.510635604395604,15.24,6.830490199580916,8.534400000000002,22
Plant heigh,Fraxinus nigra,26118,15.292562370778773,14.9352,15.204903060191736,4.571999999999999,1688
Plant heigh,Fraxinus pennsylvanica,61149,16.358316570998706,16.1544,6.467408918383352,8.421600000000002,2268
Plant heigh,Fraxinus profunda,866,14.781392147806004,14.3256,7.006380923036494,9.6774,48
Plant heigh,Fraxinus quadrangulata,950,14.092989473684211,14.3256,4.957567527381833,6.096,75
Plant heigh,Fraxinus texensis,143,8.920195804195805,8.5344,3.374768666998809,4.724399999999999,5
Plant heigh,Fraxinus velutina,18,7.484533333333333,5.6388,4.000451381590656,7.3152,0
Plant heigh,Fumana ericoides,56,25.358910714285713,25,12.796521102914559,14.25,9
Plant heigh,Fumana laevipes,23,4.008782608695652,3,4.401595268211099,3.5,2
Plant heigh,Fumana sp,10,6.8,6.5,2.2010098692292237,3.5,0
Plant heigh,Fumaria officinalis,268,65.1268656716418,66,12.393318026752375,17,7
Plant heigh,Gagea serotina,44,8.904772727272727,9,2.104431082193954,2.625,2
Plant heigh,Gaillardia pinnatifida,10,5.76,5.5,2.556994763823779,3.5,1
Plant heigh,Galactia regularis,50,37.5,37.5,0,0,0
Plant heigh,Galeopsis tetrahit,39,65.65824175897436,75,30.73004655781959,45.142857144999994,0
Plant heigh,Galium aparine,118,50.69177397466102,53.5,29.85383286720859,46.1785714275,2
Plant heigh,Galium boreale,45,21.373333333333335,20,8.897124152321252,12.3,1
Plant heigh,Galium intermedium,26,0.4673076923076923,0.455,0.07113692106397028,0.08000000000000002,3
Plant heigh,Galium lucidum,38,5.117894736842105,0.36,10.317984602570915,0.07500000000000001,8
Plant heigh,Galium mollugo,296,41.765225225236485,34,38.0712174284507,27,18
Plant heigh,Galium obtusum,46,32.65217391304348,32.5,15.07200110772635,21.75,1
Plant heigh,Galium odoratum,104,0.09992307692307692,0.095,0.04211857794271259,0.0625,4
Plant heigh,Galium pseudohelveticum,25,2.2,2.5,1.050793351076541,1.5,0
Plant heigh,Galium sp,14,7.2,5.65,4.426841207556815,7.0749999999999975,0
Plant heigh,Galium verum,120,39.829211111111114,30,44.58666992782607,55.725,5
Plant heigh,Galium virgatum,50,5.9,5.9,0,0,0
Plant heigh,Gelanicum sylvatica,10,34.8,34.349999999999994,7.730890418746516,12.100000000000005,0
Plant heigh,Genista balansae,20,64.4,61.5,13.884485851785117,17.249999999999993,1
Plant heigh,Genista cinerea,31,3.3629032258064515,0.7,14.234032327148993,0.9750000000000002,1
Plant heigh,Genista cinerea subsp. cinerea,25,78.88,73,22.20232720534794,35,1
Plant heigh,Genista scorpius,32,63.87078125,66.5,28.156442513483853,39.75,1
Plant heigh,Genista sp,10,29.55555555555556,29.7777777777778,9.787873575797885,8.25,2
Plant heigh,Gentiana alba,20,47.339999999999996,47.650000000000006,6.973966627846436,14,0
Plant heigh,Gentiana algida,12,11,10.5,2.287118075419171,3.1500000000000004,1
Plant heigh,Gentiana angustifolia,25,5.8,5,1.632993161855452,2,2
Plant heigh,Gentiana nivalis,15,7.748,7.199999999999999,2.9392885436542535,3.3599999999999994,2
Plant heigh,Gentiana puberulenta,16,25.5375,25.9,6.842404548110262,7.800000000000001,0
Plant heigh,Gentiana verna,24,3.75,3.75,1.1515584902738285,1,4
Plant heigh,Gentianella amarella,10,10.1,10,3.9465878370505774,3.3000000000000007,2
Plant heigh,Gentianella quinquefolia,16,31.9,30.549999999999997,8.518607084885806,8.024999999999995,4
Plant heigh,Geranium caespitosum,11,23.818181818181817,25,7.665744345048064,7.5,2
Plant heigh,Geranium nodosum,21,1.1533333333333333,0.2,4.318564962268524,0.06,3
Plant heigh,Geranium pratense,153,34.63103394771242,31,22.704625216384372,27.418472649999998,14
Plant heigh,Geranium richardsonii,11,21.09090909090909,20,8.336120745941068,8.5,1
Plant heigh,Geranium robertianum,25,18.5583678892,25.54901519,13.186352582278111,28.243804400000002,0
Plant heigh,Geranium rotundifolium,19,24.998105263157896,24.5,10.1159731442393,13.25,1
Plant heigh,Geranium sylvaticum,19,40.50526315789474,40,12.016584543603365,15.800000000000004,1
Plant heigh,Geum canadense,12,47.916666666666664,49.5,22.741465265550556,15.25,3
Plant heigh,Geum rossii,51,15.76972222222222,17.9,6.6442406590358525,13.8,0
Plant heigh,Geum urbanum,27,45.59279335740741,41.36789206,18.91923476008976,8.112784925,8
Plant heigh,Ginkgo biloba,16,15.0511,11.8872,9.715027174022726,5.8674,3
Plant heigh,Gladiolus imbricatus,25,63.16,65,11.484337159801605,17,0
Plant heigh,Glandularia canadensis,50,18.8,18.8,0,0,0
Plant heigh,Glechoma hederacea,102,7.019415266106442,5,6.228439604793544,5,16
Plant heigh,Gleditsia aquatica,502,16.029322709163345,15.24,5.101978352797804,6.096,53
Plant heigh,Gleditsia triacanthos,7449,14.55056281380051,14.0208,12.484345065452764,6.4008,441
Plant heigh,Globularia alypum,16,32.6095375,42.5,21.906925411138065,31.85,0
Plant heigh,Glycine max,21,14.980952380952381,11.4,9.158581715943743,14.2,1
Plant heigh,Gnaphalium hoppeanum,26,4.95,4.75,1.0549881515922348,1.4500000000000002,1
Plant heigh,Gnaphalium supinum,79,4.262025316455696,4.3,2.5652162300755794,4.45,1
Plant heigh,Gordonia lasianthus,12727,11.363122181189597,11.2776,5.505989539287443,8.8392,134
Plant heigh,Grindelia lanceolata,50,76.5,76.5,0,0,0
Plant heigh,Gutierrezia sarothrae,21,23.80952380952381,22,6.217869792935903,4,4
Plant heigh,Gymnadenia corneliana,25,12.66,13,2.1733231083604054,2,2
Plant heigh,Gymnadenia rhellicani,50,17.17,17.75,3.539298327784933,5.375,0
Plant heigh,Gymnocarpium dryopteris,16,12.0625,12,4.508787715857409,3.25,5
Plant heigh,Gymnocladus dioicus,236,15.982627118644068,16.3068,5.599446945572637,7.620000000000001,4
Plant heigh,Halesia carolina,474,12.622192405063291,11.2776,6.717405199535111,11.811,5
Plant heigh,Halesia diptera,35,11.355977142857142,8.8392,7.810658208276752,10.3632,3
Plant heigh,Harrimanella hypnoides,66,1.3757575757575757,1,0.6906096762583949,1,6
Plant heigh,Harvest Residues,25,15.12,14,7.4516217474229505,11,0
Plant heigh,Hedypnois cretica,10,3.79,3.6,1.5132378824523554,1.65,1
Plant heigh,Hedysarum boutignyanum,25,40.02,40,7.83219849935721,10,2
Plant heigh,Helianthella quinquenervis,32,42.22684375,39.5,18.253735298005093,25.5,3
Plant heigh,Helianthemum cinereum,53,5.065103773584906,4.5,3.5787639536772096,3,7
Plant heigh,Helianthemum marifolium,22,28.927363636363637,30,16.319249672134802,15.75,4
Plant heigh,Helianthemum nummularium,313,8.720709265175719,8,4.8196603024723625,6,11
Plant heigh,Helianthemum oelandicum,11,7.774545454545454,7,6.890734886260483,7.495000000000001,2
Plant heigh,Helianthemum syriacum,14,21.87092857142857,25.5,13.193656567073818,17,0
Plant heigh,Helianthus hirsutus,50,64.1,64.1,0,0,0
Plant heigh,Helianthus maximiliani,50,106.1,106.1,0,0,0
Plant heigh,Helianthus mollis,20,84.69,84.85,6.531131924140431,10.400000000000006,0
Plant heigh,Helianthus occidentalis,59,53.74576271186441,51,10.82194963048676,0,0
Plant heigh,Helianthus pauciflorus subsp. pauciflorus,12,114.88333333333333,110.85,15.200767524481561,26,0
Plant heigh,Helianthus tuberosus,14,85.40285714285714,126.7,76.45687003680032,155.695,0
Plant heigh,Helichrysum italicum,32,32.6875,30.5,14.04930832874448,16.5,2
Plant heigh,Helichrysum stoechas,13,32.73743076923077,0.6,82.91387098597541,19.544,2
Plant heigh,Helictotrichon bromoides,15,50.61244666666666,50,34.114203350235776,33.5,1
Plant heigh,Helictotrichon pratense,14,23.810714285714287,18.3,22.489888142925892,7.850000000000001,1
Plant heigh,Helictotrichon pubescens,178,77.18651685393259,79.5,54.202567727471425,68.75,8
Plant heigh,Helictotrichon versicolor,11,8.309090909090909,8.7,2.789428093876788,3.8499999999999996,0
Plant heigh,Heliomeris multiflora,20,39.95,37.5,13.212733093099008,22,0
Plant heigh,Heliopsis helianthoides,78,39.9575,45.5,29.329476493727327,33.015,4
Plant heigh,Heliotropium tenellum,50,25.9,25.9,0,0,0
Plant heigh,Heracleum sphondylium,167,25.619760479041915,18.5,29.25361112405964,19,16
Plant heigh,Herniaria alpina,20,1.85,1.5,1.3088765773505315,1.5,2
Plant heigh,Hesperocyparis macrocarpa,22,5.666509090909091,4.8768,2.2860659730739954,2.2860000000000005,4
Plant heigh,Heuchera parvifolia,11,11.707272727272727,14.7,6.420201073033603,11.740000000000002,0
Plant heigh,Hexasepalum teres,50,20.16666667,20.16666667,0,0,0
Plant heigh,Hieracium alpinum,10,15.07,16.450000000000003,6.81567637468538,5.624999999999998,2
Plant heigh,Hieracium caespitosum,34,0.012015882352941177,0.006500000000000001,0.01585527636440943,0.0030999999999999986,5
Plant heigh,Hieracium fendleri,20,4.44,4.35,1.6633510880464362,2.8999999999999995,0
Plant heigh,Hieracium murorum,22,1.98,0.03,8.515443673255138,0.009999999999999998,4
Plant heigh,Hieracium sabaudum,42,0.058095238095238096,0.05,0.02287165625174586,0.030000000000000006,4
Plant heigh,Hieracium sect.,59,7.474576271186441,5,5.519107662142838,9.5,0
Plant heigh,Hieracium sect. Alpina,85,3.2588235294117647,3,2.550223805194876,1,21
Plant heigh,Hieracium sp,21,0.34886209523809525,0.2032,0.7707225411924777,0.12192000000000001,1
Plant heigh,Hieracium umbellatum,16,24.558656249375,28.4,15.474357359008588,22.5333333325,0
Plant heigh,Hierochloe odorata,11,36.736363636363635,35.5,5.57947537449046,4.500000000000007,2
Plant heigh,Hippocrepis comosa,12,6.841666666666667,4.05,5.458680881833721,5.175,3
Plant heigh,Hippophae rhamnoides,18,39.11306878333333,29.25,43.70201232868004,67.1750000025,1
Plant heigh,Holcus lanatus,182,39.013248985110216,23.5,32.89860583118147,53.03,7
Plant heigh,Homogyne alpina,21,3.619047619047619,3.3,2.2593404010062423,3.2,1
Plant heigh,Hordeum murinum,92,19.865163043478262,20,5.605104005028866,6.850000000000001,6
Plant heigh,Hordeum vulgare,143,61.06293706293706,70,34.22671240445302,66,0
Plant heigh,Hormathophylla lapeyrousiana,11,13.468,11,8.250846259626949,13,0
Plant heigh,Hornungia alpina,27,1.7117037037037037,1.5,0.9157291678394376,1,1
Plant heigh,Houstonia wrightii,20,3.065,3,0.7073114403741894,1.1,0
Plant heigh,Hydrophyllum virginianum,12,15.25,16,6.689544080129826,12.5,0
Plant heigh,Hylodesmum glutinosum,18,18.22222222222222,16.5,7.893076307421032,9,2
Plant heigh,Hymenopappus mexicanus,20,19.65,15,10.960575282635295,14.5,2
Plant heigh,Hymenothrix dissecta,21,58.23809523809524,59,14.141798902207462,15,2
Plant heigh,Hymenoxys grandiflora,12,13.904166666666667,13.024999999999999,2.6077209078682735,3.5749999999999993,1
Plant heigh,Hymenoxys hoopesii,20,51.575,57.25,15.49301625351174,27.375,0
Plant heigh,Hymenoxys richardsonii,20,21.25,22,3.7116459676905724,5.25,0
Plant heigh,Hyparrhenia hirta,10,28.85467,32.5,23.108204259288517,41.7775,0
Plant heigh,Hypericum ascyron,37,59.04648648648649,1.25,65.75366150414136,123.64999999999999,0
Plant heigh,Hypericum coris,21,12.476190476190476,12,3.5407491808803346,5.5,0
Plant heigh,Hypericum perforatum,80,10.260019444444444,0.635,22.151288377775376,0.23275,19
Plant heigh,Hypericum richeri,32,25.8125,26.75,12.08421390933029,13.625,5
Plant heigh,Hypericum sphaerocarpum,50,24,24,0,0,0
Plant heigh,Hypoxis hirsuta,51,18.291372549019606,18.2,0.6525305191570526,0,0
Plant heigh,Ilex aquifolium,10,41.561,15,90.92255855641352,0,0
Plant heigh,Ilex opaca,37309,7.2729059261840305,6.096,10.128240881093388,5.1816,2280
Plant heigh,Impatiens capensis,29,25.70689655172414,25,10.01295343308866,12,2
Plant heigh,Impatiens glandulifera,239,63.44312047364017,46,48.6645493841708,46.75,46
Plant heigh,Imperatoria ostruthium,26,66.38461538461539,66,8.77303561181384,13,0
Plant heigh,Inula salicina,29,17.93448275862069,19.1,5.1427671721741515,7.4,1
Plant heigh,Ipomoea pandurata,50,44,44,0,0,0
Plant heigh,Ipomopsis aggregata,10,45.8,42.5,15.186251091767916,22.5,0
Plant heigh,Ipomopsis multiflora,10,9.3,9,5.012207320355197,4.75,1
Plant heigh,Iris missouriensis,10,39.4,38,9.276014469827246,14,0
Plant heigh,Ivesia gordonii,25,7.5,7.5,0.9682458365518543,1.5,0
Plant heigh,Jacobaea vulgaris,47,45.39886342926714,44.46666667,21.011503205382155,21.066666669999996,1
Plant heigh,Juglans cinerea,957,18.953502194357366,15.5448,96.6081349050834,7.315200000000001,30
Plant heigh,Juglans hindsii,37,15.050486486486486,15.8496,5.131806005803532,8.229600000000001,0
Plant heigh,Juglans major,74,8.64972972972973,8.6868,2.8385960489722772,3.276600000000001,7
Plant heigh,Juglans microcarpa,31,5.732206451612903,5.1816,2.2472937345372372,3.0479999999999996,3
Plant heigh,Juglans nigra,19955,17.509233014282135,16.764,32.198303238309194,7.619999999999999,749
Plant heigh,Juglans regia,25,49.868,7.7,198.06350564065724,0,0
Plant heigh,Juncus alpinoarticulatus subsp. alpinoarticulatus,25,15.84,16,5.41548705104167,8.5,0
Plant heigh,Juncus drummondii,46,16.819565217391304,14.85,5.865023238192758,8.825,3
Plant heigh,Juncus gerardii,26,6.930769230769231,6.85,2.024404945808863,2.0749999999999993,5
Plant heigh,Juncus jacquinii,25,22.86,21,6.586792340231574,8,3
Plant heigh,Juncus tenuis,31,8.701935483870969,0.595,13.392053905047536,18.075000000000003,1
Plant heigh,Juncus trifidus,82,7.934146341463415,7.65,3.1150062723990164,3.9499999999999993,4
Plant heigh,Juniperus ashei,10887,5.214012896114632,4.8768,2.3854001556229942,2.7432000000000003,713
Plant heigh,Juniperus californica,785,3.8561763057324843,3.048,2.4422549758868315,2.4384,93
Plant heigh,Juniperus coahuilensis,2741,3.3933881065304634,3.048,1.461170833856366,1.524,220
Plant heigh,Juniperus communis,305,38.191377049180325,30,31.488404834977672,35,35
Plant heigh,Juniperus deppeana,15593,4.927171217854165,4.572,12.118516073284013,2.1336,1281
Plant heigh,Juniperus monosperma,28020,3.7629599286224127,3.6576,5.158488288890396,1.572,1828
Plant heigh,Juniperus occidentalis,8316,8.232071284271285,7.62,3.373192810394766,4.038600000000001,617
Plant heigh,Juniperus osteosperma,91423,3.842973753290841,3.6576,3.5078146395293235,1.8288000000000002,4923
Plant heigh,Juniperus oxycedrus,46,28.08736956521739,1.2069999999999999,52.84219986225601,8.6875,11
Plant heigh,Juniperus phoenicea,47,1.2868510638297872,0.92,1.1464314003012435,1.0899999999999999,7
Plant heigh,Juniperus pinchotii,3316,2.928592279855247,2.7432,1.049526175478386,1.524,119
Plant heigh,Juniperus sabina,26,46.07692307692308,43.5,14.902142334370792,16.5,3
Plant heigh,Juniperus scopulorum,18649,4.461057072972027,4.2672,7.788034273750242,2.4383999999999997,1271
Plant heigh,Juniperus virginiana,79896,9.584213848002403,9.4488,3.6103744543015326,4.8768,2087
Plant heigh,Kali turgidum,34,3.9306176470588237,0.08,19.049588668134902,0.11749999999999997,3
Plant heigh,Kalmia procumbens,43,2.558139534883721,1.7999999999999998,5.9132712950310236,1,3
Plant heigh,Knautia arvensis,129,36.763953488372096,32,25.338538287144146,37,2
Plant heigh,Koeleria macrantha,87,13.405517241379311,11,7.77703816979618,6,13
Plant heigh,LYCHNIS FLOS-CUCULI,29,7.334482758620689,6.5,6.803270004830081,3.6000000000000005,2
Plant heigh,Lactuca alpina,15,91.85333333333334,97.3,17.617761600428242,21.950000000000003,1
Plant heigh,Lactuca muralis,37,1.221081081081081,0.12,6.552816520730178,0.07,7
Plant heigh,Laennecia schiedeana,14,18.285714285714285,9,16.655692357632205,21.125,3
Plant heigh,Lamarckia aurea,22,5.281556818181818,5.5,2.0392850024022455,1.8750000000000009,2
Plant heigh,Lamium purpureum,16,21.9638921964375,21.36145398,6.021886307071494,4.558929652500002,4
Plant heigh,Lapsana communis,11,93.67781308272727,102.9356643,51.628342623050216,66.05221443500001,1
Plant heigh,Larix decidua,15,28.073333333333334,18,14.910325600864978,27,0
Plant heigh,Larix laricina,14741,15.603187517807475,15.24,7.464679385914588,4.876799999999999,771
Plant heigh,Larix lyallii,456,12.004842105263158,11.8872,6.350633919451081,7.62,20
Plant heigh,Larix occidentalis,17006,23.145843067152768,22.86,9.462873715041646,13.1064,510
Plant heigh,Laserpitium gallicum,26,51.92307692307692,48.5,14.590196919639096,20,2
Plant heigh,Laserpitium latifolium,21,2.086666666666667,0.22,8.687165437202939,0.07,3
Plant heigh,Lathyrus leucanthus,11,15.338363636363637,16,5.629208599309982,4.75,1
Plant heigh,Lathyrus palustris,27,48.629629629629626,47,13.647057017619778,14.5,1
Plant heigh,Lathyrus pratensis,150,29.86,25,17.205832474511066,24,8
Plant heigh,Lathyrus vernus,85,1.3230588235294118,0.14,6.411982277165859,0.1,9
Plant heigh,Lavandula angustifolia,26,36.23076923076923,34.5,10.915338537334303,11,1
Plant heigh,Lavandula latifolia,34,4.348529411764706,0.2275,21.445140847139573,0.20749999999999996,5
Plant heigh,Lavandula multifida,13,26.514923076923075,27,21.386755443737986,20,1
Plant heigh,Ledum palustre subsp. groenlandicum,351,33.56980056980057,30,15.96442830492126,21.5,24
Plant heigh,Leontodon hispidus,211,13.578436018957346,11.8,9.931626823025486,12.874999999999998,12
Plant heigh,Leontodon taraxacoides,31,4.012978912270703,3.9,1.8409963210135567,2.3999999999999995,1
Plant heigh,Leontopodium nivale,27,7.1749629629629625,7,1.7030024500068532,1.75,5
Plant heigh,Lepidium densiflorum,11,32.72727272727273,32,8.486352680520756,13.5,0
Plant heigh,Lespedeza capitata,63,97.03968253968254,101.9,22.091324670649453,0,0
Plant heigh,Lespedeza cuneata,38,58.113684210526316,53,23.887920776675326,9.740000000000002,9
Plant heigh,Lespedeza virginica,50,70.8,70.8,0,0,0
Plant heigh,Leucanthemopsis alpina,11,2.6090909090909093,2.5,0.9005049088756213,0.8000000000000003,1
Plant heigh,Leucanthemum adustum,25,39.8,41,9.447221813845593,11,2
Plant heigh,Leucanthemum vulgare,145,14.457586206896552,6.5,15.75724296755931,16.6,28
Plant heigh,Leucospora multifida,50,3.266666667,3.266666667,0,0,0
Plant heigh,Lewisia pygmaea,20,2.59,2.4,0.9754351255775682,1.3250000000000002,1
Plant heigh,Liatris aspera,236,17.856699152542372,0.08549999999999999,33.43268452887052,0.07450000000000001,57
Plant heigh,Liatris cylindracea,54,56.407407407407405,57.5,4.606265292413696,0,0
Plant heigh,Liatris mucronata,50,63.4,63.4,0,0,0
Plant heigh,Liatris squarrosa,50,56.4,56.4,0,0,0
Plant heigh,Ligusticum mutellina,11,5.7272727272727275,4.3999999999999995,4.9195713043091285,1.9500000000000002,1
Plant heigh,Ligusticum porteri,10,68.7,68,12.929724582440949,16,0
Plant heigh,Ligustrum vulgare,14,29.178571428571427,3,44.90143356579761,37.5,3
Plant heigh,Limonium cossonianum,26,8.151153846153846,8,2.588133423026065,2.375,5
Plant heigh,Limonium tabernense,25,7.54,8,1.9198524248840934,2.5,1
Plant heigh,Linaria alpina subsp. alpina,25,2.28,2.5,0.8175165645620481,0.5,9
Plant heigh,Linaria dalmatica,20,60.7,60,12.957826328435441,16.25,1
Plant heigh,Linaria purpurea,20,0.486,0.485,0.14143624191244544,0.17000000000000004,2
Plant heigh,Linaria repens,24,47.895833333333336,48,12.445515314733873,17.5,1
Plant heigh,Linaria vulgaris,11,51.54545454545455,45,22.05159239766433,30,1
Plant heigh,Linnaea borealis,81,3.2666666666666666,3,2.0267584957266123,2.3,8
Plant heigh,Linum alpinum,26,51.88461538461539,53,9.253440108746252,11,1
Plant heigh,Linum australe,20,22.85,23,5.018649430400888,7.25,0
Plant heigh,Linum catharticum,17,11.111666666666665,10.7,7.679592907324073,4.2333333333333005,3
Plant heigh,Linum lewisii var. lewisii,20,34.1,35,8.973059092287546,11.5,2
Plant heigh,Linum suffruticosum subsp. appressum,25,9.24,9,2.727636339397171,4,0
Plant heigh,Linum sulcatum,50,45.8,45.8,0,0,0
Plant heigh,Liquidambar styraciflua,408976,14.472954150854818,14.0208,9.026278393639172,12.192,3832
Plant heigh,Liriodendron tulipifera,192044,20.15888841098915,20.4216,16.055661729971675,11.582400000000002,1781
Plant heigh,Lithocarpus densiflorus,15661,13.683575710363323,13.1064,6.221556518070691,7.924799999999999,768
Plant heigh,Lithospermum canescens,51,20.58823529411765,20,4.20084025208403,0,0
Plant heigh,Lithospermum incisum,50,26.2,26.2,0,0,0
Plant heigh,Lithospermum molle,50,63.4,63.4,0,0,0
Plant heigh,Lithospermum multiflorum,11,32.09090909090909,31,7.04917790177756,7.5,2
Plant heigh,Lobelia spicata,53,33.27101200943397,33.72727273,2.1686293225101303,0,0
Plant heigh,Lolium perenne,96,126.38987433927083,112.7,77.40619684191395,64.75,15
Plant heigh,Lolium pratense,211,72.24924170616114,47,78.78934132285228,32,42
Plant heigh,Lolium rigidum,33,15.13869696969697,15,6.226250951038115,6.5,4
Plant heigh,Lomelosia graminifolia,26,12,13,3.7094473981982814,5.75,0
Plant heigh,Lonicera canadensis,22,48.59090909090909,38,29.720778511416476,46.75,1
Plant heigh,Lonicera sp,25,41.4948,38.1,14.220937650755195,24.13,0
Plant heigh,Lotus corniculatus,389,20.136401028277636,19,16.356326447251874,29.8,2
Plant heigh,Lotus cytisoides,23,0.3254130434782609,0.1,1.0206550108561516,0.08249999999999999,2
Plant heigh,Lotus dorycnium,21,13.917865238095239,11,12.589009641722267,21,0
Plant heigh,Lupinus argenteus,52,20.55226923076923,10.5,16.26660084539325,31,0
Plant heigh,Lupinus kingii,20,6.14,5.8,2.1019790173723627,2.875,1
Plant heigh,Lupinus perennis,36,9.598055555555556,0.4,14.99596227931171,12.685,5
Plant heigh,Luzula campestris,114,14.342105263157896,9,11.972186755377471,20.75,2
Plant heigh,Luzula lutea,10,6.47,6.5,0.9369572502995474,1.1999999999999993,0
Plant heigh,Luzula multiflora,63,12.143166099365079,12.56047728,3.694667862496087,3.1000000000000014,11
Plant heigh,Luzula pilosa,27,10.74074074074074,11,2.6974716451435174,2.5,5
Plant heigh,Luzula spicata,34,10.708235294117648,10.850000000000001,5.39884413588363,7.249999999999999,0
Plant heigh,Luzula sylvatica,78,0.13153846153846155,0.13,0.05073682857871365,0.07,4
Plant heigh,Lychnis flos-jovis,26,29.153846153846153,29,5.197632597191207,5.75,3
Plant heigh,Lycopodium annotinum,19,10.81578947368421,10,5.457743037586827,9.25,0
Plant heigh,Lycopodium annotinum subsp. annotinum,13,8.153846153846153,8,1.7246329970051524,1,5
Plant heigh,Lycopodium obscurum,10,17.75,18.25,4.516943410955884,8.625,0
Plant heigh,Lysimachia hybrida,32,13.96875,12.5,7.722962723321047,8,2
Plant heigh,Lysimachia quadriflora,50,44.6,44.6,0,0,0
Plant heigh,Maclura pomifera,8476,11.044353185464843,10.668,3.0484017347524537,3.6576000000000004,621
Plant heigh,Magnolia acuminata,4383,18.916365046771617,18.5928,16.328612847470396,9.144,152
Plant heigh,Magnolia fraseri,2474,16.080972029102668,16.4592,5.9275245516599515,7.620000000000001,100
Plant heigh,Magnolia grandiflora,5451,13.710623078334251,13.716,15.30019356896163,10.668,38
Plant heigh,Magnolia macrophylla,1130,12.818593274336283,13.1064,5.259063050913996,7.924799999999999,9
Plant heigh,Magnolia tripetala,193,10.442163730569948,10.668,4.714303292522238,7.619999999999999,2
Plant heigh,Magnolia virginiana,54282,12.426559551969346,11.8872,7.564888506877428,10.363199999999999,282
Plant heigh,Maianthemum canadense,93,7.965591397849463,7,5.139922487650532,4,7
Plant heigh,Maianthemum racemosum,11,26.454545454545453,26.5,8.427498280790525,7.75,2
Plant heigh,Malus angustifolia,159,6.172679245283019,5.7912,2.050108189429032,2.1335999999999995,14
Plant heigh,Malus coronaria,75,9.02208,9.4488,2.6358377901942704,3.6575999999999995,3
Plant heigh,Malus domestica,38,11.768157894736841,3.46,48.054706035835984,2.165,4
Plant heigh,Malus fusca,191,8.69398115183246,7.0104,4.744546498261893,7.0104,14
Plant heigh,Malus ioensis,18,6.011333333333333,6.096,1.804146904152959,3.1242,0
Plant heigh,Matricaria discoidea,27,6.911111111111111,5.5,6.101534065193601,3.55,2
Plant heigh,Medeola virginiana,10,26.1,17.75,23.33785670440959,8.125,2
Plant heigh,Medicago littoralis,28,0.92534535714285715,0.08499999999999999,4.443951490089675,0.05875000000000001,1
Plant heigh,Medicago lupulina,215,13.846223776232558,10,10.322447928313235,13.05,27
Plant heigh,Medicago marina,65,2.2954,0.12,13.416607593063532,0.06,6
Plant heigh,Medicago sativa,54,15.835925925925926,15,10.559622906095548,6.75,5
Plant heigh,Medicago varia_x,148,43.29054054054054,42.5,12.960039776109689,17,4
Plant heigh,Melampyrum pratense,95,10.4,10,2.6990936224923217,4,3
Plant heigh,Melia azedarach,2083,11.511700432069132,11.2776,22.06399949540849,6.400799999999999,25
Plant heigh,Melica nitens,50,48.3,48.3,0,0,0
Plant heigh,Melica uniflora,54,0.13074074074074074,0.15,0.04781457312592611,0.0675,2
Plant heigh,Melittis melissophyllum,69,0.7321739130434782,0.14,4.7972218889334695,0.09000000000000001,3
Plant heigh,Menispermum canadense,10,55.5,28,66.33793953856437,37.75,2
Plant heigh,Mentha aquatica,12,3.56675,0.165,11.475447284806098,0.37525000000000003,1
Plant heigh,Mercurialis perennis,83,3.6069879518072288,0.16,20.656441665503305,0.05499999999999999,5
Plant heigh,Mertensia lanceolata,19,15.738888888888889,15.7388888888889,3.651200546683072,3.549999999999997,2
Plant heigh,Micranthes stellaris,26,4.576923076923077,3,2.8449685681648846,4.875,1
Plant heigh,Milium effusum,10,131.89,134.75,17.04187326688133,19.249999999999986,1
Plant heigh,Mimosa quadrivalvis,50,32,32,0,0,0
Plant heigh,Minuartia mutabilis,27,4.211111111111111,4.5,1.4396402684574026,1.5500000000000003,5
Plant heigh,Mirabilis albida,50,61.6,61.6,0,0,0
Plant heigh,Mirabilis decipiens,20,40.3,40.5,9.465171614091872,12.5,0
Plant heigh,Misopates orontium,105,39.28154285714286,41,17.711364255443762,21,13
Plant heigh,Mitchella repens,26,5.576923076923077,5.5,2.239161931135431,2.375,3
Plant heigh,Molinia caerulea,13,18.167394272307693,14.59545455,31.62114436396728,17.125,1
Plant heigh,Monarda fistulosa,365,14.578542465753424,0.117,27.135339992675775,1.01,91
Plant heigh,Monarda punctata,19,36.89473684210526,38,22.110567450485213,27.5,1
Plant heigh,Mononeuria patula,50,4.5,4.5,0,0,0
Plant heigh,Morus alba,655,12.822931297709923,10.9728,38.8324941991098,4.571999999999999,44
Plant heigh,Morus rubra,7338,11.36017596075225,10.9728,3.6433879478758406,4.571999999999999,378
Plant heigh,Muhlenbergia minutissima,10,6.8,7,0.7888106377466155,1,0
Plant heigh,Muhlenbergia montana,20,38.8,37.5,5.366563145999495,7,1
Plant heigh,Muhlenbergia ramulosa,10,7.6,7.5,1.429840705968481,2.5,0
Plant heigh,Muhlenbergia rigens,20,36.8,30,15.916228064132333,26.5,0
Plant heigh,Muhlenbergia wrightii,20,34.8,36,5.961278562964757,7.5,1
Plant heigh,Munroa squarrosa,10,4.3,4.5,1.766981104093143,2.75,0
Plant heigh,Myosotis alpestris,18,8.166666666666666,7,3.6299408518921203,4.875,2
Plant heigh,Myosotis arvensis,271,41.132841328413285,42,9.851342775964346,12,16
Plant heigh,Myosotis pyrenaica,26,6.923076923076923,6.1,2.2165392290338906,3.75,0
Plant heigh,Myrica gale,25,52.2508,70,39.95985505479218,45,2
Plant heigh,Nabalus altissimus,10,16,16,4.755114205895702,4.875,1
Plant heigh,Nama dichotoma,10,9.25,10,2.3717082451262845,2.625,2
Plant heigh,Nardus stricta,163,16.405591921226993,16.1,6.455137367652037,8.026116675,6
Plant heigh,Neatostema apulum,27,12,11,3.7416573867739413,4.750000000000002,2
Plant heigh,Nepeta nepetella,26,35.59615384615385,34.25,7.349856094875913,8,1
Plant heigh,Noccaea fendleri,15,8.366666666666667,10.1,3.2186214144449807,7,0
Plant heigh,Noccaea montana,31,3.150967741935484,3,1.9071433346565043,2.6999999999999997,2
Plant heigh,Nothoscordum bivalve,50,8.6,8.6,0,0,0
Plant heigh,Nyssa aquatica,33919,20.14890738524131,20.7264,6.194245100543206,8.8392,1221
Plant heigh,Nyssa biflora,169044,14.758828040036914,14.6304,6.789104914923502,10.972800000000001,762
Plant heigh,Nyssa ogeche,2661,11.014722886133033,10.3632,4.811752530903134,7.3152,61
Plant heigh,Nyssa sylvatica,101654,12.019941605839415,11.2776,18.777228985672693,10.363199999999999,1360
Plant heigh,Oclemena acuminata,13,27.307692307692307,24.5,13.158549916211737,13,1
Plant heigh,Oenothera biennis,12,107.76508333333334,67,121.80413037142,114.75,1
Plant heigh,Oenothera filiformis,58,79.62068965517241,63.9,40.916992389259235,0,0
Plant heigh,Oenothera glazioviana,26,85.22820512807692,80,30.133492171344756,36.25,1
Plant heigh,Oenothera macrocarpa,50,32.5,32.5,0,0,0
Plant heigh,Oenothera pubescens,10,13.6,13.5,3.687817782917155,5.5,0
Plant heigh,Olneya tesota,254,4.7448,3.6576,3.6101242933504016,1.8288000000000002,35
Plant heigh,Onobrychis viciifolia,210,62.9752380952381,62.5,24.681637135034773,43.5,0
Plant heigh,Onoclea sensibilis,36,55.19444444444444,54,16.335446899207422,15.5,6
Plant heigh,Ononis natrix subsp. natrix,25,37.2,35,9.903703011163719,10,4
Plant heigh,Ononis spinosa,27,23.808888888888887,23,11.211830938464104,11.116666665,6
Plant heigh,Ononis variegata,92,1.0110108695652174,0.10500000000000001,8.652483931605637,0.0475,3
Plant heigh,Ophioglossum engelmannii,50,3.9,3.9,0,0,0
Plant heigh,Oreochloa disticha,20,8.135,8.1,1.4744401256783968,2.000000000000001,0
Plant heigh,Oreoxis alpina,11,3.9454545454545458,4.2,1.0181980518186393,1.2999999999999998,1
Plant heigh,Origanum vulgare,15,35.48118131933333,39.44436813,8.179182776878381,8.788461535000003,2
Plant heigh,Origanum vulgare subsp. vulgare,25,40.28,36,12.833939379629312,18,1
Plant heigh,Orlaya grandiflora,29,33.689655172413794,34,6.959594858261004,6,5
Plant heigh,Ornithogalum umbellatum,26,9.923076923076923,10.25,3.3576548592501516,4,2
Plant heigh,Ornithopus compressus,33,13.268956330448976,11,5.843965780087162,9,1
Plant heigh,Osmorhiza claytonii,20,32.55,30.5,19.747684741041898,20.75,2
Plant heigh,Ostrya virginiana,27495,10.860285753773413,10.9728,4.046317571154249,6.400799999999999,176
Plant heigh,Oxalis acetosella,18,6.166666666666667,5.5,2.5495097567963922,2.875,3
Plant heigh,Oxalis alpina,20,2.025,2,0.44352060416150846,0.125,9
Plant heigh,Oxalis dillenii,80,23.275,27.2,7.922049025314958,7.199999999999999,17
Plant heigh,Oxalis violacea,51,9.509803921568627,9.2,2.2124425327642556,0,0
Plant heigh,Oxydendrum arboreum,65826,11.265904827879561,11.2776,4.3349957793263005,6.7056,612
Plant heigh,Oxygraphis glacialis,33,6.606060606060606,7.5,3.114977868494754,5,0
Plant heigh,Oxyria digyna,11,16.227272727272727,16.900000000000002,5.063218523644997,5.85,1
Plant heigh,Oxytropis helvetica,16,2.15625,2,1.2071833608307674,2,0
Plant heigh,Oxytropis lambertii,20,15.585,15,3.589938424922751,4.449999999999999,3
Plant heigh,Oxytropis lapponica,25,6.02,6,1.7705931209625774,2,3
Plant heigh,Pachypleurum simplex,27,3.7,3.5,1.2359985063471184,2.1,0
Plant heigh,Packera cana,15,9.42142857142857,8.5,3.5466641412194986,5.199999999999999,1
Plant heigh,Packera crocata,11,17.6,17.6,2.692582403567252,3.8999999999999986,0
Plant heigh,Packera multilobata,11,12.881818181818181,12.5,3.6077189973217654,6.199999999999999,0
Plant heigh,Palafoxia callosa,50,24.81818182,24.81818182,0,0,0
Plant heigh,Pancratium maritimum,168,3.0193809523809523,0.33,33.03489795117317,0.10250000000000004,8
Plant heigh,Panicum aciculare,11,19.51181818181818,18,7.096667976144604,4.284999999999998,1
Plant heigh,Panicum acuminatum,73,22.09082191780822,14.5,16.436258001529616,11.5,10
Plant heigh,Panicum anceps,46,56.75304347826087,58,9.377863502138123,10.79,2
Plant heigh,Panicum clandestinum,20,29.5475,24.1,30.39574500606432,48.9825,0
Plant heigh,Panicum flexile,51,44.313725490196084,44.2,0.8121624487362453,0,0
Plant heigh,Panicum linearifolium,51,26.15686274509804,26.3,1.0222044613404473,0,0
Plant heigh,Panicum oligosanthes,103,32.75728155339806,38.3,8.978422957964687,12.799999999999997,12
Plant heigh,Panicum scoparium,10,72.168,69.925,7.9386310042867105,11.322500000000005,0
Plant heigh,Panicum virgatum,299,16.33,0.268,30.39401977164578,24.8295,75
Plant heigh,Paronychia pulvinata,11,1.9400000000000002,1.94,1.0131140113531152,1.7500000000000004,0
Plant heigh,Parthenium integrifolium,53,68.14603773584906,70.2,14.058766542298663,0,0
Plant heigh,Parthenocissus quinquefolia,22,22.608863636363637,23,9.475834670086071,13.75,1
Plant heigh,Paspalum notatum,30,37.07533333333333,34.144999999999996,8.604325188765415,9,4
Plant heigh,Pastinaca sativa,51,36.27450980392157,30,31.338205712116032,32.5,5
Plant heigh,Paulownia tomentosa,781,13.98645633802817,14.3256,4.859723828061332,6.7056000000000004,28
Plant heigh,Pedicularis canadensis,51,13.03921568627451,12.5,3.850770231077027,0,0
Plant heigh,Pedicularis cenisia,25,13.68,13.5,2.9007183018464007,4.5,0
Plant heigh,Pedicularis comosa subsp. comosa,24,8.208333333333334,8,1.4135729219948654,2,0
Plant heigh,Pedicularis hirsuta,54,7.948148148148149,8,2.3943125015328524,4.05,0
Plant heigh,Pedicularis kerneri,25,5.048,5,1.5594122824534462,1,6
Plant heigh,Pedicularis lapponica,60,6.825,4.65,5.132535799077641,7,6
Plant heigh,Pedicularis tuberosa,16,15.71875,17.75,5.0529488090289085,7,1
Plant heigh,Pedicularis verticillata,59,6.822779661016949,7,2.7919703836229117,4.25,0
Plant heigh,Pediomelum esculentum,50,22.2,22.2,0,0,0
Plant heigh,Pediomelum tenuiflorum,68,72.46176470588236,75.4,12.108465392144687,0,0
Plant heigh,Pellaea atropurpurea,50,15.4,15.4,0,0,0
Plant heigh,Penstemon barbatus,20,44.35,43,15.277348212993399,15.75,4
Plant heigh,Penstemon digitalis,70,23.4545,32.6,14.564762473373781,31.91625,0
Plant heigh,Penstemon linarioides,11,12.409090909090908,12,3.9294922179473892,5,1
Plant heigh,Penstemon pallidus,50,20.1,20.1,0,0,0
Plant heigh,Penstemon virgatus,20,24.525,23.5,5.861280172723182,7.5,0
Plant heigh,Penstemon whippleanus,21,21.98857142857143,21.5,4.861783917158686,3,9
Plant heigh,Pentanema helveticum,25,64.38,63,15.73562836368475,22,1
Plant heigh,Persea borbonia,19164,8.083848215403883,6.7056,4.132539057809153,5.791199999999999,1253
Plant heigh,Persicaria hydropiperoides,12,80.58333333333333,81.5,11.789504834488353,20.5,0
Plant heigh,Persicaria pensylvanica,12,41.416666666666664,43,11.065575886368034,15,1
Plant heigh,Persicaria sagittata,20,76.4,75,21.149592505717333,14,5
Plant heigh,Petasites frigidus,36,6.019444444444445,5.65,2.666706844935415,4.349999999999999,0
Plant heigh,Petrosedum anopetalum,26,13.653846153846153,13,3.199278764875705,4.75,1
Plant heigh,Petrosedum sediforme,30,26.1092,27.5,10.119626946919912,12,3
Plant heigh,Peucedanum palustre,28,6.4071428571428575,6.55,1.6302530072736772,2.3,0
Plant heigh,Phacelia hastata,25,10.62,10.3,2.584730804809919,2.5,5
Plant heigh,Phagnalon saxatile,14,24.742142857142856,26.5,15.138048054524695,13.5,3
Plant heigh,Phalaris arundinacea,78,76.2396443373077,71.5,42.06712957849767,53.375734050000005,2
Plant heigh,Phegopteris connectilis,10,18,16.5,4.242640687119285,4,1
Plant heigh,Phemeranthus calycinus,50,5.533333333,5.533333333,0,0,0
Plant heigh,Phillyrea angustifolia,36,7.456333333333333,0.6,28.188240744780693,1.4300000000000002,3
Plant heigh,Phillyrea latifolia,32,10.423735119047624,0.785,33.222056906507966,3.955,4
Plant heigh,Phleum alpinum,27,31.062962962962963,31.8,13.160785227571637,18.849999999999994,0
Plant heigh,Phleum pratense,373,42.49020158303715,41,25.57747904078101,38,9
Plant heigh,Phlomis purpurea,31,3.024516129032258,0.23,14.290907852829521,0.6325,2
Plant heigh,Phlox pilosa,50,28.1,28.1,0,0,0
Plant heigh,Phlox speciosa,10,7.2,7.15,1.6619934483090546,1.5249999999999986,2
Plant heigh,Phragmites australis,26,113.19089521188812,146.6969697,84.78195366660363,162.31272727272727,0
Plant heigh,Phyllodoce caerulea,276,6.440942028985507,6,3.1980262976191276,4.025,14
Plant heigh,Physalis virginiana,51,18.627450980392158,17,11.622324697432482,0,0
Plant heigh,Physospermum cornubiense,123,78.65447154471545,76,25.432337914722073,34.5,3
Plant heigh,Physostegia angustifolia,50,54.9,54.9,0,0,0
Plant heigh,Physostegia virginiana,30,80.47333333333333,82.1,21.510333255940253,32.675000000000004,0
Plant heigh,Phyteuma betonicifolium,15,9.226666666666667,4.9,12.747350798536628,4.8999999999999995,2
Plant heigh,Phyteuma hemisphaericum,46,4.756521739130434,4.5,1.545696847367346,1.1500000000000004,11
Plant heigh,Picea abies,94933,3.544534548247471,2.265829399,7.805853359468078,3.3365514,9738
Plant heigh,Picea breweriana,48,18.9865,18.288,11.452128820107658,20.497799999999998,0
Plant heigh,Picea engelmannii,80229,16.1894526173342,15.24,7.884661618362344,10.363199999999999,3967
Plant heigh,Picea glauca,20459,13.405174231389609,13.1064,4.292132785772094,5.181600000000001,1507
Plant heigh,Picea mariana,26094,15.595604767379474,13.4112,41.32061619564265,3.9624000000000006,2131
Plant heigh,Picea pungens,2606,13.847684420567921,12.8016,6.777425004428424,8.5344,152
Plant heigh,Picea rubens,28254,13.595645260848022,13.4112,4.435434852977949,6.095999999999998,1176
Plant heigh,Picea sitchensis,2040,23.235199215686276,19.5072,13.69728010176933,19.507199999999997,110
Plant heigh,Picris hieracioides,155,42.227812903225804,44,24.987227331928903,32.95,3
Plant heigh,Pilosella aurantiaca,29,5.213322884012539,4,4.806436912058895,4,5
Plant heigh,Pilosella lactucella,34,4.261764705882353,3,4.803787313049945,1.5,4
Plant heigh,Pilosella officinarum,164,3.433719512195122,2.5,4.135746630390042,2.5,16
Plant heigh,Pimpinella major,146,30.994520547945207,31,13.902829187748543,24.75,0
Plant heigh,Pimpinella saxifraga,45,10.88888888888889,4.1,20.47682139997477,10,5
Plant heigh,Pinus albicaulis,24353,10.98434341888063,10.668,4.717155758152885,6.400799999999999,844
Plant heigh,Pinus aristata,1433,10.623457920446615,9.144,44.78989348006233,4.572,57
Plant heigh,Pinus arizonica,20,13.39596,13.5636,6.547302805567303,6.172199999999998,2
Plant heigh,Pinus attenuata,777,13.378248648648649,12.8016,5.586678984663591,7.010399999999999,42
Plant heigh,Pinus balfouriana,420,15.060748571428572,14.9352,5.672847675718718,8.5344,7
Plant heigh,Pinus banksiana,22787,15.606096019660333,13.1064,46.42744129854816,5.4864,850
Plant heigh,Pinus cembra,24,283.2916666666667,30,334.4779812297608,617,0
Plant heigh,Pinus cembroides,509,4.699548919449902,4.572,1.56939587360688,2.1336,25
Plant heigh,Pinus clausa,7908,12.07028042488619,12.8016,4.3980831330353904,5.7912,527
Plant heigh,Pinus contorta,183996,15.009651532255008,14.9352,5.619693585079974,7.315200000000001,10111
Plant heigh,Pinus contorta var. latifolia,161,7.767577639751552,7.3,3.3884498255835065,4.640000000000001,6
Plant heigh,Pinus coulteri,155,17.894709677419353,17.3736,7.356971583266015,10.668,3
Plant heigh,Pinus discolor,1389,4.544570194384449,4.572,1.8733791951812837,2.4384,44
Plant heigh,Pinus echinata,172521,17.001068433408108,17.0688,5.948165340020667,7.924799999999998,9615
Plant heigh,Pinus edulis,87413,4.721473142661417,4.572,4.253227902378219,2.4384,4340
Plant heigh,Pinus elliottii,238680,15.195640030165912,15.24,5.8041705894154,7.924800000000001,7668
Plant heigh,Pinus engelmannii,56,12.976287913070406,12.4968,6.553688639034642,10.2108,0
Plant heigh,Pinus flexilis,10768,9.20610137157851,8.5344,3.9703341180499074,4.876799999999999,715
Plant heigh,Pinus glabra,4352,19.357041176470588,19.5072,7.907269772945799,11.582400000000002,29
Plant heigh,Pinus halepensis,39,7.119230769230769,1.26,8.52403023797873,11.45,5
Plant heigh,Pinus jeffreyi,7660,17.78161817232376,15.5448,10.168632667942967,15.8496,230
Plant heigh,Pinus lambertiana,4705,26.689985292242294,27.432,13.902607100117079,22.5552,17
Plant heigh,Pinus leiophylla,332,8.464626506024096,7.9248,2.9525136927304105,2.5146000000000006,55
Plant heigh,Pinus longaeva,270,10.741377777777778,10.0584,4.622720794016224,4.8768,21
Plant heigh,Pinus monophylla,30161,4.54001508521185,4.2672,2.135013635702844,2.7432,1450
Plant heigh,Pinus monticola,4905,19.159976593460144,17.9832,10.748011878410505,16.154400000000003,125
Plant heigh,Pinus muricata,146,20.651243835616437,18.1356,8.816196747929524,12.420599999999999,7
Plant heigh,Pinus nigra,451,15.216143680709534,16.764,5.1534583441088895,9.144,3
Plant heigh,Pinus nigra subsp. salzmannii,30,5.726533333333333,0.731,7.995692295977505,11.22875,4
Plant heigh,Pinus palustris,69971,17.279425682068286,17.6784,5.76589845851945,7.619999999999999,4426
Plant heigh,Pinus pinaster,5645,121.15798182462356,120,66.25518317380339,107,22
Plant heigh,Pinus ponderosa,145371,14.430944022797268,12.4968,14.26069956019473,8.5344,14479
Plant heigh,Pinus pungens,3120,13.812715384615384,14.0208,3.905373322568723,4.876799999999999,239
Plant heigh,Pinus radiata,56,21.923828571428572,22.2504,8.188520270492084,9.677400000000002,4
Plant heigh,Pinus remota,103,4.471386407766991,4.572,1.4254202576060973,2.1336,1
Plant heigh,Pinus resinosa,59795,15.679071039384564,15.8496,4.9861648417282085,7.620000000000001,510
Plant heigh,Pinus rigida,13089,14.322689158835663,14.0208,4.65132480676671,6.4008,513
Plant heigh,Pinus sabiniana,987,17.09165227963526,16.4592,7.430386402758783,11.2776,15
Plant heigh,Pinus serotina,31735,14.540242205766504,14.6304,5.389977705977719,7.315200000000001,979
Plant heigh,Pinus strobiformis,1405,14.672120142348755,12.192,66.53970417645607,5.4864,173
Plant heigh,Pinus strobus,82240,16.156749717898833,15.24,6.728078864489323,9.448800000000002,2896
Plant heigh,Pinus sylvestris,6367,13.893298454531177,12.4968,31.19406186893658,6.4008,212
Plant heigh,Pinus taeda,1128309,15.441700753605616,14.9352,6.3014599244638205,7.924800000000001,56673
Plant heigh,Pinus uncinata,13,424.85153846153844,500,244.5740239629628,200,3
Plant heigh,Pinus virginiana,111700,15.109042420769919,15.5448,5.651297852103504,7.924800000000001,2075
Plant heigh,Pinus washoensis,56,17.477014285714287,14.478,10.145479131038497,18.821399999999997,0
Plant heigh,Pistacia lentiscus,31,6.587903225806452,1.5,26.66520672381251,2.6999999999999997,2
Plant heigh,Pistacia terebinthus,48,56.944583333333334,3,77.56603227308106,142.07125,0
Plant heigh,Pityopsis graminifolia,10,20.36,15.120000000000001,9.883491285977845,7.92,2
Plant heigh,Planera aquatica,2568,9.705529906542056,9.4488,3.4488755226380383,3.9623999999999997,186
Plant heigh,Plantago alpina,15,7.54,8.7,4.983802334993404,9.8,0
Plant heigh,Plantago argyrea,19,8.421052631578947,9,2.0362217046307496,3,0
Plant heigh,Plantago atrata,35,7.694285714285714,6.5,4.560375555815994,2.5999999999999996,5
Plant heigh,Plantago coronopus,13,10.306722158273347,4,24.285927010654426,1.4603880575534998,2
Plant heigh,Plantago lagopus,323,7.203294117647059,6,4.113513961941726,5.5,19
Plant heigh,Plantago lanceolata,439,36.070243518845864,19,58.70776590959653,17,70
Plant heigh,Plantago macrorhiza,89,0.15696629213483146,0.095,0.520538738612529,0.035,16
Plant heigh,Plantago major,12,23.39781746,25.839285715000003,13.880265011923298,24.5982142875,0
Plant heigh,Plantago media,196,14.266581632653061,10,11.098660951732288,17,10
Plant heigh,Plantago sempervirens,27,13.11111111111111,12,6.482718644646012,5,3
Plant heigh,Plantago virginica,50,1.5,1.5,0,0,0
Plant heigh,Platanus occidentalis,15021,21.440055282604355,21.336,25.752521335593283,9.753600000000002,770
Plant heigh,Platanus racemosa,49,17.628636734693877,15.24,8.56164946409992,13.1064,1
Plant heigh,Platanus wrightii,32,42.918125,12.4968,174.6796058890769,4.343400000000001,4
Plant heigh,Poa alpigena,10,37.71,37.2,14.813241073820109,26.650000000000002,0
Plant heigh,Poa alpina,343,25.201679300291545,26.1,11.906064247830143,16.430500000000002,10
Plant heigh,Poa annua,25,10.7905399998,10.1875,10.785360250078211,2.840798348,7
Plant heigh,Poa compressa,27,25.57962962962963,25,4.875808794037293,6,1
Plant heigh,Poa fendleriana,20,13.145,13.5,3.746082163934391,6.725,0
Plant heigh,Poa leptocoma,21,20.357142857142858,19.5,4.6934604961128015,5,2
Plant heigh,Poa nemoralis,41,2.839512195121951,0.54,15.55540307276213,0.51,1
Plant heigh,Poa pratensis,747,36.289779116465866,33,22.51705222870987,20,85
Plant heigh,Poa sp,32,19.915625,17,8.174236054864403,6.925000000000001,7
Plant heigh,Poa trivialis,264,36.438257575757575,24.75,40.5963232240289,45.25,15
Plant heigh,Podospermum laciniatum,11,106.36363636363636,106,52.29583678893135,35,3
Plant heigh,Polemonium acutiflorum,16,40.19375,42.85,14.348029771830463,20.550000000000004,1
Plant heigh,Polemonium viscosum,12,8.08,8.3,1.1666891772720087,0.7999999999999989,3
Plant heigh,Polycarpon tetraphyllum,10,2.01,1.7999999999999998,0.6674162452656096,0.7250000000000001,1
Plant heigh,Polygala alpestris,26,8.673076923076923,9,2.399759603344917,3.25,1
Plant heigh,Polygala verticillata,51,8.088235294117647,7.75,2.415483144948317,0,0
Plant heigh,Polygonatum multiflorum,38,0.1163157894736842,0.11,0.03513841761666466,0.05499999999999999,0
Plant heigh,Polygonatum odoratum,26,20.48846153846154,20,6.42522073850086,3.25,5
Plant heigh,Polygonatum pubescens,10,23.1,22.5,4.736383993441973,7.375,0
Plant heigh,Polygonum aviculare,254,40.5,41,13.710876787882317,19,10
Plant heigh,Polygonum douglasii,25,12.344,13,4.90255715587964,6.5,1
Plant heigh,Polygonum maritimum,24,8.416975,0.135,36.6229712678336,0.056249999999999994,3
Plant heigh,Polypodium vulgare,40,0.0615,0.05,0.02869378562220979,0.04249999999999999,2
Plant heigh,Polytaenia nuttallii,50,44.7,44.7,0,0,0
Plant heigh,Populus angustifolia,952,14.14499373087843,13.716,5.933446993992548,8.2296,23
Plant heigh,Populus balsamifera,7274,16.618190156722573,15.5448,6.320661327903613,6.4008,625
Plant heigh,Populus deltoides,6851,21.101080163479782,19.812,69.04649145125052,10.668000000000001,250
Plant heigh,Populus fremontii,383,13.555722676385226,12.8016,7.862170112327588,9.144,26
Plant heigh,Populus grandidentata,32388,19.70610742250216,19.5072,4.556072983680377,6.4008,1136
Plant heigh,Populus heterophylla,346,17.612330635838152,17.0688,7.571034793534752,10.668,9
Plant heigh,Populus tremula,16,271.5505,16.15,398.540143864078,788,0
Plant heigh,Populus tremuloides,151346,15.616469424114975,15.5448,20.13225420564218,7.010400000000001,8308
Plant heigh,Portulaca oleracea,21,1.5904761904761904,1.5,1.0866944197449262,1,1
Plant heigh,Potentilla aurea,43,4.6,4.2,2.0645534510835395,2.3499999999999996,2
Plant heigh,Potentilla crantzii,47,7.495106382978723,4,6.473893685021277,10.05,5
Plant heigh,Potentilla crinita,20,5.41,4.5,3.0141595669003394,3.675,2
Plant heigh,Potentilla diversifolia,21,20.565,20.599999999999998,6.211302198412182,10.299999999999999,0
Plant heigh,Potentilla erecta,36,9.998888888888889,6.4,8.038040904803955,8.600000000000001,8
Plant heigh,Potentilla gracilis,25,21.34,20.5,5.197595597966429,3.5,4
Plant heigh,Potentilla hippiana,21,8.295238095238096,7.5,4.2793079102205525,6,2
Plant heigh,Potentilla micrantha,17,0.3588235294117647,0.07,1.1960710804177839,0.020000000000000004,1
Plant heigh,Potentilla neumanniana,272,4.3509191176470585,4,2.5850387523918252,4,4
Plant heigh,Potentilla pusilla,53,3.9150943396226414,4,1.515102970150759,2,1
Plant heigh,Potentilla recta,31,9.131419354838709,0.572,13.450339194667654,20.0145,3
Plant heigh,Potentilla reptans,13,17.698065933846156,9.75,19.30895420519599,40.43485714,0
Plant heigh,Potentilla simplex,73,19.75890410958904,20.7,5.789737943034266,0,0
Plant heigh,Potentilla subviscosa,20,2.675,2.75,1.2801624074599613,1.625,1
Plant heigh,Prenanthes purpurea,29,2.91448275862069,0.15,14.825802697181814,0.05000000000000002,5
Plant heigh,Primula acaulis,45,1.28,0.12,3.470106102648212,0.06,5
Plant heigh,Primula integrifolia,68,1.9573529411764705,1.6,1.1037339848868502,1.5000000000000002,4
Plant heigh,Primula latifolia,26,9.423076923076923,9.5,2.216719683190943,2.375,4
Plant heigh,Primula meadia,50,9.9,9.9,0,0,0
Plant heigh,Primula pauciflora,11,11.23,11.23,4.829088940990836,6.199999999999999,0
Plant heigh,Primula veris,101,9.659405940594059,8,6.818536180410305,8.5,7
Plant heigh,Prosopis glandulosa,15083,4.508243187694756,3.9624,2.593661692699609,2.7432,999
Plant heigh,Prosopis pubescens,40,4.12242,3.9624,1.586022986738067,2.5146000000000006,1
Plant heigh,Prosopis velutina,2877,3.3951616266944735,3.048,1.4359316116366727,1.8287999999999998,141
Plant heigh,Prunella vulgaris,147,7.6834013605442175,4.5,8.530353980722985,5,23
Plant heigh,Prunus americana,498,5.813233734939759,5.4864,2.100684473405597,2.1335999999999995,47
Plant heigh,Prunus avium,386,16.968247668393783,14.6304,50.29564470263009,4.848599999999999,25
Plant heigh,Prunus emarginata,702,12.448605128205129,12.3444,6.393823219279921,10.058399999999999,8
Plant heigh,Prunus pensylvanica,2110,13.518423507109004,13.1064,19.99510369681605,4.572000000000001,184
Plant heigh,Prunus persica,22,18.75989090909091,4.2672,62.89817318254814,1.1430000000000002,5
Plant heigh,Prunus serotina,102826,14.382179892245151,14.0208,13.810319970821658,8.5344,2826
Plant heigh,Prunus spinosa,66,5.400424242424243,0.35,36.83427980733357,1.0975000000000001,12
Plant heigh,Prunus umbellata,12,2.25,2.25,0.26111648393354675,0.5,0
Plant heigh,Prunus virginiana,431,17.7388343387471,10.0584,144.74038047908425,7.315199999999999,10
Plant heigh,Pseudognaphalium macounii,10,20.6,20.5,4.835057163858332,8.25,0
Plant heigh,Pseudotsuga macrocarpa,103,23.043471844660193,21.336,9.914325844358812,10.5156,13
Plant heigh,Pseudotsuga menziesii,258335,19.92269566257668,17.0688,13.05150466068077,12.8016,26552
Plant heigh,Pseudotsuga menziesii var. glauca,71,15.016894504267606,11.00328,12.766991472306776,24.090559155,0
Plant heigh,Pseudoturritis turrita,19,2.154736842105263,0.05,9.164661822227238,0.025,1
Plant heigh,Psilurus incurvus,30,8.633333333333333,8,2.7067391417735838,2.874999999999999,3
Plant heigh,Pteridium aquilinum,33,22.73939393939394,0.45,35.35633058055109,38.65,2
Plant heigh,Ptilostemon strictus,20,0.207,0.21000000000000002,0.05804716775356509,0.08000000000000002,0
Plant heigh,Pulicaria dysenterica,28,38.99535634821429,41.61806656,7.438043282222666,5.317143962499998,5
Plant heigh,Pulsatilla alpina,18,17.516666666666666,19.35,5.128610636305269,9.725000000000001,0
Plant heigh,Pulsatilla vernalis,12,5.041666666666667,4.5,4.90110531751087,2.25,1
Plant heigh,Pycnanthemum tenuifolium,50,43.6,43.6,0,0,0
Plant heigh,Pycnanthemum verticillatum,50,69.4,69.4,0,0,0
Plant heigh,Pyrola elliptica,18,6.111111111111111,6,1.640978506110406,2,1
Plant heigh,Pyrola media,10,3,2.75,1.3123346456686351,1.625,1
Plant heigh,Pyrola minor,11,11.054545454545455,11.4,2.449638192208652,2.3500000000000014,3
Plant heigh,Pyrola sp,11,7.318181818181818,7.5,1.9782912737098053,2.75,0
Plant heigh,Pyrus communis,19,19.051052631578948,3.26,68.05187081229018,3.2349999999999994,1
Plant heigh,Quercus agrifolia,2623,10.544095005718642,10.0584,4.138235571056559,5.1816,154
Plant heigh,Quercus alba,234881,17.8685171657137,17.9832,11.40025200447668,8.5344,9565
Plant heigh,Quercus arizonica,11391,4.042700658414538,3.6576,1.7966920448205441,2.4384000000000006,503
Plant heigh,Quercus bicolor,2461,18.62741909792767,16.764,60.38981176113573,7.924799999999999,99
Plant heigh,Quercus buckleyi,554,7.78945559566787,7.62,2.6963719049453765,3.3528000000000002,33
Plant heigh,Quercus chrysolepis,14508,9.073577502067824,8.2296,4.240750949035376,4.876799999999999,1117
Plant heigh,Quercus coccifera,96,82.64021875,71,78.05596927619554,142.0325,1
Plant heigh,Quercus coccinea,55990,18.4651994570459,18.5928,5.902249756850134,7.924799999999999,3247
Plant heigh,Quercus douglasii,7307,7.554262925961407,7.3152,3.074844098738153,4.2672,268
Plant heigh,Quercus ellipsoidalis,10591,15.810904050609007,15.5448,4.47498845171743,6.4008,229
Plant heigh,Quercus emoryi,4800,4.436237,4.2672,1.902349713934,2.4383999999999997,274
Plant heigh,Quercus engelmannii,24,11.3157,10.9728,2.8794255350979148,2.9718,4
Plant heigh,Quercus faginea,64,19.27390625,0.275,124.65140204124546,6.504999999999999,12
Plant heigh,Quercus falcata,89226,16.323811902360298,16.764,6.815141074574748,9.753599999999999,832
Plant heigh,Quercus gambelii,58930,4.186177417105849,3.3528,8.46648565079589,3.3528,5589
Plant heigh,Quercus garryana,4900,9.393438367346938,8.5344,4.22157864599593,4.572,411
Plant heigh,Quercus graciliformis,15,7.3761600000000005,7.62,3.0980980001100216,5.3340000000000005,0
Plant heigh,Quercus gravesii,13,9.612923076923076,8.8392,1.9421899075330085,0.9144000000000005,3
Plant heigh,Quercus grisea,247,3.4663287449392715,3.3528,1.0816067422223181,1.2192000000000003,24
Plant heigh,Quercus helferiana,81,3.5574074074074074,3.15,0.4944132324730444,1.0000000000000004,0
Plant heigh,Quercus hypoleucoides,2161,4.292024062933827,3.9624,2.0518595827377077,2.7432,109
Plant heigh,Quercus ilex,5518,44.337515404131935,36,33.85094427427333,42,275
Plant heigh,Quercus ilicifolia,123,6.606478048780488,5.7912,4.000936415524692,3.3528000000000002,16
Plant heigh,Quercus imbricaria,2546,15.068445247446975,14.3256,4.701629305569421,6.7056000000000004,93
Plant heigh,Quercus incana,1697,7.210307130229817,6.096,3.3661787575786724,4.8768,82
Plant heigh,Quercus kelloggii,9107,12.740832590315142,11.8872,5.444115977864144,6.4008,685
Plant heigh,Quercus laceyi,26,8.745415384615384,9.6012,2.1113102062354185,2.6670000000000007,4
Plant heigh,Quercus laevis,16058,6.361793648025906,5.4864,3.114314870607726,4.267199999999999,1069
Plant heigh,Quercus laurifolia,68309,14.447561943521352,14.0208,7.255955333211047,12.192,398
Plant heigh,Quercus lobata,491,13.168351934826884,12.192,5.80142143887866,8.2296,22
Plant heigh,Quercus lyrata,10695,20.126575259467042,20.4216,6.985875153879395,9.7536,367
Plant heigh,Quercus macrocarpa,11214,13.61453290529695,12.8016,28.738554421538474,7.924799999999999,261
Plant heigh,Quercus margarettae,8417,7.104950647499109,6.096,3.538067770347085,5.1816,453
Plant heigh,Quercus marilandica,19677,9.997136392742796,10.0584,4.015678672391231,5.791200000000001,395
Plant heigh,Quercus michauxii,126391,18.067831139875466,17.9832,10.225183735921407,7.619999999999999,6835
Plant heigh,Quercus minima,775,6.057457548387097,5.1816,2.9388866808601404,3.6576,63
Plant heigh,Quercus muehlenbergii,9070,15.283048379272326,14.9352,5.449680731841088,7.010400000000001,497
Plant heigh,Quercus nigra,164221,14.049103539742177,13.4112,9.822158199237867,11.2776,3143
Plant heigh,Quercus oblongifolia,426,4.591318309859155,4.2672,1.4797746853905778,1.8287999999999998,24
Plant heigh,Quercus oglethorpensis,45,16.33728,16.764,5.758439779599395,6.705600000000002,3
Plant heigh,Quercus pagoda,17749,21.440933708941348,21.9456,8.17440476076306,11.887199999999998,242
Plant heigh,Quercus palustris,3255,19.77295188940092,19.812,6.565218034267841,9.7536,59
Plant heigh,Quercus petraea,14,593.8064285714286,42,683.6559267036547,1334.5,0
Plant heigh,Quercus phellos,32613,17.735703375954373,17.9832,8.11469233508182,12.4968,146
Plant heigh,Quercus pyrenaica,5583,51.76348009313989,46,28.605996589375714,31,429
Plant heigh,Quercus robur,5905,63.0093075785199,58,52.02216996115166,50,138
Plant heigh,Quercus rubra,112425,19.38649338314432,19.5072,6.653886248123394,7.924799999999999,5939
Plant heigh,Quercus rugosa,5445,4.00729432506887,3.9624,1.5275783330653596,2.1336000000000004,79
Plant heigh,Quercus shumardii,3728,19.471454184549355,19.3548,7.580750183876574,10.668000000000001,78
Plant heigh,Quercus similis,90,17.024773333333332,15.6972,6.0763723494136785,9.143999999999998,2
Plant heigh,Quercus sinuata,276,14.50671304347826,13.8684,7.290973326735924,12.192,1
Plant heigh,Quercus stellata,108333,13.960872742377669,14.0208,5.035027620595897,6.7056000000000004,4551
Plant heigh,Quercus suber,260,5.39976923076923,1.42,61.93633198716049,0.625,13
Plant heigh,Quercus texana,2836,22.26566149506347,23.4696,8.68224579073337,12.4968,75
Plant heigh,Quercus velutina,88667,18.01938397825572,18.288,5.968329028013189,7.619999999999999,6288
Plant heigh,Quercus virginiana,18542,11.924589839283788,10.668,6.262057316577337,10.363199999999999,251
Plant heigh,Quercus wislizeni,3995,8.543860625782228,8.5344,3.6668926820281196,4.571999999999999,156
Plant heigh,Ranunculus acris,232,39.05435344827586,26,39.502427932560984,31.325,26
Plant heigh,Ranunculus adoneus,19,9.566666666666666,9.56666666666667,2.1689731313329923,1.9000000000000021,4
Plant heigh,Ranunculus bulbosus,26,39.223076923076924,40,24.06984615974614,20.75,7
Plant heigh,Ranunculus montanus,15,7.973333333333334,4.9,7.046018801591503,7.1499999999999995,2
Plant heigh,Ranunculus nivalis,31,6.532258064516129,4.8,5.559219795185544,4.75,4
Plant heigh,Ranunculus repens,156,13.887511655011656,8,14.01758595335186,16,16
Plant heigh,Ratibida pinnata,71,61.780422535211265,86.5,38.68210115568844,85.275,0
Plant heigh,Rhamnus lycioides,48,19.428375,0.741,36.13536487756982,5.16,12
Plant heigh,Rhinanthus minor,11,28.49696969727273,26.5,19.052246613354573,33.733333335,0
Plant heigh,Rhodiola rosea,36,13.277777777777779,15,5.952243807943888,11,0
Plant heigh,Rhododendron ferrugineum,68,41.355260181029415,45,12.979085614437,18.5,3
Plant heigh,Rhododendron lapponicum,267,8.352059925093632,5,7.384495637208024,0,0
Plant heigh,Rhododendron tomentosum,666,7.993213213213213,5,5.96348786822542,3,143
Plant heigh,Rhus glabra,11,98.36363636363636,53,138.37938627358682,51.5,2
Plant heigh,Ribes montigenum,10,39.75,26.5,25.881406882590873,23.375,1
Plant heigh,Robinia neomexicana,979,6.033983248212461,3.048,48.54519250843009,0.9144000000000001,248
Plant heigh,Robinia pseudoacacia,29749,16.61543196746109,16.1544,20.210269132020773,7.010400000000001,2074
Plant heigh,Rosa rugosa,27,63.040740740740745,64.2,18.1729637007073,20.166666665000008,1
Plant heigh,Rosa woodsii,20,36.09,28.75,27.877210084677827,17.875,3
Plant heigh,Rose SJ,32,0.65,0.3675,0.6342318188170631,0.59375,6
Plant heigh,Rose SS,30,0.8583333333333334,0.33499999999999996,0.9410708622713233,1.1975000000000002,5
Plant heigh,Rubia peregrina,16,11.355375,0.18,37.330918672283794,0.37200000000000005,4
Plant heigh,Rubus allegheniensis,31,39.54451612903226,31,35.481104345713334,13,3
Plant heigh,Rubus caesius,58,24.959528735689656,29.466666664999998,20.282330089972675,40.965000002500005,0
Plant heigh,Rubus chamaemorus,294,5.260884353741496,5,1.426923191855125,0,0
Plant heigh,Rubus cuneifolius,24,49.598333333333336,45.86,22.83423300882798,13.019999999999996,4
Plant heigh,Rubus flagellaris,39,6.9338461538461535,0.54,7.737207566239704,12.1315,3
Plant heigh,Rubus fruticosus,27,46.83567901259259,59.66666667,38.917926513650386,79.25,0
Plant heigh,Rubus idaeus,60,70.20103174666667,75,49.354982184708426,87.19999999999999,0
Plant heigh,Rubus occidentalis,15,52.06666666666667,57,21.419172541929633,19,3
Plant heigh,Rubus sp,31,35.29870967741935,30.48,16.5328280988534,8.61,5
Plant heigh,Rubus ulmifolius,61,1.0424590163934426,0.17,6.796112529904555,0.07,5
Plant heigh,Rudbeckia hirta,24,5.212666666666666,0.49,13.07142954048577,0.18124999999999997,5
Plant heigh,Rudbeckia missouriensis,50,38.4,38.4,0,0,0
Plant heigh,Rudbeckia triloba,10,103.44,103,12.987104715404774,7.599999999999994,4
Plant heigh,Ruellia humilis,64,21.946875,13.2,17.786493616188945,0,0
Plant heigh,Rumex acetosa,242,45.445,42,36.182994220308636,44,8
Plant heigh,Rumex acetosella,34,11.758823529411766,11,9.014831807270117,14.3,1
Plant heigh,Rumex lapponicus,31,26.01290322580645,22.3,19.84400399676577,34.55,0
Plant heigh,Rumex obtusifolius,12,89.7351010125,115.85,46.53511861718677,87.375,0
Plant heigh,Rumex pseudo-alpinus,25,61.64,60,13.756453031214114,20,0
Plant heigh,Rumex scutatus,17,25.647058823529413,25,5.603471875437899,10.5,0
Plant heigh,Ruscus aculeatus,31,0.3467741935483871,0.25,0.2863172726978959,0.31999999999999995,4
Plant heigh,Sabal mexicana,31,10.117393548387097,9.4488,3.1542695042260296,2.7432,6
Plant heigh,Sabal palmetto,725,11.012318896551724,10.668,4.763927798071288,6.400799999999999,40
Plant heigh,Sabatia angularis,51,45.392156862745104,44.7,4.942988696618874,0,0
Plant heigh,Sabatia campestris,50,6.4,6.4,0,0,0
Plant heigh,Sabulina michauxii,50,11.5,11.5,0,0,0
Plant heigh,Sagina saginoides,10,0.64,0.55,0.21186998109427604,0.20000000000000007,2
Plant heigh,Sagittaria latifolia,10,64.3,62.5,20.81692687320692,28.25,0
Plant heigh,Salix alba,75,30.484984565733335,15.24,114.24176097022007,7.411200000000001,3
Plant heigh,Salix amygdaloides,173,22.7173225433526,9.7536,158.91061083681316,5.1816,18
Plant heigh,Salix arctophila,236,9.152542372881356,5,8.129407733936088,0,0
Plant heigh,Salix argyocarpon,25,47.64,51,10.209799214480174,17.999999999999993,1
Plant heigh,Salix athabascensis,151,30.149006622516556,25,20.396551563273857,0,0
Plant heigh,Salix bebbiana,61,6.910465573770492,7.0104,1.5942344539919722,1.8288000000000002,8
Plant heigh,Salix breviserrata,26,14.673076923076923,14,6.768961970187612,7.125,1
Plant heigh,Salix candida,14,46.07142857142857,47.5,25.357336324908132,45,0
Plant heigh,Salix caroliniana,160,10.113645,10.3632,4.264443021102101,6.4008,4
Plant heigh,Salix doniana_x,13,126.92307692307692,146,66.25136670094882,87,0
Plant heigh,Salix glauca,136,45.56764705882353,43.5,25.860282380380696,39,3
Plant heigh,Salix hastata,12,133.25,142.5,48.38693475046187,45,1
Plant heigh,Salix herbacea,317,1.9271293375394323,1.7999999999999998,1.092388347996772,1.5,15
Plant heigh,Salix herbaceae-polaris,10,3.7,3.5000000000000004,0.6200358412579422,0.7749999999999995,1
Plant heigh,Salix lanata,103,180.92233009708738,260,112.16232016638054,245,0
Plant heigh,Salix lapponum,42,58.62619047619048,60,23.434090859298518,23.75,6
Plant heigh,Salix nigra,9459,14.202942721217887,13.4112,31.188215877848588,7.010399999999999,479
Plant heigh,Salix planifolia,267,44.19475655430712,25,38.70331884601307,52,29
Plant heigh,Salix purpurea,29,207.50344827586207,230,84.14821313253785,85,3
Plant heigh,Salix repens,16,21.92875,0.635,33.131328552695656,53.7725,1
Plant heigh,Salix reticulata,250,4.6676,5,1.0043830850457929,0.5,71
Plant heigh,Salix retusa,61,3.1320882723770493,2.7,1.4145450889432376,1.9,4
Plant heigh,Salix serpyllifolia,19,1.5789473684210527,1.5,0.4171050325603067,0.5,1
Plant heigh,Salix sp,128,57.878515625,3.25,70.23232325690748,112.045,9
Plant heigh,Salix vestita,69,22.985507246376812,22,7.744054177662005,10.000000000000004,2
Plant heigh,Salix xsepulcralis,24,12.433300000000001,10.8204,4.5680041959167514,7.391399999999999,0
Plant heigh,Salvia officinalis,14,20.480428571428572,19.5,12.184573201794558,8,5
Plant heigh,Salvia rosmarinus,163,52.72379754601227,52,39.685480515768,56,6
Plant heigh,Sambucus nigra,18,22.018333333333334,4.5,69.45615690745451,7.24,1
Plant heigh,Sambucus racemosa,16,107.495625,58,116.25409085096031,25.75,6
Plant heigh,Sanguisorba minor,291,12.176072164948454,12,5.845098860402423,7,13
Plant heigh,Sanguisorba officinalis,54,37.27777777777778,32,22.803025839159673,38.25,0
Plant heigh,Sanicula europaea,123,0.4009756097560976,0.08,3.599901960102672,0.045,3
Plant heigh,Sapindus saponaria,250,9.0208608,9.144,3.0334103314353627,3.6575999999999995,15
Plant heigh,Saponaria ocymoides,27,8.185185185185185,7,3.337283983640647,3.75,2
Plant heigh,Sassafras albidum,29861,12.415304966344062,12.192,5.5328014374151495,8.229599999999998,552
Plant heigh,Satureja montana,28,15.319642857142858,15.25,6.103738066647633,9.125,1
Plant heigh,Saussurea alpina,28,16.525,14.899999999999999,10.37388548230604,18.5,0
Plant heigh,Saussurea depressa,25,4.54,4.5,0.8650626181573986,1.5,0
Plant heigh,Saxifraga androsacea,25,3.52,3.3,1.343812983020083,2,1
Plant heigh,Saxifraga bryoides,11,1.3,0.8999999999999999,1.2984606270503545,0.45000000000000007,2
Plant heigh,Saxifraga cuneifolia subsp. robusta,25,3.64,3,1.517399090549352,1,6
Plant heigh,Saxifraga oppositifolia,12,2.4,2,1.3348476249438292,1.125,2
Plant heigh,Saxifraga rotundifolia,142,3.238169014084507,0.08,6.9241787919480275,0.057499999999999996,28
Plant heigh,Scabiosa columbaria,180,6.93,6,7.031520890498694,5,7
Plant heigh,Schizachyrium scoparium,104,69.51038461538461,83.5,44.59764802721521,75.5,0
Plant heigh,Scirpus atrovirens,12,125.25,127.5,24.275408432103763,46.5,0
Plant heigh,Scirpus sylvaticus,10,31.805619911,34.874650775,12.26097410766125,8.286808530000002,1
Plant heigh,Scleria oligantha,50,29,29,0,0,0
Plant heigh,Scleria pauciflora,58,26.805344827586207,25.9,3.198723547784056,0,0
Plant heigh,Scorzoneroides autumnalis,85,15.43764705882353,14,7.515982596956908,10,5
Plant heigh,Scorzoneroides helvetica,72,5.238888888888889,4.5,3.4345205112810167,3.85,6
Plant heigh,Scutellaria bushii,50,19.7,19.7,0,0,0
Plant heigh,Scutellaria parvula,51,14.019607843137255,14,0.14002800840280097,0,0
Plant heigh,Securigera varia,41,46.13024390243903,41,17.275241747629014,19.340000000000003,3
Plant heigh,Sedum alpestre,11,0.990909090909091,0.6,1.3508919612275034,0.35000000000000003,1
Plant heigh,Sedum atratum,26,2.0576923076923075,2,0.9521231336011438,0.5,8
Plant heigh,Sedum candollei,41,3.024390243902439,3,1.3962056596012062,2,1
Plant heigh,Sedum dasyphyllum,27,3.6666666666666665,3.5,1.3008872711759818,1,4
Plant heigh,Sedum lanceolatum,10,4.80125,2.95625,5.449542698704176,2.1500000000000004,1
Plant heigh,Selaginella selaginoides,17,3.547058823529412,2.8000000000000003,1.9723455728709232,2.2,1
Plant heigh,Sempervivum montanum subsp. burnatii,25,11.46,12,3.4062442660502197,5.5,1
Plant heigh,Senecio actinella,20,4.025,4,0.9101041004655515,1.125,2
Plant heigh,Senecio amplectens,25,10.3,11,1.4288690166235205,1.5,5
Plant heigh,Senecio crassulus,45,20.622222222222224,20.5,3.2737863045221456,2.5,15
Plant heigh,Senecio eremophilus,20,67,70,18.154309333280104,25.5,0
Plant heigh,Senecio squalidus,26,20.96153846153846,19.5,7.997403424766162,11.5,1
Plant heigh,Senna hebecarpa,36,48.59361111111111,1.1150000000000002,54.65473008691028,108.5925,0
Plant heigh,Sequoia sempervirens,7579,28.087042934424066,27.1272,15.864860238790522,24.384,178
Plant heigh,Sequoiadendron giganteum,40,31.33959,18.3922,30.983564409139277,43.1191,3
Plant heigh,Sesleria albicans,13,11.461538461538462,11,2.688412933789023,3.5,0
Plant heigh,Sesleria caerulea,42,9.985714285714286,5.575,11.359858111201046,6.4625,6
Plant heigh,Sesleria nitida,143,0.8795804195804195,0.35,3.579705683496756,0.37500000000000006,3
Plant heigh,Setaria helvola,10,69.598,66.02000000000001,11.039058736041662,11.857499999999995,2
Plant heigh,Sibbaldia procumbens,115,3.283130434782609,3.1,1.526982097125828,2.0500000000000007,5
Plant heigh,Sideritis osteoxylla,15,32.2,30,8.099382692526634,6,3
Plant heigh,Sideroxylon lanuginosum,784,7.7852295918367345,7.3152,3.6563770104917315,5.486400000000001,17
Plant heigh,Silene acaulis,252,0.46346031746031746,0.381,0.4440247408991712,0.27049999999999996,20
Plant heigh,Silene acaulis subsp. acaulis,25,1.38,1.5,0.4847679857416329,0.5,3
Plant heigh,Silene colorata,70,0.22682857142857143,0.154,0.582819607446435,0.10250000000000001,2
Plant heigh,Silene dioica,20,6.0742857145,0.07500000000000001,19.611948264994957,0.03,2
Plant heigh,Silene gallica,266,37.78510902255639,38,10.022056644624856,12,11
Plant heigh,Silene italica,27,20.557407407407407,19,8.08919868266538,11,2
Plant heigh,Silene latifolia,21,3.2073,0.36195,13.013156984154536,0.15239999999999998,1
Plant heigh,Silene stellata,20,59.660000000000004,57.55,14.243683734055226,19.500000000000007,2
Plant heigh,Silene vulgaris,17,14.33529411764706,10,11.576859525388922,9,3
Plant heigh,Silphium integrifolium,50,104.3,104.3,0,0,0
Plant heigh,Silphium laciniatum,50,104.3,104.3,0,0,0
Plant heigh,Silphium perfoliatum,20,1.8025,1.75,0.3065233742267764,0.5249999999999997,0
Plant heigh,Silphium terebinthinaceum,50,74,74,0,0,0
Plant heigh,Sisymbrium austriacum,26,29.28846153846154,29,7.507560292029731,10.5,1
Plant heigh,Sisymbrium cavanillesianum,10,35.2,37,8.547904226573124,9.999999999999996,1
Plant heigh,Sisymbrium officinale,10,30.7,30.5,5.538752366533259,8.25,0
Plant heigh,Sisyrinchium campestre,50,21.5,21.5,0,0,0
Plant heigh,Sixalix atropurpurea,42,1.731452380952381,0.25,9.219823383849846,0.14750000000000008,2
Plant heigh,Smilax aspera,13,3.8221538461538462,0.55,11.47773890222688,0.49,3
Plant heigh,Solanum carolinense,20,0.54275,0.525,0.1346972726641408,0.17625000000000002,1
Plant heigh,Soldanella pusilla,11,1.8,1.6,1.1027239001672178,0.3500000000000001,3
Plant heigh,Solidago canadensis,753,67.3954395750332,74,37.444521305311284,44,136
Plant heigh,Solidago gattingeri,50,60.95,60.95,0,0,0
Plant heigh,Solidago gigantea,58,60.57001804073416,56,39.32359493585211,40.75,3
Plant heigh,Solidago juncea,51,78.34490196078431,81.8,15.759479987937295,18.36500000000001,5
Plant heigh,Solidago nana,20,20.95,20,6.731504875935012,11.5,0
Plant heigh,Solidago nemoralis,61,47.40983606557377,49.3,10.469204123173718,0,0
Plant heigh,Solidago ptarmicoides,50,43.1,43.1,0,0,0
Plant heigh,Solidago radula,50,53.7,53.7,0,0,0
Plant heigh,Solidago rigida,57,62.92982456140351,65.5,11.479188698813056,0,0
Plant heigh,Solidago rugosa,352,80.24761363636364,78,27.120787498097553,38,6
Plant heigh,Solidago spathulata,22,13.215454545454545,8.85,9.258155595022425,10.850000000000001,3
Plant heigh,Solidago velutina,20,35.65,34,7.1618506870192356,8.75,1
Plant heigh,Solidago virgaurea,237,7.031814345991561,4,8.639617046556477,8,29
Plant heigh,Sonchus bulbosus subsp. bulbosus,14,0.2004642857142857,0.195,0.055132171358303304,0.05249999999999999,3
Plant heigh,Sorbus americana,381,10.2864,10.3632,2.649989753942456,3.6576000000000004,15
Plant heigh,Sorbus aucuparia,24,197.65759990966666,20,246.2192779108467,290.64,4
Plant heigh,Sorbus torminalis,37,100.35251351351351,0.4,316.6024899010343,8.32,5
Plant heigh,Sorghastrum nutans,119,118.95605042016807,109.7,78.91535891591664,111.5,1
Plant heigh,Sorghum halepense,10,116.693,116.84,14.213968129976935,10.239999999999995,2
Plant heigh,Sparganium eurycarpum,19,117.10526315789474,123,33.60207456697694,54,0
Plant heigh,Spartina alterniflora,644,0.24897673354037267,0.24457475,0.04851714508831603,0.06530702500000002,25
Plant heigh,Spartina pectinata,18,94.72222222222223,95.5,11.155613493587014,15.25,1
Plant heigh,Spergularia purpurea,11,5.119669432526481,5,2.119965979051327,2.5,1
Plant heigh,Spiraea alba,14,68.42857142857143,67,28.960754042760605,31.25,2
Plant heigh,Sporobolus clandestinus,50,78.6,78.6,0,0,0
Plant heigh,Sporobolus compositus,50,99,99,0,0,0
Plant heigh,Sporobolus heterolepis,86,62.15586046511628,72.8,15.824848540238147,23.625,10
Plant heigh,Sporobolus interruptus,20,14.95,15,2.981963323576917,5,0
Plant heigh,Sporobolus neglectus,50,13.5,13.5,0,0,0
Plant heigh,Sporobolus virginicus,96,1.6191145833333334,0.1925,13.756837770719343,0.0985,9
Plant heigh,Stachys cretica,21,2.3457142857142856,0.47,8.627906797960078,0.06,7
Plant heigh,Stachys officinalis,21,4.666666666666667,0.06,10.504984689819082,0.05,5
Plant heigh,Stachys recta,15,64.35890091066666,56.4,31.425796622813966,52.33333333499999,0
Plant heigh,Stellaria media,153,39.21381419228758,40,12.81007924066547,16,10
Plant heigh,Stemmacantha lamarckii,25,72.96,73,14.990219033311911,16,2
Plant heigh,Stenaria nigricans,50,22.4,22.4,0,0,0
Plant heigh,Stipa comata,10,22.4,23,2.6749870196985173,1.75,3
Plant heigh,Stipa lettermanii,25,20,20,3.3541019662496847,5,0
Plant heigh,Stipa offneri,51,31.757101960784315,31,11.618670958513116,14,3
Plant heigh,Stipa tenacissima,94,76.04629574468085,77,23.490144851450623,29.75,4
Plant heigh,Streptopus amplexifolius,10,34.25,34.5,13.846880916333149,12.125,2
Plant heigh,Streptopus lanceolatus,47,19.329787234042552,18,11.12052381651811,16.75,2
Plant heigh,Stylosanthes biflora,50,15,15,0,0,0
Plant heigh,Succisa pratensis,40,12.9090151515,3.7,26.21602488091036,12.452272725,4
Plant heigh,Swertia perennis,26,26.01923076923077,26,3.740269426741259,6,0
Plant heigh,Symphoricarpos oreophilus var. utahensis,12,0.6491666666666667,0.675,0.1469358755210977,0.17000000000000004,1
Plant heigh,Symphyotrichum ascendens,22,10.136363636363637,10.5,3.4267220842117094,4.75,0
Plant heigh,Symphyotrichum ericoides,28,41.214285714285715,39,18.555935743657642,17.5,3
Plant heigh,Symphyotrichum falcatum,20,41.75,44,12.83037104111302,22,0
Plant heigh,Symphyotrichum laeve,50,39.8,39.8,0,0,0
Plant heigh,Symphyotrichum oblongifolium,50,52.3,52.3,0,0,0
Plant heigh,Symphyotrichum oolentangiense,85,35.858823529411765,49.3,17.881157242016677,36.3,0
Plant heigh,Symphyotrichum patens,50,49.9,49.9,0,0,0
Plant heigh,Symphyotrichum sericeum,50,44.6,44.6,0,0,0
Plant heigh,Symphytum officinale,14,36.29301129201681,20.48175,38.84752547424346,72.75403216911765,0
Plant heigh,Tanacetum parthenium,21,4.428571428571429,0.67,17.31578305642407,0.08999999999999997,5
Plant heigh,Taraxacum alpinum,21,3.1714285714285713,3.4000000000000004,1.4761920122879872,2.5,0
Plant heigh,Taraxacum campylodes,454,18.56252169270191,15.95,11.963097199112344,16,25
Plant heigh,Taraxacum sp,41,14.521951219756097,12,12.450364891804988,23,0
Plant heigh,Taxodium ascendens,34548,14.973110316081973,15.24,6.587359662903118,9.7536,307
Plant heigh,Taxodium distichum,22794,21.328210283407913,22.2504,7.339578312087912,10.058400000000002,1164
Plant heigh,Taxus brevifolia,848,6.01075283018868,5.4864,3.0399994888524877,4.267200000000001,38
Plant heigh,Tephrosia spicata,10,16.782,16.755000000000003,4.963989882700765,5.0600000000000005,0
Plant heigh,Tetraneuris acaulis,11,4.88,4.88,0.9463614531456782,1.200000000000001,1
Plant heigh,Teucrium canadense,16,71.125,71,24.55707637321674,31.25,1
Plant heigh,Teucrium capitatum,38,11.687401315789474,9.55,6.012506211588485,8.625,1
Plant heigh,Teucrium chamaedrys,17,11.289511764705882,12,6.568655360106279,6.5,3
Plant heigh,Teucrium charidemi,20,17.25,16,7.083152732475768,4.25,4
Plant heigh,Teucrium dunense,15,26.166666666666668,24,11.956269524913738,7.75,4
Plant heigh,Teucrium eriocephalum subsp. eriocephalum,20,14,13.5,3.5466811765960937,4.5,1
Plant heigh,Teucrium polium,14,20.88692857142857,18,20.90926952505583,13.75,1
Plant heigh,Thalictrum alpinum,41,4.853658536585366,5.2,1.64074640956115,2.6000000000000005,0
Plant heigh,Thalictrum aquilegiifolium,26,59.25,57,14.16139117459863,20.25,0
Plant heigh,Thalictrum fendleri,31,46.99054838709677,45,20.542096679483507,30.25,0
Plant heigh,Thinopyrum intermedium,30,0.6296666666666667,0.645,0.10066959727788699,0.11249999999999993,5
Plant heigh,Thinopyrum junceum,296,10.000673262582046,0.315,37.10800579207066,0.16624999999999995,36
Plant heigh,Thuja occidentalis,100480,11.512785597133758,11.2776,2.6507232019279092,3.3528000000000002,5913
Plant heigh,Thuja plicata,20757,17.64845407332466,15.24,11.304483471024096,13.716,1760
Plant heigh,Thymus hyemalis,27,31.403148148148148,32,16.28067041405403,22,1
Plant heigh,Thymus longicaulis,60,0.07683333333333334,0.07,0.020870193380786207,0.03,3
Plant heigh,Thymus longiflorus,11,12.48309090909091,14,5.907583693093911,6.5,1
Plant heigh,Thymus mastichina,74,4.9934864864864865,0.2625,14.174137204292762,0.355,12
Plant heigh,Thymus praecox,130,5.921538461538462,5.5,2.6486499300582578,3,14
Plant heigh,Thymus pulegioides,11,13.6,14.2,6.620120844818469,11.5,0
Plant heigh,Thymus serpyllum,22,6.447727272727272,5.35,3.9352944245370267,2.1624999999999988,4
Plant heigh,Thymus vulgaris,86,20.480988372093023,19,12.072143647543383,16,2
Plant heigh,Thymus zygis,33,0.7568181818181818,0.13,3.4554065015435,0.09999999999999999,3
Plant heigh,Tiarella cordifolia,10,11.45,10,4.355392570646697,3.75,2
Plant heigh,Tilia americana,34682,19.208806435615017,18.8976,21.598040777284236,8.2296,991
Plant heigh,Tolpis barbata,64,8.709490096052953,8,5.208372698439979,4,7
Plant heigh,Torreya californica,98,9.663404081632653,8.5344,5.432050479471776,6.096,9
Plant heigh,Townsendia exscapa,10,3.13,3,0.5396500923952688,0.5250000000000004,2
Plant heigh,Tradescantia ohiensis,39,22.88269230769231,1.13,24.169393266075225,43.57,0
Plant heigh,Tragia ramosa,50,22.2,22.2,0,0,0
Plant heigh,Tragopogon dubius,23,39.40782608695652,33,20.251073811376866,18.5,3
Plant heigh,Tragopogon pratensis,49,43.48367346938775,40,19.53374587454123,28,3
Plant heigh,Triadica sebifera,3947,10.439976285786674,10.668,4.364384724986905,7.0104,33
Plant heigh,Trichostema brachiatum,50,33.4,33.4,0,0,0
Plant heigh,Trientalis borealis,53,10.632075471698114,10,4.341382870119118,6,2
Plant heigh,Trientalis europaea,217,3.2294930875576036,3,2.1078240977451914,2,14
Plant heigh,Trifolium alpinum,44,7.209090909090909,6.5,2.591651909391058,3.2249999999999996,3
Plant heigh,Trifolium arvense,22,3.1265007683382455,0.33,7.710225780836278,0.03999999999999998,3
Plant heigh,Trifolium badium,26,12.288461538461538,10,5.734410304334835,7.5,2
Plant heigh,Trifolium campestre,79,10.602081227146927,7,10.144721302260335,15.75,3
Plant heigh,Trifolium cherleri,221,7.1640135746606335,6.4,3.6331917654261447,4.5,17
Plant heigh,Trifolium dasyphyllum,12,4.633333333333334,4.7,0.5532274451440439,0.6500000000000012,1
Plant heigh,Trifolium dubium,62,8.878388578588462,5,8.64775107947951,11.75,5
Plant heigh,Trifolium fragiferum,49,15.116666666666667,12,8.42925626085191,11,5
Plant heigh,Trifolium glomeratum,53,7.1962314386287165,6.7,3.1720548979212264,5,1
Plant heigh,Trifolium hirtum,20,9.875,10.25,3.5831293291581994,5.375,0
Plant heigh,Trifolium hybridum,254,25.38976377952756,23,13.853897924086741,20,11
Plant heigh,Trifolium longipes,20,5.285,4.25,2.5296712913153883,3.5749999999999993,1
Plant heigh,Trifolium montanum,24,8.433333333333334,5.65,7.43491566962886,4.824999999999999,3
Plant heigh,Trifolium pratense,351,20.064548006527065,17.3,16.107950515117192,25.85,7
Plant heigh,Trifolium repens,380,14.359131578947368,13,9.09686046677833,12,20
Plant heigh,Trifolium striatum,31,5.239354838709677,4.8,1.7230630390554897,2.0999999999999996,2
Plant heigh,Trifolium tomentosum,12,3.05462962962963,3,1.1889451353949958,0.9138888888888901,3
Plant heigh,Trigonella alba,12,52.31944444166667,38,28.170159210627556,37,1
Plant heigh,Trigonella officinalis,39,42.794871794871796,34,24.975966855716873,23,5
Plant heigh,Trillium erectum,10,17.8,18.75,4.110960958218893,6.5,0
Plant heigh,Trillium grandiflorum,18,23.27777777777778,22,7.998570133655549,6,1
Plant heigh,Trillium undulatum,10,18.7,19,1.960725489313699,1.375,2
Plant heigh,Trisetaria panicea,58,22.689655172413794,22,6.029043439160856,9.500000000000004,0
Plant heigh,Trisetum flavescens,280,53.61744135146429,55,23.86670022088205,36.45,4
Plant heigh,Trisetum spicatum,23,14.315217391304348,15.25,4.78196029560835,5.899999999999999,2
Plant heigh,Triticosecale Wittmack,21,53.857142857142854,52,43.58587582495701,80,0
Plant heigh,Triticum aestivum,598,57.82608695652174,70,26.63205185490739,42,8
Plant heigh,Trollius europaeus,30,42.483333333333334,44.25,27.119468555129238,51.70000000000001,0
Plant heigh,Tsuga canadensis,65719,14.099931636208707,13.4112,5.223268061256435,6.705599999999999,3774
Plant heigh,Tsuga caroliniana,130,13.44636923076923,12.4968,6.80068700252649,9.144,4
Plant heigh,Tsuga heterophylla,39265,20.434578856487967,17.9832,11.822833222138534,14.325600000000001,3553
Plant heigh,Tsuga mertensiana,13789,15.683240960185655,13.4112,9.244639544344667,13.106399999999999,712
Plant heigh,Tussilago farfara,11,5,4,5.054700782440045,1.25,2
Plant heigh,Ulex parviflorus,39,2.512897435897436,0.27,12.740420754009806,0.6525,3
Plant heigh,Ulmus alata,46060,11.14128041684759,10.9728,5.320067081131793,8.2296,950
Plant heigh,Ulmus americana,51344,14.235977489093175,13.716,22.926443695074425,5.7912,3986
Plant heigh,Ulmus crassifolia,3955,11.804969506953224,10.9728,5.406077046946532,7.3152,195
Plant heigh,Ulmus parvifolia,12,0.27083333333333337,0.27,0.013789543689024488,0.020000000000000018,0
Plant heigh,Ulmus pumila,987,12.972689766970618,12.4968,4.154055453363778,5.515600000000001,43
Plant heigh,Ulmus rubra,16347,14.883010901082768,14.6304,5.44939070697273,7.010400000000001,791
Plant heigh,Ulmus serotina,155,13.06313806451613,12.8016,5.882097351564487,10.058399999999999,1
Plant heigh,Ulmus thomasii,209,13.987257416267942,13.716,5.05093260662697,6.096,12
Plant heigh,Umbellularia californica,3181,12.05386281043697,11.2776,5.494402828607453,6.7056000000000004,195
Plant heigh,Urtica dioica,173,69.03602606100192,86.05291093,51.9435774035362,102.6666667,0
Plant heigh,VACCINIUM VITIS-IDAEA,1941,5.059881504379186,5,2.835899543895191,3,144
Plant heigh,Vaccinium angustifolium,41,23.29268292682927,20,8.80977838097822,14,0
Plant heigh,Vaccinium myrtilloides,28,12.625,8.5,14.164787457060685,5,3
Plant heigh,Vaccinium myrtillus,816,8.902205882352941,8,4.981876039249058,5.125,70
Plant heigh,Vaccinium uliginosum,1302,11.476152073732719,9,7.6287630812975396,11,42
Plant heigh,Valeriana montana,32,16.5853125,15.75,7.958744423740428,10.625,1
Plant heigh,Valeriana occidentalis,15,14.266666666666666,15.9,3.946366623086294,8.899999999999999,0
Plant heigh,Valeriana saliunca,27,4.849851851851852,4.5,2.062077139937818,1.75,5
Plant heigh,Veratrum viride,10,55.25,56,13.400352400009652,17.625,0
Plant heigh,Verbascum thapsus,97,66.02684657216494,86.70588235,34.46053517748202,24.705882349999996,20
Plant heigh,Verbena bracteata,10,15.9,16,6.822348894951389,5.25,2
Plant heigh,Verbena simplex,50,22.13333333,22.13333333,0,0,0
Plant heigh,Verbesina alternifolia,14,97.48714285714286,108,31.914917281029336,43.80000000000001,0
Plant heigh,Verbesina helianthoides,50,86.7,86.7,0,0,0
Plant heigh,Verbesina occidentalis,29,69.29448275862069,69,12.455590995385766,17,2
Plant heigh,Vernicia fordii,24,6.7056000000000004,5.9436,2.389878099128835,2.8194,3
Plant heigh,Vernonia arkansana,50,96.8,96.8,0,0,0
Plant heigh,Vernonia fasciculata,18,121.37777777777778,122,23.667763023487193,21.39999999999999,3
Plant heigh,Veronica alpina,19,6.005263157894737,5.4,2.094827938893133,2.75,1
Plant heigh,Veronica aphylla,27,1.440028490037037,1.5,0.8243204255180075,0.5,3
Plant heigh,Veronica arvensis,261,16.52256857270767,12,13.958111721450518,12,28
Plant heigh,Veronica chamaedrys,227,30.105726872246695,16,35.47476122360761,34,32
Plant heigh,Veronica fruticulosa,16,6.35625,6.05,1.9755062642269703,2.125,2
Plant heigh,Veronicastrum virginicum,15,72.4,75,21.463590433236334,20.5,2
Plant heigh,Viburnum acerifolium,15,29.866666666666667,26,14.121243706186924,11.5,3
Plant heigh,Viburnum tinus,32,19.94625,0.275,73.4860809620522,2.5075,6
Plant heigh,Vicia americana,26,30.049653846153845,28,15.172423112851309,12.75,3
Plant heigh,Vicia cracca,201,32.438805970149254,30,17.713421085921382,20,14
Plant heigh,Vicia pulchella,20,23.8,21.5,7.259114053526454,9.25,1
Plant heigh,Vicia sativa,84,1.7183666666666666,0.7275,5.4656142927348785,0.27175000000000005,15
Plant heigh,Vincetoxicum nigrum,12,49.333333333333336,41,18.84063950532723,15.75,3
Plant heigh,Viola adunca,26,4.399230769230769,4.25,1.2559679074782861,2.0749999999999997,0
Plant heigh,Viola alba,55,0.2469090909090909,0.07,1.3396100492960943,0.039999999999999994,1
Plant heigh,Viola arvensis,270,61.87407407407407,64,31.1153100960552,14,28
Plant heigh,Viola biflora,74,3.8972972972972975,3.6500000000000004,2.478121967487884,3.9499999999999993,1
Plant heigh,Viola calcarata,18,4.805555555555555,4.25,1.6902739848293382,1.5,1
Plant heigh,Viola canadensis,21,7.714285714285714,7,3.3932706514932924,5,1
Plant heigh,Viola pedata,69,9.195652173913043,8.6,2.56563458396053,0,0
Plant heigh,Viola praemorsa,25,5.4,5,1.0408329997330663,1,5
Plant heigh,Viola reichenbachiana,122,0.18,0.08,0.6934212701174083,0.06,2
Plant heigh,Viola sororia,15,5.666666666666667,6,1.2909944487358056,3,0
Plant heigh,Vulpia ciliata,51,14.621786492374728,13,5.416036526667277,8.5,1
Plant heigh,Vulpia fasciculata,36,7.3363611111111116,0.1325,43.07384204837932,0.051250000000000004,5
Plant heigh,Wyethia amplexicaulis,21,35.80952380952381,33,11.325277248787543,8,1
Plant heigh,Xanthisma gracile,20,21.65,23,5.489463591856293,9.25,0
Plant heigh,Yucca brevifolia,242,3.212978234247934,2.9570968485,1.5155885094462966,1.5497201080000007,14
Plant heigh,Zea mays,135,155.01555555555555,146.5,99.39932570318953,197.85,0
Plant heigh,Zizia aptera,50,34,34,0,0,0
Plant heigh,Zizia aurea,18,78.47777777777777,73,31.155559518148426,48.699999999999996,0
Stem specific density,ARCTOSTAPHYLOS UVA-URSI,51,0.4424639061469746,0.552380952,0.2209929441865029,0.10229715800000011,10
Stem specific density,Abies alba,81,0.5033526567956556,0.49,0.07073303236729084,0.09187307428985003,7
Stem specific density,Abies concolor,24,0.39850833333333335,0.39780000000000004,0.04989183880866835,0.04837500000000006,4
Stem specific density,Abies lasiocarpa,28,0.3472438235437248,0.32635000000000003,0.06316965562383917,0.05795,4
Stem specific density,Acer campestre,16,0.5638408464812088,0.542292375336067,0.09027934860906484,0.14206255637126985,0
Stem specific density,Acer negundo,11,0.44954375088362725,0.405614697802198,0.17925902179531583,0.07292139644072293,2
Stem specific density,Acer opalus,12,0.7127147217197608,0.7224999999999999,0.07758563490287944,0.08750000000000002,1
Stem specific density,Acer rubrum,19,0.5315315922956743,0.4989878441,0.14215392344012923,0.07427599224999998,2
Stem specific density,Acer saccharum,47,1.0476595744680852,1.05,0.10009153997080887,0.07000000000000006,5
Stem specific density,Aegopodium podagraria,27,0.10637144914187191,0.109655172,0.020102493311783997,0.017948500499999992,6
Stem specific density,Agrostis stolonifera,14,0.2778273537050735,0.302439024390235,0.13035096693837092,0.17554405320596175,0
Stem specific density,Alnus glutinosa,50,0.5155422488109968,0.530997942386831,0.07503461198626289,0.08942465997822124,6
Stem specific density,Arbutus andrachne,61,0.7701038105081968,0.76375,0.08840985595423759,0.09216166699999995,6
Stem specific density,Arbutus unedo,116,0.7818487327797118,0.7888142855,0.10178296280524286,0.13068194425000002,7
Stem specific density,Arctostaphylos alpinus,10,0.5810831677,0.5878379745,0.026872353716372626,0.03969293924999984,0
Stem specific density,Atriplex sp,10,0.006929070279755258,0.006181279975183615,0.001989199478160238,0.001326138493032928,2
Stem specific density,Betula alleghaniensis,46,0.8869565217391304,0.88,0.058456805143908185,0.07500000000000007,2
Stem specific density,Betula lenta,11,0.5119569996727273,0.5454350445,0.05727508563703944,0.06166272650000004,1
Stem specific density,Betula nana,13,0.6979627671538462,0.698471787,0.06880221713259273,0.05706526199999995,2
Stem specific density,Betula pendula,71,137.7556062518094,0.59,266.99860900844186,0.15229731078181896,15
Stem specific density,Bupleurum fruticescens,10,0.006434880583888804,0.006228014977473261,0.00158489492716056,0.0011763802143234256,2
Stem specific density,Calluna vulgaris,47,0.5385412966809507,0.540540541,0.05368569928128498,0.04725794350000001,4
Stem specific density,Calystegia sepium,26,0.14979641610908823,0.146741462,0.027590554377214815,0.027057884749999983,5
Stem specific density,Carya ovata,11,0.5891098858363637,0.5844794719999999,0.05298247888126009,0.042964197400000126,3
Stem specific density,Cassiope tetragona,10,0.8324498586,0.8161487439999999,0.10260851328033792,0.1405950332500001,0
Stem specific density,Castanea sativa,32,0.5853125,0.575,0.0923871368996579,0.11750000000000005,2
Stem specific density,Cirsium arvense,27,0.20655359616486332,0.213611585,0.04016267370633634,0.0517527465,1
Stem specific density,Cistus albidus,14,0.1805012844960184,0.00611064595601739,0.2880312425039759,0.42375593864017275,1
Stem specific density,Cistus clusii,10,0.005994695358942504,0.00585387858483965,0.0011345169754337517,0.0013993567161290328,0
Stem specific density,Cistus creticus,153,0.7348871369150327,0.73696,0.16112298939210248,0.17999999999999994,17
Stem specific density,Cistus salviifolius,92,0.7922584937717392,0.7913,0.1808819391990123,0.20547916675,7
Stem specific density,Clinopodium obovatum,20,0.006510045226311168,0.006039542790324345,0.0021008220501600476,0.0016191644399416423,3
Stem specific density,Corylus avellana,14,0.5879819646285442,0.595,0.08946502866677426,0.12,0
Stem specific density,Crataegus monogyna,19,0.5017211629632607,0.394026845637584,0.16629585229493865,0.24857319078947349,2
Stem specific density,Dryas octopetala,32,0.39870991815625,0.396975118,0.02750145841562689,0.03766327399999991,1
Stem specific density,Epilobium hirsutum,10,0.1894782006,0.19081034549999998,0.024199214891292557,0.026028207499999984,1
Stem specific density,Erigeron formosissimus,10,0.24125,0.2398,0.01485883575519966,0.014624999999999999,2
Stem specific density,Fagus sylvatica,136,0.684267135943798,0.68,0.05908669864934252,0.06999999999999995,10
Stem specific density,Filipendula ulmaria,27,0.34951436992592594,0.363307292,0.06828943264533016,0.048115124499999995,3
Stem specific density,Fraxinus angustifolia,22,0.5405569130171278,0.48846597585728047,0.13446744651518536,0.16044727169050577,3
Stem specific density,Fraxinus excelsior,35,0.6720998119924756,0.66,0.07649432102317286,0.08385296598256953,5
Stem specific density,Fumana ericoides,50,0.007065811103960497,0.005828031274398611,0.010130541765089174,0.0021887080924074985,6
Stem specific density,Fumana laevipes,19,0.005307559911603415,0.00498879685202413,0.0020108921529734904,0.0015421018983890504,2
Stem specific density,Fumana sp,10,0.0047700383030853215,0.004884913376850155,0.0013806997043109028,0.0019207932099597654,0
Stem specific density,Galium aparine,11,0.12536218136363636,0.114667685,0.027204507096535106,0.020004309000000012,2
Stem specific density,Genista balansae,20,0.6834808487,0.6794754765,0.02995731296044521,0.036444239249999955,1
Stem specific density,Genista scorpius,30,0.007567210956769752,0.00743814776303412,0.001712449242007253,0.0014397744535012162,5
Stem specific density,Genista sp,10,0.006690957375935771,0.006347681415510864,0.004551833237673221,0.004130908280975497,1
Stem specific density,Globularia alypum,10,0.005966813335375953,0.00605029505439086,0.0013253791202491926,0.0021935618294465047,0
Stem specific density,Helianthemum cinereum,40,0.010220514665292401,0.00529937497922008,0.02389475757079667,0.0035207396935835003,4
Stem specific density,Helianthemum marifolium,20,0.0061286086245314324,0.005919168707947885,0.0012606784014913659,0.0017649578672504053,0
Stem specific density,Helianthemum syriacum,11,0.05682094643013305,0.00570272496977962,0.17020827689870394,9.481749555457445e-4,3
Stem specific density,Helichrysum italicum,31,0.0251867742543718,0.00466996237873392,0.11410802152250314,0.0010488828759454456,3
Stem specific density,Holcus lanatus,22,0.18423856477221728,0.1526881720000005,0.09929370590593227,0.06480392373684252,4
Stem specific density,Hormathophylla lapeyrousiana,10,0.005646030824419685,0.005402670586249,0.0011006047934880672,4.2318421915484017e-4,3
Stem specific density,Impatiens glandulifera,50,0.07693822032,0.07830221200000001,0.015646743292881158,0.027049090999999997,0
Stem specific density,Juniperus communis,54,0.6221163679129232,0.6019774515,0.07380952584076714,0.10771477399999996,2
Stem specific density,Juniperus deppeana,24,0.49164320833333336,0.4976,0.03584123561410815,0.05027499999999996,0
Stem specific density,Juniperus monosperma,22,0.5706416363636364,0.56735,0.04734494819487879,0.047474999999999934,1
Stem specific density,Juniperus osteosperma,28,0.5099385511265163,0.4903,0.08125829163764922,0.07572499999999993,3
Stem specific density,Juniperus oxycedrus,15,0.2272449888659606,0.00509486790092479,0.3276579972562301,0.600203098912489,0
Stem specific density,Juniperus sabina,26,0.6380089458461539,0.6331708585,0.05034402750081272,0.05959593199999991,3
Stem specific density,Juniperus scopulorum,25,0.4666027772898952,0.449,0.06639855365658527,0.06159999999999999,4
Stem specific density,Lavandula multifida,10,0.004626429732981854,0.00456304761312903,0.0011902594746847405,0.0016556063735946448,0
Stem specific density,Liriodendron tulipifera,11,0.3818306175727273,0.3807110562,0.053802793124650236,0.04673250795000006,1
Stem specific density,Lolium perenne,22,0.28140749672617754,0.2758258265,0.0539134660281352,0.08088832325,1
Stem specific density,Lotus dorycnium,10,0.004990301975178787,0.004979192564049375,0.0017097558417401109,0.00229427964070685,0
Stem specific density,Mentha aquatica,10,0.1991340857338601,0.21370788152245102,0.05183854789972003,0.07481439354069722,0
Stem specific density,Phagnalon saxatile,10,0.006041125083456604,0.005930214901151035,9.05620501181418e-4,0.0010704751442016458,1
Stem specific density,Phalaris arundinacea,20,0.29740202764756246,0.2563861055,0.11846057316159747,0.11368788146530273,3
Stem specific density,Phillyrea latifolia,114,0.8506042594473684,0.83987,0.11177513000449149,0.11720375024999996,13
Stem specific density,Phragmites australis,24,0.24596988098598688,0.2412545978797005,0.051869705136304144,0.04844729611450399,3
Stem specific density,Picea abies,52,0.2607291062292627,0.225,0.11968658694925562,0.17750000000000002,2
Stem specific density,Picea glauca,1126,0.002796749251189073,3.3243499999999996e-4,0.03376008789603371,4.449500000000003e-5,31
Stem specific density,Picea mariana,10,0.5228921109770678,0.575253635750475,0.10477770106147083,0.1638335140349445,0
Stem specific density,Pinus aristata,18,0.5203944444444445,0.5196000000000001,0.04949868057923329,0.07437500000000002,0
Stem specific density,Pinus brutia,75,0.70385865928,0.684671429,0.1136888642334106,0.09989899000000002,10
Stem specific density,Pinus edulis,22,0.5711041910669421,0.57525,0.04530162803108656,0.05804707630226991,1
Stem specific density,Pinus halepensis,1031,0.6082311286355244,0.6,0.07076262220591414,0.08999999999999997,64
Stem specific density,Pinus nigra,827,0.6159733978234583,0.61,0.07659278358486908,0.09999999999999998,47
Stem specific density,Pinus pinaster,56,0.51496419285315,0.515,0.08071067721309873,0.10999999999999999,3
Stem specific density,Pinus pinea,152,0.5877681269833827,0.58,0.09535096347696,0.13,8
Stem specific density,Pinus ponderosa,33,11.04092145694061,0.45621929899,60.84912658443675,0.046599999999999975,4
Stem specific density,Pinus strobiformis,24,0.4068875,0.40975,0.03925998419123029,0.05924999999999997,1
Stem specific density,Pinus sylvestris,1273,0.5454183945406275,0.54,0.07328024413657143,0.09071797817346294,83
Stem specific density,Pinus uncinata,345,0.5165952762431578,0.5,0.07073502905617568,0.08000000000000007,26
Stem specific density,Pistacia lentiscus,62,0.8668107035022589,0.8897857145,0.11734381716542316,0.10156055549999998,7
Stem specific density,Podospermum laciniatum,10,0.005095748218986453,0.004855178123328175,0.0011409667984274272,0.0019683333265636763,0
Stem specific density,Populus nigra,23,0.42355713269670914,0.43,0.08392143260124521,0.07643419033000798,1
Stem specific density,Populus tremula,38,0.5475293478185786,0.55,0.06503110572764363,0.06268570389464556,6
Stem specific density,Populus tremuloides,28,0.3991264967025,0.390596336915,0.039380495148345684,0.05729999999999996,3
Stem specific density,Prunus avium,35,0.49952494139128245,0.460406360424028,0.09398130937552666,0.08936679536679554,6
Stem specific density,Pseudotsuga menziesii,32,14.503026522712675,0.45375,79.46915132347118,0.06662500000000005,3
Stem specific density,Quercus alba,12,0.523960236283231,0.5092040534,0.06690615756111422,0.10248275014999997,0
Stem specific density,Quercus canariensis,16,0.761875,0.78,0.09921147447078217,0.16249999999999987,0
Stem specific density,Quercus cerrioides_x,100,0.78161,0.79,0.08202868369963613,0.10999999999999999,6
Stem specific density,Quercus coccifera,223,0.6331923876499242,0.825057143,0.3793225093314437,0.8845449919161804,0
Stem specific density,Quercus faginea,83,0.7913373493975904,0.799,0.06709445055537494,0.08999999999999997,3
Stem specific density,Quercus gambelii,28,0.6253976191946429,0.6146499999999999,0.049810065405107774,0.08613509669750008,0
Stem specific density,Quercus ilex,746,0.8696652068117395,0.89,0.1799023639568765,0.08999999999999997,80
Stem specific density,Quercus michauxii,10,0.53434760193,0.55263711445,0.07786881326547151,0.11296844027499997,0
Stem specific density,Quercus petraea,57,0.7342456140350877,0.74,0.06559842133927854,0.08999999999999997,2
Stem specific density,Quercus pyrenaica,296,0.7701351351351351,0.77,0.06773814474033839,0.08000000000000007,20
Stem specific density,Quercus robur,44,0.4914431709055338,0.5037650399050525,0.10156855017207868,0.1441590957718471,1
Stem specific density,Quercus rubra,11,0.47586102494979327,0.49,0.1038096728001003,0.07683814094999997,3
Stem specific density,Quercus suber,140,0.8297285714285715,0.84,0.11575817281507197,0.13250000000000006,13
Stem specific density,Rhamnus lycioides,14,0.10040370893143293,0.007884546077825705,0.23940863593404083,0.0020421874636413068,2
Stem specific density,Rhododendron ferrugineum,40,0.4567448561,0.455575658,0.018598379777992256,0.026495094250000017,1
Stem specific density,Robinia neomexicana,21,0.5936761904761905,0.5965,0.070423738219168,0.06140000000000001,3
Stem specific density,Rubus caesius,20,0.2780679285400101,0.2758017555127385,0.05379667099507868,0.06675788007536401,2
Stem specific density,Rubus fruticosus,18,0.2420073985088246,0.258684773499278,0.05755589275256085,0.07435424700000001,1
Stem specific density,Rubus idaeus,26,0.2839973621153846,0.286026223,0.039438057290692365,0.03602927325000005,4
Stem specific density,Salix alba,17,0.6122847398823819,0.637985074626866,0.11641739842027538,0.08500801282051296,5
Stem specific density,Salix repens,10,0.4568331087035551,0.484102933551973,0.06219645382194258,0.06635009983100004,2
Stem specific density,Salvia rosmarinus,122,0.0156762571362726,0.005782885425983365,0.07505621376934783,0.0015637791383616402,8
Stem specific density,Sambucus nigra,10,0.3735103128553917,0.3609171472694465,0.08108685985669088,0.11894510508323053,0
Stem specific density,Stachys recta,10,0.159678805,0.1464717365,0.03065801332225239,0.03559209400000002,2
Stem specific density,Teucrium capitatum,20,0.029018045444807822,0.00626203859121802,0.10324598069793554,0.0030142139323107824,1
Stem specific density,Teucrium polium,10,0.010526566915053432,0.00548894121966728,0.01573855932787862,0.002244900984938278,1
Stem specific density,Thymus longiflorus,10,0.005506453586705259,0.006068606485464245,0.0015281439271471525,0.00225329010112467,0
Stem specific density,Thymus mastichina,10,0.005259154827067429,0.005444357615276825,0.0010621632490560669,0.0012004340109096198,1
Stem specific density,Thymus vulgaris,80,0.16231834805575696,0.005046310748045915,0.5303893768965636,0.0030983753268090594,16
Stem specific density,Tilia cordata,12,0.4475,0.455,0.06877169079312691,0.13249999999999995,0
Stem specific density,Ulmus minor,12,0.6015779493523518,0.6312715280322465,0.11331970699903783,0.17000000000000004,0
Stem specific density,Urtica dioica,99,0.22322520529925238,0.223330404,0.03769738273499918,0.05353573955982202,2
Stem specific density,VACCINIUM VITIS-IDAEA,16,0.6517398127107558,0.6564037380000001,0.0887426256990403,0.0562977845,3
Stem specific density,Vaccinium myrtillus,47,0.6022805687218561,0.59375,0.0909207673204111,0.11540889283972955,2
Stem specific density,Vaccinium uliginosum,40,0.439449898125,0.439055867,0.04254793521511094,0.053364155999999996,2
