candidate_id,review_stage,taxon_name,trait_domain_name,n_records,n_trait_names,n_datasets,n_domain_outliers,n_taxon_outliers,n_invalid_values,source_references,candidate_reasons,triage_outcome,reconciliation_outcome,has_objective_scale_evidence,closure_outcome,n_source_rules,n_proposed_source_rules,n_approved_source_rules,proposed_source_rule_ids,approved_source_rule_ids,investigation_outcome
f12522c84c97c444c19b0a551f4bb7773646ff116b386d4a4c2f0b36e884cc3d,raw,Ambrosia salsola,Leaf Area,13,2,3,0,4,0,review_submission_csv:1062,taxon_outlier;source_review,pending_isolated_source_pattern,agent_strong_isolated_source_pattern,TRUE,pending_objective_scale_evidence,0,0,0,,,approve_none_grouped
f743995528c846a99ebea65a5f34840576d7dcad31be5d32fd1e7cdff8418a62,raw,Ammophila arenaria,Leaf Area,70,2,13,0,6,0,review_submission_csv:1773,taxon_outlier;source_review,pending_isolated_source_pattern,agent_strong_isolated_source_pattern,TRUE,pending_objective_scale_evidence,0,0,0,,,approve_none_grouped
da0a325706f3af8c90b1b69642d499fbaf88faedb2c50576eed3f00e1e2d7e07,raw,Bistorta bistortoides,Leaf Area,40,2,3,3,7,0,review_submission_csv:1516,domain_outlier;taxon_outlier;source_review,agent_repeated_source_pattern,,TRUE,pending_objective_scale_evidence,1,0,1,,8ddea77f82d884c1f128128e4ecd902453e642499cb52df3b28d00cf682288ab,approve_none_after_source_rule
5d06ce837e2d5b7dbbd0f9aed2ff5cacf5edf3191fc59499476578d99b89b35d,raw,Botrychium dissectum,Leaf Area,12,1,2,3,3,0,review_submission_csv:1519,domain_outlier;taxon_outlier;source_review,pending_submitted_note,propose_scale_validated_threshold,TRUE,pending_objective_scale_evidence,0,0,0,,,approve_none_grouped
43ff42d95da663ac2bc4c56a688f0600b1f77b090d41cd73b32f39fe10c43dae,raw,Calamagrostis canadensis,Leaf Area,21,2,4,0,5,0,review_submission_csv:1479,taxon_outlier;source_review,agent_repeated_source_pattern,,TRUE,pending_objective_scale_evidence,1,0,1,,8ddea77f82d884c1f128128e4ecd902453e642499cb52df3b28d00cf682288ab,approve_none_after_source_rule
7a8a97c80f3ac3ef77564eb431fe507e771bfd09f01af0700a41332f4d553deb,raw,Caltha leptosepala,Leaf Area,22,2,3,7,4,0,review_submission_csv:1561,domain_outlier;taxon_outlier;source_review,agent_repeated_source_pattern,,TRUE,pending_objective_scale_evidence,1,0,1,,8ddea77f82d884c1f128128e4ecd902453e642499cb52df3b28d00cf682288ab,approve_none_after_source_rule
4011d5172d0ba1500d50495f4d8cfa25cfe229eebabbe33327aef643addb11e6,raw,Carthamus lanatus,Leaf Area,13,1,4,0,5,0,review_submission_csv:1024,taxon_outlier;source_review,agent_repeated_source_pattern,,TRUE,pending_objective_scale_evidence,0,0,0,,,approve_none_grouped
3c9d49ad4581d09c408b77d41b1f75cc037f5517d134974d905fb8b753417e72,raw,Centaurea jacea,Leaf Area,268,4,68,45,53,0,review_submission_csv:1027,domain_outlier;taxon_outlier;source_review,pending_submitted_note,propose_scale_validated_threshold,TRUE,pending_objective_scale_evidence,0,0,0,,,approve_none_grouped
72b8b1c7ceaa47dca1a8c92b9ef9ce17f3639588d4a9721d307e0c4bb709a0a3,raw,Chionophila jamesii,Leaf Area,11,1,2,0,3,0,review_submission_csv:1503,taxon_outlier;source_review,agent_repeated_source_pattern,,TRUE,pending_objective_scale_evidence,1,0,1,,8ddea77f82d884c1f128128e4ecd902453e642499cb52df3b28d00cf682288ab,approve_none_after_source_rule
dc7ed1393385f9ccd8def6cc584e085ccf56fd588d7d005be53b0fbeeb4e0053,raw,Cistus creticus,Leaf Area,172,3,37,0,27,0,review_submission_csv:1065,taxon_outlier;source_review,pending_submitted_note,propose_scale_validated_threshold,TRUE,pending_objective_scale_evidence,0,0,0,,,approve_none_grouped
f4d239970a847921f12b87f642dd9b3b4f853d9150e9554d89aaf6836b5399b2,raw,Crupina vulgaris,Leaf Area,15,1,2,0,3,0,review_submission_csv:1569,taxon_outlier;source_review,pending_submitted_note,propose_scale_validated_threshold,TRUE,pending_objective_scale_evidence,0,0,0,,,approve_none_grouped
8bab8ee6ab6532ac15688a1eab5ccef15287a5168b32bcbf73d26f87d94f9b23,raw,Danthonia intermedia,Leaf Area,25,1,2,0,1,0,,taxon_outlier,agent_repeated_source_pattern,,TRUE,pending_objective_scale_evidence,1,0,1,,8ddea77f82d884c1f128128e4ecd902453e642499cb52df3b28d00cf682288ab,resolved_by_source_rule_candidate_retired
6468a0b461014d27ea10425c1fccc2ad56616afe7faad13acb967bf6f9684a38,raw,Elymus scribneri,Leaf Area,11,1,2,0,1,0,,taxon_outlier,agent_repeated_source_pattern,,TRUE,pending_objective_scale_evidence,1,0,1,,8ddea77f82d884c1f128128e4ecd902453e642499cb52df3b28d00cf682288ab,resolved_by_source_rule_candidate_retired
59841a0c84356f663a43b85b6e8315bae099e721f96c8ad7da6e3e0fd51ad6bb,raw,Equisetum arvense,Leaf Area,19,2,5,0,1,0,,taxon_outlier,pending_isolated_source_pattern,agent_strong_isolated_source_pattern,TRUE,pending_objective_scale_evidence,0,0,0,,,approve_none_grouped
b13637977ebb489a453b58fe5d6d2b2649bdcc5f3a5e250002a4cb8088d8e364,raw,Erigeron grandiflorus,Leaf Area,30,1,2,0,5,0,review_submission_csv:1558,taxon_outlier;source_review,agent_repeated_source_pattern,,TRUE,pending_objective_scale_evidence,1,0,1,,8ddea77f82d884c1f128128e4ecd902453e642499cb52df3b28d00cf682288ab,approve_none_after_source_rule
146d9921b230917d1ace1014f4d42c7e3260561e11d5fa95f35763daf5c985e4,raw,Euphorbia maculata,Leaf Area,31,2,3,0,2,0,,taxon_outlier,pending_isolated_source_pattern,agent_strong_isolated_source_pattern,TRUE,pending_objective_scale_evidence,0,0,0,,,approve_none_grouped
02082163501464af28b6a519fb30b0a5fff68e3270f2c538feba01c1e2a98120,raw,Festuca brachyphylla,Leaf Area,37,1,2,0,2,0,,taxon_outlier,agent_repeated_source_pattern,,TRUE,pending_objective_scale_evidence,1,0,1,,8ddea77f82d884c1f128128e4ecd902453e642499cb52df3b28d00cf682288ab,approve_none_after_source_rule
0cd723bf550909fa83ade9fc27b9370c3352caf7b5dc188a56cc4bb661849728,raw,Filago pyramidata,Leaf Area,11,2,3,0,1,0,,taxon_outlier,agent_repeated_source_pattern,,TRUE,pending_objective_scale_evidence,0,0,0,,,approve_none_grouped
dd743dd90eb206b5bc2c073c7ae0f4d348df3cdda13f92c2332e82bc67898900,raw,Galeopsis tetrahit,Leaf Area,26,3,10,0,3,0,review_submission_csv:1466,taxon_outlier;source_review,pending_isolated_source_pattern,propose_scale_validated_threshold,TRUE,pending_objective_scale_evidence,0,0,0,,,approve_none_grouped
9b7c2e37591c44f02ee00bca243f1ec36e14c60cba0e7bc6c4a398f330a6aab2,raw,Gentiana algida,Leaf Area,26,1,2,0,1,0,,taxon_outlier,agent_repeated_source_pattern,,TRUE,pending_objective_scale_evidence,1,0,1,,8ddea77f82d884c1f128128e4ecd902453e642499cb52df3b28d00cf682288ab,resolved_by_source_rule_candidate_retired
b53233750eafe88dbc078d423ca3a9198f28abaaac063c884ab9d1119b2fc23c,raw,Gentianella amarella,Leaf Area,15,1,2,0,2,0,review_submission_csv:1768,taxon_outlier;source_review,agent_repeated_source_pattern,,TRUE,pending_objective_scale_evidence,1,0,1,,8ddea77f82d884c1f128128e4ecd902453e642499cb52df3b28d00cf682288ab,approve_none_after_source_rule
086a1322588c193cdd8f732bb0b438e008d19500c6736c3b9255431ed2b7d668,raw,Heuchera parvifolia,Leaf Area,11,1,2,0,1,0,,taxon_outlier,agent_repeated_source_pattern,,TRUE,pending_objective_scale_evidence,1,0,1,,8ddea77f82d884c1f128128e4ecd902453e642499cb52df3b28d00cf682288ab,resolved_by_source_rule_candidate_retired
b32e3b768e0f798d9d735360fd8fb08193673294cbd859beb689d675822e6cf1,raw,Lolium rigidum,Leaf Area,33,2,5,0,2,0,,taxon_outlier,pending_isolated_source_pattern,agent_strong_isolated_source_pattern,TRUE,pending_objective_scale_evidence,0,0,0,,,approve_none_grouped
12503b3640ccbdd48a7c34b306d1d19d83a8d42a23eb36f99a17b6296df1282e,raw,Lotus dorycnium,Leaf Area,17,2,7,0,4,0,review_submission_csv:1500,taxon_outlier;source_review,pending_isolated_source_pattern,agent_strong_isolated_source_pattern,TRUE,pending_objective_scale_evidence,0,0,0,,,approve_none_grouped
c9ba3a1e98694b1d7c5079cfbce372fbb7183cbcb88f2faca8ad6a9255e6a99e,raw,Neatostema apulum,Leaf Area,28,2,3,0,1,0,,taxon_outlier,agent_repeated_source_pattern,,TRUE,pending_objective_scale_evidence,0,0,0,,,approve_none_grouped
ee02fbfb9ed83d518f51aa832cd8724460dcf9a751e371252be5eac1a268a40e,raw,Phlomis purpurea,Leaf Area,33,3,4,0,6,0,review_submission_csv:1526,taxon_outlier;source_review,agent_repeated_source_pattern,,TRUE,pending_objective_scale_evidence,0,0,0,,,approve_none_grouped
fe1cf2da086b55957e2410515e1aa4f4138730c22329bd948d1c7dd5d0f213e7,raw,Picea abies,Leaf Area,28,2,8,0,1,0,,taxon_outlier,pending_isolated_source_pattern,agent_strong_isolated_source_pattern,TRUE,pending_objective_scale_evidence,0,0,0,,,approve_none_grouped
d969a6f15fc6981af248bd809f5cdfe340b73e333982f81b1265bf68c2dbecc0,raw,Poa compressa,Leaf Area,29,2,5,0,2,0,,taxon_outlier,pending_isolated_source_pattern,agent_strong_isolated_source_pattern,TRUE,pending_objective_scale_evidence,0,0,0,,,approve_none_grouped
72e13c3309a53ecdd3148684d0a5d19c2c3d770c75c8846980fc19d3e3e15f66,raw,Poa cusickii,Leaf Area,11,1,2,0,1,0,,taxon_outlier,agent_repeated_source_pattern,,TRUE,pending_objective_scale_evidence,1,0,1,,8ddea77f82d884c1f128128e4ecd902453e642499cb52df3b28d00cf682288ab,resolved_by_source_rule_candidate_retired
6172a249fcb24632805911b507c2a59992631efca40c6584a2ae6af91e785dd8,raw,Poa nemoralis,Leaf Area,60,1,6,16,2,0,,domain_outlier;taxon_outlier,pending_isolated_source_pattern,agent_strong_isolated_source_pattern,TRUE,pending_objective_scale_evidence,0,0,0,,,approve_none_grouped
ae8991180044fa5787b725605dce6544c02cd04a9f2ba9db74af29b4ad8e61cb,raw,Potentilla erecta,Leaf Area,61,3,6,0,3,0,review_submission_csv:1792,taxon_outlier;source_review,pending_isolated_source_pattern,agent_strong_isolated_source_pattern,TRUE,pending_objective_scale_evidence,0,0,0,,,approve_none_grouped
4442052285d226225d6a1c59ca4dc39c35c4f475ffb039365e4003469acacd01,raw,Primula pauciflora,Leaf Area,21,1,2,0,3,0,review_submission_csv:1692,taxon_outlier;source_review,agent_repeated_source_pattern,,TRUE,pending_objective_scale_evidence,1,0,1,,8ddea77f82d884c1f128128e4ecd902453e642499cb52df3b28d00cf682288ab,approve_none_after_source_rule
a5bc080e8f2b15964e5ca73146ea874ba16c6e76f72cd98530858f41cbcb5a8e,raw,Prunella vulgaris,Leaf Area,50,3,19,0,6,0,review_submission_csv:1069,taxon_outlier;source_review,pending_submitted_note,propose_scale_validated_threshold,TRUE,pending_objective_scale_evidence,0,0,0,,,approve_none_grouped
1822f103e2a95635b59ff78a58010a3a766cc0d14d554f80678429330545d89e,raw,Ranunculus adoneus,Leaf Area,15,1,2,0,2,0,review_submission_csv:1770,taxon_outlier;source_review,agent_repeated_source_pattern,,TRUE,pending_objective_scale_evidence,1,0,1,,8ddea77f82d884c1f128128e4ecd902453e642499cb52df3b28d00cf682288ab,approve_none_after_source_rule
376360b997e0d74c23d2b67dbcd12541f1673283984d4fed5f2bdb44a1dc31e6,raw,Reseda phyteuma,Leaf Area,16,2,3,0,1,0,,taxon_outlier,pending_isolated_source_pattern,agent_strong_isolated_source_pattern,TRUE,pending_objective_scale_evidence,0,0,0,,,approve_none_grouped
8d40a9be64c486969eb40cf4f24fee0b640a53541b555c1e9cac48bb8e0c4c77,raw,Rhodiola integrifolia,Leaf Area,16,1,2,0,1,0,,taxon_outlier,agent_repeated_source_pattern,,TRUE,pending_objective_scale_evidence,1,0,1,,8ddea77f82d884c1f128128e4ecd902453e642499cb52df3b28d00cf682288ab,resolved_by_source_rule_candidate_retired
4988163a2271d16a3150c096750e2426c490caba3378ffa80133de8d8ebaba26,raw,Rosa arvensis,Leaf Area,46,2,6,0,1,0,,taxon_outlier,pending_isolated_source_pattern,agent_strong_isolated_source_pattern,TRUE,pending_objective_scale_evidence,0,0,0,,,approve_none_grouped
b0d9cdde6b2051525e22027b047fb36ed74dde5e31bb24ec4b56798ddfd76d11,raw,Salix herbacea,Leaf Area,175,3,32,0,4,0,,taxon_outlier,pending_isolated_source_pattern,agent_strong_isolated_source_pattern,TRUE,pending_objective_scale_evidence,0,0,0,,,approve_none_grouped
cbb84bf8fdb705b364c03c6b9176b988edb5acc5c93a26a5dd8ca4c18d264876,raw,Sibbaldia procumbens,Leaf Area,81,2,12,0,4,0,,taxon_outlier,agent_repeated_source_pattern,,TRUE,pending_objective_scale_evidence,1,0,1,,8ddea77f82d884c1f128128e4ecd902453e642499cb52df3b28d00cf682288ab,approve_none_after_source_rule
bec99b3e6604c5b1f7abeca8d449e7851c1ffdb24d9104684f622064b9033abc,raw,Silene acaulis,Leaf Area,67,1,6,0,10,0,review_submission_csv:1563,taxon_outlier;source_review,agent_repeated_source_pattern,,TRUE,pending_objective_scale_evidence,1,0,1,,8ddea77f82d884c1f128128e4ecd902453e642499cb52df3b28d00cf682288ab,approve_none_after_source_rule
1a4f36de40d0f3f81a4e9e8097ec4fadeba03350f76d1cea33f0e7e702f88fb7,raw,Solidago nemoralis,Leaf Area,10,2,4,0,2,0,review_submission_csv:1642,taxon_outlier;source_review,pending_isolated_source_pattern,agent_strong_isolated_source_pattern,TRUE,pending_objective_scale_evidence,0,0,0,,,approve_none_grouped
39bc8afdee5896760b7b8f22ec342b8ecad12ae964c92e516f1b911033110a5f,raw,Sonchus arvensis,Leaf Area,11,2,2,10,1,0,,domain_outlier;taxon_outlier,pending_isolated_source_pattern,agent_strong_isolated_source_pattern,TRUE,pending_objective_scale_evidence,0,0,0,,,approve_none_grouped
89e9077f5df450446e5a5029b2324a551fa6a1389d22e63226576a58494a29b8,raw,Teucrium charidemi,Leaf Area,12,2,3,0,2,0,review_submission_csv:1713,taxon_outlier;source_review,agent_repeated_source_pattern,,TRUE,pending_objective_scale_evidence,0,0,0,,,approve_none_grouped
3a7762a2faa035aa9fb964f8ece582b42ec456677e9c30211531e02e1d4cedac,raw,Trifolium repens,Leaf Area,141,3,23,0,15,0,review_submission_csv:1066,taxon_outlier;source_review,pending_submitted_note,propose_scale_validated_threshold,TRUE,pending_objective_scale_evidence,0,0,0,,,approve_none_grouped
bdda80aafdcb7358041c5fe6d8c203d1a4373160d61c3a755585470d0abf2e55,raw,Trisetum spicatum,Leaf Area,28,1,4,0,2,0,review_submission_csv:1867,taxon_outlier;source_review,agent_repeated_source_pattern,,TRUE,pending_objective_scale_evidence,1,0,1,,8ddea77f82d884c1f128128e4ecd902453e642499cb52df3b28d00cf682288ab,approve_none_after_source_rule
e500ba3d73d7a26524bdd3d80b0b359d1cce5ba631c656e20733d2b2fedea517,raw,Vicia cracca,Leaf Area,18,1,4,0,2,0,review_submission_csv:1805,taxon_outlier;source_review,pending_submitted_note,propose_scale_validated_threshold,TRUE,pending_objective_scale_evidence,0,0,0,,,approve_none_grouped
46adc23f930985ae65ca10dba7e18d0d6bca14229e20cf42058de0fe3e61e183,raw,Ailanthus altissima,Leaf mass per area,113,3,5,0,11,0,,taxon_outlier,agent_repeated_source_pattern,,TRUE,pending_objective_scale_evidence,0,0,0,,,approve_none_grouped
94f855ae80e041841153870c0e154024af38b5438575b1ea1f4ca657cd86e473,raw,Antennaria alpina,Leaf mass per area,42,1,6,5,7,0,,domain_outlier;taxon_outlier,agent_repeated_source_pattern,,TRUE,pending_objective_scale_evidence,0,0,0,,,approve_none_grouped
fac4b9dfbb743a9a18a8c1b5e89e1f762972ae1dcca044ee2a1b57088f5d9a64,raw,Anthyllis cornicina,Leaf mass per area,66,2,2,0,7,0,,taxon_outlier,agent_repeated_source_pattern,,TRUE,pending_objective_scale_evidence,0,0,0,,,approve_none_grouped
2a9a21fd8b3d890c089bd06737957176a36a16e80d344154b5d5c4670691b248,raw,Betula lenta,Leaf mass per area,20,1,11,0,2,0,,taxon_outlier,pending_isolated_source_pattern,agent_strong_isolated_source_pattern,TRUE,pending_objective_scale_evidence,0,0,0,,,approve_none_grouped
51070f1442c5b6c3903d7525ab3ae889dca8c47955025c7026215aa550d97e63,raw,Campanula barbata,Leaf mass per area,12,1,3,11,3,0,,domain_outlier;taxon_outlier,pending_isolated_source_pattern,agent_strong_isolated_source_pattern,TRUE,pending_objective_scale_evidence,0,0,0,,,approve_none_grouped
3a0f4742bdd6d39e88d89bf6e99d852ebb975266ffdfe18e9bbcd8022c5158e5,raw,Cardamine enneaphyllos,Leaf mass per area,40,2,3,0,2,0,,taxon_outlier,pending_isolated_source_pattern,agent_strong_isolated_source_pattern,TRUE,pending_objective_scale_evidence,0,0,0,,,approve_none_grouped
ff2e31289393ed3cf3d545e733e35f3fae2427adda0ba3cf0bfa9d89b35d519a,raw,Carex capillaris,Leaf mass per area,11,1,2,0,1,0,,taxon_outlier,pending_isolated_source_pattern,agent_strong_isolated_source_pattern,TRUE,pending_objective_scale_evidence,0,0,0,,,approve_none_grouped
e17438daad2b53a6f24ad545fb1e9d1d69fc844623ffed95546039e38b13bc74,raw,Carex engelmannii,Leaf mass per area,21,2,3,0,1,0,,taxon_outlier,pending_isolated_source_pattern,agent_strong_isolated_source_pattern,TRUE,pending_objective_scale_evidence,0,0,0,,,approve_none_grouped
20cebfade122455eb50393ed8f46278ececc49812ad5ead05355dbfe6459621e,raw,Carya texana,Leaf mass per area,150,3,3,0,7,0,,taxon_outlier,agent_repeated_source_pattern,,TRUE,pending_objective_scale_evidence,0,0,0,,,approve_none_grouped
be2053049d0256db87e1ec42d4a32149793055500cd1f86b921c2b08bcaee639,raw,Centaurea nigra,Leaf mass per area,20,2,6,0,4,0,,taxon_outlier,pending_isolated_source_pattern,agent_strong_isolated_source_pattern,TRUE,pending_objective_scale_evidence,0,0,0,,,approve_none_grouped
904bce241524520f15f7abc4b49e9dea6735c40cab874db0112ba2d3b10c2eb0,raw,Chionophila jamesii,Leaf mass per area,12,1,3,0,3,0,,taxon_outlier,agent_repeated_source_pattern,,TRUE,pending_objective_scale_evidence,0,0,0,,,approve_none_grouped
101418b6c302b06db71bad0c592b5627ade01831b88372545ca9ab5db3cfbcf2,raw,Chrysothamnus parryi,Leaf mass per area,27,2,3,0,2,0,,taxon_outlier,agent_repeated_source_pattern,,TRUE,pending_objective_scale_evidence,0,0,0,,,approve_none_grouped
a8b856a2e5017d81279ce17b86c4ad9e9ae6134024524a9bf64dda5375b1c004,raw,Corydalis caseana,Leaf mass per area,27,2,3,0,3,0,,taxon_outlier,pending_isolated_source_pattern,agent_strong_isolated_source_pattern,TRUE,pending_objective_scale_evidence,0,0,0,,,approve_none_grouped
8b76e2dab94ca2dcbf5f856dad1e256a0cce0c29a6f458da293a288f20fdbdc7,raw,Crepis biennis,Leaf mass per area,97,1,3,12,17,0,,domain_outlier;taxon_outlier,pending_isolated_source_pattern,agent_strong_isolated_source_pattern,TRUE,pending_objective_scale_evidence,0,0,0,,,approve_none_grouped
e2ef71ee2fd0046dc00c00fb73e5ffe24fa727cd590a97e0e011dd6d715f88ff,raw,Crepis occidentalis,Leaf mass per area,27,2,3,0,3,0,,taxon_outlier,pending_isolated_source_pattern,agent_strong_isolated_source_pattern,TRUE,pending_objective_scale_evidence,0,0,0,,,approve_none_grouped
eb3b28f676b4e0c20b1c13e79b409c9b4ee6ca5901914805e83ae363948801f2,raw,Diospyros virginiana,Leaf mass per area,172,3,13,0,2,0,,taxon_outlier,agent_repeated_source_pattern,,TRUE,pending_objective_scale_evidence,0,0,0,,,approve_none_grouped
05fcdcb3a0d22ad161f60fed1938a48ece23384cb76197ccc7c24156d78acdfb,raw,Draba streptocarpa,Leaf mass per area,11,1,2,10,3,0,,domain_outlier;taxon_outlier,agent_repeated_source_pattern,,TRUE,pending_objective_scale_evidence,0,0,0,,,approve_none_grouped
1d07e3e3daa4dcb117970a9c8d09674b71a8a57628398812ae7fb352c516e6f9,raw,Echinacea purpurea,Leaf mass per area,25,3,7,0,5,0,,taxon_outlier,pending_isolated_source_pattern,agent_strong_isolated_source_pattern,TRUE,pending_objective_scale_evidence,0,0,0,,,approve_none_grouped
1a7867d93bce05880a3bbd7bd87e24e2f00d63db26b71e4440172e85c2072a37,raw,Elymus scribneri,Leaf mass per area,12,1,3,8,1,0,,domain_outlier;taxon_outlier,agent_repeated_source_pattern,,TRUE,pending_objective_scale_evidence,0,0,0,,,approve_none_grouped
e6e4a911452dfbee69802acb126c9f4381e505fcd59bfa7c6f0be8df7552f623,raw,Erica scoparia,Leaf mass per area,55,1,8,26,8,0,,domain_outlier;taxon_outlier,pending_isolated_source_pattern,agent_strong_isolated_source_pattern,TRUE,pending_objective_scale_evidence,0,0,0,,,approve_none_grouped
81546cde458881a4dd000542fff7743d5e93b1a82b8887ab10e98a19244468c1,raw,Erigeron melanocephalus,Leaf mass per area,10,1,3,0,3,0,,taxon_outlier,agent_repeated_source_pattern,,TRUE,pending_objective_scale_evidence,0,0,0,,,approve_none_grouped
ddbea6cb4c58fd21832938c6d025109524afe0bf7c0c49329e27340c1aaf298e,raw,Eriogonum umbellatum,Leaf mass per area,27,2,3,0,1,0,,taxon_outlier,agent_repeated_source_pattern,,TRUE,pending_objective_scale_evidence,0,0,0,,,approve_none_grouped
54822fbcb1d2c49c5b4d77453618a35cea196ecd5fad3a726382c2cb76b56854,raw,Erysimum odoratum,Leaf mass per area,12,2,3,0,2,0,,taxon_outlier,pending_isolated_source_pattern,agent_strong_isolated_source_pattern,TRUE,pending_objective_scale_evidence,0,0,0,,,approve_none_grouped
5eca5b057ddbac75de060909e2444e31bf0a954c442ac4e4770f6557d2232959,raw,Festuca vivipara,Leaf mass per area,18,1,3,0,3,0,,taxon_outlier,pending_isolated_source_pattern,agent_strong_isolated_source_pattern,TRUE,pending_objective_scale_evidence,0,0,0,,,approve_none_grouped
fd77f5926fed08b8a11d9ded5d2de8f50fe2be0ad599ce4a1b49444010b8667f,raw,Frangula caroliniana,Leaf mass per area,384,3,3,0,10,0,,taxon_outlier,agent_repeated_source_pattern,,TRUE,pending_objective_scale_evidence,0,0,0,,,approve_none_grouped
51f6cbdcdb9cdddca2fb0fdbe30f5588a4049ada439a3e3c186e2b0a48214140,raw,Gaylussacia baccata,Leaf mass per area,10,2,10,0,1,0,,taxon_outlier,pending_isolated_source_pattern,agent_strong_isolated_source_pattern,TRUE,pending_objective_scale_evidence,0,0,0,,,approve_none_grouped
dbff314d28520332103e27c3032b8365703a32e0e5eb23ced5d27faaa1fa1269,raw,Gentianella amarella,Leaf mass per area,16,1,3,0,4,0,,taxon_outlier,agent_repeated_source_pattern,,TRUE,pending_objective_scale_evidence,0,0,0,,,approve_none_grouped
fde57c865b041ffc622d9cc92565c2716392781da8f1c3172ba81a04b0b6d1ca,raw,Gymnadenia conopsea,Leaf mass per area,13,2,3,0,2,0,,taxon_outlier,pending_isolated_source_pattern,agent_strong_isolated_source_pattern,TRUE,pending_objective_scale_evidence,0,0,0,,,approve_none_grouped
5f478a4c9a33f6292668ffaa5012020ded65e96d0392decc6b1c2e43ca82ba69,raw,Gypsophila fastigiata,Leaf mass per area,13,2,4,0,1,0,,taxon_outlier,pending_isolated_source_pattern,agent_strong_isolated_source_pattern,TRUE,pending_objective_scale_evidence,0,0,0,,,approve_none_grouped
130905fe118a8df5465f2c5c3b71b24020e8d9d917ae2edf358b752be7cb8f8e,raw,Hieracium graciliusculum,Leaf mass per area,13,1,2,0,4,0,,taxon_outlier,agent_repeated_source_pattern,,TRUE,pending_objective_scale_evidence,0,0,0,,,approve_none_grouped
8be261052d6b26004670036ebd48fdb5dbf128520ad6b558217617d3b4126b06,raw,Hormathophylla lapeyrousiana,Leaf mass per area,22,1,4,2,2,0,,domain_outlier;taxon_outlier,pending_isolated_source_pattern,agent_strong_isolated_source_pattern,TRUE,pending_objective_scale_evidence,0,0,0,,,approve_none_grouped
831a74ed684b798c87ffaa3418c60ae600fc15938daadd7fb49d0c09b74b50cf,raw,Hydrophyllum capitatum,Leaf mass per area,27,2,3,0,1,0,,taxon_outlier,pending_isolated_source_pattern,agent_strong_isolated_source_pattern,TRUE,pending_objective_scale_evidence,0,0,0,,,approve_none_grouped
bb4f69a47d853d9537005838b7c8c57adb7c7b3614c278f46ab64841fcd4102e,raw,Juncus effusus,Leaf mass per area,26,2,10,2,4,0,,domain_outlier;taxon_outlier,pending_isolated_source_pattern,agent_strong_isolated_source_pattern,TRUE,pending_objective_scale_evidence,0,0,0,,,approve_none_grouped
99156f8decc9e0d3aec731380e45f1ac945c3762003a4c270ca4e616af7ac309,raw,Lactuca saligna,Leaf mass per area,11,1,2,0,1,0,,taxon_outlier,pending_isolated_source_pattern,agent_strong_isolated_source_pattern,TRUE,pending_objective_scale_evidence,0,0,0,,,approve_none_grouped
74e6594e4feb98b1c410e59dc22d72979a6acec1d5a1fd90d1d32413d6928306,raw,Lathyrus lanszwertii,Leaf mass per area,27,2,3,0,2,0,,taxon_outlier,agent_repeated_source_pattern,,TRUE,pending_objective_scale_evidence,0,0,0,,,approve_none_grouped
670c6b32412c3405618e16cc790d82e9482ee8c52472e586908ac468365afeab,raw,Lonicera involucrata,Leaf mass per area,35,2,11,0,7,0,,taxon_outlier,pending_isolated_source_pattern,agent_strong_isolated_source_pattern,TRUE,pending_objective_scale_evidence,0,0,0,,,approve_none_grouped
3a4e216a674bb36c43da9ad69e4cef2e8597d9fbecc28935b6d9287ce78ab4b9,raw,Lonicera maackii,Leaf mass per area,231,3,5,0,16,0,,taxon_outlier,agent_repeated_source_pattern,,TRUE,pending_objective_scale_evidence,0,0,0,,,approve_none_grouped
11a0d1c25ee56dff6f5780eca2e69e7f4b92a2d63a3fc49f30109ea0c9f97586,raw,Lupinus bicolor,Leaf mass per area,61,2,5,0,3,0,,taxon_outlier,pending_isolated_source_pattern,agent_strong_isolated_source_pattern,TRUE,pending_objective_scale_evidence,0,0,0,,,approve_none_grouped
abfa0ea2a317aa37a1327f465764d7d9fd1727a516a4fb75c45d5e708f85e002,raw,Magnolia fraseri,Leaf mass per area,11,2,11,0,1,0,,taxon_outlier,pending_isolated_source_pattern,agent_strong_isolated_source_pattern,TRUE,pending_objective_scale_evidence,0,0,0,,,approve_none_grouped
d1e15c33fa7fce01a3f9aeedd7b72626a01f5949055e50757573c21233cc4145,raw,Matteuccia struthiopteris,Leaf mass per area,11,2,8,0,1,0,,taxon_outlier,pending_isolated_source_pattern,agent_strong_isolated_source_pattern,TRUE,pending_objective_scale_evidence,0,0,0,,,approve_none_grouped
be1ca072912ce682fa56755a31ace58fec7dd27c060bbd103672c259d2323bd4,raw,Packera cana,Leaf mass per area,12,1,3,10,2,0,,domain_outlier;taxon_outlier,agent_repeated_source_pattern,,TRUE,pending_objective_scale_evidence,0,0,0,,,approve_none_grouped
f81348bed444ec654f89cb1865c093aea377932463887971fc51372a59be4f50,raw,Pedicularis parryi,Leaf mass per area,12,1,3,1,3,0,,domain_outlier;taxon_outlier,agent_repeated_source_pattern,,TRUE,pending_objective_scale_evidence,0,0,0,,,approve_none_grouped
d16130c8cda273f55cfd94b3fa30b20413fe1e398f66b2eb39631f22d2f5d83f,raw,Pediomelum tenuiflorum,Leaf mass per area,71,2,54,0,18,0,,taxon_outlier,pending_isolated_source_pattern,agent_strong_isolated_source_pattern,TRUE,pending_objective_scale_evidence,0,0,0,,,approve_none_grouped
01ba63c0c701ceb0b5fabffaca09fd8eb876935640717ad11dece3586ac51737,raw,Phagnalon saxatile,Leaf mass per area,23,1,5,1,3,0,,domain_outlier;taxon_outlier,pending_isolated_source_pattern,agent_strong_isolated_source_pattern,TRUE,pending_objective_scale_evidence,0,0,0,,,approve_none_grouped
ccec9e1c77d76ac392854fe04ff35f2efdd6270e20f5b8bc3c423f4c57cf97dd,raw,Phlomis purpurea,Leaf mass per area,35,2,6,0,3,0,,taxon_outlier,pending_isolated_source_pattern,agent_strong_isolated_source_pattern,TRUE,pending_objective_scale_evidence,0,0,0,,,approve_none_grouped
adf037cb0e86fef8e39a023ea60eb597cfcd9362c3ab4e93b6a2d1a2ac62e0d8,raw,Phlox sibirica,Leaf mass per area,11,1,2,10,2,0,,domain_outlier;taxon_outlier,agent_repeated_source_pattern,,TRUE,pending_objective_scale_evidence,0,0,0,,,approve_none_grouped
99129e7fddadffc6e957d507d154e8834099d7f926c49eed253319854b1f20c1,raw,Pilosella caespitosa,Leaf mass per area,15,2,4,0,3,0,,taxon_outlier,pending_isolated_source_pattern,agent_strong_isolated_source_pattern,TRUE,pending_objective_scale_evidence,0,0,0,,,approve_none_grouped
4d7cd2e080ca619470fac05b5ced321d44bd35ebd80843f735b2d34bbba42917,raw,Pinus palustris,Leaf mass per area,28,3,14,3,6,0,,domain_outlier;taxon_outlier,pending_isolated_source_pattern,agent_strong_isolated_source_pattern,TRUE,pending_objective_scale_evidence,0,0,0,,,approve_none_grouped
7c83ace3ea27ea32d61fd78bf693ded3be7ab1931dae2f77529d9c827f78fc38,raw,Podospermum laciniatum subsp. decumbens,Leaf mass per area,11,1,2,0,2,0,,taxon_outlier,pending_isolated_source_pattern,agent_strong_isolated_source_pattern,TRUE,pending_objective_scale_evidence,0,0,0,,,approve_none_grouped
10bc6ca578b1d8192b7ca0c757f8943a63ca2922a52cfe4debe7a3a528700dcc,raw,Populus sp,Leaf mass per area,32,1,4,0,1,0,,taxon_outlier,pending_isolated_source_pattern,agent_strong_isolated_source_pattern,TRUE,pending_objective_scale_evidence,0,0,0,,,approve_none_grouped
81cf1d6025eab6a2f55f310cad9679b40a38c8d36b1a1ecadc6f3dc98a77a9b1,raw,Potentilla diversifolia,Leaf mass per area,35,1,3,3,9,0,,domain_outlier;taxon_outlier,agent_repeated_source_pattern,,TRUE,pending_objective_scale_evidence,0,0,0,,,approve_none_grouped
089fcd6a21f78f059f664741e73d3275f105b09da042c2dde18e2b62822637a5,raw,Potentilla indica,Leaf mass per area,50,1,3,0,16,0,,taxon_outlier,pending_isolated_source_pattern,agent_strong_isolated_source_pattern,TRUE,pending_objective_scale_evidence,0,0,0,,,approve_none_grouped
ce1d1264df7f4fa7a7d642cb6be8eb5687c07de3349ac38bc0474474f0bad65d,raw,Primula angustifolia,Leaf mass per area,12,1,3,10,3,0,,domain_outlier;taxon_outlier,agent_repeated_source_pattern,,TRUE,pending_objective_scale_evidence,0,0,0,,,approve_none_grouped
be32f474d01b290feab992e352d00eddfb250aadc3a338ac3fa6dbc7440e0e7d,raw,Primula glutinosa,Leaf mass per area,47,2,5,0,2,0,,taxon_outlier,pending_isolated_source_pattern,agent_strong_isolated_source_pattern,TRUE,pending_objective_scale_evidence,0,0,0,,,approve_none_grouped
3c967fb38538e32cd6c272df74e013266a1e5f02a49bb9fd16888b69c63ecb48,raw,Quercus marilandica,Leaf mass per area,89,3,10,0,1,0,,taxon_outlier,agent_repeated_source_pattern,,TRUE,pending_objective_scale_evidence,0,0,0,,,approve_none_grouped
e21ec8dcb416247fd07d31a36b71cefdadb8eb906f127da5563978973a34e192,raw,Ranunculus adoneus,Leaf mass per area,12,1,3,0,3,0,,taxon_outlier,agent_repeated_source_pattern,,TRUE,pending_objective_scale_evidence,0,0,0,,,approve_none_grouped
47f9df29cdf9fc6831cd18c46f26402ac3ba8a85ae608e8771580047e63c4a9e,raw,Ranunculus peltatus,Leaf mass per area,12,1,2,0,3,0,,taxon_outlier,pending_isolated_source_pattern,agent_strong_isolated_source_pattern,TRUE,pending_objective_scale_evidence,0,0,0,,,approve_none_grouped
af19d9ce8fe2600c19529f309505f5f50c001de48687d0dc13dbb2d1c14d63c6,raw,Rubus ursinus,Leaf mass per area,34,2,5,0,6,0,,taxon_outlier,pending_isolated_source_pattern,agent_strong_isolated_source_pattern,TRUE,pending_objective_scale_evidence,0,0,0,,,approve_none_grouped
90465fdd9b3e12c58883fccbdd13bb4b9df65748c866477a79cb6eb25547b2e9,raw,Salvia pratensis,Leaf mass per area,10,2,3,0,1,0,,taxon_outlier,pending_isolated_source_pattern,agent_strong_isolated_source_pattern,TRUE,pending_objective_scale_evidence,0,0,0,,,approve_none_grouped
83b2d4fb55848089111e4102aaa71e94dd7c1a469d9682a2bdb51c47d1f37663,raw,Sideroxylon lanuginosum,Leaf mass per area,36,3,3,0,2,0,,taxon_outlier,agent_repeated_source_pattern,,TRUE,pending_objective_scale_evidence,0,0,0,,,approve_none_grouped
0ef9f517840227bac14f8c4fd6366c2665d46dcb369c768071c9210cd41fe94e,raw,Silene vulgaris,Leaf mass per area,86,2,11,17,18,0,,domain_outlier;taxon_outlier,pending_isolated_source_pattern,agent_strong_isolated_source_pattern,TRUE,pending_objective_scale_evidence,0,0,0,,,approve_none_grouped
489fc2cb428189a7a1e70d8093abb87b4ed8ae8fa6a3bbd9155d36877e90c935,raw,Simmondsia chinensis,Leaf mass per area,82,2,4,11,11,0,,domain_outlier;taxon_outlier,pending_isolated_source_pattern,agent_strong_isolated_source_pattern,TRUE,pending_objective_scale_evidence,0,0,0,,,approve_none_grouped
ebb1cd7c21254e2abdeee8e9374877c6d41c081d88f7e1daa489a5b799688850,raw,Sisymbrium cavanillesianum,Leaf mass per area,11,2,2,0,2,0,,taxon_outlier,agent_repeated_source_pattern,,TRUE,pending_objective_scale_evidence,0,0,0,,,approve_none_grouped
18d0eab6ce05c24f688986e7a7a2eee0618c30458bc4617415520815f3c9ed2f,raw,Sisymbrium officinale,Leaf mass per area,10,2,2,0,2,0,,taxon_outlier,agent_repeated_source_pattern,,TRUE,pending_objective_scale_evidence,0,0,0,,,approve_none_grouped
2a0878e5ce264b81babcab582b0c101cb54acf8b4a516b25d6f791e1e3fcc440,raw,Solanum dulcamara,Leaf mass per area,64,2,9,0,9,0,,taxon_outlier,pending_isolated_source_pattern,agent_strong_isolated_source_pattern,TRUE,pending_objective_scale_evidence,0,0,0,,,approve_none_grouped
ed966ce5d5739e547c6a830ac87e5c7724a0b99b5aef6db5d5c58f2cc27e1dc0,raw,Solidago spathulata,Leaf mass per area,30,1,3,1,5,0,,domain_outlier;taxon_outlier,agent_repeated_source_pattern,,TRUE,pending_objective_scale_evidence,0,0,0,,,approve_none_grouped
43a19ac6f0935edc146db3da4f1d6992e649dc9800089e4499ece544ad641146,raw,Sorbus aucuparia,Leaf mass per area,113,2,20,0,26,0,,taxon_outlier,pending_isolated_source_pattern,agent_strong_isolated_source_pattern,TRUE,pending_objective_scale_evidence,0,0,0,,,approve_none_grouped
dd742c9c0a80eb40b162138dccfe3065df9f3419edaeaf88432afd97cda82178,raw,Sorbus domestica,Leaf mass per area,121,2,2,7,9,0,,domain_outlier;taxon_outlier,pending_isolated_source_pattern,agent_strong_isolated_source_pattern,TRUE,pending_objective_scale_evidence,0,0,0,,,approve_none_grouped
3499379ae30eae529140f56ec952531af142e7a97b637717883f0713875f5968,raw,Sorghum halepense,Leaf mass per area,11,2,3,0,1,0,,taxon_outlier,pending_isolated_source_pattern,agent_strong_isolated_source_pattern,TRUE,pending_objective_scale_evidence,0,0,0,,,approve_none_grouped
0ce2531158b5424b787842b800bc3871b261ea69b78ebb11e0e69d022edc54cf,raw,Symphoricarpos albus,Leaf mass per area,10,3,4,0,2,0,,taxon_outlier,pending_isolated_source_pattern,agent_strong_isolated_source_pattern,TRUE,pending_objective_scale_evidence,0,0,0,,,approve_none_grouped
324a9e481c91e6065ccb5a76242d67752ca4da0feb2c325801a6439b07e3676c,raw,Tilia platyphyllos,Leaf mass per area,12,2,3,0,2,0,,taxon_outlier,pending_isolated_source_pattern,agent_strong_isolated_source_pattern,TRUE,pending_objective_scale_evidence,0,0,0,,,approve_none_grouped
7cf1274699a995e7478a78e1c5efa377ff1b71a4abbbe0e38586dc9891844139,raw,Tragopogon dubius,Leaf mass per area,26,1,8,0,2,0,,taxon_outlier,pending_isolated_source_pattern,agent_strong_isolated_source_pattern,TRUE,pending_objective_scale_evidence,0,0,0,,,approve_none_grouped
fddc658f43d1011821b86a9f027ed852a39030c2f47a4d668518c07bf073c3fb,raw,Tribulus terrestris,Leaf mass per area,11,2,2,0,3,0,,taxon_outlier,pending_isolated_source_pattern,agent_strong_isolated_source_pattern,TRUE,pending_objective_scale_evidence,0,0,0,,,approve_none_grouped
cd240e8a38d5ccf02abd49aa983c6498540b519e801a0330e5d61a0930980bb1,raw,Trifolium micranthum,Leaf mass per area,17,2,4,0,4,0,,taxon_outlier,agent_repeated_source_pattern,,TRUE,pending_objective_scale_evidence,0,0,0,,,approve_none_grouped
20267020832c7cc8209f920e7de4252f14834997cd9366eb934adc626d9d2722,raw,Trifolium subterraneum,Leaf mass per area,21,2,6,0,1,0,,taxon_outlier,agent_repeated_source_pattern,,TRUE,pending_objective_scale_evidence,0,0,0,,,approve_none_grouped
88c2b2be1ccb9e5e5efac9255dde444f45662f1026a3e2ca066d47218102f7b5,raw,Viburnum lantana,Leaf mass per area,68,1,3,0,4,0,,taxon_outlier,pending_isolated_source_pattern,agent_strong_isolated_source_pattern,TRUE,pending_objective_scale_evidence,0,0,0,,,approve_none_grouped
41365842360e76d754c8160dccb84eff143c22d2ce32c35dfcd5d0a4d0986a02,raw,Viburnum rufidulum,Leaf mass per area,199,3,5,0,28,0,,taxon_outlier,agent_repeated_source_pattern,,TRUE,pending_objective_scale_evidence,0,0,0,,,approve_none_grouped
96e677e2a22c69bc5041cd5145d9bf4acb295330d167fabe9bb8d48c2c3cf437,raw,Vicia lathyroides,Leaf mass per area,12,2,3,0,3,0,,taxon_outlier,agent_repeated_source_pattern,,TRUE,pending_objective_scale_evidence,0,0,0,,,approve_none_grouped
1cd51f31c108076724951e8b372f67bb3a1fc24b6d0666e0f3ba03b8b2bff9ad,raw,Abies alba,Leaf nitrogen content per unit mass,54,2,52,2,8,0,review_submission_csv:1153,domain_outlier;taxon_outlier;source_review,pending_isolated_source_pattern,propose_scale_validated_threshold,TRUE,pending_objective_scale_evidence,0,0,0,,,approve_none_grouped
6e11735cc6f2f5690b2c19f6728f2166caca74fbd2af0e3f11340fdc62a02453,raw,Abies amabilis,Leaf nitrogen content per unit mass,14,2,5,0,2,0,review_submission_csv:1287,taxon_outlier;source_review,pending_isolated_source_pattern,propose_scale_validated_threshold,TRUE,pending_objective_scale_evidence,0,0,0,,,approve_none_grouped
f630c619c683562beae0922b523884459b0f20a00a0a35960e1b8e1787c0bc7f,raw,Abies balsamea,Leaf nitrogen content per unit mass,343,1,55,0,23,0,review_submission_csv:1284,taxon_outlier;source_review,pending_submitted_note,propose_scale_validated_threshold,TRUE,pending_objective_scale_evidence,0,0,0,,,approve_none_grouped
43cda2b305e7230ccd30ce929bec6798c8e06fa9cfe3a896aa7d063943a303a7,raw,Abies lasiocarpa,Leaf nitrogen content per unit mass,105,2,14,0,8,0,review_submission_csv:1310,taxon_outlier;source_review,pending_isolated_source_pattern,propose_scale_validated_threshold,TRUE,pending_objective_scale_evidence,0,0,0,,,approve_none_grouped
a227d6470ac8419955073a8223221aca4ac5237cdcdd3aa4f9423c24799310ff,raw,Acer campestre,Leaf nitrogen content per unit mass,29,2,16,6,6,0,review_submission_csv:1103,domain_outlier;taxon_outlier;source_review,pending_submitted_note,propose_scale_validated_threshold,TRUE,pending_objective_scale_evidence,0,0,0,,,approve_none_grouped
0b9cb226d688bc616346bf8b03a79f7cd1944be1fd0312c8e5694fc9d763cbcd,raw,Acer pensylvanicum,Leaf nitrogen content per unit mass,231,2,48,2,19,0,review_submission_csv:1253,domain_outlier;taxon_outlier;source_review,pending_submitted_note,propose_scale_validated_threshold,TRUE,pending_objective_scale_evidence,0,0,0,,,approve_none_grouped
c2def49718101b3e556b58a97011a12eec7c4dcb27348536678cf97fc3c0e59f,raw,Acer platanoides,Leaf nitrogen content per unit mass,36,2,19,5,7,0,review_submission_csv:1105,domain_outlier;taxon_outlier;source_review,pending_submitted_note,propose_scale_validated_threshold,TRUE,pending_objective_scale_evidence,0,0,0,,,approve_none_grouped
24ab523d83c67009bf2931df0593cf2f0649500a8fd0139c79e693339c29d60c,raw,Acer pseudoplatanus,Leaf nitrogen content per unit mass,49,2,18,9,12,0,review_submission_csv:974,domain_outlier;taxon_outlier;source_review,pending_submitted_note,propose_scale_validated_threshold,TRUE,pending_objective_scale_evidence,0,0,0,,,approve_none_grouped
79e9d4822517098658c6ded0f46295067497c440f6a01eb1d938dcb2d375aa0e,raw,Acer rubrum,Leaf nitrogen content per unit mass,424,2,162,42,68,0,review_submission_csv:955,domain_outlier;taxon_outlier;source_review,pending_submitted_note,propose_scale_validated_threshold,TRUE,pending_objective_scale_evidence,0,0,0,,,approve_none_grouped
94041fa6de6d3758598cf83bb6bda42e1faf4c7e3c14d9b0d199eda95e328be9,raw,Acer saccharum,Leaf nitrogen content per unit mass,509,2,136,20,101,0,review_submission_csv:933,domain_outlier;taxon_outlier;source_review,pending_isolated_source_pattern,propose_scale_validated_threshold,TRUE,pending_objective_scale_evidence,0,0,0,,,approve_none_grouped
97105dee6faec7e5e16ddfa11384b478ceb2a251bd1cf2100ea4e2750f1eee36,raw,Achillea millefolium,Leaf nitrogen content per unit mass,259,2,79,80,10,0,review_submission_csv:1368,domain_outlier;taxon_outlier;source_review,pending_isolated_source_pattern,propose_scale_validated_threshold,TRUE,pending_objective_scale_evidence,0,0,0,,,approve_none_grouped
3d91f0d00123fea029090a419ddfcae4a8ea68b3e289eb2b03688f4a3c3b569e,raw,Agrostis stolonifera,Leaf nitrogen content per unit mass,19,1,16,6,3,0,review_submission_csv:1234,domain_outlier;taxon_outlier;source_review,pending_submitted_note,propose_scale_validated_threshold,TRUE,pending_objective_scale_evidence,0,0,0,,,approve_none_grouped
a68e946b486002394b46cefbd1b0fae39a5e2a90dd857ba9149bd6a9fe8f33d4,raw,Alnus glutinosa,Leaf nitrogen content per unit mass,37,2,19,7,13,0,review_submission_csv:932,domain_outlier;taxon_outlier;source_review,pending_submitted_note,propose_scale_validated_threshold,TRUE,pending_objective_scale_evidence,0,0,0,,,approve_none_grouped
a865a7a132f120ac6baa589abbde70b26324f0bd7feaaf0f004d8e2567a1c053,raw,Alnus incana,Leaf nitrogen content per unit mass,59,2,29,15,15,0,review_submission_csv:946,domain_outlier;taxon_outlier;source_review,pending_submitted_note,propose_scale_validated_threshold,TRUE,pending_objective_scale_evidence,0,0,0,,,approve_none_grouped
1c0a7260863c3fbc2f01640138c85197c0e46c00ae8570d5908aeb6c15461ce3,raw,Ambrosia psilostachya,Leaf nitrogen content per unit mass,55,1,6,1,4,0,review_submission_csv:1336,domain_outlier;taxon_outlier;source_review,agent_repeated_source_pattern,,TRUE,pending_objective_scale_evidence,0,0,0,,,approve_none_grouped
702525f0c14a3d5427daf911de66abe21422059324d2b9d6c0e351c68ba57a2d,raw,Amphicarpaea bracteata,Leaf nitrogen content per unit mass,74,1,3,1,2,0,review_submission_csv:1425,domain_outlier;taxon_outlier;source_review,agent_repeated_source_pattern,,TRUE,pending_objective_scale_evidence,0,0,0,,,approve_none_grouped
f9105b966b9961e9cd5723b6bdd50c7135b5d5e7180906cdd268c2ae569527e2,raw,Andromeda polifolia,Leaf nitrogen content per unit mass,32,1,11,6,3,0,review_submission_csv:1326,domain_outlier;taxon_outlier;source_review,pending_submitted_note,propose_scale_validated_threshold,TRUE,pending_objective_scale_evidence,0,0,0,,,approve_none_grouped
d447776a257fd0de915b9f241af0fbbea49ea5b2fd251bb61ecc10b8be714781,raw,Andropogon gerardii,Leaf nitrogen content per unit mass,122,1,19,6,16,0,review_submission_csv:1135,domain_outlier;taxon_outlier;source_review,pending_submitted_note,propose_scale_validated_threshold,TRUE,pending_objective_scale_evidence,0,0,0,,,approve_none_grouped
961a2322e1dedff0623465d81525eed5c4ad09e2e31db967e049734b1aed35f8,raw,Androsace septentrionalis,Leaf nitrogen content per unit mass,12,2,5,4,2,0,review_submission_csv:1262,domain_outlier;taxon_outlier;source_review,pending_submitted_note,propose_scale_validated_threshold,TRUE,pending_objective_scale_evidence,0,0,0,,,approve_none_grouped
85ca0d71b737339c95c9fcd5402e1632e90b0c59a0e87b2c22c6340b97dd8824,raw,Angelica archangelica,Leaf nitrogen content per unit mass,22,1,7,7,3,0,review_submission_csv:1259,domain_outlier;taxon_outlier;source_review,pending_submitted_note,propose_scale_validated_threshold,TRUE,pending_objective_scale_evidence,0,0,0,,,approve_none_grouped
6f3ae045fc152f47e561b1c5fd1a3a3fbe5347fd31c2ecd2335e8fbb31c8eb4d,raw,Arbutus unedo,Leaf nitrogen content per unit mass,331,2,68,20,42,0,review_submission_csv:1086,domain_outlier;taxon_outlier;source_review,pending_submitted_note,propose_scale_validated_threshold,TRUE,pending_objective_scale_evidence,0,0,0,,,approve_none_grouped
7d924b67b9c3ced5655f30097d3b137c81572575fce8d54b8e1bba4d53f28baf,raw,Artemisia ludoviciana,Leaf nitrogen content per unit mass,14,1,4,1,1,0,review_submission_csv:1386,domain_outlier;taxon_outlier;source_review,agent_repeated_source_pattern,,TRUE,pending_objective_scale_evidence,0,0,0,,,approve_none_grouped
ba06647481bb8483a899109e8f7f75777a76f0efb0769b4224d9dfa99f69183f,raw,Artemisia tridentata,Leaf nitrogen content per unit mass,22,2,10,13,1,0,review_submission_csv:1442,domain_outlier;taxon_outlier;source_review,pending_submitted_note,propose_scale_validated_threshold,TRUE,pending_objective_scale_evidence,0,0,0,,,approve_none_grouped
6aca1265915cefafd30d410ad711b13c81304602e2b934570654ff74dfdf4fdd,raw,Asclepias syriaca,Leaf nitrogen content per unit mass,12,2,10,5,1,0,review_submission_csv:1370,domain_outlier;taxon_outlier;source_review,pending_submitted_note,propose_scale_validated_threshold,TRUE,pending_objective_scale_evidence,0,0,0,,,approve_none_grouped
b0f3d90b6652f374e0d2a61e70ef8b1d449e0cf98f63ec43b9f9dbd201d644f0,raw,Avena barbata,Leaf nitrogen content per unit mass,22,1,8,3,4,0,review_submission_csv:1170,domain_outlier;taxon_outlier;source_review,pending_submitted_note,propose_scale_validated_threshold,TRUE,pending_objective_scale_evidence,0,0,0,,,approve_none_grouped
917a8bcc850901e15a1e25288d95951b71a4e226587d225a3490b286467214a1,raw,Baccharis pilularis,Leaf nitrogen content per unit mass,26,2,8,2,5,0,review_submission_csv:1132,domain_outlier;taxon_outlier;source_review,pending_submitted_note,propose_scale_validated_threshold,TRUE,pending_objective_scale_evidence,0,0,0,,,approve_none_grouped
90471b0401c596317a9f89e366f9d3d9ccb737952f872b0f7cb5c7d87e47fa1d,raw,Bartsia alpina,Leaf nitrogen content per unit mass,58,1,15,19,7,0,review_submission_csv:1201,domain_outlier;taxon_outlier;source_review,pending_submitted_note,propose_scale_validated_threshold,TRUE,pending_objective_scale_evidence,0,0,0,,,approve_none_grouped
ff1589bde462de92f5134e42630637de764ff67444e1645d2eab039083068eda,raw,Berberis vulgaris,Leaf nitrogen content per unit mass,75,1,9,58,17,0,review_submission_csv:954,domain_outlier;taxon_outlier;source_review,pending_isolated_source_pattern,propose_scale_validated_threshold,TRUE,pending_objective_scale_evidence,0,0,0,,,approve_none_grouped
a30050ecae86ca9181a50aedabbf802955b20252ab64731c74cf0a0d311727cc,raw,Betula nana,Leaf nitrogen content per unit mass,90,1,21,30,16,0,review_submission_csv:1071,domain_outlier;taxon_outlier;source_review,pending_submitted_note,propose_scale_validated_threshold,TRUE,pending_objective_scale_evidence,0,0,0,,,approve_none_grouped
8a58de034a4f9579909849e30c6db357ef545828eb022ab7093c5076b7402d0f,raw,Betula pendula,Leaf nitrogen content per unit mass,431,2,50,71,71,0,review_submission_csv:950,domain_outlier;taxon_outlier;source_review,pending_submitted_note,propose_scale_validated_threshold,TRUE,pending_objective_scale_evidence,0,0,0,,,approve_none_grouped
de2a0ca38cd9c80a00e6bc2ae75ac1bf2e8a2619090dcef61c86f96161b3fda4,raw,Bistorta vivipara,Leaf nitrogen content per unit mass,511,1,64,21,27,0,review_submission_csv:1325,domain_outlier;taxon_outlier;source_review,pending_submitted_note,propose_scale_validated_threshold,TRUE,pending_objective_scale_evidence,0,0,0,,,approve_none_grouped
7dc44959d80e84bc246b84344d660522037bbfb92c6a8cd23112a494736c90ad,raw,Bouteloua curtipendula,Leaf nitrogen content per unit mass,14,2,9,1,3,0,review_submission_csv:1161,domain_outlier;taxon_outlier;source_review,pending_submitted_note,propose_scale_validated_threshold,TRUE,pending_objective_scale_evidence,0,0,0,,,approve_none_grouped
4b6b1aed8197246fc988df29d1d53ec28249bd309bfec60ae6d4ec74e7777d22,raw,Brachypodium phoenicoides,Leaf nitrogen content per unit mass,15,2,14,4,1,0,review_submission_csv:1392,domain_outlier;taxon_outlier;source_review,pending_submitted_note,propose_scale_validated_threshold,TRUE,pending_objective_scale_evidence,0,0,0,,,approve_none_grouped
325fe9e82bbaf8ef04c2ab6f530c7d08821d9a42481565ea9064d91a17dde836,raw,Briza media,Leaf nitrogen content per unit mass,22,1,13,2,4,0,review_submission_csv:1171,domain_outlier;taxon_outlier;source_review,pending_submitted_note,propose_scale_validated_threshold,TRUE,pending_objective_scale_evidence,0,0,0,,,approve_none_grouped
7a44d7d6d7fb11164fd2c47579911ff917eb11e7b03296fd0e7f5af0b12cfda3,raw,Bromus hordeaceus,Leaf nitrogen content per unit mass,31,1,10,8,4,0,review_submission_csv:1254,domain_outlier;taxon_outlier;source_review,pending_submitted_note,propose_scale_validated_threshold,TRUE,pending_objective_scale_evidence,0,0,0,,,approve_none_grouped
8fa5f303bdbd7ae612a6da2e32c27aa5e4927fbf24952097d013b7a6273406e0,raw,Buxus sempervirens,Leaf nitrogen content per unit mass,19,2,11,5,5,0,review_submission_csv:1072,domain_outlier;taxon_outlier;source_review,pending_submitted_note,propose_scale_validated_threshold,TRUE,pending_objective_scale_evidence,0,0,0,,,approve_none_grouped
aaa2748b792b4727ccb31a8cb1159273c89fb5feb3ce4cdabe1c7586bdfe8fbc,raw,Calamagrostis epigejos,Leaf nitrogen content per unit mass,22,1,20,7,1,0,review_submission_csv:1443,domain_outlier;taxon_outlier;source_review,pending_submitted_note,propose_scale_validated_threshold,TRUE,pending_objective_scale_evidence,0,0,0,,,approve_none_grouped
c7f92c16c41fc8694fd122502ce8c6d9f3c9cb2420209072e524a8e863f40965,raw,Calamagrostis lapponica,Leaf nitrogen content per unit mass,56,1,14,17,1,0,review_submission_csv:1419,domain_outlier;taxon_outlier;source_review,pending_submitted_note,propose_scale_validated_threshold,TRUE,pending_objective_scale_evidence,0,0,0,,,approve_none_grouped
e83ca1a750c8742fc26cef90f2d2e87f5f198ee3692fdc921e303ce27d460996,raw,Calamovilfa longifolia,Leaf nitrogen content per unit mass,12,2,5,2,2,0,review_submission_csv:1263,domain_outlier;taxon_outlier;source_review,pending_submitted_note,propose_scale_validated_threshold,TRUE,pending_objective_scale_evidence,0,0,0,,,approve_none_grouped
350b3ee211789782dc5e615d54eb5b025553cfed8926b33f6c98b510d68635a3,raw,Calluna vulgaris,Leaf nitrogen content per unit mass,109,1,30,9,12,0,review_submission_csv:1192,domain_outlier;taxon_outlier;source_review,pending_submitted_note,propose_scale_validated_threshold,TRUE,pending_objective_scale_evidence,0,0,0,,,approve_none_grouped
0e0d3a097f8c2d42eb60d87143969a6cf33d3dfe16050bd4eff9f3958b203a0a,raw,Carex flacca,Leaf nitrogen content per unit mass,31,1,20,5,7,0,review_submission_csv:1074,domain_outlier;taxon_outlier;source_review,pending_submitted_note,propose_scale_validated_threshold,TRUE,pending_objective_scale_evidence,0,0,0,,,approve_none_grouped
629a2174d5fb36543fa2404590a4ed46b120bfe5dff5e723b9873b5e53c8756f,raw,Carex hirta,Leaf nitrogen content per unit mass,17,1,9,2,2,0,review_submission_csv:1321,domain_outlier;taxon_outlier;source_review,pending_submitted_note,propose_scale_validated_threshold,TRUE,pending_objective_scale_evidence,0,0,0,,,approve_none_grouped
512838362f76472d68ed6380ad1cc924700a03cb13a814a788127eb3dc0d63fa,raw,Carya glabra,Leaf nitrogen content per unit mass,71,2,26,20,2,0,review_submission_csv:1446,domain_outlier;taxon_outlier;source_review,pending_submitted_note,propose_scale_validated_threshold,TRUE,pending_objective_scale_evidence,0,0,0,,,approve_none_grouped
8586ba1eab74311dae1a66ffde552d6c59fb36204079663a574129855b57ffc6,raw,Carya ovata,Leaf nitrogen content per unit mass,47,2,20,3,3,0,review_submission_csv:1347,domain_outlier;taxon_outlier;source_review,pending_isolated_source_pattern,propose_scale_validated_threshold,TRUE,pending_objective_scale_evidence,0,0,0,,,approve_none_grouped
6ecdb46dee6d229043ae6cc1a4b87b231bd2b4fffd942800c02a650905cf6298,raw,Cassiope tetragona,Leaf nitrogen content per unit mass,77,1,12,3,2,0,review_submission_csv:1433,domain_outlier;taxon_outlier;source_review,pending_submitted_note,propose_scale_validated_threshold,TRUE,pending_objective_scale_evidence,0,0,0,,,approve_none_grouped
ce01e7e0c44e62167eaea9a98deb2ea1c0d78106cdbaef008c3a0cc6172cf10c,raw,Castanea dentata,Leaf nitrogen content per unit mass,41,2,34,2,10,0,review_submission_csv:984,domain_outlier;taxon_outlier;source_review,pending_submitted_note,propose_scale_validated_threshold,TRUE,pending_objective_scale_evidence,0,0,0,,,approve_none_grouped
bc2e14d728a1ef68fd3a8330bc875b15b0f6aa247b32f2e50df562d688e77a0f,raw,Castanea sativa,Leaf nitrogen content per unit mass,83,1,56,5,11,0,review_submission_csv:1155,domain_outlier;taxon_outlier;source_review,pending_submitted_note,propose_scale_validated_threshold,TRUE,pending_objective_scale_evidence,0,0,0,,,approve_none_grouped
7a671aba832d5b630e4ffa05437924ee8fc3960a3d64f7fce09878b81a23cd62,raw,Ceanothus cuneatus,Leaf nitrogen content per unit mass,11,2,8,2,2,0,review_submission_csv:1248,domain_outlier;taxon_outlier;source_review,pending_submitted_note,propose_scale_validated_threshold,TRUE,pending_objective_scale_evidence,0,0,0,,,approve_none_grouped
f1a4e767bc36ba1f439f7dcc69c70ae23c3c76a2c73a44ee86ca551646a56636,raw,Centaurea jacea,Leaf nitrogen content per unit mass,61,2,36,21,2,0,review_submission_csv:1429,domain_outlier;taxon_outlier;source_review,pending_submitted_note,propose_scale_validated_threshold,TRUE,pending_objective_scale_evidence,0,0,0,,,approve_none_grouped
2a872ccaa267ea431dd09ae8eb4fea5dbbfb511204dcefe82a2354969cac7822,raw,Chenopodium album,Leaf nitrogen content per unit mass,63,2,16,22,7,0,review_submission_csv:1239,domain_outlier;taxon_outlier;source_review,pending_submitted_note,propose_scale_validated_threshold,TRUE,pending_objective_scale_evidence,0,0,0,,,approve_none_grouped
13a4d3105cc81095961fdedbf026698128e9913055f45b49364eea8b275e0fc9,raw,Cistus albidus,Leaf nitrogen content per unit mass,86,2,23,61,14,0,review_submission_csv:1089,domain_outlier;taxon_outlier;source_review,pending_submitted_note,propose_scale_validated_threshold,TRUE,pending_objective_scale_evidence,0,0,0,,,approve_none_grouped
8ce32f2788d05e5ec4e83379675e287706bfda3807fbfcc9976ec324fab37cd7,raw,Cistus ladanifer,Leaf nitrogen content per unit mass,14,2,13,2,3,0,review_submission_csv:1162,domain_outlier;taxon_outlier;source_review,pending_submitted_note,propose_scale_validated_threshold,TRUE,pending_objective_scale_evidence,0,0,0,,,approve_none_grouped
f6a98ff403bb752995779046818e6162e29d6472c2fc782e51bbe364f69a55a8,raw,Cistus monspeliensis,Leaf nitrogen content per unit mass,23,2,20,3,4,0,review_submission_csv:1181,domain_outlier;taxon_outlier;source_review,pending_submitted_note,propose_scale_validated_threshold,TRUE,pending_objective_scale_evidence,0,0,0,,,approve_none_grouped
57a7cc34950a6045e2efc2f278d9feff5a73c8252475783805b05cff21d1e3f8,raw,Cistus salviifolius,Leaf nitrogen content per unit mass,137,2,35,82,17,0,review_submission_csv:1143,domain_outlier;taxon_outlier;source_review,pending_submitted_note,propose_scale_validated_threshold,TRUE,pending_objective_scale_evidence,0,0,0,,,approve_none_grouped
7f1e0ab4b1ae70e966934999803e88ebd07e6306eceda6a974ffc69057f0dc36,raw,Comandra umbellata,Leaf nitrogen content per unit mass,17,1,3,1,1,0,review_submission_csv:1439,domain_outlier;taxon_outlier;source_review,agent_repeated_source_pattern,,TRUE,pending_objective_scale_evidence,0,0,0,,,approve_none_grouped
d23df331aa56d27358131a2ba598cd2fd11b57821ca69c8dfcaced4ddc3b19af,raw,Cornus florida,Leaf nitrogen content per unit mass,50,2,33,5,9,0,review_submission_csv:1101,domain_outlier;taxon_outlier;source_review,pending_isolated_source_pattern,propose_scale_validated_threshold,TRUE,pending_objective_scale_evidence,0,0,0,,,approve_none_grouped
4c142978acb1c63ff821ae1293366129f203195cf53b6ce15e471ee598488280,raw,Cornus sanguinea,Leaf nitrogen content per unit mass,25,1,12,3,7,0,review_submission_csv:983,domain_outlier;taxon_outlier;source_review,pending_isolated_source_pattern,propose_scale_validated_threshold,TRUE,pending_objective_scale_evidence,0,0,0,,,approve_none_grouped
ae25c2ea354b351dbe1d2a533fe6d8998cff9e2f92a27f93c42f95b8bc94e6fe,raw,Corylus americana,Leaf nitrogen content per unit mass,60,2,9,2,2,0,review_submission_csv:1428,domain_outlier;taxon_outlier;source_review,pending_isolated_source_pattern,propose_scale_validated_threshold,TRUE,pending_objective_scale_evidence,0,0,0,,,approve_none_grouped
04efe42800c04e4f5e7971715322e6be9e6f27a45b64df830cbeece6aa3b401a,raw,Corylus avellana,Leaf nitrogen content per unit mass,23,1,10,4,10,0,review_submission_csv:928,domain_outlier;taxon_outlier;source_review,pending_submitted_note,propose_scale_validated_threshold,TRUE,pending_objective_scale_evidence,0,0,0,,,approve_none_grouped
0e8ed17056288590d8359b6338089d35260710ce46460616df2407597166b5c1,raw,Crepis paludosa,Leaf nitrogen content per unit mass,22,1,4,8,1,0,review_submission_csv:1444,domain_outlier;taxon_outlier;source_review,pending_submitted_note,propose_scale_validated_threshold,TRUE,pending_objective_scale_evidence,0,0,0,,,approve_none_grouped
0b717fbf8fae544fe9bc896b98633979ae65b7cec0e13f669742a4dda3b6145b,raw,Cynosurus cristatus,Leaf nitrogen content per unit mass,38,1,25,9,9,0,review_submission_csv:997,domain_outlier;taxon_outlier;source_review,pending_submitted_note,propose_scale_validated_threshold,TRUE,pending_objective_scale_evidence,0,0,0,,,approve_none_grouped
052cbbdce328924f29ce66fc5dfa4195190eb75669d7a1c9c11a1b611f786448,raw,Cytisus scoparius,Leaf nitrogen content per unit mass,40,1,7,32,9,0,review_submission_csv:1008,domain_outlier;taxon_outlier;source_review,agent_repeated_source_pattern,,TRUE,pending_objective_scale_evidence,0,0,0,,,approve_none_grouped
eff87b2dd601ef8805b90f32fecc2d22eef6b1a29ccddf5576e63da27adc12ad,raw,Dactylis glomerata,Leaf nitrogen content per unit mass,170,2,92,78,4,0,review_submission_csv:1445,domain_outlier;taxon_outlier;source_review,pending_submitted_note,propose_scale_validated_threshold,TRUE,pending_objective_scale_evidence,0,0,0,,,approve_none_grouped
218399b1b491013d6682dba4a877bf2817912fa4756870bb46ffa44cc0f19d3f,raw,Deschampsia caespitosa,Leaf nitrogen content per unit mass,16,1,9,6,2,0,review_submission_csv:1311,domain_outlier;taxon_outlier;source_review,pending_submitted_note,propose_scale_validated_threshold,TRUE,pending_objective_scale_evidence,0,0,0,,,approve_none_grouped
a97e034677c820d3db380fa5b5bdd1b63dd3d4f82b6c0a10f356b45ffb2dd3e5,raw,Deschampsia cespitosa,Leaf nitrogen content per unit mass,29,1,24,3,3,0,review_submission_csv:1316,domain_outlier;taxon_outlier;source_review,pending_submitted_note,propose_scale_validated_threshold,TRUE,pending_objective_scale_evidence,0,0,0,,,approve_none_grouped
394d2157be118655176415f145bf7f2a0c2ba73ad0b01e0862bb2f397262f750,raw,Dryas octopetala,Leaf nitrogen content per unit mass,79,1,19,24,5,0,review_submission_csv:1339,domain_outlier;taxon_outlier;source_review,pending_submitted_note,propose_scale_validated_threshold,TRUE,pending_objective_scale_evidence,0,0,0,,,approve_none_grouped
5a5e7a03b773ac1c222c1161d0e22835f165f11d94974114430c8c8552e61336,raw,Eleocharis palustris,Leaf nitrogen content per unit mass,13,1,13,4,2,0,review_submission_csv:1275,domain_outlier;taxon_outlier;source_review,pending_submitted_note,propose_scale_validated_threshold,TRUE,pending_objective_scale_evidence,0,0,0,,,approve_none_grouped
d501e8453b7f440aac3c1deab2cbd3e1ec09751b61b349dac7384ce8d09dedcf,raw,Elymus canadensis,Leaf nitrogen content per unit mass,19,1,6,2,3,0,review_submission_csv:1236,domain_outlier;taxon_outlier;source_review,agent_repeated_source_pattern,,TRUE,pending_objective_scale_evidence,0,0,0,,,approve_none_grouped
85628dcf33aeb70e15f1dfb153b651a62967f0a2cf8cf06ae9c0debde3496cf9,raw,Elymus repens,Leaf nitrogen content per unit mass,41,2,27,3,4,0,review_submission_csv:1308,domain_outlier;taxon_outlier;source_review,pending_submitted_note,propose_scale_validated_threshold,TRUE,pending_objective_scale_evidence,0,0,0,,,approve_none_grouped
302ba8b75902f4f5e6814500daf8e3ab7b39d0838ba102fc595883b4f746cb65,raw,Elymus smithii,Leaf nitrogen content per unit mass,26,1,7,11,1,0,review_submission_csv:1426,domain_outlier;taxon_outlier;source_review,pending_submitted_note,propose_scale_validated_threshold,TRUE,pending_objective_scale_evidence,0,0,0,,,approve_none_grouped
0aba08e52baf104e2574e15b1bf3eec54506a5c659e7da53826873cebf489e9b,raw,Empetrum nigrum,Leaf nitrogen content per unit mass,131,2,36,8,10,0,review_submission_csv:1303,domain_outlier;taxon_outlier;source_review,pending_submitted_note,propose_scale_validated_threshold,TRUE,pending_objective_scale_evidence,0,0,0,,,approve_none_grouped
5939a254d360d52a47d9f240c8800675bf5e919db9ef7a29c449509c988b87ce,raw,Equisetum scirpoides,Leaf nitrogen content per unit mass,26,1,4,6,2,0,review_submission_csv:1346,domain_outlier;taxon_outlier;source_review,pending_submitted_note,propose_scale_validated_threshold,TRUE,pending_objective_scale_evidence,0,0,0,,,approve_none_grouped
8c02983e15f59070195d68726a1ac251c33553d66dea7be30f4bd59878560227,raw,Erica cinerea,Leaf nitrogen content per unit mass,11,2,8,0,4,0,review_submission_csv:989,taxon_outlier;source_review,pending_isolated_source_pattern,agent_strong_isolated_source_pattern,TRUE,pending_objective_scale_evidence,0,0,0,,,approve_none_grouped
945344fbdc62e86d0d45490a37f2319483ccdbfc386e4c1c27c0215f22766949,raw,Eupatorium cannabinum,Leaf nitrogen content per unit mass,15,1,15,6,1,0,review_submission_csv:1393,domain_outlier;taxon_outlier;source_review,pending_submitted_note,propose_scale_validated_threshold,TRUE,pending_objective_scale_evidence,0,0,0,,,approve_none_grouped
7bbbf1b67edf623a5eadb40ffdfb5c21600cc79f3418e2b3b8de7e197d302bbd,raw,Fagus sylvatica,Leaf nitrogen content per unit mass,445,2,184,56,89,0,review_submission_csv:934,domain_outlier;taxon_outlier;source_review,pending_submitted_note,propose_scale_validated_threshold,TRUE,pending_objective_scale_evidence,0,0,0,,,approve_none_grouped
691f612e674d7c08dc829e47edf029ab39d519122608079b47e3a304f6f16fa8,raw,Festuca ovina,Leaf nitrogen content per unit mass,107,1,38,40,2,0,review_submission_csv:1457,domain_outlier;taxon_outlier;source_review,pending_submitted_note,propose_scale_validated_threshold,TRUE,pending_objective_scale_evidence,0,0,0,,,approve_none_grouped
91b0799297634dafeb33a344631b02b0caeff07c9360cfbcbedb8a05515e9603,raw,Festuca rubra,Leaf nitrogen content per unit mass,90,2,26,35,14,0,review_submission_csv:1106,domain_outlier;taxon_outlier;source_review,pending_submitted_note,propose_scale_validated_threshold,TRUE,pending_objective_scale_evidence,0,0,0,,,approve_none_grouped
4a91f48c2c39d7d4580e5edc7d39080a831e97a1cbdc4d6c885fdacfbaf74474,raw,Filipendula ulmaria,Leaf nitrogen content per unit mass,19,1,13,0,6,0,review_submission_csv:976,taxon_outlier;source_review,pending_isolated_source_pattern,agent_strong_isolated_source_pattern,TRUE,pending_objective_scale_evidence,0,0,0,,,approve_none_grouped
e546ba6fa01a6e89855ee706ae97c86283b1762fb0abf565e263ed3ebb633b43,raw,Frangula alnus,Leaf nitrogen content per unit mass,21,2,15,3,3,0,review_submission_csv:1255,domain_outlier;taxon_outlier;source_review,pending_submitted_note,propose_scale_validated_threshold,TRUE,pending_objective_scale_evidence,0,0,0,,,approve_none_grouped
934f6551b14a3ac5a079d5648126def1569569ed908e53a875600e86c4cf9bb3,raw,Fraxinus americana,Leaf nitrogen content per unit mass,61,2,42,6,8,0,review_submission_csv:1184,domain_outlier;taxon_outlier;source_review,pending_submitted_note,propose_scale_validated_threshold,TRUE,pending_objective_scale_evidence,0,0,0,,,approve_none_grouped
327b5a51cefd5a544064f0cbadf6228fa69056c85544a97dffb31cc0ac923623,raw,Fraxinus angustifolia,Leaf nitrogen content per unit mass,36,2,29,6,6,0,review_submission_csv:1151,domain_outlier;taxon_outlier;source_review,pending_submitted_note,propose_scale_validated_threshold,TRUE,pending_objective_scale_evidence,0,0,0,,,approve_none_grouped
971af9027b0ed8df89d8497843741f6cba07ab298d2976f13437511cf95fe4f4,raw,Fraxinus excelsior,Leaf nitrogen content per unit mass,87,2,29,10,10,0,review_submission_csv:1193,domain_outlier;taxon_outlier;source_review,pending_submitted_note,propose_scale_validated_threshold,TRUE,pending_objective_scale_evidence,0,0,0,,,approve_none_grouped
65b31b08c707edc16907a8b9ea245b6f46005c9090f179a15499eb40b7fa5342,raw,Galium aparine,Leaf nitrogen content per unit mass,12,2,10,4,1,0,review_submission_csv:1371,domain_outlier;taxon_outlier;source_review,pending_submitted_note,propose_scale_validated_threshold,TRUE,pending_objective_scale_evidence,0,0,0,,,approve_none_grouped
17336c57998f41f40677c08f79ef9f482b083f0106ee9d8af7f42f3f9bb2a06a,raw,Galium mollugo,Leaf nitrogen content per unit mass,66,1,42,22,4,0,review_submission_csv:1344,domain_outlier;taxon_outlier;source_review,pending_submitted_note,propose_scale_validated_threshold,TRUE,pending_objective_scale_evidence,0,0,0,,,approve_none_grouped
8c53521ba8b170425aa780092937539094eda704782de344b9762b7a87a13d05,raw,Galium verum,Leaf nitrogen content per unit mass,33,2,26,2,2,0,review_submission_csv:1374,domain_outlier;taxon_outlier;source_review,pending_submitted_note,propose_scale_validated_threshold,TRUE,pending_objective_scale_evidence,0,0,0,,,approve_none_grouped
1ae9e97e13544418ce4a8b34c08d42cbcd1fffcc7b94fc02ca62176e01f668f4,raw,Geranium pratense,Leaf nitrogen content per unit mass,36,1,2,32,4,0,review_submission_csv:1281,domain_outlier;taxon_outlier;source_review,pending_submitted_note,propose_scale_validated_threshold,TRUE,pending_objective_scale_evidence,0,0,0,,,approve_none_grouped
12dab74e38e2700aff54249cdc4bfca2d373a9defeb6ce132008524c30103df8,raw,Geum triflorum,Leaf nitrogen content per unit mass,25,2,4,5,5,0,review_submission_csv:1125,domain_outlier;taxon_outlier;source_review,pending_submitted_note,propose_scale_validated_threshold,TRUE,pending_objective_scale_evidence,0,0,0,,,approve_none_grouped
911d14fe98a490d7b2d0fd6099d77cbc557fbb95b945bc546b52bd3d838afc31,raw,Globularia alypum,Leaf nitrogen content per unit mass,14,2,12,0,3,0,review_submission_csv:1163,taxon_outlier;source_review,pending_submitted_note,propose_scale_validated_threshold,TRUE,pending_objective_scale_evidence,0,0,0,,,approve_none_grouped
1c70a59e9cb96a6b93837a2ca697ef144c1bc7fde116db6f74d78c9c963e18af,raw,Grindelia squarrosa,Leaf nitrogen content per unit mass,12,1,3,7,2,0,review_submission_csv:1265,domain_outlier;taxon_outlier;source_review,agent_repeated_source_pattern,,TRUE,pending_objective_scale_evidence,0,0,0,,,approve_none_grouped
301ceba617946cbfaad5bebcd965ac44be2ecff2527fd01d22f7f078cef0a8e7,raw,Gutierrezia sarothrae,Leaf nitrogen content per unit mass,23,2,11,4,4,0,review_submission_csv:1182,domain_outlier;taxon_outlier;source_review,pending_isolated_source_pattern,propose_scale_validated_threshold,TRUE,pending_objective_scale_evidence,0,0,0,,,approve_none_grouped
62e79e8624643336b404df2f9d584b993f26471fdfa51487e43b38df0c469bbb,raw,Gymnocarpium dryopteris,Leaf nitrogen content per unit mass,37,2,13,13,1,0,review_submission_csv:1453,domain_outlier;taxon_outlier;source_review,pending_submitted_note,propose_scale_validated_threshold,TRUE,pending_objective_scale_evidence,0,0,0,,,approve_none_grouped
40a8b900864b2131794f460d1a4a8b9905bf6de1d9b5329043859561e6f4f9a2,raw,Hedera helix,Leaf nitrogen content per unit mass,56,1,26,4,9,0,review_submission_csv:1126,domain_outlier;taxon_outlier;source_review,pending_isolated_source_pattern,propose_scale_validated_threshold,TRUE,pending_objective_scale_evidence,0,0,0,,,approve_none_grouped
064b574af7f9d564be79c7f43ba47922f802dcb778494a100146d358dce9c8e6,raw,Helianthemum nummularium,Leaf nitrogen content per unit mass,26,2,17,5,6,0,review_submission_csv:1081,domain_outlier;taxon_outlier;source_review,pending_isolated_source_pattern,propose_scale_validated_threshold,TRUE,pending_objective_scale_evidence,0,0,0,,,approve_none_grouped
48cbcfc06703bacdd527751940c0dc239c354d3b237b1d9781cf8014714b13b5,raw,Heteromeles arbutifolia,Leaf nitrogen content per unit mass,14,2,9,0,3,0,review_submission_csv:1164,taxon_outlier;source_review,pending_submitted_note,propose_scale_validated_threshold,TRUE,pending_objective_scale_evidence,0,0,0,,,approve_none_grouped
695d4530a3127928f520bea331bef940b5aa0055ca8d839aa7b0d0ae11c13597,raw,Holcus lanatus,Leaf nitrogen content per unit mass,79,1,40,27,5,0,review_submission_csv:1340,domain_outlier;taxon_outlier;source_review,pending_submitted_note,propose_scale_validated_threshold,TRUE,pending_objective_scale_evidence,0,0,0,,,approve_none_grouped
5cc989f118599e0e7f6c1e2163b27d8ef6f78f18183ceb721a2c233add82b55c,raw,Hydrocotyle vulgaris,Leaf nitrogen content per unit mass,15,1,14,5,2,0,review_submission_csv:1306,domain_outlier;taxon_outlier;source_review,pending_submitted_note,propose_scale_validated_threshold,TRUE,pending_objective_scale_evidence,0,0,0,,,approve_none_grouped
d43febe8845d8f7706beb33d9880ebdacf836438b4f6645be3d9609f06f151f3,raw,Hypericum perforatum,Leaf nitrogen content per unit mass,18,1,13,2,8,0,review_submission_csv:929,domain_outlier;taxon_outlier;source_review,pending_isolated_source_pattern,propose_scale_validated_threshold,TRUE,pending_objective_scale_evidence,0,0,0,,,approve_none_grouped
7b9c8864c738ddb48abb0414c6ceccf2aab70a5df53c951b5bf4076df6494cfb,raw,Ilex aquifolium,Leaf nitrogen content per unit mass,41,1,16,5,10,0,review_submission_csv:985,domain_outlier;taxon_outlier;source_review,pending_submitted_note,propose_scale_validated_threshold,TRUE,pending_objective_scale_evidence,0,0,0,,,approve_none_grouped
73fc2fa2df3f0685ac9266a5f4b70c0346ea05d6a686db0e372105777fb84724,raw,Jacobaea vulgaris,Leaf nitrogen content per unit mass,49,1,47,45,6,0,review_submission_csv:1233,domain_outlier;taxon_outlier;source_review,pending_submitted_note,propose_scale_validated_threshold,TRUE,pending_objective_scale_evidence,0,0,0,,,approve_none_grouped
f67d22de6cadbf17490368a0eb353bf0d5594161451f01f000199547a26c9b2c,raw,Juglans nigra,Leaf nitrogen content per unit mass,21,2,12,3,3,0,review_submission_csv:1256,domain_outlier;taxon_outlier;source_review,pending_submitted_note,propose_scale_validated_threshold,TRUE,pending_objective_scale_evidence,0,0,0,,,approve_none_grouped
ce49ef3b1d395f7f9c0e1a75a7670ec270d867ea60377b0373c106f34213ff0b,raw,Juncus arcticus,Leaf nitrogen content per unit mass,14,2,8,3,5,0,review_submission_csv:957,domain_outlier;taxon_outlier;source_review,pending_submitted_note,propose_scale_validated_threshold,TRUE,pending_objective_scale_evidence,0,0,0,,,approve_none_grouped
83b1113a4ea912af8710bdede56840cd71c7edbdec6620a7cc574537c114bf6a,raw,Juncus articulatus,Leaf nitrogen content per unit mass,11,1,11,4,2,0,review_submission_csv:1250,domain_outlier;taxon_outlier;source_review,pending_submitted_note,propose_scale_validated_threshold,TRUE,pending_objective_scale_evidence,0,0,0,,,approve_none_grouped
f42bfeca494524eca778a32b313d9e2931fdf51065abf831d98821c235fb69f9,raw,Juncus effusus,Leaf nitrogen content per unit mass,12,1,8,1,2,0,review_submission_csv:1266,domain_outlier;taxon_outlier;source_review,pending_submitted_note,propose_scale_validated_threshold,TRUE,pending_objective_scale_evidence,0,0,0,,,approve_none_grouped
4ecb03c2123b014a5ed52e53137d3e71b21882b2ec464dd6705521a4c6f0560d,raw,Juniperus deppeana,Leaf nitrogen content per unit mass,22,2,10,0,3,0,review_submission_csv:1260,taxon_outlier;source_review,pending_submitted_note,propose_scale_validated_threshold,TRUE,pending_objective_scale_evidence,0,0,0,,,approve_none_grouped
add54620364c64e7f3f76fe76f42239e6c8829a8000244976c3de5cd76c3f310,raw,Juniperus monosperma,Leaf nitrogen content per unit mass,24,2,13,0,3,0,review_submission_csv:1280,taxon_outlier;source_review,pending_submitted_note,propose_scale_validated_threshold,TRUE,pending_objective_scale_evidence,0,0,0,,,approve_none_grouped
9d9a85f9087ba43eb3185498c56e829f2308fa56a3efc997f155fab43956702c,raw,Juniperus virginiana,Leaf nitrogen content per unit mass,17,2,6,3,3,0,review_submission_csv:1195,domain_outlier;taxon_outlier;source_review,pending_isolated_source_pattern,propose_scale_validated_threshold,TRUE,pending_objective_scale_evidence,0,0,0,,,approve_none_grouped
e84496da94f0cee149c6c8b1c82bc6f014af73463b4d14c593d0b26c4df31e82,raw,Kalmia latifolia,Leaf nitrogen content per unit mass,16,2,15,0,4,0,review_submission_csv:1097,taxon_outlier;source_review,pending_isolated_source_pattern,propose_scale_validated_threshold,TRUE,pending_objective_scale_evidence,0,0,0,,,approve_none_grouped
cc9869639d2179028a9503a5e3a9b7ed042a1eb7ebff3d9bf7d8d0039238c4b7,raw,Koeleria pyramidata,Leaf nitrogen content per unit mass,57,1,16,8,13,0,review_submission_csv:980,domain_outlier;taxon_outlier;source_review,pending_submitted_note,propose_scale_validated_threshold,TRUE,pending_objective_scale_evidence,0,0,0,,,approve_none_grouped
4eb7b8c11552c0b020af4260d773b34917f17a96912d3c328b069de1b133550a,raw,Laburnum anagyroides,Leaf nitrogen content per unit mass,25,1,12,3,9,0,review_submission_csv:938,domain_outlier;taxon_outlier;source_review,pending_submitted_note,propose_scale_validated_threshold,TRUE,pending_objective_scale_evidence,0,0,0,,,approve_none_grouped
f87706db07ba149409e05e6051ca0f7cc46fb3bd9708e74a4963ec96a455aa98,raw,Larix decidua,Leaf nitrogen content per unit mass,75,2,20,7,8,0,review_submission_csv:1240,domain_outlier;taxon_outlier;source_review,pending_isolated_source_pattern,propose_scale_validated_threshold,TRUE,pending_objective_scale_evidence,0,0,0,,,approve_none_grouped
30fb236b4948fe98d394167b988e29c3d3b6baf5e2909195bae96c95fd43b5a0,raw,Larix laricina,Leaf nitrogen content per unit mass,50,2,14,3,4,0,review_submission_csv:1332,domain_outlier;taxon_outlier;source_review,pending_isolated_source_pattern,propose_scale_validated_threshold,TRUE,pending_objective_scale_evidence,0,0,0,,,approve_none_grouped
8b6eae1369f358657d455aaf1de41ec96c950f11712b37d00b6ef28ece3bae20,raw,Larix occidentalis,Leaf nitrogen content per unit mass,10,2,10,3,1,0,review_submission_csv:1349,domain_outlier;taxon_outlier;source_review,pending_submitted_note,propose_scale_validated_threshold,TRUE,pending_objective_scale_evidence,0,0,0,,,approve_none_grouped
b122b8c5740c4a6e977aa5c789a4a0d6eb9fc75450bd47b5e71d0fd862ca1970,raw,Larrea tridentata,Leaf nitrogen content per unit mass,191,2,14,5,21,0,review_submission_csv:1167,domain_outlier;taxon_outlier;source_review,pending_submitted_note,propose_scale_validated_threshold,TRUE,pending_objective_scale_evidence,0,0,0,,,approve_none_grouped
e3294818cf95f364d2fbe9b4b42cbaef36f7970dc0cf054d50e518b50bc12ed6,raw,Lavandula latifolia,Leaf nitrogen content per unit mass,41,2,10,33,8,0,review_submission_csv:1088,domain_outlier;taxon_outlier;source_review,pending_submitted_note,propose_scale_validated_threshold,TRUE,pending_objective_scale_evidence,0,0,0,,,approve_none_grouped
e2aeadc5c3e8a66aefff5c380cfe1cebfe1fd91503fc3192fb66fab1cdf1020a,raw,Lavandula stoechas,Leaf nitrogen content per unit mass,10,2,8,2,3,0,review_submission_csv:1091,domain_outlier;taxon_outlier;source_review,pending_submitted_note,propose_scale_validated_threshold,TRUE,pending_objective_scale_evidence,0,0,0,,,approve_none_grouped
37ade5aa516265a70c293c320ad94f6bb893e0396b31ec6e919c3188da8bf9c5,raw,Liatris aspera,Leaf nitrogen content per unit mass,41,2,11,2,5,0,review_submission_csv:1245,domain_outlier;taxon_outlier;source_review,pending_submitted_note,propose_scale_validated_threshold,TRUE,pending_objective_scale_evidence,0,0,0,,,approve_none_grouped
7aad284267bf809dddaabca79d95f0ad7f3761fa32c8337d62b0318c70af9908,raw,Ligustrum vulgare,Leaf nitrogen content per unit mass,17,1,8,3,4,0,review_submission_csv:1115,domain_outlier;taxon_outlier;source_review,pending_isolated_source_pattern,propose_scale_validated_threshold,TRUE,pending_objective_scale_evidence,0,0,0,,,approve_none_grouped
2f2e7431e89f7fac092893971cccbc4b9f8ba0dffdbe6c600ca4cfe333bb0a5c,raw,Liquidambar styraciflua,Leaf nitrogen content per unit mass,184,2,34,42,11,0,review_submission_csv:1334,domain_outlier;taxon_outlier;source_review,pending_submitted_note,propose_scale_validated_threshold,TRUE,pending_objective_scale_evidence,0,0,0,,,approve_none_grouped
8c98fdcf5033ed026d745e70004beb582d0ece487be29f9d980ee930dc00c068,raw,Liriodendron tulipifera,Leaf nitrogen content per unit mass,83,2,44,6,16,0,review_submission_csv:1002,domain_outlier;taxon_outlier;source_review,pending_isolated_source_pattern,agent_strong_isolated_source_pattern,TRUE,pending_objective_scale_evidence,0,0,0,,,approve_none_grouped
8fe4788b68cfa53eee3850678404968dede15bfa958316318bc273f7f420c87c,raw,Lolium perenne,Leaf nitrogen content per unit mass,66,1,42,2,3,0,review_submission_csv:1390,domain_outlier;taxon_outlier;source_review,pending_submitted_note,propose_scale_validated_threshold,TRUE,pending_objective_scale_evidence,0,0,0,,,approve_none_grouped
bb9c691360ffa3f78c5a580614735276a9af71de090063f2e3700c063e47a257,raw,Lupinus perennis,Leaf nitrogen content per unit mass,29,2,13,4,4,0,review_submission_csv:1238,domain_outlier;taxon_outlier;source_review,pending_submitted_note,propose_scale_validated_threshold,TRUE,pending_objective_scale_evidence,0,0,0,,,approve_none_grouped
56aee3cceed8d03df2f81de6ac2940075e43f942269dd5cfce044da2de8b0336,raw,Lycopodium annotinum,Leaf nitrogen content per unit mass,32,1,12,0,9,0,review_submission_csv:953,taxon_outlier;source_review,pending_isolated_source_pattern,propose_scale_validated_threshold,TRUE,pending_objective_scale_evidence,0,0,0,,,approve_none_grouped
c4e729f8e0aa0b94069bf7ab65d1275f72d7db2a0c8ad2034dfbad711b152b5c,raw,Lycopus europaeus,Leaf nitrogen content per unit mass,10,1,10,5,1,0,review_submission_csv:1351,domain_outlier;taxon_outlier;source_review,pending_submitted_note,propose_scale_validated_threshold,TRUE,pending_objective_scale_evidence,0,0,0,,,approve_none_grouped
4d96c0aee5438bb58b7ffdc3d94960fe334763c47dd1d99091e7de8d45c21938,raw,Malus sylvestris,Leaf nitrogen content per unit mass,17,1,6,3,6,0,review_submission_csv:948,domain_outlier;taxon_outlier;source_review,pending_isolated_source_pattern,propose_scale_validated_threshold,TRUE,pending_objective_scale_evidence,0,0,0,,,approve_none_grouped
a7aa41cfda388673f3896167ba62af6184bd520019f36e7fb2e456059070da71,raw,Matteuccia struthiopteris,Leaf nitrogen content per unit mass,13,2,9,1,4,0,review_submission_csv:1012,domain_outlier;taxon_outlier;source_review,pending_isolated_source_pattern,agent_strong_isolated_source_pattern,TRUE,pending_objective_scale_evidence,0,0,0,,,approve_none_grouped
8cf71a74c95fc49699524571b25c2a4e151a1c723a32fc67b25cdee4aa9405eb,raw,Melampyrum sylvaticum,Leaf nitrogen content per unit mass,35,1,11,7,7,0,review_submission_csv:1094,domain_outlier;taxon_outlier;source_review,pending_submitted_note,propose_scale_validated_threshold,TRUE,pending_objective_scale_evidence,0,0,0,,,approve_none_grouped
808d1716bc4bbf358d9b9c8d1bd365db8d8728079eb96fb0f1dc9881021beece,raw,Mentha aquatica,Leaf nitrogen content per unit mass,22,1,22,7,3,0,review_submission_csv:1261,domain_outlier;taxon_outlier;source_review,pending_submitted_note,propose_scale_validated_threshold,TRUE,pending_objective_scale_evidence,0,0,0,,,approve_none_grouped
ef664b5a804cb28308eeb2657597acedf7a7a005c9f6e85b8162513780a24317,raw,Molinia caerulea,Leaf nitrogen content per unit mass,28,1,19,5,7,0,review_submission_csv:1006,domain_outlier;taxon_outlier;source_review,pending_submitted_note,propose_scale_validated_threshold,TRUE,pending_objective_scale_evidence,0,0,0,,,approve_none_grouped
bc7c24e76046bc0ac8c7ed9b494576a517fdeaadbca8ccbe02d06f5fb7ddece5,raw,Monarda fistulosa,Leaf nitrogen content per unit mass,19,1,6,2,4,0,review_submission_csv:1137,domain_outlier;taxon_outlier;source_review,pending_submitted_note,propose_scale_validated_threshold,TRUE,pending_objective_scale_evidence,0,0,0,,,approve_none_grouped
611640079419062ca1a476155d676d2e22d84320af9ac88e8a1edfa429d23dfa,raw,Ostrya virginiana,Leaf nitrogen content per unit mass,112,1,26,4,22,0,review_submission_csv:979,domain_outlier;taxon_outlier;source_review,pending_submitted_note,propose_scale_validated_threshold,TRUE,pending_objective_scale_evidence,0,0,0,,,approve_none_grouped
2fdfd25aadb26e96d7eb95d77c7ba1008486d6f2f1bd4eec880275dce1d6a33f,raw,Panicum linearifolium,Leaf nitrogen content per unit mass,15,1,3,0,1,0,review_submission_csv:1395,taxon_outlier;source_review,agent_repeated_source_pattern,,TRUE,pending_objective_scale_evidence,0,0,0,,,approve_none_grouped
ddcd5c6ee58b14ffd55aeb5aa72b45e6844b8a41ff459f93baee34bc0785c622,raw,Panicum oligosanthes,Leaf nitrogen content per unit mass,27,1,5,2,4,0,review_submission_csv:1200,domain_outlier;taxon_outlier;source_review,pending_submitted_note,propose_scale_validated_threshold,TRUE,pending_objective_scale_evidence,0,0,0,,,approve_none_grouped
da915114b3f84e43490e6cd813caf7edc561d5cefcd82bbc8919d4294871bf97,raw,Pedicularis hirsuta,Leaf nitrogen content per unit mass,17,1,9,5,1,0,review_submission_csv:1431,domain_outlier;taxon_outlier;source_review,pending_submitted_note,propose_scale_validated_threshold,TRUE,pending_objective_scale_evidence,0,0,0,,,approve_none_grouped
17b6ff4ad0feaef03d9d47018e59aabaa61541a8a5d326bb5e91192615825cd6,raw,Pedicularis lapponica,Leaf nitrogen content per unit mass,34,1,11,7,11,0,review_submission_csv:939,domain_outlier;taxon_outlier;source_review,pending_submitted_note,propose_scale_validated_threshold,TRUE,pending_objective_scale_evidence,0,0,0,,,approve_none_grouped
8b181af5d348ab629932966bc9cc443c0f4670d05d52f3de6fc49e0cc98920b9,raw,Phalaris arundinacea,Leaf nitrogen content per unit mass,15,1,12,3,3,0,review_submission_csv:1179,domain_outlier;taxon_outlier;source_review,pending_submitted_note,propose_scale_validated_threshold,TRUE,pending_objective_scale_evidence,0,0,0,,,approve_none_grouped
2900b5d2f531063331e52662f787d345ff51a1db772b294b2b561ee2347705d5,raw,Phillyrea latifolia,Leaf nitrogen content per unit mass,179,2,37,87,30,0,review_submission_csv:996,domain_outlier;taxon_outlier;source_review,pending_submitted_note,propose_scale_validated_threshold,TRUE,pending_objective_scale_evidence,0,0,0,,,approve_none_grouped
4551309ee2ba42f41aad1d069b04ace1d286d63970edf22129626091bfc3173b,raw,Phleum pratense,Leaf nitrogen content per unit mass,96,2,19,84,13,0,review_submission_csv:1142,domain_outlier;taxon_outlier;source_review,pending_submitted_note,propose_scale_validated_threshold,TRUE,pending_objective_scale_evidence,0,0,0,,,approve_none_grouped
e2f88a6810f120639a3097abf2ba52db56d8b728225f66e0914dc6a84a06f102,raw,Phragmites australis,Leaf nitrogen content per unit mass,145,2,30,132,17,0,review_submission_csv:1158,domain_outlier;taxon_outlier;source_review,pending_submitted_note,propose_scale_validated_threshold,TRUE,pending_objective_scale_evidence,0,0,0,,,approve_none_grouped
57e609b94995de62f82cd695761b3241e13ac4ac1c29abec170173063ec8594f,raw,Picea abies,Leaf nitrogen content per unit mass,833,2,150,8,69,0,review_submission_csv:1176,domain_outlier;taxon_outlier;source_review,pending_submitted_note,propose_scale_validated_threshold,TRUE,pending_objective_scale_evidence,0,0,0,,,approve_none_grouped
9af13c3f618b69a960ec6c9c631c2dc831d5bf2c19bdba838ac3af19bef8a3ee,raw,Picea engelmannii,Leaf nitrogen content per unit mass,58,2,24,0,6,0,review_submission_csv:1274,taxon_outlier;source_review,pending_isolated_source_pattern,propose_scale_validated_threshold,TRUE,pending_objective_scale_evidence,0,0,0,,,approve_none_grouped
91cb62ad71a34ede3a165fd5c1ebb12ae4b358916a3e41ec5553339f1874dac0,raw,Picea glauca,Leaf nitrogen content per unit mass,57,2,25,1,10,0,review_submission_csv:1096,domain_outlier;taxon_outlier;source_review,pending_submitted_note,propose_scale_validated_threshold,TRUE,pending_objective_scale_evidence,0,0,0,,,approve_none_grouped
477cfe3a3af59483a19ded0b1d174ae0b82426f27365293962329a2781cdd5cf,raw,Picea mariana,Leaf nitrogen content per unit mass,540,2,81,0,42,0,review_submission_csv:1204,taxon_outlier;source_review,pending_submitted_note,propose_scale_validated_threshold,TRUE,pending_objective_scale_evidence,0,0,0,,,approve_none_grouped
4a55ecbb5953f00919a9a5449f9a0c2518da16d5581c31c0d0b422bcca17a274,raw,Picea sitchensis,Leaf nitrogen content per unit mass,65,1,12,0,1,0,review_submission_csv:1418,taxon_outlier;source_review,pending_submitted_note,propose_scale_validated_threshold,TRUE,pending_objective_scale_evidence,0,0,0,,,approve_none_grouped
f878cadef9c05ec67851261e9f09525bdf1d434e0df807845282da4857818050,raw,Picris hieracioides,Leaf nitrogen content per unit mass,16,2,13,4,4,0,review_submission_csv:1098,domain_outlier;taxon_outlier;source_review,pending_submitted_note,propose_scale_validated_threshold,TRUE,pending_objective_scale_evidence,0,0,0,,,approve_none_grouped
4df125ad97ae24721d83458f5e3e5fc141f4e15a749c2084f8080f0d59010347,raw,Pinus banksiana,Leaf nitrogen content per unit mass,430,2,47,1,47,0,review_submission_csv:1123,domain_outlier;taxon_outlier;source_review,pending_submitted_note,propose_scale_validated_threshold,TRUE,pending_objective_scale_evidence,0,0,0,,,approve_none_grouped
197727df41ad44f23fdf63b762ed04c4877a6188bfde92d6bc7f8756f827b6ed,raw,Pinus brutia,Leaf nitrogen content per unit mass,92,1,16,24,21,0,review_submission_csv:947,domain_outlier;taxon_outlier;source_review,pending_submitted_note,propose_scale_validated_threshold,TRUE,pending_objective_scale_evidence,0,0,0,,,approve_none_grouped
611a54f496b78548cc6bb006997c8fa9d75af3ba7a97e50cac76961e53dda46d,raw,Pinus edulis,Leaf nitrogen content per unit mass,26,2,12,0,5,0,review_submission_csv:1134,taxon_outlier;source_review,pending_isolated_source_pattern,propose_scale_validated_threshold,TRUE,pending_objective_scale_evidence,0,0,0,,,approve_none_grouped
d63f8d1decc1f139a312400caec51785738eb63fca60601529d87d593024ae72,raw,Pinus halepensis,Leaf nitrogen content per unit mass,815,2,768,6,73,0,review_submission_csv:1152,domain_outlier;taxon_outlier;source_review,pending_submitted_note,propose_scale_validated_threshold,TRUE,pending_objective_scale_evidence,0,0,0,,,approve_none_grouped
6719c2dad9b23b73f97c2c626d45c777523ba38ca515915c6c3d35ecf3b7ae9b,raw,Pinus pinaster,Leaf nitrogen content per unit mass,106,2,79,0,22,0,review_submission_csv:956,taxon_outlier;source_review,pending_submitted_note,propose_scale_validated_threshold,TRUE,pending_objective_scale_evidence,0,0,0,,,approve_none_grouped
2c459ef6e24b2cda0354cad5b9ff66a0dac08640f7256322820068b9d8f0745a,raw,Pinus pinea,Leaf nitrogen content per unit mass,129,2,129,0,17,0,review_submission_csv:1127,taxon_outlier;source_review,pending_submitted_note,propose_scale_validated_threshold,TRUE,pending_objective_scale_evidence,0,0,0,,,approve_none_grouped
15cf52809666fc153efd25e8fa920aeddd02bd39f1ca26bd503445658cdce40b,raw,Pinus ponderosa,Leaf nitrogen content per unit mass,75,2,21,2,12,0,review_submission_csv:1107,domain_outlier;taxon_outlier;source_review,pending_submitted_note,propose_scale_validated_threshold,TRUE,pending_objective_scale_evidence,0,0,0,,,approve_none_grouped
5de8e0cfe22bdf4925328ed932d8170b4b5a6b0b8687f6d8c0233d65bd3f3f44,raw,Pinus resinosa,Leaf nitrogen content per unit mass,49,2,13,0,8,0,review_submission_csv:1131,taxon_outlier;source_review,pending_isolated_source_pattern,propose_scale_validated_threshold,TRUE,pending_objective_scale_evidence,0,0,0,,,approve_none_grouped
481b153d92ee1aa0ed5ee88360e9df195c588b3f1ffeb9cf879eaecf3b2e437a,raw,Pinus strobus,Leaf nitrogen content per unit mass,164,2,45,7,29,0,review_submission_csv:991,domain_outlier;taxon_outlier;source_review,pending_submitted_note,propose_scale_validated_threshold,TRUE,pending_objective_scale_evidence,0,0,0,,,approve_none_grouped
2a95d23da95d8dec08d96160c8960c797c6932c3ba82b18157364fb16fd873d1,raw,Pinus taeda,Leaf nitrogen content per unit mass,149,2,23,0,21,0,review_submission_csv:1102,taxon_outlier;source_review,pending_submitted_note,propose_scale_validated_threshold,TRUE,pending_objective_scale_evidence,0,0,0,,,approve_none_grouped
f532f8ea3b24273cb16854e98636f09791b4a6f7c596406b763430c1e3be0668,raw,Pistacia terebinthus,Leaf nitrogen content per unit mass,44,2,13,33,8,0,review_submission_csv:1108,domain_outlier;taxon_outlier;source_review,pending_isolated_source_pattern,propose_scale_validated_threshold,TRUE,pending_objective_scale_evidence,0,0,0,,,approve_none_grouped
7de3d351d991db3744195e964554059f82af7f54c50e0d4c441e1de9a60ec12a,raw,Plantago lanceolata,Leaf nitrogen content per unit mass,148,2,70,64,6,0,review_submission_csv:1385,domain_outlier;taxon_outlier;source_review,pending_submitted_note,propose_scale_validated_threshold,TRUE,pending_objective_scale_evidence,0,0,0,,,approve_none_grouped
27c318dc8a0212e187c62d4a7d833577e3fbe8aab2eda1f49b1847fc730bab6f,raw,Poa pratensis,Leaf nitrogen content per unit mass,133,2,40,32,32,0,review_submission_csv:937,domain_outlier;taxon_outlier;source_review,pending_submitted_note,propose_scale_validated_threshold,TRUE,pending_objective_scale_evidence,0,0,0,,,approve_none_grouped
75a88a489fc2afd1c81ec07be67c9740760fcf800261d31b03cd2e0098d5326a,raw,Populus alba,Leaf nitrogen content per unit mass,10,2,10,2,4,0,review_submission_csv:969,domain_outlier;taxon_outlier;source_review,pending_submitted_note,propose_scale_validated_threshold,TRUE,pending_objective_scale_evidence,0,0,0,,,approve_none_grouped
4f3500cb0e17389455726f51274f1bfa8c49be099edae958118157f4364e3731,raw,Populus nigra,Leaf nitrogen content per unit mass,23,2,18,2,4,0,review_submission_csv:1183,domain_outlier;taxon_outlier;source_review,pending_submitted_note,propose_scale_validated_threshold,TRUE,pending_objective_scale_evidence,0,0,0,,,approve_none_grouped
d34f855f524214e73afb0c78b232aa17050151895a0a85e82bb47b467c89d405,raw,Populus sp,Leaf nitrogen content per unit mass,45,1,9,12,2,0,review_submission_csv:1438,domain_outlier;taxon_outlier;source_review,pending_submitted_note,propose_scale_validated_threshold,TRUE,pending_objective_scale_evidence,0,0,0,,,approve_none_grouped
71c3bed5d3587b2d3f19d6fc5da5772a91f1336853702f599134cc8ac605090b,raw,Populus tremula,Leaf nitrogen content per unit mass,36,1,22,4,12,0,review_submission_csv:936,domain_outlier;taxon_outlier;source_review,pending_submitted_note,propose_scale_validated_threshold,TRUE,pending_objective_scale_evidence,0,0,0,,,approve_none_grouped
cf2456a9dbeeca63c1efa1e76351a116f4100b2e3299f64dc0bea2f3c032c8a4,raw,Potentilla anserina,Leaf nitrogen content per unit mass,12,2,8,2,2,0,review_submission_csv:1270,domain_outlier;taxon_outlier;source_review,pending_submitted_note,propose_scale_validated_threshold,TRUE,pending_objective_scale_evidence,0,0,0,,,approve_none_grouped
88e129e50a3e681e7b3bb8cb09382511abf85969545cc3dbb9c2c101b99df1a7,raw,Potentilla erecta,Leaf nitrogen content per unit mass,18,1,13,4,4,0,review_submission_csv:1124,domain_outlier;taxon_outlier;source_review,pending_submitted_note,propose_scale_validated_threshold,TRUE,pending_objective_scale_evidence,0,0,0,,,approve_none_grouped
9a68eb2048141367b198c58ade7261c25dd7c4f661947776c692527157b796ac,raw,Prosopis velutina,Leaf nitrogen content per unit mass,20,2,6,6,1,0,review_submission_csv:1421,domain_outlier;taxon_outlier;source_review,pending_isolated_source_pattern,propose_scale_validated_threshold,TRUE,pending_objective_scale_evidence,0,0,0,,,approve_none_grouped
70fea3eefb91f750ad94610bbf76847cc570df5b2f1a9bbfaf0352e23f1b78d9,raw,Prunus ilicifolia,Leaf nitrogen content per unit mass,12,2,7,3,3,0,review_submission_csv:1129,domain_outlier;taxon_outlier;source_review,pending_submitted_note,propose_scale_validated_threshold,TRUE,pending_objective_scale_evidence,0,0,0,,,approve_none_grouped
db50460f4e1e27194e5ca049296e5c1a58f800f5844f532cf7fd6e4c1c0cdcbe,raw,Prunus laurocerasus,Leaf nitrogen content per unit mass,29,1,10,6,7,0,review_submission_csv:1011,domain_outlier;taxon_outlier;source_review,pending_isolated_source_pattern,propose_scale_validated_threshold,TRUE,pending_objective_scale_evidence,0,0,0,,,approve_none_grouped
cb3dc003be67194f9ecd355e5f11e20b7fa776ed1b13a95be6f86aa350689b56,raw,Prunus lusitanica,Leaf nitrogen content per unit mass,19,1,6,0,5,0,review_submission_csv:1073,taxon_outlier;source_review,agent_repeated_source_pattern,,TRUE,pending_objective_scale_evidence,0,0,0,,,approve_none_grouped
8c841a7a2476958b06745e5f0534ea5252572568509aa2856696dfbf0272ae81,raw,Prunus serotina,Leaf nitrogen content per unit mass,101,2,40,7,7,0,review_submission_csv:1331,domain_outlier;taxon_outlier;source_review,pending_submitted_note,propose_scale_validated_threshold,TRUE,pending_objective_scale_evidence,0,0,0,,,approve_none_grouped
fd95751c0ceb5532197354a46c0a77578b42053d24a66ea8c1c6a8e74696f747,raw,Prunus virginiana,Leaf nitrogen content per unit mass,17,1,6,4,4,0,review_submission_csv:1116,domain_outlier;taxon_outlier;source_review,pending_submitted_note,propose_scale_validated_threshold,TRUE,pending_objective_scale_evidence,0,0,0,,,approve_none_grouped
3019c38769d8a7bf6cb59b1cf421ba149ad64e35ffa559a79c6684f9be227037,raw,Pteridium aquilinum,Leaf nitrogen content per unit mass,18,2,14,2,3,0,review_submission_csv:1202,domain_outlier;taxon_outlier;source_review,pending_submitted_note,propose_scale_validated_threshold,TRUE,pending_objective_scale_evidence,0,0,0,,,approve_none_grouped
942fae70de216175270fe4185d2f7854ccfd414adab08b7a8668f34ea311dac9,raw,Quercus coccinea,Leaf nitrogen content per unit mass,16,2,11,4,4,0,review_submission_csv:1099,domain_outlier;taxon_outlier;source_review,pending_isolated_source_pattern,propose_scale_validated_threshold,TRUE,pending_objective_scale_evidence,0,0,0,,,approve_none_grouped
84a20106b70a50aceb2e8abe970c3587f60431482d8254694a6afcd9397f3658,raw,Quercus douglasii,Leaf nitrogen content per unit mass,482,2,7,7,7,0,review_submission_csv:1456,domain_outlier;taxon_outlier;source_review,pending_isolated_source_pattern,propose_scale_validated_threshold,TRUE,pending_objective_scale_evidence,0,0,0,,,approve_none_grouped
38b3d0f51b298a18420f58047048392a92b0a07f98349b9ba0695f2fcd99f1d9,raw,Quercus ellipsoidalis,Leaf nitrogen content per unit mass,53,2,8,4,5,0,review_submission_csv:1302,domain_outlier;taxon_outlier;source_review,pending_isolated_source_pattern,propose_scale_validated_threshold,TRUE,pending_objective_scale_evidence,0,0,0,,,approve_none_grouped
8085ef2a54e07f7be3bd14f9f23fa7127a6844aab3df6597ceda62bf015b56a2,raw,Quercus gambelii,Leaf nitrogen content per unit mass,42,2,13,2,2,0,review_submission_csv:1399,domain_outlier;taxon_outlier;source_review,pending_isolated_source_pattern,propose_scale_validated_threshold,TRUE,pending_objective_scale_evidence,0,0,0,,,approve_none_grouped
fe5658bdacbbe91f7bca35ee6abfc23c14e9b7426a057cafec0c42238a005436,raw,Quercus macrocarpa,Leaf nitrogen content per unit mass,31,2,10,5,6,0,review_submission_csv:1121,domain_outlier;taxon_outlier;source_review,pending_isolated_source_pattern,propose_scale_validated_threshold,TRUE,pending_objective_scale_evidence,0,0,0,,,approve_none_grouped
3485bd36c73eaaf35d8d8c9a9406fc65487dc56893dc72f699ced1403bd39dcc,raw,Quercus petraea,Leaf nitrogen content per unit mass,737,1,50,67,76,0,review_submission_csv:1114,domain_outlier;taxon_outlier;source_review,pending_submitted_note,propose_scale_validated_threshold,TRUE,pending_objective_scale_evidence,0,0,0,,,approve_none_grouped
c26f66898a303e87324ce0b40977bcc899fac5fd7d176d84a124c85960551dd7,raw,Quercus pyrenaica,Leaf nitrogen content per unit mass,176,2,139,33,34,0,review_submission_csv:949,domain_outlier;taxon_outlier;source_review,pending_isolated_source_pattern,propose_scale_validated_threshold,TRUE,pending_objective_scale_evidence,0,0,0,,,approve_none_grouped
82cacb60830aca43bbd80227ad710827cbf0e3306a6acd525536cc475edb05b5,raw,Quercus robur,Leaf nitrogen content per unit mass,390,2,65,27,38,0,review_submission_csv:1159,domain_outlier;taxon_outlier;source_review,pending_submitted_note,propose_scale_validated_threshold,TRUE,pending_objective_scale_evidence,0,0,0,,,approve_none_grouped
691ea753fd529107bea64ae7821516bc15162fb42accc8ca8c96873c9fe25c0a,raw,Quercus rubra,Leaf nitrogen content per unit mass,214,2,79,25,35,0,review_submission_csv:995,domain_outlier;taxon_outlier;source_review,pending_isolated_source_pattern,propose_scale_validated_threshold,TRUE,pending_objective_scale_evidence,0,0,0,,,approve_none_grouped
1a0d1b22fcda94c6da4e7acc54e9787b6136d78db6aa75eaa900f262c6963684,raw,Quercus sp,Leaf nitrogen content per unit mass,34,1,5,5,9,0,review_submission_csv:977,domain_outlier;taxon_outlier;source_review,pending_submitted_note,propose_scale_validated_threshold,TRUE,pending_objective_scale_evidence,0,0,0,,,approve_none_grouped
8db62ab7ca6ada54d4dd739d9e0066016114f3b47c843159306f29dc4394aaf9,raw,Quercus virginiana,Leaf nitrogen content per unit mass,11,1,4,3,3,0,review_submission_csv:1119,domain_outlier;taxon_outlier;source_review,pending_submitted_note,propose_scale_validated_threshold,TRUE,pending_objective_scale_evidence,0,0,0,,,approve_none_grouped
f76f88076b7a21efae158adc966fe2f2fd4283c2bd3e9b05a7816f96369b83bf,raw,Rhamnus cathartica,Leaf nitrogen content per unit mass,16,2,11,5,1,0,review_submission_csv:1435,domain_outlier;taxon_outlier;source_review,pending_submitted_note,propose_scale_validated_threshold,TRUE,pending_objective_scale_evidence,0,0,0,,,approve_none_grouped
1671a958ccaaaf08b8a23ac4140e2567e25a76bde36c7dd623c7c0056718a48f,raw,Rhinanthus minor,Leaf nitrogen content per unit mass,17,1,11,2,3,0,review_submission_csv:1196,domain_outlier;taxon_outlier;source_review,pending_submitted_note,propose_scale_validated_threshold,TRUE,pending_objective_scale_evidence,0,0,0,,,approve_none_grouped
3756b2810f957379778fc043e08fd72c053211194f175ae287fb5b25917d6303,raw,Rhododendron lapponicum,Leaf nitrogen content per unit mass,58,1,12,22,3,0,review_submission_csv:1376,domain_outlier;taxon_outlier;source_review,pending_isolated_source_pattern,propose_scale_validated_threshold,TRUE,pending_objective_scale_evidence,0,0,0,,,approve_none_grouped
c80353fe4a779c3cafd14833c145ff13d6a3d35db4787b5ece71de22edf38411,raw,Rhododendron ponticum,Leaf nitrogen content per unit mass,19,1,6,0,4,0,review_submission_csv:1138,taxon_outlier;source_review,agent_repeated_source_pattern,,TRUE,pending_objective_scale_evidence,0,0,0,,,approve_none_grouped
7e471665837d10c0f08dd83869a940b6dc24c14c452e2c00f1c2b2b9922518fb,raw,Robinia pseudoacacia,Leaf nitrogen content per unit mass,38,2,27,6,6,0,review_submission_csv:1166,domain_outlier;taxon_outlier;source_review,pending_submitted_note,propose_scale_validated_threshold,TRUE,pending_objective_scale_evidence,0,0,0,,,approve_none_grouped
b324bccc056b1da0485d80ab3edb0d239b5b94368490040cdd3e4da4d132c8db,raw,Rosa arvensis,Leaf nitrogen content per unit mass,21,1,13,3,3,0,review_submission_csv:1257,domain_outlier;taxon_outlier;source_review,pending_submitted_note,propose_scale_validated_threshold,TRUE,pending_objective_scale_evidence,0,0,0,,,approve_none_grouped
1569205bd0458d12051f3e8d94716704b959f52b47804d07d4405604c5d6358e,raw,Rubia peregrina,Leaf nitrogen content per unit mass,10,2,10,1,1,0,review_submission_csv:1353,domain_outlier;taxon_outlier;source_review,pending_submitted_note,propose_scale_validated_threshold,TRUE,pending_objective_scale_evidence,0,0,0,,,approve_none_grouped
941429591fd98d03712d364cd2eab8a5fd1bd5fbd2b6a58440f1f00b976ed6ac,raw,Rubus fruticosus,Leaf nitrogen content per unit mass,24,1,13,5,8,0,review_submission_csv:943,domain_outlier;taxon_outlier;source_review,pending_submitted_note,propose_scale_validated_threshold,TRUE,pending_objective_scale_evidence,0,0,0,,,approve_none_grouped
a6c900aa60c7f3a04d568049896f064cd89f8b0ce85c27365c643deec0adf17c,raw,Rubus saxatilis,Leaf nitrogen content per unit mass,29,1,12,5,8,0,review_submission_csv:978,domain_outlier;taxon_outlier;source_review,pending_submitted_note,propose_scale_validated_threshold,TRUE,pending_objective_scale_evidence,0,0,0,,,approve_none_grouped
8d809b6ef78da826775ebc46bbcd67da913e2fc916d5fabbf56fbc432cc9fc02,raw,Rumex acetosella,Leaf nitrogen content per unit mass,23,2,14,6,6,0,review_submission_csv:1009,domain_outlier;taxon_outlier;source_review,pending_submitted_note,propose_scale_validated_threshold,TRUE,pending_objective_scale_evidence,0,0,0,,,approve_none_grouped
923734a311e316408af5e55f013be5c9913b98c78d9a61a00176eed07ff74238,raw,Salix alba,Leaf nitrogen content per unit mass,14,1,6,2,5,0,review_submission_csv:958,domain_outlier;taxon_outlier;source_review,pending_isolated_source_pattern,propose_scale_validated_threshold,TRUE,pending_objective_scale_evidence,0,0,0,,,approve_none_grouped
eb88fde91c3cf4cb8736c27361932f49bdb2ee7c40520eeaf5d03d99d676bea1,raw,Salix caprea,Leaf nitrogen content per unit mass,24,1,12,3,8,0,review_submission_csv:944,domain_outlier;taxon_outlier;source_review,pending_isolated_source_pattern,propose_scale_validated_threshold,TRUE,pending_objective_scale_evidence,0,0,0,,,approve_none_grouped
d5857e627a860affccf6bcca46406692b2f1283c3a8489d43c406047ef2b1961,raw,Salix hastata,Leaf nitrogen content per unit mass,16,1,4,5,2,0,review_submission_csv:1314,domain_outlier;taxon_outlier;source_review,pending_isolated_source_pattern,propose_scale_validated_threshold,TRUE,pending_objective_scale_evidence,0,0,0,,,approve_none_grouped
4894e7a69c983d9dbcc833546e315f974bcdbd68de0b2e73077b11d4d5e883e8,raw,Salix lapponum,Leaf nitrogen content per unit mass,67,1,23,27,2,0,review_submission_csv:1424,domain_outlier;taxon_outlier;source_review,pending_submitted_note,propose_scale_validated_threshold,TRUE,pending_objective_scale_evidence,0,0,0,,,approve_none_grouped
59bbb0a9bc4aa96ad869b1932a6314f139fd446cd9272b7162c54a5e53568787,raw,Salix myrsinites,Leaf nitrogen content per unit mass,50,1,11,13,5,0,review_submission_csv:1283,domain_outlier;taxon_outlier;source_review,pending_isolated_source_pattern,propose_scale_validated_threshold,TRUE,pending_objective_scale_evidence,0,0,0,,,approve_none_grouped
585d45b90623471258c1315806a3a02ba0f794e5f81c3268bf18b6c29f7bded3,raw,Sarracenia purpurea,Leaf nitrogen content per unit mass,48,2,10,6,7,0,review_submission_csv:1174,domain_outlier;taxon_outlier;source_review,pending_isolated_source_pattern,propose_scale_validated_threshold,TRUE,pending_objective_scale_evidence,0,0,0,,,approve_none_grouped
6d70a7a1e0327253827c2835bc4da1075118e499b9d16c14b5a495a628f7f569,raw,Schizachyrium scoparium,Leaf nitrogen content per unit mass,64,2,17,1,6,0,review_submission_csv:1285,domain_outlier;taxon_outlier;source_review,pending_submitted_note,propose_scale_validated_threshold,TRUE,pending_objective_scale_evidence,0,0,0,,,approve_none_grouped
29846f0c9aa42eec22d65512d7d9cc8fcbfc04b93e3d87576961c18ee8abcffb,raw,Scutellaria parvula,Leaf nitrogen content per unit mass,13,1,3,0,1,0,review_submission_csv:1384,taxon_outlier;source_review,agent_repeated_source_pattern,,TRUE,pending_objective_scale_evidence,0,0,0,,,approve_none_grouped
a9572d8d71364055ac4cfa77be9cc3a7259ddef44a858bf15df3fc6c53bd51a5,raw,Sequoia sempervirens,Leaf nitrogen content per unit mass,62,2,12,16,10,0,review_submission_csv:1122,domain_outlier;taxon_outlier;source_review,pending_submitted_note,propose_scale_validated_threshold,TRUE,pending_objective_scale_evidence,0,0,0,,,approve_none_grouped
4d3bf7f8e008e4cefffe7d6c153de86e4721c3cd9cfa4f07186f98070827d416,raw,Silene dioica,Leaf nitrogen content per unit mass,26,1,7,8,3,0,review_submission_csv:1300,domain_outlier;taxon_outlier;source_review,pending_isolated_source_pattern,propose_scale_validated_threshold,TRUE,pending_objective_scale_evidence,0,0,0,,,approve_none_grouped
fcb1f1a60fa784d87ae7e3177e8f97ac7ab79bf53ee62ae9e6a90940ac75fe52,raw,Solanum dulcamara,Leaf nitrogen content per unit mass,20,1,8,3,5,0,review_submission_csv:1079,domain_outlier;taxon_outlier;source_review,agent_repeated_source_pattern,,TRUE,pending_objective_scale_evidence,0,0,0,,,approve_none_grouped
5791d9a2a808cbd0efbe1f20beb97255ea35e9e0bf8d2be56ed17b30544ee070,raw,Solidago nemoralis,Leaf nitrogen content per unit mass,12,2,7,2,2,0,review_submission_csv:1271,domain_outlier;taxon_outlier;source_review,pending_submitted_note,propose_scale_validated_threshold,TRUE,pending_objective_scale_evidence,0,0,0,,,approve_none_grouped
f7eb67246657f45cced63ff8c8ba699607c2a03d7ee098892d09b593366dfd85,raw,Solidago rigida,Leaf nitrogen content per unit mass,30,2,15,3,5,0,review_submission_csv:1169,domain_outlier;taxon_outlier;source_review,pending_submitted_note,propose_scale_validated_threshold,TRUE,pending_objective_scale_evidence,0,0,0,,,approve_none_grouped
2592042b8c140c63c4e754bd2fbc1d0a5439ce08df1c67240e06b62397974666,raw,Solidago virgaurea,Leaf nitrogen content per unit mass,51,2,30,14,3,0,review_submission_csv:1357,domain_outlier;taxon_outlier;source_review,pending_submitted_note,propose_scale_validated_threshold,TRUE,pending_objective_scale_evidence,0,0,0,,,approve_none_grouped
1718984850b7fac616e9df0e35128bf818f75be38e98de2909933ca6256797b0,raw,Sorbus aucuparia,Leaf nitrogen content per unit mass,68,1,26,17,17,0,review_submission_csv:945,domain_outlier;taxon_outlier;source_review,pending_submitted_note,propose_scale_validated_threshold,TRUE,pending_objective_scale_evidence,0,0,0,,,approve_none_grouped
b27581fb18bc9959eb7d07989b34f4e074a6576c0fd1f7308d20ae36282c337e,raw,Sorbus torminalis,Leaf nitrogen content per unit mass,41,1,4,30,10,0,review_submission_csv:986,domain_outlier;taxon_outlier;source_review,pending_isolated_source_pattern,propose_scale_validated_threshold,TRUE,pending_objective_scale_evidence,0,0,0,,,approve_none_grouped
1ce77ffc73cbdf7fad72a65dcf06aea4d8c49be155b00e7140359d4094695837,raw,Stipa spartea,Leaf nitrogen content per unit mass,33,2,8,3,5,0,review_submission_csv:1188,domain_outlier;taxon_outlier;source_review,pending_submitted_note,propose_scale_validated_threshold,TRUE,pending_objective_scale_evidence,0,0,0,,,approve_none_grouped
ae7edb231f800a54e85ad68221554c8848dfe557a64af5e90bb7a1da2a2dd42a,raw,Symphyotrichum oolentangiense,Leaf nitrogen content per unit mass,33,2,6,2,4,0,review_submission_csv:1273,domain_outlier;taxon_outlier;source_review,pending_isolated_source_pattern,propose_scale_validated_threshold,TRUE,pending_objective_scale_evidence,0,0,0,,,approve_none_grouped
27415e8aac2ed5785332f07d00d060e8dc30274b1a361c48b0bc473deaae6dda,raw,Taxus baccata,Leaf nitrogen content per unit mass,31,2,14,9,1,0,review_submission_csv:1434,domain_outlier;taxon_outlier;source_review,pending_submitted_note,propose_scale_validated_threshold,TRUE,pending_objective_scale_evidence,0,0,0,,,approve_none_grouped
f83c838be2cd8696eb3261826177f74c5c16808d62a63a3919939c877acac6e1,raw,Thymus praecox,Leaf nitrogen content per unit mass,13,1,8,2,2,0,review_submission_csv:1276,domain_outlier;taxon_outlier;source_review,pending_isolated_source_pattern,propose_scale_validated_threshold,TRUE,pending_objective_scale_evidence,0,0,0,,,approve_none_grouped
fbda1d12d22f0f016d4dbbba9c91fe3041cbff2acbf5f65d74ee7dec361d61ce,raw,Tilia cordata,Leaf nitrogen content per unit mass,48,2,26,5,5,0,review_submission_csv:1277,domain_outlier;taxon_outlier;source_review,pending_submitted_note,propose_scale_validated_threshold,TRUE,pending_objective_scale_evidence,0,0,0,,,approve_none_grouped
bc4f06c0cf23945de8fbaba549360f5263b1efd7c0bdb9e07dd3c54044b29737,raw,Tofieldia pusilla,Leaf nitrogen content per unit mass,44,1,6,15,1,0,review_submission_csv:1420,domain_outlier;taxon_outlier;source_review,pending_submitted_note,propose_scale_validated_threshold,TRUE,pending_objective_scale_evidence,0,0,0,,,approve_none_grouped
a55c69f5af4d0cc7bc8e8588ee4e6fc85067792eaf455f810f933ab2cff2fad4,raw,Tragopogon dubius,Leaf nitrogen content per unit mass,20,2,6,8,3,0,review_submission_csv:1243,domain_outlier;taxon_outlier;source_review,pending_isolated_source_pattern,propose_scale_validated_threshold,TRUE,pending_objective_scale_evidence,0,0,0,,,approve_none_grouped
cdb289150612280441671d643a290579a136b8f3e1497d856254136931640a30,raw,Trientalis europaea,Leaf nitrogen content per unit mass,26,1,8,8,1,0,review_submission_csv:1427,domain_outlier;taxon_outlier;source_review,pending_submitted_note,propose_scale_validated_threshold,TRUE,pending_objective_scale_evidence,0,0,0,,,approve_none_grouped
477f0db243fe88e2f8a009b2252f130c117a655bfbc3cafeb31647c0f6215387,raw,Triticum aestivum,Leaf nitrogen content per unit mass,788,1,357,361,14,0,review_submission_csv:1448,domain_outlier;taxon_outlier;source_review,pending_submitted_note,propose_scale_validated_threshold,TRUE,pending_objective_scale_evidence,0,0,0,,,approve_none_grouped
5151338f3129cd34781f77ab9e6474167e116fe2ad5b8945ce68619969004cca,raw,Tsuga canadensis,Leaf nitrogen content per unit mass,77,2,44,0,13,0,review_submission_csv:1087,taxon_outlier;source_review,pending_submitted_note,propose_scale_validated_threshold,TRUE,pending_objective_scale_evidence,0,0,0,,,approve_none_grouped
799ad02d48bdfb9f761c4ae8eee884f1dbc6627588f8472c58a6d4bbc73b25f1,raw,Tsuga heterophylla,Leaf nitrogen content per unit mass,29,2,14,1,5,0,review_submission_csv:1157,domain_outlier;taxon_outlier;source_review,pending_submitted_note,propose_scale_validated_threshold,TRUE,pending_objective_scale_evidence,0,0,0,,,approve_none_grouped
8331511c1aa0ce1df4756ea4b21f82c5865dc16595d795b722f7611ccc06b5b8,raw,Typha latifolia,Leaf nitrogen content per unit mass,11,1,8,2,2,0,review_submission_csv:1251,domain_outlier;taxon_outlier;source_review,pending_submitted_note,propose_scale_validated_threshold,TRUE,pending_objective_scale_evidence,0,0,0,,,approve_none_grouped
a98b7b65328c0bb4765e19099a152460cd7dd000ec621f9704bea212e2bfcf28,raw,Ulex gallii,Leaf nitrogen content per unit mass,14,1,6,4,2,0,review_submission_csv:1295,domain_outlier;taxon_outlier;source_review,pending_isolated_source_pattern,propose_scale_validated_threshold,TRUE,pending_objective_scale_evidence,0,0,0,,,approve_none_grouped
30b7266d3162b63b15f8b499941ed95faf92cdf83f81db30e805cbc5507a29d5,raw,Ulmus americana,Leaf nitrogen content per unit mass,29,2,21,6,6,0,review_submission_csv:1104,domain_outlier;taxon_outlier;source_review,pending_submitted_note,propose_scale_validated_threshold,TRUE,pending_objective_scale_evidence,0,0,0,,,approve_none_grouped
d923a7bdf6671688706c09212dcf9fde12e20b3c9dca2c89840361342721f1d9,raw,Ulmus glabra,Leaf nitrogen content per unit mass,20,1,9,3,8,0,review_submission_csv:935,domain_outlier;taxon_outlier;source_review,pending_submitted_note,propose_scale_validated_threshold,TRUE,pending_objective_scale_evidence,0,0,0,,,approve_none_grouped
b766ea5e8a3c08d4ff9815ac91327cfac0e8802de9fe28c0fc31bcee9c2c65ee,raw,Ulmus minor,Leaf nitrogen content per unit mass,13,2,10,3,3,0,review_submission_csv:1147,domain_outlier;taxon_outlier;source_review,pending_submitted_note,propose_scale_validated_threshold,TRUE,pending_objective_scale_evidence,0,0,0,,,approve_none_grouped
6fe49eec952de1f07201fa37ce8c35ae6efcfb5639cae840116afe408590bff7,raw,VACCINIUM VITIS-IDAEA,Leaf nitrogen content per unit mass,99,1,48,3,1,0,review_submission_csv:1417,domain_outlier;taxon_outlier;source_review,pending_submitted_note,propose_scale_validated_threshold,TRUE,pending_objective_scale_evidence,0,0,0,,,approve_none_grouped
92d4eb9a1b6143a9930484a7f8153734291196eb9ab37a4c1ef7dacd7c45cbae,raw,Vaccinium corymbosum,Leaf nitrogen content per unit mass,20,2,18,0,4,0,review_submission_csv:1150,taxon_outlier;source_review,pending_submitted_note,propose_scale_validated_threshold,TRUE,pending_objective_scale_evidence,0,0,0,,,approve_none_grouped
1848a157fa5b1900af3e0dd686c6e7d7fe76ede35784ab641b1ea41486eb8aa7,raw,Vaccinium myrtillus,Leaf nitrogen content per unit mass,107,2,59,28,4,0,review_submission_csv:1437,domain_outlier;taxon_outlier;source_review,pending_submitted_note,propose_scale_validated_threshold,TRUE,pending_objective_scale_evidence,0,0,0,,,approve_none_grouped
8863ba1b7bac2ee03f296f8f5d03c834b3265ce3424b03a00e41cf56f0b569f4,raw,Veronica chamaedrys,Leaf nitrogen content per unit mass,80,1,46,27,9,0,review_submission_csv:1198,domain_outlier;taxon_outlier;source_review,pending_submitted_note,propose_scale_validated_threshold,TRUE,pending_objective_scale_evidence,0,0,0,,,approve_none_grouped
e394f8d25c30460e6f5406a03b8bdcac8d0670077132b9008c413915e794e765,raw,Viburnum lantana,Leaf nitrogen content per unit mass,26,1,3,0,6,0,review_submission_csv:1082,taxon_outlier;source_review,pending_isolated_source_pattern,agent_strong_isolated_source_pattern,TRUE,pending_objective_scale_evidence,0,0,0,,,approve_none_grouped
b8ff040b1d529d7ffce1c2aa4bc8c92d98928b83709bcc904691e424aa1e99a8,raw,Viburnum opulus,Leaf nitrogen content per unit mass,30,1,10,2,6,0,review_submission_csv:1112,domain_outlier;taxon_outlier;source_review,pending_submitted_note,propose_scale_validated_threshold,TRUE,pending_objective_scale_evidence,0,0,0,,,approve_none_grouped
d0b127f8dc2bc754615cb2cb7210341ff3e18d23b3c686e6d5e235cd6de4e9d4,raw,Viburnum tinus,Leaf nitrogen content per unit mass,43,2,13,4,2,0,review_submission_csv:1436,domain_outlier;taxon_outlier;source_review,pending_submitted_note,propose_scale_validated_threshold,TRUE,pending_objective_scale_evidence,0,0,0,,,approve_none_grouped
bf2c26a818297fdad449f89e1f41a485460d427401c3eda49d83bd8288595661,raw,Achillea millefolium,Plant heigh,455,1,97,65,43,0,review_submission_csv:123,domain_outlier;taxon_outlier;source_review,pending_isolated_source_pattern,agent_strong_isolated_source_pattern,TRUE,pending_objective_scale_evidence,1,0,1,,dafcf1b2331a12f892bcef0815ee62674a8b070e5f93b4e845cdbcd3620f3be3,approve_none_after_source_rule
8f610bd164d42f1b2a977cc534f9116a67562721e488a4451782e6ec6d0f6a22,raw,Anemone hepatica,Plant heigh,201,1,20,0,23,0,review_submission_csv:812,taxon_outlier;source_review,pending_submitted_note,propose_scale_validated_threshold,TRUE,pending_objective_scale_evidence,0,0,0,,,approve_none_grouped
aa2528bd5062835fe2e1fa4496a3b56e335d3b7692a9c530e1317a1212c914f9,raw,Arnica latifolia,Plant heigh,32,1,3,0,12,0,review_submission_csv:5,taxon_outlier;source_review,agent_repeated_source_pattern,,TRUE,pending_objective_scale_evidence,1,0,1,,dafcf1b2331a12f892bcef0815ee62674a8b070e5f93b4e845cdbcd3620f3be3,approve_none_after_source_rule
2c5c2a59201c8990e88c8d636d9252347476209f671c2087d89ba18e1020a204,raw,Bistorta vivipara,Plant heigh,495,1,31,0,40,0,review_submission_csv:844,taxon_outlier;source_review,pending_isolated_source_pattern,propose_scale_validated_threshold,TRUE,pending_objective_scale_evidence,1,0,1,,dafcf1b2331a12f892bcef0815ee62674a8b070e5f93b4e845cdbcd3620f3be3,approve_none_after_source_rule
62647a870a958874302af3951158204b092f8e3ce32ebab5b40c3684c8987ba7,raw,Briza media,Plant heigh,74,1,21,3,10,0,review_submission_csv:117,domain_outlier;taxon_outlier;source_review,pending_isolated_source_pattern,agent_strong_isolated_source_pattern,TRUE,pending_objective_scale_evidence,0,0,0,,,approve_none_grouped
72b7b8974340840c2d2fb29087cbcdc55c7ab702ed5eebea376c552f8639fed8,raw,Carex lacustris,Plant heigh,17,1,2,16,4,0,review_submission_csv:72,domain_outlier;taxon_outlier;source_review,agent_repeated_source_pattern,,TRUE,pending_objective_scale_evidence,0,0,0,,,approve_none_grouped
2e330396cc2663c408f1894bdb12b1270847ada61c280549fe061b0e2ac93f87,raw,Centaurea nigra,Plant heigh,11,1,3,6,1,0,review_submission_csv:611,domain_outlier;taxon_outlier;source_review,pending_isolated_source_pattern,agent_strong_isolated_source_pattern,TRUE,pending_objective_scale_evidence,0,0,0,,,approve_none_grouped
85fc6c82f1f0e75b95f2cb47c3886f3290d21632febaa8ec0b1230452b9c043c,raw,Daucus carota,Plant heigh,177,1,25,36,20,0,review_submission_csv:819,domain_outlier;taxon_outlier;source_review,pending_isolated_source_pattern,agent_strong_isolated_source_pattern,TRUE,pending_objective_scale_evidence,0,0,0,,,approve_none_grouped
58cf346dc31d69ca2bba773ac79ee1ff4e400fea9fd6191e847fb307f2679fe9,raw,Desmanthus illinoensis,Plant heigh,21,1,3,20,3,0,review_submission_csv:205,domain_outlier;taxon_outlier;source_review,pending_isolated_source_pattern,agent_strong_isolated_source_pattern,TRUE,pending_objective_scale_evidence,0,0,0,,,approve_none_grouped
9a4b7932b66ef169eeb1cd90d0de93b3ef296eed31ac371c0eb55743b3df7c75,raw,Epipactis helleborine,Plant heigh,76,1,14,0,10,0,review_submission_csv:821,taxon_outlier;source_review,pending_submitted_note,propose_scale_validated_threshold,TRUE,pending_objective_scale_evidence,0,0,0,,,approve_none_grouped
8ec29cab844c3a8254206c837fb0f440c07df451b603e8643280fb7cf7e9977d,raw,Eremogone fendleri,Plant heigh,44,1,5,0,1,0,review_submission_csv:545,taxon_outlier;source_review,agent_repeated_source_pattern,,TRUE,pending_objective_scale_evidence,1,0,1,,dafcf1b2331a12f892bcef0815ee62674a8b070e5f93b4e845cdbcd3620f3be3,approve_none_after_source_rule
2f73b0219d3eba1c6f5d8ba44e25c0f948b1b4a2f9335c0ad8abbdb7d7cbf745,raw,Eriogonum umbellatum,Plant heigh,26,1,2,0,1,0,review_submission_csv:786,taxon_outlier;source_review,pending_isolated_source_pattern,agent_strong_isolated_source_pattern,TRUE,pending_objective_scale_evidence,0,0,0,,,approve_none_grouped
084a941d2e8525d9d6fc19ae429713048074e1b8b51c74093c795d9542e508dd,raw,Euthamia graminifolia,Plant heigh,108,1,14,102,3,0,review_submission_csv:776,domain_outlier;taxon_outlier;source_review,agent_repeated_source_pattern,,TRUE,pending_objective_scale_evidence,0,0,0,,,approve_none_grouped
5c93483078bb5d6f0d491432a1188c5e33f96abea8096922f9650d4704a6512a,raw,Helianthemum oelandicum,Plant heigh,11,1,4,0,2,0,review_submission_csv:196,taxon_outlier;source_review,pending_isolated_source_pattern,agent_strong_isolated_source_pattern,TRUE,pending_objective_scale_evidence,0,0,0,,,approve_none_grouped
45d99df58c1788135abe1c5e4a550d5d7f70a2998eebfbc03c3706827a6d7224,raw,Jacobaea vulgaris,Plant heigh,47,1,47,22,1,0,review_submission_csv:559,domain_outlier;taxon_outlier;source_review,pending_isolated_source_pattern,agent_strong_isolated_source_pattern,TRUE,pending_objective_scale_evidence,0,0,0,,,approve_none_grouped
fd6b9ea6db0aa385cc35f740a12cc47c703b99c4b409163b62a2396d1fa3bc56,raw,Juncus drummondii,Plant heigh,46,1,3,0,4,0,review_submission_csv:365,taxon_outlier;source_review,agent_repeated_source_pattern,,TRUE,pending_objective_scale_evidence,1,0,1,,dafcf1b2331a12f892bcef0815ee62674a8b070e5f93b4e845cdbcd3620f3be3,approve_none_after_source_rule
1bb6b39e277b2fb22c3268fc9e05b58051c45967ecb7d77e6605a8f6f7c4b810,raw,Leontodon hispidus,Plant heigh,211,1,24,1,14,0,review_submission_csv:268,domain_outlier;taxon_outlier;source_review,pending_isolated_source_pattern,agent_strong_isolated_source_pattern,TRUE,pending_objective_scale_evidence,1,0,1,,dafcf1b2331a12f892bcef0815ee62674a8b070e5f93b4e845cdbcd3620f3be3,approve_none_after_source_rule
b7a03aa892c9a3334968ed09c365f16ac17eeb03691876a36ab51a8d22ced014,raw,Luzula campestris,Plant heigh,114,1,4,0,3,0,review_submission_csv:801,taxon_outlier;source_review,pending_isolated_source_pattern,agent_strong_isolated_source_pattern,TRUE,pending_objective_scale_evidence,0,0,0,,,approve_none_grouped
6e7dcfb6a14d27f1c01fc3f9ab0a3ce83d3f265ae980ad8a4bff42121a64b6ed,raw,Medicago lupulina,Plant heigh,215,1,23,0,25,0,review_submission_csv:96,taxon_outlier;source_review,pending_isolated_source_pattern,agent_strong_isolated_source_pattern,TRUE,pending_objective_scale_evidence,0,0,0,,,approve_none_grouped
661c7949564761277ee561ae7e72a9e3d59310742b6d236513a0d2193ec5c19b,raw,Noccaea montana,Plant heigh,31,1,5,0,2,0,review_submission_csv:637,taxon_outlier;source_review,agent_repeated_source_pattern,,TRUE,pending_objective_scale_evidence,1,0,1,,dafcf1b2331a12f892bcef0815ee62674a8b070e5f93b4e845cdbcd3620f3be3,approve_none_after_source_rule
c6361626f98bd43903de0b7b941a01e2f42954f5ea792ce9566f048817131ca6,raw,Pedicularis verticillata,Plant heigh,59,1,6,0,2,0,review_submission_csv:755,taxon_outlier;source_review,pending_submitted_note,propose_scale_validated_threshold,TRUE,pending_objective_scale_evidence,1,0,1,,dafcf1b2331a12f892bcef0815ee62674a8b070e5f93b4e845cdbcd3620f3be3,approve_none_after_source_rule
75edc04be2ebb40e50e90cdcdc8ae20d14fac6a2f11ce4ae93041919fb0fc0a7,raw,Pilosella officinarum,Plant heigh,164,1,33,0,14,0,review_submission_csv:210,taxon_outlier;source_review,pending_isolated_source_pattern,agent_strong_isolated_source_pattern,TRUE,pending_objective_scale_evidence,0,0,0,,,approve_none_grouped
49e0edd8500680b9c13b770c7ee4d7c933e7c4322507e0f3f4d18bdfbfd8cd3f,raw,Poa sp,Plant heigh,32,1,4,0,9,0,review_submission_csv:18,taxon_outlier;source_review,pending_isolated_source_pattern,propose_scale_corroborated_source,TRUE,pending_objective_scale_evidence,1,0,1,,dafcf1b2331a12f892bcef0815ee62674a8b070e5f93b4e845cdbcd3620f3be3,approve_none_after_source_rule
41d3801aa1eee2616e5c771b3cb2d2e93a8ec225f3f80879a109a439a98f075f,raw,Polygonatum odoratum,Plant heigh,26,1,2,0,5,0,review_submission_csv:92,taxon_outlier;source_review,pending_isolated_source_pattern,agent_strong_isolated_source_pattern,TRUE,pending_objective_scale_evidence,0,0,0,,,approve_none_grouped
b8e1636e137005afd72893bfc64c2af429d1b52b6238e7791fae046d55bcac07,raw,Prunella vulgaris,Plant heigh,147,1,20,1,20,0,review_submission_csv:73,domain_outlier;taxon_outlier;source_review,pending_isolated_source_pattern,propose_scale_corroborated_source,TRUE,pending_objective_scale_evidence,0,0,0,,,approve_none_grouped
2940c979617dcca369a5a54cd5389f027d8e338f404d170e58d9a01ed2a81738,raw,Pteridium aquilinum,Plant heigh,33,1,5,6,2,0,review_submission_csv:658,domain_outlier;taxon_outlier;source_review,pending_submitted_note,propose_scale_validated_threshold,TRUE,pending_objective_scale_evidence,0,0,0,,,approve_none_grouped
b28e355a96bcac238240f1411885e46e7675b2a50bef4a2a116d4e10ea1d79dd,raw,Ranunculus adoneus,Plant heigh,19,1,2,0,5,0,review_submission_csv:37,taxon_outlier;source_review,agent_repeated_source_pattern,,TRUE,pending_objective_scale_evidence,1,0,1,,dafcf1b2331a12f892bcef0815ee62674a8b070e5f93b4e845cdbcd3620f3be3,approve_none_after_source_rule
0011892fb37c2f26ebaf275e8b3030e32de2cb290fba3f0a085e9a9fd50090a0,raw,Rhododendron ferrugineum,Plant heigh,68,1,6,3,7,0,review_submission_csv:867,domain_outlier;taxon_outlier;source_review,pending_isolated_source_pattern,propose_scale_validated_threshold,TRUE,pending_objective_scale_evidence,1,0,1,,dafcf1b2331a12f892bcef0815ee62674a8b070e5f93b4e845cdbcd3620f3be3,approve_none_after_source_rule
ec0281c2219254935627f7bfd0aa65b468b8c4e244ddb8729d9971ed8374189d,raw,Salix repens,Plant heigh,16,1,12,5,1,0,review_submission_csv:690,domain_outlier;taxon_outlier;source_review,pending_isolated_source_pattern,propose_scale_validated_threshold,TRUE,pending_objective_scale_evidence,0,0,0,,,approve_none_grouped
460e4a8a1d1b4613294407cd2bd29fe2517425d282afbc398b43e66900a41d84,raw,Scirpus atrovirens,Plant heigh,12,1,2,11,1,0,review_submission_csv:654,domain_outlier;taxon_outlier;source_review,agent_repeated_source_pattern,,TRUE,pending_objective_scale_evidence,0,0,0,,,approve_none_grouped
c07126135bab55b70b29a10ca70f78c5c2318a27cf09d178c94cfae772a62e5a,raw,Scorzoneroides helvetica,Plant heigh,72,1,13,0,2,0,review_submission_csv:581,taxon_outlier;source_review,pending_isolated_source_pattern,agent_strong_isolated_source_pattern,TRUE,pending_objective_scale_evidence,1,0,1,,dafcf1b2331a12f892bcef0815ee62674a8b070e5f93b4e845cdbcd3620f3be3,approve_none_after_source_rule
40f2032ac20cf43e31a629e962dc653ef7f2cda47f033babbab79a473339864a,raw,Sibbaldia procumbens,Plant heigh,115,1,14,0,22,0,review_submission_csv:523,taxon_outlier;source_review,pending_submitted_note,propose_scale_validated_threshold,TRUE,pending_objective_scale_evidence,1,0,1,,dafcf1b2331a12f892bcef0815ee62674a8b070e5f93b4e845cdbcd3620f3be3,approve_none_after_source_rule
3a3d03ce11e3ccdba11ea9d7b59ac637889c9ae94f87d37affaf106949950c55,raw,Sorbus aucuparia,Plant heigh,24,2,12,7,4,0,review_submission_csv:879,domain_outlier;taxon_outlier;source_review,pending_submitted_note,propose_scale_validated_threshold,TRUE,pending_objective_scale_evidence,1,0,1,,dafcf1b2331a12f892bcef0815ee62674a8b070e5f93b4e845cdbcd3620f3be3,approve_none_after_source_rule
efb23b9510d9fb668f0690e171ee7db9cf6ca043cae6e813f41c8a05dc4d6da7,raw,Sporobolus heterolepis,Plant heigh,86,1,53,68,11,0,review_submission_csv:124,domain_outlier;taxon_outlier;source_review,pending_isolated_source_pattern,agent_strong_isolated_source_pattern,TRUE,pending_objective_scale_evidence,0,0,0,,,approve_none_grouped
1be93111ea3666ddfaf80a2c012e48188ef94830484491681dda331e456372be,raw,Thalictrum alpinum,Plant heigh,41,1,7,0,6,0,review_submission_csv:827,taxon_outlier;source_review,pending_submitted_note,propose_scale_validated_threshold,TRUE,pending_objective_scale_evidence,1,0,1,,dafcf1b2331a12f892bcef0815ee62674a8b070e5f93b4e845cdbcd3620f3be3,approve_none_after_source_rule
7516d84d01e956a4b9b63935df4f45bef57d776a68134cc65929b6ac205a292b,raw,VACCINIUM VITIS-IDAEA,Plant heigh,1941,1,139,0,153,0,review_submission_csv:816,taxon_outlier;source_review,pending_submitted_note,propose_scale_validated_threshold,TRUE,pending_objective_scale_evidence,1,0,1,,dafcf1b2331a12f892bcef0815ee62674a8b070e5f93b4e845cdbcd3620f3be3,approve_none_after_source_rule
d6e826e645660d609faf4d13f5d1dcae626668ec2de38bc030c4a3fb56151afc,raw,Vicia cracca,Plant heigh,201,1,13,37,14,0,review_submission_csv:259,domain_outlier;taxon_outlier;source_review,pending_isolated_source_pattern,agent_strong_isolated_source_pattern,TRUE,pending_objective_scale_evidence,0,0,0,,,approve_none_grouped
56a3078bfdbb3a227c7723fcc2f87f0800d239b4c0258799149da4781e206001,raw,Viola biflora,Plant heigh,74,1,16,0,8,0,review_submission_csv:856,taxon_outlier;source_review,pending_submitted_note,propose_scale_validated_threshold,TRUE,pending_objective_scale_evidence,1,0,1,,dafcf1b2331a12f892bcef0815ee62674a8b070e5f93b4e845cdbcd3620f3be3,approve_none_after_source_rule
84c47561e79ded6da1c69b5a1ea8652186c00386d54f77e88ab303b66fd8b0eb,raw,Acer spicatum,Leaf Area,13,2,7,2,2,0,,domain_outlier;taxon_outlier,,,,,0,0,0,,,approve_none_grouped
89743d930e6f5a3c6844ee4658cc60270991c6d7a7baf8fc67ab463acc281584,raw,Ailanthus altissima,Leaf Area,53,3,3,36,1,0,,domain_outlier;taxon_outlier,,,,,0,0,0,,,approve_none_grouped
bce52ecbea137df662132c08ae486b4a2ba57232a81c65df6d32a1fd000c9719,raw,Betula nigra,Leaf Area,25,2,6,1,5,0,,domain_outlier;taxon_outlier,,,,,0,0,0,,,approve_none_grouped
fde2abc7eef7970cd4767135ddb7834ee4167d36f57c150bf6c6d11aec2e4fd0,raw,Centaurea nigra,Leaf Area,11,2,3,0,1,0,,taxon_outlier,,,,,0,0,0,,,approve_none_grouped
d4da0097f23708c79b0816ac111f10a51e9d9f67437fbc79235ee8ddfe88e519,raw,Cornus florida,Leaf Area,234,3,14,181,59,0,,domain_outlier;taxon_outlier,,,,,0,0,0,,,approve_none_grouped
c1cb8d2ca26553e5ebb896b2e7aa56cc2f6e0436d763f868b0fee70f9b1762b0,raw,Eriogonum arcuatum,Leaf Area,11,1,2,0,3,0,canonical_decision:d3cb126bc3e956d37247de7852e3a6b68434d9381b0a50b53585777ce2d790de,taxon_outlier;source_review,,,,,0,0,0,,,approve_none_grouped
2079c20cd7278beb3c7c5da05adc24fd9f67de72c4fac2990ec157fda5ea22ab,raw,Geum rossii,Leaf Area,60,2,3,1,1,0,,domain_outlier;taxon_outlier,,,,,0,0,0,,,approve_none_grouped
f336082dbc71a102f039c02bd500f8339a6f896ea302a14bc026b4b050885753,raw,Hydrophyllum virginianum,Leaf Area,14,2,4,1,1,0,,domain_outlier;taxon_outlier,,,,,0,0,0,,,approve_none_grouped
07481baee2f3fb2b343c6059ad488b157cb873e2ff3a562377b83ac8f204a8e2,raw,Linnaea borealis,Leaf Area,58,2,19,0,1,0,,taxon_outlier,,,,,0,0,0,,,approve_none_grouped
1fe5000d2bcb5eb3bb7e0a40a2df142b427435f488a9fdee0989cfcae196305f,raw,Magnolia virginiana,Leaf Area,27,2,2,1,1,0,,domain_outlier;taxon_outlier,,,,,0,0,0,,,approve_none_grouped
1d93e4041b501dfdd91ed94af41abafb327a2f1fe01cd9e5c9cc4c274916b28d,raw,Maianthemum racemosum,Leaf Area,12,2,7,2,2,0,,domain_outlier;taxon_outlier,,,,,0,0,0,,,approve_none_grouped
3d09f016fd1e61ac04d96678353ef054980e02f7a23c6c49fb033d9e8382923d,raw,Menispermum canadense,Leaf Area,10,2,2,1,1,0,,domain_outlier;taxon_outlier,,,,,0,0,0,,,approve_none_grouped
791970d2d98c36187295f6de230deaec7b18ca5342fd01c3f920c91ff6b91125,raw,Pinus flexilis,Leaf Area,21,2,2,0,1,0,,taxon_outlier,,,,,0,0,0,,,approve_none_grouped
2446af8339d1c65b67aa9ca1b0d513a214e96383a074569ab40768c3045b9099,raw,Polygonum aviculare,Leaf Area,21,2,3,0,1,0,,taxon_outlier,,,,,0,0,0,,,approve_none_grouped
2dab330e4741c37a9a0a3f89d2fa7c288e2a2fc0132d2e212f1d4c6f7746273f,raw,Populus fremontii,Leaf Area,32,2,3,2,2,0,,domain_outlier;taxon_outlier,,,,,0,0,0,,,approve_none_grouped
53b33e40c8fef0f9a12db4c2b0e268fdaccb596ed60cb4c99ec23a66a26f9fd8,raw,Pyrola elliptica,Leaf Area,19,2,2,0,1,0,,taxon_outlier,,,,,0,0,0,,,approve_none_grouped
cf4097b9b83a9c85080b4055e5eea899338d0f070730202ecc99f939c1b0b156,raw,Vaccinium uliginosum,Leaf Area,70,4,21,0,1,0,,taxon_outlier,,,,,0,0,0,,,approve_none_grouped
2cc7a52af88dc1b1360a26320b97259e622c34f9bbd3f2e679a7aa57b69dd551,raw,Viburnum acerifolium,Leaf Area,16,2,2,1,1,0,,domain_outlier;taxon_outlier,,,,,0,0,0,,,approve_none_grouped
8d9a45650a938f1dc2c0c44bf33ae4400408a72e578595a628e06705cbcc89af,raw,Apocynum cannabinum,Plant heigh,94,1,57,74,43,0,,domain_outlier;taxon_outlier,,,,,0,0,0,,,approve_none_grouped
f1c0a9d1b0cda5886fba82153c15ef11e3f7efeeb03d77f78d3353c6d405dd3d,raw,Arabidopsis lyrata,Plant heigh,10,1,5,2,2,0,,domain_outlier;taxon_outlier,,,,,0,0,0,,,approve_none_grouped
65531f3baa290a32befa924e07aa758acb971614a04c6727676cd66176b052eb,raw,Artemisia tridentata,Plant heigh,51,1,5,12,1,0,,domain_outlier;taxon_outlier,,,,,0,0,0,,,approve_none_grouped
0217aee380e9e76b355f329e426c9bea31ef2c761ba1d0b7ff8bea4b3b93b5e4,raw,Bidens lanceolata,Plant heigh,71,1,52,1,1,0,,domain_outlier;taxon_outlier,,,,,0,0,0,,,approve_none_grouped
96f20fc00506fd3f2ea42d42f219367024bcd4184b83b0fbaa26da6a96839504,raw,Bouteloua curtipendula,Plant heigh,81,1,53,53,21,0,,domain_outlier;taxon_outlier,,,,,0,0,0,,,approve_none_grouped
83bbe807e0c31f0d3c153cb0eaa6919883e295c6b55d47bceecd579dd0b63520,raw,Bromus rigidus,Plant heigh,49,2,2,0,10,0,,taxon_outlier,,,,,0,0,0,,,approve_none_grouped
81291597b5b53fe511f6eda719854c8e1b391582afeddaac179a2e62a4ddf7f8,raw,Cerastium latifolium,Plant heigh,36,1,3,0,1,0,canonical_decision:3258d7bd6a848ec5ee47c61f3c9221aa2e89147af3d30b54ad2cca2302090929,taxon_outlier;source_review,,,,,0,0,0,,,approve_none_grouped
dc7da63236acf86509c9998c10c581b450c3d847832882c6f89b9eba1075a6fc,raw,Circaea lutetiana,Plant heigh,15,1,6,1,1,0,,domain_outlier;taxon_outlier,,,,,0,0,0,,,approve_none_grouped
d3a04a12dfc21473e42eac09d916b848a43a5f5306d7cd920878bfe419334f95,raw,Eleocharis palustris,Plant heigh,19,1,9,9,1,0,,domain_outlier;taxon_outlier,,,,,0,0,0,,,approve_none_grouped
312014bf6d11fd73c180c601886f0ccb9e523fcb4fec9e2515efa7c4332c58ac,raw,Elymus canadensis,Plant heigh,38,1,6,18,2,0,,domain_outlier;taxon_outlier,,,,,0,0,0,,,approve_none_grouped
fe2ce7441c77dd7924e5e24eafc22cf2c744ad5f5f31c4284749bbcce9a74c35,raw,Equisetum hyemale,Plant heigh,26,1,2,8,7,0,canonical_decision:364150d5bebd649561ba87c2b2dc212894e2c7b9dbec42fdecd42a61fe001f32,domain_outlier;taxon_outlier;source_review,,,,,0,0,0,,,approve_none_grouped
2a7918005a1dee7bf07ef02c263fe0ab15ef8e976fd0a5431a8a0cf64add65bf,raw,Frasera speciosa,Plant heigh,12,1,4,1,1,0,canonical_decision:322b3b862f1e1015c62c08fc2ce03239669b87b839fe8a9d41670480245e436f,domain_outlier;taxon_outlier;source_review,,,,,0,0,0,,,approve_none_grouped
bf6611bc8ceaaf7f1026aae7d4bb616869427031dba9cccb359e13eb30ba95dc,raw,Gagea serotina,Plant heigh,44,1,4,0,2,0,canonical_decision:622e6dd9254e9beb1876d0be59866c34397b56c63ef4c946d1fbbbc79c0dc2ed,taxon_outlier;source_review,,,,,0,0,0,,,approve_none_grouped
cdf3985815b5327c4b1f19143579e0e5406c5a6a66dd49359406501ced5c6d9e,raw,Molinia caerulea,Plant heigh,13,1,8,1,1,0,,domain_outlier;taxon_outlier,,,,,0,0,0,,,approve_none_grouped
deff6d2d97ce34ae9a9239b8d4cd6a1efbd3dd82b84bd0f93ad4796d8284f99c,raw,Monarda punctata,Plant heigh,19,1,2,4,1,0,,domain_outlier;taxon_outlier,,,,,0,0,0,,,approve_none_grouped
171e8d762102b34408c74b57bcd77dfffaef4485331320da0ae548a650607142,raw,Panicum acuminatum,Plant heigh,73,1,55,5,10,0,,domain_outlier;taxon_outlier,,,,,0,0,0,,,approve_none_grouped
bebbdfaceb5fb99af6cc41e097e1b70554d74d8e100622d1f4d3fd1faac9e87b,raw,Phyteuma hemisphaericum,Plant heigh,46,1,4,0,11,0,canonical_decision:e9b5976fccac892feceb02f307462bb0af3728f81fe250d76f4ae1e8e5a928a4,taxon_outlier;source_review,,,,,1,0,1,,17ae96fe95cc0ee56d5f617b5044589bf95c13dc2cca79d3ac73b39418314499,approve_none_after_source_rule
ab7098bd6b0768c1066d2b02fafe8b12f381fcbfae3e0d260db577a7f05eec5b,raw,Poa nemoralis,Plant heigh,41,1,5,1,1,0,,domain_outlier;taxon_outlier,,,,,0,0,0,,,approve_none_grouped
be6e68a357f21a9e74e498ca338a5ba63855d82a9b15aad407c8871b6dc25012,raw,Ribes montigenum,Plant heigh,10,1,3,3,1,0,canonical_decision:e8d3c5c3100a4c42aee67bcd6355de0873c843cfb6bc6ecb73aed7e9640af74e,domain_outlier;taxon_outlier;source_review,,,,,0,0,0,,,approve_none_grouped
ea940137316031a81d1b54ccc52b80d7e952608907ab4c12c5447d44f166462a,raw,Rumex acetosella,Plant heigh,34,2,7,0,1,0,,taxon_outlier,,,,,0,0,0,,,approve_none_grouped
2f4b072ae2f1919b233c964a2507ffdcfa298b0acaf48f3a61918d2821be48f8,raw,Sisymbrium cavanillesianum,Plant heigh,10,1,1,1,1,0,,domain_outlier;taxon_outlier,,,,,0,0,0,,,approve_none_grouped
7a94c85134849b15642d6b52d92b2a94bcdb42b314312b677ef862e98669c0f1,raw,Acer rubrum,Stem specific density,19,1,5,0,2,0,,taxon_outlier,,,,,0,0,0,,,approve_none_grouped
