Salix reticulata,Plant heigh,exclude,x,exclude extreme outlier at 5,TRUE,,,,,,,,,,,,,,,,,,,,
Rhododendron tomentosum,Plant heigh,scale,10,exclude extreme outlier at 40,TRUE,,,,,,,,,,,,,,,,,,,,
Androsace septentrionalis,Plant heigh,scale,0.1,exclude extreme outlier at 25,TRUE,,,,,,,,,,,,,,,,,,,,
Oxalis alpina,Plant heigh,scale,0.1,x,TRUE,,,,,,,,,,,,,,,,,,,,
Arnica latifolia,Plant heigh,scale,0.01,strange extreme outliers around 0,TRUE,,,,,,,,,,,,,,,,,,,,
Senecio crassulus,Plant heigh,scale,0.01,x,TRUE,,,,,,,,,,,,,,,,,,,,
Betula pubescens,Plant heigh,exclude,x,exclude extreme outliers at 1000,TRUE,,,,,,,,,,,,,,,,,,,,
Bothriochloa ischaemum,Plant heigh,scale,0.01,x,TRUE,,,,,,,,,,,,,,,,,,,,
Linaria alpina,Plant heigh,scale,0.01,x,TRUE,,,,,,,,,,,,,,,,,,,,
Eragrostis spectabilis,Plant heigh,scale,0.01,x,TRUE,,,,,,,,,,,,,,,,,,,,
Lolium pratense,Plant heigh,scale,0.01,x,TRUE,,,,,,,,,,,,,,,,,,,,
Impatiens glandulifera,Plant heigh,scale,0.01,x,TRUE,,,,,,,,,,,,,,,,,,,,
Stachys cretica,Plant heigh,exclude,x,exclude extreme outlier at 40,TRUE,,,,,,,,,,,,,,,,,,,,
Alnus alnobetula,Plant heigh,exclude,x,exclude extreme outliers at 300,TRUE,,,,,,,,,,,,,,,,,,,,
Poa pratensis,Plant heigh,scale,0.01,strange values at zero,TRUE,,,,,,,,,,,,,,,,,,,,
Sedum atratum,Plant heigh,scale,0.01,x,TRUE,,,,,,,,,,,,,,,,,,,,
Geum ubranum,Plant heigh,scale,0.01,x,TRUE,,,,,,,,,,,,,,,,,,,,
Poa sp,Plant heigh,scale,0.01,x,TRUE,,,,,,,,,,,,,,,,,,,,
Cornus sanguinea,Plant heigh,exclude,x,exclude extreme outliers above 150,TRUE,,,,,,,,,,,,,,,,,,,,
Salvia officinalis,Plant heigh,scale,0.01,strange outliers around 0,TRUE,,,,,,,,,,,,,,,,,,,,
Carex montana,Plant heigh,scale,0.01,x,TRUE,,,,,,,,,,,,,,,,,,,,
Medeola virginiana,Plant heigh,scale,0.01,strange outlier around 0,TRUE,,,,,,,,,,,,,,,,,,,,
Rudbeckia triloba,Plant heigh,scale,0.01,x,TRUE,,,,,, ,,,,,,,,,,,,,,
Erigeron strigosus,Plant heigh,scale,0.01,x,TRUE,,,,,,,,,,,,,,,,,,,,
Oxalis dillenii,Plant heigh,scale,0.001,x,TRUE,,,,,,,,,,,,,,,,,,,,
Leucanthemum vulgare,Plant heigh,scale,0.01,x,TRUE,,,,,,,,,,,,,,,,,,,,
Anemone baldensis,Plant heigh,scale,0.01,x,TRUE,,,,,,,,,,,,,,,,,,,,
Poa annua,Plant heigh,scale,0.001,x,TRUE,,,,,,,,,,,,,,,,,,,,
Plantago lanceolata,Plant heigh,scale,0.001,x,TRUE,,,,,,,,,,,,,,,,,,,,
Bupleurum longifolium,Plant heigh,scale,0.01,x,TRUE,,,,,,,,,,,,,,,,,,,,
Ranunculus bulbosus,Plant heigh,scale,0.01,x,TRUE,,,,,,,,,,,,,,,,,,,,
Corylus americana,Plant heigh,scale,0.1,strange outlier around 120,TRUE,,,,,,,,,,,,,,,,,,,,
Crepis biennis,Plant heigh,scale,0.01,x,TRUE,,,,,,,,,,,,,,,,,,,,
Lespedeza cuneata,Plant heigh,scale,0.01,x,TRUE,,,,,,,,,,,,,,,,,,,,
Calystegia soldanella,Plant heigh,exclude,x,exclude extreme outliers above 50,TRUE,,,,,,,,,,,,,,,,,,,,
Plantago macrorhiza,Plant heigh,exclude,x,exclude extreme outlier at 5,TRUE,,,,,,,,,,,,,,,,,,,,
Ranunculus adoneus,Plant heigh,exclude,x,exclude extreme outlier around 10,TRUE,,,,,,,,,,,,,,,,,,,,
Eriophorum angustifolium,Plant heigh,scale,0.01,x,TRUE,,,,,,,,,,,,,,,,,,,,
Eriophorum scheuchzeri,Plant heigh,scale,0.01,x,TRUE,,,,,,,,,,,,,,,,,,,,
Pedicularis kerneri,Plant heigh,scale,0.01,x,TRUE,,,,,,,,,,,,,,,,,,,,
Saxifraga cuneifolia subsp. Robusta,Plant heigh,scale,0.01,x,TRUE,,,,,,,,,,,,,,,,,,,,
Bellis perennis,Plant heigh,scale,0.001,x,TRUE,,,,,,,,,,,,,,,,,,,,
Myrtus communis,Diaspore mass,scale,10,x,TRUE,,,,,,,,,,,,,,,,,,,,
Helictotrichon pratense,Diaspore mass,scale,1000,x,TRUE,,,,,,,,,,,,,,,,,,,,
Rhamnus alaternus,Diaspore mass,exclude,x,exclude extreme outlier,TRUE,,,,,,,,,,,,,,,,,,,,
VACCINIUM VITIS-IDAEA,Diaspore mass,exclude,x,strange outliers above 0.4,TRUE,,,,,,,,,,,,,,,,,,,,
Daucus carota,Diaspore mass,exclude,x,strange outliers below 0.4 and above 1.6,TRUE,,,,,,,,,,,,,,,,,,,,
Calluna vulgaris,Diaspore mass,exclude,x,strange outliers below 0.01 and above 0.05,TRUE,,,,,,,,,,,,,,,,,,,,
Festuca ovina,Diaspore mass,exclude,x,strange outliers above 0.8,TRUE,,,,,,,,,,,,,,,,,,,,
Dryas octopetala,Diaspore mass,exclude,x,strange outliers above 2,TRUE,,,,,,,,,,,,,,,,,,,,
Fragaria vesca,Plant heigh,exclude,x,exclude extreme outlier at 20,TRUE,,,,,,,,,,,,,,,,,,,,
Prunus spinosa,Plant heigh,exclude,x,exclude extreme outlier at 300,TRUE,,,,,,,,,,,,,,,,,,,,
Ononis spinosa,Plant heigh,scale,0.01,exclude mild outlier at 0,TRUE,,,,,,,,,,,,,,,,,,,,
Euphorbia amygdaloides,Plant heigh,exclude,x,exclude extreme outlier at 40,TRUE,,,,,,,,,,,,,,,,,,,,
Tanacetum parthenium,Plant heigh,exclude,x,exclude extreme outlier at 80,TRUE,,,,,,,,,,,,,,,,,,,,
Dryas octopetala,Plant heigh,exclude,x,strange extreme outliers above 0.5,TRUE,,,,,,,,,,,,,,,,,,,,
Cornus canadensis,Plant heigh,scale,0.01,strange outlier at 35,TRUE,,,,,,,,,,,,,,,,,,,,
Carex albonigra,Plant heigh,scale,0.01,strange outliers at zero,TRUE,,,,,,,,,,,,,,,,,,,,
Penstemon whippleanus,Plant heigh,scale,0.01,strange outliers at zero,TRUE,,,,,,,,,,,,,,,,,,,,
Glechoma hederacea,Plant heigh,scale,0.01,x,TRUE,,,,,,,,,,,,,,,,,,,,
Astragalus cicer,Plant heigh,scale,0.01,x,TRUE,,,,,,,,,,,,,,,,,,,,
Ajuga reptans,Plant heigh,scale,0.01,maybe strange outliers at zero,TRUE,,,,,,,,,,,,,,,,,,,,
Lolium perenne,Plant heigh,scale,0.001,x,TRUE,,,,,,,,,,,,,,,,,,,,
Gentianella quinquefolia,Plant heigh,scale,0.01,x,TRUE,,,,,,,,,,,,,,,,,,,,
Gymnocarpium dryopteris,Plant heigh,scale,0.01,x,TRUE,,,,,,,,,,,,,,,,,,,,
Lamium purpureum,Plant heigh,scale,0.01,x,TRUE,,,,,,,,,,,,,,,,,,,,
Anthyllis vulneria,Plant heigh,scale,0.01,x,TRUE,,,,,,,,,,,,,,,,,,,,
Agrostis capillaris,Plant heigh,scale,0.01,exclude extreme outliers at zero,TRUE,,,,,,,,,,,,,,,,,,,,
Erysimum capitatum,Plant heigh,scale,0.01,strange outliers at zero,TRUE,,,,,,,,,,,,,,,,,,,,
Lactuca muralis,Plant heigh,exclude,x,exclude extreme outliers at 40,TRUE,,,,,,,,,,,,,,,,,,,,
Pimpinella saxifraga,Plant heigh,scale,0.01,x,TRUE,,,,,,,,,,,,,,,,,,,,
Carex lacustris,Plant heigh,scale,0.01,exclude outlier at zero,TRUE,,,,,,,,,,,,,,,,,,,,
Prunella vulgaris,Plant heigh,scale,0.01,x,TRUE,,,,,,,,,,,,,,,,,,,,
Carex scabrata,Plant heigh,scale,0.01,strange outlier at zero,TRUE,,,,,,,,,,,,,,,,,,,,
Draba septocarpa,Plant heigh,exclude,x,exclude extreme outlier at 5,TRUE,,,,,,,,,,,,,,,,,,,,
Erigeron uniflorus,Plant heigh,exclude,x,exclude extreme outlier at 5,TRUE,,,,,,,,,,,,,,,,,,,,
Podospermum lacinatum,Plant heigh,scale,0.001,x,TRUE,,,,,,,,,,,,,,,,,,,,
Soldanella pusilla,Plant heigh,exclude,x,exclude extreme outlier at 5 and will maybe also need rescaling,TRUE,,,,,,,,,,,,,,,,,,,,
Koeleria macrantha,Plant heigh,scale,0.01,strange outliers at zero,TRUE,,,,,,,,,,,,,,,,,,,,
Quercus pyrenaica,Plant heigh,scale,0.1,exclude outliers above 250,TRUE,,,,,,,,,,,,,,,,,,,,
Viburnum tinus,Plant heigh,exclude,x,exclude extreme outliers at 300 and will maybe also need rescaling,TRUE,,,,,,,,,,,,,,,,,,,,
Euphorbia serpyllifolia,Plant heigh,scale,0.01,x,TRUE,,,,,,,,,,,,,,,,,,,,
Senecio amplectens,Plant heigh,scale,0.01,x,TRUE,,,,,,,,,,,,,,,,,,,,
Viola praemorsa,Plant heigh,scale,0.01,x,TRUE,,,,,,,,,,,,,,,,,,,,
Fumana ericoides,Plant heigh,scale,0.01,x,TRUE,,,,,,,,,,,,,,,,,,,,
Persea borbonia,Plant heigh,scale,0.1,x,TRUE,,,,,,,,,,,,,,,,,,,,
Clematis flammula,Plant heigh,exclude,x,exclude extreme outlier at 80,TRUE,,,,,,,,,,,,,,,,,,,,
Hippocrepis comosa,Plant heigh,scale,0.01,x,TRUE,,,,,,,,,,,,,,,,,,,,
Betula nigra,Plant heigh,exclude,x,strange outliers above 35,TRUE,,,,,,,,,,,,,,,,,,,,
Dracocephalum ruyschiana,Plant heigh,scale,0.01,x,TRUE,,,,,,,,,,,,,,,,,,,,
Limonium cossonianum,Plant heigh,scale,0.01,x,TRUE,,,,,,,,,,,,,,,,,,,,
Polygonatum odoratum,Plant heigh,scale,0.01,exclude extreme outlier at zero,TRUE,,,,,,,,,,,,,,,,,,,,
Viola adunca,Plant heigh,scale,0.01,strange outliers at zero,TRUE,,,,,,,,,,,,,,,,,,,,
Chrysopsis villosa,Plant heigh,scale,0.01,x,TRUE,,,,,,,,,,,,,,,,,,,,
Quercus ilicifolia,Plant heigh,exclude,x,strange outliers above 6,TRUE,,,,,,,,,,,,,,,,,,,,
Medicago lupulina,Plant heigh,scale,0.01,x,TRUE,,,,,,,,,,,,,,,,,,,,
Leontopodium nivale,Plant heigh,scale,0.01,x,TRUE,,,,,,,,,,,,,,,,,,,,
Minuartia mutabilis,Plant heigh,scale,0.01,x,TRUE,,,,,,,,,,,,,,,,,,,,
Valeriana saliunca,Plant heigh,scale,0.01,x,TRUE,,,,,,,,,,,,,,,,,,,,
Circaea alpina,Plant heigh,scale,0.01,strange outlier at zero,TRUE,,,,,,,,,,,,,,,,,,,,
Smilax aspera,Plant heigh,exclude,x,exclude extreme outlier above 40,TRUE,,,,,,,,,,,,,,,,,,,,
Arenaria lanuginosa,Plant heigh,scale,0.01,x,TRUE,,,,,,,,,,,,,,,,,,,,
Penstemon barbatus,Plant heigh,scale,0.01,x,TRUE,,,,,,,,,,,,,,,,,,,,
Teucrium charidemi,Plant heigh,scale,0.01,x,TRUE,,,,,,,,,,,,,,,,,,,,
Carex vaginata,Plant heigh,exclude,x,exclude extreme outlier at 0.8,TRUE,,,,,,,,,,,,,,,,,,,,
Asimina triloba,Plant heigh,exclude,x,exclude extreme outliers above 15,TRUE,,,,,,,,,,,,,,,,,,,,
Onoclea sensibilis,Plant heigh,scale,0.01,x,TRUE,,,,,,,,,,,,,,,,,,,,
Castanea sativa,Plant heigh,exclude,x,exclude extreme outlier at 1000,TRUE,,,,,,,,,,,,,,,,,,,,
Symphyotrichum ericoides,Plant heigh,scale,0.01,strange outliers around zero,TRUE,,,,,,,,,,,,,,,,,,,,
Beta vulgaris,Plant heigh,scale,0.01,strange outliers around zero,TRUE,,,,,,,,,,,,,,,,,,,,
Gutierrezia sarothrae,Plant heigh,scale,0.01,x,TRUE,,,,,,,,,,,,,,,,,,,,
Anthyllis montana,Plant heigh,scale,0.01,x,TRUE,,,,,,,,,,,,,,,,,,,,
Artemisia ludoviciana,Plant heigh,scale,0.01,x,TRUE,,,,,,,,,,,,,,,,,,,,
Orlaya grandiflora,Plant heigh,scale,0.01,x,TRUE,,,,,,,,,,,,,,,,,,,,
Pilosella aurantiaca,Plant heigh,scale,0.01,x,TRUE,,,,,,,,,,,,,,,,,,,,
Prenanthes purpurea,Plant heigh,exclude,x,exclude extreme outlier at 80,TRUE,,,,,,,,,,,,,,,,,,,,
Briza media,Plant heigh,scale,0.01,x,TRUE,,,,,,,,,,,,,,,,,,,,
Cynosurus cristatus,Plant heigh,scale,0.01,x,TRUE,,,,,,,,,,,,,,,,,,,,
Carex foenea,Plant heigh,exclude,x,exclude extreme outliers above 10,TRUE,,,,,,,,,,,,,,,,,,,,
Laennecia schiedeana,Plant heigh,scale,0.01,x,TRUE,,,,,,,,,,,,,,,,,,,,
Ligustrum vulgare,Plant heigh,exclude,x,strange values above 10,TRUE,,,,,,,,,,,,,,,,,,,,
Phagnalon saxatile,Plant heigh,scale,0.01,strange outliers around zero,TRUE,,,,,,,,,,,,,,,,,,,,
Achillea millefolium,Plant heigh,scale,0.01,strange outliers above 100,TRUE,,,,,,,,,,,,,,,,,,,,
Sporobolus heterolepis,Plant heigh,scale,0.01,strange outlier around zero,TRUE,,,,,,,,,,,,,,,,,,,,
Helianthemum marifolium,Plant heigh,scale,0.01,x,TRUE,,,,,,,,,,,,,,,,,,,,
Thymus serpyllum,Plant heigh,scale,0.01,strange outliers above 12,TRUE,,,,,,,,,,,,,,,,,,,,
Cercocarpus ledifolius,Plant heigh,exclude,x,strange outliers above 11,TRUE,,,,,,,,,,,,,,,,,,,,
Rubus sp,Plant heigh,scale,0.01,x,TRUE,,,,,,,,,,,,,,,,,,,,
Festuca thurberi,Plant heigh,scale,0.01,x,TRUE,,,,,,,,,,,,,,,,,,,,
Gentiana nivalis,Plant heigh,exclude,x,exclude extreme outlier at 5,TRUE,,,,,,,,,,,,,,,,,,,,
Rubus occidentalis,Plant heigh,scale,0.01,x,TRUE,,,,,,,,,,,,,,,,,,,,
Sideritis osteoxylla,Plant heigh,scale,0.01,x,TRUE,,,,,,,,,,,,,,,,,,,,
Tragopogon dubius,Plant heigh,scale,0.01,strange outliers around zero,TRUE,,,,,,,,,,,,,,,,,,,,
Cardamine bellidifolia,Plant heigh,scale,0.01,x,TRUE,,,,,,,,,,,,,,,,,,,,
Hypericum richeri,Plant heigh,scale,0.01,x,TRUE,,,,,,,,,,,,,,,,,,,,
Fraxinus quadrangulata,Plant heigh,exclude,x,strange outliers above 25,TRUE,,,,,,,,,,,,,,,,,,,,
Quercus minima,Plant heigh,exclude,x,"small shrub, max 2 m tall",TRUE,,,,,,,,,,,,,,,,,,,,
Gentiana verna,Plant heigh,scale,0.01,x,TRUE,,,,,,,,,,,,,,,,,,,,
Quercus engelmannii,Plant heigh,exclude,x,strange outliers above 10 ,TRUE,,,,,,,,,,,,,,,,,,,,
Rubus cuneifolius,Plant heigh,scale,0.01,strange outliers above 90,TRUE,,,,,,,,,,,,,,,,,,,,
Carex rupestris,Plant heigh,exclude,x,exclude extreme outlier above 5,TRUE,,,,,,,,,,,,,,,,,,,,
Cerastium arvense,Plant heigh,exclude,x,exclude extreme outliers above 6,TRUE,,,,,,,,,,,,,,,,,,,,
Teucrium canadense,Plant heigh,scale,0.01,x,TRUE,,,,,,,,,,,,,,,,,,,,
Helianthemum cinereum,Plant heigh,scale,0.01,x,TRUE,,,,,,,,,,,,,,,,,,,,
Thymus praecox,Plant heigh,scale,0.01,x,TRUE,,,,,,,,,,,,,,,,,,,,
Colchicum autumnale,Plant heigh,scale,0.01,strange outliers below 10 and above 40,TRUE,,,,,,,,,,,,,,,,,,,,
Ononis natrix,Plant heigh,scale,0.01,strange outlier below 20,TRUE,,,,,,,,,,,,,,,,,,,,
Potentilla gracilis,Plant heigh,scale,0.01,x,TRUE,,,,,,,,,,,,,,,,,,,,
Ranunculus repense,Plant heigh,scale,0.01,strange outliers above 50,TRUE,,,,,,,,,,,,,,,,,,,,
Ranunuculus acris,Plant heigh,scale,0.01,strange outliers above 150,TRUE,,,,,,,,,,,,,,,,,,,,
Plantago atrata,Plant heigh,scale,0.01,strange outlier above 20,TRUE,,,,,,,,,,,,,,,,,,,,
Teucrium chamaedrys,Plant heigh,scale,0.01,x,TRUE,,,,,,,,,,,,,,,,,,,,
Athamanta cretensis,Plant heigh,scale,0.01,x,TRUE,,,,,,,,,,,,,,,,,,,,
Primula latifolia,Plant heigh,scale,0.01,x,TRUE,,,,,,,,,,,,,,,,,,,,
Primula veris,Plant heigh,scale,0.01,x,TRUE,,,,,,,,,,,,,,,,,,,,
Potentilla erecta,Plant heigh,scale,0.01,x,TRUE,,,,,,,,,,,,,,,,,,,,
Vulpia fasciculata,Plant heigh,exclude,x,exclude extreme outlier above 250,TRUE,,,,,,,,,,,,,,,,,,,,
Sedum dasyphyllum,Plant heigh,scale,0.01,x,TRUE,,,,,,,,,,,,,,,,,,,,
Heracleum sphondylium,Plant heigh,scale,0.01,x,TRUE,,,,,,,,,,,,,,,,,,,,
Berardia lanuginosa,Plant heigh,scale,0.01,x,TRUE,,,,,,,,,,,,,,,,,,,,
Festuca arizonica,Plant heigh,scale,0.01,x,TRUE,,,,,,,,,,,,,,,,,,,,
Oxalis acetosella,Plant heigh,scale,0.01,x,TRUE,,,,,,,,,,,,,,,,,,,,
Linnaea borealis,Plant heigh,exclude,x,exclude extreme outlier at 5,TRUE,,,,,,,,,,,,,,,,,,,,
Agropyron desertorum,Plant heigh,scale,0.01,x,TRUE,,,,,,,,,,,,,,,,,,,,
Aristida purpurea,Plant heigh,scale,0.1,x,TRUE,,,,,,,,,,,,,,,,,,,,
Cardamine diphylla,Plant heigh,scale,0.01,x,TRUE,,,,,,,,,,,,,,,,,,,,
Cosmos parviflorus,Plant heigh,scale,0.01,x,TRUE,,,,,,,,,,,,,,,,,,,,
Draba asprella,Plant heigh,scale,0.1,x,TRUE,,,,,,,,,,,,,,,,,,,,
Euphorbia paralias,Plant heigh,exclude,x,exclude extreme outlier above 400,TRUE,,,,,,,,,,,,,,,,,,,,
Festuca subverticillata,Plant heigh,scale,0.01,x,TRUE,,,,,,,,,,,,,,,,,,,,
Genista sp,Plant heigh,scale,0.01,x,TRUE,,,,,,,,,,,,,,,,,,,,
Nama dichotoma,Plant heigh,scale,0.01,x,TRUE,,,,,,,,,,,,,,,,,,,,
Pityopsis graminifolia,Plant heigh,scale,0.01,x,TRUE,,,,,,,,,,,,,,,,,,,,
Sagina saginoides,Plant heigh,scale,10,x,TRUE,,,,,,,,,,,,,,,,,,,,
Sedum lanceolatum,Plant heigh,exclude,x,exclude extreme outliers above 2,TRUE,,,,,,,,,,,,,,,,,,,,
Setaria helvola,Plant heigh,scale,0.01,x,TRUE,,,,,,,,,,,,,,,,,,,,
Sorghum halepense,Plant heigh,scale,0.01,x,TRUE,,,,,,,,,,,,,,,,,,,,
Streptopus amplexifolius,Plant heigh,scale,0.01,x,TRUE,,,,,,,,,,,,,,,,,,,,
Tiarella cordifolia,Plant heigh,scale,0.01,x,TRUE,,,,,,,,,,,,,,,,,,,,
Townsendia exscapa,Plant heigh,scale,0.01,x,TRUE,,,,,,,,,,,,,,,,,,,,
Trillium undulatum,Plant heigh,scale,0.01,x,TRUE,,,,,,,,,,,,,,,,,,,,
Verbena bracteata,Plant heigh,scale,0.01,x,TRUE,,,,,,,,,,,,,,,,,,,,
Trigonella officinalis,Plant heigh,scale,0.01,x,TRUE,,,,,,,,,,,,,,,,,,,,
Lathyrus vernus,Plant heigh,exclude,x,exclude extreme outliers above 20,TRUE,,,,,,,,,,,,,,,,,,,,
Geranium pratense,Plant heigh,scale,0.01,strange outliers above 60,TRUE,,,,,,,,,,,,,,,,,,,,
Morus rubra,Plant heigh,exclude,x,strange outliers above 20,TRUE,,,,,,,,,,,,,,,,,,,,
Antennaria sp,Plant heigh,scale,0.01,x,TRUE,,,,,,,,,,,,,,,,,,,,
Festuca airoides,Plant heigh,scale,0.01,x,TRUE,,,,,,,,,,,,,,,,,,,,
Paspalum notatum,Plant heigh,scale,0.01,x,TRUE,,,,,,,,,,,,,,,,,,,,
Artemisia carruthii,Plant heigh,scale,0.01,x,TRUE,,,,,,,,,,,,,,,,,,,,
Astragalus humistratus,Plant heigh,scale,0.01,x,TRUE,,,,,,,,,,,,,,,,,,,,
Chenopodium fremontii,Plant heigh,scale,0.01,x,TRUE,,,,,,,,,,,,,,,,,,,,
Oxytropis lambertii,Plant heigh,scale,0.01,x,TRUE,,,,,,,,,,,,,,,,,,,,
Carex arenaria,Plant heigh,exclude,x,exclude extreme outliers above 5,TRUE,,,,,,,,,,,,,,,,,,,,
Geranium caespitosum,Plant heigh,scale,0.01,x,TRUE,,,,,,,,,,,,,,,,,,,,
Helianthemum oelandicum,Plant heigh,scale,0.01,x,TRUE,,,,,,,,,,,,,,,,,,,,
Lithospermum multiflorum,Plant heigh,scale,0.01,x,TRUE,,,,,,,,,,,,,,,,,,,,
Oreoxis alpina,Plant heigh,exclude,x,exclude extreme outlier at 5,TRUE,,,,,,,,,,,,,,,,,,,,
Oxyria digyna,Plant heigh,exclude,x,exclude extreme outlier at 5,TRUE,,,,,,,,,,,,,,,,,,,,
Packera crocata,Plant heigh,exclude,x,exclude extreme outlier above 15,TRUE,,,,,,,,,,,,,,,,,,,,
Tussilago farfara,Plant heigh,scale,0.1,exclude extreme outlier around 20,TRUE,,,,,,,,,,,,,,,,,,,,
Ruscus aculeatus,Plant heigh,exclude,x,strange outlier abive 1.0,TRUE,,,,,,,,,,,,,,,,,,,,
Malus angustifolia,Plant heigh,exclude,x,strange outliers above 10,TRUE,,,,,,,,,,,,,,,,,,,,
Cardamine bulbifera,Plant heigh,exclude,x,exclude extreme outlier at 20,TRUE,,,,,,,,,,,,,,,,,,,,
Desmanthus illinoensis,Plant heigh,scale,0.01,exclude extreme outlier around 0,TRUE,,,,,,,,,,,,,,,,,,,,
Elymus smithii,Plant heigh,scale,0.01,strange outlier at 0,TRUE,,,,,,,,,,,,,,,,,,,,
Geranium nodosum,Plant heigh,exclude,x,exclude extreme outlier at 20,TRUE,,,,,,,,,,,,,,,,,,,,
Laserpitium latifolium,Plant heigh,exclude,x,exclude extreme outlier at 40 and then check the scaling,TRUE,,,,,,,,,,,,,,,,,,,,
Berberis vulgaris,Plant heigh,exclude,x,exclude extreme outlier at 150 and then check the scaling,TRUE,,,,,,,,,,,,,,,,,,,,
Pilosella officinarum,Plant heigh,scale,0.01,check the outliers around 0,TRUE,,,,,,,,,,,,,,,,,,,,
Pinus longaeva,Plant heigh,exclude,x,strange outliers above 15,TRUE,,,,,,,,,,,,,,,,,,,,
Sporobolus virginicus,Plant heigh,exclude,x,exclude extreme outlier above 150,TRUE,,,,,,,,,,,,,,,,,,,,
Agrostemma githago,Plant heigh,scale,0.01,strange outlier around 0,TRUE,,,,,,,,,,,,,,,,,,,,
Arisaema triphyllum,Plant heigh,scale,0.01,x,TRUE,,,,,,,,,,,,,,,,,,,,
Erigeron grandiflorus,Plant heigh,exclude,x,exclude extreme outliers above 5,TRUE,,,,,,,,,,,,,,,,,,,,
Trifolium arvense,Plant heigh,exclude,x,exclude extreme outliers above 10,TRUE,,,,,,,,,,,,,,,,,,,,
Bupleurum fruticescens,Plant heigh,scale,0.01,strange outliers around 0 and above 80,TRUE,,,,,,,,,,,,,,,,,,,,
Geum canadense,Plant heigh,scale,0.01,x,TRUE,,,,,,,,,,,,,,,,,,,,
Hymenoxys grandiflora,Plant heigh,exclude,x,exclude extreme outliers above 10,TRUE,,,,,,,,,,,,,,,,,,,,
Polemonium viscosum,Plant heigh,exclude,x,exclude extreme outliers above 4 and then chech the scaling,TRUE,,,,,,,,,,,,,,,,,,,,
Pulsatilla vernalis,Plant heigh,exclude,x,exclude extreme outliers above 5,TRUE,,,,,,,,,,,,,,,,,,,,
Saxifraga oppositifolia,Plant heigh,exclude,x,exclude extreme outliers above 5,TRUE,,,,,,,,,,,,,,,,,,,,
Trifolium dasyphyllum,Plant heigh,exclude,x,exclude extreme outliers above 4 ,TRUE,,,,,,,,,,,,,,,,,,,,
Echinophora spinosa,Plant heigh,exclude,x,exclude extreme outlier above 400,TRUE,,,,,,,,,,,,,,,,,,,,
Primula acaulis,Plant heigh,exclude,x,exclude extreme outliers above 5,TRUE,,,,,,,,,,,,,,,,,,,,
Pilosella lactucella,Plant heigh,scale,0.01,strange outlier at 30,TRUE,,,,,,,,,,,,,,,,,,,,
Trisetum spicatum,Plant heigh,exclude,x,exclude extreme outlier above 15 and then check scaling,TRUE,,,,,,,,,,,,,,,,,,,,
Anemone quinquefolia,Plant heigh,scale,0.01,x,TRUE,,,,,,,,,,,,,,,,,,,,
Cistus clusii,Plant heigh,scale,0.01,strange outliers around 0,TRUE,,,,,,,,,,,,,,,,,,,,
Populus fremontii,Plant heigh,exclude,x,strang outliers above 35,TRUE,,,,,,,,,,,,,,,,,,,,
Achillea maritima,Plant heigh,exclude,x,exclude extreme outliers above 10,TRUE,,,,,,,,,,,,,,,,,,,,
Polygonum maritimum,Plant heigh,exclude,x,exclude extreme outliers above 10,TRUE,,,,,,,,,,,,,,,,,,,,
Trifolium montanum,Plant heigh,scale,0.01,x,TRUE,,,,,,,,,,,,,,,,,,,,
Trifolium fragiferum,Plant heigh,scale,0.01,x,TRUE,,,,,,,,,,,,,,,,,,,,
Calluna vulgaris,Plant heigh,exclude,x,exclude extreme outliers above 20,TRUE,,,,,,,,,,,,,,,,,,,,
Pinus elliottii,Plant heigh,exclude,x,exclude extreme outlier around 150,TRUE,,,,,,,,,,,,,,,,,,,,
Juncus jacquinii,Plant heigh,scale,0.01,x,TRUE,,,,,,,,,,,,,,,,,,,,
Oxytropis lapponica,Plant heigh,scale,0.01,x,TRUE,,,,,,,,,,,,,,,,,,,,
Silene acaulis subsp. acaulis,Plant heigh,scale,0.01,x,TRUE,,,,,,,,,,,,,,,,,,,,
Carex sempervirens,Plant heigh,scale,0.01,strange outliers at 0,TRUE,,,,,,,,,,,,,,,,,,,,
Quercus hypoleucoides,Plant heigh,exclude,x,strange outliers above 10,TRUE,,,,,,,,,,,,,,,,,,,,
Alyssum alpestre,Plant heigh,scale,0.01,x,TRUE,,,,,,,,,,,,,,,,,,,,
Arctium lappa,Plant heigh,scale,0.01,x,TRUE,,,,,,,,,,,,,,,,,,,,
Spiraea alba,Plant heigh,scale,0.01,x,TRUE,,,,,,,,,,,,,,,,,,,,
Medicago marina,Plant heigh,exclude,x,exclude extreme outliers above 30,TRUE,,,,,,,,,,,,,,,,,,,,
Malus fusca,Plant heigh,exclude,x,strange outliers above 15,TRUE,,,,,,,,,,,,,,,,,,,,
Adenostyles alliariae,Plant heigh,scale,0.01,x,TRUE,,,,,,,,,,,,,,,,,,,,
Astragalus glycyphyllos,Plant heigh,scale,0.01,x,TRUE,,,,,,,,,,,,,,,,,,,,
Botrychium lunaria,Plant heigh,scale,0.1,exclude extreme outlier above 30,TRUE,,,,,,,,,,,,,,,,,,,,
Carex brevior,Plant heigh,scale,0.01,x,TRUE,,,,,,,,,,,,,,,,,,,,
Lychnis flos−jovis,Plant heigh,scale,0.01,x,TRUE,,,,,,,,,,,,,,,,,,,,
Mitchella repens,Plant heigh,scale,0.01,x,TRUE,,,,,,,,,,,,,,,,,,,,
Quercus buckleyi,Plant heigh,exclude,x,strange outliers around 20,TRUE,,,,,,,,,,,,,,,,,,,,
Antennaria alpina,Plant heigh,exclude,x,exclude extreme outlier above 6,TRUE,,,,,,,,,,,,,,,,,,,,
Pinus rigida,Plant heigh,exclude,x,strange outliers above 30,TRUE,,,,,,,,,,,,,,,,,,,,
Bistorta bistortoides,Plant heigh,exclude,x,exclude extreme outliers above 20,TRUE,,,,,,,,,,,,,,,,,,,,
Plantago sempervirens,Plant heigh,scale,0.01,x,TRUE,,,,,,,,,,,,,,,,,,,,
Veronica aphylla,Plant heigh,scale,0.01,x,TRUE,,,,,,,,,,,,,,,,,,,,
Vicia cracca,Plant heigh,scale,0.01,x,TRUE,,,,,,,,,,,,,,,,,,,,
Danthonia spicata,Plant heigh,scale,0.01,x,TRUE,,,,,,,,,,,,,,,,,,,,
Origanum vulgare,Plant heigh,scale,0.01,x,TRUE,,,,,,,,,,,,,,,,,,,,
Phyteuma betonicifolium,Plant heigh,scale,0.01,x,TRUE,,,,,,,,,,,,,,,,,,,,
Ranunculus montanus,Plant heigh,scale,0.01,x,TRUE,,,,,,,,,,,,,,,,,,,,
Veronicastrum virginicum,Plant heigh,scale,0.01,x,TRUE,,,,,,,,,,,,,,,,,,,,
Vaccinium myrtilloides,Plant heigh,scale,0.01,x,TRUE,,,,,,,,,,,,,,,,,,,,
Pinus attenuata,Plant heigh,exclude,x,strange outliers above 25,TRUE,,,,,,,,,,,,,,,,,,,,
Quercus incana,Plant heigh,exclude,x,strange outliers above 15,TRUE,,,,,,,,,,,,,,,,,,,,
Leontodon hispidus,Plant heigh,scale,0.01,x,TRUE,,,,,,,,,,,,,,,,,,,,
Carex myosuroides,Plant heigh,exclude,x,exclude extreme outliers above 7,TRUE,,,,,,,,,,,,,,,,,,,,
Cirsium ferox,Plant heigh,scale,0.01,x,TRUE,,,,,,,,,,,,,,,,,,,,
Veronica fruticulosa,Plant heigh,scale,0.01,x,TRUE,,,,,,,,,,,,,,,,,,,,
Bartsia alpina,Plant heigh,exclude,x,exclude extreme outlier at 5,TRUE,,,,,,,,,,,,,,,,,,,,
Salix purpurea,Plant heigh,scale,0.01,strange outliers around 0,TRUE,,,,,,,,,,,,,,,,,,,,
Myosotis arvensis,Plant heigh,scale,0.01,x,TRUE,,,,,,,,,,,,,,,,,,,,
Cirsium oleraceum,Plant heigh,scale,0.01,x,TRUE,,,,,,,,,,,,,,,,,,,,
Trientalis europaea,Plant heigh,exclude,x,exclude extreme outlier at 20,TRUE,,,,,,,,,,,,,,,,,,,,
Galium mollugo,Plant heigh,scale,0.01,strange outliers above 160,TRUE,,,,,,,,,,,,,,,,,,,,
Festuca eskia,Plant heigh,scale,0.01,x,TRUE,,,,,,,,,,,,,,,,,,,,
Petrosedum sediforme,Plant heigh,scale,0.01,strange outliers around 0,TRUE,,,,,,,,,,,,,,,,,,,,
Maianthemum canadense,Plant heigh,scale,0.01,strange extreme outlier above 40,TRUE,,,,,,,,,,,,,,,,,,,,
Caltha leptosepala,Plant heigh,exclude,x,exclude extreme outlier above 10,TRUE,,,,,,,,,,,,,,,,,,,,
Selaginella selaginoides,Plant heigh,exclude,x,exclude extreme outliers above 2.5,TRUE,,,,,,,,,,,,,,,,,,,,
Robinia neomexicana,Plant heigh,exclude,x,use the whole plant height values only,TRUE,,,,,,,,,,,,,,,,,,,,
Abies pinsapo,Plant heigh,exclude,x,use the whole plant height values only,TRUE,,,,,,,,,,,,,,,,,,,,
Monarda fistulosa,Plant heigh,scale,0.01,use the plant height vegetative values only,TRUE,,,,,,,,,,,,,,,,,,,,
Panicum virgatum,Plant heigh,scale,0.01,use the plant height vegetative values only and exclude values around zero,TRUE,,,,,,,,,,,,,,,,,,,,
Asclepias tuberosa,Plant heigh,scale,0.01,use the plant height vegetative values only and exclude values around zero,TRUE,,,,,,,,,,,,,,,,,,,,
Liatris aspera,Plant heigh,scale,0.01,use the plant height vegetative values only,TRUE,,,,,,,,,,,,,,,,,,,,
Pseudotsuga menziesii,Plant heigh,exclude,x,exclude values above 2000,TRUE,,,,,,,,,,,,,,,,,,,,
Solidago canadensis,Plant heigh,scale,0.01,use the plant height vegetative values only and exclude values around zero,TRUE,,,,,,,,,,,,,,,,,,,,
Bromus hordeaceus,Plant heigh,scale,0.01,use the plant height vegetative values only,TRUE,,,,,,,,,,,,,,,,,,,,
Quercus gambelii,Plant heigh,exclude,x,use the whole plant height values only,TRUE,,,,,,,,,,,,,,,,,,,,
Abies concolor,Plant heigh,exclude,x,use the whole plant height values only,TRUE,,,,,,,,,,,,,,,,,,,,
Castanea dentata,Plant heigh,exclude,x,use the whole plant height values only,TRUE,,,,,,,,,,,,,,,,,,,,
Pinus strobiformis,Plant heigh,exclude,x,use the whole plant height values only,TRUE,,,,,,,,,,,,,,,,,,,,
Convolvulus arvensis,Plant heigh,exclude,x,use the plant height vegetative values only ,TRUE,,,,,,,,,,,,,,,,,,,,
Trifolium tomentosum,Plant heigh,exclude,x,use the whole plant height values only,TRUE,,,,,,,,,,,,,,,,,,,,
Ulmus americana,Plant heigh,exclude,x,use the whole plant height values only and exclude value above 300,TRUE,,,,,,,,,,,,,,,,,,,,
Fraxinus excelsior,Plant heigh,exclude,x,exclude value at 1000,TRUE,,,,,,,,,,,,,,,,,,,,
Picea mariana,Plant heigh,exclude,x,exclude all extreme outliers,TRUE,,,,,,,,,,,,,,,,,,,,
Vicia sativa,Plant heigh,exclude,x,use the whole plant height values only,TRUE,,,,,,,,,,,,,,,,,,,,
Juniperus deppeana,Plant heigh,exclude,x,use the whole plant height values only,TRUE,,,,,,,,,,,,,,,,,,,,
Juniperus californica,Plant heigh,exclude,x,use the whole plant height values only,TRUE,,,,,,,,,,,,,,,,,,,,
Acer spicatum,Plant heigh,scale,0.01,use the plant height vegetative values only and exclude values below 100,TRUE,,,,,,,,,,,,,,,,,,,,
Picea glauca,Plant heigh,exclude,x,use the whole plant height values only,TRUE,,,,,,,,,,,,,,,,,,,,
Robinia pseudoacacia,Plant heigh,scale,0.01,rescale extreme outliers only ,TRUE,,,,,,,,,,,,,,,,,,,,
Prunus persica,Plant heigh,exclude,x,use the whole plant height values only,TRUE,,,,,,,,,,,,,,,,,,,,
Abies balsamea,Plant heigh,exclude,x,use the whole plant height values only and exclude values below 5 and above 20,TRUE,,,,,,,,,,,,,,,,,,,,
Elaeagnus angustifolia,Plant heigh,exclude,x,use the whole plant height values only  ,TRUE,,,,,,,,,,,,,,,,,,,,
Alnus rhombifolia,Plant heigh,exclude,x,use the whole plant height values only,TRUE,,,,,,,,,,,,,,,,,,,,
Quercus kelloggii,Plant heigh,exclude,x,use the whole plant height values only,TRUE,,,,,,,,,,,,,,,,,,,,
Silene vulgaris,Plant heigh,scale,0.01,use the plant height vegetative values only,TRUE,,,,,,,,,,,,,,,,,,,,
Anthyllis lotoides,Plant heigh,exclude,x,use the whole plant height values only,TRUE,,,,,,,,,,,,,,,,,,,,
Rudbeckia hirta,Plant heigh,exclude,x,use the plant height vegetative values only and exclude values above 25,TRUE,,,,,,,,,,,,,,,,,,,,
Juniperus scopulorum,Plant heigh,exclude,x,exclude value above 1000,TRUE,,,,,,,,,,,,,,,,,,,,
Juniperus occidentalis,Plant heigh,exclude,x,use the whole plant height values only and exclude values above 30,TRUE,,,,,,,,,,,,,,,,,,,,
Ilex opaca,Plant heigh,exclude,x,use the whole plant height only,TRUE,,,,,,,,,,,,,,,,,,,,
Tsuga canadiensis,Plant heigh,exclude,x,use the whole plant height only,TRUE,,,,,,,,,,,,,,,,,,,,
Avena barbata,Plant heigh,scale,0.01,rescale extreme outliers only ,TRUE,,,,,,,,,,,,,,,,,,,,
Arbutus menziesii,Plant heigh,exclude,x,exclude values above 30,TRUE,,,,,,,,,,,,,,,,,,,,
Misopates orontium,Plant heigh,exclude,x,use the plant height vegetative values only ,TRUE,,,,,,,,,,,,,,,,,,,,
Pinus flexilis,Plant heigh,exclude,x,exclude values above 25,TRUE,,,,,,,,,,,,,,,,,,,,
Juniperus osteosperma,Plant heigh,exclude,x,exclude value above 750,TRUE,,,,,,,,,,,,,,,,,,,,
Quercus rubra,Plant heigh,exclude,x,exclude value above 750,TRUE,,,,,,,,,,,,,,,,,,,,
Junierus ashei,Plant heigh,exclude,x,exclude values above 15,TRUE,,,,,,,,,,,,,,,,,,,,
Dactylis glomerata,Plant heigh,scale,0.001,check the values after rescaling,TRUE,,,,,,,,,,,,,,,,,,,,
Betula lenta,Plant heigh,exclude,x,exclude values below 5,TRUE,,,,,,,,,,,,,,,,,,,,
Fraxinus americana,Plant heigh,exclude,x,exclude value above 750,TRUE,,,,,,,,,,,,,,,,,,,,
Pinus edulis,Plant heigh,exclude,x,use the whole plant height values only,TRUE,,,,,,,,,,,,,,,,,,,,
Erigeron speciosus,Plant heigh,scale,0.01,use the plant height vegetative values only,TRUE,,,,,,,,,,,,,,,,,,,,
Betula alleghaniensis,Plant heigh,exclude,x,exclude values below 5 and above 40,TRUE,,,,,,,,,,,,,,,,,,,,
Gleditsia triacanthos,Plant heigh,exclude,x,use the whole plant height values only,TRUE,,,,,,,,,,,,,,,,,,,,
Alnus glutinosa,Plant heigh,exclude,x,exclude value above 1000,TRUE,,,,,,,,,,,,,,,,,,,,
Taxodium distichum,Plant heigh,exclude,x,exclude values below 5,TRUE,,,,,,,,,,,,,,,,,,,,
Quercus alba,Plant heigh,exclude,x,exclude value above 1000,TRUE,,,,,,,,,,,,,,,,,,,,
Prunus avium,Plant heigh,exclude,x,exclude value at 1000,TRUE,,,,,,,,,,,,,,,,,,,,
Malus domestica,Plant heigh,exclude,x,use the whole plant height values only,TRUE,,,,,,,,,,,,,,,,,,,,
Vicia americana,Plant heigh,scale,0.01,use the plant height vegetative values only,TRUE,,,,,,,,,,,,,,,,,,,,
Plantago lagopus,Plant heigh,exclude,x,exclude value above 3,TRUE,,,,,,,,,,,,,,,,,,,,
Pinus banksiana,Plant heigh,scale,0.01,rescale only the extreme outliers,TRUE,,,,,,,,,,,,,,,,,,,,
Juglans nigra,Plant heigh,exclude,x,use the whole plant height values only,TRUE,,,,,,,,,,,,,,,,,,,,
Populus grandidentata,Plant heigh,exclude,x,exclude values below 5,TRUE,,,,,,,,,,,,,,,,,,,,
Stellaria media,Plant heigh,scale,0.01,x,TRUE,,,,,,,,,,,,,,,,,,,,
Crepis vesicaria,Plant heigh,scale,0.01,rescale the plant height vegetative values only,TRUE,,,,,,,,,,,,,,,,,,,,
Aesculus californica,Plant heigh,exclude,x,exclude values above 15,TRUE,,,,,,,,,,,,,,,,,,,,
Populus tremula,Plant heigh,exclude,x,exclude value at 1000,TRUE,,,,,,,,,,,,,,,,,,,,
Pinus albicaulis,Plant heigh,exclude,x,exclude values above 30,TRUE,,,,,,,,,,,,,,,,,,,,
Fagus grandifolia,Plant heigh,exclude,x,exclude value at 1000,TRUE,,,,,,,,,,,,,,,,,,,,
Crepis capillaris,Plant heigh,scale,0.01,rescale the plant height vegetative values only,TRUE,,,,,,,,,,,,,,,,,,,,
Trifolium striatum,Plant heigh,exclude,x,use the whole plant height values only,TRUE,,,,,,,,,,,,,,,,,,,,
Helianthella quinquenervis,Plant heigh,scale,0.01,use the plant height vegetative values only,TRUE,,,,,,,,,,,,,,,,,,,,
Fraxinus pennsylvanica,Plant heigh,exclude,x,exclude values above 45,TRUE,,,,,,,,,,,,,,,,,,,,
Bellardia trixago,Plant heigh,exclude,x,exclude values above 15,TRUE,,,,,,,,,,,,,,,,,,,,
Plantago coronopus,Plant heigh,exclude,x,exclude values above 2,TRUE,,,,,,,,,,,,,,,,,,,,
Abies lasiocarpa,Plant heigh,exclude,x,exclude value above 2000,TRUE,,,,,,,,,,,,,,,,,,,,
Ambrosia artemisifolia,Diaspore mass,scale,100,exclude value above 4,TRUE,,,,,,,,,,,,,,,,,,,,
Chrysopsis villosa,Diaspore mass,exclude,x,exclude value below 0.6,TRUE,,,,,,,,,,,,,,,,,,,,
Eremogone congesta,Diaspore mass,exclude,x,exclude valu above 1.0,TRUE,,,,,,,,,,,,,,,,,,,,
Quercus ilex,Diaspore mass,exclude,x,exclude values around zero,TRUE,,,,,,,,,,,,,,,,,,,,
Pinus pinaster,Diaspore mass,exclude,x,exclude values below 40 and above 70,TRUE,,,,,,,,,,,,,,,,,,,,
Physospermum cornubiense,Diaspore mass,scale,100,x,TRUE,,,,,,,,,,,,,,,,,,,,
Cymopterus lemmonii,Diaspore mass,exclude,x,exclude value above 2.0,TRUE,,,,,,,,,,,,,,,,,,,,
Quercus suber,Diaspore mass,exclude,x,exclude values around zero,TRUE,,,,,,,,,,,,,,,,,,,,
Phyllodoce caerulea,Diaspore mass,exclude,x,exclude values above 10,TRUE,,,,,,,,,,,,,,,,,,,,
Juncus drummondii,Plant heigh,scale,0.01,rescale only values above 5,TRUE,,,,,,,,,,,,,,,,,,,,
Astragalus alpinus,Plant heigh,exclude,x,exclude value at 5,TRUE,,,,,,,,,,,,,,,,,,,,
Trifolium dubium,Plant heigh,scale,0.01,x,TRUE,,,,,,,,,,,,,,,,,,,,
Potentilla crantzii,Plant heigh,scale,0.01,rescale only values above 0.5,TRUE,,,,,,,,,,,,,,,,,,,,
Bidens cernua,Plant heigh,scale,0.01,x,TRUE,,,,,,,,,,,,,,,,,,,,
Cherleria obtusiloba,Plant heigh,exclude,x,exclude value above 2,TRUE,,,,,,,,,,,,,,,,,,,,
Hylodesmum glutinosum,Plant heigh,scale,0.01,x,TRUE,,,,,,,,,,,,,,,,,,,,
Myosotis alpestris,Plant heigh,scale,0.01,x,TRUE,,,,,,,,,,,,,,,,,,,,
Taraxacum campylodes,Plant heigh,scale,0.001,x,TRUE,,,,,,,,,,,,,,,,,,,,
Populus deltoides,Plant heigh,exclude,x,exclude values above 40,TRUE,,,,,,,,,,,,,,,,,,,,
Sorghastrum nutans,Plant heigh,scale,0.01,exclude values around zero,TRUE,,,,,,,,,,,,,,,,,,,,
Ornithopus compressus,Plant heigh,exclude,x,use the whole plant height values only,TRUE,,,,,,,,,,,,,,,,,,,,
Thymus zygis,Plant heigh,exclude,x,exclude value at 20,TRUE,,,,,,,,,,,,,,,,,,,,
Crataegus monogyna,Plant heigh,exclude,x,exclude values at 150,TRUE,,,,,,,,,,,,,,,,,,,,
Yucca brevifolia,Plant heigh,exclude,x,exclude value above 10,TRUE,,,,,,,,,,,,,,,,,,,,
Prunus serotina,Plant heigh,exclude,x,exclude values above 25,TRUE,,,,,,,,,,,,,,,,,,,,
Poa trivialis,Plant heigh,scale,0.01,exclude values above 100,TRUE,,,,,,,,,,,,,,,,,,,,
Clinopodium grandiflorum,Plant heigh,scale,0.01,x,TRUE,,,,,,,,,,,,,,,,,,,,
Mertensia lanceolata,Plant heigh,exclude,x,exclude value above 15,TRUE,,,,,,,,,,,,,,,,,,,,
Aralia nudicaulis,Plant heigh,scale,0.01,exclude value at zero,TRUE,,,,,,,,,,,,,,,,,,,,
Kali turgidum,Plant heigh,exclude,x,exclude values above 15,TRUE,,,,,,,,,,,,,,,,,,,,
Trifolium repens,Plant heigh,scale,0.01,x,TRUE,,,,,,,,,,,,,,,,,,,,
Solidago juncea,Plant heigh,scale,0.01,exclude value around zero,TRUE,,,,,,,,,,,,,,,,,,,,
Cytisus scoparius,Plant heigh,exclude,x,exclude value at 80,TRUE,,,,,,,,,,,,,,,,,,,,
Halesia diptera,Plant heigh,scale,0.1,x,TRUE,,,,,,,,,,,,,,,,,,,,
Andropogon virginicus,Plant heigh,scale,0.01,x,TRUE,,,,,,,,,,,,,,,,,,,,
Phyllodoce caerulea,Plant heigh,exclude,x,exclude value at 5,TRUE,,,,,,,,,,,,,,,,,,,,
Acmispon wrightii,Plant heigh,scale,0.01,x,TRUE,,,,,,,,,,,,,,,,,,,,
Antennaria rosulata,Plant heigh,scale,0.01,x,TRUE,,,,,,,,,,,,,,,,,,,,
Cirsium wheeleri,Plant heigh,scale,0.01,x,TRUE,,,,,,,,,,,,,,,,,,,,
Erythronium grandiflorum,Plant heigh,scale,0.01,x,TRUE,,,,,,,,,,,,,,,,,,,,
Herniaria alpina,Plant heigh,scale,0.01,x,TRUE,,,,,,,,,,,,,,,,,,,,
Hymenopappus mexicanus,Plant heigh,scale,0.01,x,TRUE,,,,,,,,,,,,,,,,,,,,
Linum lewisii var. lewisii,Plant heigh,scale,0.01,x,TRUE,,,,,,,,,,,,,,,,,,,,
Potentilla crinita,Plant heigh,scale,0.01,x,TRUE,,,,,,,,,,,,,,,,,,,,
Senecio actinella,Plant heigh,scale,0.01,x,TRUE,,,,,,,,,,,,,,,,,,,,
Silene dioica,Plant heigh,exclude,x,exclude values above 40,TRUE,,,,,,,,,,,,,,,,,,,,
Silene stellata,Plant heigh,scale,0.01,x,TRUE,,,,,,,,,,,,,,,,,,,,
Taxus brevifolia,Plant heigh,exclude,x,exclude values above 15,TRUE,,,,,,,,,,,,,,,,,,,,
Trientalis borealis,Plant heigh,scale,0.01,x,TRUE,,,,,,,,,,,,,,,,,,,,
Phillyrea angustifolia,Plant heigh,exclude,x,exclude values above 75,TRUE,,,,,,,,,,,,,,,,,,,,
Tilia americana,Plant heigh,exclude,x,exclude values below 5 and above 40,TRUE,,,,,,,,,,,,,,,,,,,,
Fraxinus latifolia,Plant heigh,exclude,x,exclude values above 30,TRUE,,,,,,,,,,,,,,,,,,,,
Juniperus virginiana,Plant heigh,exclude,x,exclude values above 20,TRUE,,,,,,,,,,,,,,,,,,,,
Agrostis stolonifera,Plant heigh,scale,0.01,exclude values above 40,TRUE,,,,,,,,,,,,,,,,,,,,
Arnoglossum atriplicifolium,Plant heigh,exclude,x,exclude value around zero,TRUE,,,,,,,,,,,,,,,,,,,,
Artemisia dracunculus,Plant heigh,scale,0.01,x,TRUE,,,,,,,,,,,,,,,,,,,,
Hymenothrix dissecta,Plant heigh,scale,0.01,x,TRUE,,,,,,,,,,,,,,,,,,,,
Poa leptocoma,Plant heigh,scale,0.01,x,TRUE,,,,,,,,,,,,,,,,,,,,
Potentilla hippiana,Plant heigh,scale,0.01,x,TRUE,,,,,,,,,,,,,,,,,,,,
Pinus taeda,Plant heigh,exclude,x,exclude value above 300,TRUE,,,,,,,,,,,,,,,,,,,,
Calocedrus decurrens,Plant heigh,exclude,x,use the whole plant height values only ,TRUE,,,,,,,,,,,,,,,,,,,,
Acer saccharum,Plant heigh,exclude,x,exclude values above 40 and below 5,TRUE,,,,,,,,,,,,,,,,,,,,
Magnolia acuminata,Plant heigh,exclude,x,use the whole plant height values only,TRUE,,,,,,,,,,,,,,,,,,,,
Daphne gnidium,Plant heigh,exclude,x,exclude values above 30,TRUE,,,,,,,,,,,,,,,,,,,,
Pinus aristata,Plant heigh,exclude,x,use the whole plant height values only,TRUE,,,,,,,,,,,,,,,,,,,,
Pinus sylvestris,Plant heigh,exclude,x,exclude values above 400,TRUE,,,,,,,,,,,,,,,,,,,,
Artemisia scopulorum,Plant heigh,exclude,x,exclude values above 5,TRUE,,,,,,,,,,,,,,,,,,,,
Solidago spathulata,Plant heigh,exclude,x,exclude values above 10,TRUE,,,,,,,,,,,,,,,,,,,,
Cymopterus lemmonii,Plant heigh,scale,0.01,exclude values around zero,TRUE,,,,,,,,,,,,,,,,,,,,
Rubus flagellaris,Plant heigh,scale,0.01,rescale only the values above 1,TRUE,,,,,,,,,,,,,,,,,,,,
Ulex parviflorus,Plant heigh,exclude,x,exclude value at 80,TRUE,,,,,,,,,,,,,,,,,,,,
Quercus suber,Plant heigh,exclude,x,exclude value at 1000 and recheck the scaling,TRUE,,,,,,,,,,,,,,,,,,,,
Fumana laevipes,Plant heigh,scale,0.01,exclude extreme outlier,TRUE,,,,,,,,,,,,,,,,,,,,
Lotus cytisoides,Plant heigh,exclude,x,exclude value at 5,TRUE,,,,,,,,,,,,,,,,,,,,
Vaccinium uliginosum,Plant heigh,exclude,x,exclude values above 1,TRUE,,,,,,,,,,,,,,,,,,,,
Securigera varia,Plant heigh,scale,0.01,x,TRUE,,,,,,,,,,,,,,,,,,,,
Salix herbacea,Plant heigh,exclude,x,exclude value at 5,TRUE,,,,,,,,,,,,,,,,,,,,
Salix retusa,Plant heigh,scale,0.01,rescale only the values above 0.05,TRUE,,,,,,,,,,,,,,,,,,,,
Acer platanoides,Plant heigh,exclude,x,exclude value at 1000,TRUE,,,,,,,,,,,,,,,,,,,,
Plantago media,Plant heigh,scale,0.01,x,TRUE,,,,,,,,,,,,,,,,,,,,
Fragaria virginiana,Plant heigh,scale,0.01,strange values above 20,TRUE,,,,,,,,,,,,,,,,,,,,
Carex caryophyllea,Plant heigh,scale,0.01,x,TRUE,,,,,,,,,,,,,,,,,,,,
Mercurialis perennis,Plant heigh,exclude,x,exclude values above 10,TRUE,,,,,,,,,,,,,,,,,,,,
Anthemis maritima,Plant heigh,exclude,x,exclude value above 100,TRUE,,,,,,,,,,,,,,,,,,,,
Carex macrolepis,Plant heigh,exclude,x,exclude values above 20,TRUE,,,,,,,,,,,,,,,,,,,,
Kalmia procumbens,Plant heigh,exclude,x,exclude value at 40,TRUE,,,,,,,,,,,,,,,,,,,,
Trifolium hybridum,Plant heigh,scale,0.01,x,TRUE,,,,,,,,,,,,,,,,,,,,
Allium scorodoprasum subsp. scorodoprasum,Plant heigh,scale,0.01,x,TRUE,,,,,,,,,,,,,,,,,,,,
Androsace adfinis subsp. brigitanica,Plant heigh,scale,0.01,x,TRUE,,,,,,,,,,,,,,,,,,,,
Asplenium septentrionale,Plant heigh,scale,0.01,x,TRUE,,,,,,,,,,,,,,,,,,,,
Bellidastrum michelii,Plant heigh,scale,0.01,x,TRUE,,,,,,,,,,,,,,,,,,,,
Brassica repanda subsp. repanda,Plant heigh,scale,0.01,x,TRUE,,,,,,,,,,,,,,,,,,,,
Erica erigena,Plant heigh,scale,0.01,x,TRUE,,,,,,,,,,,,,,,,,,,,
Gentiana angustifolia,Plant heigh,scale,0.01,x,TRUE,,,,,,,,,,,,,,,,,,,,
Gymnadenia corneliana,Plant heigh,scale,0.01,x,TRUE,,,,,,,,,,,,,,,,,,,,
Hedysarum boutignyanum,Plant heigh,scale,0.01,x,TRUE,,,,,,,,,,,,,,,,,,,,
Leucanthemum adustum,Plant heigh,scale,0.01,x,TRUE,,,,,,,,,,,,,,,,,,,,
Myrica gale,Plant heigh,exclude,x,exclude values above 50,TRUE,,,,,,,,,,,,,,,,,,,,
Stemmacantha lamarckii,Plant heigh,scale,0.01,x,TRUE,,,,,,,,,,,,,,,,,,,,
Trifolium alpinum,Plant heigh,scale,0.01,x,TRUE,,,,,,,,,,,,,,,,,,,,
Arrhenatherum elatius,Plant heigh,scale,0.01,exclude values above 250,TRUE,,,,,,,,,,,,,,,,,,,,
Sanguisorba minor,Plant heigh,scale,0.01,x,TRUE,,,,,,,,,,,,,,,,,,,,
Arabis alpina,Plant heigh,scale,0.01,x,TRUE,,,,,,,,,,,,,,,,,,,,
Arabis caerulea,Plant heigh,scale,0.01,x,TRUE,,,,,,,,,,,,,,,,,,,,
Artemisia umbelliformis,Plant heigh,scale,0.01,x,TRUE,,,,,,,,,,,,,,,,,,,,
Asplenium ruta−muraria,Plant heigh,scale,0.01,x,TRUE,,,,,,,,,,,,,,,,,,,,
Astragalus monspessulanus,Plant heigh,scale,0.01,x,TRUE,,,,,,,,,,,,,,,,,,,,
Dianthus pavonius,Plant heigh,scale,0.01,x,TRUE,,,,,,,,,,,,,,,,,,,,
Laserpitium gallicum,Plant heigh,scale,0.01,x,TRUE,,,,,,,,,,,,,,,,,,,,
Ornithogalum umbellatum,Plant heigh,scale,0.01,x,TRUE,,,,,,,,,,,,,,,,,,,,
Trifolium badium,Plant heigh,scale,0.01,x,TRUE,,,,,,,,,,,,,,,,,,,,
Silene gallica,Plant heigh,scale,0.01,exclude values below10 and above 100,TRUE,,,,,,,,,,,,,,,,,,,,
Spartina alterniflora,Plant heigh,exclude,x,exclude species,TRUE,,,,,,,,,,,,,,,,,,,,
Primula integrifolia,Plant heigh,exclude,x,exclude value at 5,TRUE,,,,,,,,,,,,,,,,,,,,
Amelanchier ovalis,Plant heigh,exclude,x,exclude values above 100,TRUE,,,,,,,,,,,,,,,,,,,,
Cotinus obovatus,Plant heigh,exclude,x,strange values above 15,TRUE,,,,,,,,,,,,,,,,,,,,
Foeniculum vulgare,Plant heigh,exclude,x,use the whole plant height values only,TRUE,,,,,,,,,,,,,,,,,,,,
Cornu florida,Plant heigh,exclude,x,use the plant height vegetative values only,TRUE,,,,,,,,,,,,,,,,,,,,
Medicago sativa,Plant heigh,exclude,x,use the whole plant height values only,TRUE,,,,,,,,,,,,,,,,,,,,
Trifolium cherleri,Plant heigh,exclude,x,use the whole plant height values only,TRUE,,,,,,,,,,,,,,,,,,,,
Platanus wrightii,Plant heigh,exclude,x,use the whole plant height values only,TRUE,,,,,,,,,,,,,,,,,,,,
Morus alba,Plant heigh,exclude,x,use the whole plant height values only,TRUE,,,,,,,,,,,,,,,,,,,,
Cercis canadensis,Plant heigh,exclude,x,use the whole plant height values only,TRUE,,,,,,,,,,,,,,,,,,,,
Quercus ilex,Plant heigh,exclude,x,exclude values above 30,TRUE,,,,,,,,,,,,,,,,,,,,
Matricaria discoidea,Plant heigh,scale,0.01,exclude value above 30,TRUE,,,,,,,,,,,,,,,,,,,,
Neatostema apulum,Plant heigh,exclude,x,use the whole plant height values only,TRUE,,,,,,,,,,,,,,,,,,,,
Saponaria ocymoides,Plant heigh,scale,0.01,x,TRUE,,,,,,,,,,,,,,,,,,,,
Silene italica,Plant heigh,scale,0.01,x,TRUE,,,,,,,,,,,,,,,,,,,,
Hordeum murinum,Plant heigh,exclude,x,exclude values above 0.4,TRUE,,,,,,,,,,,,,,,,,,,,
Pancratium maritimum,Plant heigh,exclude,x,exclude values above 5,TRUE,,,,,,,,,,,,,,,,,,,,
Stipa tenacissima,Plant heigh,scale,0.01,exclude values around zero,TRUE,,,,,,,,,,,,,,,,,,,,
Arctostaphylos alpinus,Plant heigh,exclude,x,exclude values above 5,TRUE,,,,,,,,,,,,,,,,,,,,
Centaurea cyanus,Plant heigh,scale,0.01,exclude value around zero,TRUE,,,,,,,,,,,,,,,,,,,,
Clinopodium nepeta,Plant heigh,scale,0.01,x,TRUE,,,,,,,,,,,,,,,,,,,,
Aconitum napellus,Plant heigh,scale,0.01,x,TRUE,,,,,,,,,,,,,,,,,,,,
Alopecurus geniculatus,Plant heigh,scale,0.01,x,TRUE,,,,,,,,,,,,,,,,,,,,
Arabis soyeri subsp. subcoriacea,Plant heigh,scale,0.01,x,TRUE,,,,,,,,,,,,,,,,,,,,
Carex firma,Plant heigh,exclude,x,exclude value above 3,TRUE,,,,,,,,,,,,,,,,,,,,
Castilleja austromontana,Plant heigh,scale,0.01,x,TRUE,,,,,,,,,,,,,,,,,,,,
Centaurea diffusa,Plant heigh,scale,0.01,x,TRUE,,,,,,,,,,,,,,,,,,,,
Clintonia borealis,Plant heigh,scale,0.01,x,TRUE,,,,,,,,,,,,,,,,,,,,
Cornus alternifolia,Plant heigh,scale,0.1,x,TRUE,,,,,,,,,,,,,,,,,,,,
Danthonia intermedia,Plant heigh,exclude,x,exclude value above 10,TRUE,,,,,,,,,,,,,,,,,,,,
Elymus violaceus,Plant heigh,scale,0.01,x,TRUE,,,,,,,,,,,,,,,,,,,,
Epilobium brachycarpum,Plant heigh,scale,0.01,x,TRUE,,,,,,,,,,,,,,,,,,,,
Eutrochium maculatum,Plant heigh,scale,0.01,x,TRUE,,,,,,,,,,,,,,,,,,,,
Gaillardia pinnatifida,Plant heigh,scale,0.01,x,TRUE,,,,,,,,,,,,,,,,,,,,
Galium verum,Plant heigh,scale,0.01,x,TRUE,,,,,,,,,,,,,,,,,,,,
Gentianella amarella,Plant heigh,exclude,x,exclude value above 10,TRUE,,,,,,,,,,,,,,,,,,,,
Ipomopsis multiflora,Plant heigh,scale,0.01,x,TRUE,,,,,,,,,,,,,,,,,,,,
Nabalus altissimus,Plant heigh,scale,0.01,x,TRUE,,,,,,,,,,,,,,,,,,,,
Phegopteris connectilis,Plant heigh,scale,0.01,x,TRUE,,,,,,,,,,,,,,,,,,,,
Pyrola media,Plant heigh,scale,0.01,x,TRUE,,,,,,,,,,,,,,,,,,,,
Scirpus sylvaticus,Plant heigh,scale,0.01,x,TRUE,,,,,,,,,,,,,,,,,,,,
Sisymbrium officinale,Plant heigh,exclude,x,use the whole plant height values only,TRUE,,,,,,,,,,,,,,,,,,,,
Deschampsia caespitosa,Plant heigh,scale,0.01,rescale values above 5 only,TRUE,,,,,,,,,,,,,,,,,,,,
Tragopogon pratensis,Plant heigh,scale,0.01,x,TRUE,,,,,,,,,,,,,,,,,,,,
Festuca valesiaca,Plant heigh,scale,0.01,x,TRUE,,,,,,,,,,,,,,,,,,,,
Impatiens capensis,Plant heigh,scale,0.01,x,TRUE,,,,,,,,,,,,,,,,,,,,
LYCHNIS FLOS−CUCULI,Plant heigh,scale,0.01,x,TRUE,,,,,,,,,,,,,,,,,,,,
Verbesina occidentalis,Plant heigh,scale,0.01,x,TRUE,,,,,,,,,,,,,,,,,,,,
Luzula multiflora,Plant heigh,scale,0.01,rescale only values above 5,TRUE,,,,,,,,,,,,,,,,,,,,
Saxifraga rotundifolia,Plant heigh,scale,0.01,exclude values around zero,TRUE,,,,,,,,,,,,,,,,,,,,
Epilobium angustifolium,Plant heigh,scale,0.01,exclude values below 25,TRUE,,,,,,,,,,,,,,,,,,,,
Rhamnus lycioides,Plant heigh,exclude,x,exclude species,TRUE,,,,,,,,,,,,,,,,,,,,
Verbascum thapsus,Plant heigh,scale,0.01,exclude values around zero,TRUE,,,,,,,,,,,,,,,,,,,,
Juniperus oxycedrus,Plant heigh,exclude,x,exclude values above 50,TRUE,,,,,,,,,,,,,,,,,,,,
Sibbaldia procumbens,Plant heigh,scale,0.01,rescale values above 0.5 only,TRUE,,,,,,,,,,,,,,,,,,,,
Pinus strobiformis,Plant heigh,exclude,x,use the whole plant height values only,TRUE,,,,,,,,,,,,,,,,,,,,
Hypericum perforatum,Plant heigh,scale,0.01,exclude values around zero,TRUE,,,,,,,,,,,,,,,,,,,,
Juniperus communis,Plant heigh,scale,0.1,rescale values above 5 only,TRUE,,,,,,,,,,,,,,,,,,,,
Succisa pratensis,Plant heigh,scale,0.01,x,TRUE,,,,,,,,,,,,,,,,,,,,
Trollius europaeus,Plant heigh,scale,0.01,x,TRUE,,,,,,,,,,,,,,,,,,,,
Poa alpina,Plant heigh,scale,0.01,rescale values above 1.5 only ,TRUE,,,,,,,,,,,,,,,,,,,,
Quercus faginea,Plant heigh,scale,100,exclude value at 1000,TRUE,,,,,,,,,,,,,,,,,,,,
Acer granatense,Plant heigh,scale,10,exclude value at 1000,TRUE,,,,,,,,,,,,,,,,,,,,
Galium lucidum,Plant heigh,scale,0.01,exclude values around zero,TRUE,,,,,,,,,,,,,,,,,,,,
Campanula persicifolia,Plant heigh,scale,10,exclude values above 20,TRUE,,,,,,,,,,,,,,,,,,,,
Cistus albidus,Plant heigh,scale,0.01,exclude values around zero,TRUE,,,,,,,,,,,,,,,,,,,,
Dryas octopetala,Plant heigh,scale,0.01,rescale values above 0.5 only,TRUE,,,,,,,,,,,,,,,,,,,,
Cerastium fontanum,Plant heigh,scale,0.01,x,TRUE,,,,,,,,,,,,,,,,,,,,
Teucrium capitatum,Plant heigh,scale,0.01,x,TRUE,,,,,,,,,,,,,,,,,,,,
Crucianella maritima,Plant heigh,exclude,x,exclude values above 10,TRUE,,,,,,,,,,,,,,,,,,,,
Melia azedarach,Plant heigh,exclude,x,use the whole plant height values only,TRUE,,,,,,,,,,,,,,,,,,,,
Sedum candollei,Plant heigh,scale,0.01,x,TRUE,,,,,,,,,,,,,,,,,,,,
Festuca ovina,Plant heigh,scale,0.01,strange values around zero ,TRUE,,,,,,,,,,,,,,,,,,,,
Alchemilla vulgaris,Plant heigh,scale,0.01,x,TRUE,,,,,,,,,,,,,,,,,,,,
Carum carvi,Plant heigh,scale,0.01,x,TRUE,,,,,,,,,,,,,,,,,,,,
Potentilla aurea,Plant heigh,scale,0.01,x,TRUE,,,,,,,,,,,,,,,,,,,,
Eremogone fendleri,Plant heigh,scale,0.01,strange values around zero ,TRUE,,,,,,,,,,,,,,,,,,,,
Triticum aestivum,Plant heigh,scale,0.01,x,TRUE,,,,,,,,,,,,,,,,,,,,
Galium boreale,Plant heigh,scale,0.01,x,TRUE,,,,,,,,,,,,,,,,,,,,
Brachypodium retusum,Plant heigh,scale,0.01,x,TRUE,,,,,,,,,,,,,,,,,,,,
Galium obtusum,Plant heigh,scale,0.01,x,TRUE,,,,,,,,,,,,,,,,,,,,
Potentilla pusilla,Plant heigh,scale,0.01,x,TRUE,,,,,,,,,,,,,,,,,,,,
Viola alba,Plant heigh,exclude,x,exclude value at 10,TRUE,,,,,,,,,,,,,,,,,,,,
Astragalus sempervirens,Plant heigh,exclude,x,exclude value at 5,TRUE,,,,,,,,,,,,,,,,,,,,
Ostrya virginiana,Plant heigh,exclude,x,exclude values above 20,TRUE,,,,,,,,,,,,,,,,,,,,
Halesia carolina,Plant heigh,exclude,x,strange values above 10,TRUE,,,,,,,,,,,,,,,,,,,,
Magnolia grandiflora,Plant heigh,exclude,x,exclude values above 250,TRUE,,,,,,,,,,,,,,,,,,,,
Magnolia virginiana,Plant heigh,exclude,x,exclude values above 250,TRUE,,,,,,,,,,,,,,,,,,,,
Trifolium pratense,Plant heigh,scale,0.01,x,TRUE,,,,,,,,,,,,,,,,,,,,
Potentilla neumanniana,Plant heigh,scale,0.01,x,TRUE,,,,,,,,,,,,,,,,,,,,
Jacobaea vulgaris,Plant heigh,scale,0.01,x,TRUE,,,,,,,,,,,,,,,,,,,,
Galium aparine,Plant heigh,scale,0.01,x,TRUE,,,,,,,,,,,,,,,,,,,,
Trisetum flavescens,Plant heigh,scale,0.01,x,TRUE,,,,,,,,,,,,,,,,,,,,
Aegopodium podagraria,Plant heigh,scale,0.01,x,TRUE,,,,,,,,,,,,,,,,,,,,
Digitalis lutea,Plant heigh,exclude,x,exclude value at 40,TRUE,,,,,,,,,,,,,,,,,,,,
Viola reichenbachiana,Plant heigh,exclude,x,exclude values above 5,TRUE,,,,,,,,,,,,,,,,,,,,
Knautia arvensis,Plant heigh,scale,0.01,x,TRUE,,,,,,,,,,,,,,,,,,,,
Heliopsis helianthoides,Plant heigh,scale,0.01,exclude values around zero,TRUE,,,,,,,,,,,,,,,,,,,,
Quercus coccifera,Plant heigh,scale,0.01,strange values around zero ,TRUE,,,,,,,,,,,,,,,,,,,,
Salix lanata,Plant heigh,exclude,x,exclude value at 150,TRUE,,,,,,,,,,,,,,,,,,,,
Cirsium arvense,Plant heigh,scale,0.01,x,TRUE,,,,,,,,,,,,,,,,,,,,
Pinus nigra,Plant heigh,exclude,x,use the whole plant height values only,TRUE,,,,,,,,,,,,,,,,,,,,
Carex pensylvanica,Plant heigh,scale,0.01,strange values around zero ,TRUE,,,,,,,,,,,,,,,,,,,,
Pinus pinaster,Plant heigh,scale,0.1,exclude values above 400,TRUE,,,,,,,,,,,,,,,,,,,,
Betula pendula,Plant heigh,scale,0.1,exclude values above 300,TRUE,,,,,,,,,,,,,,,,,,,,
Lotus corniculatus,Plant heigh,scale,0.01,x,TRUE,,,,,,,,,,,,,,,,,,,,
Rosa rugosa,Plant heigh,scale,0.01,exclude value around zero,TRUE,,,,,,,,,,,,,,,,,,,,
Thymus hyemalis,Plant heigh,scale,0.001,x,TRUE,,,,,,,,,,,,,,,,,,,,
Silene colorata,Plant heigh,exclude,x,exclude value at 5,TRUE,,,,,,,,,,,,,,,,,,,,
Medicago littoralis,Plant heigh,exclude,x,exclude value above 20,TRUE,,,,,,,,,,,,,,,,,,,,
Satureja montana,Plant heigh,scale,0.01,x,TRUE,,,,,,,,,,,,,,,,,,,,
Saussurea alpina,Plant heigh,exclude,x,exclude value at 5,TRUE,,,,,,,,,,,,,,,,,,,,
Scorzoneroides helvetica,Plant heigh,scale,0.01,strange values around zero ,TRUE,,,,,,,,,,,,,,,,,,,,
Physospermum cornubiense,Plant heigh,scale,0.01,x,TRUE,,,,,,,,,,,,,,,,,,,,
Sanicula europaea,Plant heigh,exclude,x,exclude value at 40,TRUE,,,,,,,,,,,,,,,,,,,,
Inula salicina,Plant heigh,scale,0.01,x,TRUE,,,,,,,,,,,,,,,,,,,,
Liriodendron tulipifera,Plant heigh,exclude,x,exclude value at 1000,TRUE,,,,,,,,,,,,,,,,,,,,
Phalaris arundinacea,Plant heigh,scale,0.01,strange values around zero ,TRUE,,,,,,,,,,,,,,,,,,,,
Carex ornithopoda,Plant heigh,scale,0.01,x,TRUE,,,,,,,,,,,,,,,,,,,,
Genista cinerea,Plant heigh,exclude,x,exclude value at 80,TRUE,,,,,,,,,,,,,,,,,,,,
Phleum pratense,Plant heigh,scale,0.01,strange values around zero ,TRUE,,,,,,,,,,,,,,,,,,,,
Gnaphalium supinum,Plant heigh,scale,0.01,x,TRUE,,,,,,,,,,,,,,,,,,,,
Genista scorpius,Plant heigh,scale,0.01,x,TRUE,,,,,,,,,,,,,,,,,,,,
Valeriana montana,Plant heigh,scale,0.01,x,TRUE,,,,,,,,,,,,,,,,,,,,
Oxygraphis glacialis,Plant heigh,exclude,x,exclude value at 5,TRUE,,,,,,,,,,,,,,,,,,,,
Luzula spicata,Plant heigh,exclude,x,exclude value above 12,TRUE,,,,,,,,,,,,,,,,,,,,
Sesleria nitida,Plant heigh,exclude,x,exclude values above 20,TRUE,,,,,,,,,,,,,,,,,,,,
Thymus vulgaris,Plant heigh,scale,0.01,strange values above 50,TRUE,,,,,,,,,,,,,,,,,,,,
Acer pensylvanicum,Plant heigh,exclude,x,exclude values above 200,TRUE,,,,,,,,,,,,,,,,,,,,
Antennaria dioica,Plant heigh,scale,0.01,x,TRUE,,,,,,,,,,,,,,,,,,,,
Gordonia lasianthus,Plant heigh,exclude,x,"strange values above 20, it is a shrub",TRUE,,,,,,,,,,,,,,,,,,,,
Bupleurum falcatum,Plant heigh,scale,0.01,rescale values above 5 only,TRUE,,,,,,,,,,,,,,,,,,,,
Picris hieracioides,Plant heigh,scale,0.01,exclude values around zero,TRUE,,,,,,,,,,,,,,,,,,,,
Helictotrichon pubescens,Plant heigh,scale,0.01,x,TRUE,,,,,,,,,,,,,,,,,,,,
Pastinaca sativa,Plant heigh,scale,0.01,x,TRUE,,,,,,,,,,,,,,,,,,,,
Stipa offneri,Plant heigh,scale,0.01,exclude values around zero,TRUE,,,,,,,,,,,,,,,,,,,,
Quercus nigra,Plant heigh,exclude,x,exclude value above 80,TRUE,,,,,,,,,,,,,,,,,,,,
Euphrasia officinalis,Plant heigh,scale,0.01,exclude values above 20,TRUE,,,,,,,,,,,,,,,,,,,,
Actaea spicata,Plant heigh,exclude,x,exclude value at 80,TRUE,,,,,,,,,,,,,,,,,,,,
Angelica grayi,Plant heigh,exclude,x,exclude value above 30,TRUE,,,,,,,,,,,,,,,,,,,,
Antennaria carpatica,Plant heigh,exclude,x,exclude value at 5,TRUE,,,,,,,,,,,,,,,,,,,,
Athyrium filix−femina,Plant heigh,scale,0.01,x,TRUE,,,,,,,,,,,,,,,,,,,,
Centaurea nigra,Plant heigh,scale,0.01,x,TRUE,,,,,,,,,,,,,,,,,,,,
Centaurea scabiosa,Plant heigh,scale,0.01,x,TRUE,,,,,,,,,,,,,,,,,,,,
Cotinus coggygria,Plant heigh,scale,0.01,x,TRUE,,,,,,,,,,,,,,,,,,,,
Dennstaedtia punctilobula,Plant heigh,scale,0.01,x,TRUE,,,,,,,,,,,,,,,,,,,,
Festuca quadriflora,Plant heigh,exclude,x,exclude value above 5,TRUE,,,,,,,,,,,,,,,,,,,,
Geranium richardsonii,Plant heigh,scale,0.01,x,TRUE,,,,,,,,,,,,,,,,,,,,
Helictotrichon versicolor,Plant heigh,exclude,x,exclude value above 4,TRUE,,,,,,,,,,,,,,,,,,,,
Heuchera parvifolia,Plant heigh,exclude,x,exclude value above 15,TRUE,,,,,,,,,,,,,,,,,,,,
Lapsana communis,Plant heigh,scale,0.01,x,TRUE,,,,,,,,,,,,,,,,,,,,
Lathyrus leucanthus,Plant heigh,scale,0.01,use the plant height vegetative values only,TRUE,,,,,,,,,,,,,,,,,,,,
Leucanthemopsis alpina,Plant heigh,exclude,x,exclude value at 5,TRUE,,,,,,,,,,,,,,,,,,,,
Ligusticum mutellina,Plant heigh,exclude,x,exclude value at 20,TRUE,,,,,,,,,,,,,,,,,,,,
Linaria vulgaris,Plant heigh,scale,0.01,x,TRUE,,,,,,,,,,,,,,,,,,,,
Panicum aciculare,Plant heigh,scale,0.01,x,TRUE,,,,,,,,,,,,,,,,,,,,
Paronychia pulvinata,Plant heigh,exclude,x,exclude value above 1.5,TRUE,,,,,,,,,,,,,,,,,,,,
Penstemon linarioides,Plant heigh,scale,0.01,x,TRUE,,,,,,,,,,,,,,,,,,,,
Primula pauciflora,Plant heigh,exclude,x,exclude value above 9,TRUE,,,,,,,,,,,,,,,,,,,,
Rhinanthus minor,Plant heigh,scale,0.01,strange values overall,TRUE,,,,,,,,,,,,,,,,,,,,
Rhus glabra,Plant heigh,scale,0.01,x,TRUE,,,,,,,,,,,,,,,,,,,,
Sedum alpestre,Plant heigh,exclude,x,exclude value at 5,TRUE,,,,,,,,,,,,,,,,,,,,
Spergularia purpurea,Plant heigh,exclude,x,use the whole plant height values only,TRUE,,,,,,,,,,,,,,,,,,,,
Tetraneuris acaulis,Plant heigh,exclude,x,exclude value above 4,TRUE,,,,,,,,,,,,,,,,,,,,
Thymus longiflorus,Plant heigh,scale,0.01,x,TRUE,,,,,,,,,,,,,,,,,,,,
Campanula trachelium,Plant heigh,exclude,x,exclude values at 80,TRUE,,,,,,,,,,,,,,,,,,,,
Juncus tenuis,Plant heigh,scale,0.01,rescale values above 10 only,TRUE,,,,,,,,,,,,,,,,,,,,
Leontodon taraxacoides,Plant heigh,exclude,x,use the whole plant height values only,TRUE,,,,,,,,,,,,,,,,,,,,
Noccaea montana,Plant heigh,scale,0.01,x,TRUE,,,,,,,,,,,,,,,,,,,,
Phlomis purpurea,Plant heigh,exclude,x,exclude value at 80,TRUE,,,,,,,,,,,,,,,,,,,,
Pistacia lentiscus,Plant heigh,exclude,x,exclude value at 150,TRUE,,,,,,,,,,,,,,,,,,,,
Carex woodii,Plant heigh,scale,0.01,x,TRUE,,,,,,,,,,,,,,,,,,,,
Helichrysum italicum,Plant heigh,scale,0.01,x,TRUE,,,,,,,,,,,,,,,,,,,,
Lysimachia hybrida,Plant heigh,scale,0.01,x,TRUE,,,,,,,,,,,,,,,,,,,,
Polygonum aviculare,Plant heigh,scale,0.01,x,TRUE,,,,,,,,,,,,,,,,,,,,
Quercus macrocarpa,Plant heigh,exclude,x,use the whole plant height values only,TRUE,,,,,,,,,,,,,,,,,,,,
Eryngium campestre,Plant heigh,exclude,x,exclude values above 20,TRUE,,,,,,,,,,,,,,,,,,,,
Asperula tinctoria,Plant heigh,scale,0.01,x,TRUE,,,,,,,,,,,,,,,,,,,,
Chionophila jamesii,Plant heigh,exclude,x,exclude value above 10,TRUE,,,,,,,,,,,,,,,,,,,,
Filago pyramidata,Plant heigh,exclude,x,use the whole plant height values only,TRUE,,,,,,,,,,,,,,,,,,,,
Gentiana algida,Plant heigh,exclude,x,exclude value above 9,TRUE,,,,,,,,,,,,,,,,,,,,
Mentha aquatica,Plant heigh,exclude,x,exclude value at 40,TRUE,,,,,,,,,,,,,,,,,,,,
Oenothera biennis,Plant heigh,scale,0.01,exclude value above 400,TRUE,,,,,,,,,,,,,,,,,,,,
Persicaria pensylvanica,Plant heigh,scale,0.01,x,TRUE,,,,,,,,,,,,,,,,,,,,
Salix hastata,Plant heigh,scale,0.01,exclude value around zero,TRUE,,,,,,,,,,,,,,,,,,,,
Scirpus atrovirens,Plant heigh,scale,0.01,exclude value around zero,TRUE,,,,,,,,,,,,,,,,,,,,
Trigonella alba,Plant heigh,scale,0.01,x,TRUE,,,,,,,,,,,,,,,,,,,,
Carex siccata,Plant heigh,scale,0.01,x,TRUE,,,,,,,,,,,,,,,,,,,,
Carlina vulgaris,Plant heigh,scale,0.01,x,TRUE,,,,,,,,,,,,,,,,,,,,
Pteridium aquilinum,Plant heigh,scale,0.01,rescale values above 1 only,TRUE,,,,,,,,,,,,,,,,,,,,
Festuca rubra,Plant heigh,scale,0.01,x,TRUE,,,,,,,,,,,,,,,,,,,,
Alopecurus pratensis,Plant heigh,scale,0.01,exclude values above 200,TRUE,,,,,,,,,,,,,,,,,,,,
Lavandula multifida,Plant heigh,scale,0.01,x,TRUE,,,,,,,,,,,,,,,,,,,,
Oclemena acuminata,Plant heigh,scale,0.01,x,TRUE,,,,,,,,,,,,,,,,,,,,
Quercus robur,Plant heigh,exclude,x,exclude values above 250,TRUE,,,,,,,,,,,,,,,,,,,,
Scabiosa columbaria,Plant heigh,scale,0.01,x,TRUE,,,,,,,,,,,,,,,,,,,,
Lathyrus pratensis,Plant heigh,scale,0.01,x,TRUE,,,,,,,,,,,,,,,,,,,,
Quercus ellipsoidalis,Plant heigh,exclude,x,exclude values above 30,TRUE,,,,,,,,,,,,,,,,,,,,
Holcus lanatus,Plant heigh,scale,0.01,strange values around zero ,TRUE,,,,,,,,,,,,,,,,,,,,
Andropogon gerardii,Plant heigh,scale,0.01,strange values around zero ,TRUE,,,,,,,,,,,,,,,,,,,,
Carex stricta,Plant heigh,scale,0.01,exclude value around zero,TRUE,,,,,,,,,,,,,,,,,,,,
Helictotrichon pratense,Plant heigh,scale,0.01,x,TRUE,,,,,,,,,,,,,,,,,,,,
Teucrium polium,Plant heigh,scale,0.01,exclude value above 80,TRUE,,,,,,,,,,,,,,,,,,,,
Cutandia maritima,Plant heigh,exclude,x,exclude value at 80,TRUE,,,,,,,,,,,,,,,,,,,,
Sassafras albidum,Plant heigh,exclude,x,exclude value above 30,TRUE,,,,,,,,,,,,,,,,,,,,
Amelanchier arborea,Plant heigh,exclude,x,exclude values above 20,TRUE,,,,,,,,,,,,,,,,,,,,
Actaea rubra,Plant heigh,scale,0.01,x,TRUE,,,,,,,,,,,,,,,,,,,,
Alchemilla alpina,Plant heigh,exclude,x,exclude value at 5,TRUE,,,,,,,,,,,,,,,,,,,,
Brachypodium sylvaticum,Plant heigh,scale,0.01,x,TRUE,,,,,,,,,,,,,,,,,,,,
Campanula rapunculoides,Plant heigh,scale,0.01,x,TRUE,,,,,,,,,,,,,,,,,,,,
Carex intumescens,Plant heigh,scale,0.01,x,TRUE,,,,,,,,,,,,,,,,,,,,
Helictotrichon bromoides,Plant heigh,scale,0.01,x,TRUE,,,,,,,,,,,,,,,,,,,,
Packera cana,Plant heigh,exclude,x,exclude value above 8,TRUE,,,,,,,,,,,,,,,,,,,,
Melittis melissophyllum,Plant heigh,exclude,x,exclude value at 40,TRUE,,,,,,,,,,,,,,,,,,,,
Cruciata glabra,Plant heigh,exclude,x,exclude values at 20,TRUE,,,,,,,,,,,,,,,,,,,,
Sixalix atropurpurea,Plant heigh,exclude,x,exlcude value at 60,TRUE,,,,,,,,,,,,,,,,,,,,
Carlina acaulis,Plant heigh,scale,0.01,x,TRUE,,,,,,,,,,,,,,,,,,,,
Erigeron formosissimus,Plant heigh,scale,0.01,x,TRUE,,,,,,,,,,,,,,,,,,,,
Fraxinus angustifolia,Plant heigh,exclude,x,exclude value at 1000,TRUE,,,,,,,,,,,,,,,,,,,,
Pedicularis tuberosa,Plant heigh,scale,0.01,x,TRUE,,,,,,,,,,,,,,,,,,,,
Polemonium acutiflorum,Plant heigh,exclude,x,exclude value at 5,TRUE,,,,,,,,,,,,,,,,,,,,
Salix repens,Plant heigh,scale,0.01,rescale values above 2 only,TRUE,,,,,,,,,,,,,,,,,,,,
Ambrosia artemisiifolia,Plant heigh,scale,0.01,x,TRUE,,,,,,,,,,,,,,,,,,,,
Salix alba,Plant heigh,exclude,x,exclude values above 20,TRUE,,,,,,,,,,,,,,,,,,,,
Centaurea jacea,Plant heigh,scale,0.01,exclude values above 150,TRUE,,,,,,,,,,,,,,,,,,,,
Bistorta officinalis,Plant heigh,scale,0.01,x,TRUE,,,,,,,,,,,,,,,,,,,,
Erodium cicutarium,Plant heigh,scale,0.01,exclude value at 20,TRUE,,,,,,,,,,,,,,,,,,,,
Linum catharticum,Plant heigh,scale,0.01,strange values around zero ,TRUE,,,,,,,,,,,,,,,,,,,,
Potentilla micrantha,Plant heigh,exclude,x,exclude value at 5,TRUE,,,,,,,,,,,,,,,,,,,,
Panicum anceps,Plant heigh,scale,0.01,x,TRUE,,,,,,,,,,,,,,,,,,,,
Trifolium campestre,Plant heigh,scale,0.01,x,TRUE,,,,,,,,,,,,,,,,,,,,
Helianthemum nummularium,Plant heigh,scale,0.01,x,TRUE,,,,,,,,,,,,,,,,,,,,
Campanula rotundifolia,Plant heigh,scale,0.01,x,TRUE,,,,,,,,,,,,,,,,,,,,
Streptopus lanceolatus,Plant heigh,scale,0.01,x,TRUE,,,,,,,,,,,,,,,,,,,,
Aquilegia caerulea,Plant heigh,scale,0.01,strange values around zero ,TRUE,,,,,,,,,,,,,,,,,,,,
Hippophae rhamnoides,Plant heigh,scale,0.01,exclude values around zero,TRUE,,,,,,,,,,,,,,,,,,,,
Pyrola elliptica,Plant heigh,scale,0.01,x,TRUE,,,,,,,,,,,,,,,,,,,,
Sambucus nigra,Plant heigh,exclude,x,exclude value at 300,TRUE,,,,,,,,,,,,,,,,,,,,
Spartina pectinata,Plant heigh,scale,0.01,x,TRUE,,,,,,,,,,,,,,,,,,,,
Trillium grandiflorum,Plant heigh,scale,0.01,strange value around zero,TRUE,,,,,,,,,,,,,,,,,,,,
Viola calcarata,Plant heigh,scale,0.01,x,TRUE,,,,,,,,,,,,,,,,,,,,
Rumex acetosa,Plant heigh,scale,0.01,exclude values above 150,TRUE,,,,,,,,,,,,,,,,,,,,
Cytisus austriacus,Plant heigh,exclude,x,exclude value at 20,TRUE,,,,,,,,,,,,,,,,,,,,
Geranium rotundifolium,Plant heigh,scale,0.01,x,TRUE,,,,,,,,,,,,,,,,,,,,
Geranium sylvaticum,Plant heigh,exclude,x,exclude value at 40,TRUE,,,,,,,,,,,,,,,,,,,,
Pseudoturritis turrita,Plant heigh,exclude,x,exclude value at 40,TRUE,,,,,,,,,,,,,,,,,,,,
Pyrus communis,Plant heigh,exclude,x,use the whole plant height values only,TRUE,,,,,,,,,,,,,,,,,,,,
Salix serpyllifolia,Plant heigh,scale,0.01,x,TRUE,,,,,,,,,,,,,,,,,,,,
Scorzoneroides autumnalis,Plant heigh,scale,0.01,x,TRUE,,,,,,,,,,,,,,,,,,,,
Salvia rosmarinus,Plant heigh,scale,0.01,strange values around zero ,TRUE,,,,,,,,,,,,,,,,,,,,
Vulpia ciliata,Plant heigh,exclude,x,use the whole plant height values only,TRUE,,,,,,,,,,,,,,,,,,,,
Bidens tinctoria,Plant heigh,scale,0.01,x,TRUE,,,,,,,,,,,,,,,,,,,,
Cologania angustifolia,Plant heigh,scale,0.01,x,TRUE,,,,,,,,,,,,,,,,,,,,
Delphinium nuttallianum,Plant heigh,scale,0.01,use the plant height vegetative values only,TRUE,,,,,,,,,,,,,,,,,,,,
Eriogonum alatum,Plant heigh,scale,0.01,x,TRUE,,,,,,,,,,,,,,,,,,,,
Eryngium yuccifolium,Plant heigh,scale,0.01,x,TRUE,,,,,,,,,,,,,,,,,,,,
Euphorbia brachycera,Plant heigh,scale,0.01,x,TRUE,,,,,,,,,,,,,,,,,,,,
Linaria dalmatica,Plant heigh,scale,0.01,x,TRUE,,,,,,,,,,,,,,,,,,,,
Lupinus kingii,Plant heigh,scale,0.01,x,TRUE,,,,,,,,,,,,,,,,,,,,
Muhlenbergia montana,Plant heigh,scale,0.01,x,TRUE,,,,,,,,,,,,,,,,,,,,
Muhlenbergia wrightii,Plant heigh,scale,0.01,x,TRUE,,,,,,,,,,,,,,,,,,,,
Osmorhiza claytonii,Plant heigh,scale,0.01,x,TRUE,,,,,,,,,,,,,,,,,,,,
Potentilla subviscosa,Plant heigh,scale,0.01,x,TRUE,,,,,,,,,,,,,,,,,,,,
Solidago velutina,Plant heigh,scale,0.01,x,TRUE,,,,,,,,,,,,,,,,,,,,
Teucrium eriocephalum subsp. eriocephalum,Plant heigh,scale,0.01,x,TRUE,,,,,,,,,,,,,,,,,,,,
Trifolium longipes,Plant heigh,scale,0.01,x,TRUE,,,,,,,,,,,,,,,,,,,,
Vicia pulchella,Plant heigh,scale,0.01,x,TRUE,,,,,,,,,,,,,,,,,,,,
Trifolium glomeratum,Plant heigh,exclude,x,use the whole plant height values only,TRUE,,,,,,,,,,,,,,,,,,,,
Ononis variegata,Plant heigh,exclude,x,exclude value above 80,TRUE,,,,,,,,,,,,,,,,,,,,
ATROPA BELLA−DONNA,Plant heigh,exclude,x,exclude value at 150,TRUE,,,,,,,,,,,,,,,,,,,,
Cardamine enneaphyllos,Plant heigh,exclude,x,exclude value at 20,TRUE,,,,,,,,,,,,,,,,,,,,
Carex parviflora,Plant heigh,exclude,x,exclude value above 10,TRUE,,,,,,,,,,,,,,,,,,,,
Ceanothus fendleri,Plant heigh,scale,0.01,x,TRUE,,,,,,,,,,,,,,,,,,,,
Erigeron flagellaris,Plant heigh,scale,0.01,exclude value at 20,TRUE,,,,,,,,,,,,,,,,,,,,
Euonymus latifolius,Plant heigh,scale,10,exlcude value at 300,TRUE,,,,,,,,,,,,,,,,,,,,
Festuca brachyphylla,Plant heigh,exclude,x,exclude value above 6,TRUE,,,,,,,,,,,,,,,,,,,,
Hieracium sp,Plant heigh,exclude,x,exclude value above 3,TRUE,,,,,,,,,,,,,,,,,,,,
Homogyne alpina,Plant heigh,scale,0.01,x,TRUE,,,,,,,,,,,,,,,,,,,,
Potentilla diversifolia,Plant heigh,exclude,x,exclude value above 20,TRUE,,,,,,,,,,,,,,,,,,,,
Taraxacum alpinum,Plant heigh,exclude,x,exclude value at 5,TRUE,,,,,,,,,,,,,,,,,,,,
Viola canadensis,Plant heigh,scale,0.01,x,TRUE,,,,,,,,,,,,,,,,,,,,
Wyethia amplexicaulis,Plant heigh,scale,0.01,x,TRUE,,,,,,,,,,,,,,,,,,,,
Fumaria officinalis,Plant heigh,scale,0.01,x,TRUE,,,,,,,,,,,,,,,,,,,,
Lonicera canadensis,Plant heigh,scale,0.01,x,TRUE,,,,,,,,,,,,,,,,,,,,
Prunus virginiana,Plant heigh,exclude,x,use the whole plant height values only,TRUE,,,,,,,,,,,,,,,,,,,,
Solidago gigantea,Plant heigh,scale,0.01,strange values around zero ,TRUE,,,,,,,,,,,,,,,,,,,,
Pedicularis verticillata,Plant heigh,scale,0.01,rescale values above 1 only,TRUE,,,,,,,,,,,,,,,,,,,,
Cistus salviifolius,Plant heigh,scale,0.01,rescale values above 1 only,TRUE,,,,,,,,,,,,,,,,,,,,
Medicago varia_x,Plant heigh,scale,0.01,x,TRUE,,,,,,,,,,,,,,,,,,,,
Linaria repens,Plant heigh,scale,0.01,x,TRUE,,,,,,,,,,,,,,,,,,,,
Solidago rugosa,Plant heigh,scale,0.01,exclude values around zero,TRUE,,,,,,,,,,,,,,,,,,,,
Allium victorialis,Plant heigh,scale,0.01,x,TRUE,,,,,,,,,,,,,,,,,,,,
Artemisia alba,Plant heigh,scale,0.01,x,TRUE,,,,,,,,,,,,,,,,,,,,
Campanula cenisia,Plant heigh,scale,0.01,x,TRUE,,,,,,,,,,,,,,,,,,,,
Carduus defloratus subsp. defloratus,Plant heigh,scale,0.01,x,TRUE,,,,,,,,,,,,,,,,,,,,
Carex elata,Plant heigh,scale,0.01,x,TRUE,,,,,,,,,,,,,,,,,,,,
Cerinthe glabra subsp. glabra,Plant heigh,scale,0.01,x,TRUE,,,,,,,,,,,,,,,,,,,,
Dactylorhiza fuchsii,Plant heigh,scale,0.01,x,TRUE,,,,,,,,,,,,,,,,,,,,
Dactylorhiza majalis,Plant heigh,scale,0.01,x,TRUE,,,,,,,,,,,,,,,,,,,,
Euphorbia spinosa,Plant heigh,scale,0.01,x,TRUE,,,,,,,,,,,,,,,,,,,,
Genista cinerea subsp. cinerea,Plant heigh,scale,0.01,x,TRUE,,,,,,,,,,,,,,,,,,,,
Limonium tabernense,Plant heigh,scale,0.01,x,TRUE,,,,,,,,,,,,,,,,,,,,
Origanum vulgare subsp. vulgare,Plant heigh,scale,0.01,x,TRUE,,,,,,,,,,,,,,,,,,,,
Pentanema helveticum,Plant heigh,scale,0.01,x,TRUE,,,,,,,,,,,,,,,,,,,,
Polygonum douglasii,Plant heigh,scale,0.01,x,TRUE,,,,,,,,,,,,,,,,,,,,
Saxifraga androsacea,Plant heigh,scale,0.01,x,TRUE,,,,,,,,,,,,,,,,,,,,
Sempervivum montanum subsp. burnatii,Plant heigh,scale,0.01,x,TRUE,,,,,,,,,,,,,,,,,,,,
Euthamia graminifolia,Plant heigh,scale,0.01,exclude value around zero,TRUE,,,,,,,,,,,,,,,,,,,,
Empetrum nigrum subsp. hermaphroditum,Plant heigh,exclude,x,exclude value above 5,TRUE,,,,,,,,,,,,,,,,,,,,
Aconitum lycoctonum subsp. vulparia,Plant heigh,scale,0.01,x,TRUE,,,,,,,,,,,,,,,,,,,,
Adenostyles alpina,Plant heigh,scale,0.01,x,TRUE,,,,,,,,,,,,,,,,,,,,
Adenostyles leucophylla,Plant heigh,scale,0.01,x,TRUE,,,,,,,,,,,,,,,,,,,,
Androsace vitaliana,Plant heigh,scale,0.01,x,TRUE,,,,,,,,,,,,,,,,,,,,
Chaenactis douglasii,Plant heigh,scale,0.01,exclude value above 40,TRUE,,,,,,,,,,,,,,,,,,,,
Crepis aurea,Plant heigh,scale,0.01,x,TRUE,,,,,,,,,,,,,,,,,,,,
Doronicum grandiflorum,Plant heigh,scale,0.01,x,TRUE,,,,,,,,,,,,,,,,,,,,
Erigeron pulchellus,Plant heigh,scale,0.01,x,TRUE,,,,,,,,,,,,,,,,,,,,
Eriogonum umbellatum,Plant heigh,scale,0.01,exclude value at 40,TRUE,,,,,,,,,,,,,,,,,,,,
Erucastrum gallicum,Plant heigh,scale,0.01,x,TRUE,,,,,,,,,,,,,,,,,,,,
Gnaphalium hoppeanum,Plant heigh,scale,0.01,x,TRUE,,,,,,,,,,,,,,,,,,,,
Lavandula angustifolia,Plant heigh,scale,0.01,x,TRUE,,,,,,,,,,,,,,,,,,,,
Linum alpinum,Plant heigh,scale,0.01,x,TRUE,,,,,,,,,,,,,,,,,,,,
Micranthes stellaris,Plant heigh,scale,0.01,x,TRUE,,,,,,,,,,,,,,,,,,,,
Nepeta nepetella,Plant heigh,scale,0.01,x,TRUE,,,,,,,,,,,,,,,,,,,,
Oenothera glazioviana,Plant heigh,scale,0.01,x,TRUE,,,,,,,,,,,,,,,,,,,,
Petrosedum anopetalum,Plant heigh,scale,0.01,x,TRUE,,,,,,,,,,,,,,,,,,,,
Polygala alpestris,Plant heigh,scale,0.01,x,TRUE,,,,,,,,,,,,,,,,,,,,
Salix breviserrata ,Plant heigh,scale,0.01,exclude value at 40,TRUE,,,,,,,,,,,,,,,,,,,,
Senecio squalidus,Plant heigh,scale,0.01,x,TRUE,,,,,,,,,,,,,,,,,,,,
Sisymbrium austriacum,Plant heigh,scale,0.01,x,TRUE,,,,,,,,,,,,,,,,,,,,
Acer rubrum,Plant heigh,exclude,x,exclude values above 30,TRUE,,,,,,,,,,,,,,,,,,,,
Echium plantagineum,Plant heigh,exclude,x,exclude values above 5,TRUE,,,,,,,,,,,,,,,,,,,,
Luzula campestris,Plant heigh,scale,0.01,x,TRUE,,,,,,,,,,,,,,,,,,,,
Centranthus angustifolius,Plant heigh,scale,0.01,x,TRUE,,,,,,,,,,,,,,,,,,,,
Cephalaria leucantha,Plant heigh,scale,0.01,x,TRUE,,,,,,,,,,,,,,,,,,,,
Hornungia alpina,Plant heigh,scale,0.01,x,TRUE,,,,,,,,,,,,,,,,,,,,
Lathyrus palustris,Plant heigh,scale,0.01,exclude value around zero,TRUE,,,,,,,,,,,,,,,,,,,,
Phleum alpinum,Plant heigh,exclude,x,exclude value above 20,TRUE,,,,,,,,,,,,,,,,,,,,
Poa compressa,Plant heigh,scale,0.01,x,TRUE,,,,,,,,,,,,,,,,,,,,
Juncus gerardii,Plant heigh,scale,0.01,x,TRUE,,,,,,,,,,,,,,,,,,,,
Acer pseudoplatanus,Plant heigh,scale,10,exclude values above 10,TRUE,,,,,,,,,,,,,,,,,,,,
Eritrichium nanum,Plant heigh,exclude,x,exclude values above 2,TRUE,,,,,,,,,,,,,,,,,,,,
Pinus uncinata,Plant heigh,scale,0.01,rescale values above 200 only,TRUE,,,,,,,,,,,,,,,,,,,,
Anemone hepatica,Plant heigh,scale,0.01,rescale values above 2 only,TRUE,,,,,,,,,,,,,,,,,,,,
Vaccinium myrtillus,Plant heigh,scale,0.01,rescale values above 15 only,TRUE,,,,,,,,,,,,,,,,,,,,
Acer saccharum,Plant heigh,scale,0.001,exclude values around zero,TRUE,,,,,,,,,,,,,,,,,,,,
Veronica arvensis,Plant heigh,scale,0.01,x,TRUE,,,,,,,,,,,,,,,,,,,,
VACCINIUM VITIS−IDAEA,Plant heigh,scale,0.01,rescale values above 1 only,TRUE,,,,,,,,,,,,,,,,,,,,
ARCTOSTAPHYLOS UVA−URSI,Plant heigh,scale,0.01,rescale values above 1 only,TRUE,,,,,,,,,,,,,,,,,,,,
Prunus americana,Plant heigh,exclude,x,exclude values above 5,TRUE,,,,,,,,,,,,,,,,,,,,
Daucus carota,Plant heigh,scale,0.01,x,TRUE,,,,,,,,,,,,,,,,,,,,
Viola arvensis,Plant heigh,scale,0.001,exclude value above 500 and check the value again,TRUE,,,,,,,,,,,,,,,,,,,,
Epipactis helleborine,Plant heigh,scale,0.01,rescale values above 10 only,TRUE,,,,,,,,,,,,,,,,,,,,
Hieracum murorum,Plant heigh,scale,10,exclude values above 1,TRUE,,,,,,,,,,,,,,,,,,,,
Planera aquatica,Plant heigh,exclude,x,exclude values above 20,TRUE,,,,,,,,,,,,,,,,,,,,
Nardus stricta,Plant heigh,scale,0.01,strange values around zero ,TRUE,,,,,,,,,,,,,,,,,,,,
Crataegus laciniata,Plant heigh,exclude,x,exclude value at 150,TRUE,,,,,,,,,,,,,,,,,,,,
Viburnum acerifolium,Plant heigh,exclude,x,exclude species,TRUE,,,,,,,,,,,,,,,,,,,,
Thalictrum alpinum,Plant heigh,scale,0.01,rescale values above 0.5 only,TRUE,,,,,,,,,,,,,,,,,,,,
Sambucus racemosa,Plant heigh,scale,0.01,x,TRUE,,,,,,,,,,,,,,,,,,,,
Campsis radicans,Plant heigh,scale,0.1,x,TRUE,,,,,,,,,,,,,,,,,,,,
Stipa comata,Plant heigh,scale,0.01,x,TRUE,,,,,,,,,,,,,,,,,,,,
Rubia peregrina,Plant heigh,exclude,x,exclude values around zero,TRUE,,,,,,,,,,,,,,,,,,,,
Thymus mastichina,Plant heigh,scale,0.01,rescale values above 10 only and exclude value above 100,TRUE,,,,,,,,,,,,,,,,,,,,
Thinopyrum junceum,Plant heigh,scale,0.01,rescale values above 10 only and exclude value above 500,TRUE,,,,,,,,,,,,,,,,,,,,
Eryngium maritimum,Plant heigh,exclude,x,exclude values above 5,TRUE,,,,,,,,,,,,,,,,,,,,
Desmodium canadense,Plant heigh,exclude,x,exclude values above 40,TRUE,,,,,,,,,,,,,,,,,,,,
Solidago virgaurea,Plant heigh,scale,10,exclude values above 5,TRUE,,,,,,,,,,,,,,,,,,,,
Vincetoxicum nigrum,Plant heigh,scale,0.01,x,TRUE,,,,,,,,,,,,,,,,,,,,
Taraxacum sp,Plant heigh,scale,0.01,rescale values above 5 only,TRUE,,,,,,,,,,,,,,,,,,,,
Prosopis glandulosa,Plant heigh,exclude,x,exclude values above 15 ,TRUE,,,,,,,,,,,,,,,,,,,,
Hieracium caespitosum,Plant heigh,scale,10,rescale values below 0.006 only,TRUE,,,,,,,,,,,,,,,,,,,,
Lavandula latifolia,Plant heigh,exclude,x,exclude value above 10,TRUE,,,,,,,,,,,,,,,,,,,,
Anthoxanthum odoratum,Plant heigh,scale,0.01,exclude values above 100,TRUE,,,,,,,,,,,,,,,,,,,,
Agoseris glauca,Plant heigh,scale,0.01,x,TRUE,,,,,,,,,,,,,,,,,,,,
Bistorta vivipara,Plant heigh,scale,0.01,rescale values above 1 only,TRUE,,,,,,,,,,,,,,,,,,,,
Filipendula vulgaris,Plant heigh,scale,0.01,rescale values above 5 only,TRUE,,,,,,,,,,,,,,,,,,,,
Panicum oligosanthes,Plant heigh,scale,0.01,x,TRUE,,,,,,,,,,,,,,,,,,,,
Cornus racemosa,Plant heigh,scale,0.01,x,TRUE,,,,,,,,,,,,,,,,,,,,
Sorbus torminalis,Plant heigh,scale,10,exclude values above 250,TRUE,,,,,,,,,,,,,,,,,,,,
Vernonia fasciculata,Plant heigh,scale,0.01,x,TRUE,,,,,,,,,,,,,,,,,,,,
Ammophila arenaria,Plant heigh,scale,0.01,rescale values above 20 only and exclude value at 800,TRUE,,,,,,,,,,,,,,,,,,,,
Acer monspessulanum,Plant heigh,exclude,x,exclude value at 1000,TRUE,,,,,,,,,,,,,,,,,,,,
Calystegia sepium,Plant heigh,scale,0.01,exclude value above 300 and around zero,TRUE,,,,,,,,,,,,,,,,,,,,
Pedicularis lapponica,Plant heigh,exclude,x,exclude value at 5,TRUE,,,,,,,,,,,,,,,,,,,,
Menispermum canadense,Plant heigh,scale,0.01,x,TRUE,,,,,,,,,,,,,,,,,,,,
Pinus halepensis,Plant heigh,scale,10,rescale values below 2 only,TRUE,,,,,,,,,,,,,,,,,,,,
Viola biflora,Plant heigh,scale,0.01,rescale values above 3 only,TRUE,,,,,,,,,,,,,,,,,,,,
Pinus nigra subsp. salzmannii,Plant heigh,scale,10,rescale values below 5 only,TRUE,,,,,,,,,,,,,,,,,,,,
Rosa woodsii,Plant heigh,scale,0.01,x,TRUE,,,,,,,,,,,,,,,,,,,,
Betula nana,Plant heigh,exclude,x,exclude value at 80,TRUE,,,,,,,,,,,,,,,,,,,,
Daphne laureola,Plant heigh,exclude,x,exclude value at 40,TRUE,,,,,,,,,,,,,,,,,,,,
Agrostis alpina,Plant heigh,scale,10,exclude value above 7,TRUE,,,,,,,,,,,,,,,,,,,,
Alchemilla pentaphyllea,Plant heigh,exclude,x,exclude value at 2,TRUE,,,,,,,,,,,,,,,,,,,,
Maianthemum racemosum,Plant heigh,scale,0.01,x,TRUE,,,,,,,,,,,,,,,,,,,,
Saxifraga bryoides,Plant heigh,exclude,x,exclude value at 5,TRUE,,,,,,,,,,,,,,,,,,,,
Silene acaulis,Plant heigh,scale,10,exclude values above 1,TRUE,,,,,,,,,,,,,,,,,,,,
Phillyrea latifolia,Plant heigh,scale,10,exclude values above 100,TRUE,,,,,,,,,,,,,,,,,,,,
Rhododendron ferrugineum,Plant heigh,scale,0.01,rescale values above 5 only,TRUE,,,,,,,,,,,,,,,,,,,,
Helichrysum stoechas,Plant heigh,exclude,x,exclude value above 300,TRUE,,,,,,,,,,,,,,,,,,,,
Brachypodium pinnatum,Plant heigh,scale,0.01,rescale values above 5 only,TRUE,,,,,,,,,,,,,,,,,,,,
Dactylorhiza incarnata,Plant heigh,scale,0.01,x,TRUE,,,,,,,,,,,,,,,,,,,,
Erica carnea,Plant heigh,scale,0.01,rescale values above 10 only,TRUE,,,,,,,,,,,,,,,,,,,,
Salix sp,Plant heigh,scale,0.01,x,TRUE,,,,,,,,,,,,,,,,,,,,
Anthriscus sylvestris,Plant heigh,scale,0.01,x,TRUE,,,,,,,,,,,,,,,,,,,,
Rubus ulmifolius,Plant heigh,scale,10,exclude value above 40,TRUE,,,,,,,,,,,,,,,,,,,,
Potentilla recta,Plant heigh,scale,0.01,rescale values above 1 only,TRUE,,,,,,,,,,,,,,,,,,,,
Rubus allegheniensis,Plant heigh,scale,0.01,x,TRUE,,,,,,,,,,,,,,,,,,,,
Galium lucidum,Plant heigh,scale,0.01,rescale values above 10 only,TRUE,,,,,,,,,,,,,,,,,,,,
Stachys officinalis,Plant heigh,scale,0.01,rescale values above 2 only,TRUE,,,,,,,,,,,,,,,,,,,,
Sorbus aucuparia,Plant heigh,scale,0.01,rescale values above 250 only,TRUE,,,,,,,,,,,,,,,,,,,,
Carpinus caroliniana,Plant heigh,exclude,x,exclude values above 20,TRUE,,,,,,,,,,,,,,,,,,,,
Maclura pamifera,Plant heigh,exclude,x,use the whole plant height values only and exclude values above 20,TRUE,,,,,,,,,,,,,,,,,,,,
Fraxinus nigra,Plant heigh,exclude,x,exclude values above 30,TRUE,,,,,,,,,,,,,,,,,,,,
Populus tremuliodes,Plant heigh,scale,0.01,rescale values above 20 only,TRUE,,,,,,,,,,,,,,,,,,,,
Bromus tectorum,Plant heigh,scale,0.01,use the plant height vegetative values only and exclude values around zero,TRUE,,,,,,,,,,,,,,,,,,,,
Larix laricina,Plant heigh,exclude,x,use the whole plant height values only and exclude values above 30,TRUE,,,,,,,,,,,,,,,,,,,,
Pinus monophylla,Plant heigh,exclude,x,exclude values above 20,TRUE,,,,,,,,,,,,,,,,,,,,
Betula papyrifera,Plant heigh,scale,0.1,rescale values above 50 only,TRUE,,,,,,,,,,,,,,,,,,,,
Fagus sylvatica,Plant heigh,exclude,x,exclude value at 1000,TRUE,,,,,,,,,,,,,,,,,,,,
Acer negundo,Plant heigh,exclude,x,exclude value at 1000,TRUE,,,,,,,,,,,,,,,,,,,,
Quercus agrifolia,Plant heigh,exclude,x,exclude values above 30,TRUE,,,,,,,,,,,,,,,,,,,,
Alnus incana,Plant heigh,exclude,x,exclude values above 250,TRUE,,,,,,,,,,,,,,,,,,,,
Tolpis barbata,Plant heigh,exclude,x,use the whole plant height values only,TRUE,,,,,,,,,,,,,,,,,,,,
Conyza canadensis,Plant heigh,scale,0.01,use the plant height vegetative values only,TRUE,,,,,,,,,,,,,,,,,,,,
Betula pendula,Stem specific density,scale,0.001,x,TRUE,,,,,,,,,,,,,,,,,,,,
Thymus vulgaris,Stem specific density,exclude,x,exclude values around zero,TRUE,,,,,,,,,,,,,,,,,,,,
ARCTOSTAPHYLOS UVA−URSI,Stem specific density,exclude,x,exclude values around zero,TRUE,,,,,,,,,,,,,,,,,,,,
Hormathophylla lapeyrousiana,Stem specific density,scale,100,x,TRUE,,,,,,,,,,,,,,,,,,,,
Quercus ilex,Stem specific density,exclude,x,exclude values around zero,TRUE,,,,,,,,,,,,,,,,,,,,
Carya ovata,Stem specific density,scale,0.001,exclude value around zero,TRUE,,,,,,,,,,,,,,,,,,,,
Helianthemum syriacum,Stem specific density,scale,10,exclude value above 0.4,TRUE,,,,,,,,,,,,,,,,,,,,
Genista scorpius,Stem specific density,scale,10,x,TRUE,,,,,,,,,,,,,,,,,,,,
Fagus sylvatica,Stem specific density,scale,0.001,rescale values above 600 only,TRUE,,,,,,,,,,,,,,,,,,,,
Fumana ericoides,Stem specific density,scale,100,exclude value above 0.06,TRUE,,,,,,,,,,,,,,,,,,,,
Atriplex sp,Stem specific density,scale,100,x,TRUE,,,,,,,,,,,,,,,,,,,,
Bupleurum fruticescens,Stem specific density,scale,10,x,TRUE,,,,,,,,,,,,,,,,,,,,
Pistacia lentiscus,Stem specific density,exclude,x,exclude values below 0.6,TRUE,,,,,,,,,,,,,,,,,,,,
Clinopodium obovatum,Stem specific density,scale,10,x,TRUE,,,,,,,,,,,,,,,,,,,,
Betula lenta,Stem specific density,scale,0.001,exclude value around zero,TRUE,,,,,,,,,,,,,,,,,,,,
Liriodendron tulipifera,Stem specific density,scale,0.001,exclude value around zero,TRUE,,,,,,,,,,,,,,,,,,,,
Quercus rubra,Stem specific density,scale,0.001,exclude value around zero,TRUE,,,,,,,,,,,,,,,,,,,,
Quercus alba,Stem specific density,scale,0.001,exclude value around zero,TRUE,,,,,,,,,,,,,,,,,,,,
Pinus ponderosa,Stem specific density,exclude,x,exclude value above 300,TRUE,,,,,,,,,,,,,,,,,,,,
Rhamnus lycioides,Stem specific density,scale,100,exclude values above 0.2,TRUE,,,,,,,,,,,,,,,,,,,,
Helianthemum cinereum,Stem specific density,scale,100,exclude values above 0.02,TRUE,,,,,,,,,,,,,,,,,,,,
Helichrysum italicum,Stem specific density,scale,100,exclude values above 0.6,TRUE,,,,,,,,,,,,,,,,,,,,
Pseudotsuga menziesii,Stem specific density,exclude,x,exclude value above 400,TRUE,,,,,,,,,,,,,,,,,,,,
Salvia rosmarinus,Stem specific density,scale,100,exclude values above 0.5,TRUE,,,,,,,,,,,,,,,,,,,,
Fumana laevipes,Stem specific density,scale,100,exclude value above 0.012,TRUE,,,,,,,,,,,,,,,,,,,,
Genista sp,Stem specific density,scale,10,x,TRUE,,,,,,,,,,,,,,,,,,,,
Phagnalon saxatile,Stem specific density,scale,100,x,TRUE,,,,,,,,,,,,,,,,,,,,
Teucrium polium,Stem specific density,scale,100,exclude value above 0.04,TRUE,,,,,,,,,,,,,,,,,,,,
Thymus mastichina,Stem specific density,scale,100,x,TRUE,,,,,,,,,,,,,,,,,,,,
Picea glauca,Stem specific density,exclude,x,exclude values below 0.3,TRUE,,,,,,,,,,,,,,,,,,,,
Cistus albidus,Stem specific density,exclude,x,use the stem wood density values only,TRUE,,,,,,,,,,,,,,,,,,,,
Betula alleghaniensis,Stem specific density,scale,0.001,x,TRUE,,,,,,,,,,,,,,,,,,,,
Quercus faginea,Stem specific density,exclude,x,exclude value below 0.6,TRUE,,,,,,,,,,,,,,,,,,,,
Teucrium capitatum,Stem specific density,scale,100,exclude value above 0.4,TRUE,,,,,,,,,,,,,,,,,,,,
Corylus avellana,Leaf nitrogen content per unit mass,scale,10,rescale values below 5 only,TRUE,,,,,,,,,,,,,,,,,,,,
Hypericum perforatum,Leaf nitrogen content per unit mass,scale,10,rescale values below 5 only,TRUE,,,,,,,,,,,,,,,,,,,,
Quercus michauxi,Leaf nitrogen content per unit mass,exclude,x,exclude values below 10,TRUE,,,,,,,,,,,,,,,,,,,,
Pistacia lentiscus,Leaf nitrogen content per unit mass,exclude,x,exclude values below 5,TRUE,,,,,,,,,,,,,,,,,,,,
Alnus glutinosa,Leaf nitrogen content per unit mass,scale,10,rescale values below 10 only,TRUE,,,,,,,,,,,,,,,,,,,,
Acer saccharum,Leaf nitrogen content per unit mass,scale,10,rescale values below 10 only,TRUE,,,,,,,,,,,,,,,,,,,,
Fagus sylvatica,Leaf nitrogen content per unit mass,scale,10,rescale values below 10 only,TRUE,,,,,,,,,,,,,,,,,,,,
Ulmus glabra,Leaf nitrogen content per unit mass,scale,10,rescale values below 10 only,TRUE,,,,,,,,,,,,,,,,,,,,
Populus tremula,Leaf nitrogen content per unit mass,scale,10,rescale values below 10 only,TRUE,,,,,,,,,,,,,,,,,,,,
Poa pratensis,Leaf nitrogen content per unit mass,scale,10,rescale values below 10 only,TRUE,,,,,,,,,,,,,,,,,,,,
Laburnum anagyroides,Leaf nitrogen content per unit mass,scale,10,rescale values below 10 only,TRUE,,,,,,,,,,,,,,,,,,,,
Pedicularis lapponica,Leaf nitrogen content per unit mass,scale,10,rescale values below 10 only,TRUE,,,,,,,,,,,,,,,,,,,,
Quercus ilex,Leaf nitrogen content per unit mass,scale,10,rescale values below 5 only,TRUE,,,,,,,,,,,,,,,,,,,,
Plantago patagonica,Leaf nitrogen content per unit mass,exclude,x,exclude values below 5,TRUE,,,,,,,,,,,,,,,,,,,,
Deschampsia flexuosa,Leaf nitrogen content per unit mass,scale,10,rescale values below 10 only and exclude values above 40,TRUE,,,,,,,,,,,,,,,,,,,,
Rubus fruticosus,Leaf nitrogen content per unit mass,scale,10,rescale values below 10 only,TRUE,,,,,,,,,,,,,,,,,,,,
Salix caprea,Leaf nitrogen content per unit mass,scale,10,rescale values below 10 only,TRUE,,,,,,,,,,,,,,,,,,,,
Sorbus aucuparia,Leaf nitrogen content per unit mass,scale,10,rescale values below 10 only,TRUE,,,,,,,,,,,,,,,,,,,,
Alnus incana,Leaf nitrogen content per unit mass,scale,10,rescale values below 10 only,TRUE,,,,,,,,,,,,,,,,,,,,
Pinus brutia,Leaf nitrogen content per unit mass,scale,10,rescale values below 5 only,TRUE,,,,,,,,,,,,,,,,,,,,
Malus sylvestris,Leaf nitrogen content per unit mass,scale,10,rescale values below 10 only,TRUE,,,,,,,,,,,,,,,,,,,,
Quercus pyrenaica,Leaf nitrogen content per unit mass,scale,10,rescale values below 10 only,TRUE,,,,,,,,,,,,,,,,,,,,
Betula pendula,Leaf nitrogen content per unit mass,scale,10,rescale values below 10 only,TRUE,,,,,,,,,,,,,,,,,,,,
Luzula campestris,Leaf nitrogen content per unit mass,scale,10,rescale values below 10 only,TRUE,,,,,,,,,,,,,,,,,,,,
Pseudotsuga menziesii,Leaf nitrogen content per unit mass,scale,10,rescale values below 5 only exclude values above 30,TRUE,,,,,,,,,,,,,,,,,,,,
Lycopodium annotinum,Leaf nitrogen content per unit mass,scale,10,rescale values below 3 only,TRUE,,,,,,,,,,,,,,,,,,,,
Berberis vulgaris,Leaf nitrogen content per unit mass,scale,10,rescale values below 10 only,TRUE,,,,,,,,,,,,,,,,,,,,
Acer rubrum,Leaf nitrogen content per unit mass,scale,10,rescale values below 10 only,TRUE,,,,,,,,,,,,,,,,,,,,
Pinus pinaster,Leaf nitrogen content per unit mass,scale,10,rescale values below 5 only,TRUE,,,,,,,,,,,,,,,,,,,,
Juncus arcticus,Leaf nitrogen content per unit mass,scale,10,rescale values below 10 only,TRUE,,,,,,,,,,,,,,,,,,,,
Salix alba,Leaf nitrogen content per unit mass,scale,10,rescale values below 10 only,TRUE,,,,,,,,,,,,,,,,,,,,
Acmispon wrightii,Leaf nitrogen content per unit mass,scale,10,exclude values above 3.5,TRUE,,,,,,,,,,,,,,,,,,,,
Astragalus humistratus,Leaf nitrogen content per unit mass,scale,10,x,TRUE,,,,,,,,,,,,,,,,,,,,
Bidens tinctoria,Leaf nitrogen content per unit mass,scale,10,x,TRUE,,,,,,,,,,,,,,,,,,,,
Cologania angustifolia,Leaf nitrogen content per unit mass,scale,10,exclude values above 4.5,TRUE,,,,,,,,,,,,,,,,,,,,
Erigeron flagellaris,Leaf nitrogen content per unit mass,scale,10,x,TRUE,,,,,,,,,,,,,,,,,,,,
Erigeron formosissimus,Leaf nitrogen content per unit mass,scale,10,x,TRUE,,,,,,,,,,,,,,,,,,,,
Euphorbia fendleri,Leaf nitrogen content per unit mass,scale,10,exclude values below 0.6,TRUE,,,,,,,,,,,,,,,,,,,,
Hymenopappus mexicanus,Leaf nitrogen content per unit mass,scale,10,x,TRUE,,,,,,,,,,,,,,,,,,,,
Hymenothrix dissecta,Leaf nitrogen content per unit mass,scale,10,x,TRUE,,,,,,,,,,,,,,,,,,,,
Polygonatum odoratum,Leaf nitrogen content per unit mass,scale,10,rescale values below 10 only,TRUE,,,,,,,,,,,,,,,,,,,,
Populus alba,Leaf nitrogen content per unit mass,scale,10,rescale values below 10 only,TRUE,,,,,,,,,,,,,,,,,,,,
Rhus microphylla,Leaf nitrogen content per unit mass,scale,10,x,TRUE,,,,,,,,,,,,,,,,,,,,
Senecio actinella,Leaf nitrogen content per unit mass,scale,10,x,TRUE,,,,,,,,,,,,,,,,,,,,
Solidago nana,Leaf nitrogen content per unit mass,scale,10,x,TRUE,,,,,,,,,,,,,,,,,,,,
Viburnum burejaeticum,Leaf nitrogen content per unit mass,scale,10,x,TRUE,,,,,,,,,,,,,,,,,,,,
Acer pseudoplatanus,Leaf nitrogen content per unit mass,scale,10,rescale values below 10 only,TRUE,,,,,,,,,,,,,,,,,,,,
Quercus coccifera,Leaf nitrogen content per unit mass,exclude,x,exclude values below 5 ,TRUE,,,,,,,,,,,,,,,,,,,,
Filipendula ulmaria,Leaf nitrogen content per unit mass,scale,10,x,TRUE,,,,,,,,,,,,,,,,,,,,
Quercus sp,Leaf nitrogen content per unit mass,scale,10,rescale values below 10 only,TRUE,,,,,,,,,,,,,,,,,,,,
Rubus saxatilis,Leaf nitrogen content per unit mass,scale,10,rescale values below 10 only,TRUE,,,,,,,,,,,,,,,,,,,,
Ostrya virginiana,Leaf nitrogen content per unit mass,scale,10,rescale values below 10 only,TRUE,,,,,,,,,,,,,,,,,,,,
Koeleria pyramidata,Leaf nitrogen content per unit mass,scale,10,rescale values below 10 only,TRUE,,,,,,,,,,,,,,,,,,,,
Populus tremuloides,Leaf nitrogen content per unit mass,scale,10,rescale values below 10 only and recheck values ,TRUE,,,,,,,,,,,,,,,,,,,,
Juniperus osteosperma,Leaf nitrogen content per unit mass,scale,10,exclude values above 2.5,TRUE,,,,,,,,,,,,,,,,,,,,
Cornus sanguinea,Leaf nitrogen content per unit mass,scale,10,rescale values below 10 only,TRUE,,,,,,,,,,,,,,,,,,,,
Castanea dentata,Leaf nitrogen content per unit mass,scale,10,rescale values below 10 only,TRUE,,,,,,,,,,,,,,,,,,,,
Ilex aquifolium,Leaf nitrogen content per unit mass,scale,10,rescale values below 10 only,TRUE,,,,,,,,,,,,,,,,,,,,
Sorbus torminalis,Leaf nitrogen content per unit mass,scale,10,rescale values below 10 only,TRUE,,,,,,,,,,,,,,,,,,,,
Angelica sylvestris,Leaf nitrogen content per unit mass,scale,10,x,TRUE,,,,,,,,,,,,,,,,,,,,
Artemisia dracunculus,Leaf nitrogen content per unit mass,scale,10,x,TRUE,,,,,,,,,,,,,,,,,,,,
Erica cinerea,Leaf nitrogen content per unit mass,scale,10,exclude value above 2,TRUE,,,,,,,,,,,,,,,,,,,,
Euphrasia frigida,Leaf nitrogen content per unit mass,exclude,x,exclude species,TRUE,,,,,,,,,,,,,,,,,,,,
Pinus strobus,Leaf nitrogen content per unit mass,scale,10,rescale values below 10 only,TRUE,,,,,,,,,,,,,,,,,,,,
Scorzoneroides autumnalis,Leaf nitrogen content per unit mass,exclude,x,exclude values below 10 and above 32,TRUE,,,,,,,,,,,,,,,,,,,,
Pinus sylvestris,Leaf nitrogen content per unit mass,scale,10,rescale values below 2.5 only,TRUE,,,,,,,,,,,,,,,,,,,,
Fagus grandifolia,Leaf nitrogen content per unit mass,scale,10,x,TRUE,,,,,,,,,,,,,,,,,,,,
Quercus rubra,Leaf nitrogen content per unit mass,scale,10,rescale values below 10 only,TRUE,,,,,,,,,,,,,,,,,,,,
Phillyrea latifolia,Leaf nitrogen content per unit mass,scale,10,rescale values below 5 only,TRUE,,,,,,,,,,,,,,,,,,,,
Cynosurus cristatus,Leaf nitrogen content per unit mass,scale,10,rescale values below 10 only,TRUE,,,,,,,,,,,,,,,,,,,,
Daucus carota,Leaf nitrogen content per unit mass,scale,10,rescale values below 10 only,TRUE,,,,,,,,,,,,,,,,,,,,
Cyperus sp,Leaf nitrogen content per unit mass,scale,10,x,TRUE,,,,,,,,,,,,,,,,,,,,
Gaylussacia baccata,Leaf nitrogen content per unit mass,scale,10,rescale values below 10 only,TRUE,,,,,,,,,,,,,,,,,,,,
Stachys officinalis,Leaf nitrogen content per unit mass,scale,10,x,TRUE,,,,,,,,,,,,,,,,,,,,
Liriodendron tulipifera,Leaf nitrogen content per unit mass,scale,10,rescale values below 10 only and recheck values ,TRUE,,,,,,,,,,,,,,,,,,,,
Luzula sylvatica,Leaf nitrogen content per unit mass,scale,10,x,TRUE,,,,,,,,,,,,,,,,,,,,
Lespedeza capitata,Leaf nitrogen content per unit mass,scale,10,rescale values below 10 only and recheck values ,TRUE,,,,,,,,,,,,,,,,,,,,
Phyllodoce empetriformis,Leaf nitrogen content per unit mass,scale,10,x,TRUE,,,,,,,,,,,,,,,,,,,,
Molinia caerulea,Leaf nitrogen content per unit mass,scale,10,rescale values below 10 only,TRUE,,,,,,,,,,,,,,,,,,,,
Juniperus phoenicea,Leaf nitrogen content per unit mass,exclude,x,exclude values below 5,TRUE,,,,,,,,,,,,,,,,,,,,
Cytisus scoparius,Leaf nitrogen content per unit mass,scale,10,rescale values below 10 only,TRUE,,,,,,,,,,,,,,,,,,,,
Rumex acetosella,Leaf nitrogen content per unit mass,scale,10,rescale values below 10 only,TRUE,,,,,,,,,,,,,,,,,,,,
Quercus alba,Leaf nitrogen content per unit mass,scale,10,rescale values below 10 only and exclude values above 30,TRUE,,,,,,,,,,,,,,,,,,,,
Prunus laurocerasus,Leaf nitrogen content per unit mass,scale,10,rescale values below 10 only,TRUE,,,,,,,,,,,,,,,,,,,,
Matteuccia struthiopteris,Leaf nitrogen content per unit mass,scale,10,rescale values below 10 only and exclude value above 20,TRUE,,,,,,,,,,,,,,,,,,,,
Rubus chamaemorus,Leaf nitrogen content per unit mass,scale,10,x,TRUE,,,,,,,,,,,,,,,,,,,,
Ambrosia dumosa,Leaf nitrogen content per unit mass,exclude,x,exclude value above 30,TRUE,,,,,,,,,,,,,,,,,,,,
Quercus robur,Leaf Area,exclude,x,exclude values below 1000,TRUE,,,,,,,,,,,,,,,,,,,,
Achillea millefolium,Leaf Area,scale,10,rescale values below 5 only,TRUE,,,,,,,,,,,,,,,,,,,,
Asclepias syriaca,Leaf Area,scale,100,rescale values below 100 only,TRUE,,,,,,,,,,,,,,,,,,,,
Ranunculus acris,Leaf Area,scale,100,rescale values below 10 only,TRUE,,,,,,,,,,,,,,,,,,,,
Hieracium murorum,Leaf Area,exclude,x,exclude values below 500,TRUE,,,,,,,,,,,,,,,,,,,,
Salvia rosmarinus,Leaf Area,scale,100,rescale values below 10 only,TRUE,,,,,,,,,,,,,,,,,,,,
Arrhenatherum elatius,Leaf Area,scale,100,rescale values below 250 only,TRUE,,,,,,,,,,,,,,,,,,,,
Leontodon hispidus,Leaf Area,scale,100,rescale values below 10 only,TRUE,,,,,,,,,,,,,,,,,,,,
Picris hieracioides,Leaf Area,scale,100,rescale values below 500 only,TRUE,,,,,,,,,,,,,,,,,,,,
Carthamus lanatus,Leaf Area,exclude,x,exclude values above 500 and below 10,TRUE,,,,,,,,,,,,,,,,,,,,
Deschampsia cespitosa,Leaf Area,exclude,x,exclude values above 2000 and below 10,TRUE,,,,,,,,,,,,,,,,,,,,
Juniperus oxycedrus,Leaf Area,scale,10,rescale values below 5 only,TRUE,,,,,,,,,,,,,,,,,,,,
Centaurea jacea,Leaf Area,scale,100,rescale values below 10 only,TRUE,,,,,,,,,,,,,,,,,,,,
Galium aparine,Leaf Area,scale,100,rescale values below 10 only,TRUE,,,,,,,,,,,,,,,,,,,,
Hypericum perforatum,Leaf Area,exclude,x,exclude values above 1000,TRUE,,,,,,,,,,,,,,,,,,,,
Cymopterus lemmonii,Leaf Area,scale,0.1,exclude values below 100,TRUE,,,,,,,,,,,,,,,,,,,,
Lotus corniculatus,Leaf Area,scale,100,rescale values below 10 only,TRUE,,,,,,,,,,,,,,,,,,,,
Quercus rubra,Leaf Area,scale,0.1,exclude values below 100,TRUE,,,,,,,,,,,,,,,,,,,,
ARCTOSTAPHYLOS UVA−URSI,Leaf Area,scale,100,rescale values below 25 only,TRUE,,,,,,,,,,,,,,,,,,,,
Lolium perenne,Leaf Area,scale,0.1,exclude values below 100,TRUE,,,,,,,,,,,,,,,,,,,,
Aloysia wrightii,Leaf Area,scale,1000,x,TRUE,,,,,,,,,,,,,,,,,,,,
Philadelphus delavayi,Leaf Area,scale,100,x,TRUE,,,,,,,,,,,,,,,,,,,,
Acer obtusatum,Leaf Area,scale,0.1,x,TRUE,,,,,,,,,,,,,,,,,,,,
Clinopodium alpinum,Leaf Area,scale,10,x,TRUE,,,,,,,,,,,,,,,,,,,,
Condalia ericoides,Leaf Area,scale,10,x,TRUE,,,,,,,,,,,,,,,,,,,,
Parthenium incanum,Leaf Area,scale,100,x,TRUE,,,,,,,,,,,,,,,,,,,,
Pinus sylvestris,Leaf Area,scale,0.1,x,TRUE,,,,,,,,,,,,,,,,,,,,
Acer saccharum,Leaf Area,scale,0.1,values below 100 rescale by factor 10,TRUE,,,,,,,,,,,,,,,,,,,,
Phalaris arundinacea,Leaf Area,scale,100,rescale values below 1000 only,TRUE,,,,,,,,,,,,,,,,,,,,
Silene vulgaris,Leaf Area,scale,100,rescale values below 50 only,TRUE,,,,,,,,,,,,,,,,,,,,
Ambrosia artemesifolia,Leaf Area,scale,100,x,TRUE,,,,,,,,,,,,,,,,,,,,
Quercus petraea,Leaf Area,scale,0.1,x,TRUE,,,,,,,,,,,,,,,,,,,,
Hedera helix,Leaf Area,exclude,x,exlcude values below 100,TRUE,,,,,,,,,,,,,,,,,,,,
Anthriscus sylvestris,Leaf Area,scale,0.1,exclude values below 100,TRUE,,,,,,,,,,,,,,,,,,,,
Pulsatilla alpina,Leaf Area,scale,100,rescale values below 100 only,TRUE,,,,,,,,,,,,,,,,,,,,
Helictotrichon pubescens,Leaf Area,scale,10,rescale values below 200 only,TRUE,,,,,,,,,,,,,,,,,,,,
Prunus fasciculata,Leaf Area,scale,100,x,TRUE,,,,,,,,,,,,,,,,,,,,
Rhus glabra,Leaf Area,scale,10,x,TRUE,,,,,,,,,,,,,,,,,,,,
Daphne laureola,Leaf Area,exclude,x,exclude values below 100,TRUE,,,,,,,,,,,,,,,,,,,,
Linaria alpina,Leaf Area,scale,100,x,TRUE,,,,,,,,,,,,,,,,,,,,
Viola adunca,Leaf Area,exclude,x,exclude value below 50,TRUE,,,,,,,,,,,,,,,,,,,,
Viburnum tinus,Leaf Area,scale,100,rescale values below 1000 only,TRUE,,,,,,,,,,,,,,,,,,,,
Juniperus phoenicea,Leaf Area,scale,0.1,x,TRUE,,,,,,,,,,,,,,,,,,,,
Medicago lupulina,Leaf Area,exclude,x,exclude values around zero,TRUE,,,,,,,,,,,,,,,,,,,,
Juncus drummondii,Leaf Area,scale,0.1,x,TRUE,,,,,,,,,,,,,,,,,,,,
Rubus caesius,Leaf Area,exclude,x,exclude values below 2000,TRUE,,,,,,,,,,,,,,,,,,,,
Leucanthemum vulgare,Leaf Area,scale,100,rescale values below 100 only,TRUE,,,,,,,,,,,,,,,,,,,,
Ambrosia salsola,Leaf Area,scale,10,x,TRUE,,,,,,,,,,,,,,,,,,,,
Epilobium hirsutum,Leaf Area,scale,0.1,x,TRUE,,,,,,,,,,,,,,,,,,,,
Pinguicula vulgaris,Leaf Area,exclude,x,exclude value below 50,TRUE,,,,,,,,,,,,,,,,,,,,
Cistus creticus,Leaf Area,scale,10,rescale values below 150 only,TRUE,,,,,,,,,,,,,,,,,,,,
Trifolium repens,Leaf Area,scale,100,rescale values below 100 only,TRUE,,,,,,,,,,,,,,,,,,,,
Rubus cuneifolius,Leaf Area,scale,100,x,TRUE,,,,,,,,,,,,,,,,,,,,
Prunus serotina,Leaf Area,scale,100,rescale values below 1000 only,TRUE,,,,,,,,,,,,,,,,,,,,
Prunella vulgaris,Leaf Area,scale,100,rescale values below 50 only,TRUE,,,,,,,,,,,,,,,,,,,,
Rumex acetosella,Leaf Area,scale,100,rescale values below 20 only,TRUE,,,,,,,,,,,,,,,,,,,,
Betula nana,Leaf nitrogen content per unit mass,scale ,10,rescale values below 10 only,TRUE,,,,,,,,,,,,,,,,,,,,
Buxus sempervirens,Leaf nitrogen content per unit mass,scale,10,rescale values below 10 only,TRUE,,,,,,,,,,,,,,,,,,,,
Prunus lusitanica,Leaf nitrogen content per unit mass,scale,10,rescale values below 5 only,TRUE,,,,,,,,,,,,,,,,,,,,
Carex flacca,Leaf nitrogen content per unit mass,scale,10,rescale values below 5 only,TRUE,,,,,,,,,,,,,,,,,,,,
Carpinus caroliniana,Leaf nitrogen content per unit mass,scale,10,x,TRUE,,,,,,,,,,,,,,,,,,,,
Urtica dioica,Leaf nitrogen content per unit mass,exclude,x,exclude extreme outliers,TRUE,,,,,,,,,,,,,,,,,,,,
Sambucus nigra,Leaf nitrogen content per unit mass,exclude,x,exclude extreme outliers,TRUE,,,,,,,,,,,,,,,,,,,,
Trisetum sp,Leaf nitrogen content per unit mass,scale ,10,x,TRUE,,,,,,,,,,,,,,,,,,,,
Solanum dulcamara,Leaf nitrogen content per unit mass,scale,10,rescale values below 10 only,TRUE,,,,,,,,,,,,,,,,,,,,
Helianthella quinquenervis,Leaf nitrogen content per unit mass,scale,10,rescale values below 10 only,TRUE,,,,,,,,,,,,,,,,,,,,
Helianthemum nummularium,Leaf nitrogen content per unit mass,scale,10,rescale values below 10 only,TRUE,,,,,,,,,,,,,,,,,,,,
Viburnum lantana,Leaf nitrogen content per unit mass,scale ,10,exclude extreme outliers,TRUE,,,,,,,,,,,,,,,,,,,,
Ilex verticillata,Leaf nitrogen content per unit mass,exclude,x,exclude extreme outliers,TRUE,,,,,,,,,,,,,,,,,,,,
Magnolia acuminata,Leaf nitrogen content per unit mass,scale,10,x,TRUE,,,,,,,,,,,,,,,,,,,,
Agrostis canina,Leaf nitrogen content per unit mass,exclude,x,exclude extreme outliers,TRUE,,,,,,,,,,,,,,,,,,,,
Arbutus unedo,Leaf nitrogen content per unit mass,scale,10,rescale values below 5 only,TRUE,,,,,,,,,,,,,,,,,,,,
Tsuga canadensis,Leaf nitrogen content per unit mass,scale,10,rescale values below 5 only,TRUE,,,,,,,,,,,,,,,,,,,,
Lavandula latifolia,Leaf nitrogen content per unit mass,scale,10,rescale values below 10 only,TRUE,,,,,,,,,,,,,,,,,,,,
Cistus albidus,Leaf nitrogen content per unit mass,scale,10,rescale values below 5 only,TRUE,,,,,,,,,,,,,,,,,,,,
Juncus drummondii,Leaf nitrogen content per unit mass,scale,100,x,TRUE,,,,,,,,,,,,,,,,,,,,
Lavandula stoechas,Leaf nitrogen content per unit mass,scale,10,rescale values below 5 only,TRUE,,,,,,,,,,,,,,,,,,,,
Ranunculus bulbosus,Leaf nitrogen content per unit mass,scale,10,rescale values below 5 only,TRUE,,,,,,,,,,,,,,,,,,,,
Rumex obtusifolius,Leaf nitrogen content per unit mass,scale,10,exclude extreme outliers,TRUE,,,,,,,,,,,,,,,,,,,,
Melampyrum sylvaticum,Leaf nitrogen content per unit mass,scale,10,rescale values below 10 only,TRUE,,,,,,,,,,,,,,,,,,,,
Galium boreale,Leaf nitrogen content per unit mass,scale,10,x,TRUE,,,,,,,,,,,,,,,,,,,,
Picea glauca,Leaf nitrogen content per unit mass,scale,10,rescale values below 5 only,TRUE,,,,,,,,,,,,,,,,,,,,
Kalmia latifolia,Leaf nitrogen content per unit mass,scale,10,rescale values below 5 only,TRUE,,,,,,,,,,,,,,,,,,,,
Picris hieracioides,Leaf nitrogen content per unit mass,scale,10,rescale values below 10 only,TRUE,,,,,,,,,,,,,,,,,,,,
Quercus coccinea,Leaf nitrogen content per unit mass,scale ,10,rescale values below 10 only,TRUE,,,,,,,,,,,,,,,,,,,,
Sesleria nitida,Leaf nitrogen content per unit mass,scale,10,x,TRUE,,,,,,,,,,,,,,,,,,,,
Cornus florida,Leaf nitrogen content per unit mass,scale,10,rescale values below 5 only,TRUE,,,,,,,,,,,,,,,,,,,,
Pinus taeda,Leaf nitrogen content per unit mass,scale,10,rescale values below 5 only,TRUE,,,,,,,,,,,,,,,,,,,,
Acer campestre,Leaf nitrogen content per unit mass,scale,10,rescale values below 5 only,TRUE,,,,,,,,,,,,,,,,,,,,
Ulmus americana,Leaf nitrogen content per unit mass,scale,10,rescale values below 5 only,TRUE,,,,,,,,,,,,,,,,,,,,
Acer platanoides,Leaf nitrogen content per unit mass,scale,10,rescale values below 5 only,TRUE,,,,,,,,,,,,,,,,,,,,
Festuca rubra,Leaf nitrogen content per unit mass,scale,10,rescale values below 10 only,TRUE,,,,,,,,,,,,,,,,,,,,
Pinus ponderosa,Leaf nitrogen content per unit mass,scale,10,rescale values below 5 only,TRUE,,,,,,,,,,,,,,,,,,,,
Pistacia terebinthus,Leaf nitrogen content per unit mass,scale ,10,rescale values below 10 only,TRUE,,,,,,,,,,,,,,,,,,,,
Geranium richardsonii,Leaf nitrogen content per unit mass,scale,10,rescale values below 5 only,TRUE,,,,,,,,,,,,,,,,,,,,
Populus grandidentata,Leaf nitrogen content per unit mass,scale,10,rescale values below 5 only,TRUE,,,,,,,,,,,,,,,,,,,,
Erigeron speciosus,Leaf nitrogen content per unit mass,scale,10,rescale values below 10 only,TRUE,,,,,,,,,,,,,,,,,,,,
Viburnum opulus,Leaf nitrogen content per unit mass,scale,10,rescale values below 10 only,TRUE,,,,,,,,,,,,,,,,,,,,
Kobresia sp,Leaf nitrogen content per unit mass,scale,10,x,TRUE,,,,,,,,,,,,,,,,,,,,
Quercus petraea,Leaf nitrogen content per unit mass,scale,10,rescale values below 10 only,TRUE,,,,,,,,,,,,,,,,,,,,
Ligustrum vulgare,Leaf nitrogen content per unit mass,scale,10,rescale values below 10 only,TRUE,,,,,,,,,,,,,,,,,,,,
Prunus virginiana,Leaf nitrogen content per unit mass,scale,10,rescale values below 10 only,TRUE,,,,,,,,,,,,,,,,,,,,
Equisetum sylvaticum,Leaf nitrogen content per unit mass,scale,10,exclude extreme outliers,TRUE,,,,,,,,,,,,,,,,,,,,
Magnolia fraseri,Leaf nitrogen content per unit mass,scale,10,rescale values below 10 only,TRUE,,,,,,,,,,,,,,,,,,,,
Quercus virginiana,Leaf nitrogen content per unit mass,scale,10,rescale values below 10 only,TRUE,,,,,,,,,,,,,,,,,,,,
Ribes spicatum,Leaf nitrogen content per unit mass,scale,10,exclude extreme outliers,TRUE,,,,,,,,,,,,,,,,,,,,
Quercus macrocarpa,Leaf nitrogen content per unit mass,scale,10,rescale values below 10 only,TRUE,,,,,,,,,,,,,,,,,,,,
Sequoia sempervirens,Leaf nitrogen content per unit mass,scale,10,rescale values below 5 only,TRUE,,,,,,,,,,,,,,,,,,,,
Pinus banksiana,Leaf nitrogen content per unit mass,scale,10,rescale values below 5 only,TRUE,,,,,,,,,,,,,,,,,,,,
Potentilla erecta,Leaf nitrogen content per unit mass,scale,10,rescale values below 5 only,TRUE,,,,,,,,,,,,,,,,,,,,
Geum triflorum,Leaf nitrogen content per unit mass,scale,10,rescale values below 5 only,TRUE,,,,,,,,,,,,,,,,,,,,
Hedera helix,Leaf nitrogen content per unit mass,scale,10,rescale values below 5 only,TRUE,,,,,,,,,,,,,,,,,,,,
Pinus pinea,Leaf nitrogen content per unit mass,scale,10,rescale values below 5 only,TRUE,,,,,,,,,,,,,,,,,,,,
Pedicularis sceptrum−carolinum,Leaf nitrogen content per unit mass,scale,10,x,TRUE,,,,,,,,,,,,,,,,,,,,
Prunus ilicifolia,Leaf nitrogen content per unit mass,scale,10,rescale values below 10 only,TRUE,,,,,,,,,,,,,,,,,,,,
Viburnum prunifolium,Leaf nitrogen content per unit mass,scale,10,x,TRUE,,,,,,,,,,,,,,,,,,,,
Pinus resinosa,Leaf nitrogen content per unit mass,scale,10,rescale values below 5 only,TRUE,,,,,,,,,,,,,,,,,,,,
Baccharis pilularis,Leaf nitrogen content per unit mass,scale,10,rescale values below 5 only,TRUE,,,,,,,,,,,,,,,,,,,,
Fragaria virginiana,Leaf nitrogen content per unit mass,scale,10,rescale values below 5 only,TRUE,,,,,,,,,,,,,,,,,,,,
Pinus edulis,Leaf nitrogen content per unit mass,scale,10,rescale values below 5 only,TRUE,,,,,,,,,,,,,,,,,,,,
Andropogon gerardii,Leaf nitrogen content per unit mass,scale,10,rescale values below 5 only,TRUE,,,,,,,,,,,,,,,,,,,,
Arbutus menziesii,Leaf nitrogen content per unit mass,scale,10,rescale values below 5 only,TRUE,,,,,,,,,,,,,,,,,,,,
Monarda fistulosa,Leaf nitrogen content per unit mass,scale,10,rescale values below 4 only,TRUE,,,,,,,,,,,,,,,,,,,,
Rhododendron ponticum,Leaf nitrogen content per unit mass,scale,10,rescale values below 5 only,TRUE,,,,,,,,,,,,,,,,,,,,
Betula papyrifera,Leaf nitrogen content per unit mass,scale,10,rescale values below 4 only,TRUE,,,,,,,,,,,,,,,,,,,,
Atriplex parryi,Leaf nitrogen content per unit mass,scale,10,x,TRUE,,,,,,,,,,,,,,,,,,,,
Heracleum sphondylium,Leaf nitrogen content per unit mass,exclude,x,exclude mild outlier,TRUE,,,,,,,,,,,,,,,,,,,,
Phleum pratense,Leaf nitrogen content per unit mass,scale,10,rescale values below 10 only,TRUE,,,,,,,,,,,,,,,,,,,,
Cistus salviifolius,Leaf nitrogen content per unit mass,scale,10,rescale values below 5 only,TRUE,,,,,,,,,,,,,,,,,,,,
Carex rostrata,Leaf nitrogen content per unit mass,scale,10,x,TRUE,,,,,,,,,,,,,,,,,,,,
Lupinus variicolor,Leaf nitrogen content per unit mass,scale,10,x,TRUE,,,,,,,,,,,,,,,,,,,,
Polygonum douglasii,Leaf nitrogen content per unit mass,scale,10,rescale values below 5 only,TRUE,,,,,,,,,,,,,,,,,,,,
Ulmus minor,Leaf nitrogen content per unit mass,scale,10,rescale values below 5 only,TRUE,,,,,,,,,,,,,,,,,,,,
Vulpia bromoides,Leaf nitrogen content per unit mass,scale,10,x,TRUE,,,,,,,,,,,,,,,,,,,,
Epipactis helleborine,Leaf nitrogen content per unit mass,scale,10,x,TRUE,,,,,,,,,,,,,,,,,,,,
Vaccinium corymbosum,Leaf nitrogen content per unit mass,scale,10,rescale values below 5 only,TRUE,,,,,,,,,,,,,,,,,,,,
Fraxinus angustifolia,Leaf nitrogen content per unit mass,scale,10,rescale values below 5 only,TRUE,,,,,,,,,,,,,,,,,,,,
Pinus halepensis,Leaf nitrogen content per unit mass,scale,10,rescale values below 5 only,TRUE,,,,,,,,,,,,,,,,,,,,
Abies alba,Leaf nitrogen content per unit mass,scale,10,rescale values below 5 only,TRUE,,,,,,,,,,,,,,,,,,,,
Melica uniflora,Leaf nitrogen content per unit mass,scale,10,x,TRUE,,,,,,,,,,,,,,,,,,,,
Castanea sativa,Leaf nitrogen content per unit mass,scale,10,rescale values below 5 only,TRUE,,,,,,,,,,,,,,,,,,,,
Festuca arizonica,Leaf nitrogen content per unit mass,scale,10,rescale values below 5 only,TRUE,,,,,,,,,,,,,,,,,,,,
Tsuga heterophylla,Leaf nitrogen content per unit mass,scale,10,rescale values below 5 only,TRUE,,,,,,,,,,,,,,,,,,,,
Phragmites australis,Leaf nitrogen content per unit mass,scale,10,rescale values below 5 only,TRUE,,,,,,,,,,,,,,,,,,,,
Quercus robur,Leaf nitrogen content per unit mass,scale,10,rescale values below 5 only,TRUE,,,,,,,,,,,,,,,,,,,,
Ammophila arenaria,Leaf nitrogen content per unit mass,scale,10,rescale values below 5 only,TRUE,,,,,,,,,,,,,,,,,,,,
Bouteloua curtipendula,Leaf nitrogen content per unit mass,scale,10,rescale values below 5 only,TRUE,,,,,,,,,,,,,,,,,,,,
Cistus ladanifer,Leaf nitrogen content per unit mass,scale,10,rescale values below 5 only,TRUE,,,,,,,,,,,,,,,,,,,,
Globularia alypum,Leaf nitrogen content per unit mass,scale,10,rescale values below 5 only,TRUE,,,,,,,,,,,,,,,,,,,,
Heteromeles arbutifolia,Leaf nitrogen content per unit mass,scale,10,rescale values below 5 only,TRUE,,,,,,,,,,,,,,,,,,,,
Maianthemum canadense,Leaf nitrogen content per unit mass,scale,10,x,TRUE,,,,,,,,,,,,,,,,,,,,
Robinia pseudoacacia,Leaf nitrogen content per unit mass,scale,10,rescale values below 10 only,TRUE,,,,,,,,,,,,,,,,,,,,
Larrea tridentata,Leaf nitrogen content per unit mass,scale,10,rescale values below 5 only,TRUE,,,,,,,,,,,,,,,,,,,,
Parthenocissus quinquefolia,Leaf nitrogen content per unit mass,scale,10,x,TRUE,,,,,,,,,,,,,,,,,,,,
Solidago rigida,Leaf nitrogen content per unit mass,scale,10,rescale values below 5 only,TRUE,,,,,,,,,,,,,,,,,,,,
Avena barbata,Leaf nitrogen content per unit mass,scale,10,rescale values below 5 only,TRUE,,,,,,,,,,,,,,,,,,,,
Briza media,Leaf nitrogen content per unit mass,scale,10,rescale values below 5 only,TRUE,,,,,,,,,,,,,,,,,,,,
Pinus palustris,Leaf nitrogen content per unit mass,scale,10,exclude extreme outliers,TRUE,,,,,,,,,,,,,,,,,,,,
Thuja occidentalis,Leaf nitrogen content per unit mass,scale,10,rescale values below 2.5 only,TRUE,,,,,,,,,,,,,,,,,,,,
Sarracenia purpurea,Leaf nitrogen content per unit mass,scale,10,rescale values below 2.5 only,TRUE,,,,,,,,,,,,,,,,,,,,
Betula pubescens,Leaf nitrogen content per unit mass,scale,10,rescale values below 5 only,TRUE,,,,,,,,,,,,,,,,,,,,
Picea abies,Leaf nitrogen content per unit mass,scale,10,rescale values below 5 only,TRUE,,,,,,,,,,,,,,,,,,,,
Amorpha canescens,Leaf nitrogen content per unit mass,scale,10,exclude extreme outliers,TRUE,,,,,,,,,,,,,,,,,,,,
Abies magnifica,Leaf nitrogen content per unit mass,exclude,x,exclude extreme outliers,TRUE,,,,,,,,,,,,,,,,,,,,
Phalaris arundinacea,Leaf nitrogen content per unit mass,scale,10,rescale values below 10 only,TRUE,,,,,,,,,,,,,,,,,,,,
Trifolium campestre,Leaf nitrogen content per unit mass,scale,10,rescale values below 10 only,TRUE,,,,,,,,,,,,,,,,,,,,
Cistus monspeliensis,Leaf nitrogen content per unit mass,scale,10,rescale values below 5 only,TRUE,,,,,,,,,,,,,,,,,,,,
Gutierrezia sarothrae,Leaf nitrogen content per unit mass,scale,10,rescale values below 5 only,TRUE,,,,,,,,,,,,,,,,,,,,
Populus nigra,Leaf nitrogen content per unit mass,scale,10,rescale values below 5 only,TRUE,,,,,,,,,,,,,,,,,,,,
Fraxinus americana,Leaf nitrogen content per unit mass,scale,10,rescale values below 5 only,TRUE,,,,,,,,,,,,,,,,,,,,
Lycium pallidum,Leaf nitrogen content per unit mass,scale,10,exclude mild outlier,TRUE,,,,,,,,,,,,,,,,,,,,
Saxifraga rotundifolia,Leaf nitrogen content per unit mass,scale,10,x,TRUE,,,,,,,,,,,,,,,,,,,,
Panicum acuminatum,Leaf nitrogen content per unit mass,scale,10,x,TRUE,,,,,,,,,,,,,,,,,,,,
Stipa spartea,Leaf nitrogen content per unit mass,scale,10,rescale values below 2.5 only,TRUE,,,,,,,,,,,,,,,,,,,,
Eriogonum umbellatum,Leaf nitrogen content per unit mass,scale,100,exclude extreme outliers,TRUE,,,,,,,,,,,,,,,,,,,,
Agrostis capillaris,Leaf nitrogen content per unit mass,scale,10,exclude extreme outliers,TRUE,,,,,,,,,,,,,,,,,,,,
Coreopsis palmata,Leaf nitrogen content per unit mass,scale,10,exclude extreme outliers,TRUE,,,,,,,,,,,,,,,,,,,,
Calluna vulgaris,Leaf nitrogen content per unit mass,scale,10,rescale values below 5 only,TRUE,,,,,,,,,,,,,,,,,,,,
Fraxinus excelsior,Leaf nitrogen content per unit mass,scale,10,rescale values below 5 only,TRUE,,,,,,,,,,,,,,,,,,,,
Convolvulus arvensis,Leaf nitrogen content per unit mass,exclude,x,exclude extreme outliers,TRUE,,,,,,,,,,,,,,,,,,,,
Juniperus virginiana,Leaf nitrogen content per unit mass,scale,10,rescale values below 5 only,TRUE,,,,,,,,,,,,,,,,,,,,
Rhinanthus minor,Leaf nitrogen content per unit mass,scale,10,rescale values below 5 only,TRUE,,,,,,,,,,,,,,,,,,,,
Salix arenaria,Leaf nitrogen content per unit mass,scale,10,x,TRUE,,,,,,,,,,,,,,,,,,,,
Veronica chamaedrys,Leaf nitrogen content per unit mass,scale,10,rescale values below 10 only,TRUE,,,,,,,,,,,,,,,,,,,,
Epilobium angustifolium,Leaf nitrogen content per unit mass,scale,10,rescale values below 10 only,TRUE,,,,,,,,,,,,,,,,,,,,
Panicum oligosanthes,Leaf nitrogen content per unit mass,scale,10,rescale values below 10 only,TRUE,,,,,,,,,,,,,,,,,,,,
Bartsia alpina,Leaf nitrogen content per unit mass,scale,10,rescale values below 10 only,TRUE,,,,,,,,,,,,,,,,,,,,
Pteridium aquilinum,Leaf nitrogen content per unit mass,scale,10,rescale values below 10 only,TRUE,,,,,,,,,,,,,,,,,,,,
Sonchus asper,Leaf nitrogen content per unit mass,scale,10,rescale values below 10 only,TRUE,,,,,,,,,,,,,,,,,,,,
Picea mariana,Leaf nitrogen content per unit mass,scale,10,rescale values below 5 only,TRUE,,,,,,,,,,,,,,,,,,,,
Arenaria lanuginosa,Leaf nitrogen content per unit mass,scale,10,x,TRUE,,,,,,,,,,,,,,,,,,,,
Artemisia campestris,Leaf nitrogen content per unit mass,scale,10,x,TRUE,,,,,,,,,,,,,,,,,,,,
Blepharoneuron tricholepis,Leaf nitrogen content per unit mass,scale,10,x,TRUE,,,,,,,,,,,,,,,,,,,,
Bromus ciliatus,Leaf nitrogen content per unit mass,scale,10,x,TRUE,,,,,,,,,,,,,,,,,,,,
Carex sylvatica,Leaf nitrogen content per unit mass,scale,10,x,TRUE,,,,,,,,,,,,,,,,,,,,
Cirsium arvense,Leaf nitrogen content per unit mass,scale,10,rescale values below 10 only,TRUE,,,,,,,,,,,,,,,,,,,,
Echeandia flavescens,Leaf nitrogen content per unit mass,scale,10,x,TRUE,,,,,,,,,,,,,,,,,,,,
Eriogonum racemosum,Leaf nitrogen content per unit mass,scale,10,x,TRUE,,,,,,,,,,,,,,,,,,,,
Festuca altissima,Leaf nitrogen content per unit mass,scale,10,x,TRUE,,,,,,,,,,,,,,,,,,,,
Fraxinus pennsylvanica,Leaf nitrogen content per unit mass,scale,10,x,TRUE,,,,,,,,,,,,,,,,,,,,
Hymenoxys richardsonii,Leaf nitrogen content per unit mass,scale,10,x,TRUE,,,,,,,,,,,,,,,,,,,,
Linum australe,Leaf nitrogen content per unit mass,scale,10,x,TRUE,,,,,,,,,,,,,,,,,,,,
Muhlenbergia rigens,Leaf nitrogen content per unit mass,scale,10,x,TRUE,,,,,,,,,,,,,,,,,,,,
Muhlenbergia wrightii,Leaf nitrogen content per unit mass,scale,10,x,TRUE,,,,,,,,,,,,,,,,,,,,
Packera multilobata,Leaf nitrogen content per unit mass,scale,10,x,TRUE,,,,,,,,,,,,,,,,,,,,
Penstemon barbatus,Leaf nitrogen content per unit mass,scale,10,x,TRUE,,,,,,,,,,,,,,,,,,,,
Penstemon virgatus,Leaf nitrogen content per unit mass,scale,10,x,TRUE,,,,,,,,,,,,,,,,,,,,
Poa fendleriana,Leaf nitrogen content per unit mass,scale,10,x,TRUE,,,,,,,,,,,,,,,,,,,,
Polygonum aviculare,Leaf nitrogen content per unit mass,scale,10,rescale values below 10 only,TRUE,,,,,,,,,,,,,,,,,,,,
Potentilla crinita,Leaf nitrogen content per unit mass,scale,10,x,TRUE,,,,,,,,,,,,,,,,,,,,
Primula acaulis,Leaf nitrogen content per unit mass,scale,10,rescale values below 10 only,TRUE,,,,,,,,,,,,,,,,,,,,
Rosa woodsii,Leaf nitrogen content per unit mass,scale,10,x,TRUE,,,,,,,,,,,,,,,,,,,,
Sorbus aria,Leaf nitrogen content per unit mass,scale,10,x,TRUE,,,,,,,,,,,,,,,,,,,,
Symphyotrichum ascendens,Leaf nitrogen content per unit mass,scale,10,x,TRUE,,,,,,,,,,,,,,,,,,,,
Symphyotrichum falcatum,Leaf nitrogen content per unit mass,scale,10,x,TRUE,,,,,,,,,,,,,,,,,,,,
Viburnum hupehense,Leaf nitrogen content per unit mass,scale,10,x,TRUE,,,,,,,,,,,,,,,,,,,,
Viburnum trilobum,Leaf nitrogen content per unit mass,scale,10,x,TRUE,,,,,,,,,,,,,,,,,,,,
Viola canadensis,Leaf nitrogen content per unit mass,scale,10,x,TRUE,,,,,,,,,,,,,,,,,,,,
Jacobaea vulgaris,Leaf nitrogen content per unit mass,scale,10,rescale values below 10 only,TRUE,,,,,,,,,,,,,,,,,,,,
Agrostis stolonifera,Leaf nitrogen content per unit mass,scale,10,rescale values below 10 only,TRUE,,,,,,,,,,,,,,,,,,,,
Carum carvi,Leaf nitrogen content per unit mass,exclude,e,exclude mild outlier,TRUE,,,,,,,,,,,,,,,,,,,,
Elymus canadensis,Leaf nitrogen content per unit mass,scale,10,rescale values below 5 only,TRUE,,,,,,,,,,,,,,,,,,,,
Sarcobatus vermiculatus,Leaf nitrogen content per unit mass,scale,10,x,TRUE,,,,,,,,,,,,,,,,,,,,
Lupinus perennis,Leaf nitrogen content per unit mass,scale,10,rescale values below 5 only,TRUE,,,,,,,,,,,,,,,,,,,,
Chenopodium album,Leaf nitrogen content per unit mass,scale,10,rescale values below 5 only,TRUE,,,,,,,,,,,,,,,,,,,,
Larix decidua,Leaf nitrogen content per unit mass,scale,10,rescale values below 5 only,TRUE,,,,,,,,,,,,,,,,,,,,
Lathyrus vernus,Leaf nitrogen content per unit mass,scale,10,x,TRUE,,,,,,,,,,,,,,,,,,,,
Pinus nigra subsp. salzmannii,Leaf nitrogen content per unit mass,scale,10,x,TRUE,,,,,,,,,,,,,,,,,,,,
Tragopogon dubius,Leaf nitrogen content per unit mass,scale,10,rescale values below 10 only,TRUE,,,,,,,,,,,,,,,,,,,,
Beta vulgaris,Leaf nitrogen content per unit mass,scale,10,rescale values below 10 only,TRUE,,,,,,,,,,,,,,,,,,,,
Liatris aspera,Leaf nitrogen content per unit mass,scale,10,rescale values below 2.5 only,TRUE,,,,,,,,,,,,,,,,,,,,
Cistus creticus,Leaf nitrogen content per unit mass,exclude,x,exclude extreme outliers,TRUE,,,,,,,,,,,,,,,,,,,,
Arnica latifolia,Leaf nitrogen content per unit mass,scale,100,x,TRUE,,,,,,,,,,,,,,,,,,,,
Ceanothus cuneatus,Leaf nitrogen content per unit mass,scale,10,rescale values below 5 only,TRUE,,,,,,,,,,,,,,,,,,,,
Geranium dissectum,Leaf nitrogen content per unit mass,scale,10,x,TRUE,,,,,,,,,,,,,,,,,,,,
Juncus articulatus,Leaf nitrogen content per unit mass,scale,10,rescale values below 5 only,TRUE,,,,,,,,,,,,,,,,,,,,
Typha latifolia,Leaf nitrogen content per unit mass,scale,10,rescale values below 10 only,TRUE,,,,,,,,,,,,,,,,,,,,
Wyethia amplexicaulis,Leaf nitrogen content per unit mass,scale,100,rescale values below 10 only,TRUE,,,,,,,,,,,,,,,,,,,,
Acer pensylvanicum,Leaf nitrogen content per unit mass,scale,10,rescale values below 10 only,TRUE,,,,,,,,,,,,,,,,,,,,
Bromus hordeaceus,Leaf nitrogen content per unit mass,scale,10,rescale values below 10 only,TRUE,,,,,,,,,,,,,,,,,,,,
Frangula alnus,Leaf nitrogen content per unit mass,scale,10,rescale values below 10 only,TRUE,,,,,,,,,,,,,,,,,,,,
Juglans nigra,Leaf nitrogen content per unit mass,scale,10,rescale values below 10 only,TRUE,,,,,,,,,,,,,,,,,,,,
Rosa arvensis,Leaf nitrogen content per unit mass,scale,10,rescale values below 10 only,TRUE,,,,,,,,,,,,,,,,,,,,
Pinus nigra,Leaf nitrogen content per unit mass,scale,10,rescale values below 10 only,TRUE,,,,,,,,,,,,,,,,,,,,
Angelica archangelica,Leaf nitrogen content per unit mass,scale,10,rescale values below 10 only,TRUE,,,,,,,,,,,,,,,,,,,,
Juniperus deppeana,Leaf nitrogen content per unit mass,scale,10,rescale values below 5 only,TRUE,,,,,,,,,,,,,,,,,,,,
Mentha aquatica,Leaf nitrogen content per unit mass,scale,10,rescale values below 5 only,TRUE,,,,,,,,,,,,,,,,,,,,
Androsace septentrionalis,Leaf nitrogen content per unit mass,scale,10,rescale values below 10 only,TRUE,,,,,,,,,,,,,,,,,,,,
Calamovilfa longifolia,Leaf nitrogen content per unit mass,scale,10,rescale values below 10 only,TRUE,,,,,,,,,,,,,,,,,,,,
Eremogone fendleri,Leaf nitrogen content per unit mass,scale,10,x,TRUE,,,,,,,,,,,,,,,,,,,,
Grindelia squarrosa,Leaf nitrogen content per unit mass,exclude,x,exclude mild outlier,TRUE,,,,,,,,,,,,,,,,,,,,
Juncus effusus,Leaf nitrogen content per unit mass,scale,10,rescale values below 5 only,TRUE,,,,,,,,,,,,,,,,,,,,
Lathyrus venosus,Leaf nitrogen content per unit mass,scale,10,x,TRUE,,,,,,,,,,,,,,,,,,,,
Liatris punctata,Leaf nitrogen content per unit mass,exclude,x,exclude extreme outliers,TRUE,,,,,,,,,,,,,,,,,,,,
Photinia melanocarpa,Leaf nitrogen content per unit mass,scale,10,x,TRUE,,,,,,,,,,,,,,,,,,,,
Potentilla anserina,Leaf nitrogen content per unit mass,scale,10,rescale values below 10 only,TRUE,,,,,,,,,,,,,,,,,,,,
Solidago nemoralis,Leaf nitrogen content per unit mass,scale,10,rescale values below 2.5 only,TRUE,,,,,,,,,,,,,,,,,,,,
Viburnum lentago,Leaf nitrogen content per unit mass,scale,10,x,TRUE,,,,,,,,,,,,,,,,,,,,
Symphyotrichum oolentangiense,Leaf nitrogen content per unit mass,scale,10,rescale values below 2.5 only,TRUE,,,,,,,,,,,,,,,,,,,,
Picea engelmannii,Leaf nitrogen content per unit mass,scale,10,rescale values below 2.5 only,TRUE,,,,,,,,,,,,,,,,,,,,
Eleocharis palustris,Leaf nitrogen content per unit mass,scale,10,rescale values below 5 only,TRUE,,,,,,,,,,,,,,,,,,,,
Thymus praecox,Leaf nitrogen content per unit mass,scale,10,rescale values below 5 only,TRUE,,,,,,,,,,,,,,,,,,,,
Tilia cordata,Leaf nitrogen content per unit mass,scale,10,rescale values below 5 only,TRUE,,,,,,,,,,,,,,,,,,,,
Artemisia californica,Leaf nitrogen content per unit mass,scale,10,rescale values below 5 only,TRUE,,,,,,,,,,,,,,,,,,,,
Campanula patula,Leaf nitrogen content per unit mass,exclude,x,exclude mild outlier,TRUE,,,,,,,,,,,,,,,,,,,,
Juniperus monosperma,Leaf nitrogen content per unit mass,scale,10,rescale values below 5 only,TRUE,,,,,,,,,,,,,,,,,,,,
Geranium pratense,Leaf nitrogen content per unit mass,scale,10,rescale values below 10 only,TRUE,,,,,,,,,,,,,,,,,,,,
Salix helvetica,Leaf nitrogen content per unit mass,scale,10,x,TRUE,,,,,,,,,,,,,,,,,,,,
Salix myrsinites,Leaf nitrogen content per unit mass,scale,10,rescale values below 10 only,TRUE,,,,,,,,,,,,,,,,,,,,
Abies balsamea,Leaf nitrogen content per unit mass,scale,10,rescale values below 5 only,TRUE,,,,,,,,,,,,,,,,,,,,
Schizachyrium scoparium,Leaf nitrogen content per unit mass,scale,10,rescale values below 5 only,TRUE,,,,,,,,,,,,,,,,,,,,
Crepis biennis,Leaf nitrogen content per unit mass,exclude,x,exclude mild outlier,TRUE,,,,,,,,,,,,,,,,,,,,
Abies amabilis,Leaf nitrogen content per unit mass,scale,10,rescale values below 5 only,TRUE,,,,,,,,,,,,,,,,,,,,
Bromus tectorum,Leaf nitrogen content per unit mass,scale,10,rescale values below 5 only,TRUE,,,,,,,,,,,,,,,,,,,,
Heliomeris multiflora,Leaf nitrogen content per unit mass,scale,10,rescale values below 5 only and exclude mild outlier,TRUE,,,,,,,,,,,,,,,,,,,,
Salix glauca,Leaf nitrogen content per unit mass,exclude,x,exclude extreme outliers,TRUE,,,,,,,,,,,,,,,,,,,,
Solidago gigantea,Leaf nitrogen content per unit mass,scale,10,rescale values below 5 only,TRUE,,,,,,,,,,,,,,,,,,,,
Tanacetum vulgare,Leaf nitrogen content per unit mass,scale,10,x,TRUE,,,,,,,,,,,,,,,,,,,,
Tragopogon pratensis,Leaf nitrogen content per unit mass,exclude,x,exclude mild outliers,TRUE,,,,,,,,,,,,,,,,,,,,
Trifolium dubium,Leaf nitrogen content per unit mass,scale,10,exclude extreme outliers,TRUE,,,,,,,,,,,,,,,,,,,,
Ulex gallii,Leaf nitrogen content per unit mass,scale,10,rescale values below 10 only,TRUE,,,,,,,,,,,,,,,,,,,,
Umbellularia californica,Leaf nitrogen content per unit mass,scale,10,rescale values below 10 only and exclude mild outlier,TRUE,,,,,,,,,,,,,,,,,,,,
Cassiope mertensiana,Leaf nitrogen content per unit mass,scale,10,x,TRUE,,,,,,,,,,,,,,,,,,,,
Panicum virgatum,Leaf nitrogen content per unit mass,scale,10,rescale values below 5 only and exclude mild outlier,TRUE,,,,,,,,,,,,,,,,,,,,
Mercurialis perennis,Leaf nitrogen content per unit mass,scale,10,exclude mild outlier,TRUE,,,,,,,,,,,,,,,,,,,,
Silene dioica,Leaf nitrogen content per unit mass,scale,10,rescale values below 5 only,TRUE,,,,,,,,,,,,,,,,,,,,
Viburnum nudum,Leaf nitrogen content per unit mass,scale,10,x,TRUE,,,,,,,,,,,,,,,,,,,,
Quercus ellipsoidalis,Leaf nitrogen content per unit mass,scale,10,rescale values below 5 only,TRUE,,,,,,,,,,,,,,,,,,,,
Empetrum nigrum,Leaf nitrogen content per unit mass,scale,10,rescale values below 5 only,TRUE,,,,,,,,,,,,,,,,,,,,
Sassafras albidum,Leaf nitrogen content per unit mass,scale,10,exclude mild outliers,TRUE,,,,,,,,,,,,,,,,,,,,
Cornus alternifolia,Leaf nitrogen content per unit mass,scale,10,x,TRUE,,,,,,,,,,,,,,,,,,,,
Hydrocotyle vulgaris,Leaf nitrogen content per unit mass,scale,10,rescale values below 10 only,TRUE,,,,,,,,,,,,,,,,,,,,
Rubus ulmifolius,Leaf nitrogen content per unit mass,scale,10,rescale values below 5 only,TRUE,,,,,,,,,,,,,,,,,,,,
Elymus repens,Leaf nitrogen content per unit mass,scale,10,rescale values below 5 only,TRUE,,,,,,,,,,,,,,,,,,,,
Medicago lupulina,Leaf nitrogen content per unit mass,exclude,x,exclude extreme outliers,TRUE,,,,,,,,,,,,,,,,,,,,
Abies lasiocarpa,Leaf nitrogen content per unit mass,scale,10,rescale values below 2.5 only,TRUE,,,,,,,,,,,,,,,,,,,,
Deschampsia caespitosa,Leaf nitrogen content per unit mass,scale,10,rescale values below 2.5 only,TRUE,,,,,,,,,,,,,,,,,,,,
Medicago polymorpha,Leaf nitrogen content per unit mass,scale,10,exclude extreme outliers,TRUE,,,,,,,,,,,,,,,,,,,,
Quercus montana,Leaf nitrogen content per unit mass,scale,10,x,TRUE,,,,,,,,,,,,,,,,,,,,
Salix hastata,Leaf nitrogen content per unit mass,scale,10,rescale values below 5 only,TRUE,,,,,,,,,,,,,,,,,,,,
Vaccinium deliciosum,Leaf nitrogen content per unit mass,scale,10,x,TRUE,,,,,,,,,,,,,,,,,,,,
Deschampsia cespitosa,Leaf nitrogen content per unit mass,scale,10,rescale values below 5 only,TRUE,,,,,,,,,,,,,,,,,,,,
Senecio crassulus,Leaf nitrogen content per unit mass,scale,10,rescale values below 10 only,TRUE,,,,,,,,,,,,,,,,,,,,
Zea mays,Leaf nitrogen content per unit mass,scale,10,rescale values below 5 only exclude values above 50,TRUE,,,,,,,,,,,,,,,,,,,,
Diplacus aurantiacus,Leaf nitrogen content per unit mass,scale,10,x,TRUE,,,,,,,,,,,,,,,,,,,,
Knautia arvensis,Leaf nitrogen content per unit mass,exclude,x,exclude mild outliers,TRUE,,,,,,,,,,,,,,,,,,,,
Carex hirta,Leaf nitrogen content per unit mass,scale,10,rescale values below 5 only,TRUE,,,,,,,,,,,,,,,,,,,,
Viola pedatifida,Leaf nitrogen content per unit mass,scale,10,rescale values below 5 only,TRUE,,,,,,,,,,,,,,,,,,,,
Acer granatense,Leaf nitrogen content per unit mass,exclude,x,exclude extreme outliers,TRUE,,,,,,,,,,,,,,,,,,,,
Pimpinella major,Leaf nitrogen content per unit mass,exclude,x,exclude mild outliers,TRUE,,,,,,,,,,,,,,,,,,,,
Bistorta vivipara,Leaf nitrogen content per unit mass,scale,10,rescale values below 10 only,TRUE,,,,,,,,,,,,,,,,,,,,
Andromeda polifolia,Leaf nitrogen content per unit mass,scale,10,rescale values below 10 only,TRUE,,,,,,,,,,,,,,,,,,,,
Juniperus scopulorum,Leaf nitrogen content per unit mass,scale,10,x,TRUE,,,,,,,,,,,,,,,,,,,,
Pinus aristata,Leaf nitrogen content per unit mass,scale,10,x,TRUE,,,,,,,,,,,,,,,,,,,,
Pinus strobiformis,Leaf nitrogen content per unit mass,scale,10,x,TRUE,,,,,,,,,,,,,,,,,,,,
Luzula piperi,Leaf nitrogen content per unit mass,scale,10,x,TRUE,,,,,,,,,,,,,,,,,,,,
Prunus serotina,Leaf nitrogen content per unit mass,scale,10,rescale values below 10 only,TRUE,,,,,,,,,,,,,,,,,,,,
Larix laricina,Leaf nitrogen content per unit mass,scale,10,rescale values below 10 only,TRUE,,,,,,,,,,,,,,,,,,,,
Picea rubens,Leaf nitrogen content per unit mass,scale,10,x,TRUE,,,,,,,,,,,,,,,,,,,,
Liquidambar styraciflua,Leaf nitrogen content per unit mass,scale,10,rescale values below 10 only,TRUE,,,,,,,,,,,,,,,,,,,,
Lathyrus sp,Leaf nitrogen content per unit mass,scale,10,x,TRUE,,,,,,,,,,,,,,,,,,,,
Ambrosia psilostachya,Leaf nitrogen content per unit mass,scale,10,rescale values below 10 only,TRUE,,,,,,,,,,,,,,,,,,,,
Pinus contorta,Leaf nitrogen content per unit mass,scale,10,rescale values below 10 only,TRUE,,,,,,,,,,,,,,,,,,,,
Plantago media,Leaf nitrogen content per unit mass,exclude,x,exclude mild outliers,TRUE,,,,,,,,,,,,,,,,,,,,
Dryas octopetala,Leaf nitrogen content per unit mass,scale,10,rescale values below 10 only,TRUE,,,,,,,,,,,,,,,,,,,,
Holcus lanatus,Leaf nitrogen content per unit mass,scale,10,rescale values below 5 only,TRUE,,,,,,,,,,,,,,,,,,,,
Sticherus sp,Leaf nitrogen content per unit mass,scale,10,x,TRUE,,,,,,,,,,,,,,,,,,,,
Quercus canariensis,Leaf nitrogen content per unit mass,scale,10,exclude mild outliers,TRUE,,,,,,,,,,,,,,,,,,,,
Galium odoratum,Leaf nitrogen content per unit mass,scale,10,x,TRUE,,,,,,,,,,,,,,,,,,,,
Galium mollugo,Leaf nitrogen content per unit mass,scale,10,rescale values below 5 only,TRUE,,,,,,,,,,,,,,,,,,,,
Hilaria rigida,Leaf nitrogen content per unit mass,scale,10,x,TRUE,,,,,,,,,,,,,,,,,,,,
Equisetum scirpoides,Leaf nitrogen content per unit mass,scale,10,rescale values below 5 only,TRUE,,,,,,,,,,,,,,,,,,,,
Carya ovata,Leaf nitrogen content per unit mass,scale,10,rescale values below 5 only,TRUE,,,,,,,,,,,,,,,,,,,,
Anemone nemorosa,Leaf nitrogen content per unit mass,scale,10,rescale values below 5 only,TRUE,,,,,,,,,,,,,,,,,,,,
Larix occidentalis,Leaf nitrogen content per unit mass,scale,10,rescale values below 10 only,TRUE,,,,,,,,,,,,,,,,,,,,
Lepidium densiflorum,Leaf nitrogen content per unit mass,scale,10,rescale values below 2.5 only,TRUE,,,,,,,,,,,,,,,,,,,,
Lycopus europaeus,Leaf nitrogen content per unit mass,scale,10,rescale values below 10 only,TRUE,,,,,,,,,,,,,,,,,,,,
Poa alpina,Leaf nitrogen content per unit mass,exclude,x,exclude mild outlier,TRUE,,,,,,,,,,,,,,,,,,,,
Rubia peregrina,Leaf nitrogen content per unit mass,scale,10,rescale values below 10 only,TRUE,,,,,,,,,,,,,,,,,,,,
Viburnum furcatum,Leaf nitrogen content per unit mass,scale,10,x,TRUE,,,,,,,,,,,,,,,,,,,,
Viburnum wrightii,Leaf nitrogen content per unit mass,scale,10,x,TRUE,,,,,,,,,,,,,,,,,,,,
Rubus sp,Leaf nitrogen content per unit mass,scale,10,x,TRUE,,,,,,,,,,,,,,,,,,,,
Solidago virgaurea,Leaf nitrogen content per unit mass,scale,10,rescale values below 10 only,TRUE,,,,,,,,,,,,,,,,,,,,
Morus alba,Leaf nitrogen content per unit mass,scale,10,x,TRUE,,,,,,,,,,,,,,,,,,,,
Potentilla hippiana,Leaf nitrogen content per unit mass,scale,10,x,TRUE,,,,,,,,,,,,,,,,,,,,
Quercus cerrioides_x,Leaf nitrogen content per unit mass,scale,10,x,TRUE,,,,,,,,,,,,,,,,,,,,
Acer spicatum,Leaf nitrogen content per unit mass,scale,10,x,TRUE,,,,,,,,,,,,,,,,,,,,
Brachypodium pinnatum,Leaf nitrogen content per unit mass,scale,10,x,TRUE,,,,,,,,,,,,,,,,,,,,
Lysimachia vulgaris,Leaf nitrogen content per unit mass,scale,10,rescale values below 10 only,TRUE,,,,,,,,,,,,,,,,,,,,
Poa compressa,Leaf nitrogen content per unit mass,scale,10,rescale values below 4 only,TRUE,,,,,,,,,,,,,,,,,,,,
Nassella pulchra,Leaf nitrogen content per unit mass,scale,10,x,TRUE,,,,,,,,,,,,,,,,,,,,
Calamagrostis sp,Leaf nitrogen content per unit mass,scale,10,x,TRUE,,,,,,,,,,,,,,,,,,,,
Rhamnus lycioides,Leaf nitrogen content per unit mass,exclude,x,exclude extreme outliers,TRUE,,,,,,,,,,,,,,,,,,,,
Achillea millefolium,Leaf nitrogen content per unit mass,scale,10,rescale values below 5 only,TRUE,,,,,,,,,,,,,,,,,,,,
Aegopodium podagraria,Leaf nitrogen content per unit mass,scale,10,rescale values below 5 only,TRUE,,,,,,,,,,,,,,,,,,,,
Asclepias syriaca,Leaf nitrogen content per unit mass,scale,10,rescale values below 5 only,TRUE,,,,,,,,,,,,,,,,,,,,
Galium aparine,Leaf nitrogen content per unit mass,scale,10,rescale values below 10 only,TRUE,,,,,,,,,,,,,,,,,,,,
Portulaca oleracea,Leaf nitrogen content per unit mass,scale,10,rescale values below 10 only,TRUE,,,,,,,,,,,,,,,,,,,,
Solidago velutina,Leaf nitrogen content per unit mass,scale,10,rescale values below 10 only,TRUE,,,,,,,,,,,,,,,,,,,,
Galium verum,Leaf nitrogen content per unit mass,scale,10,rescale values below 10 only,TRUE,,,,,,,,,,,,,,,,,,,,
Phlomis purpurea,Leaf nitrogen content per unit mass,exclude,x,exclude mild outliers,TRUE,,,,,,,,,,,,,,,,,,,,
Rhododendron lapponicum,Leaf nitrogen content per unit mass,scale,10,rescale values below 5 only,TRUE,,,,,,,,,,,,,,,,,,,,
Micranthes ferruginea,Leaf nitrogen content per unit mass,scale,10,x,TRUE,,,,,,,,,,,,,,,,,,,,
Sorbus americana,Leaf nitrogen content per unit mass,scale,10,x,TRUE,,,,,,,,,,,,,,,,,,,,
Carex panicea,Leaf nitrogen content per unit mass,scale,10,rescale values below 5 only,TRUE,,,,,,,,,,,,,,,,,,,,
Dryopteris carthusiana,Leaf nitrogen content per unit mass,scale,10,rescale values below 5 only,TRUE,,,,,,,,,,,,,,,,,,,,
Lonicera periclymenum,Leaf nitrogen content per unit mass,scale,10,rescale values below 10 only,TRUE,,,,,,,,,,,,,,,,,,,,
Platanus occidentalis,Leaf nitrogen content per unit mass,scale,10,rescale values below 10 only,TRUE,,,,,,,,,,,,,,,,,,,,
Quercus cerris,Leaf nitrogen content per unit mass,scale,10,rescale values below 10 only,TRUE,,,,,,,,,,,,,,,,,,,,
Scutellaria parvula,Leaf nitrogen content per unit mass,scale,10,rescale values below 10 only,TRUE,,,,,,,,,,,,,,,,,,,,
Plantago lanceolata,Leaf nitrogen content per unit mass,scale,10,rescale values below 5 only,TRUE,,,,,,,,,,,,,,,,,,,,
Artemisia ludoviciana,Leaf nitrogen content per unit mass,scale,10,rescale values below 5 only,TRUE,,,,,,,,,,,,,,,,,,,,
Betula populifolia,Leaf nitrogen content per unit mass,scale,10,rescale values below 5 only,TRUE,,,,,,,,,,,,,,,,,,,,
Verbascum thapsus,Leaf nitrogen content per unit mass,scale,10,rescale values below 5 only,TRUE,,,,,,,,,,,,,,,,,,,,
Viburnum lantanoides,Leaf nitrogen content per unit mass,scale,10,x,TRUE,,,,,,,,,,,,,,,,,,,,
Lolium perenne,Leaf nitrogen content per unit mass,scale,10,rescale values below 5 only,TRUE,,,,,,,,,,,,,,,,,,,,
Potentilla sp,Leaf nitrogen content per unit mass,scale,10,x,TRUE,,,,,,,,,,,,,,,,,,,,
Brachypodium phoenicoides,Leaf nitrogen content per unit mass,scale,10,rescale values below 10 only,TRUE,,,,,,,,,,,,,,,,,,,,
Eupatorium cannabinum,Leaf nitrogen content per unit mass,scale,10,rescale values below 5 only,TRUE,,,,,,,,,,,,,,,,,,,,
Oxydendrum arboreum,Leaf nitrogen content per unit mass,scale,10,rescale values below 5 only,TRUE,,,,,,,,,,,,,,,,,,,,
Panicum linearifolium,Leaf nitrogen content per unit mass,scale,10,rescale values below 5 only,TRUE,,,,,,,,,,,,,,,,,,,,
Quercus falcata,Leaf nitrogen content per unit mass,scale,10,x,TRUE,,,,,,,,,,,,,,,,,,,,
Raphanus sativus,Leaf nitrogen content per unit mass,scale,10,x,TRUE,,,,,,,,,,,,,,,,,,,,
Viburnum betulifolium,Leaf nitrogen content per unit mass,scale,10,x,TRUE,,,,,,,,,,,,,,,,,,,,
Quercus gambelii,Leaf nitrogen content per unit mass,scale,10,rescale values below 5 only,TRUE,,,,,,,,,,,,,,,,,,,,
Viburnum dentatum,Leaf nitrogen content per unit mass,scale,10,x,TRUE,,,,,,,,,,,,,,,,,,,,
Eschscholzia californica,Leaf nitrogen content per unit mass,scale,10,x,TRUE,,,,,,,,,,,,,,,,,,,,
Hamamelis virginiana,Leaf nitrogen content per unit mass,scale,10,x,TRUE,,,,,,,,,,,,,,,,,,,,
Calamagrostis arundinacea,Leaf nitrogen content per unit mass,scale,10,x,TRUE,,,,,,,,,,,,,,,,,,,,
Salix cinerea,Leaf nitrogen content per unit mass,scale,10,x,TRUE,,,,,,,,,,,,,,,,,,,,
Salix phylicifolia,Leaf nitrogen content per unit mass,exclude,x,exclude extreme outliers,TRUE,,,,,,,,,,,,,,,,,,,,
Asteraceae sp,Leaf nitrogen content per unit mass,scale,10,x,TRUE,,,,,,,,,,,,,,,,,,,,
Crocanthemum bicknellii,Leaf nitrogen content per unit mass,scale,10,x,TRUE,,,,,,,,,,,,,,,,,,,,
Lolium pratense,Leaf nitrogen content per unit mass,scale,10,x,TRUE,,,,,,,,,,,,,,,,,,,,
Bistorta sp,Leaf nitrogen content per unit mass,scale,10,x,TRUE,,,,,,,,,,,,,,,,,,,,
Luzula sp,Leaf nitrogen content per unit mass,scale,10,x,TRUE,,,,,,,,,,,,,,,,,,,,
Magnolia grandiflora,Leaf nitrogen content per unit mass,scale,10,x,TRUE,,,,,,,,,,,,,,,,,,,,
Achnatherum hymenoides,Leaf nitrogen content per unit mass,scale,10,x,TRUE,,,,,,,,,,,,,,,,,,,,
Sidalcea malviflora,Leaf nitrogen content per unit mass,scale,10,x,TRUE,,,,,,,,,,,,,,,,,,,,
Ilex opaca,Leaf nitrogen content per unit mass,scale,10,x,TRUE,,,,,,,,,,,,,,,,,,,,
Graminoid,Leaf nitrogen content per unit mass,scale,10,x,TRUE,,,,,,,,,,,,,,,,,,,,
Graminoids sp,Leaf nitrogen content per unit mass,scale,10,x,TRUE,,,,,,,,,,,,,,,,,,,,
VACCINIUM VITIS−IDAEA,Leaf nitrogen content per unit mass,scale,10,rescale values below 5 only,TRUE,,,,,,,,,,,,,,,,,,,,
Picea sitchensis,Leaf nitrogen content per unit mass,scale,10,rescale values below 5 only,TRUE,,,,,,,,,,,,,,,,,,,,
Calamagrostis lapponica,Leaf nitrogen content per unit mass,scale,10,rescale values below 5 only,TRUE,,,,,,,,,,,,,,,,,,,,
Tofieldia pusilla,Leaf nitrogen content per unit mass,scale,10,rescale values below 5 only,TRUE,,,,,,,,,,,,,,,,,,,,
Prosopis velutina,Leaf nitrogen content per unit mass,scale,10,rescale values below 5 only,TRUE,,,,,,,,,,,,,,,,,,,,
Festuca valesiaca,Leaf nitrogen content per unit mass,exclude,x,exclude mild outlier,TRUE,,,,,,,,,,,,,,,,,,,,
Vaccinium uliginosum,Leaf nitrogen content per unit mass,scale,10,rescale values below 10 only,TRUE,,,,,,,,,,,,,,,,,,,,
Salix lapponum,Leaf nitrogen content per unit mass,scale,10,rescale values below 5 only,TRUE,,,,,,,,,,,,,,,,,,,,
Amphicarpaea bracteata,Leaf nitrogen content per unit mass,scale,10,rescale values below 10 only,TRUE,,,,,,,,,,,,,,,,,,,,
Elymus smithii,Leaf nitrogen content per unit mass,scale,10,rescale values below 5 only,TRUE,,,,,,,,,,,,,,,,,,,,
Trientalis europaea,Leaf nitrogen content per unit mass,scale,10,rescale values below 5 only,TRUE,,,,,,,,,,,,,,,,,,,,
Corylus americana,Leaf nitrogen content per unit mass,scale,10,rescale values below 10 only,TRUE,,,,,,,,,,,,,,,,,,,,
Centaurea jacea,Leaf nitrogen content per unit mass,scale,10,rescale values below 10 only,TRUE,,,,,,,,,,,,,,,,,,,,
Artemisia sp,Leaf nitrogen content per unit mass,scale,10,exclude mild outliers,TRUE,,,,,,,,,,,,,,,,,,,,
Pedicularis hirsuta,Leaf nitrogen content per unit mass,scale,10,rescale values below 10 only,TRUE,,,,,,,,,,,,,,,,,,,,
Populus balsamifera,Leaf nitrogen content per unit mass,scale,10,rescale values below 10 only,TRUE,,,,,,,,,,,,,,,,,,,,
Cassiope tetragona,Leaf nitrogen content per unit mass,scale,10,rescale values below 5 only,TRUE,,,,,,,,,,,,,,,,,,,,
Taxus baccata,Leaf nitrogen content per unit mass,scale,10,rescale values below 10 only,TRUE,,,,,,,,,,,,,,,,,,,,
Rhamnus cathartica,Leaf nitrogen content per unit mass,scale,10,rescale values below 10 only,TRUE,,,,,,,,,,,,,,,,,,,,
Viburnum tinus,Leaf nitrogen content per unit mass,scale,10,rescale values below 3 only,TRUE,,,,,,,,,,,,,,,,,,,,
Vaccinium myrtillus,Leaf nitrogen content per unit mass,scale,10,rescale values below 10 only,TRUE,,,,,,,,,,,,,,,,,,,,
Populus sp,Leaf nitrogen content per unit mass,scale,10,rescale values below 10 only,TRUE,,,,,,,,,,,,,,,,,,,,
Comandra umbellata,Leaf nitrogen content per unit mass,scale,10,rescale values below 10 only,TRUE,,,,,,,,,,,,,,,,,,,,
Lycium andersonii,Leaf nitrogen content per unit mass,exclude,x,exclude extreme outliers,TRUE,,,,,,,,,,,,,,,,,,,,
Krameria erecta,Leaf nitrogen content per unit mass,exclude,x,exclude extreme outliers,TRUE,,,,,,,,,,,,,,,,,,,,
Artemisia tridentata,Leaf nitrogen content per unit mass,scale,10,rescale values below 5 only,TRUE,,,,,,,,,,,,,,,,,,,,
Calamagrostis epigejos,Leaf nitrogen content per unit mass,scale,10,rescale values below 10 only,TRUE,,,,,,,,,,,,,,,,,,,,
Crepis paludosa,Leaf nitrogen content per unit mass,scale,10,rescale values below 10 only,TRUE,,,,,,,,,,,,,,,,,,,,
Dactylis glomerata,Leaf nitrogen content per unit mass,scale,10,rescale values below 10 only,TRUE,,,,,,,,,,,,,,,,,,,,
Carya glabra,Leaf nitrogen content per unit mass,scale,10,rescale values below 10 only,TRUE,,,,,,,,,,,,,,,,,,,,
Betula glandulosa,Leaf nitrogen content per unit mass,exclude,x,exclude extreme outliers,TRUE,,,,,,,,,,,,,,,,,,,,
Triticum aestivum,Leaf nitrogen content per unit mass,scale,10,rescale values below 5 only,TRUE,,,,,,,,,,,,,,,,,,,,
Ulex parviflorus,Leaf nitrogen content per unit mass,exclude,x,exclude mild outlier,TRUE,,,,,,,,,,,,,,,,,,,,
Daphne gnidium,Leaf nitrogen content per unit mass,scale,10,exclude mild outlier,TRUE,,,,,,,,,,,,,,,,,,,,
Bromus inermis,Leaf nitrogen content per unit mass,scale,10,rescale values below 5 only and exclude values above 50,TRUE,,,,,,,,,,,,,,,,,,,,
Fragaria vesca,Leaf nitrogen content per unit mass,scale,10,rescale values below 10 only,TRUE,,,,,,,,,,,,,,,,,,,,
Gymnocarpium dryopteris,Leaf nitrogen content per unit mass,scale,10,rescale values below 10 only,TRUE,,,,,,,,,,,,,,,,,,,,
Pinus uncinata,Leaf nitrogen content per unit mass,scale,10,rescale values below 5 only,TRUE,,,,,,,,,,,,,,,,,,,,
Nyssa sylvatica,Leaf nitrogen content per unit mass,scale,10,rescale values below 10 only,TRUE,,,,,,,,,,,,,,,,,,,,
Quercus douglasii,Leaf nitrogen content per unit mass,scale,10,rescale values below 10 only,TRUE,,,,,,,,,,,,,,,,,,,,
Festuca ovina,Leaf nitrogen content per unit mass,scale,10,rescale values below 5 only,TRUE,,,,,,,,,,,,,,,,,,,,
Rumex acetosa,Leaf Area,scale,100,rescale values below 300 only,TRUE,,,,,,,,,,,,,,,,,,,,
Eremogone congesta,Leaf Area,scale,100,x,TRUE,,,,,,,,,,,,,,,,,,,,
Lonicera sp,Leaf Area,scale,10,x,TRUE,,,,,,,,,,,,,,,,,,,,
Ruscus aculeatus,Leaf Area,scale,0.001,x,TRUE,,,,,,,,,,,,,,,,,,,,
Eriophorum angustifolium,Leaf Area,scale,0.1,x,TRUE,,,,,,,,,,,,,,,,,,,,
Lupinus perennis,Leaf Area,scale,10,x,TRUE,,,,,,,,,,,,,,,,,,,,
Genista scorpius,Leaf Area,scale,10,rescale values below 10 only,TRUE,,,,,,,,,,,,,,,,,,,,
Silene stellata,Leaf Area,scale,100,x,TRUE,,,,,,,,,,,,,,,,,,,,
Galeopsis tetrahit,Leaf Area,scale,100,rescale values below 500 only,TRUE,,,,,,,,,,,,,,,,,,,,
Symphyotrichum ericoides,Leaf Area,scale,100,x,TRUE,,,,,,,,,,,,,,,,,,,,
Ambrosia artemisiifolia,Leaf Area,scale,100,rescale values below 25 only,TRUE,,,,,,,,,,,,,,,,,,,,
Impatiens capensis,Leaf Area,scale,100,x,TRUE,,,,,,,,,,,,,,,,,,,,
Pinus halepensis,Leaf Area,scale,100,rescale values below 5 only,TRUE,,,,,,,,,,,,,,,,,,,,
Carex macrolepis,Leaf Area,scale,0.1,x,TRUE,,,,,,,,,,,,,,,,,,,,
Daphne gnidium,Leaf Area,scale,100,rescale values below 100 only,TRUE,,,,,,,,,,,,,,,,,,,,
Ostrya virginiana,Leaf Area,scale,100,rescale values below 1000 only,TRUE,,,,,,,,,,,,,,,,,,,,
Cistus clusii,Leaf Area,scale,1000,rescale values below 1 only,TRUE,,,,,,,,,,,,,,,,,,,,
Deutzia discolor,Leaf Area,scale,100,x,TRUE,,,,,,,,,,,,,,,,,,,,
Sorbaria kirilowii,Leaf Area,scale,1000,x,TRUE,,,,,,,,,,,,,,,,,,,,
Bellis perennis,Leaf Area,scale,10,rescale values below 20 only,TRUE,,,,,,,,,,,,,,,,,,,,
Phleum pratense,Leaf Area,scale,100,rescale values below 100 only,TRUE,,,,,,,,,,,,,,,,,,,,
Calamagrostis canadensis,Leaf Area,scale,10,rescale values below 20 only,TRUE,,,,,,,,,,,,,,,,,,,,
Erysimum capitatum,Leaf Area,scale,100,rescale values below 100 only,TRUE,,,,,,,,,,,,,,,,,,,,
Senecio actinella,Leaf Area,scale,1000,x,TRUE,,,,,,,,,,,,,,,,,,,,
Crepis aurea,Leaf Area,scale,100,x,TRUE,,,,,,,,,,,,,,,,,,,,
Carex capillaris,Leaf Area,scale,10,x,TRUE,,,,,,,,,,,,,,,,,,,,
Epilobium alsinifolium,Leaf Area,scale,10000,x,TRUE,,,,,,,,,,,,,,,,,,,,
Erigeron alpinus,Leaf Area,scale,100,x,TRUE,,,,,,,,,,,,,,,,,,,,
Genista hispanica subsp. occidentalis,Leaf Area,scale,100,x,TRUE,,,,,,,,,,,,,,,,,,,,
Leucanthemum ircutianum subsp. cantabricum,Leaf Area,scale,1000,x,TRUE,,,,,,,,,,,,,,,,,,,,
Muhlenbergia minutissima,Leaf Area,scale,1000,x,TRUE,,,,,,,,,,,,,,,,,,,,
Poa laxa,Leaf Area,scale,10,x,TRUE,,,,,,,,,,,,,,,,,,,,
Potentilla recta,Leaf Area,scale,10,x,TRUE,,,,,,,,,,,,,,,,,,,,
Rudbeckia triloba,Leaf Area,scale,10,x,TRUE,,,,,,,,,,,,,,,,,,,,
Toxicodendron radicans,Leaf Area,scale,100,rescale values below 200 only and exclude extreme outliers,TRUE,,,,,,,,,,,,,,,,,,,,
Tilia americana,Leaf Area,scale,10,rescale values below 100 by 100 and above by 0.1,TRUE,,,,,,,,,,,,,,,,,,,,
Ranunculus montanus,Leaf Area,scale,10,x,TRUE,,,,,,,,,,,,,,,,,,,,
Avena barbata,Leaf Area,scale,100,rescale values below 10 only,TRUE,,,,,,,,,,,,,,,,,,,,
Onoclea sensibilis,Leaf Area,scale,1000,rescale values below 100 by 1000 and above by 100,TRUE,,,,,,,,,,,,,,,,,,,,
Alopecurus pratensis,Leaf Area,scale,100,rescale values below 500 only,TRUE,,,,,,,,,,,,,,,,,,,,
Physostegia virginiana,Leaf Area,scale,100,x,TRUE,,,,,,,,,,,,,,,,,,,,
Lewisia pygmaea,Leaf Area,scale,100,rescale values below 500 only,TRUE,,,,,,,,,,,,,,,,,,,,
Lotus dorycnium,Leaf Area,scale,10000,rescale values below 1 by 10000 and above by 10,TRUE,,,,,,,,,,,,,,,,,,,,
Alliaria petiolata,Leaf Area,exclude,x,exclude extreme outliers,TRUE,,,,,,,,,,,,,,,,,,,,
Berberis koreana,Leaf Area,scale,10,x,TRUE,,,,,,,,,,,,,,,,,,,,
Chionophila jamesii,Leaf Area,exclude,x,exclude extreme outliers,TRUE,,,,,,,,,,,,,,,,,,,,
Ericameria cuneata,Leaf Area,scale,10,x,TRUE,,,,,,,,,,,,,,,,,,,,
Persicaria amphibia,Leaf Area,scale,100,rescale values below 1000 only,TRUE,,,,,,,,,,,,,,,,,,,,
Prosopis glandulosa,Leaf Area,scale,100,x,TRUE,,,,,,,,,,,,,,,,,,,,
Trifolium arvense,Leaf Area,scale,10,x,TRUE,,,,,,,,,,,,,,,,,,,,
Trixis californica,Leaf Area,scale,100,x,TRUE,,,,,,,,,,,,,,,,,,,,
Berberis vulgaris,Leaf Area,scale,100,x,TRUE,,,,,,,,,,,,,,,,,,,,
Arnica latifolia,Leaf Area,scale,100,rescale values below 500 only,TRUE,,,,,,,,,,,,,,,,,,,,
Betula pubescens,Leaf Area,exclude,x,exclude values below zero,TRUE,,,,,,,,,,,,,,,,,,,,
Quercus macrocarpa,Leaf Area,scale,10,x,TRUE,,,,,,,,,,,,,,,,,,,,
Thinopyrum junceum,Leaf Area,scale,0.1,x,TRUE,,,,,,,,,,,,,,,,,,,,
Doronicum glaciale,Leaf Area,scale,1000,rescale values below 100 only and exclude extreme outliers,TRUE,,,,,,,,,,,,,,,,,,,,
Senecio amplectens,Leaf Area,scale,100,x,TRUE,,,,,,,,,,,,,,,,,,,,
Bistorta bistortoides,Leaf Area,exclude,x,exclude mild and extreme outliers,TRUE,,,,,,,,,,,,,,,,,,,,
Campsis radicans,Leaf Area,scale,100,x,TRUE,,,,,,,,,,,,,,,,,,,,
Fraxinus americana,Leaf Area,exclude,x,exclude values below 1000,TRUE,,,,,,,,,,,,,,,,,,,,
Botrychium dissectum,Leaf Area,scale,10,rescale values below 2500 only,TRUE,,,,,,,,,,,,,,,,,,,,
Elymus violaceus,Leaf Area,scale,10,x,TRUE,,,,,,,,,,,,,,,,,,,,
Harrimanella hypnoides,Leaf Area,scale,100,x,TRUE,,,,,,,,,,,,,,,,,,,,
Potentilla anserina,Leaf Area,exclude,x,exclude extreme outliers,TRUE,,,,,,,,,,,,,,,,,,,,
Pseudognaphalium macounii,Leaf Area,scale,100,x,TRUE,,,,,,,,,,,,,,,,,,,,
Tofieldia pusilla,Leaf Area,scale,10,x,TRUE,,,,,,,,,,,,,,,,,,,,
Verbena bracteata,Leaf Area,scale,10,exclude extreme outliers,TRUE,,,,,,,,,,,,,,,,,,,,
Phlomis purpurea,Leaf Area,scale,100,rescale values below 200 only  ,TRUE,,,,,,,,,,,,,,,,,,,,
Stipa tenacissima,Leaf Area,scale,100,rescale values below 1000 only,TRUE,,,,,,,,,,,,,,,,,,,,
Cornus suecica,Leaf Area,exclude,x,exclude mild outlier,TRUE,,,,,,,,,,,,,,,,,,,,
Viola pedata,Leaf Area,scale,10,x,TRUE,,,,,,,,,,,,,,,,,,,,
Cistus albidus,Leaf Area,scale,100,rescale values below 100 only,TRUE,,,,,,,,,,,,,,,,,,,,
Primula acaulis,Leaf Area,exclude,x,exclude values below 100 only,TRUE,,,,,,,,,,,,,,,,,,,,
Koeleria macrantha,Leaf Area,scale,10,rescale values below 10 only,TRUE,,,,,,,,,,,,,,,,,,,,
Euphrasia minima,Leaf Area,scale,100,rescale values below 1 only,TRUE,,,,,,,,,,,,,,,,,,,,
Cryptomeria japonica,Leaf Area,scale,100,rescale values below 1 only,TRUE,,,,,,,,,,,,,,,,,,,,
Echinops ritro,Leaf Area,exclude,x,exclude mild outliers,TRUE,,,,,,,,,,,,,,,,,,,,
Globularia alypum,Leaf Area,scale,100,rescale values below 20 only,TRUE,,,,,,,,,,,,,,,,,,,,
Helianthemum syriacum,Leaf Area,scale,100,rescale values below 25 only,TRUE,,,,,,,,,,,,,,,,,,,,
Plantago afra,Leaf Area,exclude,x,exclude mild outlier,TRUE,,,,,,,,,,,,,,,,,,,,
Teucrium polium,Leaf Area,scale,1000,rescale values below 1 only,TRUE,,,,,,,,,,,,,,,,,,,,
Hordelymus europaeus,Leaf Area,scale,0.1,x,TRUE,,,,,,,,,,,,,,,,,,,,
Viola canadensis,Leaf Area,scale,10,x,TRUE,,,,,,,,,,,,,,,,,,,,
Antennaria alpina,Leaf Area,exclude,x,exclude mild and extreme outliers,TRUE,,,,,,,,,,,,,,,,,,,,
Calicotome villosa,Leaf Area,scale,0.1,x,TRUE,,,,,,,,,,,,,,,,,,,,
Populus tremula,Leaf Area,exclude,x,exclude extreme outliers,TRUE,,,,,,,,,,,,,,,,,,,,
Pinus pinaster,Leaf Area,scale,10,rescale values below 50 only ,TRUE,,,,,,,,,,,,,,,,,,,,
Hieracium fendleri,Leaf Area,scale,100,x,TRUE,,,,,,,,,,,,,,,,,,,,
Stipa comata,Leaf Area,scale,10,x,TRUE,,,,,,,,,,,,,,,,,,,,
Weigela florida,Leaf Area,scale,10,x,TRUE,,,,,,,,,,,,,,,,,,,,
Helictotrichon pratense,Leaf Area,scale,0.1,x,TRUE,,,,,,,,,,,,,,,,,,,,
Lavandula multifida,Leaf Area,scale,100,exclude extreme outliers,TRUE,,,,,,,,,,,,,,,,,,,,
Phagnalon saxatile,Leaf Area,scale,100,rescale values below 5 only,TRUE,,,,,,,,,,,,,,,,,,,,
Salvia officinalis,Leaf Area,scale,100,rescale values below 100 only,TRUE,,,,,,,,,,,,,,,,,,,,
Ulex parviflorus,Leaf Area,exclude,x,exclude mild and extreme outliers,TRUE,,,,,,,,,,,,,,,,,,,,
Fumana ericoides,Leaf Area,scale,1000,rescale values below 1 only,TRUE,,,,,,,,,,,,,,,,,,,,
Oxalis dillenii,Leaf Area,scale,100,exclude extreme outliers,TRUE,,,,,,,,,,,,,,,,,,,,
Ajuga reptans,Leaf Area,exclude,x,exclude mild outliers,TRUE,,,,,,,,,,,,,,,,,,,,
Erica arborea,Leaf Area,exclude,x,exclude mild and extreme outliers,TRUE,,,,,,,,,,,,,,,,,,,,
Erigeron grandiflorus,Leaf Area,exclude,x,exclude mild outliers,TRUE,,,,,,,,,,,,,,,,,,,,
Vaccinium myrtilloides,Leaf Area,scale,10,x,TRUE,,,,,,,,,,,,,,,,,,,,
Astragalus rusbyi,Leaf Area,scale,10,x,TRUE,,,,,,,,,,,,,,,,,,,,
Caltha leptosepala,Leaf Area,exclude,x,exclude mild outliers,TRUE,,,,,,,,,,,,,,,,,,,,
Helianthemum marifolium,Leaf Area,scale,1000,exclude extreme outliers,TRUE,,,,,,,,,,,,,,,,,,,,
Silene acaulis,Leaf Area,scale,100,rescale values below 1 only,TRUE,,,,,,,,,,,,,,,,,,,,
Lespedeza cuneata,Leaf Area,scale,10,x,TRUE,,,,,,,,,,,,,,,,,,,,
Potentilla aurea,Leaf Area,scale,100,rescale values below 100 only,TRUE,,,,,,,,,,,,,,,,,,,,
Lolium pratense,Leaf Area,scale,10,rescale values below 500 only,TRUE,,,,,,,,,,,,,,,,,,,,
Anchusa barrellieri,Leaf Area,scale,0.1,rescale values above 10000 only,TRUE,,,,,,,,,,,,,,,,,,,,
Cardamine amara,Leaf Area,scale,1000,x,TRUE,,,,,,,,,,,,,,,,,,,,
Crupina vulgaris,Leaf Area,scale,10,rescale values below 200 only,TRUE,,,,,,,,,,,,,,,,,,,,
Peucedanum officinale,Leaf Area,scale,0.1,x,TRUE,,,,,,,,,,,,,,,,,,,,
Philadelphus inodorus,Leaf Area,scale,100,x,TRUE,,,,,,,,,,,,,,,,,,,,
Pyracantha angustifolia,Leaf Area,scale,100,x,TRUE,,,,,,,,,,,,,,,,,,,,
Syringa pubescens,Leaf Area,scale,1000,x,TRUE,,,,,,,,,,,,,,,,,,,,
Corylus americana,Leaf Area,scale,10,x,TRUE,,,,,,,,,,,,,,,,,,,,
Betula pendula,Leaf Area,scale,100,rescale values below 20 only,TRUE,,,,,,,,,,,,,,,,,,,,
Bromus tectorum,Leaf Area,scale,100,rescale values below 5 only,TRUE,,,,,,,,,,,,,,,,,,,,
Geranium dissectum,Leaf Area,scale,100,rescale values below 500 by 100 and above by 0.1,TRUE,,,,,,,,,,,,,,,,,,,,
Bromus ciliatus,Leaf Area,scale,10,x,TRUE,,,,,,,,,,,,,,,,,,,,
Fumana laevipes,Leaf Area,scale,100,rescale values below 1 only,TRUE,,,,,,,,,,,,,,,,,,,,
Stipa lettermanii,Leaf Area,scale,10,x,TRUE,,,,,,,,,,,,,,,,,,,,
Hypericum maculatum,Leaf Area,scale,10,x,TRUE,,,,,,,,,,,,,,,,,,,,
Pistacia terebinthus,Leaf Area,scale,100,rescale values below 100 only,TRUE,,,,,,,,,,,,,,,,,,,,
Cirsium arvense,Leaf Area,scale,100,rescale values below 100 only,TRUE,,,,,,,,,,,,,,,,,,,,
Euphorbia corollata,Leaf Area,scale,100,x,TRUE,,,,,,,,,,,,,,,,,,,,
Gentiana puberulenta,Leaf Area,scale,100,rescale values below 25 only,TRUE,,,,,,,,,,,,,,,,,,,,
Tetraneuris acaulis,Leaf Area,scale,100,rescale values below 50 only ,TRUE,,,,,,,,,,,,,,,,,,,,
Arbutus andrachne,Leaf Area,exclude,x,exclude extreme outliers,TRUE,,,,,,,,,,,,,,,,,,,,
Helianthemum cinereum,Leaf Area,scale,100,rescale values below 20 only,TRUE,,,,,,,,,,,,,,,,,,,,
Brachypodium retusum,Leaf Area,exclude,x,exclude extreme outliers,TRUE,,,,,,,,,,,,,,,,,,,,
Quercus virginiana,Leaf Area,scale,10,x,TRUE,,,,,,,,,,,,,,,,,,,,
Trifolium pratense,Leaf Area,scale,100,rescale values below 10 only,TRUE,,,,,,,,,,,,,,,,,,,,
Epipactis helleborine,Leaf Area,exclude,x,exclude mild outliers,TRUE,,,,,,,,,,,,,,,,,,,,
Eremogone fendleri,Leaf Area,scale,100,rescale values below 10 only,TRUE,,,,,,,,,,,,,,,,,,,,
Quercus pyrenaica,Leaf Area,scale,100,x,TRUE,,,,,,,,,,,,,,,,,,,,
Pimpinella major,Leaf Area,scale,10,x,TRUE,,,,,,,,,,,,,,,,,,,,
Galium odoratum,Leaf Area,scale,0.1,x,TRUE,,,,,,,,,,,,,,,,,,,,
Xanthium strumarium,Leaf Area,scale,1000,rescale values below 3000 only,TRUE,,,,,,,,,,,,,,,,,,,,
Helichrysum italicum,Leaf Area,scale,100,rescale values below 10 only,TRUE,,,,,,,,,,,,,,,,,,,,
Crucianella maritima,Leaf Area,exclude,x,exclude extreme outliers,TRUE,,,,,,,,,,,,,,,,,,,,
Sorghastrum nutans,Leaf Area,scale,10,x,TRUE,,,,,,,,,,,,,,,,,,,,
Homogyne alpina,Leaf Area,scale,100,x,TRUE,,,,,,,,,,,,,,,,,,,,
Vicia americana,Leaf Area,scale,10,x,TRUE,,,,,,,,,,,,,,,,,,,,
Daucus carota,Leaf Area,scale,10,exclude extreme outliers,TRUE,,,,,,,,,,,,,,,,,,,,
Glechoma hederacea,Leaf Area,scale,10,rescale values below 200 only and exclude mild outliers,TRUE,,,,,,,,,,,,,,,,,,,,
Hieracium alpinum,Leaf Area,scale,100,rescale values below 100 only,TRUE,,,,,,,,,,,,,,,,,,,,
Parthenocissus quinquefolia,Leaf Area,scale,100,x,TRUE,,,,,,,,,,,,,,,,,,,,
Verbascum thapsus,Leaf Area,scale,100,x,TRUE,,,,,,,,,,,,,,,,,,,,
Abutilon incanum,Leaf Area,scale,100,x,TRUE,,,,,,,,,,,,,,,,,,,,
Alchemilla coriacea,Leaf Area,scale,100,x,TRUE,,,,,,,,,,,,,,,,,,,,
Alnus alnobetula,Leaf Area,scale,0.1,x,TRUE,,,,,,,,,,,,,,,,,,,,
Anthyllis vulneraria subsp. polyphylla,Leaf Area,scale,0.1,x,TRUE,,,,,,,,,,,,,,,,,,,,
Armoracia macrocarpa,Leaf Area,scale,0.1,x,TRUE,,,,,,,,,,,,,,,,,,,,
Astragalus laxmannii,Leaf Area,scale,100,x,TRUE,,,,,,,,,,,,,,,,,,,,
Astragalus shortianus,Leaf Area,scale,100,x,TRUE,,,,,,,,,,,,,,,,,,,,
Atriplex sp,Leaf Area,scale,100,x,TRUE,,,,,,,,,,,,,,,,,,,,
Bouteloua curtipendula,Leaf Area,scale,10,x,TRUE,,,,,,,,,,,,,,,,,,,,
Cardamine parviflora,Leaf Area,scale,0.1,x,TRUE,,,,,,,,,,,,,,,,,,,,
Carex arenaria,Leaf Area,scale,10,exclude extreme outliers,TRUE,,,,,,,,,,,,,,,,,,,,
Carex swanii,Leaf Area,scale,10,x,TRUE,,,,,,,,,,,,,,,,,,,,
Clintonia borealis,Leaf Area,scale,10,x,TRUE,,,,,,,,,,,,,,,,,,,,
Descurainia sophia,Leaf Area,scale,100,x,TRUE,,,,,,,,,,,,,,,,,,,,
Desmodium rigidum,Leaf Area,scale,100,x,TRUE,,,,,,,,,,,,,,,,,,,,
Equisetum ramosissimum,Leaf Area,scale,0.01,x,TRUE,,,,,,,,,,,,,,,,,,,,
Genista sp,Leaf Area,scale,100,x,TRUE,,,,,,,,,,,,,,,,,,,,
Hornungia alpina,Leaf Area,scale,1000,x,TRUE,,,,,,,,,,,,,,,,,,,,
Hyparrhenia hirta,Leaf Area,scale,10,exclude extreme outliers,TRUE,,,,,,,,,,,,,,,,,,,,
Lappula occidentalis,Leaf Area,scale,1000,x,TRUE,,,,,,,,,,,,,,,,,,,,
Lithospermum multiflorum,Leaf Area,scale,100,x,TRUE,,,,,,,,,,,,,,,,,,,,
Lotus alpinus,Leaf Area,scale,1000,x,TRUE,,,,,,,,,,,,,,,,,,,,
Lycium exsertum,Leaf Area,scale,10,x,TRUE,,,,,,,,,,,,,,,,,,,,
Matthiola perennis,Leaf Area,scale,100,x,TRUE,,,,,,,,,,,,,,,,,,,,
Munroa squarrosa,Leaf Area,scale,10,x,TRUE,,,,,,,,,,,,,,,,,,,,
Musineon divaricatum,Leaf Area,scale,100,x,TRUE,,,,,,,,,,,,,,,,,,,,
Panicum scoparium,Leaf Area,scale,10,x,TRUE,,,,,,,,,,,,,,,,,,,,
Plantago patagonica,Leaf Area,scale,100,x,TRUE,,,,,,,,,,,,,,,,,,,,
Purshia tridentata,Leaf Area,scale,1000,x,TRUE,,,,,,,,,,,,,,,,,,,,
Saxifraga exarata,Leaf Area,scale,1000,x,TRUE,,,,,,,,,,,,,,,,,,,,
Schoenus nigricans,Leaf Area,scale,0.1,x,TRUE,,,,,,,,,,,,,,,,,,,,
Secale sylvestre,Leaf Area,scale,10,x,TRUE,,,,,,,,,,,,,,,,,,,,x
Sempervivum montanum,Leaf Area,scale,1000,x,TRUE,,,,,,,,,,,,,,,,,,,,
Seseli annuum,Leaf Area,scale,0.1,x,TRUE,,,,,,,,,,,,,,,,,,,,
Solidago nemoralis,Leaf Area,scale,10,x,TRUE,,,,,,,,,,,,,,,,,,,,
Trillium undulatum,Leaf Area,scale,100,x,TRUE,,,,,,,,,,,,,,,,,,,,
Valeriana collina,Leaf Area,scale,0.1,x,TRUE,,,,,,,,,,,,,,,,,,,,
Viola canina subsp. montana,Leaf Area,scale,0.1,x,TRUE,,,,,,,,,,,,,,,,,,,,
Rhamnus lycioides,Leaf Area,scale,100,exclude extreme outliers,TRUE,,,,,,,,,,,,,,,,,,,,
Festuca vaginata,Leaf Area,scale,0.1,x,TRUE,,,,,,,,,,,,,,,,,,,,
Veronicastrum virginicum,Leaf Area,scale,100,x,TRUE,,,,,,,,,,,,,,,,,,,,
Cercis canadensis,Leaf Area,scale,100,rescale values below 200 only,TRUE,,,,,,,,,,,,,,,,,,,,
Artemisia ludoviciana,Leaf Area,scale,100,x,TRUE,,,,,,,,,,,,,,,,,,,,
Vulpia bromoides,Leaf Area,scale,10,x,TRUE,,,,,,,,,,,,,,,,,,,,
Carduus pycnocephalus,Leaf Area,scale,100,x,TRUE,,,,,,,,,,,,,,,,,,,,
Erica scoparia,Leaf Area,scale,10,x,TRUE,,,,,,,,,,,,,,,,,,,,
Trientalis borealis,Leaf Area,scale,100,x,TRUE,,,,,,,,,,,,,,,,,,,,
Veronica chamaedrys,Leaf Area,scale,10,x,TRUE,,,,,,,,,,,,,,,,,,,,
Cologania angustifolia,Leaf Area,scale,100,x,TRUE,,,,,,,,,,,,,,,,,,,,
Helianthella quinquenervis,Leaf Area,scale,100,x,TRUE,,,,,,,,,,,,,,,,,,,,
Limonium hungaricum,Leaf Area,scale,0.1,x,TRUE,,,,,,,,,,,,,,,,,,,,
Potentilla subviscosa,Leaf Area,scale,100,x,TRUE,,,,,,,,,,,,,,,,,,,,
Solidago velutina,Leaf Area,scale,100,x,TRUE,,,,,,,,,,,,,,,,,,,,
Monarda fistulosa,Leaf Area,scale,10,x,TRUE,,,,,,,,,,,,,,,,,,,,
Abies alba,Leaf Area,scale,0.1,x,TRUE,,,,,,,,,,,,,,,,,,,,
Castilleja integra,Leaf Area,scale,100,x,TRUE,,,,,,,,,,,,,,,,,,,,
Celtis ehrenbergiana,Leaf Area,scale,1000,x,TRUE,,,,,,,,,,,,,,,,,,,,
Cleomella arborea,Leaf Area,scale,10,x,TRUE,,,,,,,,,,,,,,,,,,,,
Dennstaedtia punctilobula,Leaf Area,scale,1000,x,TRUE,,,,,,,,,,,,,,,,,,,,
Eriogonum fasciculatum,Leaf Area,scale,100,x,TRUE,,,,,,,,,,,,,,,,,,,,
Eriogonum plumatella,Leaf Area,scale,1000,x,TRUE,,,,,,,,,,,,,,,,,,,,
Geranium caespitosum,Leaf Area,scale,10,x,TRUE,,,,,,,,,,,,,,,,,,,,
Hormathophylla lapeyrousiana,Leaf Area,scale,100,exclude extreme outliers,TRUE,,,,,,,,,,,,,,,,,,,,
Leucanthemella serotina,Leaf Area,scale,0.1,x,TRUE,,,,,,,,,,,,,,,,,,,,
Lotus corniculatus subsp. corniculatus,Leaf Area,scale,100,x,TRUE,,,,,,,,,,,,,,,,,,,,
Lycium andersonii,Leaf Area,scale,100,rescale values below 1 only,TRUE,,,,,,,,,,,,,,,,,,,,
Menodora spinescens,Leaf Area,scale,10,x,TRUE,,,,,,,,,,,,,,,,,,,,
Mentha aquatica,Leaf Area,scale,100,exclude extreme outliers,TRUE,,,,,,,,,,,,,,,,,,,,
Misopates orontium,Leaf Area,scale,10,x,TRUE,,,,,,,,,,,,,,,,,,,,
Ranunculus trichophyllus,Leaf Area,exclude,x,exclude mild outliers,TRUE,,,,,,,,,,,,,,,,,,,,
Rhinanthus glacialis,Leaf Area,scale,10,exclude extreme outliers,TRUE,,,,,,,,,,,,,,,,,,,,
Rhododendron ferrugineum,Leaf Area,scale,1000,exclude extreme outliers,TRUE,,,,,,,,,,,,,,,,,,,,
Sagittaria latifolia,Leaf Area,scale,1000,exclude extreme outliers,TRUE,,,,,,,,,,,,,,,,,,,,
Schoenoplectus tabernaemontani,Leaf Area,scale,0.1,x,TRUE,,,,,,,,,,,,,,,,,,,,
Scutellaria mexicana,Leaf Area,scale,10,x,TRUE,,,,,,,,,,,,,,,,,,,,
Stachys recta,Leaf Area,scale,0.1,exclude extreme outliers,TRUE,,,,,,,,,,,,,,,,,,,,
Vaccinium angustifolium,Leaf Area,scale,100,x,TRUE,,,,,,,,,,,,,,,,,,,,
Lupinus variicolor,Leaf Area,scale,100,x,TRUE,,,,,,,,,,,,,,,,,,,,
Linaria dalmatica,Leaf Area,scale,100,x,TRUE,,,,,,,,,,,,,,,,,,,,
Rose SJ,Leaf Area,scale,100,x,TRUE,,,,,,,,,,,,,,,,,,,,
Phillyrea angustifolia,Leaf Area,scale,10,rescale values below 100 only,TRUE,,,,,,,,,,,,,,,,,,,,
Chenopodium fremontii,Leaf Area,scale,10,x,TRUE,,,,,,,,,,,,,,,,,,,,
Cirsium wheeleri,Leaf Area,scale,100,x,TRUE,,,,,,,,,,,,,,,,,,,,
Hymenoxys richardsonii,Leaf Area,scale,100,x,TRUE,,,,,,,,,,,,,,,,,,,,
Primula pauciflora,Leaf Area,scale,10,x,TRUE,,,,,,,,,,,,,,,,,,,,
Amelanchier arborea,Leaf Area,exclude,x,exclude mild and extreme outliers,TRUE,,,,,,,,,,,,,,,,,,,,
Baccharis pilularis,Leaf Area,scale,10,x,TRUE,,,,,,,,,,,,,,,,,,,,
Rumex alpestris,Leaf Area,scale,100,x,TRUE,,,,,,,,,,,,,,,,,,,,
Lamium galeobdolon,Leaf Area,exclude,x,exclude mild outlier,TRUE,,,,,,,,,,,,,,,,,,,,
Solidago gigantea,Leaf Area,scale,100,rescale values below 800 only,TRUE,,,,,,,,,,,,,,,,,,,,
Galium boreale,Leaf Area,scale,100,rescale values below 5 only,TRUE,,,,,,,,,,,,,,,,,,,,
Ranunculus bulbosus,Leaf Area,scale,10,rescale values below 200 only and exclude value below zero,TRUE,,,,,,,,,,,,,,,,,,,,
Zanthoxylum americanum,Leaf Area,scale,100,x,TRUE,,,,,,,,,,,,,,,,,,,,
Ambrosia dumosa,Leaf Area,scale,10,x,TRUE,,,,,,,,,,,,,,,,,,,,
Baccharis sergiloides,Leaf Area,scale,100,x,TRUE,,,,,,,,,,,,,,,,,,,,
Bupleurum fruticescens,Leaf Area,scale,100,rescale values below 1 only,TRUE,,,,,,,,,,,,,,,,,,,,
Equisetum variegatum,Leaf Area,scale,0.01,x,TRUE,,,,,,,,,,,,,,,,,,,,
Eragrostis spectabilis,Leaf Area,scale,10,x,TRUE,,,,,,,,,,,,,,,,,,,,
Geranium richardsonii,Leaf Area,scale,10,x,TRUE,,,,,,,,,,,,,,,,,,,,
Grindelia squarrosa,Leaf Area,scale,100,x,TRUE,,,,,,,,,,,,,,,,,,,,
Persicaria hydropiperoides,Leaf Area,scale,100,x,TRUE,,,,,,,,,,,,,,,,,,,,
Persicaria pensylvanica,Leaf Area,scale,100,x,TRUE,,,,,,,,,,,,,,,,,,,,
Phlox speciosa,Leaf Area,scale,100,x,TRUE,,,,,,,,,,,,,,,,,,,,
Salvia dorrii,Leaf Area,scale,10,exclude extreme outliers,TRUE,,,,,,,,,,,,,,,,,,,,
Succisa pratensis,Leaf Area,exclude,x,exclude mild outliers,TRUE,,,,,,,,,,,,,,,,,,,,
Teucrium charidemi,Leaf Area,exclude,x,exclude mild and extreme outliers,TRUE,,,,,,,,,,,,,,,,,,,,
Thymus pulegioides,Leaf Area,exclude,x,exclude extreme outliers,TRUE,,,,,,,,,,,,,,,,,,,,
Elymus smithii,Leaf Area,scale,10,x,TRUE,,,,,,,,,,,,,,,,,,,,
Noccaea montana,Leaf Area,scale,100,rescale values below 5 only,TRUE,,,,,,,,,,,,,,,,,,,,
Artemisia californica,Leaf Area,scale,10,x,TRUE,,,,,,,,,,,,,,,,,,,,
Scorzoneroides autumnalis,Leaf Area,scale,100,rescale values below 10 only,TRUE,,,,,,,,,,,,,,,,,,,,
Raphanus sativus,Leaf Area,scale,10,x,TRUE,,,,,,,,,,,,,,,,,,,,
Fraxinus ornus,Leaf Area,exclude,x,exclude mild and extreme outliers,TRUE,,,,,,,,,,,,,,,,,,,,
Lavandula latifolia,Leaf Area,scale,100,exclude extreme outliers,TRUE,,,,,,,,,,,,,,,,,,,,
Sonchus asper,Leaf Area,scale,100,rescale values below 400 only,TRUE,,,,,,,,,,,,,,,,,,,,
Ledum palustre subsp. groenlandicum,Leaf Area,scale,10,x,TRUE,,,,,,,,,,,,,,,,,,,,
Rosa woodsii,Leaf Area,scale,10,x,TRUE,,,,,,,,,,,,,,,,,,,,
Thymus mastichina,Leaf Area,scale,100,rescale values below 20 only,TRUE,,,,,,,,,,,,,,,,,,,,
Anthemis maritima,Leaf Area,exclude,x,exclude extreme outliers,TRUE,,,,,,,,,,,,,,,,,,,,
Pilosella officinarum,Leaf Area,scale,100,rescale values below 10 only,TRUE,,,,,,,,,,,,,,,,,,,,
Taraxacum campylodes,Leaf Area,scale,100,rescale values below 500 only,TRUE,,,,,,,,,,,,,,,,,,,,
Amphicarpa bracteata,Leaf Area,scale,100,x,TRUE,,,,,,,,,,,,,,,,,,,,
Elymus repens,Leaf Area,scale,0.1,exclude mild outliers,TRUE,,,,,,,,,,,,,,,,,,,,
Oclemena acuminata,Leaf Area,scale,100,x,TRUE,,,,,,,,,,,,,,,,,,,,
Sarracenia leucophylla,Leaf Area,scale,0.01,x,TRUE,,,,,,,,,,,,,,,,,,,,
Saxifraga androsacea,Leaf Area,scale,1000,x,TRUE,,,,,,,,,,,,,,,,,,,,
Senna hebecarpa,Leaf Area,scale,100,x,TRUE,,,,,,,,,,,,,,,,,,,,
Viola rupestris,Leaf Area,scale,0.1,x,TRUE,,,,,,,,,,,,,,,,,,,,
Quercus velutina,Leaf Area,scale,0.1,x,TRUE,,,,,,,,,,,,,,,,,,,,
Elymus riparius,Leaf Area,scale,10,x,TRUE,,,,,,,,,,,,,,,,,,,,
Persicaria sagittata,Leaf Area,scale,10,x,TRUE,,,,,,,,,,,,,,,,,,,,
Viola reichenbachiana,Leaf Area,exclude,x,exclude mild and extreme outliers,TRUE,,,,,,,,,,,,,,,,,,,,
Sorbus torminalis,Leaf Area,scale,10,x,TRUE,,,,,,,,,,,,,,,,,,,,
Cistus salviifolius,Leaf Area,exclude,x,exclude mild and extreme outliers,TRUE,,,,,,,,,,,,,,,,,,,,
Leucanthemopsis alpina,Leaf Area,scale,10,rescale values below 5 only,TRUE,,,,,,,,,,,,,,,,,,,,
Quercus ilex,Leaf Area,scale,100,rescale values below 100 only,TRUE,,,,,,,,,,,,,,,,,,,,
Trisetum flavescens,Leaf Area,scale,100,x,TRUE,,,,,,,,,,,,,,,,,,,,
Aegopodium podagraria,Leaf Area,exclude,x,exlcude mild outliers,TRUE,,,,,,,,,,,,,,,,,,,,
Amelanchier ovalis,Leaf Area,scale,100,exclude extreme outliers,TRUE,,,,,,,,,,,,,,,,,,,,
Solidago canadensis,Leaf Area,scale,100,rescale values below 500 only,TRUE,,,,,,,,,,,,,,,,,,,,
Actaea spicata,Leaf Area,exclude,x,exclude extreme outliers,TRUE,,,,,,,,,,,,,,,,,,,,
Carum carvi,Leaf Area,scale,100,x,TRUE,,,,,,,,,,,,,,,,,,,,
Laennecia schiedeana,Leaf Area,scale,100,x,TRUE,,,,,,,,,,,,,,,,,,,,
Rubus saxatilis,Leaf Area,scale,0.1,exclude mild outlier,TRUE,,,,,,,,,,,,,,,,,,,,
Syringa villosa,Leaf Area,scale,100,x,TRUE,,,,,,,,,,,,,,,,,,,,
Fragaria virginiana,Leaf Area,scale,10,exclude value at zero,TRUE,,,,,,,,,,,,,,,,,,,,
Saxifraga rotundifolia,Leaf Area,scale,0.1,exlcude mild outliers,TRUE,,,,,,,,,,,,,,,,,,,,
Cornus canadensis,Leaf Area,scale,10,x,TRUE,,,,,,,,,,,,,,,,,,,,
Polygonum douglasii,Leaf Area,scale,100,x,TRUE,,,,,,,,,,,,,,,,,,,,
Parnassia palustris,Leaf Area,scale,100,rescale values below 50 only ,TRUE,,,,,,,,,,,,,,,,,,,,
Maianthemum canadense,Leaf Area,scale,100,x,TRUE,,,,,,,,,,,,,,,,,,,,
Catalpa speciosa,Leaf Area,scale,100,x,TRUE,,,,,,,,,,,,,,,,,,,,
Medicago polymorpha,Leaf Area,scale,100,x,TRUE,,,,,,,,,,,,,,,,,,,,
Alchemilla xanthochlora,Leaf Area,scale,100,x,TRUE,,,,,,,,,,,,,,,,,,,,
Veronica serpyllifolia,Leaf Area,scale,100,x,TRUE,,,,,,,,,,,,,,,,,,,,
Acer pensylvanicum,Leaf Area,scale,10,x,TRUE,,,,,,,,,,,,,,,,,,,,
Androsace obtusifolia,Leaf Area,scale,1000,exclude extreme outliers,TRUE,,,,,,,,,,,,,,,,,,,,
Berberis aggregata,Leaf Area,scale,100,x,TRUE,,,,,,,,,,,,,,,,,,,,
Broussonetia papyrifera,Leaf Area,scale,1000,x,TRUE,,,,,,,,,,,,,,,,,,,,
Cotoneaster franchetii,Leaf Area,scale,10,x,TRUE,,,,,,,,,,,,,,,,,,,,
Gentianella amarella,Leaf Area,exclude,x,exclude mild outliers,TRUE,,,,,,,,,,,,,,,,,,,,
Phegopteris connectilis,Leaf Area,scale,10000,rescale values below 2000 only,TRUE,,,,,,,,,,,,,,,,,,,,
Ranunculus adoneus,Leaf Area,exclude,x,exclude mild outlier,TRUE,,,,,,,,,,,,,,,,,,,,
Rhododendron schlippenbachii,Leaf Area,scale,1000,x,TRUE,,,,,,,,,,,,,,,,,,,,
Rosa pendulina,Leaf Area,scale,1000,rescale values below 2000 only,TRUE,,,,,,,,,,,,,,,,,,,,
Ammophila arenaria,Leaf Area,scale,0.1,x,TRUE,,,,,,,,,,,,,,,,,,,,
Vaccinium myrtillus,Leaf Area,scale,10,rescale values below 5 only,TRUE,,,,,,,,,,,,,,,,,,,,
Simmondsia chinensis,Leaf Area,scale,10,x,TRUE,,,,,,,,,,,,,,,,,,,,
Chilopsis linearis,Leaf Area,scale,100,x,TRUE,,,,,,,,,,,,,,,,,,,,
Rhodiola rosea,Leaf Area,scale,100,rescale values below 10 only,TRUE,,,,,,,,,,,,,,,,,,,,
Larrea tridentata,Leaf Area,scale,1000,x,TRUE,,,,,,,,,,,,,,,,,,,,
Acer saccharinum,Leaf Area,scale,100,x,TRUE,,,,,,,,,,,,,,,,,,,,
Carex flacca,Leaf Area,scale,10,rescale values below 100 only,TRUE,,,,,,,,,,,,,,,,,,,,
Panicum acuminatum,Leaf Area,scale,100,exclude extreme outliers,TRUE,,,,,,,,,,,,,,,,,,,,
Thymus serpyllum,Leaf Area,scale,10,x,TRUE,,,,,,,,,,,,,,,,,,,,
Rubus allegheniensis,Leaf Area,scale,10,x,TRUE,,,,,,,,,,,,,,,,,,,,
Phillyrea latifolia,Leaf Area,scale,100,rescale values below 100 only,TRUE,,,,,,,,,,,,,,,,,,,,
Crataegus laciniata,Leaf Area,scale,100,x,TRUE,,,,,,,,,,,,,,,,,,,,
Cytisus scoparius,Leaf Area,scale,100,x,TRUE,,,,,,,,,,,,,,,,,,,,
Portulaca oleracea,Leaf Area,scale,100,rescale values below 50 only ,TRUE,,,,,,,,,,,,,,,,,,,,
Rose SS,Leaf Area,scale,10,x,TRUE,,,,,,,,,,,,,,,,,,,,
Sesleria heufleriana,Leaf Area,scale,0.1,x,TRUE,,,,,,,,,,,,,,,,,,,,
Quercus coccifera,Leaf Area,scale,100,rescale values below 100 only,TRUE,,,,,,,,,,,,,,,,,,,,
Micranthes stellaris,Leaf Area,scale,100,x,TRUE,,,,,,,,,,,,,,,,,,,,
Potentilla erecta,Leaf Area,scale,100,x,TRUE,,,,,,,,,,,,,,,,,,,,
Bromus inermis,Leaf Area,scale,100,rescale values below 500 only,TRUE,,,,,,,,,,,,,,,,,,,,
Picea mariana,Leaf Area,scale,10,x,TRUE,,,,,,,,,,,,,,,,,,,,
Pinus nigra subsp. salzmannii,Leaf Area,scale,100,exclude extreme outliers,TRUE,,,,,,,,,,,,,,,,,,,,
Rubus sp,Leaf Area,scale,10,x,TRUE,,,,,,,,,,,,,,,,,,,,
Trientalis europaea,Leaf Area,scale,10,x,TRUE,,,,,,,,,,,,,,,,,,,,
Ericameria ericoides,Leaf Area,scale,10,x,TRUE,,,,,,,,,,,,,,,,,,,,
Festuca ovina,Leaf Area,scale,10,x,TRUE,,,,,,,,,,,,,,,,,,,,
Filipendula ulmaria,Leaf Area,exclude,x,exclude mild outliers,TRUE,,,,,,,,,,,,,,,,,,,,
Carex pensylvanica,Leaf Area,scale,10,x,TRUE,,,,,,,,,,,,,,,,,,,,
Andromeda polifolia,Leaf Area,scale,10,x,TRUE,,,,,,,,,,,,,,,,,,,,
Carex richardsonii,Leaf Area,scale,100,x,TRUE,,,,,,,,,,,,,,,,,,,,
Silene nutans,Leaf Area,scale,1000,rescale values below 50 only ,TRUE,,,,,,,,,,,,,,,,,,,,
Vicia cracca,Leaf Area,scale,10,rescale values below 50 only ,TRUE,,,,,,,,,,,,,,,,,,,,
Solidago juncea,Leaf Area,scale,10,x,TRUE,,,,,,,,,,,,,,,,,,,,
Lupinus argenteus,Leaf Area,scale,100,x,TRUE,,,,,,,,,,,,,,,,,,,,
Oxalis acetosella,Leaf Area,scale,100,x,TRUE,,,,,,,,,,,,,,,,,,,,
Thymus vulgaris,Leaf Area,scale,1000,rescale values below 40 only ,TRUE,,,,,,,,,,,,,,,,,,,,
Quercus stellata,Leaf Area,scale,100,rescale values below 1000 only,TRUE,,,,,,,,,,,,,,,,,,,,
Cornus racemosa,Leaf Area,scale,10,x,TRUE,,,,,,,,,,,,,,,,,,,,
Poa alpina,Leaf Area,scale,0.1,x,TRUE,,,,,,,,,,,,,,,,,,,,
Echium plantagineum,Leaf Area,exclude,x,exclude mild and extreme outliers,TRUE,,,,,,,,,,,,,,,,,,,,
Erigeron rufescens,Leaf Area,scale,100,exclude extreme outliers,TRUE,,,,,,,,,,,,,,,,,,,,
Potentilla pusilla,Leaf Area,scale,100,x,TRUE,,,,,,,,,,,,,,,,,,,,
ATROPA BELLA−DONNA,Leaf Area,exclude,x,exclude mild outliers,TRUE,,,,,,,,,,,,,,,,,,,,
Ambrosia psilostachya,Leaf Area,scale,10,x,TRUE,,,,,,,,,,,,,,,,,,,,
Clematis vitalba,Leaf Area,scale,0.1,x,TRUE,,,,,,,,,,,,,,,,,,,,
Commelina erecta,Leaf Area,scale,100,x,TRUE,,,,,,,,,,,,,,,,,,,,
Euphorbia fendleri,Leaf Area,scale,1000,x,TRUE,,,,,,,,,,,,,,,,,,,,
Galatella sedifolia,Leaf Area,scale,0.1,x,TRUE,,,,,,,,,,,,,,,,,,,,
Geranium nodosum,Leaf Area,exclude,x,exclude extreme outliers,TRUE,,,,,,,,,,,,,,,,,,,,
Helianthus mollis,Leaf Area,scale,100,x,TRUE,,,,,,,,,,,,,,,,,,,,
Linaria purpurea,Leaf Area,scale,10,x,TRUE,,,,,,,,,,,,,,,,,,,,
Muhlenbergia montana,Leaf Area,scale,100,exclude mild outliers,TRUE,,,,,,,,,,,,,,,,,,,,
Pinus taeda,Leaf Area,scale,10,x,TRUE,,,,,,,,,,,,,,,,,,,,
Poa fendleriana,Leaf Area,scale,100,exclude mild outliers,TRUE,,,,,,,,,,,,,,,,,,,,
Potentilla crinita,Leaf Area,scale,100,x,TRUE,,,,,,,,,,,,,,,,,,,,
Sporobolus interruptus,Leaf Area,scale,100,x,TRUE,,,,,,,,,,,,,,,,,,,,
Symphyotrichum ascendens,Leaf Area,scale,100,x,TRUE,,,,,,,,,,,,,,,,,,,,
Lindera benzoin,Leaf Area,scale,0.1,exclude values below 1000,TRUE,,,,,,,,,,,,,,,,,,,,
Baccharis glutinosa,Leaf Area,scale,100,x,TRUE,,,,,,,,,,,,,,,,,,,,
Acmispon wrightii,Leaf Area,scale,100,x,TRUE,,,,,,,,,,,,,,,,,,,,
Eriogonum racemosum,Leaf Area,scale,100,x,TRUE,,,,,,,,,,,,,,,,,,,,
Salix repens,Leaf Area,scale,100,x,TRUE,,,,,,,,,,,,,,,,,,,,
Thalictrum fendleri,Leaf Area,scale,10,x,TRUE,,,,,,,,,,,,,,,,,,,,
Tragopogon dubius,Leaf Area,scale,100,x,TRUE,,,,,,,,,,,,,,,,,,,,
Viola praemorsa,Leaf Area,scale,100,x,TRUE,,,,,,,,,,,,,,,,,,,,
Liriodendron tulipifera,Leaf Area,scale,10,x,TRUE,,,,,,,,,,,,,,,,,,,,
Cardamine bellidifolia,Leaf Area,scale,10,x,TRUE,,,,,,,,,,,,,,,,,,,,
Apocynum cannabinum,Leaf Area,scale,100,x,TRUE,,,,,,,,,,,,,,,,,,,,
Erigeron flagellaris,Leaf Area,scale,100,x,TRUE,,,,,,,,,,,,,,,,,,,,
Erodium cicutarium,Leaf Area,scale,100,rescale values below 100 only,TRUE,,,,,,,,,,,,,,,,,,,,
Senecio eremophilus,Leaf Area,scale,100,x,TRUE,,,,,,,,,,,,,,,,,,,,
Stachys palustris,Leaf Area,scale,100,rescale values below 1000 only,TRUE,,,,,,,,,,,,,,,,,,,,
Juniperus communis,Leaf Area,scale,10,x,TRUE,,,,,,,,,,,,,,,,,,,,
Campanula scheuchzeri,Leaf Area,scale,100,x,TRUE,,,,,,,,,,,,,,,,,,,,
Asparagus albus,Leaf Area,exclude,x,exclude extreme outliers,TRUE,,,,,,,,,,,,,,,,,,,,
Encelia farinosa,Leaf Area,scale,10,x,TRUE,,,,,,,,,,,,,,,,,,,,
Acer monspessulanum,Leaf Area,scale,100,rescale values below 150 only,TRUE,,,,,,,,,,,,,,,,,,,,
Festuca subverticillata,Leaf Area,scale,10,x,TRUE,,,,,,,,,,,,,,,,,,,,
Sidalcea malviflora,Leaf Area,scale,10,x,TRUE,,,,,,,,,,,,,,,,,,,,
Nassella pulchra,Leaf Area,scale,10,x,TRUE,,,,,,,,,,,,,,,,,,,,
Antennaria parvifolia,Leaf Area,scale,100,x,TRUE,,,,,,,,,,,,,,,,,,,,
Artemisia campestris,Leaf Area,scale,100,rescale values below 25 only,TRUE,,,,,,,,,,,,,,,,,,,,
Chaenactis douglasii,Leaf Area,scale,100,x,TRUE,,,,,,,,,,,,,,,,,,,,
Phacelia hastata,Leaf Area,scale,100,x,TRUE,,,,,,,,,,,,,,,,,,,,
Quercus suber,Leaf Area,exclude,x,exclude mild and extreme outliers,TRUE,,,,,,,,,,,,,,,,,,,,
Carex brevior,Leaf Area,scale,10,x,TRUE,,,,,,,,,,,,,,,,,,,,
Jacobaea vulgaris,Leaf Area,exclude,x,exclude mild outliers,TRUE,,,,,,,,,,,,,,,,,,,,
Ageratina altissima,Leaf Area,scale,100,x,TRUE,,,,,,,,,,,,,,,,,,,,
Oxyria digyna,Leaf Area,scale,10,x,TRUE,,,,,,,,,,,,,,,,,,,,
Gnaphalium supinum,Leaf Area,scale,10,x,TRUE,,,,,,,,,,,,,,,,,,,,
Euphrasia officinalis,Leaf Area,scale,100,x,TRUE,,,,,,,,,,,,,,,,,,,,
Hylodesmum glutinosum,Leaf Area,scale,100,x,TRUE,,,,,,,,,,,,,,,,,,,,
Pilosella aurantiaca,Leaf Area,scale,100,exclude extreme outliers,TRUE,,,,,,,,,,,,,,,,,,,,
Trisetum spicatum,Leaf Area,exclude,x,exclude mild outliers,TRUE,,,,,,,,,,,,,,,,,,,,
Achillea collina,Leaf Area,scale,0.1,x,TRUE,,,,,,,,,,,,,,,,,,,,
Agropyron desertorum,Leaf Area,scale,100,x,TRUE,,,,,,,,,,,,,,,,,,,,
Alkanna tinctoria,Leaf Area,scale,10,x,TRUE,,,,,,,,,,,,,,,,,,,,
Allium flavum,Leaf Area,exclude,x,exclude mild outliers,TRUE,,,,,,,,,,,,,,,,,,,,
Arenaria ciliata,Leaf Area,scale,100,x,TRUE,,,,,,,,,,,,,,,,,,,,
Artemisia frigida,Leaf Area,scale,100,x,TRUE,,,,,,,,,,,,,,,,,,,,
Botrychium biternatum,Leaf Area,exclude,x,exclude extreme outliers,TRUE,,,,,,,,,,,,,,,,,,,,
Briza media,Leaf Area,exclude,x,exclude mild outliers,TRUE,,,,,,,,,,,,,,,,,,,,
Calamagrostis varia,Leaf Area,scale,0.1,x,TRUE,,,,,,,,,,,,,,,,,,,,
Campanula patula,Leaf Area,scale,100,eclude mild outliers,TRUE,,,,,,,,,,,,,,,,,,,,
Carex michelii,Leaf Area,exclude,x,exclude mild outliers,TRUE,,,,,,,,,,,,,,,,,,,,
Centaurea diffusa,Leaf Area,scale,10,x,TRUE,,,,,,,,,,,,,,,,,,,,