candidate_id,review_stage,taxon_name,trait_domain_name,n_records,n_trait_names,n_datasets,n_domain_outliers,n_taxon_outliers,n_invalid_values,source_references,candidate_reasons,n_source_rules,n_proposed_source_rules,n_approved_source_rules,proposed_source_rule_ids,approved_source_rule_ids,investigation_outcome
edc2bba182a27f64163780401edb64cc46840c908186df584dc848fbfbf138ab,classified,Acacia dealbata,Diaspore mass,2074,1,7,0,154,0,,taxon_outlier,0,0,0,,,approve_none_grouped
0489a6e11d826c5dce817174d4f124381981c2e7c50eaea8ecfb32dfcd9a666f,classified,Agoseris glauca,Diaspore mass,25,1,2,0,5,0,,taxon_outlier,0,0,0,,,approve_none_grouped
28b0cfc07c7332ea320684e5e620adbc25e4c2158c392a8541a4cf64aceda0a6,classified,Ambrosia artemisiifolia,Diaspore mass,67,1,2,0,12,0,,taxon_outlier,0,0,0,,,approve_none_grouped
6454669dfc1f5e36dd060c052f76dfad9fca852db47a63ff5609a20412be21b5,classified,Arctostaphylos uva-ursi,Diaspore mass,23,1,5,0,1,0,,taxon_outlier,0,0,0,,,approve_none_grouped
973b21b425554855363c018e0c7384b2f89f45371402162f6fc4cdca77883a03,classified,Bromus erectus,Diaspore mass,12,1,6,0,3,0,,taxon_outlier,0,0,0,,,approve_none_grouped
766ce7ea77d6e4e7e2834d1d8a97ef85ecc3f5226c4851c8bd544b004888b0b2,classified,Calluna vulgaris,Diaspore mass,15,1,5,0,3,0,,taxon_outlier,0,0,0,,,approve_none_grouped
60b900c82c7d1e966932f5202aac5f44b7e9bfa39a46b81b532524a84561245d,classified,Carex siccata,Diaspore mass,10,1,1,0,1,0,,taxon_outlier,0,0,0,,,approve_none_grouped
20bfd46d3b78d8cbf13003b4ec0a163d056db51304ea3ae6f14ddab3be7039e8,classified,Cistus albidus,Diaspore mass,10,1,9,0,1,0,,taxon_outlier,0,0,0,,,approve_none_grouped
8f9df06ff5ec5d89b49e2555c4c671bc9d6dcf75a25a49546c6e91babe191afa,classified,Cistus salviifolius,Diaspore mass,16,1,16,0,1,0,,taxon_outlier,0,0,0,,,approve_none_grouped
e32fdd69606a41c24e0ddc9483b95f8b91c58cad35c75d56a45c4eb65698fe06,classified,Cymopterus lemmonii,Diaspore mass,11,1,2,0,1,0,,taxon_outlier,0,0,0,,,approve_none_grouped
188b51efc25d7ef29ffd1d1ae15a599aa41abf8c05aa3a4dbd6905eb70695d29,classified,Daucus carota,Diaspore mass,12,1,9,0,3,0,,taxon_outlier,0,0,0,,,approve_none_grouped
ffe538c40edd35dc0ec7c9295c06d18bf0f72a79e56ba916198ec93777e7c547,classified,Dryas octopetala,Diaspore mass,35,1,5,0,4,0,,taxon_outlier,0,0,0,,,approve_none_grouped
dc7eb21d7815d9728ad2c1aa7a863c9173b7f9a6771b677e95d39c37bb0de50d,classified,Elymus lanceolatus,Diaspore mass,10,1,1,0,1,0,,taxon_outlier,0,0,0,,,approve_none_grouped
5389062a74df41e56446e4a80ad8bf60e2ff8c3246424f8ff4317e5b00d32a22,classified,Eremogone congesta,Diaspore mass,19,1,1,0,3,0,,taxon_outlier,0,0,0,,,approve_none_grouped
7139d3cf236b3cb5379e8c9496c81927af0cdf0cdb32d4062f5f63d66fdfde4b,classified,Eriocoma lettermanii,Diaspore mass,10,1,1,0,1,0,,taxon_outlier,0,0,0,,,approve_none_grouped
eef1f5f9ae3043addcf734e78261331b4da380f9e1d8d6c65140eb0be0d5a5cc,classified,Erodium cicutarium,Diaspore mass,10,2,9,0,2,0,,taxon_outlier,0,0,0,,,approve_none_grouped
32593112163c8f0376efdc9a59b1f0825135d6eecb7f7aaa2b3e15c692a3d942,classified,Festuca ovina,Diaspore mass,11,1,5,0,2,0,,taxon_outlier,0,0,0,,,approve_none_grouped
e8176d15b2c6438a0f7d4a31c521b69a50fb0b7dedcba8b21335ef9712b10f83,classified,Helianthemum salicifolium,Diaspore mass,11,1,11,0,1,0,,taxon_outlier,0,0,0,,,approve_none_grouped
57ba7d70dcd6be241abb84392c0bfa653d967ff50a31cea3aed18217cc744f13,classified,Helictochloa pratensis,Diaspore mass,700,1,35,0,61,0,,taxon_outlier,0,0,0,,,approve_none_grouped
4c9207f73d9014f44a0547b3f6b446ca7f08d2ad8451e7cd54d631de0042518f,classified,Heterotheca villosa,Diaspore mass,14,1,2,0,3,0,,taxon_outlier,0,0,0,,,approve_none_grouped
7dabf03e89202c09c9dcbd9ed2789033c7aa3f28a12eddf4157b379c72aaa604,classified,Juniperus communis,Diaspore mass,25,1,7,0,6,0,,taxon_outlier,0,0,0,,,approve_none_grouped
25bd17b093011a8bfb5ad736a5833040d8ce2f8d0a985000bbf89ba627edc908,classified,Juniperus sabina,Diaspore mass,20,1,4,0,1,0,,taxon_outlier,0,0,0,,,approve_none_grouped
47acf3c05b4b0fee6d8efbbd0e1cc58a9b6cbfa20b34f058c661a731cde6f117,classified,Lupinus argenteus,Diaspore mass,15,1,2,0,1,0,,taxon_outlier,0,0,0,,,approve_none_grouped
13aad0d142f4f56a7aa17153610088ec23e3115a5ece36441d8c31f19ba26665,classified,Luzula confusa,Diaspore mass,29,1,1,0,2,0,,taxon_outlier,0,0,0,,,approve_none_grouped
04cf275d41136cf4e0c17f8a10a7a7fb9e424c01938e56d5a275bdce729ffed6,classified,Myrtus communis,Diaspore mass,13,1,13,0,4,0,,taxon_outlier,0,0,0,,,approve_none_grouped
0f436aafddfca67d5517f2d11c447f2dd7af0343afcd56a73520cd7843382e5c,classified,Oxyria digyna,Diaspore mass,31,1,2,0,1,0,,taxon_outlier,0,0,0,,,approve_none_grouped
1c2d1bf30cf5bad35d9061139252fc33453a040176a0cb384374599fb7eef7e9,classified,Phacelia hastata,Diaspore mass,10,1,1,0,2,0,,taxon_outlier,0,0,0,,,approve_none_grouped
88c9d10b30cee88b21ee80bfe5962c76184ac66a24a0c26396c660b4e2fdb393,classified,Phyllodoce caerulea,Diaspore mass,13,1,2,0,1,0,,taxon_outlier,0,0,0,,,approve_none_grouped
566cce30c6f48f51386fda290da6cbe85cadd283433f824636996ed682f2e0dc,classified,Physospermum cornubiense,Diaspore mass,95,1,8,0,6,0,,taxon_outlier,0,0,0,,,approve_none_grouped
99ded6f1aa9f67d7d65be4ebb7e6a62933091dfb3c1d25a21e2be3098f16e413,classified,Pinus pinaster,Diaspore mass,32629,2,19,0,1409,0,,taxon_outlier,0,0,0,,,approve_none_grouped
62653c79b7bd68c534b72b2ed1c9ab87219eeffa14864a714c87bbe8aa7612d3,classified,Pinus sylvestris,Diaspore mass,10,1,9,0,3,0,,taxon_outlier,0,0,0,,,approve_none_grouped
f4e0d4c60342e73c4cea7af889d043ee9866c93e3891a36af2c35b055c364bd9,classified,Potentilla gordonii,Diaspore mass,10,1,1,0,1,0,,taxon_outlier,0,0,0,,,approve_none_grouped
7e18f5a5996821dea71f41205b6ea11042ada03c96e47edc1bccbca573ad89fd,classified,Poterium sanguisorba,Diaspore mass,11,1,8,0,1,0,,taxon_outlier,0,0,0,,,approve_none_grouped
4f42a1363950671bd20b1c090320f75da793e7df996e3a135da8994e3ef5bc1b,classified,Quercus suber,Diaspore mass,11,1,6,5,1,0,,domain_outlier;taxon_outlier,0,0,0,,,approve_none_grouped
5e7fea9d6eb85010aae05d316ccbb34c169694f3a12dec88a4ddeea3d9e3503d,classified,Rhamnus alaternus,Diaspore mass,10,1,9,0,2,0,,taxon_outlier,0,0,0,,,approve_none_grouped
5c8dd688c585d2d24bbccad726533413457b56938d033d758bbbedfa7b635e8d,classified,Rhododendron ferrugineum,Diaspore mass,20,1,2,0,1,0,,taxon_outlier,0,0,0,,,approve_none_grouped
b94e4b69dce52882c4237eebe384724b445919cc9594f16c9b33fd780f35d8ed,classified,Salix herbacea,Diaspore mass,16,1,3,0,1,0,,taxon_outlier,0,0,0,,,approve_none_grouped
630cebe36588df958f4865f03938b6d0a49358aef9de0c319796104b18e754cf,classified,Senecio crassulus,Diaspore mass,15,1,1,0,3,0,,taxon_outlier,0,0,0,,,approve_none_grouped
f9de61d5b7294c891ad5add897e8e4768e534c9b9c6fbca444fc12c2a41f84a8,classified,Sorghastrum nutans,Diaspore mass,84,1,55,0,12,0,,taxon_outlier,0,0,0,,,approve_none_grouped
4daa1d193bddc0573b4f54ad0c124a0cda396bac73e35cec38d04e464668847b,classified,Vaccinium myrtillus,Diaspore mass,24,1,6,0,1,0,,taxon_outlier,0,0,0,,,approve_none_grouped
b7d7f0352fb99c1547d8bdc71c5c2e2e3de85f8be057534bacd0fdcfc98f7512,classified,Vaccinium uliginosum,Diaspore mass,26,1,4,0,2,0,,taxon_outlier,0,0,0,,,approve_none_grouped
f49a95940c8ebf00affe4d719ffbf3f78ed5109ebda67106e527c9b00386aedc,classified,Vaccinium vitis-idaea,Diaspore mass,18,1,5,0,4,0,,taxon_outlier,0,0,0,,,approve_none_grouped
b62ded1cc641c2149e91fb7736f8c0a1deb1bd6554a540e720eae297d576fcdb,classified,Viola praemorsa,Diaspore mass,10,1,1,0,2,0,,taxon_outlier,0,0,0,,,approve_none_grouped
e9dbb336aa09f47e982d9bec3fd3a6ffd48f74773c83aa9ff1d27434195ed6b9,classified,Abies alba,Leaf Area,142,3,20,0,13,0,,taxon_outlier,1,0,1,,97c906fe31a77ac5fee55e78eb7bc23e414574540ead697f130d1355cf189f82,approve_none_after_source_rule
1c1430b91eb11cae537364a375a5d98c0db76ae17ae34d49799aec97033c0cc5,classified,Abutilon incanum,Leaf Area,10,1,1,0,2,0,,taxon_outlier,0,0,0,,,approve_none_grouped
9fd73aa9c04fe729649d251bfd5fa3828e0af528766b404438099b7159429b21,classified,Acer granatense,Leaf Area,31,2,2,1,2,0,,domain_outlier;taxon_outlier,0,0,0,,,approve_none_grouped
ea6966da8160aa360c001a0bb49f993530fc088ce075062d2b0c44f321c310d2,classified,Acer monspessulanum,Leaf Area,24,2,3,0,3,0,,taxon_outlier,1,0,1,,97c906fe31a77ac5fee55e78eb7bc23e414574540ead697f130d1355cf189f82,approve_none_after_source_rule
92c8ca326c9d0baec273577ad59e3e16d09bc4d8008acf362c996b04b36e636c,classified,Acer obtusatum,Leaf Area,20,1,2,20,6,0,,domain_outlier;taxon_outlier,0,0,0,,,approve_none_grouped
1976f61e15ad6a7237761402c2dca037a28e622af7633cc635744ea02bb8ba7e,classified,Acer palmatum,Leaf Area,20,1,1,0,1,0,,taxon_outlier,0,0,0,,,approve_none_grouped
49bb412bb3ef52e36cdb4bcb24f96d0e75eba173123892a2154aa1186a6d4240,classified,Acer pensylvanicum,Leaf Area,15,2,14,7,1,0,,domain_outlier;taxon_outlier,1,0,1,,97c906fe31a77ac5fee55e78eb7bc23e414574540ead697f130d1355cf189f82,approve_none_after_source_rule
a816dc5718931a65b79e99f408164a890a5d7f68b266951ad549e3423ccbb019,classified,Acer rubrum,Leaf Area,195,5,31,109,1,0,,domain_outlier;taxon_outlier,1,0,1,,97c906fe31a77ac5fee55e78eb7bc23e414574540ead697f130d1355cf189f82,approve_none_after_source_rule
761dcc16ba0b5b3540c538c23b4cca3d2eb5db95c39013a38bc91fbd3303ac75,classified,Acer saccharinum,Leaf Area,16,2,3,1,2,0,,domain_outlier;taxon_outlier,1,0,1,,97c906fe31a77ac5fee55e78eb7bc23e414574540ead697f130d1355cf189f82,approve_none_after_source_rule
4875695ae24be05d70b9c4e79b9aa39c3d191b4ee3baafbcc2cd1caac76ae050,classified,Acer saccharum,Leaf Area,151,5,15,50,21,0,,domain_outlier;taxon_outlier,1,0,1,,97c906fe31a77ac5fee55e78eb7bc23e414574540ead697f130d1355cf189f82,approve_none_after_source_rule
a59b9697143d214eaaba56d1d5c12c771304f253719321e5706b75d9ab3864b7,classified,Acer spicatum,Leaf Area,13,2,7,2,2,0,,domain_outlier;taxon_outlier,1,0,1,,97c906fe31a77ac5fee55e78eb7bc23e414574540ead697f130d1355cf189f82,approve_none_after_source_rule
ff5340347f3ac775884fa632e93b0c8029ee9b64bcd586bd6e5ed68dfd30c208,classified,Achillea collina,Leaf Area,10,1,1,0,1,0,,taxon_outlier,0,0,0,,,approve_none_grouped
40874f0eecab7bff4dd61f0700f0808699f5d1ede56d1470b14c6aca4fa2c851,classified,Achillea maritima,Leaf Area,22,1,2,0,2,0,,taxon_outlier,0,0,0,,,approve_none_grouped
90ae2265251e2d534e0134b3a93d5c95dd9722476af5a682ae0cff5131db83e8,classified,Achillea millefolium,Leaf Area,443,5,84,14,78,0,,domain_outlier;taxon_outlier,4,0,4,,3f0543786babf50f90453c5af328dd77ba325efbdbd416d4aadf3aea9a3c4ec6;8ddea77f82d884c1f128128e4ecd902453e642499cb52df3b28d00cf682288ab;97c906fe31a77ac5fee55e78eb7bc23e414574540ead697f130d1355cf189f82;e4504212b94c4e98f98f76ddea21e6c14b670b0c7aae7732d5367fd7d08e2017,approve_none_after_source_rule
376235dfc01e9b744744ac559cad33bcc62ccf93f804498b8fb9217b2339e19e,classified,Achillea nobilis,Leaf Area,10,1,1,0,1,0,,taxon_outlier,0,0,0,,,approve_none_grouped
47ed25977075cf4ca6f51cdc60133324a03c7994eaa1da49a370301363a404f2,classified,Acmispon rigidus,Leaf Area,11,1,1,0,1,0,,taxon_outlier,0,0,0,,,approve_none_grouped
48cf5d5a2bfc10c415bdb49b7ba448e806da8612aa4788e89d045c7cd3cda390,classified,Acmispon wrightii,Leaf Area,21,1,4,0,2,0,,taxon_outlier,0,0,0,,,approve_none_grouped
c3cb20cae46c8dd5f2396de7d9bb891b4db0224c59db75a4fa4b343ce0b487a7,classified,Aconitum anthora,Leaf Area,16,2,2,2,2,0,,domain_outlier;taxon_outlier,0,0,0,,,approve_none_grouped
23d87e0117ab1e5a3a21224a558b41123b59cb5331fe0afd57fb10d9042b22ec,classified,Aconitum variegatum,Leaf Area,15,1,3,9,1,0,,domain_outlier;taxon_outlier,0,0,0,,,approve_none_grouped
254b2cb276ea891480321431f4c1263432c6171f4dda533b71e96567e8e93894,classified,Actaea rubra,Leaf Area,14,1,1,0,1,0,,taxon_outlier,0,0,0,,,approve_none_grouped
e0a6eb1e511df79c8e70ef77ad5ef9d0c43f6bf0298c2146068686d0425b57b0,classified,Actaea spicata,Leaf Area,14,1,2,14,2,0,,domain_outlier;taxon_outlier,0,0,0,,,approve_none_grouped
b686a7bea78a74c7ec8d4e8a5a44b2d3f9c3085bdc44baf31fd00ed8d97397e2,classified,Adenophora liliifolia,Leaf Area,11,2,3,0,2,0,,taxon_outlier,0,0,0,,,approve_none_grouped
afacb73e746f4328fe41b4532dabc3d58b286de0a87a444f41e36898e599ffb3,classified,Adonis vernalis,Leaf Area,15,1,3,0,1,0,,taxon_outlier,0,0,0,,,approve_none_grouped
3269bcc1c5a9b5c117077785842da86e82c934468d7d3f7a1eb393051716dfc3,classified,Aegopodium podagraria,Leaf Area,25,3,13,24,2,0,,domain_outlier;taxon_outlier,1,0,1,,97c906fe31a77ac5fee55e78eb7bc23e414574540ead697f130d1355cf189f82,approve_none_after_source_rule
d9fafbcb8213710c57de537502006c51041b3bd7d883ae254f0e81f2f03dd41f,classified,Aetheorhiza bulbosa,Leaf Area,21,2,2,0,2,0,,taxon_outlier,0,0,0,,,approve_none_grouped
fc06e169524471ccfa31d88c73f3b9747d027410b17e97d36e26365f0f7c8e00,classified,Ageratina altissima,Leaf Area,27,2,3,1,2,0,,domain_outlier;taxon_outlier,1,0,1,,97c906fe31a77ac5fee55e78eb7bc23e414574540ead697f130d1355cf189f82,approve_none_after_source_rule
ec51d5227910698e821b445cdd62b8d7913f4c1e48395762ffb9baaf96c71ef6,classified,Agoseris glauca,Leaf Area,49,2,7,0,2,0,,taxon_outlier,0,0,0,,,approve_none_grouped
28c2165b807a0a3382397591b97aab191cc0bb6523ce4264a5ee4970efeab070,classified,Agropyron cristatum,Leaf Area,12,1,2,0,1,0,,taxon_outlier,0,0,0,,,approve_none_grouped
438c45db826b12b544ed47c8e38f0b3a3c69afadfa738c4b2cf9a88aebf0c4f3,classified,Agropyron desertorum,Leaf Area,10,1,1,0,1,0,,taxon_outlier,0,0,0,,,approve_none_grouped
6293fdd281e9c2f345426d25f4655a1525a3d87a37a6d03e3aa728f011585779,classified,Agrostis,Leaf Area,13,2,13,0,1,0,,taxon_outlier,0,0,0,,,approve_none_grouped
938fb53e12d677bcec5c50c258ac004ebb4079587565f34901e12d842c46dd21,classified,Agrostis mertensii,Leaf Area,18,2,3,0,3,0,,taxon_outlier,0,0,0,,,approve_none_grouped
c3d1dc78a34106ce9b699bb0895c5044c4a96ecaf541109f553117d83a8a00e5,classified,Agrostis rupestris,Leaf Area,30,1,2,0,1,0,,taxon_outlier,0,0,0,,,approve_none_grouped
76f51c7da871bf6401c26e43616f59eb2448e952d9683d18070e4b15e880d804,classified,Agrostis stolonifera,Leaf Area,18,3,9,0,1,0,,taxon_outlier,0,0,0,,,approve_none_grouped
a4acd0132f9cbba85f0d88d1529208d1c237fbdeb1455890216d43c32d171a45,classified,Ailanthus altissima,Leaf Area,53,3,3,27,1,0,,domain_outlier;taxon_outlier,1,0,1,,97c906fe31a77ac5fee55e78eb7bc23e414574540ead697f130d1355cf189f82,approve_none_after_source_rule
f29d5b45459690eeb3f3fc723647535dcfd011eb943ef6262cd4e238c35fbdc1,classified,Ajuga reptans,Leaf Area,47,2,5,0,7,0,,taxon_outlier,1,0,1,,3f0543786babf50f90453c5af328dd77ba325efbdbd416d4aadf3aea9a3c4ec6,approve_none_after_source_rule
931bb26e9d3fea8b959adccba67f2f6f012bff94066189b0467154c60582262e,classified,Albizia julibrissin,Leaf Area,20,1,1,0,1,0,,taxon_outlier,0,0,0,,,approve_none_grouped
d1f7a42be5976939c97d99039d49df2ed20b42f0784beec5907a3c720f45a52b,classified,Alchemilla,Leaf Area,17,1,2,13,4,0,,domain_outlier;taxon_outlier,0,0,0,,,approve_none_grouped
4ab9b435c04efac3c3e98211d6ae0acac17bb34b0e43980d449c5edd27bd0c60,classified,Alchemilla coriacea,Leaf Area,10,1,1,0,2,0,,taxon_outlier,1,0,1,,3f0543786babf50f90453c5af328dd77ba325efbdbd416d4aadf3aea9a3c4ec6,approve_none_after_source_rule
27be07e0620035ffbb9cf3f329bc9b6a0dfaa982431dfdf39cce2af0460c111f,classified,Alchemilla xanthochlora,Leaf Area,27,1,2,0,3,0,,taxon_outlier,1,0,1,,3f0543786babf50f90453c5af328dd77ba325efbdbd416d4aadf3aea9a3c4ec6,approve_none_after_source_rule
64c529d2253c6d5ee7b8ab6cc65be462d3f800d032dc737f59c48b4bd0c14399,classified,Alkanna tinctoria,Leaf Area,10,1,1,0,1,0,,taxon_outlier,0,0,0,,,approve_none_grouped
690ab688e36e360e5541310509f81bd15310560e57781ad80b2a740b16dfb7a2,classified,Alliaria petiolata,Leaf Area,11,2,2,2,3,0,,domain_outlier;taxon_outlier,0,0,0,,,approve_none_grouped
e391726c1be24bd8d038f3c5a5094ccbda98c1e54f6acf35ba749ab85da12f60,classified,Allium cernuum,Leaf Area,17,2,3,0,1,0,,taxon_outlier,1,0,1,,97c906fe31a77ac5fee55e78eb7bc23e414574540ead697f130d1355cf189f82,approve_none_after_source_rule
9f6f2a307556bf62b6e83853d84ce897a59ba2b6d8c927d3f39833b1d60fb1f3,classified,Allium flavum,Leaf Area,10,1,1,0,1,0,,taxon_outlier,0,0,0,,,approve_none_grouped
400e4fa405c996f03b5a7c6af02614704e78dfc992e59fcbcfcc15a555cf8907,classified,Allium geyeri,Leaf Area,16,1,2,0,1,0,,taxon_outlier,1,0,1,,8ddea77f82d884c1f128128e4ecd902453e642499cb52df3b28d00cf682288ab,approve_none_after_source_rule
7e14a711a8cd27fa460eee5857a7248437bc1458312783e53785250041ba23e3,classified,Allium sphaerocephalon,Leaf Area,11,2,2,1,1,0,,domain_outlier;taxon_outlier,0,0,0,,,approve_none_grouped
e4670435b3521ca56bd4f6623c32d08ecfd0850aa019ea974c48020152e487a6,classified,Alnus alnobetula,Leaf Area,10,2,2,8,2,0,,domain_outlier;taxon_outlier,0,0,0,,,approve_none_grouped
836891e303f3feeccd2801e6b04edbf34ce642235206ced68a0957e31a8c585e,classified,Alnus glutinosa,Leaf Area,41,3,9,38,4,0,,domain_outlier;taxon_outlier,1,0,1,,97c906fe31a77ac5fee55e78eb7bc23e414574540ead697f130d1355cf189f82,approve_none_after_source_rule
4555bc0361b71e8d834bba008a227e9802030d6f65d5ff02382aaaf899d4eefb,classified,Alopecurus pratensis,Leaf Area,66,1,45,13,9,0,,domain_outlier;taxon_outlier,1,0,1,,e4504212b94c4e98f98f76ddea21e6c14b670b0c7aae7732d5367fd7d08e2017,approve_none_after_source_rule
e3dfeba12be9d8e81e28b3c6e2e1d43b96e7c5afe67d3082457259de3988daac,classified,Aloysia wrightii,Leaf Area,10,1,1,0,4,0,,taxon_outlier,0,0,0,,,approve_none_grouped
edcadb0f32cce122b5155aad24ccfd74159d4e742145250532fbd2cf67390d16,classified,Ambrosia,Leaf Area,21,1,1,0,6,0,,taxon_outlier,0,0,0,,,approve_none_grouped
b4203fbf971d7d755df31aa35b80c2faed6b89f4ea9863dac2d066adc9721c98,classified,Ambrosia artemisiifolia,Leaf Area,46,3,10,0,8,0,,taxon_outlier,1,0,1,,97c906fe31a77ac5fee55e78eb7bc23e414574540ead697f130d1355cf189f82,approve_none_after_source_rule
4ee631d23d8b40e053563fe73239df2d98a161d80e65ab10d504c63e4474d8e0,classified,Ambrosia dumosa,Leaf Area,12,2,2,0,1,0,,taxon_outlier,1,0,1,,97c906fe31a77ac5fee55e78eb7bc23e414574540ead697f130d1355cf189f82,approve_none_after_source_rule
3d04e610e7c4a65a605a9bc2bd6b6431255d6dbe2f0f86f9c8315635d846583b,classified,Ambrosia psilostachya,Leaf Area,20,1,2,0,2,0,,taxon_outlier,0,0,0,,,approve_none_grouped
f2562cedddb5927a30d4cf3888c0c1ca8a31d0c0ec481ec048fbe5e999e6154e,classified,Ambrosia salsola,Leaf Area,13,2,3,0,4,0,,taxon_outlier,1,0,1,,97c906fe31a77ac5fee55e78eb7bc23e414574540ead697f130d1355cf189f82,approve_none_after_source_rule
7a4f2d22a14e0fddf99e663701259ecd42e90579ad0222400fc04dc5ebf31c98,classified,Amelanchier arborea,Leaf Area,176,3,3,53,14,0,,domain_outlier;taxon_outlier,1,0,1,,97c906fe31a77ac5fee55e78eb7bc23e414574540ead697f130d1355cf189f82,approve_none_after_source_rule
ea21525ce806e55ee24650cc06bb9da80ffd6c6ca530edf0441363af0437411d,classified,Amelanchier ovalis,Leaf Area,25,2,2,1,3,0,,domain_outlier;taxon_outlier,0,0,0,,,approve_none_grouped
e6148b2b7d3dd4d9494833f7a516d68492a3c6f3dc250713332b486835f040f8,classified,Amphicarpaea bracteata,Leaf Area,16,1,4,0,1,0,,taxon_outlier,0,0,0,,,approve_none_grouped
1725e1ad5398816dd3a6df637db5a73953e25ae94d4010d8317b8df423337e7f,classified,Anacyclus clavatus,Leaf Area,10,1,1,0,4,0,,taxon_outlier,0,0,0,,,approve_none_grouped
a14e94f9223fad672e21ecf4f2f9e0731d707ba182043c94f65eadd23cde7810,classified,Andromeda polifolia,Leaf Area,19,2,6,0,1,0,,taxon_outlier,1,0,1,,97c906fe31a77ac5fee55e78eb7bc23e414574540ead697f130d1355cf189f82,approve_none_after_source_rule
8f405dfb977514fd60466c7e7fe4703627d95495feb1b28a776b0c4fb2658a73,classified,Andropogon gerardi,Leaf Area,140,3,4,0,16,0,,taxon_outlier,1,0,1,,97c906fe31a77ac5fee55e78eb7bc23e414574540ead697f130d1355cf189f82,approve_none_after_source_rule
7ceeb6f2606ec628241a6bfda183d08b08bbdf422a798f44df6c7df35b7c3645,classified,Andropogon virginicus,Leaf Area,89,2,23,0,5,0,,taxon_outlier,1,0,1,,97c906fe31a77ac5fee55e78eb7bc23e414574540ead697f130d1355cf189f82,approve_none_after_source_rule
9c96456fd3dccf07ba51cba36a674b2c7e216a378fce267b76bdd8819da4f3ab,classified,Androsace obtusifolia,Leaf Area,15,1,3,0,1,0,,taxon_outlier,1,0,1,,3f0543786babf50f90453c5af328dd77ba325efbdbd416d4aadf3aea9a3c4ec6,approve_none_after_source_rule
d752a268d5c9817744ec9413f2054cbd77daaac4cfbc369127c9e51ab7d17ac8,classified,Androsace septentrionalis,Leaf Area,20,3,5,0,1,0,,taxon_outlier,0,0,0,,,approve_none_grouped
32c48a8023b309d303790e5ec9e60b78a68b508c9ac2c951e35be6390ac94b1d,classified,Anemone virginiana,Leaf Area,16,2,3,2,2,0,,domain_outlier;taxon_outlier,1,0,1,,97c906fe31a77ac5fee55e78eb7bc23e414574540ead697f130d1355cf189f82,approve_none_after_source_rule
f8e86064cdd93a668000e366bbde35d786aaeb25b1adfd23d96ce34a5444b5d2,classified,Angelica grayi,Leaf Area,11,1,2,1,1,0,,domain_outlier;taxon_outlier,1,0,1,,8ddea77f82d884c1f128128e4ecd902453e642499cb52df3b28d00cf682288ab,approve_none_after_source_rule
a562756e261bb644754738869d183ebb0bea1cd7e11a775d08f0c4907b1957f5,classified,Antennaria alpina,Leaf Area,44,1,5,0,6,0,,taxon_outlier,1,0,1,,8ddea77f82d884c1f128128e4ecd902453e642499cb52df3b28d00cf682288ab,approve_none_after_source_rule
921d73169111aa48a300f6664aed30b886dfc2436545596904ab650ec3403f5c,classified,Antennaria dioica,Leaf Area,67,3,25,0,10,0,,taxon_outlier,1,0,1,,97c906fe31a77ac5fee55e78eb7bc23e414574540ead697f130d1355cf189f82,approve_none_after_source_rule
027882f56de3cca2cbf7c59f284ec2f6ac764bb69be4abe980d13a4334d32acf,classified,Antennaria parvifolia,Leaf Area,25,1,3,0,2,0,,taxon_outlier,0,0,0,,,approve_none_grouped
50be78a4be2d944174b0e8a57526390c8c8a01334f342e59b56ac2123408a496,classified,Anthemis arvensis,Leaf Area,170,1,1,0,21,0,,taxon_outlier,0,0,0,,,approve_none_grouped
a052964bd06a8f53c52c540fc0c9bb9f528adbd2fb95a944eb65508e8513dbed,classified,Anthemis maritima,Leaf Area,241,1,2,0,18,0,,taxon_outlier,0,0,0,,,approve_none_grouped
f546d0546310e26381bd2c1c870d947d806b5d0980b3aa94c7e134ffa5c39dbe,classified,Anthoxanthum monticola,Leaf Area,12,1,1,0,1,0,,taxon_outlier,0,0,0,,,approve_none_grouped
aac6d2cdacdc41418fc4595395dc9fb6f7895ec6b267ea3a4e368793931109f9,classified,Anthoxanthum nitens,Leaf Area,15,1,1,6,1,0,,domain_outlier;taxon_outlier,0,0,0,,,approve_none_grouped
43ce2b8576d2416d37e6f8a5c6f25b74bc636a6d4e1fabe08cc4f4e0a5dd460e,classified,Anthoxanthum odoratum,Leaf Area,225,3,77,28,48,0,,domain_outlier;taxon_outlier,2,0,2,,97c906fe31a77ac5fee55e78eb7bc23e414574540ead697f130d1355cf189f82;e4504212b94c4e98f98f76ddea21e6c14b670b0c7aae7732d5367fd7d08e2017,approve_none_after_source_rule
711a13d7025b9a69e7d2012d8eb10c97faec0a21ad63509b271881234e6034f0,classified,Anthriscus cerefolium,Leaf Area,15,2,2,6,1,0,,domain_outlier;taxon_outlier,0,0,0,,,approve_none_grouped
1ab629bfd98cd9201ff6bd0ed7385a35e900eb9647ce0e48084f8353efad7946,classified,Anthriscus sylvestris,Leaf Area,56,3,8,14,11,0,,domain_outlier;taxon_outlier,1,0,1,,97c906fe31a77ac5fee55e78eb7bc23e414574540ead697f130d1355cf189f82,approve_none_after_source_rule
a193c084d456724705bffeb31c1c86586cb67535a049e3cdaa86a1291259dbe9,classified,Anthyllis cornicina,Leaf Area,60,1,1,0,6,0,,taxon_outlier,0,0,0,,,approve_none_grouped
cbe97694f96ac52455a8f2a9862d37c663f2938e4e8741fbb0d02f991791bb7c,classified,Aphanes arvensis,Leaf Area,16,1,1,0,3,0,,taxon_outlier,0,0,0,,,approve_none_grouped
0433a84f4dd2090f9d87edce4b35cf985714d5b013f3da8a8423919f6bf7b0ad,classified,Apocynum cannabinum,Leaf Area,22,1,4,0,2,0,,taxon_outlier,0,0,0,,,approve_none_grouped
e4431fdae21ff5f9b2f0616323a3cddb4eb0f907b5f8f893d01cba9ade04e5b6,classified,Arabis alpina,Leaf Area,15,2,2,0,1,0,,taxon_outlier,1,0,1,,3f0543786babf50f90453c5af328dd77ba325efbdbd416d4aadf3aea9a3c4ec6,approve_none_after_source_rule
d62162ed1113dc79b40eba8a6cbf123c78e2f4f3692ac0e4bd38de78d4cac1af,classified,Aralia nudicaulis,Leaf Area,70,2,7,0,2,0,,taxon_outlier,0,0,0,,,approve_none_grouped
f951cc8a4366b2ef4a7318482cf69a290dc0f30a7bfba878a68efef6db41d445,classified,Arbutus andrachne,Leaf Area,63,2,17,1,7,0,,domain_outlier;taxon_outlier,1,0,1,,97c906fe31a77ac5fee55e78eb7bc23e414574540ead697f130d1355cf189f82,approve_none_after_source_rule
66815287b7b53bc45b9e158a03bb18bc3a7ff5f195e888d8692de1417e30c337,classified,Arbutus unedo,Leaf Area,263,4,35,19,22,0,,domain_outlier;taxon_outlier,1,0,1,,97c906fe31a77ac5fee55e78eb7bc23e414574540ead697f130d1355cf189f82,approve_none_after_source_rule
7a6e4ac5102d56afdf7304f51a4686c7848bef8f5dc5e2315330c3e30106e27a,classified,Arctostaphylos uva-ursi,Leaf Area,59,3,23,0,4,0,,taxon_outlier,2,0,2,,8ddea77f82d884c1f128128e4ecd902453e642499cb52df3b28d00cf682288ab;97c906fe31a77ac5fee55e78eb7bc23e414574540ead697f130d1355cf189f82,approve_none_after_source_rule
9645d38ccb8cd044c13ea45f067473172652157f21a48ae1358fae5a430c07ab,classified,Arenaria biflora,Leaf Area,40,1,1,0,1,0,,taxon_outlier,0,0,0,,,approve_none_grouped
50110fb4e528d2b17eb984b9bcb21a1ac6f882014620a2c22a8b7d15d283f72b,classified,Arenaria ciliata,Leaf Area,11,1,2,0,2,0,,taxon_outlier,1,0,1,,3f0543786babf50f90453c5af328dd77ba325efbdbd416d4aadf3aea9a3c4ec6,approve_none_after_source_rule
b8843a4df690968b9f60939a744a7bd8efaef1a4bab8faac33625c50a850092a,classified,Arenaria lanuginosa,Leaf Area,21,1,4,0,1,0,,taxon_outlier,0,0,0,,,approve_none_grouped
1ef2db6a727d104ca3dff4832350680c8e5ea5d520f6139d0549d79ed43323db,classified,Arenaria montana,Leaf Area,11,2,2,0,1,0,,taxon_outlier,0,0,0,,,approve_none_grouped
cde1e3f5d313776080fa19598b4030212ff1cf5aa3a5f6649205d121eefac1c3,classified,Arenaria serpyllifolia,Leaf Area,22,2,4,0,2,0,,taxon_outlier,1,0,1,,97c906fe31a77ac5fee55e78eb7bc23e414574540ead697f130d1355cf189f82,approve_none_after_source_rule
a1ba66e93a877c0f43b9dca4f1df70a61af5ed8c6a8cbc4641f630282c1acefb,classified,Argentina anserina,Leaf Area,12,3,3,1,3,0,,domain_outlier;taxon_outlier,0,0,0,,,approve_none_grouped
241ebc3aab3a4aa4c52ebb41df18fe821945cac81fdb30a5cc93a987d5dc6750,classified,Arisaema triphyllum,Leaf Area,25,3,10,2,2,0,,domain_outlier;taxon_outlier,1,0,1,,97c906fe31a77ac5fee55e78eb7bc23e414574540ead697f130d1355cf189f82,approve_none_after_source_rule
1c3354ccb3ec453e53d855c094d66be9d5643f8b628265303553857a43eb3bd3,classified,Armoracia macrocarpa,Leaf Area,10,1,2,10,2,0,,domain_outlier;taxon_outlier,0,0,0,,,approve_none_grouped
8c26cb380ef78bda1118816b7444b72ac5956633f65802e69c9482c0b977f2dd,classified,Arnica latifolia,Leaf Area,31,2,3,0,6,0,,taxon_outlier,1,0,1,,8ddea77f82d884c1f128128e4ecd902453e642499cb52df3b28d00cf682288ab,approve_none_after_source_rule
3b10bc00b1cf64fd75240e8ff869bf875d7e1a088a13662c6ebe86f93caedb26,classified,Arrhenatherum elatius,Leaf Area,131,5,71,15,21,0,,domain_outlier;taxon_outlier,2,0,2,,97c906fe31a77ac5fee55e78eb7bc23e414574540ead697f130d1355cf189f82;e4504212b94c4e98f98f76ddea21e6c14b670b0c7aae7732d5367fd7d08e2017,approve_none_after_source_rule
a8e847054e6eda39f049798aad3d00dfd778432df4db8eddf50abe200d8640ff,classified,Artemisia annua,Leaf Area,10,1,1,0,2,0,,taxon_outlier,0,0,0,,,approve_none_grouped
47b850aa5a97c475caa3364a065eac8d5700f05889dde0ab3bf33dcfe56b4956,classified,Artemisia californica,Leaf Area,97,2,2,0,10,0,,taxon_outlier,1,0,1,,97c906fe31a77ac5fee55e78eb7bc23e414574540ead697f130d1355cf189f82,approve_none_after_source_rule
007b4fc0cb3b786db6b9b0343a84d9fb977745a7a9d322197ced0aaee09e735f,classified,Artemisia campestris,Leaf Area,25,2,5,0,3,0,,taxon_outlier,0,0,0,,,approve_none_grouped
6e0e54deee41c09b63722d1808b8e35a4c9294fb3563339b933d8e253a9bbf3c,classified,Artemisia carruthii,Leaf Area,20,1,2,0,1,0,,taxon_outlier,0,0,0,,,approve_none_grouped
42824b62fb58fb1480d92522d95f701e3b26a12fe719d972eb77e3ea17adf8cd,classified,Artemisia frigida,Leaf Area,10,1,1,0,1,0,,taxon_outlier,0,0,0,,,approve_none_grouped
537d3fd8eec4e93296deea77cdd726808f732b042b524d25345253b697e30804,classified,Artemisia ludoviciana,Leaf Area,29,1,1,0,4,0,,taxon_outlier,0,0,0,,,approve_none_grouped
797553c2e84f18a31ee3a7a54a2338d4788e406fcb70530e56beaf338c39f6e7,classified,Artemisia rothrockii,Leaf Area,159,1,153,0,10,0,,taxon_outlier,0,0,0,,,approve_none_grouped
a345f848c3b80b91eb286e29bf280f0ea2a4372895a292f4d539ce4c64d79ff1,classified,Artemisia santonicum,Leaf Area,10,1,1,0,1,0,,taxon_outlier,0,0,0,,,approve_none_grouped
d81cd07a8b7e93833b839cb32667093475d60f592ebfdbd0c5757b9be001f8ba,classified,Artemisia scopulorum,Leaf Area,35,1,2,0,3,0,,taxon_outlier,1,0,1,,8ddea77f82d884c1f128128e4ecd902453e642499cb52df3b28d00cf682288ab,approve_none_after_source_rule
5e5f7c9c15e8edea455702611ae61ecda60e5f808b1c04086225de227efd7999,classified,Arum pictum,Leaf Area,150,1,8,150,6,0,,domain_outlier;taxon_outlier,0,0,0,,,approve_none_grouped
4aa91e6bab25f3878f479ee0de578d59cff18f9d40326d534156540fa0795abb,classified,Asclepias syriaca,Leaf Area,78,2,10,75,6,0,,domain_outlier;taxon_outlier,1,0,1,,97c906fe31a77ac5fee55e78eb7bc23e414574540ead697f130d1355cf189f82,approve_none_after_source_rule
601418dfe3821f4ba6d23959ad2f8c99aa86a3ccf60f52b18590a56dd749b55f,classified,Asimina triloba,Leaf Area,84,2,5,84,6,0,,domain_outlier;taxon_outlier,1,0,1,,97c906fe31a77ac5fee55e78eb7bc23e414574540ead697f130d1355cf189f82,approve_none_after_source_rule
69123ae62dfe47485a23045e41a2a222ec90344bcfef80e06146c716e9ed02df,classified,Asparagus albus,Leaf Area,23,2,4,0,1,0,,taxon_outlier,1,0,1,,97c906fe31a77ac5fee55e78eb7bc23e414574540ead697f130d1355cf189f82,approve_none_after_source_rule
f6fad048434088699b676777a2f52b63352b21502c6da0ae64abb7de1976c18b,classified,Astragalus laxmannii,Leaf Area,10,1,1,0,2,0,,taxon_outlier,0,0,0,,,approve_none_grouped
1e20668b2ec0be0fd85bb3b591cde7e64b1b5a6b2d6e76b71e411dd2b40db511,classified,Astragalus rusbyi,Leaf Area,22,1,3,0,4,0,,taxon_outlier,0,0,0,,,approve_none_grouped
7abbbd56ea6507a09db75a2bfb6089c5875230d13b722a0ed40ad47a6ce23eb1,classified,Astragalus shortianus,Leaf Area,10,1,1,0,2,0,,taxon_outlier,0,0,0,,,approve_none_grouped
5ed2a7d4f9d5ae493384c0fba3432fa33dcd979ead38b188574a06b74a652215,classified,Asyneuma canescens,Leaf Area,31,2,4,0,1,0,,taxon_outlier,0,0,0,,,approve_none_grouped
3e521a7c0744e7349cefc4f798512ffaf645a17a1dc9d3a3f21611b6467f18c3,classified,Atriplex,Leaf Area,10,1,1,0,2,0,,taxon_outlier,0,0,0,,,approve_none_grouped
673ddb58f32519cede6b67f3d7b226cde8bcd6bc081e9d639447d8829b9e72f4,classified,Atropa bella-donna,Leaf Area,20,1,2,20,2,0,,domain_outlier;taxon_outlier,0,0,0,,,approve_none_grouped
851f9da70478e0705adc30d300d82e39fdcf50791343472d9f56f88f0ef48920,classified,Avena barbata,Leaf Area,113,3,5,0,18,0,,taxon_outlier,1,0,1,,97c906fe31a77ac5fee55e78eb7bc23e414574540ead697f130d1355cf189f82,approve_none_after_source_rule
f03759eaf5f56906e74c233b472b0831870ff0ed4eb37fb5e9ae7c3c3a73fbdd,classified,Avenella flexuosa,Leaf Area,133,3,63,0,4,0,,taxon_outlier,1,0,1,,97c906fe31a77ac5fee55e78eb7bc23e414574540ead697f130d1355cf189f82,approve_none_after_source_rule
d83f4bae5bc707c540b1d8c430b59195d20c0d7bd02e2101e526e29114ae021d,classified,Avenula pubescens,Leaf Area,82,3,47,15,13,0,,domain_outlier;taxon_outlier,2,0,2,,97c906fe31a77ac5fee55e78eb7bc23e414574540ead697f130d1355cf189f82;e4504212b94c4e98f98f76ddea21e6c14b670b0c7aae7732d5367fd7d08e2017,approve_none_after_source_rule
c4e8a24cfbb19e1d5b4364e86d7c844e7f7bf11db56ec14a1154aa8cfa53ed4d,classified,Baccharis glutinosa,Leaf Area,72,1,1,0,5,0,,taxon_outlier,0,0,0,,,approve_none_grouped
4b252f1bfdc7ac3b620bf275b02b121ceb07020c922b06e8d2da89cacc16da7e,classified,Baccharis pilularis,Leaf Area,177,2,3,0,16,0,,taxon_outlier,1,0,1,,97c906fe31a77ac5fee55e78eb7bc23e414574540ead697f130d1355cf189f82,approve_none_after_source_rule
f23bb617751e5e9d631b1a9aa55a9ed29f43454655c23ab7c81fb43cbf6adbfe,classified,Baccharis sergiloides,Leaf Area,12,2,2,0,2,0,,taxon_outlier,1,0,1,,97c906fe31a77ac5fee55e78eb7bc23e414574540ead697f130d1355cf189f82,approve_none_after_source_rule
7a27d84fa262c0f1ecbf7147eb08992bb6b705776d859450d65be40734d31ea4,classified,Bartsia alpina,Leaf Area,31,2,6,0,2,0,,taxon_outlier,2,0,2,,3f0543786babf50f90453c5af328dd77ba325efbdbd416d4aadf3aea9a3c4ec6;97c906fe31a77ac5fee55e78eb7bc23e414574540ead697f130d1355cf189f82,approve_none_after_source_rule
8583ecf472da5780a0f6f44db05e99c7406fd5d05f01e72404a434de5bfeff0a,classified,Bassia prostrata,Leaf Area,10,1,1,0,1,0,,taxon_outlier,0,0,0,,,approve_none_grouped
b57f9cf1c9df925c2fb8cffcf0ccedace4aa3cb1e849a6254d8e38ee6ecf1da9,classified,Bellis perennis,Leaf Area,69,2,32,14,10,0,,domain_outlier;taxon_outlier,2,0,2,,3f0543786babf50f90453c5af328dd77ba325efbdbd416d4aadf3aea9a3c4ec6;e4504212b94c4e98f98f76ddea21e6c14b670b0c7aae7732d5367fd7d08e2017,approve_none_after_source_rule
ee2e9225bfd81cda2d44dd5ffd8b7b3197987f036b81977b8024fd9cbfde0f48,classified,Berberis aggregata,Leaf Area,15,1,1,0,2,0,,taxon_outlier,0,0,0,,,approve_none_grouped
a0b23796272a0f39c8b51c345001d3f1782fe5e2f90e7b1040c69f95c1e71cc6,classified,Berberis koreana,Leaf Area,11,1,1,0,3,0,,taxon_outlier,0,0,0,,,approve_none_grouped
ecc98fcafed3ea0326ee5c4e9e2b229fdc9381a9417748abedc64febb65e2850,classified,Berberis vulgaris,Leaf Area,61,2,4,0,10,0,,taxon_outlier,1,0,1,,97c906fe31a77ac5fee55e78eb7bc23e414574540ead697f130d1355cf189f82,approve_none_after_source_rule
f8230d8e68597703496b5f77df06fb1ea59057111779a5aa8f46b34f98f80b8f,classified,Betonica officinalis,Leaf Area,31,2,4,12,3,0,,domain_outlier;taxon_outlier,1,0,1,,97c906fe31a77ac5fee55e78eb7bc23e414574540ead697f130d1355cf189f82,approve_none_after_source_rule
f87a21cda52ac1085c99afe728f859d2d81fd2a688a10067e021b73e99253ad1,classified,Betula alleghaniensis,Leaf Area,17,3,12,4,4,0,,domain_outlier;taxon_outlier,1,0,1,,97c906fe31a77ac5fee55e78eb7bc23e414574540ead697f130d1355cf189f82,approve_none_after_source_rule
b467bed515e34f9167ed953bb70370479357ac8a9270af2e73fe801ac3daa104,classified,Betula nana,Leaf Area,175,3,60,0,16,0,,taxon_outlier,1,0,1,,97c906fe31a77ac5fee55e78eb7bc23e414574540ead697f130d1355cf189f82,approve_none_after_source_rule
8cb4ad54d8c2b06ff7a6ea3f4c0f054ddd03e6d92b732ef32dfee5d550cda1ad,classified,Betula nigra,Leaf Area,25,2,6,1,5,0,,domain_outlier;taxon_outlier,1,0,1,,97c906fe31a77ac5fee55e78eb7bc23e414574540ead697f130d1355cf189f82,approve_none_after_source_rule
c4755c85d6bd12887f941edf90f53eafcfc41d5fe4223cc898375eb1b95abe08,classified,Betula papyrifera,Leaf Area,45,4,8,2,4,0,,domain_outlier;taxon_outlier,1,0,1,,97c906fe31a77ac5fee55e78eb7bc23e414574540ead697f130d1355cf189f82,approve_none_after_source_rule
2658bb36802b50b1461e3a577b2d9a770f51c4e042aada48f690d46854254b9b,classified,Betula pendula,Leaf Area,113,3,12,0,16,0,,taxon_outlier,1,0,1,,97c906fe31a77ac5fee55e78eb7bc23e414574540ead697f130d1355cf189f82,approve_none_after_source_rule
a946654a5fc0fc9494fa6a6679233a17bfffb2f9b84ed5f6fc7246ddc72445b7,classified,Betula pubescens,Leaf Area,24,3,7,0,1,0,,taxon_outlier,1,0,1,,97c906fe31a77ac5fee55e78eb7bc23e414574540ead697f130d1355cf189f82,approve_none_after_source_rule
c4ff7caea87cdd7d407d11bd4a93840785d69a8c144b1f17d2a2c73816e5916c,classified,Bidens cernua,Leaf Area,16,1,2,0,1,0,,taxon_outlier,0,0,0,,,approve_none_grouped
4d90ad431248b59a36a7656dc5f04d7d3902d0e1dc2f1d9f170967c58b7adfe1,classified,Bidens frondosa,Leaf Area,12,3,8,5,1,0,,domain_outlier;taxon_outlier,1,0,1,,97c906fe31a77ac5fee55e78eb7bc23e414574540ead697f130d1355cf189f82,approve_none_after_source_rule
7e5f236566d6cdaafa078f3dea886c04d50c956c28a2cd3b717e941730ce6b1c,classified,Biserrula pelecinus,Leaf Area,262,1,1,0,28,0,,taxon_outlier,0,0,0,,,approve_none_grouped
b8cab1d200e8f71acdb1a25f04fe20100a810cb0000823c3ccd80d31bed0ea60,classified,Bistorta bistortoides,Leaf Area,40,2,3,4,6,0,,domain_outlier;taxon_outlier,2,0,2,,8ddea77f82d884c1f128128e4ecd902453e642499cb52df3b28d00cf682288ab;97c906fe31a77ac5fee55e78eb7bc23e414574540ead697f130d1355cf189f82,approve_none_after_source_rule
dc95231e405bf77b5ea9f98bcb6393701b5f2be9517c97809c96f127e66c32c0,classified,Bistorta vivipara,Leaf Area,640,4,58,0,59,0,,taxon_outlier,3,0,3,,3f0543786babf50f90453c5af328dd77ba325efbdbd416d4aadf3aea9a3c4ec6;8ddea77f82d884c1f128128e4ecd902453e642499cb52df3b28d00cf682288ab;97c906fe31a77ac5fee55e78eb7bc23e414574540ead697f130d1355cf189f82,approve_none_after_source_rule
dbaf05571b1229cda310829b43c610b1580be135d17adbe98e467aff27fb473e,classified,Bothriochloa ischaemum,Leaf Area,22,2,4,0,1,0,,taxon_outlier,1,0,1,,97c906fe31a77ac5fee55e78eb7bc23e414574540ead697f130d1355cf189f82,approve_none_after_source_rule
10812ff370fd2f568ad002a323c69f0013fc242507529255974349091b46acb6,classified,Botrychium lunaria,Leaf Area,18,3,3,0,2,0,,taxon_outlier,0,0,0,,,approve_none_grouped
9c4a3ad16d6950e690f1f9c767c61959a89f2eb99b4bab9749bbdede27f73be1,classified,Bouteloua curtipendula,Leaf Area,10,1,1,0,2,0,,taxon_outlier,0,0,0,,,approve_none_grouped
406a50b9a23bf99a373020e82ee67392483d7bd7142b472aa34a674437c51fb2,classified,Bouteloua gracilis,Leaf Area,30,2,3,0,2,0,,taxon_outlier,0,0,0,,,approve_none_grouped
8fad1a2e12872564a52e32332f48e5bb74bdd6459745bea5fcc751be92c67ce3,classified,Brachypodium retusum,Leaf Area,96,2,13,1,11,0,,domain_outlier;taxon_outlier,1,0,1,,97c906fe31a77ac5fee55e78eb7bc23e414574540ead697f130d1355cf189f82,approve_none_after_source_rule
a912a9a1a4dd0e8088959679f9c947284b28cf099b2784ad3d8a417528f09897,classified,Brickellia coulteri,Leaf Area,11,1,1,0,1,0,,taxon_outlier,0,0,0,,,approve_none_grouped
44888c3f3b4d67e8ce925da3ad7e4177077e668402801be52007f642e21a5229,classified,Briza media,Leaf Area,10,2,10,0,1,0,,taxon_outlier,0,0,0,,,approve_none_grouped
169279d3345debb0e2638f3527c589d4e66e35b13c9c4ffc63364e51f752f930,classified,Bromus carinatus,Leaf Area,72,1,1,0,2,0,,taxon_outlier,0,0,0,,,approve_none_grouped
81015368c313acd281186851586c7c83ff5c3c8e82d5c7ff6bdfc42d66729079,classified,Bromus ciliatus,Leaf Area,24,2,5,0,4,0,,taxon_outlier,0,0,0,,,approve_none_grouped
886571fe7f8c21ab6c7c2e5ca21fa0beec1d3607915adfadd6af8458dfe7540f,classified,Bromus hordeaceus,Leaf Area,205,4,7,0,15,0,,taxon_outlier,1,0,1,,97c906fe31a77ac5fee55e78eb7bc23e414574540ead697f130d1355cf189f82,approve_none_after_source_rule
039a58a87bfbf2c98cf7794567b23961700b9b496bfa7fd2bee5c759eee5560a,classified,Bromus inermis,Leaf Area,346,2,14,1,11,0,,domain_outlier;taxon_outlier,0,0,0,,,approve_none_grouped
c137296b0bbcab75ebe8a00e47d6ab6a83c4bff2850564eb820037f2db86f394,classified,Bromus rigidus,Leaf Area,18,2,2,0,1,0,,taxon_outlier,0,0,0,,,approve_none_grouped
bb156f57b6d62932947040077a37bd50ee39fc4d1a56e5c4b45513a63574846c,classified,Bromus rubens,Leaf Area,97,2,2,0,10,0,,taxon_outlier,0,0,0,,,approve_none_grouped
2791a5ca30263b957ea2174d9f1cb780b28440e30ca052f6c9263ca2c04a5dd4,classified,Bromus tectorum,Leaf Area,51,4,6,0,4,0,,taxon_outlier,0,0,0,,,approve_none_grouped
805e1a1516d29d3d06f6daf4a023a54b715024b75b2ac2e61b52b9ab6a69ebcd,classified,Broussonetia papyrifera,Leaf Area,15,1,1,0,2,0,,taxon_outlier,0,0,0,,,approve_none_grouped
e40468e52e4e176ddf652c2681ddca2799ba5a97917a989fa66017c1edbc9c3f,classified,Buddleja albiflora,Leaf Area,15,1,1,0,1,0,,taxon_outlier,0,0,0,,,approve_none_grouped
6530b8df95ecd5a49c79f6f50f032987a4eff9ba2d6052aeb47d6d7e67e7e9cc,classified,Bupleurum falcatum,Leaf Area,36,3,5,0,3,0,,taxon_outlier,0,0,0,,,approve_none_grouped
f2e36d53cd22692a847abaad08eb8139a702d7091b837b783d3dab0c9a827d18,classified,Bupleurum fruticescens,Leaf Area,12,2,3,0,3,0,,taxon_outlier,0,0,0,,,approve_none_grouped
73bb5e74abd6f31674a62e60cb32bc22615b42cd759d6507e4308de0e43c44b0,classified,Bupleurum longifolium,Leaf Area,10,1,1,9,1,0,,domain_outlier;taxon_outlier,0,0,0,,,approve_none_grouped
b6ea8e60bcc99919de2d220dcfce04a8063408dd5a8dc822eff0fae4a5f006ce,classified,Cakile maritima,Leaf Area,22,1,2,0,1,0,,taxon_outlier,0,0,0,,,approve_none_grouped
2214a4ea965a5a70d50e81d3081ebfb48aa38ee03f3555793c81ce604a0a1d8c,classified,Calamagrostis arenaria,Leaf Area,70,2,13,0,6,0,,taxon_outlier,0,0,0,,,approve_none_grouped
fbe89e21500c88545bb83dc4212d1fe817ca9c6f3ea138440f53a5212d0df5ac,classified,Calamagrostis canadensis,Leaf Area,21,2,4,0,2,0,,taxon_outlier,1,0,1,,8ddea77f82d884c1f128128e4ecd902453e642499cb52df3b28d00cf682288ab,approve_none_after_source_rule
5a91ea58adf1bd5a126bcfb9d691f77e90b905ecb827d0c5694e9b60e7a17c6e,classified,Calamagrostis lapponica,Leaf Area,16,3,4,0,3,0,,taxon_outlier,1,0,1,,97c906fe31a77ac5fee55e78eb7bc23e414574540ead697f130d1355cf189f82,approve_none_after_source_rule
6bbc27711436c2414f7328a8da9550ebcbe5585779f5649697739496d654d34b,classified,Calamagrostis stricta,Leaf Area,16,1,8,0,3,0,,taxon_outlier,0,0,0,,,approve_none_grouped
6521c1f8b1f0ba5eaab5a4c46b7850337bff144e545ea9414775a46845cc1ddb,classified,Calamagrostis varia,Leaf Area,10,1,1,3,1,0,,domain_outlier;taxon_outlier,0,0,0,,,approve_none_grouped
22c156e9cebf8310f45c5829cc44fef943e5fa9b2217f8327c7855742604f95a,classified,Calicotome villosa,Leaf Area,36,2,4,0,6,0,,taxon_outlier,0,0,0,,,approve_none_grouped
6e582fde4ec1cf9016e88c7df1ca42b631a12b5fd1d4cc018f44105219574922,classified,Calliandra eriophylla,Leaf Area,11,1,1,0,1,0,,taxon_outlier,0,0,0,,,approve_none_grouped
a03ee95ec793d97351c87a5973c32fe6381546819fe514b3f4028111fcc2e6f2,classified,Calluna vulgaris,Leaf Area,49,3,13,0,10,0,,taxon_outlier,2,0,2,,3f0543786babf50f90453c5af328dd77ba325efbdbd416d4aadf3aea9a3c4ec6;97c906fe31a77ac5fee55e78eb7bc23e414574540ead697f130d1355cf189f82,approve_none_after_source_rule
9f52ee332fbb61be07344165a6292a5aa65ab78d6ad91c61726add1a4db5429a,classified,Caltha leptosepala,Leaf Area,22,2,3,3,2,0,,domain_outlier;taxon_outlier,2,0,2,,8ddea77f82d884c1f128128e4ecd902453e642499cb52df3b28d00cf682288ab;97c906fe31a77ac5fee55e78eb7bc23e414574540ead697f130d1355cf189f82,approve_none_after_source_rule
bb4702ff992ce232e3fc638432f77f5a9fe3876fc008bea5053d6fa9bdea8e61,classified,Calystegia soldanella,Leaf Area,58,1,2,0,8,0,,taxon_outlier,0,0,0,,,approve_none_grouped
a45d5df08726a84603ced33766fcd9642e5ae2de49625cc7486c6d4e38edbf9e,classified,Campanula barbata,Leaf Area,14,1,2,0,1,0,,taxon_outlier,1,0,1,,3f0543786babf50f90453c5af328dd77ba325efbdbd416d4aadf3aea9a3c4ec6,approve_none_after_source_rule
2cc3bac2ab76f0c3dad63743ae6490e2e8f5d987ce0c8490602348d03dd113b2,classified,Campanula micrantha,Leaf Area,20,1,2,0,6,0,,taxon_outlier,0,0,0,,,approve_none_grouped
084b1d9db7c5627088312423e87237117b2c517d351daa7713a6bfedd3b12949,classified,Campanula patula,Leaf Area,10,1,1,0,1,0,,taxon_outlier,0,0,0,,,approve_none_grouped
beba9e31814d001651c401ba9884ef6d4984ae623248e619f11f346fc505809b,classified,Campanula persicifolia,Leaf Area,21,1,3,0,6,0,,taxon_outlier,0,0,0,,,approve_none_grouped
5b80f462cafff8e2f956812162656d61d27c4addab248e741a813240f63d9c6e,classified,Campanula rotundifolia,Leaf Area,57,2,16,0,6,0,,taxon_outlier,1,0,1,,3f0543786babf50f90453c5af328dd77ba325efbdbd416d4aadf3aea9a3c4ec6,approve_none_after_source_rule
1a738ff24d3a5aa08f2aa644a5dd44da13eae75356d7d9b33a4d8d7c376f252e,classified,Campanula scheuchzeri,Leaf Area,40,1,4,0,3,0,,taxon_outlier,1,0,1,,3f0543786babf50f90453c5af328dd77ba325efbdbd416d4aadf3aea9a3c4ec6,approve_none_after_source_rule
d16b89649dac1d883ca742461bcec9e3ccefb552f36ef43d00131006f52f3653,classified,Campanula trachelium,Leaf Area,90,2,9,28,5,0,,domain_outlier;taxon_outlier,0,0,0,,,approve_none_grouped
fdb6ecd06eeffbf42826e50792c352c5f3fb40859c2e861d70a2224f8fc3513b,classified,Camphorosma annua,Leaf Area,20,2,2,0,1,0,,taxon_outlier,0,0,0,,,approve_none_grouped
dad5df6afc7cb168167a9b3e2e531d03ff7a064cfd7d7b8aabe231f70aba240c,classified,Campsis radicans,Leaf Area,48,2,7,0,8,0,,taxon_outlier,0,0,0,,,approve_none_grouped
64749d7691b6225c13abcaf036c94586f476ecf4b275ce719f0b78cef5388fac,classified,Cardamine amara,Leaf Area,15,2,2,0,3,0,,taxon_outlier,1,0,1,,3f0543786babf50f90453c5af328dd77ba325efbdbd416d4aadf3aea9a3c4ec6,approve_none_after_source_rule
27177edb410c0fad3c44f095f770e075362fbb7594e34ebc0392426826a09564,classified,Cardamine bellidifolia,Leaf Area,38,1,1,0,3,0,,taxon_outlier,0,0,0,,,approve_none_grouped
ba4b8d4b88f923fd7ac5228a57b674039643832b8cadde565d9420d226b04f3c,classified,Cardamine bulbifera,Leaf Area,50,2,5,47,1,0,,domain_outlier;taxon_outlier,0,0,0,,,approve_none_grouped
60eefb89af6243749e67a8f3781365e47c78e6570c0a6521c3429c9c90360bf2,classified,Cardamine diphylla,Leaf Area,11,2,5,1,1,0,,domain_outlier;taxon_outlier,1,0,1,,97c906fe31a77ac5fee55e78eb7bc23e414574540ead697f130d1355cf189f82,approve_none_after_source_rule
d721a9a75908d134102f1cfcd673d26f684214eb86f946a18bd23f35ed11ce14,classified,Cardamine enneaphyllos,Leaf Area,20,1,2,20,2,0,,domain_outlier;taxon_outlier,0,0,0,,,approve_none_grouped
ba7dec6b71482424db7aa3b379b9b7112d62a601bbb4d8881611c775c2b8d685,classified,Cardamine parviflora,Leaf Area,10,1,2,0,2,0,,taxon_outlier,0,0,0,,,approve_none_grouped
88395efc871895734aa97cd6620686ca0efbd1b88329fe860699513dae2b6409,classified,Carduus acanthoides,Leaf Area,10,1,1,0,1,0,,taxon_outlier,0,0,0,,,approve_none_grouped
86184c9d13a2d8df2f3a1dccb6ecb9194b8031d148f24c9e467cbe620e655b37,classified,Carduus collinus,Leaf Area,10,1,2,7,2,0,,domain_outlier;taxon_outlier,0,0,0,,,approve_none_grouped
c7da7fd6a6fb80501d569c2649b4d26d84eca3443e66a86b1630ee2a3de6d119,classified,Carduus pycnocephalus,Leaf Area,100,1,1,0,10,0,,taxon_outlier,0,0,0,,,approve_none_grouped
b9077376f666ccc25338d06fe0bc71fc58d4e11cd5f723cded60aa5f40fa58ba,classified,Carex,Leaf Area,10,2,2,0,1,0,,taxon_outlier,0,0,0,,,approve_none_grouped
b3a69495ac9728bb655f69d4a50170b3df29325053d977544ddd6a928b49bc81,classified,Carex arenaria,Leaf Area,10,2,10,0,2,0,,taxon_outlier,0,0,0,,,approve_none_grouped
24dfcdfe1151784212b9147c2558907c061ef369aca0757be7eeeb2d79b38ec3,classified,Carex bigelowii,Leaf Area,132,2,54,0,7,0,,taxon_outlier,0,0,0,,,approve_none_grouped
fb010202a77fe9a0a9eea57644107f25a3c6ef8a372cb29ae252569606b718c2,classified,Carex brevior,Leaf Area,26,2,2,0,3,0,,taxon_outlier,1,0,1,,8ddea77f82d884c1f128128e4ecd902453e642499cb52df3b28d00cf682288ab,approve_none_after_source_rule
ef5b272c5c766f10dd2d3c72a0ebd926923390cfefd11d78d328989145baf0d3,classified,Carex capillaris,Leaf Area,10,1,1,0,3,0,,taxon_outlier,0,0,0,,,approve_none_grouped
6bc2e81eebc9767daa237b78cd61d7410b70b16938b5b3bb7661e211ca34b3b8,classified,Carex curvula,Leaf Area,28,1,2,0,1,0,,taxon_outlier,0,0,0,,,approve_none_grouped
906f73570c8e6125ba7626072ae2430fec77c31551b4c7d32413cb1966d6af9f,classified,Carex dioica,Leaf Area,16,1,2,0,1,0,,taxon_outlier,0,0,0,,,approve_none_grouped
f299a85d87482ea114ba1893cc84b09ea326b816c1d19792a2ff5905060debd7,classified,Carex ericetorum,Leaf Area,10,1,10,0,3,0,,taxon_outlier,0,0,0,,,approve_none_grouped
9df2b000030d20a045812c2e3b75ab6f81f1f0a38dcfa3a43b1c6ffafc8bed00,classified,Carex flacca,Leaf Area,16,3,12,0,1,0,,taxon_outlier,1,0,1,,97c906fe31a77ac5fee55e78eb7bc23e414574540ead697f130d1355cf189f82,approve_none_after_source_rule
da236bb425252a6f8d94f597845b5e0a5757d99dde5966979e1897fba37b8fcd,classified,Carex foenea,Leaf Area,18,2,3,0,2,0,,taxon_outlier,1,0,1,,8ddea77f82d884c1f128128e4ecd902453e642499cb52df3b28d00cf682288ab,approve_none_after_source_rule
0a9511d6a44cac00417007d45b2dd98a10f9e644aedba411aac1d36cc7d4c872,classified,Carex intumescens,Leaf Area,16,2,10,0,1,0,,taxon_outlier,0,0,0,,,approve_none_grouped
c856f3e1a202112d303aaa38bd6a7e95c5b3d58a342d3d49565a1c54f622dc88,classified,Carex liparocarpos,Leaf Area,10,1,1,0,1,0,,taxon_outlier,0,0,0,,,approve_none_grouped
7b59bf33c1ac0c0249808d67c3a84d08ace8d9be3a31647b6eb02174fd5eba5f,classified,Carex macrolepis,Leaf Area,40,1,4,0,8,0,,taxon_outlier,0,0,0,,,approve_none_grouped
841972d8d2e915937eb6485b31ff9bc58609aa03c7f8bbed4864da390447d828,classified,Carex michelii,Leaf Area,10,1,1,0,1,0,,taxon_outlier,0,0,0,,,approve_none_grouped
f31df3544fe9b1c4c9c2399d16729320c047c8ef559d39294e1ceda73f8d254b,classified,Carex mucronata,Leaf Area,10,1,10,0,2,0,,taxon_outlier,0,0,0,,,approve_none_grouped
0e779bf05ee681bc812427b9a532c117447ffed6f0f43c4cb0d91daf2309f7a9,classified,Carex myosuroides,Leaf Area,28,1,4,0,4,0,,taxon_outlier,1,0,1,,8ddea77f82d884c1f128128e4ecd902453e642499cb52df3b28d00cf682288ab,approve_none_after_source_rule
defe667328d3a59a3d9e89469669151efca81eca89b8b08aea266f853c7cf494,classified,Carex oederi,Leaf Area,13,2,9,0,1,0,,taxon_outlier,0,0,0,,,approve_none_grouped
4bd04913c393a214043cc748cf14f5647cb94f479b4b156d7b4fee66d5ec0c17,classified,Carex pairae,Leaf Area,10,1,1,0,1,0,,taxon_outlier,0,0,0,,,approve_none_grouped
a306d30dd3388172182d0eee790689574173d8d08c5064b1ddf2246619aa707c,classified,Carex pensylvanica,Leaf Area,135,1,5,0,9,0,,taxon_outlier,0,0,0,,,approve_none_grouped
1876e7d06a343aa1191d45cde8f7e8aa13ef191da19de9406cee5fe12d6d7e54,classified,Carex richardsonii,Leaf Area,18,1,1,0,2,0,,taxon_outlier,0,0,0,,,approve_none_grouped
6c3a47fe4c9cd3f2a8f1bd8ac4ed98784dd76568727f324838ca613c1ea90fe1,classified,Carex scopulorum,Leaf Area,20,1,2,0,1,0,,taxon_outlier,1,0,1,,8ddea77f82d884c1f128128e4ecd902453e642499cb52df3b28d00cf682288ab,approve_none_after_source_rule
ca61919bbd384ce1e62e1f50b284d3efa2817223cf721ee94e85ca96f2889b03,classified,Carex siccata,Leaf Area,33,2,2,0,2,0,,taxon_outlier,0,0,0,,,approve_none_grouped
d7552bde62f5c4fc9f9150415297d574b5ff43ffedaa1e58da67d48001fea129,classified,Carex stricta,Leaf Area,13,1,1,0,1,0,,taxon_outlier,0,0,0,,,approve_none_grouped
d2e603495840947453bd8704c9721234c01022c3ef981e2a025016f060f6d170,classified,Carex swanii,Leaf Area,10,1,2,0,2,0,,taxon_outlier,0,0,0,,,approve_none_grouped
ad0fc82b68710b5f1e0bec2628c53ef3a545065503492356b2a372325b1d081a,classified,Carex woodii,Leaf Area,32,1,1,0,2,0,,taxon_outlier,0,0,0,,,approve_none_grouped
5a49fdc114dd31a70f460c564cd64a6786a0acf8ec24dfd982d68d5372613cb5,classified,Carlina vulgaris,Leaf Area,14,3,5,0,1,0,,taxon_outlier,0,0,0,,,approve_none_grouped
74de7ad69f2db7b5f696fb439ef9abd013fab197000ae412e710d9d0f4eaa3c9,classified,Carpobrotus acinaciformis,Leaf Area,45,1,1,4,3,0,,domain_outlier;taxon_outlier,0,0,0,,,approve_none_grouped
9cc559f8d52017dd5e82361683eae755715d8747d216f890d823ea62e62e5fa9,classified,Carthamus lanatus,Leaf Area,13,1,4,0,3,0,,taxon_outlier,1,0,1,,97c906fe31a77ac5fee55e78eb7bc23e414574540ead697f130d1355cf189f82,approve_none_after_source_rule
34c65e31ae9e68958ad2ddc022a6091f76c8c7b7058b5a2bbf36b0faacfaf0a0,classified,Carum carvi,Leaf Area,14,1,1,0,2,0,,taxon_outlier,1,0,1,,3f0543786babf50f90453c5af328dd77ba325efbdbd416d4aadf3aea9a3c4ec6,approve_none_after_source_rule
7c5ce1e3716518244367f6842fddba257a89deae059b547ad8e7d359166787fc,classified,Carya alba,Leaf Area,84,2,4,80,7,0,,domain_outlier;taxon_outlier,1,0,1,,97c906fe31a77ac5fee55e78eb7bc23e414574540ead697f130d1355cf189f82,approve_none_after_source_rule
4e2fec1c2c5928c98e92fa05f4c44ff28962aa57099a4027bba47cfcb7a7da14,classified,Carya cordiformis,Leaf Area,19,2,2,18,2,0,,domain_outlier;taxon_outlier,1,0,1,,97c906fe31a77ac5fee55e78eb7bc23e414574540ead697f130d1355cf189f82,approve_none_after_source_rule
b99c805d074a83404c4e853ed4c989921cedc15740498afa125fa9cd76d31a80,classified,Carya glabra,Leaf Area,34,3,4,22,5,0,,domain_outlier;taxon_outlier,1,0,1,,97c906fe31a77ac5fee55e78eb7bc23e414574540ead697f130d1355cf189f82,approve_none_after_source_rule
2fc775f5f33c3c5d0385b9b0064e453291ad8e61fb04c57426551f88e8778092,classified,Carya ovata,Leaf Area,63,2,4,63,2,0,,domain_outlier;taxon_outlier,1,0,1,,97c906fe31a77ac5fee55e78eb7bc23e414574540ead697f130d1355cf189f82,approve_none_after_source_rule
d0fd6534c7981f1b42221cf186e6b96fde003e6e10742d037b67241f9dec835c,classified,Carya texana,Leaf Area,51,1,1,27,3,0,,domain_outlier;taxon_outlier,0,0,0,,,approve_none_grouped
65495e34e8ed215fa927bd898fd0d9714971d03f6579bbd0d284d52f2215bc64,classified,Cassiope tetragona,Leaf Area,41,2,8,0,2,0,,taxon_outlier,1,0,1,,97c906fe31a77ac5fee55e78eb7bc23e414574540ead697f130d1355cf189f82,approve_none_after_source_rule
4d118898d91da873aa39d08f95551ca9c7e8b15521d85717472069fe9b908718,classified,Castilleja integra,Leaf Area,11,1,2,0,2,0,,taxon_outlier,0,0,0,,,approve_none_grouped
3e77fdd7b90b0fa700697e5c2689ef7e4ff9b7bdf36c48ef749762a5456222a8,classified,Castilleja occidentalis,Leaf Area,11,1,2,0,2,0,,taxon_outlier,1,0,1,,8ddea77f82d884c1f128128e4ecd902453e642499cb52df3b28d00cf682288ab,approve_none_after_source_rule
dad484ab2aca5be7099d69028ccba09b82256dfc64fe794be49dc52035c5ca09,classified,Catalpa speciosa,Leaf Area,40,1,1,0,4,0,,taxon_outlier,0,0,0,,,approve_none_grouped
7bcb09a85359982fb7f1a0efad0301a072c1b18b16902582b45450d310f326c8,classified,Ceanothus fendleri,Leaf Area,21,1,3,0,1,0,,taxon_outlier,0,0,0,,,approve_none_grouped
6cb75b67ae69dff2abb505c7a45f6adc7b6c24576fbcdab7c288a118d28ff0f4,classified,Celtis iguanaea,Leaf Area,11,1,1,0,2,0,,taxon_outlier,0,0,0,,,approve_none_grouped
3d5b12e4982bef315eaaa4220b03801ed040a0d24d5f647b3c6f900e3e435e30,classified,Centaurea arenaria,Leaf Area,10,1,1,0,1,0,,taxon_outlier,0,0,0,,,approve_none_grouped
36372141ce77adb7a6680be77be78ca8d5ca6658b3d9438177397e20f697af31,classified,Centaurea diffusa,Leaf Area,10,1,1,0,1,0,,taxon_outlier,0,0,0,,,approve_none_grouped
f319ef2b4460d5f57e4bdc7596aed7b95882edfec710d81d432ce1ae04fcd4c6,classified,Centaurea jacea,Leaf Area,268,4,68,35,54,0,,domain_outlier;taxon_outlier,3,0,3,,3f0543786babf50f90453c5af328dd77ba325efbdbd416d4aadf3aea9a3c4ec6;97c906fe31a77ac5fee55e78eb7bc23e414574540ead697f130d1355cf189f82;e4504212b94c4e98f98f76ddea21e6c14b670b0c7aae7732d5367fd7d08e2017,approve_none_after_source_rule
23f65687563ff0c7eaa19d058eb591756cbc696239c431ce67b340b4f48dbb23,classified,Centaurea nigra,Leaf Area,11,2,3,0,1,0,,taxon_outlier,1,0,1,,97c906fe31a77ac5fee55e78eb7bc23e414574540ead697f130d1355cf189f82,approve_none_after_source_rule
f8e7f0d9a50005a90242d7f569f14144e98872a4cbfd88239ee03bdd2979046b,classified,Centaurea sadleriana,Leaf Area,15,2,2,13,1,0,,domain_outlier;taxon_outlier,0,0,0,,,approve_none_grouped
0ad364ef77ece0c1d4c80c331ed5d89f0d01e709e00a6021e6f11741a874bb5f,classified,Centaurea solstitialis,Leaf Area,15,1,2,5,1,0,,domain_outlier;taxon_outlier,0,0,0,,,approve_none_grouped
ad068332ee18030cb34ea848634a5959cca1127fa3285acf9de2bc82eebcde4b,classified,Centaurea sphaerocephala,Leaf Area,37,1,1,4,2,0,,domain_outlier;taxon_outlier,0,0,0,,,approve_none_grouped
80885c3f86f4c38f28401249afeb8f130ab2e0671ff645223e0f324bae459126,classified,Cephalaria transsylvanica,Leaf Area,10,1,1,0,1,0,,taxon_outlier,0,0,0,,,approve_none_grouped
7fed3eb300b6716adb3ed08a05a8d0fe0a1662e0ee0c57bde018f85bf9eb292c,classified,Cerastium brachypetalum,Leaf Area,10,1,1,0,2,0,,taxon_outlier,0,0,0,,,approve_none_grouped
c2ff052dfabf1a3ca989b10b3bf00cc2cc3d208d91c698880ca07187873786b5,classified,Cerastium holosteoides,Leaf Area,10,1,1,0,2,0,,taxon_outlier,0,0,0,,,approve_none_grouped
d79fd39623ef648ad27f17e06b46a22115f2c6c985cad225f5a1f3a0d15bd80b,classified,Cerastium latifolium,Leaf Area,10,1,1,0,2,0,,taxon_outlier,0,0,0,,,approve_none_grouped
8f6ddb90914ce900f8ca8bc9051db9c70e3d802b48c8bce20a0fd70cd118b289,classified,Cercis canadensis,Leaf Area,85,3,7,68,6,0,,domain_outlier;taxon_outlier,1,0,1,,97c906fe31a77ac5fee55e78eb7bc23e414574540ead697f130d1355cf189f82,approve_none_after_source_rule
82b27eda050fa45b28b778bac40bae30d3cd6c5602e70cf80e4c007e891be20a,classified,Chaenactis douglasii,Leaf Area,25,1,1,0,2,0,,taxon_outlier,0,0,0,,,approve_none_grouped
2d1b2a9b090fb60ae66e2363680caf24a765f5bdc3183b400014e97745f1c517,classified,Chaetopappa ericoides,Leaf Area,20,1,2,0,1,0,,taxon_outlier,0,0,0,,,approve_none_grouped
95d1fa87383e4c2f2586bc5f37c2cb33fd31bb04d159bd04e114d7cba3ee64ae,classified,Chamaecytisus austriacus,Leaf Area,10,1,1,0,1,0,,taxon_outlier,0,0,0,,,approve_none_grouped
f9e59fb394722ad6b429aed4ff4b888e42cc5327650599eb4581f06cdaf98984,classified,Chamaenerion angustifolium,Leaf Area,45,3,15,2,3,0,,domain_outlier;taxon_outlier,2,0,2,,8ddea77f82d884c1f128128e4ecd902453e642499cb52df3b28d00cf682288ab;97c906fe31a77ac5fee55e78eb7bc23e414574540ead697f130d1355cf189f82,approve_none_after_source_rule
c262e4bed867dfc9897b3b125eb259eb3da50af331c81bab48a291d0f11ae574,classified,Chelidonium majus,Leaf Area,10,1,1,10,2,0,,domain_outlier;taxon_outlier,0,0,0,,,approve_none_grouped
7cdb570bcbc860ef93e4900de2e14592bab4e33b7d4977f97be5b886004c2f00,classified,Chenopodium fremontii,Leaf Area,21,1,2,0,3,0,,taxon_outlier,0,0,0,,,approve_none_grouped
3599e86f63e9fd091b0d2d0a927690d2f9b4d0ac4834e5c2afc0d1c38f38678d,classified,Chenopodium vulvaria,Leaf Area,21,2,3,0,1,0,,taxon_outlier,0,0,0,,,approve_none_grouped
1c2cd47cc0ed1d9bde0f0de8cb56195b13b7c02cee7adbc644ef7197acee0343,classified,Chilopsis linearis,Leaf Area,28,2,2,0,3,0,,taxon_outlier,1,0,1,,97c906fe31a77ac5fee55e78eb7bc23e414574540ead697f130d1355cf189f82,approve_none_after_source_rule
82a7fa5c24b43007240acef4f20b703dd486d09577ec81d36c0321886b51549d,classified,Chionophila jamesii,Leaf Area,11,1,2,0,4,0,,taxon_outlier,1,0,1,,8ddea77f82d884c1f128128e4ecd902453e642499cb52df3b28d00cf682288ab,approve_none_after_source_rule
d9c73f58d0c07e2a919d2e0e783ae6c73d676c8aef445decfb5edd5f149252e3,classified,Cicerbita alpina,Leaf Area,15,1,1,15,1,0,,domain_outlier;taxon_outlier,0,0,0,,,approve_none_grouped
9b17f9bd307199be8928e82004dc24c2a26e9a1624ef4390593c2f84c776339d,classified,Circaea alpina,Leaf Area,12,2,5,0,1,0,,taxon_outlier,0,0,0,,,approve_none_grouped
2ce2565f1a5373ef9b26f1123a6c97863825c049be7e7a6577a08adf1a3679fb,classified,Circaea lutetiana,Leaf Area,28,1,3,0,1,0,,taxon_outlier,0,0,0,,,approve_none_grouped
b0444967267d4827a0a5d1acdf7298a25cbd8f965f1f8e1125667dfe9d5e7205,classified,Cirsium arvense,Leaf Area,83,3,24,5,5,0,,domain_outlier;taxon_outlier,1,0,1,,97c906fe31a77ac5fee55e78eb7bc23e414574540ead697f130d1355cf189f82,approve_none_after_source_rule
a626b446d5969da827ca23b3b2b4510898cd1fb100ab8ea1f6a5025a55cd9773,classified,Cirsium brachycephalum,Leaf Area,25,2,4,18,3,0,,domain_outlier;taxon_outlier,0,0,0,,,approve_none_grouped
670c8b56abd239c29024a6f81fc65228c7ece28731b54f2d843a1ef1d3209711,classified,Cirsium wheeleri,Leaf Area,21,1,2,0,3,0,,taxon_outlier,0,0,0,,,approve_none_grouped
9b9f293b5c7168dc2dfe581176600da29a4a6bec9bfb206c383fd36e755b5c5f,classified,Cistus albidus,Leaf Area,85,3,13,0,4,0,,taxon_outlier,1,0,1,,97c906fe31a77ac5fee55e78eb7bc23e414574540ead697f130d1355cf189f82,approve_none_after_source_rule
0f173bb079ae5f72c1afbcb8183874df76dd6c6997040f5a08ef730428528f74,classified,Cistus clusii,Leaf Area,15,2,6,0,3,0,,taxon_outlier,1,0,1,,97c906fe31a77ac5fee55e78eb7bc23e414574540ead697f130d1355cf189f82,approve_none_after_source_rule
50734be7209b7016268b8641265501202191d8bc06685ca48359a8f2983855d9,classified,Cistus creticus,Leaf Area,172,3,37,0,27,0,,taxon_outlier,0,0,0,,,approve_none_grouped
aeb0ee5ff18017da0c0a7ae667ca0a8f2542e5ebc1d6b46423f41836fdf86120,classified,Cistus monspeliensis,Leaf Area,125,3,8,0,6,0,,taxon_outlier,1,0,1,,97c906fe31a77ac5fee55e78eb7bc23e414574540ead697f130d1355cf189f82,approve_none_after_source_rule
12275be5d06bae64f159bcc25688ada2b9417769910286931ad5ee6e6447cae1,classified,Cistus salviifolius,Leaf Area,182,4,30,0,14,0,,taxon_outlier,1,0,1,,97c906fe31a77ac5fee55e78eb7bc23e414574540ead697f130d1355cf189f82,approve_none_after_source_rule
5084466cb2ed6c537247159a8daf8716ffe59c956e101294d6fda982376712d2,classified,Claytonia perfoliata,Leaf Area,10,1,1,0,1,0,,taxon_outlier,0,0,0,,,approve_none_grouped
8e1a9785d2cfe05d97ede9b5fb80e2862e671ee0eea636e786409a659f99e988,classified,Clematis alpina,Leaf Area,10,1,2,10,1,0,,domain_outlier;taxon_outlier,0,0,0,,,approve_none_grouped
52dd70d6af358c5d1b2a2d0a3fac6a51dfb972a381b0177cb7f282882be7e834,classified,Clematis recta,Leaf Area,11,2,2,11,2,0,,domain_outlier;taxon_outlier,0,0,0,,,approve_none_grouped
56ff2b44fc177033f92feb2c98c68df45a0f3d5d578fc408726c2f0ed6e077b6,classified,Clematis tangutica,Leaf Area,15,1,1,0,1,0,,taxon_outlier,0,0,0,,,approve_none_grouped
fb94b1d017d6718be18de0f5b0a06d3f8ea73eeba4c7b9d1eda43ed80fef7ca2,classified,Clematis vitalba,Leaf Area,20,1,2,20,2,0,,domain_outlier;taxon_outlier,0,0,0,,,approve_none_grouped
43e23b8c6973faddcf041b6b5956b5e276d9d0525f3537b8c9b80685711b34f1,classified,Cleomella arborea,Leaf Area,11,1,1,0,2,0,,taxon_outlier,0,0,0,,,approve_none_grouped
ce9e0da33d5587b32ba52cee380bd21f2ce66bb7cff703a765db21a221fb6e87,classified,Clinopodium alpinum,Leaf Area,20,1,2,0,6,0,,taxon_outlier,0,0,0,,,approve_none_grouped
743ee7b5ffb6103594fd2bef07e2f217e968598daf58700af7d211d6608d8f38,classified,Clintonia borealis,Leaf Area,10,1,7,0,2,0,,taxon_outlier,0,0,0,,,approve_none_grouped
69e00ace8f0bef7fa77ae6f6b2d6fa735af4df872bfe2e1171fbfcb78f436244,classified,Coleataenia anceps,Leaf Area,46,1,12,0,2,0,,taxon_outlier,0,0,0,,,approve_none_grouped
4948f67e310d8c85b8b56f11ad8d6570955f28e666f998fa7061ff21cf7063c7,classified,Coleogyne ramosissima,Leaf Area,11,1,1,0,1,0,,taxon_outlier,0,0,0,,,approve_none_grouped
5a552da83e7f36678ae7f29d16e488d2613a756ff46ab102d85d5a04d1336cc3,classified,Cologania angustifolia,Leaf Area,20,1,2,0,3,0,,taxon_outlier,0,0,0,,,approve_none_grouped
d707346707fba4fc9dabbaf2284501e316147c25630d2da68bc659db6ae14769,classified,Comandra umbellata,Leaf Area,12,2,3,0,3,0,,taxon_outlier,1,0,1,,97c906fe31a77ac5fee55e78eb7bc23e414574540ead697f130d1355cf189f82,approve_none_after_source_rule
a218637df9d308a6a6e11b6d0e1684f5f0cbc0e8d8acfab7077e98cd4b397bff,classified,Commelina erecta,Leaf Area,20,1,1,0,2,0,,taxon_outlier,0,0,0,,,approve_none_grouped
d07eb65435b2124c44953685550630051835ae9b9f90c092c92156f6d5f5df1b,classified,Condalia ericoides,Leaf Area,11,1,1,0,4,0,,taxon_outlier,0,0,0,,,approve_none_grouped
6bec898942f11373fefbec802953b09dbc615a2f6d88ab3119522f57bddc0f6b,classified,Convolvulus arvensis,Leaf Area,70,4,11,0,8,0,,taxon_outlier,0,0,0,,,approve_none_grouped
86b3f69fcdfd8efae8d218896ba44e090939b87a0d06892974a323a918c951cb,classified,Coptis trifolia,Leaf Area,10,1,3,0,1,0,,taxon_outlier,0,0,0,,,approve_none_grouped
3a4053bdadb86d48663319ac8b54017601373ad6fa018189d2266f8a8b31401b,classified,Coreopsis tinctoria,Leaf Area,21,1,2,0,1,0,,taxon_outlier,0,0,0,,,approve_none_grouped
c1d6b9e807c1972a2d73547809dfa43b0830f965ac01da50803e6a24180abdfd,classified,Cormus domestica,Leaf Area,62,2,2,14,10,0,,domain_outlier;taxon_outlier,0,0,0,,,approve_none_grouped
9452e8f9619b9f056f1882a94ceae0acf85ea7f1d83a7fbf51de3978e3c125c0,classified,Cornus canadensis,Leaf Area,26,2,8,0,3,0,,taxon_outlier,0,0,0,,,approve_none_grouped
9f1fef456da62b155b1e62c9e65d6c10a7858db7e03b718ce5c6ec064de7a6f1,classified,Cornus florida,Leaf Area,234,3,14,179,59,0,,domain_outlier;taxon_outlier,1,0,1,,97c906fe31a77ac5fee55e78eb7bc23e414574540ead697f130d1355cf189f82,approve_none_after_source_rule
142f55a3813d3614940c661fcde6a0e97adf6d4220cc335417b0071618b996af,classified,Cornus racemosa,Leaf Area,51,2,6,0,5,0,,taxon_outlier,1,0,1,,97c906fe31a77ac5fee55e78eb7bc23e414574540ead697f130d1355cf189f82,approve_none_after_source_rule
315c31522d7a247b251879ed2302667cb6d653f467e7200bed9d3310213f95e8,classified,Cornus suecica,Leaf Area,19,3,4,0,5,0,,taxon_outlier,1,0,1,,97c906fe31a77ac5fee55e78eb7bc23e414574540ead697f130d1355cf189f82,approve_none_after_source_rule
114b723119f817b3812ce18b6e41aa2fc38bb2bf760ebfb78f48c65d397d695e,classified,Corylus americana,Leaf Area,23,2,5,1,4,0,,domain_outlier;taxon_outlier,1,0,1,,97c906fe31a77ac5fee55e78eb7bc23e414574540ead697f130d1355cf189f82,approve_none_after_source_rule
b8622987117fc72d7a7c95377850fc18d224f5704a96b22d46f3e65de8faec33,classified,Cotinus coggygria,Leaf Area,10,1,1,0,1,0,,taxon_outlier,0,0,0,,,approve_none_grouped
900e8bfffc73c789554d1392e160d68ffb9d2351d4420296f273cec3ea14c0ba,classified,Cotoneaster franchetii,Leaf Area,15,1,1,0,2,0,,taxon_outlier,0,0,0,,,approve_none_grouped
120b24797575769e74e615d9e82e1174223030261bfd5cb95e6d398dcfc12021,classified,Crataegus laciniata,Leaf Area,30,1,1,0,3,0,,taxon_outlier,0,0,0,,,approve_none_grouped
68ba454562325b5a3c2b6930c931ab81ddb7752e01b2a0be6d6b92f360bb57a5,classified,Crataegus monogyna,Leaf Area,109,4,16,0,14,0,,taxon_outlier,1,0,1,,97c906fe31a77ac5fee55e78eb7bc23e414574540ead697f130d1355cf189f82,approve_none_after_source_rule
7aa0fbd20c3a06e8acf1e0f3a526f43a437d381c6189151ec85f7ac0911657f6,classified,Crepis aurea,Leaf Area,34,1,4,0,7,0,,taxon_outlier,1,0,1,,3f0543786babf50f90453c5af328dd77ba325efbdbd416d4aadf3aea9a3c4ec6,approve_none_after_source_rule
202b0bc5f1adbceaf46e9f25d7e6440862960207c28c90490e10608c889f904d,classified,Crepis capillaris,Leaf Area,36,2,2,0,5,0,,taxon_outlier,0,0,0,,,approve_none_grouped
e09a195f3b654e726452bdc84fbee4d954da2ec9cfcd7e775c6119059574296b,classified,Crepis tectorum,Leaf Area,11,1,2,0,1,0,,taxon_outlier,0,0,0,,,approve_none_grouped
87095810be6e63f2b9836327398eab0bfa1dda0c88011ebc2b0afeb7d3f01884,classified,Crepis vesicaria,Leaf Area,30,3,7,0,3,0,,taxon_outlier,1,0,1,,97c906fe31a77ac5fee55e78eb7bc23e414574540ead697f130d1355cf189f82,approve_none_after_source_rule
7129d23828731e04d8886e4c2da360d2f5afa27adb9eaf554d90778df82f553b,classified,Crucianella maritima,Leaf Area,67,1,2,0,8,0,,taxon_outlier,0,0,0,,,approve_none_grouped
91d961732138db74276b5b51119c57a82363db367099b8d31ecabfdff1e9f3fc,classified,Cruciata glabra,Leaf Area,50,1,5,0,3,0,,taxon_outlier,0,0,0,,,approve_none_grouped
e252b0aa8b34e4611e2f562028d91afdce346ed3a5fc30018344fc5644202736,classified,Crupina vulgaris,Leaf Area,15,1,2,0,3,0,,taxon_outlier,0,0,0,,,approve_none_grouped
a00e303186fb09ead9286c30ef51d962074d379c6c5cc8f03b4e1b8aa05d90d6,classified,Cryptomeria japonica,Leaf Area,35,2,2,0,6,0,,taxon_outlier,0,0,0,,,approve_none_grouped
ba3e27b32f76372b86898da5550adb848b98b2421b6c91715ef74bcea3221aac,classified,Cunninghamia lanceolata,Leaf Area,13,1,1,0,1,0,,taxon_outlier,0,0,0,,,approve_none_grouped
d295e1d7f8fca1ab30f194566fc3f5d79bcc62cc2f5088fdadc7ba388e6659d1,classified,Cutandia maritima,Leaf Area,21,1,2,0,3,0,,taxon_outlier,0,0,0,,,approve_none_grouped
2bc8396700e3666fdddabedf7f3fb4f4ecbd6c4339c53ab86a6c74ccef6c20eb,classified,Cyclospermum leptophyllum,Leaf Area,20,1,1,0,1,0,,taxon_outlier,0,0,0,,,approve_none_grouped
305f60a4341b2fbbcbe42d02c310469bc30e2736215b1af2caba28aa64bd8309,classified,Cymopterus lemmonii,Leaf Area,63,2,6,0,16,0,,taxon_outlier,1,0,1,,8ddea77f82d884c1f128128e4ecd902453e642499cb52df3b28d00cf682288ab,approve_none_after_source_rule
6b713330e74f55fe063b9b4394985ce97e4f50b0eaeb08fdd5c8356e182079c8,classified,Cynanchica pyrenaica,Leaf Area,21,3,3,0,1,0,,taxon_outlier,0,0,0,,,approve_none_grouped
945a72cbb05079659daef2f1a8fc2b184617822715d8f97bd714c432eaea99c5,classified,Cynodon dactylon,Leaf Area,13,1,3,0,1,0,,taxon_outlier,0,0,0,,,approve_none_grouped
d60ae0237ed308e953f9d2964d45e7a27eb5ce2f610af12f11ab416600c0948b,classified,Cynosurus cristatus,Leaf Area,69,1,45,39,7,0,,domain_outlier;taxon_outlier,1,0,1,,e4504212b94c4e98f98f76ddea21e6c14b670b0c7aae7732d5367fd7d08e2017,approve_none_after_source_rule
19c6084a513d10a8b0b01fe3ecb8173836362e7162a2bc5f30c405ec6ecaf4c5,classified,Cyperus capitatus,Leaf Area,97,1,1,0,5,0,,taxon_outlier,0,0,0,,,approve_none_grouped
04d859fe6ba6ec82ff66bea211320f821094ca85249c8ead09d34cbd03d8d763,classified,Cytisus scoparius,Leaf Area,30,1,1,0,3,0,,taxon_outlier,0,0,0,,,approve_none_grouped
b26618494e568bd65817b42ad695d961223b674c2fcda3083c190d13b4bc612b,classified,Cytisus villosus,Leaf Area,15,2,2,0,1,0,,taxon_outlier,0,0,0,,,approve_none_grouped
e3d210313e46e11134db73a2e94c1768a20acd303c357982b3bca16b3b12de31,classified,Dactylis glomerata,Leaf Area,394,5,96,43,66,0,,domain_outlier;taxon_outlier,2,0,2,,97c906fe31a77ac5fee55e78eb7bc23e414574540ead697f130d1355cf189f82;e4504212b94c4e98f98f76ddea21e6c14b670b0c7aae7732d5367fd7d08e2017,approve_none_after_source_rule
508525bb4fb4856f12ec452470f59b9a4d72e43c68cba414c1c9040a56e35b81,classified,Dactylorhiza incarnata,Leaf Area,10,1,2,8,2,0,,domain_outlier;taxon_outlier,0,0,0,,,approve_none_grouped
f6ae0decf5bc49649449f51d89238f2b9247fce9b47b77a347eefc4458cab093,classified,Dactylorhiza sambucina,Leaf Area,11,2,3,0,1,0,,taxon_outlier,0,0,0,,,approve_none_grouped
14b27e9b05e78ad671fc2dcdd0100d848d9d4002860c3bbffbc2f4eafff7e8b0,classified,Dalea formosa,Leaf Area,11,1,1,0,1,0,,taxon_outlier,0,0,0,,,approve_none_grouped
5d8f72c9bd482e16691fd5d318f006b4a93effe3f10ed9add2d6c2bfd5bb8f82,classified,Dalea polygonoides,Leaf Area,10,1,1,0,1,0,,taxon_outlier,0,0,0,,,approve_none_grouped
3fa7798adbaac464b33f1e8fa065a355ac0ed88868ef26188cdd68806593d487,classified,Daphne gnidium,Leaf Area,40,2,5,4,5,0,,domain_outlier;taxon_outlier,0,0,0,,,approve_none_grouped
c3ec62635ed91b8c5b711375a8884c80a10767a36fe8a0c36d088c56f812af5f,classified,Daphne laureola,Leaf Area,214,3,20,0,34,0,,taxon_outlier,0,0,0,,,approve_none_grouped
22c1d9ba2a956a94d3c0537005c539860564a2c0243adaf57632fecdf76d7ede,classified,Daucus carota,Leaf Area,206,4,26,7,19,0,,domain_outlier;taxon_outlier,0,0,0,,,approve_none_grouped
b42239bef238afd52c73ed7d21822ca0061cd174d041e2bf1a90d967a96b0c63,classified,Deschampsia cespitosa,Leaf Area,78,3,16,1,6,0,,domain_outlier;taxon_outlier,2,0,2,,8ddea77f82d884c1f128128e4ecd902453e642499cb52df3b28d00cf682288ab;97c906fe31a77ac5fee55e78eb7bc23e414574540ead697f130d1355cf189f82,approve_none_after_source_rule
789896bc046ff6cc7c2edd30a20a92d14e1fdebf7df9a38cb23f8e777a148da7,classified,Descurainia sophia,Leaf Area,10,1,1,0,2,0,,taxon_outlier,0,0,0,,,approve_none_grouped
fcbea67e6d7cc88e1bec2bcee5ed6ad0a16d23202af04018e55fbbb254dbc526,classified,Desmodium obtusum,Leaf Area,10,1,2,0,2,0,,taxon_outlier,0,0,0,,,approve_none_grouped
d3a8e98360d17e49a6cd4f390346bbff6b08c75e2398c413f40d5e30726ca6b2,classified,Deutzia discolor,Leaf Area,15,1,1,0,4,0,,taxon_outlier,0,0,0,,,approve_none_grouped
026844ba13bfca9dd84d51b1d6c4849f53dfdc7014d17ce2845b8ff3ff8adc9a,classified,Deutzia scabra,Leaf Area,16,2,2,0,1,0,,taxon_outlier,0,0,0,,,approve_none_grouped
32b8a0876cc386343b4bf3abd48d3fdc8a0e868d7af82d430aa66161cee043e5,classified,Dianthus serotinus,Leaf Area,15,2,2,0,2,0,,taxon_outlier,0,0,0,,,approve_none_grouped
a0a080e467451c2b473d7f58b0cc9a0bfe46ab7603ff3f86afb5973b7481776a,classified,Dichanthelium clandestinum,Leaf Area,10,1,2,0,2,0,,taxon_outlier,0,0,0,,,approve_none_grouped
d8d4cddb60952fc9b38ce8e7ab667cfa0152b5f81b67a1d8ed438e8cff10ad4e,classified,Dichanthelium oligosanthes,Leaf Area,52,1,2,0,2,0,,taxon_outlier,0,0,0,,,approve_none_grouped
229b324e7cd07f5b1ebeff97f4786be720ec62c79f0c2b2adb5d110420926950,classified,Dichodon cerastoides,Leaf Area,30,1,1,0,1,0,,taxon_outlier,0,0,0,,,approve_none_grouped
5fe8412c9f55b9ff2420b93cc40f76207bad97fbabd42e5e247ad542f92e3a0f,classified,Dichodon viscidum,Leaf Area,10,1,1,0,1,0,,taxon_outlier,0,0,0,,,approve_none_grouped
1f1eda4c2ae4d37f3d22ecc288c70ca3cf5cc8e166972c94c669e7f57189048e,classified,Dieteria canescens,Leaf Area,20,1,2,0,1,0,,taxon_outlier,0,0,0,,,approve_none_grouped
6980062cf2946de153bac70a256abbe80d6e0f5d4197ebc88cc8f65c21f6bcdc,classified,Digitaria sanguinalis,Leaf Area,10,1,1,0,1,0,,taxon_outlier,0,0,0,,,approve_none_grouped
165c834f6d93b362b5cadc04af3c1c23320b4f20caaf69c9d45f1ce59acdb148,classified,Diospyros virginiana,Leaf Area,55,2,2,53,3,0,,domain_outlier;taxon_outlier,1,0,1,,97c906fe31a77ac5fee55e78eb7bc23e414574540ead697f130d1355cf189f82,approve_none_after_source_rule
cced99cd50109712d6dcb02605f5083e40bc672386d83a7415ecabedfda7a82d,classified,Diplacus aurantiacus,Leaf Area,69,2,2,0,4,0,,taxon_outlier,1,0,1,,97c906fe31a77ac5fee55e78eb7bc23e414574540ead697f130d1355cf189f82,approve_none_after_source_rule
593255a89b50e25c6c4b0d024ec65e96a0189118921c2422f4bf0c1c6001f186,classified,Dodecatheon pulchellum,Leaf Area,21,1,2,0,3,0,,taxon_outlier,1,0,1,,8ddea77f82d884c1f128128e4ecd902453e642499cb52df3b28d00cf682288ab,approve_none_after_source_rule
cbd5af4aa7a7d49837af70a6bcb0688d1e36c799a6e27ba12ec0b79e9989f7e7,classified,Doronicum glaciale,Leaf Area,18,1,3,0,4,0,,taxon_outlier,1,0,1,,3f0543786babf50f90453c5af328dd77ba325efbdbd416d4aadf3aea9a3c4ec6,approve_none_after_source_rule
cd54932bdb8e73b64a68b670e905494a762533dc5bd84bf41b785ce316dd77b8,classified,Echinophora spinosa,Leaf Area,46,1,2,20,1,0,,domain_outlier;taxon_outlier,0,0,0,,,approve_none_grouped
34dfb0faaa04ac525f7ddcec1813233c50748381f1abb60882452890502a69fa,classified,Echinops ritro,Leaf Area,13,2,4,7,2,0,,domain_outlier;taxon_outlier,1,0,1,,97c906fe31a77ac5fee55e78eb7bc23e414574540ead697f130d1355cf189f82,approve_none_after_source_rule
928fbec41a4e1fcc3128f83f9708f5b901401a27f5654382f5534152021a42c9,classified,Echium plantagineum,Leaf Area,210,2,2,0,12,0,,taxon_outlier,0,0,0,,,approve_none_grouped
9209cebd7cba7f7649dc85311bedfa56f44fb6ea40b856a681270870d39bf749,classified,Eleocharis palustris,Leaf Area,28,1,9,0,1,0,,taxon_outlier,0,0,0,,,approve_none_grouped
a93ef08d52320b43370ee8384b61c1d33847fc394bf6d0c0600763735154c465,classified,Elymus lanceolatus,Leaf Area,26,2,2,0,1,0,,taxon_outlier,0,0,0,,,approve_none_grouped
d8ee52a43800d8d834e8c01950c68a4cc402a1fa94f3eaa0c0a29dc46eb0df1c,classified,Elymus repens,Leaf Area,13,3,4,0,1,0,,taxon_outlier,1,0,1,,97c906fe31a77ac5fee55e78eb7bc23e414574540ead697f130d1355cf189f82,approve_none_after_source_rule
a9f6390f7cc21bebb9f36a6e71089b8f6fc2252bd5ceb488130764b85498b66f,classified,Elymus riparius,Leaf Area,24,1,1,0,3,0,,taxon_outlier,0,0,0,,,approve_none_grouped
fa826be6237af1f3db69daf2f6391d13813de1441224a24cfceb689da89105ea,classified,Elymus smithii,Leaf Area,33,3,5,0,4,0,,taxon_outlier,0,0,0,,,approve_none_grouped
10552748e51943f93641d2ac78db8bc7ed503e5d4ef8799785d294300f179450,classified,Elymus violaceus,Leaf Area,12,2,2,0,3,0,,taxon_outlier,0,0,0,,,approve_none_grouped
f0f66294be69a27406589ab0c5a11883189124bd4253ed3b1f2bd0c5bba61587,classified,Empetrum nigrum,Leaf Area,221,3,98,0,31,0,,taxon_outlier,1,0,1,,97c906fe31a77ac5fee55e78eb7bc23e414574540ead697f130d1355cf189f82,approve_none_after_source_rule
3c4aa0f7f523f5ef047ae4d4fe7b297db697671bb5428e926624634da10087d7,classified,Encelia actoni,Leaf Area,11,1,1,0,1,0,,taxon_outlier,0,0,0,,,approve_none_grouped
62bd6742099b74be148599ade12e4165140bbdadb0202c593638c86879fe9121,classified,Encelia farinosa,Leaf Area,42,3,3,0,4,0,,taxon_outlier,1,0,1,,97c906fe31a77ac5fee55e78eb7bc23e414574540ead697f130d1355cf189f82,approve_none_after_source_rule
a20bfd285e6c43966c528b8dad54a406d645ca9ead52360ce4b259f6a0a25db2,classified,Epilobium alsinifolium,Leaf Area,10,1,1,0,3,0,,taxon_outlier,0,0,0,,,approve_none_grouped
b10431e1813eda3ad877b3a7c30768f8c15b9e79eceb98773bff257a79abe8c7,classified,Epilobium hirsutum,Leaf Area,13,2,10,2,3,0,,domain_outlier;taxon_outlier,1,0,1,,97c906fe31a77ac5fee55e78eb7bc23e414574540ead697f130d1355cf189f82,approve_none_after_source_rule
97a8be5121cccf21d56408c2bab1790df7b93ff4d88ad94ffb75f9d0c3dd9572,classified,Epipactis helleborine,Leaf Area,108,3,14,46,11,0,,domain_outlier;taxon_outlier,1,0,1,,97c906fe31a77ac5fee55e78eb7bc23e414574540ead697f130d1355cf189f82,approve_none_after_source_rule
d605eef5a66d35c4126ace5ae1cdbfd2591c0d7fe81e4fb38349112b6f20e902,classified,Equisetum arvense,Leaf Area,19,2,5,0,1,0,,taxon_outlier,0,0,0,,,approve_none_grouped
4eaa6212dc7368387746a420ea7004a5c96af5bcf95802efe2fee2008eed0917,classified,Equisetum hyemale,Leaf Area,16,1,1,0,5,0,,taxon_outlier,0,0,0,,,approve_none_grouped
b02ba9e364adf8951b8f18177ed1e9358b5b20756eddb98a9b5e5b7e6e786cdd,classified,Equisetum pratense,Leaf Area,15,1,1,0,2,0,,taxon_outlier,0,0,0,,,approve_none_grouped
586043e987234ca05fc5d4e187e7dc9963078ffdae7070f960b78dd71383de3c,classified,Equisetum ramosissimum,Leaf Area,10,1,1,0,2,0,,taxon_outlier,0,0,0,,,approve_none_grouped
c7d80c741d7ba3f87731dc3c6e23f94e459890044fddf163a025e8db2ac4d5db,classified,Equisetum scirpoides,Leaf Area,12,1,1,0,1,0,,taxon_outlier,0,0,0,,,approve_none_grouped
88df249bb3973269d7964b33a89513e691276af61facf2426b7d5a1730788cc4,classified,Equisetum variegatum,Leaf Area,12,1,1,0,2,0,,taxon_outlier,0,0,0,,,approve_none_grouped
b6597ed04fe4db266966df1dda3c4d65230f17c03ade07ce72afd29ba1ae89b5,classified,Eragrostis mexicana,Leaf Area,10,1,1,0,1,0,,taxon_outlier,0,0,0,,,approve_none_grouped
8fb56e58c8ef9d31c7eb6472b13adfe280a910ff741c6c6120aabb252ed27563,classified,Eragrostis spectabilis,Leaf Area,12,1,1,0,2,0,,taxon_outlier,0,0,0,,,approve_none_grouped
e07b2c6500bae24714d170a0962c3224e322eb1c0856fcc394bdd8bee0654644,classified,Eremogone congesta,Leaf Area,25,1,1,0,6,0,,taxon_outlier,0,0,0,,,approve_none_grouped
7fcbd7771d5d07c1db1c4bbb724554f9b1b38dca99013b3a34a146999ec6c6a6,classified,Eremogone fendleri,Leaf Area,54,2,5,0,3,0,,taxon_outlier,1,0,1,,8ddea77f82d884c1f128128e4ecd902453e642499cb52df3b28d00cf682288ab,approve_none_after_source_rule
11a02e63af9ebf98e514051f3a72289a42373265ced7d3c7500b840d5afb6798,classified,Erica arborea,Leaf Area,106,2,6,0,13,0,,taxon_outlier,0,0,0,,,approve_none_grouped
4ba487d484b215942779d77cee04a0ac76ff6d158e5262d15d1c37a14dc83829,classified,Erica scoparia,Leaf Area,52,2,5,0,5,0,,taxon_outlier,1,0,1,,97c906fe31a77ac5fee55e78eb7bc23e414574540ead697f130d1355cf189f82,approve_none_after_source_rule
0374ef36c8709676c5051ac7c331a0e024b76471e9d5cff7f49b6f963410df0e,classified,Ericameria cuneata,Leaf Area,11,1,1,0,3,0,,taxon_outlier,0,0,0,,,approve_none_grouped
f9d97be87c0cbf9eab6792b2e1fbf64e0917fdeff6b6b6021b37bb397b9ceab5,classified,Ericameria ericoides,Leaf Area,133,1,1,0,9,0,,taxon_outlier,0,0,0,,,approve_none_grouped
87e9a1387ce3a31ebd30d4463fda35a3600ef55196316745e7960212687102b9,classified,Erigeron alpinus,Leaf Area,10,1,1,0,3,0,,taxon_outlier,0,0,0,,,approve_none_grouped
30b86b3ba43fcd51a5383eb8ed0ec90e375c10247f82b51ef701c6eac69d10b8,classified,Erigeron andicola,Leaf Area,16,1,2,0,1,0,,taxon_outlier,1,0,1,,3f0543786babf50f90453c5af328dd77ba325efbdbd416d4aadf3aea9a3c4ec6,approve_none_after_source_rule
06ee5f5075444b29b6ac136f3ca9e83ef4b4ff1f020ce16273eb9a6e0a84d521,classified,Erigeron canadensis,Leaf Area,26,2,2,0,1,0,,taxon_outlier,0,0,0,,,approve_none_grouped
96e8deb2261e29fa823bb9cfb97f60fa39fc3e2762b5cb6bbb9620217784548d,classified,Erigeron flagellaris,Leaf Area,22,1,2,0,2,0,,taxon_outlier,0,0,0,,,approve_none_grouped
f77dc288576301997e92e908e5e7f986da27d81f27d662fc969167a089bb7523,classified,Erigeron grandiflorus,Leaf Area,30,1,2,0,4,0,,taxon_outlier,1,0,1,,8ddea77f82d884c1f128128e4ecd902453e642499cb52df3b28d00cf682288ab,approve_none_after_source_rule
0957c09db5072b7c5e8e05164a6ac3fbeadfb16b34c97be637cebb50cec68191,classified,Erigeron karvinskianus,Leaf Area,10,1,1,0,1,0,,taxon_outlier,0,0,0,,,approve_none_grouped
01c1dece476e80a6fcdacdd727d4ab23aabff8a35e1aa0ee310ee2a08ab12e30,classified,Erigeron melanocephalus,Leaf Area,11,1,2,0,1,0,,taxon_outlier,1,0,1,,8ddea77f82d884c1f128128e4ecd902453e642499cb52df3b28d00cf682288ab,approve_none_after_source_rule
a44c20d6b6edc4dddf7b5e454471bd7a00c704f776c9561e337d047cf0465811,classified,Erigeron pumilus,Leaf Area,10,1,1,0,1,0,,taxon_outlier,0,0,0,,,approve_none_grouped
92d138a12430ebd043ace056b69cd75d75ab8f170b482ef086a4ed76cdb2dfa4,classified,Erigeron rufescens,Leaf Area,52,3,3,0,4,0,,taxon_outlier,1,0,1,,97c906fe31a77ac5fee55e78eb7bc23e414574540ead697f130d1355cf189f82,approve_none_after_source_rule
456ac8deafe8ea9f0282e3c1f752e773163d1b791df2987c8ac36ae99521f946,classified,Erigeron speciosus,Leaf Area,20,1,1,0,1,0,,taxon_outlier,0,0,0,,,approve_none_grouped
01cb4a8d26244a5a6057de6f7c95301c301ecc661d7a586ff34285ea8a57ab66,classified,Erigeron strigosus,Leaf Area,29,2,3,0,2,0,,taxon_outlier,1,0,1,,97c906fe31a77ac5fee55e78eb7bc23e414574540ead697f130d1355cf189f82,approve_none_after_source_rule
84588cf4d8cc6a93aff882c4b3395f4c3bb140150e64a6c15c1d3132d36bab6c,classified,Erigeron uniflorus,Leaf Area,22,1,2,0,3,0,,taxon_outlier,0,0,0,,,approve_none_grouped
4fac92eefc26d8b3385c1d2404081105c9745002ccc1801711a28f220f3b9f56,classified,Eriocoma lettermanii,Leaf Area,24,1,1,0,4,0,,taxon_outlier,0,0,0,,,approve_none_grouped
5c4b639cd017bc35a688bff9cce3918598d0a948025cc03cbb0c905cf051f4ca,classified,Eriogonum arcuatum,Leaf Area,11,1,2,0,3,0,,taxon_outlier,1,0,1,,8ddea77f82d884c1f128128e4ecd902453e642499cb52df3b28d00cf682288ab,approve_none_after_source_rule
688b78fbe356e414d979f7288e02339e04295b1abff00fd6df1b6969d550e781,classified,Eriogonum fasciculatum,Leaf Area,11,1,1,0,2,0,,taxon_outlier,0,0,0,,,approve_none_grouped
5eb0bc857767baf6b0619dbbc2af867e961c08f2e1f89b35b0789979c4cc668f,classified,Eriogonum pharnaceoides,Leaf Area,12,1,2,0,1,0,,taxon_outlier,0,0,0,,,approve_none_grouped
211f886fa73c127a7648f4138da88bd973cae360575ef4401245132339a918fe,classified,Eriogonum plumatella,Leaf Area,11,1,1,0,2,0,,taxon_outlier,0,0,0,,,approve_none_grouped
62b0091580babf0401a76992cb7f348b8217272bf650346fae9ad391035ac0e0,classified,Eriogonum racemosum,Leaf Area,21,1,3,0,2,0,,taxon_outlier,0,0,0,,,approve_none_grouped
75f1317bdcd965ce1c6f1a6f4a960f1f44afe641b29afe8ad27920a7ad81a98c,classified,Eriogonum umbellatum,Leaf Area,25,1,1,0,1,0,,taxon_outlier,0,0,0,,,approve_none_grouped
76ac8ccb7f75c960dc1f5c8afe79561a5dd618b1f8721d39752d4760a2f7d838,classified,Eriogonum wrightii,Leaf Area,11,1,1,0,1,0,,taxon_outlier,0,0,0,,,approve_none_grouped
caf6ce8247dd0daa213cfea55884f212f7ebed34dc46c151c5532e2caf00e393,classified,Eriophorum angustifolium,Leaf Area,14,2,3,1,3,0,,domain_outlier;taxon_outlier,1,0,1,,97c906fe31a77ac5fee55e78eb7bc23e414574540ead697f130d1355cf189f82,approve_none_after_source_rule
122756bef36ef1355acbc22701f7954ac6bb76090c81d4c72c4459f52b83d58d,classified,Erodium cicutarium,Leaf Area,22,2,4,0,1,0,,taxon_outlier,1,0,1,,97c906fe31a77ac5fee55e78eb7bc23e414574540ead697f130d1355cf189f82,approve_none_after_source_rule
d218e0800a91caf1e8ce7e6cbc769243c5dfa44257a7fa847300c048c191fe3c,classified,Eryngium campestre,Leaf Area,54,2,5,51,1,0,,domain_outlier;taxon_outlier,1,0,1,,97c906fe31a77ac5fee55e78eb7bc23e414574540ead697f130d1355cf189f82,approve_none_after_source_rule
d7ad0e25ee11f16f75e02dda52956494a34639080af42d1166812b2dbb6b127a,classified,Erysimum canum,Leaf Area,10,1,1,0,1,0,,taxon_outlier,0,0,0,,,approve_none_grouped
a786ea265e7c9f5597310b35c3fa5015bf665ad56a9e2a50b5362e84ea84db4e,classified,Erysimum diffusum,Leaf Area,10,1,1,0,2,0,,taxon_outlier,0,0,0,,,approve_none_grouped
49248b7e6fd12104a4e6df87c43199a8a6fafbf68380de45928690067de696f6,classified,Erysimum odoratum,Leaf Area,10,1,1,0,1,0,,taxon_outlier,0,0,0,,,approve_none_grouped
b00258888018abe9e519552964be86034f2f073f27140876626da62244fb2aca,classified,Erythronium dens-canis,Leaf Area,15,1,2,5,2,0,,domain_outlier;taxon_outlier,0,0,0,,,approve_none_grouped
c07b6612c8867e74c4eceb378d087b0b4d6c1f1aa2502d82cd7c50869bce61ed,classified,Eschscholzia californica,Leaf Area,99,1,1,0,2,0,,taxon_outlier,0,0,0,,,approve_none_grouped
631d457a80ec6b264956d3fab587fccd27a3b14d1b92d12cdfecccdbc0317dbb,classified,Euphorbia amygdaloides,Leaf Area,20,1,2,0,4,0,,taxon_outlier,0,0,0,,,approve_none_grouped
26020554f0333272edb3f8c812ed42f49ba4fa06ef7706af51c659f603644ca1,classified,Euphorbia corollata,Leaf Area,16,2,2,0,3,0,,taxon_outlier,1,0,1,,97c906fe31a77ac5fee55e78eb7bc23e414574540ead697f130d1355cf189f82,approve_none_after_source_rule
3c052672afc0e8ae7a498a56bcda44fd527e5227bda63640ca36f1cafc65f3ae,classified,Euphorbia cyparissias,Leaf Area,21,3,3,0,1,0,,taxon_outlier,0,0,0,,,approve_none_grouped
faecc7114bd91be61f850e8c517e7be41a7f3725e3aa6d71106c98c3824c7877,classified,Euphorbia fendleri,Leaf Area,20,1,1,0,2,0,,taxon_outlier,0,0,0,,,approve_none_grouped
92d15851e3b59a7ef33137514a85c2d9d9f77a36c15ca7403c4402d3d9cf2dd3,classified,Euphorbia lamarckii,Leaf Area,10,1,1,0,1,0,,taxon_outlier,0,0,0,,,approve_none_grouped
2a4cd73118caca929c3360ce9a80e7f445b0809679b9b0ef7a30dd8ec16e9101,classified,Euphorbia maculata,Leaf Area,31,2,3,0,2,0,,taxon_outlier,1,0,1,,97c906fe31a77ac5fee55e78eb7bc23e414574540ead697f130d1355cf189f82,approve_none_after_source_rule
d0a1514629d048165b999240cd425ab9d37737c42b7091574aacbee225da0e9a,classified,Euphorbia terracina,Leaf Area,35,2,2,0,4,0,,taxon_outlier,0,0,0,,,approve_none_grouped
7780f649d1442bfa77e39c3fe04dfe22b371ac9748191d5be56583cbc336e526,classified,Euphrasia frigida,Leaf Area,15,2,2,0,2,0,,taxon_outlier,1,0,1,,97c906fe31a77ac5fee55e78eb7bc23e414574540ead697f130d1355cf189f82,approve_none_after_source_rule
cc6a36974bfeb5929c1ea1b448f012b8a9f0c7cd6158c2ca05aec636e702c1be,classified,Euphrasia minima,Leaf Area,97,1,7,0,10,0,,taxon_outlier,1,0,1,,3f0543786babf50f90453c5af328dd77ba325efbdbd416d4aadf3aea9a3c4ec6,approve_none_after_source_rule
2d366879a48cebed7c2b937d08a44281882ba404aa75bf4873cae07669c9c799,classified,Euphrasia officinalis,Leaf Area,28,1,4,0,3,0,,taxon_outlier,1,0,1,,3f0543786babf50f90453c5af328dd77ba325efbdbd416d4aadf3aea9a3c4ec6,approve_none_after_source_rule
3a3b8ddbe8014c5d08897297ff7c9cff1c58c109bd2130922c7e21b457330905,classified,Euthamia graminifolia,Leaf Area,109,1,14,0,3,0,,taxon_outlier,0,0,0,,,approve_none_grouped
7d39b1d471155fcdf1200bb8b10d143cc792e9112446b10ec98bc5e9f077ae0b,classified,Eutrochium maculatum,Leaf Area,11,2,2,1,1,0,,domain_outlier;taxon_outlier,1,0,1,,97c906fe31a77ac5fee55e78eb7bc23e414574540ead697f130d1355cf189f82,approve_none_after_source_rule
67c12122759d51682ad3209a718296d2a758eb2916504eb2585dad1b31295f22,classified,Facchinia lanceolata,Leaf Area,10,1,1,0,1,0,,taxon_outlier,1,0,1,,3f0543786babf50f90453c5af328dd77ba325efbdbd416d4aadf3aea9a3c4ec6,approve_none_after_source_rule
65dbd5c77eba8aa27e866d27799214f712ee43c53e3a178a0c2f168479c75d79,classified,Fagus,Leaf Area,18,2,11,18,2,0,,domain_outlier;taxon_outlier,0,0,0,,,approve_none_grouped
63980e5c1e4b87dd0e5515a65bed86adc6bb3fcace08afc2097e7a3a717760c5,classified,Fagus grandifolia,Leaf Area,77,3,19,12,14,0,,domain_outlier;taxon_outlier,1,0,1,,97c906fe31a77ac5fee55e78eb7bc23e414574540ead697f130d1355cf189f82,approve_none_after_source_rule
c31c2c013d5021a07568c880e43a96e3179434fc4a4428a589a5c412bc7bbecf,classified,Fagus sylvatica,Leaf Area,1568,3,143,278,70,0,,domain_outlier;taxon_outlier,1,0,1,,97c906fe31a77ac5fee55e78eb7bc23e414574540ead697f130d1355cf189f82,approve_none_after_source_rule
42ce1a0055f3744b0ce9f115096e57d7580cbe8446bb491c3d999726ad58b5f8,classified,Festuca ambigua,Leaf Area,48,2,3,0,6,0,,taxon_outlier,1,0,1,,97c906fe31a77ac5fee55e78eb7bc23e414574540ead697f130d1355cf189f82,approve_none_after_source_rule
62ddce9d9d73441392ec0fbbc2e1a96c4bc9d2c460da86a9c96fdedafb9b4d3a,classified,Festuca arizonica,Leaf Area,20,1,2,0,1,0,,taxon_outlier,0,0,0,,,approve_none_grouped
663f6d4e1c6ecc320af744d1b4776defd0845b3fda0e10da8726c81d7b8e19f6,classified,Festuca brachyphylla,Leaf Area,37,1,2,0,2,0,,taxon_outlier,1,0,1,,8ddea77f82d884c1f128128e4ecd902453e642499cb52df3b28d00cf682288ab,approve_none_after_source_rule
3b08e153008e54eb3d0973be05bf93f70eddb09f000f517b74d5b3ba832f182c,classified,Festuca bromoides,Leaf Area,99,1,1,0,10,0,,taxon_outlier,0,0,0,,,approve_none_grouped
c9cccfd2ce6edd0fc81d962f9438c222279e370562e979955fd57bb0cc6186a0,classified,Festuca fasciculata,Leaf Area,23,1,2,0,3,0,,taxon_outlier,0,0,0,,,approve_none_grouped
3c3eaad189b8bf05fc2d5a3847899beb7b633cdc34107bc4a8047af7616e05b3,classified,Festuca heterophylla,Leaf Area,10,1,1,0,1,0,,taxon_outlier,0,0,0,,,approve_none_grouped
68ec75226b13ce86575401c52a43dd2ad344eab4965355cccbd118b85d24c13c,classified,Festuca incurva,Leaf Area,31,2,2,0,3,0,,taxon_outlier,0,0,0,,,approve_none_grouped
10a0ce7412d2b78d3022000ed83988198610d2e3e6c356e881a46e7aa2b952fc,classified,Festuca ovina,Leaf Area,98,3,53,0,7,0,,taxon_outlier,1,0,1,,97c906fe31a77ac5fee55e78eb7bc23e414574540ead697f130d1355cf189f82,approve_none_after_source_rule
a7144487280180b8e4afab9752e533b192409dcdf31a9ac2346e36b44dfbb5bb,classified,Festuca pulchra,Leaf Area,10,1,1,0,2,0,,taxon_outlier,0,0,0,,,approve_none_grouped
0ed1e7a8040dde9e66b76a8d76e76d04d693c6873980e770eb1d04354c964c9b,classified,Festuca rubra,Leaf Area,40,4,24,0,8,0,,taxon_outlier,1,0,1,,97c906fe31a77ac5fee55e78eb7bc23e414574540ead697f130d1355cf189f82,approve_none_after_source_rule
7fa65df4f9144762399c9dea32c9621be5e8d5fce7559b3d07ffc5ff2bbae500,classified,Festuca subverticillata,Leaf Area,24,1,3,0,2,0,,taxon_outlier,0,0,0,,,approve_none_grouped
a5726b2c7bdc9536ea5b037327ccb665fb34e22118b32ad05b74f60758da0f40,classified,Festuca vaginata,Leaf Area,19,2,10,0,3,0,,taxon_outlier,0,0,0,,,approve_none_grouped
0fd285a32a949690878011ac95d5817af67426b83138c2837f1431844afe7f0e,classified,Festuca valesiaca,Leaf Area,49,1,5,0,3,0,,taxon_outlier,0,0,0,,,approve_none_grouped
00b44a0bfe784443b9ba0d701feeec1ce577645e196774a64fc28280b0693355,classified,Festuca wagneri,Leaf Area,10,1,1,0,1,0,,taxon_outlier,0,0,0,,,approve_none_grouped
9086c1e6dd62448e6c298c0a81d8f0f4476c8aa1239e002bf0be975b76ecc775,classified,Filago pyramidata,Leaf Area,11,2,3,0,2,0,,taxon_outlier,1,0,1,,97c906fe31a77ac5fee55e78eb7bc23e414574540ead697f130d1355cf189f82,approve_none_after_source_rule
a90c6bdaaacc236837ffedc4049a033c39aec7f759a23ea39ebe0205e0809f24,classified,Filipendula ulmaria,Leaf Area,32,3,15,32,2,0,,domain_outlier;taxon_outlier,1,0,1,,97c906fe31a77ac5fee55e78eb7bc23e414574540ead697f130d1355cf189f82,approve_none_after_source_rule
09a2232f65e67ecd94ce8667bbdce80de4980aa6428b8186af6c3bdbac39bc46,classified,Foeniculum vulgare,Leaf Area,12,2,3,1,2,0,,domain_outlier;taxon_outlier,0,0,0,,,approve_none_grouped
9dcd9a8c28265e0a964ec71f6ee9cf36c9f8b2cb3200034f45c5a60329df9b1a,classified,Forsythia viridissima,Leaf Area,15,1,1,0,3,0,,taxon_outlier,0,0,0,,,approve_none_grouped
a0143e8b5a0357e0833d5b07dfc127142602dd21401ea127307497d4b35ce85c,classified,Fouquieria splendens,Leaf Area,41,2,2,0,2,0,,taxon_outlier,0,0,0,,,approve_none_grouped
1735bd9e58fb50071b38f41efaa0be1d20fe64b208aea4e2cdd12c29733f8495,classified,Fragaria vesca,Leaf Area,109,3,13,40,6,0,,domain_outlier;taxon_outlier,2,0,2,,3f0543786babf50f90453c5af328dd77ba325efbdbd416d4aadf3aea9a3c4ec6;97c906fe31a77ac5fee55e78eb7bc23e414574540ead697f130d1355cf189f82,approve_none_after_source_rule
0cba787f0eb4c54e6a2d695c84cffe718d1c3252770194adebaeff91510a3f4d,classified,Fragaria virginiana,Leaf Area,38,2,9,0,4,0,,taxon_outlier,0,0,0,,,approve_none_grouped
ec5f411f00473c845a0faf4bd3f3b868f21684663f4a7c84f2b90aaa67e953e5,classified,Frangula caroliniana,Leaf Area,128,1,1,125,10,0,,domain_outlier;taxon_outlier,0,0,0,,,approve_none_grouped
660c45e52b0561dacd85b917d73b4a4de522f1192a76a678c8f10adac51cd072,classified,Fraxinus americana,Leaf Area,158,3,9,139,20,0,,domain_outlier;taxon_outlier,1,0,1,,97c906fe31a77ac5fee55e78eb7bc23e414574540ead697f130d1355cf189f82,approve_none_after_source_rule
a63ae61bff162fa857cd8573c49e967700c685800b183a05898416405f86c85a,classified,Fraxinus ornus,Leaf Area,71,3,4,30,7,0,,domain_outlier;taxon_outlier,1,0,1,,97c906fe31a77ac5fee55e78eb7bc23e414574540ead697f130d1355cf189f82,approve_none_after_source_rule
2ac0b7db0290899463c1ae889806bed950b0accfcc754abbffd48e6e7639c8d4,classified,Fraxinus pennsylvanica,Leaf Area,51,1,4,0,3,0,,taxon_outlier,0,0,0,,,approve_none_grouped
d86b55c415e5eca657fcde4d797185d21ec1ab90358b580c98a0fa036c64d8c6,classified,Fritillaria meleagris,Leaf Area,10,1,2,0,1,0,,taxon_outlier,0,0,0,,,approve_none_grouped
071f09ce538d406846146fb77dc46fc8e46fb6a1590f16014367f79e50231ceb,classified,Fumana,Leaf Area,10,1,1,0,1,0,,taxon_outlier,0,0,0,,,approve_none_grouped
77003cccfc6e229af9fe27eb36eb3bca5cc01d57eb3b61b72a47bebbb2369ba0,classified,Fumana ericoides,Leaf Area,56,2,11,0,9,0,,taxon_outlier,1,0,1,,97c906fe31a77ac5fee55e78eb7bc23e414574540ead697f130d1355cf189f82,approve_none_after_source_rule
f6779322b27540e0d59206c3127665b4ab1e0f8fb58706b436a68f1a81e2ac52,classified,Fumana laevipes,Leaf Area,24,2,6,0,6,0,,taxon_outlier,1,0,1,,97c906fe31a77ac5fee55e78eb7bc23e414574540ead697f130d1355cf189f82,approve_none_after_source_rule
df3b7e5e7c164c698f6dd939bc822ebd02671fd59893f041586649572d72913a,classified,Gaillardia pinnatifida,Leaf Area,11,1,2,0,1,0,,taxon_outlier,0,0,0,,,approve_none_grouped
d6e2bc9151abd63c1a65eb6c6aa58b92b19916866b33f25e0fd71297e5a3782d,classified,Galatella sedifolia,Leaf Area,20,1,3,0,2,0,,taxon_outlier,0,0,0,,,approve_none_grouped
232db720c65fc0bb7962514d84f1df379bc556a2e343e87d862c57b04cfa301a,classified,Galega officinalis,Leaf Area,10,1,1,0,1,0,,taxon_outlier,0,0,0,,,approve_none_grouped
c18967334789b98c4d63bf3432a0593f06762e735317dd681078797a69960053,classified,Galeopsis tetrahit,Leaf Area,26,3,10,0,3,0,,taxon_outlier,2,0,2,,3f0543786babf50f90453c5af328dd77ba325efbdbd416d4aadf3aea9a3c4ec6;97c906fe31a77ac5fee55e78eb7bc23e414574540ead697f130d1355cf189f82,approve_none_after_source_rule
e8c0d2fc298766758d7afa4c0f51a4cf8fa3939bab42b4bd93d936aa3b0cc9a7,classified,Galinsoga parviflora,Leaf Area,10,1,1,0,1,0,,taxon_outlier,0,0,0,,,approve_none_grouped
f7a73e22aaba09b1f209489a313379c1d65d698707e59e137ff76bdd33ff5ed5,classified,Galium aparine,Leaf Area,57,5,13,0,5,0,,taxon_outlier,1,0,1,,97c906fe31a77ac5fee55e78eb7bc23e414574540ead697f130d1355cf189f82,approve_none_after_source_rule
39764503a715043f2c2d5a49dbae19547b67cf9f63b2dc80d32345830838cd96,classified,Galium boreale,Leaf Area,69,2,20,0,7,0,,taxon_outlier,1,0,1,,97c906fe31a77ac5fee55e78eb7bc23e414574540ead697f130d1355cf189f82,approve_none_after_source_rule
c654d5439d73009f7e5c23cc7a12213429212ac767c581f197cad110aa09094d,classified,Galium estebanii,Leaf Area,10,1,1,0,1,0,,taxon_outlier,0,0,0,,,approve_none_grouped
a6e7d46e691ea487dcc555eed6615ac72b844d25c500714ae622598046cd6d21,classified,Galium intermedium,Leaf Area,10,1,1,0,1,0,,taxon_outlier,0,0,0,,,approve_none_grouped
41b6e7efceb8df88476eba5058b01bd13bc70e34cd2e9e4adfebfde7c3930e85,classified,Galium lucidum,Leaf Area,11,2,2,0,2,0,,taxon_outlier,0,0,0,,,approve_none_grouped
8174ac16a8539df3b4563a04bc8160de72211efebc26a2f2c36458d6684dc8f4,classified,Galium mollugo,Leaf Area,286,3,71,11,66,0,,domain_outlier;taxon_outlier,3,0,3,,3f0543786babf50f90453c5af328dd77ba325efbdbd416d4aadf3aea9a3c4ec6;97c906fe31a77ac5fee55e78eb7bc23e414574540ead697f130d1355cf189f82;e4504212b94c4e98f98f76ddea21e6c14b670b0c7aae7732d5367fd7d08e2017,approve_none_after_source_rule
d461f5a01cf06c3a6611b07f5d89e977172c8319f75f47ffd25f95d95df56ad6,classified,Galium odoratum,Leaf Area,110,2,11,0,12,0,,taxon_outlier,0,0,0,,,approve_none_grouped
6bc52f2715791e7da6150aef0a1475f187dc1a46bc09bdcd84dc50480daa4e11,classified,Galium palustre,Leaf Area,11,1,2,0,2,0,,taxon_outlier,0,0,0,,,approve_none_grouped
cb2f3edd98e76b043ecd39d474edf5e345694e5e689d97087243e988eb58639c,classified,Galium pumilum,Leaf Area,21,1,3,0,1,0,,taxon_outlier,1,0,1,,3f0543786babf50f90453c5af328dd77ba325efbdbd416d4aadf3aea9a3c4ec6,approve_none_after_source_rule
f5fdff296f71d79ff674881d729fef7a797b42114a9c1c0bd656e23bbbcae8a3,classified,Galium verum,Leaf Area,92,4,59,4,13,0,,domain_outlier;taxon_outlier,2,0,2,,97c906fe31a77ac5fee55e78eb7bc23e414574540ead697f130d1355cf189f82;e4504212b94c4e98f98f76ddea21e6c14b670b0c7aae7732d5367fd7d08e2017,approve_none_after_source_rule
49f0f66841fe560350ac181bd24f057b951725a9daab20fc947c0c9673e41a49,classified,Genista,Leaf Area,10,1,1,0,2,0,,taxon_outlier,0,0,0,,,approve_none_grouped
7a75b914eb8e0aa43a08a4d50728b6ec16d10a2a16d27af0691a5c80b2eb4fcb,classified,Genista cinerea,Leaf Area,29,1,1,0,1,0,,taxon_outlier,0,0,0,,,approve_none_grouped
146f5c4960a5c5d7153091880145910c7da4319260e8bbfb8daff85376463837,classified,Genista hispanica,Leaf Area,10,1,1,0,3,0,,taxon_outlier,0,0,0,,,approve_none_grouped
4d2786af842425c0ad674684ff14db6b3227b59120ef93cc83543c87168bea03,classified,Genista hystrix,Leaf Area,10,1,1,0,1,0,,taxon_outlier,0,0,0,,,approve_none_grouped
d96c928db6e89c8670f34c33451e86b8b9d4ab190c0f39a31fc266923a2076c9,classified,Genista scorpius,Leaf Area,32,2,6,0,7,0,,taxon_outlier,0,0,0,,,approve_none_grouped
d4bb6b03e3eba79b3105259df2afe20e68829464a98a0eb4075075ef88e36327,classified,Genista tinctoria,Leaf Area,11,2,2,0,1,0,,taxon_outlier,1,0,1,,97c906fe31a77ac5fee55e78eb7bc23e414574540ead697f130d1355cf189f82,approve_none_after_source_rule
e5a18816d5803bdb0b642c378109e315cb3aabc0154568187e82aabdfaa433ed,classified,Gentiana cruciata,Leaf Area,11,2,3,0,1,0,,taxon_outlier,0,0,0,,,approve_none_grouped
9cce18ca777ca6e8426b59373097204551113968d4fd8143ca31fb8416026101,classified,Gentiana puberulenta,Leaf Area,16,1,1,0,3,0,,taxon_outlier,0,0,0,,,approve_none_grouped
77a236baed3ced927b8b8757865fd1beff26eb1a1b74fdcb271933c98b7a2a8b,classified,Gentiana verna,Leaf Area,32,1,5,0,1,0,,taxon_outlier,1,0,1,,3f0543786babf50f90453c5af328dd77ba325efbdbd416d4aadf3aea9a3c4ec6,approve_none_after_source_rule
8b739d674f087ad8ff08226b63af11d2b8045f3fa510edc61ede6e046d5e19f1,classified,Gentianella amarella,Leaf Area,15,1,2,0,4,0,,taxon_outlier,1,0,1,,8ddea77f82d884c1f128128e4ecd902453e642499cb52df3b28d00cf682288ab,approve_none_after_source_rule
d84ec5b5119e3ddc37ada0be80b8b5e8cfddf3eac40b8c4106232c7cc34ed9b3,classified,Geranium caespitosum,Leaf Area,11,1,2,0,2,0,,taxon_outlier,0,0,0,,,approve_none_grouped
5cf2f3caf6180f6ba2550b7097dca3cef7d329df4541b03b82dbaca6f65025dd,classified,Geranium dissectum,Leaf Area,209,2,2,0,21,0,,taxon_outlier,0,0,0,,,approve_none_grouped
9b09dcccedb122101c809bd6439a98a02e7b7fe05af3cc6efa23b6c08193bfef,classified,Geranium nodosum,Leaf Area,20,1,2,20,2,0,,domain_outlier;taxon_outlier,0,0,0,,,approve_none_grouped
54979e78463041a87f7ec15c22adbafe498543fa7aa2a0310cda9345fefa3ade,classified,Geranium richardsonii,Leaf Area,12,1,2,0,2,0,,taxon_outlier,0,0,0,,,approve_none_grouped
9bc2286e0c831380c49b8509f1ff451c49852bb9fef0e427a9009d6dabe82712,classified,Geranium robertianum,Leaf Area,11,2,3,0,1,0,,taxon_outlier,0,0,0,,,approve_none_grouped
0f77e6bb990e861c7e91d723a46652d57a76a6833dee16fba1c6afed85c21caa,classified,Geranium sanguineum,Leaf Area,11,2,2,0,1,0,,taxon_outlier,0,0,0,,,approve_none_grouped
e5bfad160f58c4814611313d763a43b2dc376a42e40e9a3e6762cf1534de2be8,classified,Geranium sylvaticum,Leaf Area,29,3,4,25,1,0,,domain_outlier;taxon_outlier,1,0,1,,97c906fe31a77ac5fee55e78eb7bc23e414574540ead697f130d1355cf189f82,approve_none_after_source_rule
a75adf5032f215400711a3f81b2d2ffeb20623ef0a6a6d00078318dce3f416c3,classified,Geum canadense,Leaf Area,42,1,3,0,2,0,,taxon_outlier,0,0,0,,,approve_none_grouped
3fe9a85447b62bd8b54a872421c8e52d9288fee457f2e879d9c858ebf4cb2a70,classified,Geum rossii,Leaf Area,60,2,3,1,1,0,,domain_outlier;taxon_outlier,2,0,2,,8ddea77f82d884c1f128128e4ecd902453e642499cb52df3b28d00cf682288ab;97c906fe31a77ac5fee55e78eb7bc23e414574540ead697f130d1355cf189f82,approve_none_after_source_rule
2394c4ebd0f9e55ef4072f2382816773aa3bd4ca5ab2a6cc0fde292fc11ceea2,classified,Ginkgo biloba,Leaf Area,50,1,2,0,1,0,,taxon_outlier,0,0,0,,,approve_none_grouped
5a258dfb4aafbd8082ffaefd2ea505ac78860273d289c91f5d9a463e9ac9b962,classified,Glechoma hederacea,Leaf Area,47,4,9,0,3,0,,taxon_outlier,1,0,1,,97c906fe31a77ac5fee55e78eb7bc23e414574540ead697f130d1355cf189f82,approve_none_after_source_rule
599f7b8ba2856eef7a58fa9b9f5b269572457f9b8b88470154c103f1f11aa3f4,classified,Glycyrrhiza echinata,Leaf Area,10,1,1,1,2,0,,domain_outlier;taxon_outlier,0,0,0,,,approve_none_grouped
de28aadf9c1d45fe539451adf247352890575fa82e398cb0b5d3031eee5659db,classified,Grindelia squarrosa,Leaf Area,12,2,2,0,2,0,,taxon_outlier,0,0,0,,,approve_none_grouped
f2f3c8f226aadf1831571ce7f99b3e89f65a5163453bfd92b0ebddb2c777c3f4,classified,Gutierrezia sarothrae,Leaf Area,31,3,4,0,2,0,,taxon_outlier,1,0,1,,97c906fe31a77ac5fee55e78eb7bc23e414574540ead697f130d1355cf189f82,approve_none_after_source_rule
84d5071412a8625d8aaf4b442be8562662cf291ab72c44fa6043bc60c0531bb4,classified,Gymnadenia conopsea,Leaf Area,13,1,2,0,1,0,,taxon_outlier,0,0,0,,,approve_none_grouped
04d21404ef61a12af40e1657732c07734208523742491fd970abccfa51ce82fd,classified,Gypsophila fastigiata,Leaf Area,12,2,3,0,1,0,,taxon_outlier,0,0,0,,,approve_none_grouped
881d280a3a4d5a78108fd1231d7023d03e09f432c922f98968348444c7e88de5,classified,Harrimanella hypnoides,Leaf Area,12,1,1,0,3,0,,taxon_outlier,0,0,0,,,approve_none_grouped
261de0af4734c037dfc801ce5f9e8912c5c5f6df8049c4356a42df681c7a3de4,classified,Hedera helix,Leaf Area,122,3,13,11,23,0,,domain_outlier;taxon_outlier,1,0,1,,97c906fe31a77ac5fee55e78eb7bc23e414574540ead697f130d1355cf189f82,approve_none_after_source_rule
236d72abbe611b379175fb250eb5c0720cf8fd7454b02285b36a200340d79cbe,classified,Helianthella quinquenervis,Leaf Area,20,1,2,0,3,0,,taxon_outlier,0,0,0,,,approve_none_grouped
78fa3f2f4cb4d98a72c8fe463185f037fb1e883ba002f03ffd0ab0ed52090e8b,classified,Helianthemum cinereum,Leaf Area,54,2,10,0,5,0,,taxon_outlier,1,0,1,,97c906fe31a77ac5fee55e78eb7bc23e414574540ead697f130d1355cf189f82,approve_none_after_source_rule
fd4fb85fb9a50eabe38e964e540150a372e3e0668fd6f4e6a0c310129a774e55,classified,Helianthemum marifolium,Leaf Area,22,2,4,0,4,0,,taxon_outlier,0,0,0,,,approve_none_grouped
0f07e0207f3175865c778ca2b0d34bf9fc961e0dfcf61e6d645ab0abea0129e2,classified,Helianthemum oelandicum,Leaf Area,11,2,2,0,1,0,,taxon_outlier,0,0,0,,,approve_none_grouped
869d843cd6e6f0968871001aac5f49ba9acd7f8bb09537c2c18fa1381bd4cfbb,classified,Helianthemum syriacum,Leaf Area,13,2,4,0,2,0,,taxon_outlier,0,0,0,,,approve_none_grouped
084ddb333c1e84ebe7348747992c57e09040a2b197a92ef37bb874146ae8e16f,classified,Helianthus mollis,Leaf Area,20,1,1,0,2,0,,taxon_outlier,0,0,0,,,approve_none_grouped
d98320bd4a5c4deac9d67ce440e6cac2570e31a28578461898d74bd43412c19b,classified,Helianthus pauciflorus,Leaf Area,12,1,1,0,1,0,,taxon_outlier,0,0,0,,,approve_none_grouped
b32252f63bf62a06cfc41439353a803c9da9fe63035de9013b1d715d97fd55cb,classified,Helichrysum italicum,Leaf Area,45,1,5,0,3,0,,taxon_outlier,0,0,0,,,approve_none_grouped
630c35945a362985f33c8273914a31bd666a876830ce2d6f6e1becaa9ea85599,classified,Helictochloa bromoides,Leaf Area,17,2,6,0,4,0,,taxon_outlier,1,0,1,,97c906fe31a77ac5fee55e78eb7bc23e414574540ead697f130d1355cf189f82,approve_none_after_source_rule
826d2d0b00dfa4d6c413903cc0dec53516bec72130a26037666c3a638ada0310,classified,Helictochloa pratensis,Leaf Area,14,1,14,0,3,0,,taxon_outlier,0,0,0,,,approve_none_grouped
df4bfa31debfbec37e144d529ccc18013333a1f064c8419b4b747516901cc928,classified,Heliomeris multiflora,Leaf Area,20,1,2,0,1,0,,taxon_outlier,0,0,0,,,approve_none_grouped
971cd85f1dfbe250499016c84cc8bf4ba6245c032986229f4b2ff90e03beffb5,classified,Hepatica nobilis,Leaf Area,206,2,21,39,7,0,,domain_outlier;taxon_outlier,1,0,1,,97c906fe31a77ac5fee55e78eb7bc23e414574540ead697f130d1355cf189f82,approve_none_after_source_rule
7ed69c90b4820ac7836933a2185698fb40e9b5e07556c2204d76117984fcebf8,classified,Hesperostipa comata,Leaf Area,21,2,2,0,4,0,,taxon_outlier,0,0,0,,,approve_none_grouped
51f7dff23c0ce819babfc1260d98957fbc335bbab7cd25920431c88c5d1d74fc,classified,Heterotheca villosa,Leaf Area,45,2,3,0,1,0,,taxon_outlier,0,0,0,,,approve_none_grouped
5929fef1720a0b5f527bed4f7ea502aa7d551613432729e3c456cb2b3d1e1715,classified,Hieracium alpinum,Leaf Area,38,1,5,0,2,0,,taxon_outlier,1,0,1,,3f0543786babf50f90453c5af328dd77ba325efbdbd416d4aadf3aea9a3c4ec6,approve_none_after_source_rule
bd5fb8f670288b4b0d255cf2ba11b60aa7a78c29eb80956cc62269b60cd7a624,classified,Hieracium fendleri,Leaf Area,21,1,1,0,4,0,,taxon_outlier,0,0,0,,,approve_none_grouped
60bf2a063228568c36dc6d69649566606417bf6280aefa4aee63bc08a66925c1,classified,Hieracium murorum,Leaf Area,29,2,4,1,6,0,,domain_outlier;taxon_outlier,1,0,1,,3f0543786babf50f90453c5af328dd77ba325efbdbd416d4aadf3aea9a3c4ec6,approve_none_after_source_rule
82795f0b958d541d47ad286b6b1b01b006d85ef3972d9e706d3ff45e62a91c65,classified,Hieracium umbellatum,Leaf Area,26,3,17,0,2,0,,taxon_outlier,0,0,0,,,approve_none_grouped
a6a450aa747455cae8c2910132c139242c905422dd7af7e1ce020d4333314348,classified,Holcus lanatus,Leaf Area,48,4,29,0,4,0,,taxon_outlier,1,0,1,,97c906fe31a77ac5fee55e78eb7bc23e414574540ead697f130d1355cf189f82,approve_none_after_source_rule
05b60779839771a279e9dbbea1e52383843e8f8e768c37b914391520557bf399,classified,Holosteum umbellatum,Leaf Area,20,2,2,0,2,0,,taxon_outlier,0,0,0,,,approve_none_grouped
7cd802cb8bc1ff8975e00387e326abb3e3d71b0ee0593ed870b6724dff10e3b5,classified,Homogyne alpina,Leaf Area,27,1,4,0,4,0,,taxon_outlier,1,0,1,,3f0543786babf50f90453c5af328dd77ba325efbdbd416d4aadf3aea9a3c4ec6,approve_none_after_source_rule
e36239caf790748514b4d3d1ab73c212a66060e6b069768a6b22d4d3745bee9c,classified,Hordelymus europaeus,Leaf Area,20,1,2,0,4,0,,taxon_outlier,0,0,0,,,approve_none_grouped
e202aef449c5e56496aa5886fc84f475c5f4bc3fc951b203202ab523430c0072,classified,Hordeum murinum,Leaf Area,89,2,4,0,3,0,,taxon_outlier,1,0,1,,97c906fe31a77ac5fee55e78eb7bc23e414574540ead697f130d1355cf189f82,approve_none_after_source_rule
096799139f871ae4a0511ab9618412425da0d277bee080fa97f66004ef7f7439,classified,Hormathophylla lapeyrousiana,Leaf Area,11,2,2,0,2,0,,taxon_outlier,0,0,0,,,approve_none_grouped
c00dd27105e082b585179df026b96ee1ec1a9d3eb4bee1ab5ee264e47667f7f8,classified,Hornungia alpina,Leaf Area,10,1,1,0,2,0,,taxon_outlier,1,0,1,,3f0543786babf50f90453c5af328dd77ba325efbdbd416d4aadf3aea9a3c4ec6,approve_none_after_source_rule
bf785f1bd6e639861897c25ae5058a7937281872e92c01b6593f8161043140ca,classified,Houstonia wrightii,Leaf Area,21,1,3,0,1,0,,taxon_outlier,0,0,0,,,approve_none_grouped
1b2a80f9ccd73bcfda41164698bbffd9083a61ca2526f8862f826ce4fdbbab90,classified,Hydrophyllum virginianum,Leaf Area,14,2,4,1,1,0,,domain_outlier;taxon_outlier,1,0,1,,97c906fe31a77ac5fee55e78eb7bc23e414574540ead697f130d1355cf189f82,approve_none_after_source_rule
e9e267e752968caa974345c2340f376029bda714ee075ed4d564c034dac55d70,classified,Hylodesmum glutinosum,Leaf Area,28,1,3,0,2,0,,taxon_outlier,0,0,0,,,approve_none_grouped
63900bc42aafe90b31d349085d29caa118ffba9401401b6de1a014dd272ff8c5,classified,Hymenachne amplexicaulis,Leaf Area,16,1,4,0,2,0,,taxon_outlier,0,0,0,,,approve_none_grouped
636e46415720be3e4b166834bc70993a04a6d8746d7f754a37feb74a904dc1af,classified,Hymenopappus mexicanus,Leaf Area,21,1,3,0,1,0,,taxon_outlier,0,0,0,,,approve_none_grouped
8a71e255f1f3c8ea554f3357f1cedded91e3c34d728f829161656fa4edba574e,classified,Hymenothrix dissecta,Leaf Area,20,1,3,0,1,0,,taxon_outlier,0,0,0,,,approve_none_grouped
ebaaf45dc1f115fcbdf2419077c2c71a6797bf5e41f1a73468b7e2fe00239658,classified,Hymenoxys grandiflora,Leaf Area,11,1,2,0,1,0,,taxon_outlier,1,0,1,,8ddea77f82d884c1f128128e4ecd902453e642499cb52df3b28d00cf682288ab,approve_none_after_source_rule
e8b7da33e9779775e04eeede14993fac908d46dc26e5f84bbf18f54deb9bbf56,classified,Hymenoxys richardsonii,Leaf Area,21,1,2,0,3,0,,taxon_outlier,0,0,0,,,approve_none_grouped
06985cbee5f52e8ef2ac99aa470ca2ade9d97ae001c599410df916025a3b4134,classified,Hyparrhenia hirta,Leaf Area,10,2,4,0,2,0,,taxon_outlier,0,0,0,,,approve_none_grouped
bc01abbbee858881dd48ddb9d697c203a4f09a7b7d5fbadd82c2e633c1010ace,classified,Hypericum ascyron,Leaf Area,19,1,4,0,1,0,,taxon_outlier,0,0,0,,,approve_none_grouped
c1d4b9307cabca05c488c85bfbee073db0c63dae11f442cf6e486ec492148ae3,classified,Hypericum maculatum,Leaf Area,33,2,5,0,5,0,,taxon_outlier,1,0,1,,3f0543786babf50f90453c5af328dd77ba325efbdbd416d4aadf3aea9a3c4ec6,approve_none_after_source_rule
93fc23106f73fecb866007097836e94af4951b29688c8e39ba90aad5efc4d1d3,classified,Hypericum perforatum,Leaf Area,68,4,17,0,16,0,,taxon_outlier,1,0,1,,97c906fe31a77ac5fee55e78eb7bc23e414574540ead697f130d1355cf189f82,approve_none_after_source_rule
7860a640ce50de35206bfdec17aba4f72e18a7d46a9b8f4436914ba70dd61162,classified,Ilex opaca,Leaf Area,55,2,7,0,5,0,,taxon_outlier,1,0,1,,97c906fe31a77ac5fee55e78eb7bc23e414574540ead697f130d1355cf189f82,approve_none_after_source_rule
f3b342fcf73809c0907079db42f1910f033c9dfbd79a9a69751f1bf84cf1910e,classified,Impatiens capensis,Leaf Area,53,4,12,1,8,0,,domain_outlier;taxon_outlier,1,0,1,,97c906fe31a77ac5fee55e78eb7bc23e414574540ead697f130d1355cf189f82,approve_none_after_source_rule
a16e8b79a0b0e398764fee21da5a9da6457483d5eecc906938a00bdaca4198bc,classified,Impatiens glandulifera,Leaf Area,55,1,28,52,2,0,,domain_outlier;taxon_outlier,0,0,0,,,approve_none_grouped
771f5c9162f0f79d2574fcccca25f6a22a63e9e9cfc75e71cb3bd1659974471b,classified,Impatiens parviflora,Leaf Area,16,3,7,1,1,0,,domain_outlier;taxon_outlier,0,0,0,,,approve_none_grouped
3a65176701a4fdb7817360ead806231994fc57cb7f642cdb29bea9b59069dd42,classified,Iris aphylla,Leaf Area,15,1,3,12,1,0,,domain_outlier;taxon_outlier,0,0,0,,,approve_none_grouped
c5292551e5c94f16beb0b66aaee6a6a0241f0347c12b123556d55c7838456d23,classified,Iris graminea,Leaf Area,15,2,2,0,2,0,,taxon_outlier,0,0,0,,,approve_none_grouped
88691087151e9779bc5cdf4e51c085916688d806b926139cc32c21c8a93adc74,classified,Iris pumila,Leaf Area,10,1,2,0,1,0,,taxon_outlier,0,0,0,,,approve_none_grouped
2ed6b27d64e127a040fd26ca086dbd14715cecb81b3601942c03f290157ec687,classified,Iris sibirica,Leaf Area,15,1,3,12,3,0,,domain_outlier;taxon_outlier,0,0,0,,,approve_none_grouped
efab96b5bfc40968d2aa7f81a7e6cd34b4bf480f219c383c99074ef60bf061af,classified,Iris spuria,Leaf Area,14,2,2,7,1,0,,domain_outlier;taxon_outlier,0,0,0,,,approve_none_grouped
b5ade2a445fc71da1fe6a302fbf29b828f75b989205f62dab69a241e3b9ec04d,classified,Isatis tinctoria,Leaf Area,20,1,2,3,3,0,,domain_outlier;taxon_outlier,0,0,0,,,approve_none_grouped
c6cfb2781387d0cb9783efc146281aa1e26b05d0cfd84bb65bf42d8a3ba92248,classified,Isocoma tenuisecta,Leaf Area,30,1,1,0,5,0,,taxon_outlier,0,0,0,,,approve_none_grouped
20c8e332957c348b1f929025542e7b9b830f366b498f4910fcfb703cce2b028b,classified,Isopyrum thalictroides,Leaf Area,10,1,1,4,1,0,,domain_outlier;taxon_outlier,0,0,0,,,approve_none_grouped
1f7ecfced78cb8717a6d3b579b96998943426fa0e3d48229d3437072b354dc47,classified,Jacobaea vulgaris,Leaf Area,47,3,47,9,2,0,,domain_outlier;taxon_outlier,1,0,1,,97c906fe31a77ac5fee55e78eb7bc23e414574540ead697f130d1355cf189f82,approve_none_after_source_rule
1500723111e8ee468ecdace891371824567ac2d9e8b6095c95a6f5084a75fd79,classified,Juncus drummondii,Leaf Area,23,1,2,0,5,0,,taxon_outlier,1,0,1,,8ddea77f82d884c1f128128e4ecd902453e642499cb52df3b28d00cf682288ab,approve_none_after_source_rule
8d481ce3e20dcf3dd87896171ca78ed584e1961cfad6a732f207d2510bdff722,classified,Juniperus communis,Leaf Area,77,3,13,0,6,0,,taxon_outlier,1,0,1,,97c906fe31a77ac5fee55e78eb7bc23e414574540ead697f130d1355cf189f82,approve_none_after_source_rule
2e256f603a8d67a039aee052487462dd81e7310e46ac4f17f202a3a79c9816df,classified,Juniperus oxycedrus,Leaf Area,63,3,10,0,6,0,,taxon_outlier,1,0,1,,97c906fe31a77ac5fee55e78eb7bc23e414574540ead697f130d1355cf189f82,approve_none_after_source_rule
f74a0eb17d2101b75962e5ef80f49db6863b1ba6c365c37b70b2f0c467bc9cef,classified,Juniperus phoenicea,Leaf Area,41,3,4,0,10,0,,taxon_outlier,0,0,0,,,approve_none_grouped
3b9a88cd5ca69b0860785ef32b046bca0e72e59b98fa737025ed2ad0fc7f4eeb,classified,Kalmia latifolia,Leaf Area,26,2,7,1,6,0,,domain_outlier;taxon_outlier,1,0,1,,97c906fe31a77ac5fee55e78eb7bc23e414574540ead697f130d1355cf189f82,approve_none_after_source_rule
30a3d0db2a0ee9004835f6a6b3b42ab5b54a2759cc1fbcd565fca737272be008,classified,Kalmia procumbens,Leaf Area,39,2,8,0,3,0,,taxon_outlier,1,0,1,,3f0543786babf50f90453c5af328dd77ba325efbdbd416d4aadf3aea9a3c4ec6,approve_none_after_source_rule
7d2676d27dbbeca20a9abf24f71aef52213f0b3a6212aa6c857d5682e310401c,classified,Knautia arvensis,Leaf Area,13,3,4,2,2,0,,domain_outlier;taxon_outlier,1,0,1,,97c906fe31a77ac5fee55e78eb7bc23e414574540ead697f130d1355cf189f82,approve_none_after_source_rule
388cc90e5014a50e24317ec7430657d1efade8e2bb90e4c931e13615c6568799,classified,Koeleria macrantha,Leaf Area,96,2,11,0,13,0,,taxon_outlier,0,0,0,,,approve_none_grouped
5011096eba17c56e6d2a3fa0f020fbed7f89947d4310c55c6aa0bd355ef34651,classified,Koeleria pyramidata,Leaf Area,11,2,2,0,2,0,,taxon_outlier,1,0,1,,97c906fe31a77ac5fee55e78eb7bc23e414574540ead697f130d1355cf189f82,approve_none_after_source_rule
30df64c2c701b09ec42342fc617e5bf479f597862e010c8ff69c5c996aa7e8c9,classified,Koeleria spicata,Leaf Area,28,1,4,0,1,0,,taxon_outlier,1,0,1,,8ddea77f82d884c1f128128e4ecd902453e642499cb52df3b28d00cf682288ab,approve_none_after_source_rule
0684566f19d190a949b38da89be215544b457b83ade151664ca457660bb4aa6c,classified,Laburnum anagyroides,Leaf Area,41,2,5,23,2,0,,domain_outlier;taxon_outlier,1,0,1,,97c906fe31a77ac5fee55e78eb7bc23e414574540ead697f130d1355cf189f82,approve_none_after_source_rule
eb646a29b6ddc5a5312c85d346682acccd99d5499bead94575988ebf90c2ef93,classified,Lactuca saligna,Leaf Area,10,1,1,0,1,0,,taxon_outlier,0,0,0,,,approve_none_grouped
cd5cf0ba53de9b8e382b7f366a0f0f071beff2fc335eed7d41f19dbe5e0d7074,classified,Laennecia schiedeana,Leaf Area,14,1,2,0,2,0,,taxon_outlier,0,0,0,,,approve_none_grouped
2dd73ac89b0d0ff02d4f2120c3b8cbe04bf560df91af272a94d22f0c581e9a58,classified,Lamarckia aurea,Leaf Area,20,2,2,0,4,0,,taxon_outlier,0,0,0,,,approve_none_grouped
afacff00b898e829a0576c2f351a3386415886e33ae9943ca8880ba560e2b7e0,classified,Lamium amplexicaule,Leaf Area,10,1,1,0,2,0,,taxon_outlier,0,0,0,,,approve_none_grouped
e1e99e2d05cbeb3e23fd47e5fa790b53adccaf9c6e5e305ccbade2af583d534c,classified,Lamium galeobdolon,Leaf Area,32,3,5,3,3,0,,domain_outlier;taxon_outlier,1,0,1,,97c906fe31a77ac5fee55e78eb7bc23e414574540ead697f130d1355cf189f82,approve_none_after_source_rule
d5d118cc37c9466ffae834656f2c9e1ee93432fb265d1e967529cb0e5f8e4b0b,classified,Lamium purpureum,Leaf Area,10,1,1,0,3,0,,taxon_outlier,0,0,0,,,approve_none_grouped
3be434d9e9976374fa6c15fd0ddff2b13ee7c455fbccf157d887b5bab5c87db1,classified,Laportea canadensis,Leaf Area,48,2,4,1,3,0,,domain_outlier;taxon_outlier,1,0,1,,97c906fe31a77ac5fee55e78eb7bc23e414574540ead697f130d1355cf189f82,approve_none_after_source_rule
955c164409a28ecdb56c4a0a6207808283b15831a90804b6a2c998853b45c042,classified,Lappula occidentalis,Leaf Area,10,1,1,0,2,0,,taxon_outlier,0,0,0,,,approve_none_grouped
56270adcd72ae2cb4205bf410e9a08bccd608cc67a97da2b0f1e93a97d65e5a9,classified,Lappula squarrosa,Leaf Area,15,2,2,0,2,0,,taxon_outlier,0,0,0,,,approve_none_grouped
9623f2a5a9d6e8d82bab02de70f32513ff49d3169ee52469b9ea7882cef51053,classified,Larix kaempferi,Leaf Area,15,1,1,0,3,0,,taxon_outlier,0,0,0,,,approve_none_grouped
952f044ead63b5341c81b0657fe5f5f2d6863d21f9c7e3fb8a7d11e9b827644e,classified,Larrea tridentata,Leaf Area,42,3,3,0,4,0,,taxon_outlier,1,0,1,,97c906fe31a77ac5fee55e78eb7bc23e414574540ead697f130d1355cf189f82,approve_none_after_source_rule
0109592b5380b70045148020da99b50b840ea08b1173d8c931f545cd85049d7f,classified,Lathyrus pannonicus,Leaf Area,20,2,3,0,1,0,,taxon_outlier,0,0,0,,,approve_none_grouped
05ff0d6579f57aace0590eb498e6b1f6d85253a5cbcb9aee334f6183e90214e1,classified,Lathyrus tuberosus,Leaf Area,10,1,1,0,1,0,,taxon_outlier,0,0,0,,,approve_none_grouped
4d89ebae398bd91ce2c3423a4568f7b87d9c1a8281acecfa5d8f7383193d6412,classified,Lathyrus vernus,Leaf Area,119,2,14,40,11,0,,domain_outlier;taxon_outlier,1,0,1,,97c906fe31a77ac5fee55e78eb7bc23e414574540ead697f130d1355cf189f82,approve_none_after_source_rule
0134a699b88871f122063a4faf8346ec9058beebd915b231f5e63377db4e0da6,classified,Lavandula latifolia,Leaf Area,34,2,3,0,4,0,,taxon_outlier,1,0,1,,97c906fe31a77ac5fee55e78eb7bc23e414574540ead697f130d1355cf189f82,approve_none_after_source_rule
afc2f6e8d7ea73eb2979c82d33fff39b333b87d7b4f2c75051ccd3d3ac4ebaf5,classified,Lavandula multifida,Leaf Area,14,2,5,0,3,0,,taxon_outlier,1,0,1,,97c906fe31a77ac5fee55e78eb7bc23e414574540ead697f130d1355cf189f82,approve_none_after_source_rule
b57034d95eb5416f655418ce26c5a2e710df5608d44221b1424e030a1ca43917,classified,Leontodon crispus,Leaf Area,10,1,1,0,2,0,,taxon_outlier,0,0,0,,,approve_none_grouped
e5cb878dc8a07db1c5e57591ac5de32efb3b30d19863a44b23689970fe5eda1b,classified,Leontodon hispidus,Leaf Area,104,3,13,2,18,0,,domain_outlier;taxon_outlier,2,0,2,,3f0543786babf50f90453c5af328dd77ba325efbdbd416d4aadf3aea9a3c4ec6;97c906fe31a77ac5fee55e78eb7bc23e414574540ead697f130d1355cf189f82,approve_none_after_source_rule
16dc0af185c97222ac8d97ed52dfc4dda5c3b842271efc2eff5e4b82ac835d3e,classified,Lepidium cartilagineum,Leaf Area,10,1,1,0,1,0,,taxon_outlier,0,0,0,,,approve_none_grouped
1330ce8a971def67ba1fb58e31903449809e11bcca537655a3911b11d3f64c48,classified,Lepidium draba,Leaf Area,12,2,3,0,1,0,,taxon_outlier,0,0,0,,,approve_none_grouped
ac367539243ec176fee589d370182f1238166118e9f5a08d4740a14efc9f5893,classified,Lepidium virginicum,Leaf Area,20,1,1,0,1,0,,taxon_outlier,0,0,0,,,approve_none_grouped
fbcb48fabf61cf0bbef6eeb5f3f79d90b0ba94af98946330ac8ec7a8bf016293,classified,Lespedeza cuneata,Leaf Area,58,2,11,0,8,0,,taxon_outlier,0,0,0,,,approve_none_grouped
d226e218019d989a2728b17d3a43b026174fe614ec73cd5847d8fce1df60e51c,classified,Leucanthemella serotina,Leaf Area,11,1,2,0,2,0,,taxon_outlier,0,0,0,,,approve_none_grouped
c85a9a1fd487935180dc51c88f82904db5915618f858142cc9bfbc874607107f,classified,Leucanthemopsis alpina,Leaf Area,92,1,5,0,9,0,,taxon_outlier,1,0,1,,3f0543786babf50f90453c5af328dd77ba325efbdbd416d4aadf3aea9a3c4ec6,approve_none_after_source_rule
835ac8a7375ab2f2451ff936d8c186cda777ca360000c91e5ff9a27f4fbc86bc,classified,Leucanthemum cantabricum,Leaf Area,10,1,1,0,3,0,,taxon_outlier,0,0,0,,,approve_none_grouped
33f8b14078155749c4206176b45baf56192e24eeecc9289d2f46cc03d6c2415e,classified,Leucanthemum vulgare,Leaf Area,35,4,14,0,6,0,,taxon_outlier,2,0,2,,3f0543786babf50f90453c5af328dd77ba325efbdbd416d4aadf3aea9a3c4ec6;97c906fe31a77ac5fee55e78eb7bc23e414574540ead697f130d1355cf189f82,approve_none_after_source_rule
5e35ec797f43a962c2f7c5a853c92f44c87298d5826c25b4caf30a0904f3879e,classified,Leucojum aestivum,Leaf Area,10,1,2,9,3,0,,domain_outlier;taxon_outlier,0,0,0,,,approve_none_grouped
64435c28d33b6bce138cd8a4475cd659d11d8e7f92b692ad50c714c93bf95fc7,classified,Lewisia pygmaea,Leaf Area,31,1,2,0,6,0,,taxon_outlier,1,0,1,,8ddea77f82d884c1f128128e4ecd902453e642499cb52df3b28d00cf682288ab,approve_none_after_source_rule
fd73b1934cb1d13aa72054a8897d7e960401ddf43ee41cee93d8823b7734631b,classified,Liatris punctata,Leaf Area,10,1,1,0,1,0,,taxon_outlier,0,0,0,,,approve_none_grouped
12368bfd86e87876bf94bdb6eb7c1f3115d73c40719e8970d34545901a67c0fa,classified,Ligustrum sinense,Leaf Area,20,1,1,0,1,0,,taxon_outlier,0,0,0,,,approve_none_grouped
5ade17ced14c8e2ecbabea1e28a01543c49f476a9c0ac8822ebb6ebdc949a41d,classified,Limonium hungaricum,Leaf Area,20,2,2,12,3,0,,domain_outlier;taxon_outlier,0,0,0,,,approve_none_grouped
2a523fbf2f8686fcefa0dda0a397cba9b3efac054f58985177061654ce79e0f4,classified,Linaria dalmatica,Leaf Area,31,2,4,0,4,0,,taxon_outlier,0,0,0,,,approve_none_grouped
e138eefb84db422a9016c69efe74374560dc9307674c2774380930ea97ac6798,classified,Linaria purpurea,Leaf Area,20,1,2,0,2,0,,taxon_outlier,0,0,0,,,approve_none_grouped
5d286e84f7e654dada4b3c337218c3ee213b5cc959f12ed8a1b048446fb7b76b,classified,Lindera benzoin,Leaf Area,71,2,5,67,1,0,,domain_outlier;taxon_outlier,1,0,1,,97c906fe31a77ac5fee55e78eb7bc23e414574540ead697f130d1355cf189f82,approve_none_after_source_rule
a4fc79168360029b8130335e38b039539fa9b92058bbd3d5fbf4eda70da6f995,classified,Linnaea borealis,Leaf Area,58,2,19,0,1,0,,taxon_outlier,1,0,1,,97c906fe31a77ac5fee55e78eb7bc23e414574540ead697f130d1355cf189f82,approve_none_after_source_rule
5f8b75ef87767e0ab01cd87c75cf068928a7cc80e4960874df283974b8c8bd7a,classified,Linum australe,Leaf Area,21,1,3,0,1,0,,taxon_outlier,0,0,0,,,approve_none_grouped
2beafbf69e2bc63c7a3d75882a09a29d1264b97a5e5db0f97a60603335795398,classified,Linum lewisii,Leaf Area,23,2,6,0,1,0,,taxon_outlier,0,0,0,,,approve_none_grouped
c55d7f36702c6282ac91f96ba1ba70327d83faffc44ab0d15febdda3cf9820c5,classified,Liquidambar styraciflua,Leaf Area,35,2,11,6,7,0,,domain_outlier;taxon_outlier,1,0,1,,97c906fe31a77ac5fee55e78eb7bc23e414574540ead697f130d1355cf189f82,approve_none_after_source_rule
c887bb93bbf69f964b476f54517d27e4dd8471e6f9390be91ece360f79caffea,classified,Liriodendron tulipifera,Leaf Area,55,2,15,11,11,0,,domain_outlier;taxon_outlier,1,0,1,,97c906fe31a77ac5fee55e78eb7bc23e414574540ead697f130d1355cf189f82,approve_none_after_source_rule
e47af0c836ae363429fb7bef47d9c6c03c8a314a009af0ca0f2a070604c3742d,classified,Liriope spicata,Leaf Area,20,1,1,0,1,0,,taxon_outlier,0,0,0,,,approve_none_grouped
767d5f4d66c7f4dc5b62433ca4e97cd263e6dc1f4ffb610e1d96f3aa07c80a69,classified,Lithospermum multiflorum,Leaf Area,10,1,1,0,2,0,,taxon_outlier,0,0,0,,,approve_none_grouped
e89954dd78a002d9d569bd1864060d77b787265a86acfc4866933b12141400be,classified,Lolium perenne,Leaf Area,203,3,54,26,29,0,,domain_outlier;taxon_outlier,1,0,1,,e4504212b94c4e98f98f76ddea21e6c14b670b0c7aae7732d5367fd7d08e2017,approve_none_after_source_rule
21310ecb72c56da3c17c9dcf37326dbdcf1e3b652c4026a002aa5dda89770936,classified,Lolium pratense,Leaf Area,223,2,74,27,42,0,,domain_outlier;taxon_outlier,1,0,1,,e4504212b94c4e98f98f76ddea21e6c14b670b0c7aae7732d5367fd7d08e2017,approve_none_after_source_rule
99172ae3cff6de68d1987bf895b01f0bd2f25001a93a23826ba3ec60c0d353d2,classified,Lolium rigidum,Leaf Area,33,2,5,0,1,0,,taxon_outlier,1,0,1,,97c906fe31a77ac5fee55e78eb7bc23e414574540ead697f130d1355cf189f82,approve_none_after_source_rule
0fcc6b7f1badfc1a4b148ed8439afba9b19e7f067b59a0fbdfd391b0b8e42fe1,classified,Lonicera,Leaf Area,25,1,10,0,6,0,,taxon_outlier,0,0,0,,,approve_none_grouped
13ac98aa17cb67f54d5d7a2a003dfdcdf78dd6712464ca6164c9ebc61a6453a7,classified,Lonicera maackii,Leaf Area,75,1,1,19,2,0,,domain_outlier;taxon_outlier,0,0,0,,,approve_none_grouped
1d628a859f830eda11350af4a93422769496f372abdbcb2c00c64c04798c17d0,classified,Lonicera periclymenum,Leaf Area,12,2,3,0,2,0,,taxon_outlier,1,0,1,,97c906fe31a77ac5fee55e78eb7bc23e414574540ead697f130d1355cf189f82,approve_none_after_source_rule
00aeb9d889c292d79c999f7281ae7019b12d734270849e88c2ede9b0129f7fb7,classified,Lonicera xylosteum,Leaf Area,41,3,6,0,14,0,,taxon_outlier,1,0,1,,97c906fe31a77ac5fee55e78eb7bc23e414574540ead697f130d1355cf189f82,approve_none_after_source_rule
a999348d4f05ae2c7f96859b6d858f124cf916558df66fe8917be304187653b8,classified,Lotus alpinus,Leaf Area,10,1,1,0,2,0,,taxon_outlier,0,0,0,,,approve_none_grouped
c04196caf421240fe5b12046b3b897007219388bb7fed8fe93197ddaa010a2a8,classified,Lotus corniculatus,Leaf Area,127,4,23,0,5,0,,taxon_outlier,1,0,1,,3f0543786babf50f90453c5af328dd77ba325efbdbd416d4aadf3aea9a3c4ec6,approve_none_after_source_rule
d41c6ed35c396c6404256de376eed33d752aca155ba317c01ca1aecbc41b1053,classified,Lotus cytisoides,Leaf Area,13,1,1,0,1,0,,taxon_outlier,0,0,0,,,approve_none_grouped
6faedd014ada4e86c6bdb7222d2b04e0cea17068009e36f9da1806bfab6172c2,classified,Lotus dorycnium,Leaf Area,17,2,7,0,4,0,,taxon_outlier,1,0,1,,97c906fe31a77ac5fee55e78eb7bc23e414574540ead697f130d1355cf189f82,approve_none_after_source_rule
1c3b51069aff16ae462869da5028dba9f4eb426adb77e839e6ee7bc78d914a44,classified,Lotus germanicus,Leaf Area,10,1,1,0,1,0,,taxon_outlier,0,0,0,,,approve_none_grouped
9bc15060d6382b8ed803a9babee03627a444eb7ab9e5b2ad472e13966c2e1079,classified,Lotus maritimus,Leaf Area,10,1,1,0,3,0,,taxon_outlier,0,0,0,,,approve_none_grouped
8c7f92203ff48b9c57aef55371c41c5591353ea1f1237a08f681b30ad28e7ab7,classified,Lupinus argenteus,Leaf Area,49,1,4,0,4,0,,taxon_outlier,0,0,0,,,approve_none_grouped
d73837d93fa688c28e536748c770fa2c2e462dece548e96fe2ac95b0be2dcb48,classified,Lupinus kingii,Leaf Area,21,1,3,0,1,0,,taxon_outlier,0,0,0,,,approve_none_grouped
8c83a14999950a36425719c9dbb4d3ca687a3ebcb4efeee4af88e6eb0382cffe,classified,Lupinus nanus,Leaf Area,78,1,1,0,2,0,,taxon_outlier,0,0,0,,,approve_none_grouped
26b491596b63766167ed85cb7bb862b2fda874c127d28529de5e2bced8834af7,classified,Lupinus perennis,Leaf Area,14,1,1,0,4,0,,taxon_outlier,0,0,0,,,approve_none_grouped
7e456e52e710b5e5d579b0f3342db39c35b5473fb548dddd2a3a0d51dcd8f523,classified,Lupinus variicolor,Leaf Area,78,1,1,0,8,0,,taxon_outlier,0,0,0,,,approve_none_grouped
7ba23c4594b561942822fe9f91670e40ada829c087e26eb39fc7df25ba184125,classified,Luzula spicata,Leaf Area,52,1,4,0,3,0,,taxon_outlier,1,0,1,,8ddea77f82d884c1f128128e4ecd902453e642499cb52df3b28d00cf682288ab,approve_none_after_source_rule
0edba6cb6965b4c1a32bb541a1d07d5b19a788773466a251bb92b0e0639cf974,classified,Luzula sylvatica,Leaf Area,90,2,9,0,2,0,,taxon_outlier,0,0,0,,,approve_none_grouped
ccd3acdbfc2a4fab76c48b56a610cba5e0da509f03a2e0e309445221aeb5c877,classified,Lycium exsertum,Leaf Area,10,1,1,0,2,0,,taxon_outlier,0,0,0,,,approve_none_grouped
97abb4f3f2ceebdec82f46303323268973f9491b0e1deb7574e677fae6934409,classified,Lysimachia borealis,Leaf Area,52,2,8,0,6,0,,taxon_outlier,0,0,0,,,approve_none_grouped
ab8ebd4fb876d23688fde027bdfbf7f4037e290e30402a2aeb4545d30997d0b4,classified,Lysimachia europaea,Leaf Area,31,3,10,0,3,0,,taxon_outlier,1,0,1,,97c906fe31a77ac5fee55e78eb7bc23e414574540ead697f130d1355cf189f82,approve_none_after_source_rule
8b7e1626a39a46eb798f23b1095619faf61fc58f9d09c738034641e917927588,classified,Lysimachia hybrida,Leaf Area,32,1,2,0,1,0,,taxon_outlier,0,0,0,,,approve_none_grouped
d43802e8af9b614c33d460c52ecc3d7c9482b30a16fff12898a98803f9f1c6ac,classified,Macrochloa tenacissima,Leaf Area,93,2,12,1,13,0,,domain_outlier;taxon_outlier,0,0,0,,,approve_none_grouped
5c0d509b534bdd7e0ff0b751fc914f291ca1a36b36dfbc5379e440e2c8fe5af2,classified,Magnolia virginiana,Leaf Area,27,2,2,1,1,0,,domain_outlier;taxon_outlier,1,0,1,,97c906fe31a77ac5fee55e78eb7bc23e414574540ead697f130d1355cf189f82,approve_none_after_source_rule
55f1f2611bc31dc3806b0570b121b7c5885cd82faf3c5e0943d221cb5cc2fcec,classified,Mahonia bealei,Leaf Area,20,1,1,0,3,0,,taxon_outlier,0,0,0,,,approve_none_grouped
5579edce00fc7234557f66f05ff8a040bcfc8474f8fb06cd8db37c2c3b151a0f,classified,Maianthemum canadense,Leaf Area,98,3,9,0,9,0,,taxon_outlier,1,0,1,,97c906fe31a77ac5fee55e78eb7bc23e414574540ead697f130d1355cf189f82,approve_none_after_source_rule
5466348c2c3a0a2695fae6b4c8e3e71f25b14ff1e4774b46d735069fed8d53da,classified,Maianthemum racemosum,Leaf Area,12,2,7,2,2,0,,domain_outlier;taxon_outlier,1,0,1,,97c906fe31a77ac5fee55e78eb7bc23e414574540ead697f130d1355cf189f82,approve_none_after_source_rule
6224a5f61c1b2c9b7b35f38194fdadd9194c0983f126f8648d96bed5665fd70b,classified,Marrubium peregrinum,Leaf Area,10,1,1,0,3,0,,taxon_outlier,0,0,0,,,approve_none_grouped
1a710d3a1ec7a5f576b2baa32ee2a155a1db9a96a061b6060bbe96f7fa428e4d,classified,Marsilea quadrifolia,Leaf Area,10,1,1,0,1,0,,taxon_outlier,0,0,0,,,approve_none_grouped
b9c3bedfa68e37083e732b2630cc082e197f4b201df9cb15ed3166956484ab59,classified,Matthiola perennis,Leaf Area,10,1,1,0,2,0,,taxon_outlier,0,0,0,,,approve_none_grouped
d6c2bee301db7f4755c32963ab9693c19b44065ead3a2f2905c4bd99cc7843ba,classified,Medicago falcata,Leaf Area,10,1,1,0,1,0,,taxon_outlier,0,0,0,,,approve_none_grouped
2041a84ccb2dc6c5c6044a94826e854f5119033823eeec3a75f6618739a2e622,classified,Medicago littoralis,Leaf Area,26,2,4,0,5,0,,taxon_outlier,0,0,0,,,approve_none_grouped
74fe16ab54bdfcef14d788448e8dc632b78f24f66fbf8b96ddff12797415f888,classified,Medicago lupulina,Leaf Area,40,2,13,0,9,0,,taxon_outlier,0,0,0,,,approve_none_grouped
223f6322cdc2d4946cc7a36e5beefab71f6c8ec8c7dba4ce5d8aa1a99c7a8a76,classified,Medicago marina,Leaf Area,40,1,2,0,6,0,,taxon_outlier,0,0,0,,,approve_none_grouped
b0bb9e1e6e71da15bc272b45528433e73ce89ad0eefda9b892e17d739c3bb57b,classified,Medicago minima,Leaf Area,17,2,4,0,2,0,,taxon_outlier,0,0,0,,,approve_none_grouped
b9c86333b7d8014289a7352e7c0783a307d924d88f7bf85e96f9797a5cdb87e4,classified,Medicago polymorpha,Leaf Area,200,1,1,0,14,0,,taxon_outlier,0,0,0,,,approve_none_grouped
039c74d5f3f0064bf9c3434d27faa70f5573accfddd12d261b64a35ad8a7fd39,classified,Medicago rigidula,Leaf Area,10,1,2,0,2,0,,taxon_outlier,0,0,0,,,approve_none_grouped
5ea4dd818e7eadd9a74aeea866f8269d40c3ddd2db1c4d5b82676e14cb73ed0c,classified,Medicago sativa,Leaf Area,52,2,2,0,2,0,,taxon_outlier,0,0,0,,,approve_none_grouped
1153e09341e313735369db328c89be1038f452b787b68a92fc82aa1afe325cae,classified,Melica uniflora,Leaf Area,90,1,9,0,1,0,,taxon_outlier,0,0,0,,,approve_none_grouped
b7d4fca23ce3c63fd8f62bb37baa548e5b083c87c2b6878f02801bf209dfd47c,classified,Melittis melissophyllum,Leaf Area,84,1,9,10,10,0,,domain_outlier;taxon_outlier,0,0,0,,,approve_none_grouped
0664f64f6e59674d79c204b804470b7295a62830754636e33b6e23f0adf88c5a,classified,Menispermum canadense,Leaf Area,10,2,2,1,1,0,,domain_outlier;taxon_outlier,1,0,1,,97c906fe31a77ac5fee55e78eb7bc23e414574540ead697f130d1355cf189f82,approve_none_after_source_rule
c9ac6da418c1014e195583cbff1988fa182ed37bda40909f2c88b50105509045,classified,Menodora spinescens,Leaf Area,11,1,1,0,2,0,,taxon_outlier,0,0,0,,,approve_none_grouped
9bda7b0a3bc244725215f1a11d98e5b8b5370bc3c315c52bd6aa6e5e7b666b46,classified,Mentha aquatica,Leaf Area,11,2,11,0,2,0,,taxon_outlier,0,0,0,,,approve_none_grouped
a981802f181dd194abb15e88ed6b2a652d3bab44b9baa459381918137ed3c59c,classified,Mercurialis perennis,Leaf Area,80,1,8,0,18,0,,taxon_outlier,0,0,0,,,approve_none_grouped
f16cc742153b2759ebff5786873af63587e035691eba4727471c9e0f83ee5c0c,classified,Mertensia lanceolata,Leaf Area,26,2,3,0,1,0,,taxon_outlier,1,0,1,,8ddea77f82d884c1f128128e4ecd902453e642499cb52df3b28d00cf682288ab,approve_none_after_source_rule
e1c3278e1f1df6b7ed57145c59c003f2119e870bd6696121928174c77bfabfd8,classified,Micranthes stellaris,Leaf Area,17,1,2,0,2,0,,taxon_outlier,1,0,1,,3f0543786babf50f90453c5af328dd77ba325efbdbd416d4aadf3aea9a3c4ec6,approve_none_after_source_rule
2778a94bb6a526f622e951f230e3a9e0b15553eec581c6405d20d800f9acdfd6,classified,Minuartia glomerata,Leaf Area,10,1,1,0,2,0,,taxon_outlier,0,0,0,,,approve_none_grouped
2f9ece2b60a2eeb0fb10848ad38cd305deb33de300fc755d15385bba67abc7a4,classified,Mirabilis decipiens,Leaf Area,20,1,2,0,1,0,,taxon_outlier,0,0,0,,,approve_none_grouped
71cf63f4880be726de4a38b7cfcf11835d231f7b0699b1babbebd9f5739fb5ae,classified,Misopates orontium,Leaf Area,11,2,2,0,2,0,,taxon_outlier,0,0,0,,,approve_none_grouped
38eca211f539a6a160e31b9d42b833475558ef1397fa97f159795e09560f04e1,classified,Mitchella repens,Leaf Area,26,3,9,0,1,0,,taxon_outlier,1,0,1,,97c906fe31a77ac5fee55e78eb7bc23e414574540ead697f130d1355cf189f82,approve_none_after_source_rule
97f257737739aef598d3b08287e7e2d9a61e57a505f922e25d879db4fc741de3,classified,Monarda fistulosa,Leaf Area,41,2,8,0,7,0,,taxon_outlier,1,0,1,,97c906fe31a77ac5fee55e78eb7bc23e414574540ead697f130d1355cf189f82,approve_none_after_source_rule
7b99a9b3c6c513cd2fc36feccf1fb469a335f65d6f5afb29be3c6e7eb4b18a7b,classified,Monarda punctata,Leaf Area,18,1,1,0,1,0,,taxon_outlier,0,0,0,,,approve_none_grouped
91feed5004703e4e90b125dbedd5853bd3ed658b773560ccaa344d55d9839da2,classified,Muhlenbergia minutissima,Leaf Area,10,1,1,0,3,0,,taxon_outlier,0,0,0,,,approve_none_grouped
98ab4bc6a1abcc8726ca3fedb78871991afb3f337bd7026976672ad98d4469f3,classified,Muhlenbergia montana,Leaf Area,20,1,2,0,2,0,,taxon_outlier,0,0,0,,,approve_none_grouped
caff0a7f62b94b1ac5865fcebe851be1c7c7d4b03ba5df35a051a9b38b461e47,classified,Muhlenbergia ramulosa,Leaf Area,10,1,1,0,1,0,,taxon_outlier,0,0,0,,,approve_none_grouped
28d9753310aa98ad2e06a721a667466d3b4ff1890b78520c7969795e3cd30c16,classified,Muhlenbergia rigens,Leaf Area,22,1,2,0,1,0,,taxon_outlier,0,0,0,,,approve_none_grouped
1be70b3ef37ad39708b718d787e330b35b7fd748831fa352aaad97dc5052707c,classified,Muhlenbergia tricholepis,Leaf Area,20,1,2,0,1,0,,taxon_outlier,0,0,0,,,approve_none_grouped
e2f91d0e417cfa016eef19f8786f8a923091b22c5d0251aee6ddebb1717d97c5,classified,Muhlenbergia wrightii,Leaf Area,20,1,2,0,1,0,,taxon_outlier,0,0,0,,,approve_none_grouped
15a9629d0b186429fb828546d4bf1a062c6334da45efcb411deb501a420471c7,classified,Munroa squarrosa,Leaf Area,10,1,1,0,2,0,,taxon_outlier,0,0,0,,,approve_none_grouped
005eba65590d4c2f92caf7d3ae736d39cfe921fc8d08aec1cee79b5729631b2f,classified,Muscari comosum,Leaf Area,10,1,1,10,1,0,,domain_outlier;taxon_outlier,0,0,0,,,approve_none_grouped
051132434aeb7c761fec7274eabc837495f8880acfe358ffcffe41706dc7881f,classified,Musineon divaricatum,Leaf Area,10,1,1,0,2,0,,taxon_outlier,0,0,0,,,approve_none_grouped
d38b3f060bf35dacb6b40010286b0b392a27d09c92161300c4a5ec46246471e6,classified,Mutellina adonidifolia,Leaf Area,24,1,3,0,5,0,,taxon_outlier,1,0,1,,3f0543786babf50f90453c5af328dd77ba325efbdbd416d4aadf3aea9a3c4ec6,approve_none_after_source_rule
6b2fceb95e8ccd0b1e5709482500e745eb85864e48784690af3505e3f8e411fb,classified,Mycelis muralis,Leaf Area,50,1,5,26,4,0,,domain_outlier;taxon_outlier,0,0,0,,,approve_none_grouped
90803786b8638c6c05260a04f45c7e04a22bd4bf0fbc992a71521481c1557d5f,classified,Myosotis martini,Leaf Area,10,1,1,0,1,0,,taxon_outlier,0,0,0,,,approve_none_grouped
2eda0c9279280516892c2b3c450c829da76e083ac99cfd82d9c712e52ac519a5,classified,Myrtus communis,Leaf Area,51,3,9,0,2,0,,taxon_outlier,1,0,1,,97c906fe31a77ac5fee55e78eb7bc23e414574540ead697f130d1355cf189f82,approve_none_after_source_rule
1bceb01d01740c0890b1bd07be1997609228e354236a69f437fe69b86bb82eb0,classified,Nama dichotoma,Leaf Area,10,1,1,0,1,0,,taxon_outlier,0,0,0,,,approve_none_grouped
571d409c299ca7502f8469fbef6589b00dcac99672e194504f45a6af1c012b3c,classified,Nassella pulchra,Leaf Area,204,1,1,0,10,0,,taxon_outlier,0,0,0,,,approve_none_grouped
d1a0dd880446a4071c5707c39fda0433e803cfac58461d7a26048ea0e6d29c5f,classified,Neatostema apulum,Leaf Area,28,2,3,0,2,0,,taxon_outlier,1,0,1,,97c906fe31a77ac5fee55e78eb7bc23e414574540ead697f130d1355cf189f82,approve_none_after_source_rule
aaebce0462b5acf6e450251de78bc7a95eae6ef6156ca0ce8a4ad2ec8b1ba463,classified,Nepenthes coccinea,Leaf Area,10,1,1,1,2,0,,domain_outlier;taxon_outlier,0,0,0,,,approve_none_grouped
7d8c7362e0fb95313f554bb68e48aa057f817fcda45afbcab2756fb0569cb443,classified,Noccaea montana,Leaf Area,33,2,5,0,3,0,,taxon_outlier,1,0,1,,8ddea77f82d884c1f128128e4ecd902453e642499cb52df3b28d00cf682288ab,approve_none_after_source_rule
b0f5c895ec853cbebfef5851847415c5962704dc31ed3b6b705c041e4f593004,classified,Nyssa sylvatica,Leaf Area,51,2,13,5,8,0,,domain_outlier;taxon_outlier,1,0,1,,97c906fe31a77ac5fee55e78eb7bc23e414574540ead697f130d1355cf189f82,approve_none_after_source_rule
9e297e266a398332f2ba4447f05656fa68b2dc8f7169b0ce4473c9b810612030,classified,Oclemena acuminata,Leaf Area,13,2,6,0,3,0,,taxon_outlier,1,0,1,,97c906fe31a77ac5fee55e78eb7bc23e414574540ead697f130d1355cf189f82,approve_none_after_source_rule
a4fe7424ecb678c6de925222fd8e334f839e1b1cad8eb0209daae715e359bfcb,classified,Odontarrhena tortuosa,Leaf Area,10,1,1,0,1,0,,taxon_outlier,0,0,0,,,approve_none_grouped
82c469428436c6044ad9c6c71ae10a73ba248f0d00f482427b1812d3560e1273,classified,Oenothera pubescens,Leaf Area,10,1,1,0,1,0,,taxon_outlier,0,0,0,,,approve_none_grouped
ac824fa16177a99c08fc43ce1b14fa4a6393bb38451edb7231ef9728bd3b5971,classified,Olea europaea,Leaf Area,25,2,9,0,2,0,,taxon_outlier,1,0,1,,97c906fe31a77ac5fee55e78eb7bc23e414574540ead697f130d1355cf189f82,approve_none_after_source_rule
003dc8beb22ace90a58c1d6b96e0f90a0dd0b5043b754e435f9833e2b8a2c9ef,classified,Olneya tesota,Leaf Area,11,1,1,0,1,0,,taxon_outlier,0,0,0,,,approve_none_grouped
8d29ae9d136b895bf294a64536488548453bbdd6934c10a0aa10e3f6ba9ad284,classified,Omalotheca supina,Leaf Area,71,1,4,0,4,0,,taxon_outlier,0,0,0,,,approve_none_grouped
a085cf415d323cd8034a0af4de5a81feb37cfd9eaeedf8c12a70d9f57545948f,classified,Onoclea sensibilis,Leaf Area,43,1,4,0,8,0,,taxon_outlier,0,0,0,,,approve_none_grouped
021ee336e077a9a6c2f1da54d1afc73e69b26de4bac04308169c80a261cdecce,classified,Ononis spinosa,Leaf Area,39,5,11,0,1,0,,taxon_outlier,0,0,0,,,approve_none_grouped
caa50ba2b207f956354b264dc6ab9ada40106b86f249eec84cf1896cd698e431,classified,Ononis variegata,Leaf Area,55,1,2,0,8,0,,taxon_outlier,0,0,0,,,approve_none_grouped
c6007a1acfe519423776454112946fe68fc294067a47ed3f069101c6f5b208af,classified,Onosma arenaria,Leaf Area,10,1,2,0,2,0,,taxon_outlier,0,0,0,,,approve_none_grouped
7fcbc180a89bd783fea3091f241ff2cd8dc691f7ec4cc0bd697d3f65b1a2a882,classified,Oreochloa disticha,Leaf Area,30,1,2,0,1,0,,taxon_outlier,0,0,0,,,approve_none_grouped
954be3336c30413dc6cd658b553c767faf7088eee09e635fadb6850fa8254664,classified,Oreojuncus trifidus,Leaf Area,50,2,19,0,6,0,,taxon_outlier,1,0,1,,97c906fe31a77ac5fee55e78eb7bc23e414574540ead697f130d1355cf189f82,approve_none_after_source_rule
1be7d9cecfcfacc9589232f6c99f5aec66937c2f1ac06e56eb41df6fda8808bd,classified,Oreoxis alpina,Leaf Area,16,1,2,0,2,0,,taxon_outlier,1,0,1,,8ddea77f82d884c1f128128e4ecd902453e642499cb52df3b28d00cf682288ab,approve_none_after_source_rule
2e11e8c33fe3a01f4b32cb35c3cb848e816be042b1c9771f84bd0fc28f90798c,classified,Orlaya grandiflora,Leaf Area,10,1,1,0,1,0,,taxon_outlier,0,0,0,,,approve_none_grouped
f72c9de2171a99403a1cea847999848504c12c68363680655a5491fdfa42e794,classified,Ornithopus compressus,Leaf Area,30,1,1,0,1,0,,taxon_outlier,0,0,0,,,approve_none_grouped
a5a9b4ae504f033b7bbe78897a3529a1d94cd61e303e49b638ff1c193520be57,classified,Osmorhiza claytonii,Leaf Area,23,3,9,1,2,0,,domain_outlier;taxon_outlier,1,0,1,,97c906fe31a77ac5fee55e78eb7bc23e414574540ead697f130d1355cf189f82,approve_none_after_source_rule
02431ed533851f6f068f2947e3a4380a4560b91255d2a8510c534e887a52d133,classified,Ostrya virginiana,Leaf Area,27,4,15,6,6,0,,domain_outlier;taxon_outlier,1,0,1,,97c906fe31a77ac5fee55e78eb7bc23e414574540ead697f130d1355cf189f82,approve_none_after_source_rule
56097952762ef49e25134586bdaab3ddf6eba56e350b5bb4d199efe671da73b4,classified,Oxalis acetosella,Leaf Area,19,3,4,0,2,0,,taxon_outlier,1,0,1,,97c906fe31a77ac5fee55e78eb7bc23e414574540ead697f130d1355cf189f82,approve_none_after_source_rule
ac566593b98329ed856d04b716536df3af12be58e7ee1857b89b0d21d1e819c2,classified,Oxalis dillenii,Leaf Area,56,2,3,0,8,0,,taxon_outlier,0,0,0,,,approve_none_grouped
347d3ebe6f2bb37fd5d483ea3af997fa500ef9abf1017f957677ab9156cd9f8f,classified,Oxygraphis kamchatica,Leaf Area,10,1,1,0,2,0,,taxon_outlier,0,0,0,,,approve_none_grouped
ef94eb6585ddbf89cee06e3aa2bd77eeb2c0778c6c59f53a7a9af8621eec881a,classified,Oxyria digyna,Leaf Area,27,1,2,0,2,0,,taxon_outlier,0,0,0,,,approve_none_grouped
489621ed9e1dd8d57a0e19f48d0b58bbc0afde28674c03ff9dd6163975014a85,classified,Oxytropis lambertii,Leaf Area,21,1,3,0,1,0,,taxon_outlier,0,0,0,,,approve_none_grouped
32c3657feb21630f962f696c4606a891dddea0e93bc281f53ce9834d974ff160,classified,Packera actinella,Leaf Area,21,1,1,0,5,0,,taxon_outlier,0,0,0,,,approve_none_grouped
5e063df69f2f2f56eb97eea5a052c9269156f5fa1c65bccc096449a45be55425,classified,Packera crocata,Leaf Area,11,1,2,0,1,0,,taxon_outlier,1,0,1,,8ddea77f82d884c1f128128e4ecd902453e642499cb52df3b28d00cf682288ab,approve_none_after_source_rule
93a7f3f61995c6731a27744bcfcb353c3712f8ff58dcb8fc3a2d5e3fca7ea2e9,classified,Packera multilobata,Leaf Area,12,1,3,0,1,0,,taxon_outlier,0,0,0,,,approve_none_grouped
287ab412090b1b9114f0695ded47b5dd7a1ba6cf618af27b0c57e31d00c0abe6,classified,Pancratium maritimum,Leaf Area,118,1,2,96,6,0,,domain_outlier;taxon_outlier,0,0,0,,,approve_none_grouped
3d7a50b2293b645e9c9f9b9d20b99fa915ab74becaec4a26ffbeecbe5a4beb20,classified,Panicum rudgei,Leaf Area,10,1,2,0,2,0,,taxon_outlier,0,0,0,,,approve_none_grouped
31b60c67dd383b874810d2b27f5493e3886570aac7afabcb02ce6fdea83a1357,classified,Papaver rhoeas,Leaf Area,11,2,2,0,1,0,,taxon_outlier,0,0,0,,,approve_none_grouped
61c1afbd4005e0ae81243d3a95ed390e235f5c69b14e1c07b12d7394b20fc8bc,classified,Parnassia palustris,Leaf Area,39,2,10,0,5,0,,taxon_outlier,1,0,1,,3f0543786babf50f90453c5af328dd77ba325efbdbd416d4aadf3aea9a3c4ec6,approve_none_after_source_rule
b194e1a7160abf96109b6318661ee0d4c4558ed3e71e0ceb82487350bcf55ca2,classified,Parthenium incanum,Leaf Area,11,1,1,0,4,0,,taxon_outlier,0,0,0,,,approve_none_grouped
4595a0781c13a7a004955a394c8033ba95b7a2eb049d7119921a4deec3699dca,classified,Parthenocissus quinquefolia,Leaf Area,28,2,4,1,5,0,,domain_outlier;taxon_outlier,1,0,1,,97c906fe31a77ac5fee55e78eb7bc23e414574540ead697f130d1355cf189f82,approve_none_after_source_rule
20bf640ae9580a2922144bcca2e279067c75866db454fe0d3a7d73dbe5709230,classified,Paulownia tomentosa,Leaf Area,15,1,1,0,1,0,,taxon_outlier,0,0,0,,,approve_none_grouped
fc81fc3b73b279de5e2708248b0b1ee99e8899124de3b49b0ae280e1949e0546,classified,Pedicularis lapponica,Leaf Area,35,3,12,0,3,0,,taxon_outlier,1,0,1,,97c906fe31a77ac5fee55e78eb7bc23e414574540ead697f130d1355cf189f82,approve_none_after_source_rule
d134f573cbc6991adb0947819addc8d32113520489ec5b03481653efef2e157e,classified,Pedicularis parryi,Leaf Area,11,1,2,0,3,0,,taxon_outlier,1,0,1,,8ddea77f82d884c1f128128e4ecd902453e642499cb52df3b28d00cf682288ab,approve_none_after_source_rule
7c5c6fce85340411ac15c074b5269ee0e3c703a0dab4656bc38bfe1c117d9eb6,classified,Pedicularis pyrenaica,Leaf Area,10,1,1,0,1,0,,taxon_outlier,0,0,0,,,approve_none_grouped
144d81ad6e7f5f41b76a51f494a4126afb68761560842706cd7816707d9496dd,classified,Pedicularis verticillata,Leaf Area,14,1,3,0,3,0,,taxon_outlier,0,0,0,,,approve_none_grouped
9299c6f1fcf840fa9e99bd58b8978fa3073e7414828ee344d9e207ae2668755d,classified,Penstemon albidus,Leaf Area,10,1,1,0,1,0,,taxon_outlier,0,0,0,,,approve_none_grouped
ad7329f76a1ee6620fa3ed120cb798682ba345d37945714ca85baf3b1a59b589,classified,Penstemon barbatus,Leaf Area,22,1,3,0,1,0,,taxon_outlier,0,0,0,,,approve_none_grouped
2439ae68f58dd606e7ede4b176f5c7a82e5e33f796a3d88c7b9b94a275ce00ad,classified,Penstemon whippleanus,Leaf Area,11,1,2,0,2,0,,taxon_outlier,1,0,1,,8ddea77f82d884c1f128128e4ecd902453e642499cb52df3b28d00cf682288ab,approve_none_after_source_rule
fa2f4666f6c2dfb8aa2ff50b1674b56d17da8df64e3bbe3823d356d72c791eb2,classified,Pentanema britannicum,Leaf Area,10,1,1,0,1,0,,taxon_outlier,0,0,0,,,approve_none_grouped
c99659c35eeb4e0d95689c6f25b18c219ea5c6e6a64fff26c349192bb1216a92,classified,Pentanema ensifolium,Leaf Area,20,2,2,0,3,0,,taxon_outlier,0,0,0,,,approve_none_grouped
e9fce60255caee66ae1fca4bfb1eb80f9fc196de71ed64d4e5fc05d4c80dbb05,classified,Pentanema salicinum,Leaf Area,10,1,1,0,1,0,,taxon_outlier,0,0,0,,,approve_none_grouped
2b2f6dedd0ca7dc710c6aa92c23cc105656f04e21dc11f4a94303caedb22dcbb,classified,Persicaria amphibia,Leaf Area,11,4,6,0,2,0,,taxon_outlier,1,0,1,,97c906fe31a77ac5fee55e78eb7bc23e414574540ead697f130d1355cf189f82,approve_none_after_source_rule
cab9edb7bc3b3507cb2435fa3036bc1f19c37e4d659aaac2dc1e5c7a8e5fbb4d,classified,Persicaria hydropiperoides,Leaf Area,12,1,1,0,2,0,,taxon_outlier,0,0,0,,,approve_none_grouped
16020c6ae4b8095d477144210fe500a403195756e2a7d2de26d914712da19730,classified,Persicaria pensylvanica,Leaf Area,12,1,1,0,2,0,,taxon_outlier,0,0,0,,,approve_none_grouped
957647c6a32ee2802047ec40a0d30c38d45335fad7d4d2c36b21a7bb82620a24,classified,Persicaria sagittata,Leaf Area,24,1,3,0,3,0,,taxon_outlier,0,0,0,,,approve_none_grouped
e4f9e208ce0c0e455f1a03e3864a845120cec8dada6fdb51996a4747ab6ff38d,classified,Petasites frigidus,Leaf Area,14,1,2,1,1,0,,domain_outlier;taxon_outlier,0,0,0,,,approve_none_grouped
b6e37dfd25efc701bc04f999f99f611715bb6c9a3c7c0dad1e84e8188463e5b8,classified,Peucedanum officinale,Leaf Area,15,1,2,15,3,0,,domain_outlier;taxon_outlier,0,0,0,,,approve_none_grouped
51a7171d7f71e63a412c9ddc5c7b9bd83b57387e31a0ea162d0c6650e42f5057,classified,Phacelia hastata,Leaf Area,25,1,1,0,2,0,,taxon_outlier,0,0,0,,,approve_none_grouped
7341ad6b1f57ebc2d755e01003bd69ea6831328e421e887484761cb37e950d72,classified,Phagnalon saxatile,Leaf Area,14,2,5,0,3,0,,taxon_outlier,1,0,1,,97c906fe31a77ac5fee55e78eb7bc23e414574540ead697f130d1355cf189f82,approve_none_after_source_rule
9a2d48c13e58f1f24299106e3b3d1b8b7991881538f9e1483ebdf9e2f6f6eaca,classified,Phalaris arundinacea,Leaf Area,54,2,12,4,2,0,,domain_outlier;taxon_outlier,0,0,0,,,approve_none_grouped
d28283b0f3e5ea8a65907df7df7db65823fc3c308c715841a2287201dc1f2753,classified,Phegopteris connectilis,Leaf Area,15,2,6,5,2,0,,domain_outlier;taxon_outlier,0,0,0,,,approve_none_grouped
becef49473ee8a202840d103dd9caeb4a2d1a948d4bf8f5148d40a8410f85420,classified,Philadelphus delavayi,Leaf Area,15,1,1,0,5,0,,taxon_outlier,0,0,0,,,approve_none_grouped
39583b868bae327086a9ef25f15c09b7734333e9e35605a99ec8b0618fdfbade,classified,Philadelphus inodorus,Leaf Area,15,1,1,0,3,0,,taxon_outlier,0,0,0,,,approve_none_grouped
e3376669060b8b02ca68643f8f2c1844faf86ea77df0f7cc300c777a904690b2,classified,Phillyrea angustifolia,Leaf Area,54,4,10,0,5,0,,taxon_outlier,1,0,1,,97c906fe31a77ac5fee55e78eb7bc23e414574540ead697f130d1355cf189f82,approve_none_after_source_rule
099229de424db450189fb4113c1fa1c1767ac5b05f1f59cec921c2102cd7bd39,classified,Phillyrea latifolia,Leaf Area,145,4,32,0,12,0,,taxon_outlier,1,0,1,,97c906fe31a77ac5fee55e78eb7bc23e414574540ead697f130d1355cf189f82,approve_none_after_source_rule
2c7f5d86b10e4b04844a2a9bc7e5a00958383cf7e1bb5323fe38a819389359be,classified,Phleum alpinum,Leaf Area,34,2,5,0,1,0,,taxon_outlier,2,0,2,,8ddea77f82d884c1f128128e4ecd902453e642499cb52df3b28d00cf682288ab;97c906fe31a77ac5fee55e78eb7bc23e414574540ead697f130d1355cf189f82,approve_none_after_source_rule
393a4a8f93ee94c8848186433e077a31515bcd1b14ff64fcaf4aac52ae12bb36,classified,Phleum pratense,Leaf Area,168,4,29,3,11,0,,domain_outlier;taxon_outlier,2,0,2,,8ddea77f82d884c1f128128e4ecd902453e642499cb52df3b28d00cf682288ab;97c906fe31a77ac5fee55e78eb7bc23e414574540ead697f130d1355cf189f82,approve_none_after_source_rule
b9cc98aee6b768419c2180f2b129087260fca6b82f98ec39bd822e4d1fbacbbd,classified,Phlomis purpurea,Leaf Area,33,3,4,0,5,0,,taxon_outlier,1,0,1,,97c906fe31a77ac5fee55e78eb7bc23e414574540ead697f130d1355cf189f82,approve_none_after_source_rule
5787ce44f4a311224281e216b90da32b50f002b4789bff361101b2bc9a885245,classified,Phlomoides tuberosa,Leaf Area,30,2,4,30,1,0,,domain_outlier;taxon_outlier,0,0,0,,,approve_none_grouped
02f01695def6e719007b1e5ddbfb14ded8bda499e2412d23c8e652172350a910,classified,Phlox sibirica,Leaf Area,10,1,1,0,1,0,,taxon_outlier,0,0,0,,,approve_none_grouped
495c9e39cc30da13a9e82acd7b21577d08ca281dd3a0e58c19e8789ab3c5c74c,classified,Phlox speciosa,Leaf Area,12,1,2,0,2,0,,taxon_outlier,0,0,0,,,approve_none_grouped
7af6faab44d20a7d225edf9c19f3694803ef79d6bd0def264cc1a46eba0a7e1b,classified,Phyllodoce caerulea,Leaf Area,85,1,29,0,3,0,,taxon_outlier,0,0,0,,,approve_none_grouped
6a205a09bb37f70d755d584e5640f3076d0c8b050cdb114487fc3263560bdc75,classified,Physaria montana,Leaf Area,10,1,1,0,1,0,,taxon_outlier,0,0,0,,,approve_none_grouped
b5ddcaaf3627e1dc27d7a7a8d38b7cf06fcd5ac97bfa2f0120572c81095f9efa,classified,Physostegia virginiana,Leaf Area,23,2,3,0,6,0,,taxon_outlier,1,0,1,,97c906fe31a77ac5fee55e78eb7bc23e414574540ead697f130d1355cf189f82,approve_none_after_source_rule
dfddaab75531e3a2a823c5ab3ebcbefb56104da9220f06f46ddb278a374b2083,classified,Phyteuma hemisphaericum,Leaf Area,40,1,4,0,6,0,,taxon_outlier,1,0,1,,3f0543786babf50f90453c5af328dd77ba325efbdbd416d4aadf3aea9a3c4ec6,approve_none_after_source_rule
dd16b630796897854bcf6a48171cd6bbcd2569ddb204e69c0d2b3042d1cd93fd,classified,Picea abies,Leaf Area,28,2,8,0,1,0,,taxon_outlier,1,0,1,,97c906fe31a77ac5fee55e78eb7bc23e414574540ead697f130d1355cf189f82,approve_none_after_source_rule
98f0c47b0d33f3b1d5e4adf23ca24d7fdc0156ab5b712bcb00af9087aecf8cb1,classified,Picea mariana,Leaf Area,431,3,11,0,24,0,,taxon_outlier,1,0,1,,97c906fe31a77ac5fee55e78eb7bc23e414574540ead697f130d1355cf189f82,approve_none_after_source_rule
b62471e6bbd72a3805efba1c389c68c83bbd5ade0e0e371b80c20b51020a335a,classified,Picris hieracioides,Leaf Area,164,3,15,29,7,0,,domain_outlier;taxon_outlier,0,0,0,,,approve_none_grouped
e7375acace64cd16f3e364c334c017f7f6537c71f73c5d7d8291a41ffc860845,classified,Pilosella aurantiaca,Leaf Area,28,2,3,0,2,0,,taxon_outlier,0,0,0,,,approve_none_grouped
db914ccf6590f114ec505eb66cf2f772a8192301ddf6a6af263023323d8c4178,classified,Pilosella officinarum,Leaf Area,102,3,24,0,8,0,,taxon_outlier,2,0,2,,3f0543786babf50f90453c5af328dd77ba325efbdbd416d4aadf3aea9a3c4ec6;97c906fe31a77ac5fee55e78eb7bc23e414574540ead697f130d1355cf189f82,approve_none_after_source_rule
8b3e5504deb70df6da9a0916dbc79248e62b100b0d4be8f3f4666ae0eef5f0f0,classified,Pilosella piloselloides,Leaf Area,11,1,2,0,3,0,,taxon_outlier,0,0,0,,,approve_none_grouped
3922e5424424b4a2e15d1c6032b3f3b46e7ad37b8fa4ba888dac7d259a4b381d,classified,Pimpinella major,Leaf Area,76,3,7,0,5,0,,taxon_outlier,1,0,1,,3f0543786babf50f90453c5af328dd77ba325efbdbd416d4aadf3aea9a3c4ec6,approve_none_after_source_rule
e67c2041e028dae2b6875548d9455c41756fb59c171062e2e05cdd936fe561a7,classified,Pinguicula vulgaris,Leaf Area,13,2,2,0,1,0,,taxon_outlier,1,0,1,,97c906fe31a77ac5fee55e78eb7bc23e414574540ead697f130d1355cf189f82,approve_none_after_source_rule
259f8034accc4ddad32237a4193b8240bf266f95b1fa09b02107cd1cdec0cdd1,classified,Pinus banksiana,Leaf Area,145,3,5,0,6,0,,taxon_outlier,1,0,1,,97c906fe31a77ac5fee55e78eb7bc23e414574540ead697f130d1355cf189f82,approve_none_after_source_rule
c5bf06c4efb81fb955514a976b83cad15b16d77b8bc3f6daaab0b6e9153e39fd,classified,Pinus brutia,Leaf Area,74,1,15,0,6,0,,taxon_outlier,0,0,0,,,approve_none_grouped
8461f0a2b2a8a6a77fb5eb65bfb3f7ae7ebc2cc202e6eef5f38d602668762241,classified,Pinus flexilis,Leaf Area,21,2,2,0,1,0,,taxon_outlier,1,0,1,,97c906fe31a77ac5fee55e78eb7bc23e414574540ead697f130d1355cf189f82,approve_none_after_source_rule
9e62a891fde99fc8fc3eca34a4a30f39049c8fdf3ac2544fb63b8f091d40ebf3,classified,Pinus halepensis,Leaf Area,75,3,10,0,13,0,,taxon_outlier,0,0,0,,,approve_none_grouped
444547e67edcb79286b41b304af0eb8b8b61465852ec57435e7843a4b89d37c3,classified,Pinus nigra,Leaf Area,32,2,3,0,3,0,,taxon_outlier,1,0,1,,97c906fe31a77ac5fee55e78eb7bc23e414574540ead697f130d1355cf189f82,approve_none_after_source_rule
986aebb11de92d211c1ca4453135a03bec9ac8c91f2c35c85a86162fedb40571,classified,Pinus pinaster,Leaf Area,91,3,6,0,12,0,,taxon_outlier,0,0,0,,,approve_none_grouped
0551a4531926f8b27db695bc07292fc0f0bcaae420ee0159d1bc50be4c56f44b,classified,Pinus ponderosa,Leaf Area,20,1,1,0,1,0,,taxon_outlier,0,0,0,,,approve_none_grouped
cd81c37a5712f56519b00d815d95d2d7ff6c4777d4819607d63041309b208c04,classified,Pinus strobus,Leaf Area,14,2,5,0,3,0,,taxon_outlier,1,0,1,,97c906fe31a77ac5fee55e78eb7bc23e414574540ead697f130d1355cf189f82,approve_none_after_source_rule
643097356790ebfcf64af7548cfcca484aa745aced913809264dcbd0afa58645,classified,Pinus sylvestris,Leaf Area,116,4,18,0,22,0,,taxon_outlier,1,0,1,,97c906fe31a77ac5fee55e78eb7bc23e414574540ead697f130d1355cf189f82,approve_none_after_source_rule
82bd4ce7e1b476b629991db22d11e42fdf3278dd9db893ebf7461729f5048158,classified,Pinus taeda,Leaf Area,20,1,1,0,2,0,,taxon_outlier,0,0,0,,,approve_none_grouped
49a841609cc3d572f994a956f112d33c00a1ab432aec2feccbcf23a59ca34cf7,classified,Pistacia lentiscus,Leaf Area,189,4,30,25,22,0,,domain_outlier;taxon_outlier,1,0,1,,97c906fe31a77ac5fee55e78eb7bc23e414574540ead697f130d1355cf189f82,approve_none_after_source_rule
fd5914be027e50c6c2d39682a025e4b5aa2fcc72ed185a8c13c4b4af893d83f8,classified,Pistacia terebinthus,Leaf Area,33,3,4,2,5,0,,domain_outlier;taxon_outlier,0,0,0,,,approve_none_grouped
7c7351b6ff36c64ceb060d34993c9ad7795d67338d11af0c272516cf34ac41bd,classified,Pityopsis graminifolia,Leaf Area,10,1,2,0,2,0,,taxon_outlier,0,0,0,,,approve_none_grouped
3d371f6c225ef5adf2f73cbdcd7e089711af50542c94a97f079e430d4f0b9bfb,classified,Plantago afra,Leaf Area,13,2,4,0,4,0,,taxon_outlier,1,0,1,,97c906fe31a77ac5fee55e78eb7bc23e414574540ead697f130d1355cf189f82,approve_none_after_source_rule
37e009fe16602f02d084b633ea1de89ddbbcab38d8958fdc4a6930619d18103a,classified,Plantago alpina,Leaf Area,10,1,1,0,1,0,,taxon_outlier,0,0,0,,,approve_none_grouped
da5e9344247fb9338a697107fe4abba2514c2cc29ca703f890a3c1d37c9e0416,classified,Plantago coronopus,Leaf Area,13,3,4,0,1,0,,taxon_outlier,1,0,1,,97c906fe31a77ac5fee55e78eb7bc23e414574540ead697f130d1355cf189f82,approve_none_after_source_rule
b47d0610e9bbe882a057782eac3fcf4315c726e45de95580d917c4aebd71ded8,classified,Plantago lagopus,Leaf Area,313,2,3,0,42,0,,taxon_outlier,1,0,1,,97c906fe31a77ac5fee55e78eb7bc23e414574540ead697f130d1355cf189f82,approve_none_after_source_rule
758ca65af4a5ad469b3676df997ceba849c2671b90fa4d126e78d27f8de977e3,classified,Plantago lanceolata,Leaf Area,189,5,82,41,28,0,,domain_outlier;taxon_outlier,3,0,3,,3f0543786babf50f90453c5af328dd77ba325efbdbd416d4aadf3aea9a3c4ec6;97c906fe31a77ac5fee55e78eb7bc23e414574540ead697f130d1355cf189f82;e4504212b94c4e98f98f76ddea21e6c14b670b0c7aae7732d5367fd7d08e2017,approve_none_after_source_rule
8d8164acf988dd1d8d1c65ad59e7d2068e287190c459207978db17ec108d444d,classified,Plantago macrorhiza,Leaf Area,58,1,1,0,6,0,,taxon_outlier,0,0,0,,,approve_none_grouped
c24e8e9eed07dd74e944749d465a7c7c1289a4af8ced22e0d0cf3c345e79c469,classified,Plantago maritima,Leaf Area,10,1,1,0,1,0,,taxon_outlier,0,0,0,,,approve_none_grouped
fadaafdf8d4ddc1c7bcd31a7b2d12c4ecb92fb21c3a7e8895a42cb09bf14a122,classified,Plantago media,Leaf Area,76,3,11,2,11,0,,domain_outlier;taxon_outlier,2,0,2,,3f0543786babf50f90453c5af328dd77ba325efbdbd416d4aadf3aea9a3c4ec6;97c906fe31a77ac5fee55e78eb7bc23e414574540ead697f130d1355cf189f82,approve_none_after_source_rule
840e8a4e0e1da8a31e8a3b030ba6fb5aba00673d0d6a9094bcc167a5a594f5a1,classified,Plantago patagonica,Leaf Area,10,1,1,0,2,0,,taxon_outlier,0,0,0,,,approve_none_grouped
4345b4497029c0e7389c5b2c922074d0b7e348a95dbf4979d0900e0e706c9fd2,classified,Plantago schwarzenbergiana,Leaf Area,10,1,1,0,2,0,,taxon_outlier,0,0,0,,,approve_none_grouped
f614914e8c9b4b4f055ca98a99557acbfbe3118375a4ee1d5bfdb94c11a1a46d,classified,Platycladus orientalis,Leaf Area,15,1,1,0,2,0,,taxon_outlier,0,0,0,,,approve_none_grouped
730ebb74c8224374c6c4deea1b1e81715eb7827e143387da90c9ea4019da64d1,classified,Poa alpina,Leaf Area,147,3,10,0,9,0,,taxon_outlier,1,0,1,,8ddea77f82d884c1f128128e4ecd902453e642499cb52df3b28d00cf682288ab,approve_none_after_source_rule
f304d28f632a071be5ef40e0126e9b239897b2833eb2b7a82e67ba6847a8c345,classified,Poa compressa,Leaf Area,29,2,5,0,2,0,,taxon_outlier,0,0,0,,,approve_none_grouped
3cca77864de54fdc182eb02cdf4fb23ed92fe071baa6644f0cc0e3ee8067198d,classified,Poa fendleriana,Leaf Area,20,1,2,0,2,0,,taxon_outlier,0,0,0,,,approve_none_grouped
165c1bd2f76b982f86b7e1f9815549fe1a49db2eeaf17a4bb105a384827a2b78,classified,Poa laxa,Leaf Area,10,1,1,0,3,0,,taxon_outlier,0,0,0,,,approve_none_grouped
f221d64bf8ce8b142acfbc35c2ad074ff0019d2af1ea9a7f1b78bff50baf12d1,classified,Poa nemoralis,Leaf Area,60,1,6,4,2,0,,domain_outlier;taxon_outlier,0,0,0,,,approve_none_grouped
c9b3d0b7b8fccff518a8b48213401979c1923a9b5326b0e53ee0f0ae78be4730,classified,Poa pratensis,Leaf Area,551,4,86,1,85,0,,domain_outlier;taxon_outlier,1,0,1,,e4504212b94c4e98f98f76ddea21e6c14b670b0c7aae7732d5367fd7d08e2017,approve_none_after_source_rule
007f1d757e81868ef8fba556c09c0cf542f14d2ce1f4347dc5be54c0c8935d9c,classified,Poa trivialis,Leaf Area,64,2,44,7,7,0,,domain_outlier;taxon_outlier,1,0,1,,e4504212b94c4e98f98f76ddea21e6c14b670b0c7aae7732d5367fd7d08e2017,approve_none_after_source_rule
037fc7d4d456ec647b5acbcfd033113a09a91a8e9bddeac528366df13e47c060,classified,Polemonium villosum,Leaf Area,15,1,1,0,1,0,,taxon_outlier,0,0,0,,,approve_none_grouped
a8d43d842d1efa9040c25315d82896caa63bc2aff28aecdd324e6d523a5b8596,classified,Polycarpon tetraphyllum,Leaf Area,11,2,2,0,1,0,,taxon_outlier,0,0,0,,,approve_none_grouped
b571e1c3bf359e926157cf8aba316531a1f4059f6a5bdd58bd349342bbf860b3,classified,Polygala comosa,Leaf Area,11,2,2,0,1,0,,taxon_outlier,0,0,0,,,approve_none_grouped
e2e299ce5dee2e541ee7135ab951101b1b789c224e89314391e00a8b259dda32,classified,Polygala major,Leaf Area,11,1,2,0,1,0,,taxon_outlier,0,0,0,,,approve_none_grouped
74b3ba634020c27952d88062ccebc1ef9d4c154a3740c1613c019e90d3e3ce82,classified,Polygala vulgaris,Leaf Area,21,3,3,0,1,0,,taxon_outlier,2,0,2,,3f0543786babf50f90453c5af328dd77ba325efbdbd416d4aadf3aea9a3c4ec6;97c906fe31a77ac5fee55e78eb7bc23e414574540ead697f130d1355cf189f82,approve_none_after_source_rule
cd2eb81ccebf3d53a7163d761f19207f9ed31d999603d784f8819d3cfdef7e06,classified,Polygonatum multiflorum,Leaf Area,41,2,5,1,1,0,,domain_outlier;taxon_outlier,1,0,1,,97c906fe31a77ac5fee55e78eb7bc23e414574540ead697f130d1355cf189f82,approve_none_after_source_rule
0371f44d3110d6eb022ce409492d933e8a250486d9e59ed096aaf08a0b508603,classified,Polygonatum pubescens,Leaf Area,10,1,8,0,1,0,,taxon_outlier,0,0,0,,,approve_none_grouped
6bfb1208cde66f202d36c7fe7e6f0a9f43d18fb0b511cffc8df78bd8fa3247e0,classified,Polygonum arenarium,Leaf Area,10,1,1,0,1,0,,taxon_outlier,0,0,0,,,approve_none_grouped
3dfdfc0a8d56f9a73113cf6bd436b6f10cd9774b252197c19106994927790f70,classified,Polygonum aviculare,Leaf Area,21,2,3,0,1,0,,taxon_outlier,1,0,1,,97c906fe31a77ac5fee55e78eb7bc23e414574540ead697f130d1355cf189f82,approve_none_after_source_rule
99ea06e99412d1215158dc74a3f24211fdafd257ee77468f0de9d541a4011fed,classified,Polygonum douglasii,Leaf Area,26,1,3,0,3,0,,taxon_outlier,0,0,0,,,approve_none_grouped
dbbc96f4c8e95d05f7ac14f3849c1d82e24cd3180abade60138c52ba590d5e5a,classified,Polypodium vulgare,Leaf Area,40,1,4,12,4,0,,domain_outlier;taxon_outlier,0,0,0,,,approve_none_grouped
db76af244698152687bf70849321b2818a0d4b36555550b0355cc32138d75c6a,classified,Populus fremontii,Leaf Area,32,2,3,2,2,0,,domain_outlier;taxon_outlier,1,0,1,,97c906fe31a77ac5fee55e78eb7bc23e414574540ead697f130d1355cf189f82,approve_none_after_source_rule
f9b4760a27d947bc52f125f6661e97a1346f81652d482dd2ad60946c1e634500,classified,Populus tremula,Leaf Area,28,2,7,21,4,0,,domain_outlier;taxon_outlier,1,0,1,,97c906fe31a77ac5fee55e78eb7bc23e414574540ead697f130d1355cf189f82,approve_none_after_source_rule
e11cc20116cef8b720058c770e8722f5d957d19bc1d10248403f05feb2cd145c,classified,Populus tremuloides,Leaf Area,67,4,14,3,13,0,,domain_outlier;taxon_outlier,1,0,1,,97c906fe31a77ac5fee55e78eb7bc23e414574540ead697f130d1355cf189f82,approve_none_after_source_rule
1e7a7d375e4e34a25a5c14faa7453ca42f7c5841aaa3ab5a30e74f1eb94ca68d,classified,Porophyllum gracile,Leaf Area,11,1,1,0,1,0,,taxon_outlier,0,0,0,,,approve_none_grouped
b6a2368849056aaf2e5a8528c9877f37d130b5eddad69166c5dccc54a9c8939d,classified,Portulaca oleracea,Leaf Area,30,2,3,0,3,0,,taxon_outlier,0,0,0,,,approve_none_grouped
db3b585b3bb583db89505ca84e2562a1c568d4cb00962b7a1fdb265a260b6b9e,classified,Potentilla aurea,Leaf Area,31,1,4,0,2,0,,taxon_outlier,1,0,1,,3f0543786babf50f90453c5af328dd77ba325efbdbd416d4aadf3aea9a3c4ec6,approve_none_after_source_rule
3c60f803f6b2e9d1415fc7448c93562a2f00113dc7ba96b70344d5c4293e632b,classified,Potentilla cinerea,Leaf Area,20,2,2,0,4,0,,taxon_outlier,0,0,0,,,approve_none_grouped
20cd5c00e9574dbdd3bc20b0d6de2fca269e90641dcbdb49cb37c19e52db1479,classified,Potentilla crantzii,Leaf Area,50,2,16,0,2,0,,taxon_outlier,1,0,1,,3f0543786babf50f90453c5af328dd77ba325efbdbd416d4aadf3aea9a3c4ec6,approve_none_after_source_rule
66b5bd62baf3943d9b952baf863ba958811b0273b215c14cc233149ea1f66478,classified,Potentilla crinita,Leaf Area,20,1,4,0,2,0,,taxon_outlier,0,0,0,,,approve_none_grouped
526652073cd5d507d82c332ae28d026ce5558d48a02fc31dfab30ead3dff7a39,classified,Potentilla diversifolia,Leaf Area,34,1,2,0,3,0,,taxon_outlier,1,0,1,,8ddea77f82d884c1f128128e4ecd902453e642499cb52df3b28d00cf682288ab,approve_none_after_source_rule
91885feac5562170719baa573b8d3cb3949acb009478893c24c3a5a047f7ddde,classified,Potentilla erecta,Leaf Area,61,3,6,0,3,0,,taxon_outlier,1,0,1,,3f0543786babf50f90453c5af328dd77ba325efbdbd416d4aadf3aea9a3c4ec6,approve_none_after_source_rule
78462d4f98f7fe8058b75911b14bf0f8f4aee540bab2f572ffe886e0ed525750,classified,Potentilla gordonii,Leaf Area,25,1,1,0,4,0,,taxon_outlier,0,0,0,,,approve_none_grouped
80ce8fe518721b08f90f9409ad6dfcba69b2db70925c7fa04bcf9c750f50860e,classified,Potentilla indica,Leaf Area,30,2,2,0,2,0,,taxon_outlier,0,0,0,,,approve_none_grouped
144ff1999d7e0ab1ebf6db085888ff58ed822f2bef73c8f846475ab64431e665,classified,Potentilla micrantha,Leaf Area,26,3,4,2,2,0,,domain_outlier;taxon_outlier,0,0,0,,,approve_none_grouped
4734864238fd878a166b462d6f0c594893408993a4cf6a7921c3968bab09001e,classified,Potentilla pensylvanica,Leaf Area,10,1,1,0,1,0,,taxon_outlier,0,0,0,,,approve_none_grouped
a5a0a287c154e017b7dcf903dc6bd5c3443fc5635a2da30e5ca168a73e345ced,classified,Potentilla pusilla,Leaf Area,52,1,5,0,4,0,,taxon_outlier,0,0,0,,,approve_none_grouped
39dfa7cf581f08bee2b0a9a93f43440f8030d921102620ce145313eef3d3adca,classified,Potentilla recta,Leaf Area,10,1,4,0,3,0,,taxon_outlier,0,0,0,,,approve_none_grouped
17569953feb6d603883411e770e5dd7c5960d6f31d2f61a89c3f704933548a3d,classified,Potentilla simplex,Leaf Area,27,1,3,0,1,0,,taxon_outlier,0,0,0,,,approve_none_grouped
b293ccbf810de41626a4dd1983450bd895b37d3fc2f73554915c4e5f81e48d16,classified,Potentilla subviscosa,Leaf Area,20,1,1,0,3,0,,taxon_outlier,0,0,0,,,approve_none_grouped
22e42412174c85ebade591f16739146007486922da66753ee1bed6b74e3cf852,classified,Poterium sanguisorba,Leaf Area,15,2,5,0,1,0,,taxon_outlier,0,0,0,,,approve_none_grouped
6bfa40240ee2aae538a9964fff6f8f0a8ec2161f4c2e4c035a9ae7e80fd26bf6,classified,Prenanthes purpurea,Leaf Area,40,1,4,8,8,0,,domain_outlier;taxon_outlier,0,0,0,,,approve_none_grouped
be4ab66d56f24dfb4c84deeaf83b1866aa4eb9be0cd9b9f6e4e4ccc92a4210cf,classified,Primula glutinosa,Leaf Area,43,1,1,0,2,0,,taxon_outlier,0,0,0,,,approve_none_grouped
2543392fa0d324b05ee3497852aa8ca033d03a3360352ccc1b991f78eb6ebc01,classified,Primula minima,Leaf Area,13,1,2,0,1,0,,taxon_outlier,1,0,1,,3f0543786babf50f90453c5af328dd77ba325efbdbd416d4aadf3aea9a3c4ec6,approve_none_after_source_rule
451d245400af04304e0fb2534bb63b1bfc6d160673516c374d429dd3b66c93d2,classified,Primula vulgaris,Leaf Area,51,3,6,40,8,0,,domain_outlier;taxon_outlier,0,0,0,,,approve_none_grouped
cd64ee12fe6a3558d82ec906a976706a0071861b1823d5c520214c3e82065f92,classified,Prosopis glandulosa,Leaf Area,11,1,1,0,3,0,,taxon_outlier,0,0,0,,,approve_none_grouped
49f609f9472003b3a6ab018ced0108d83b0fe1e4afe9f19486cda11d61a12eda,classified,Prunella vulgaris,Leaf Area,50,3,19,0,6,0,,taxon_outlier,2,0,2,,3f0543786babf50f90453c5af328dd77ba325efbdbd416d4aadf3aea9a3c4ec6;97c906fe31a77ac5fee55e78eb7bc23e414574540ead697f130d1355cf189f82,approve_none_after_source_rule
83a322a2e36ebe7ac1242bde3f442e3e90ab1f7f2d6afde8bfd1a2f38ff4a964,classified,Prunus avium,Leaf Area,41,1,7,40,4,0,,domain_outlier;taxon_outlier,1,0,1,,97c906fe31a77ac5fee55e78eb7bc23e414574540ead697f130d1355cf189f82,approve_none_after_source_rule
2cbbe9bb3b72e3d9de3b85701faf0373cec15a180b776dd1b626baa80811f04b,classified,Prunus fasciculata,Leaf Area,12,2,2,0,3,0,,taxon_outlier,1,0,1,,97c906fe31a77ac5fee55e78eb7bc23e414574540ead697f130d1355cf189f82,approve_none_after_source_rule
a4516b3d050e92d976935c428199d88b051282815ac78b3b3d28304e91ef2094,classified,Prunus serotina,Leaf Area,36,4,20,7,7,0,,domain_outlier;taxon_outlier,1,0,1,,97c906fe31a77ac5fee55e78eb7bc23e414574540ead697f130d1355cf189f82,approve_none_after_source_rule
20d210e55a7ee9f9f4eecb5b5b5c1fb6897417b166caa527f2c0b3d7c3ba06c1,classified,Prunus spinosa,Leaf Area,62,2,5,0,5,0,,taxon_outlier,1,0,1,,97c906fe31a77ac5fee55e78eb7bc23e414574540ead697f130d1355cf189f82,approve_none_after_source_rule
361412fa831b2cd0c577923043d0eb26ff150057d52894957d58b0d3e81f306a,classified,Prunus umbellata,Leaf Area,17,1,1,0,1,0,,taxon_outlier,0,0,0,,,approve_none_grouped
ea0fd063f81c522e8d1ecd332d96063f30441c037e7d19f36835e0ac72330799,classified,Prunus virginiana,Leaf Area,10,2,7,1,2,0,,domain_outlier;taxon_outlier,1,0,1,,97c906fe31a77ac5fee55e78eb7bc23e414574540ead697f130d1355cf189f82,approve_none_after_source_rule
f89f4b3c0f34320862a435ee476fe61c20b474962f180b40a6f1031d7024dd2a,classified,Psammophiliella muralis,Leaf Area,10,1,1,0,3,0,,taxon_outlier,0,0,0,,,approve_none_grouped
722ba26dfeaf78456fc306d64b05e9cb7e81876b7d5412de651a88eb7189a325,classified,Pseudognaphalium macounii,Leaf Area,12,1,1,0,3,0,,taxon_outlier,0,0,0,,,approve_none_grouped
bf3fe1d9bdc3ed8d02c00de43ee421643f141d9976a47c840255c74d73e9219f,classified,Pseudotsuga menziesii,Leaf Area,22,2,3,0,2,0,,taxon_outlier,1,0,1,,97c906fe31a77ac5fee55e78eb7bc23e414574540ead697f130d1355cf189f82,approve_none_after_source_rule
916e19a989d25f4a559abc450a9f5244562cd0d84286a75280e615356b32fbdb,classified,Pseudoturritis turrita,Leaf Area,30,1,3,2,5,0,,domain_outlier;taxon_outlier,0,0,0,,,approve_none_grouped
c8c16e14634ba0cb543e2e21108771ce0b8be541a7d45d16c0e69d842cd733d7,classified,Pterocarya rhoifolia,Leaf Area,12,1,1,0,1,0,,taxon_outlier,0,0,0,,,approve_none_grouped
a035aff5b45a1c4da79c5c6cf9f1b672fb2c1886b708bdd87b2c9b512b6094f2,classified,Puccinellia distans,Leaf Area,19,2,2,0,2,0,,taxon_outlier,0,0,0,,,approve_none_grouped
676ee0957faf563c36166375775851115c92f5d8f86ce81f2eefcfd556d2717b,classified,Pulicaria odora,Leaf Area,10,1,1,8,2,0,,domain_outlier;taxon_outlier,0,0,0,,,approve_none_grouped
521b0986b09c22a0e4d25843eb81cd49d389dbbaa315e984d13f04bfe4989553,classified,Pulmonaria dacica,Leaf Area,10,1,1,2,1,0,,domain_outlier;taxon_outlier,0,0,0,,,approve_none_grouped
9ea0a2aaa77c0000543563b6c3e3d02613a0d48194e78604af8fc695fb78371a,classified,Pulsatilla,Leaf Area,44,1,5,0,3,0,,taxon_outlier,1,0,1,,3f0543786babf50f90453c5af328dd77ba325efbdbd416d4aadf3aea9a3c4ec6,approve_none_after_source_rule
ab2d465b294aaa89a3e9bd1a4e6ef692245f3d3427976fe9e60d6fd339c9d98d,classified,Purshia tridentata,Leaf Area,10,1,1,0,2,0,,taxon_outlier,0,0,0,,,approve_none_grouped
4b9f0e442fb9c6312c4be150254263489b7fdcc9f4654ab8661b074d674e060e,classified,Pyracantha angustifolia,Leaf Area,15,1,1,0,3,0,,taxon_outlier,0,0,0,,,approve_none_grouped
c714247345a9d26daf7a3b93e577c967caf788caf66a3fc55c66858fa299734a,classified,Pyrola elliptica,Leaf Area,19,2,2,0,1,0,,taxon_outlier,1,0,1,,97c906fe31a77ac5fee55e78eb7bc23e414574540ead697f130d1355cf189f82,approve_none_after_source_rule
19c2eecff6fce7b10382ca416d565fc3137e13ccba32454ff7e7c16a8eee0b82,classified,Pyrola minor,Leaf Area,27,3,5,0,1,0,,taxon_outlier,1,0,1,,97c906fe31a77ac5fee55e78eb7bc23e414574540ead697f130d1355cf189f82,approve_none_after_source_rule
3e493dc43dd389822f14395188a8e2ad0d641d3f9b748a7fda38d52899739201,classified,Pyrola rotundifolia,Leaf Area,22,1,5,0,1,0,,taxon_outlier,1,0,1,,97c906fe31a77ac5fee55e78eb7bc23e414574540ead697f130d1355cf189f82,approve_none_after_source_rule
930755669f4eea3605e1f89ca48e204e099267602f69ca34f6c447dc8236238e,classified,Pyrus spinosa,Leaf Area,50,1,4,0,1,0,,taxon_outlier,0,0,0,,,approve_none_grouped
7f76449b9edb3fd8f0027f949e91d894c3b4e7991fbb677d5f648f30e5584e24,classified,Quercus alba,Leaf Area,155,3,17,136,27,0,,domain_outlier;taxon_outlier,1,0,1,,97c906fe31a77ac5fee55e78eb7bc23e414574540ead697f130d1355cf189f82,approve_none_after_source_rule
00fe2e7dd7fc2f44ab0eb9a21f112535cb6fde0d83d1a85f13fc5b6826953b9f,classified,Quercus coccifera,Leaf Area,261,4,55,0,19,0,,taxon_outlier,1,0,1,,97c906fe31a77ac5fee55e78eb7bc23e414574540ead697f130d1355cf189f82,approve_none_after_source_rule
4320789f7402ea5ae4dce8d86ddecf9bda12c5a3f842db75b6bcbed05d5c57bd,classified,Quercus ellipsoidalis,Leaf Area,26,2,3,1,1,0,,domain_outlier;taxon_outlier,1,0,1,,97c906fe31a77ac5fee55e78eb7bc23e414574540ead697f130d1355cf189f82,approve_none_after_source_rule
f7b4cde74f371545146677b1b7f943c7b519925b575dad2cd4a7dc34a7e45d9f,classified,Quercus faginea,Leaf Area,437,4,26,2,34,0,,domain_outlier;taxon_outlier,1,0,1,,97c906fe31a77ac5fee55e78eb7bc23e414574540ead697f130d1355cf189f82,approve_none_after_source_rule
91910d35b17bb0577042351cea54f9c3df1cc456861c1eaf7ecbd586e88c14a0,classified,Quercus fusiformis,Leaf Area,84,1,9,0,3,0,,taxon_outlier,0,0,0,,,approve_none_grouped
d6665012662a4b7226e3ce4be9fc9729a9d533bfb120362e2234f0a04e20a88b,classified,Quercus ilex,Leaf Area,170,3,21,0,3,0,,taxon_outlier,1,0,1,,97c906fe31a77ac5fee55e78eb7bc23e414574540ead697f130d1355cf189f82,approve_none_after_source_rule
42c7d65eef19ed59303cb6cfb33ef05370d55943f2705a204bd1a0bfb9910b0b,classified,Quercus macrocarpa,Leaf Area,24,2,6,4,5,0,,domain_outlier;taxon_outlier,1,0,1,,97c906fe31a77ac5fee55e78eb7bc23e414574540ead697f130d1355cf189f82,approve_none_after_source_rule
23708f20dab5f173ef990bd646bc5f267a034ce3e69096d45804ea842c4f4ea6,classified,Quercus marilandica,Leaf Area,24,1,1,24,4,0,,domain_outlier;taxon_outlier,0,0,0,,,approve_none_grouped
fda5a20dad110ac93445bc0d13927531cafc33352fd23c367783b8ed40d6b1ea,classified,Quercus nigra,Leaf Area,22,2,3,0,2,0,,taxon_outlier,1,0,1,,97c906fe31a77ac5fee55e78eb7bc23e414574540ead697f130d1355cf189f82,approve_none_after_source_rule
34100df6c638579a54b1ae0ad2e4820975469934c8bd660afedca5a96a69aecc,classified,Quercus petraea,Leaf Area,657,3,17,194,88,0,,domain_outlier;taxon_outlier,1,0,1,,97c906fe31a77ac5fee55e78eb7bc23e414574540ead697f130d1355cf189f82,approve_none_after_source_rule
8e48faf8e1ac20518465f7bbcea5749f2599de06e4800b49580c44ff013e261f,classified,Quercus pyrenaica,Leaf Area,98,2,3,1,11,0,,domain_outlier;taxon_outlier,1,0,1,,97c906fe31a77ac5fee55e78eb7bc23e414574540ead697f130d1355cf189f82,approve_none_after_source_rule
d31027152517f71256adbdf311606a0f7917c97419d19ec603379cf2570f772b,classified,Quercus robur,Leaf Area,117,4,16,26,15,0,,domain_outlier;taxon_outlier,1,0,1,,97c906fe31a77ac5fee55e78eb7bc23e414574540ead697f130d1355cf189f82,approve_none_after_source_rule
3ee17255b653750d17a37a7e2d87924633b795e1e44f0f8ae8101cfc9d0b6ca6,classified,Quercus rubra,Leaf Area,149,3,17,145,16,0,,domain_outlier;taxon_outlier,1,0,1,,97c906fe31a77ac5fee55e78eb7bc23e414574540ead697f130d1355cf189f82,approve_none_after_source_rule
6384a14d3d96a01bc818bcb8dac808ef8627dec7e3cb66e27271280d05ef90b3,classified,Quercus stellata,Leaf Area,34,3,3,25,6,0,,domain_outlier;taxon_outlier,1,0,1,,97c906fe31a77ac5fee55e78eb7bc23e414574540ead697f130d1355cf189f82,approve_none_after_source_rule
eb79a46ff0b5aa8261e883268264c1c4294532a667ed4dd3edbba5d559c0aba4,classified,Quercus suber,Leaf Area,233,2,14,0,11,0,,taxon_outlier,1,0,1,,97c906fe31a77ac5fee55e78eb7bc23e414574540ead697f130d1355cf189f82,approve_none_after_source_rule
cd87c978a55b7bdad3eb905e3407f74f6a8c7a4886e959042090f47163c40e99,classified,Quercus velutina,Leaf Area,61,2,4,61,3,0,,domain_outlier;taxon_outlier,1,0,1,,97c906fe31a77ac5fee55e78eb7bc23e414574540ead697f130d1355cf189f82,approve_none_after_source_rule
3ac41f21fd7ca80fd0f147a0943b53b5b52f69f4fe8d28dc3be494437c17a177,classified,Quercus virginiana,Leaf Area,241,1,12,0,23,0,,taxon_outlier,0,0,0,,,approve_none_grouped
f663a42a1839ad55e20356028effb1f9dd5364b12bfb22f5b3c04134af6eb027,classified,Ranunculus acris,Leaf Area,163,2,54,9,21,0,,domain_outlier;taxon_outlier,2,0,2,,3f0543786babf50f90453c5af328dd77ba325efbdbd416d4aadf3aea9a3c4ec6;e4504212b94c4e98f98f76ddea21e6c14b670b0c7aae7732d5367fd7d08e2017,approve_none_after_source_rule
793509c7be091d2172f980ee5a14715b3c45fa9dc3c0ef31eb6dcf67cee7064e,classified,Ranunculus adoneus,Leaf Area,15,1,2,0,1,0,,taxon_outlier,1,0,1,,8ddea77f82d884c1f128128e4ecd902453e642499cb52df3b28d00cf682288ab,approve_none_after_source_rule
afc8043b47dca31e6e3a8435a8705094b3815afaeb4323d6a5edb7de8b6eb0da,classified,Ranunculus alpestris,Leaf Area,31,1,4,0,1,0,,taxon_outlier,1,0,1,,3f0543786babf50f90453c5af328dd77ba325efbdbd416d4aadf3aea9a3c4ec6,approve_none_after_source_rule
b7c1c017fa83d81bf34b969df431cfb2e84858cde04ec8ecf7aa3eadffa66174,classified,Ranunculus aquatilis,Leaf Area,10,1,1,0,1,0,,taxon_outlier,0,0,0,,,approve_none_grouped
d317ea4732de6aa62654615010294dd54158a7fac18b2c4b6da438c37b54e78d,classified,Ranunculus bulbosus,Leaf Area,22,2,21,4,1,0,,domain_outlier;taxon_outlier,1,0,1,,e4504212b94c4e98f98f76ddea21e6c14b670b0c7aae7732d5367fd7d08e2017,approve_none_after_source_rule
ed4b429ca48e0924313dd239e570767bcb4eee403e2f7c04eaf276d4254b72c6,classified,Ranunculus illyricus,Leaf Area,11,2,3,0,1,0,,taxon_outlier,0,0,0,,,approve_none_grouped
7eb68f09183116819c895bacbac3aa87dad8cf84efbd4cc038860bce26d60332,classified,Ranunculus montanus,Leaf Area,35,1,4,0,7,0,,taxon_outlier,1,0,1,,3f0543786babf50f90453c5af328dd77ba325efbdbd416d4aadf3aea9a3c4ec6,approve_none_after_source_rule
e6f60d499f8143147fa69e0bdf2060f4aa33cb2113ad55750547452ecdddd44a,classified,Ranunculus nivalis,Leaf Area,12,1,1,0,1,0,,taxon_outlier,0,0,0,,,approve_none_grouped
9e5166a6fbd62e45499a84174fcfe5dd081f4068abed0da1a2c80fcf349c7909,classified,Ranunculus peltatus,Leaf Area,10,1,1,0,1,0,,taxon_outlier,0,0,0,,,approve_none_grouped
4a2a06d816527d8a5cc6a272ef13d9f8dcc1577aa3922f6ed9c5569d1db08615,classified,Ranunculus polyphyllus,Leaf Area,18,1,3,0,1,0,,taxon_outlier,0,0,0,,,approve_none_grouped
b39d811f909b054bf6c278c8927cac5d9fb2bb76393f022676b99068a553b90f,classified,Ranunculus pygmaeus,Leaf Area,12,1,1,0,3,0,,taxon_outlier,0,0,0,,,approve_none_grouped
ce3fe750d5941f7194af56fcf7d5febf9a40c9b905fd03f4b091357065177eaf,classified,Ranunculus repens,Leaf Area,24,3,9,2,2,0,,domain_outlier;taxon_outlier,2,0,2,,3f0543786babf50f90453c5af328dd77ba325efbdbd416d4aadf3aea9a3c4ec6;97c906fe31a77ac5fee55e78eb7bc23e414574540ead697f130d1355cf189f82,approve_none_after_source_rule
9776e67b9aa526ba4a0a6dbf1b1ae8b2f6c4cf15fd556adc0a24f400509baf86,classified,Ranunculus trichophyllus,Leaf Area,11,2,2,0,2,0,,taxon_outlier,0,0,0,,,approve_none_grouped
3955d018a0670765a37ed973f87afabdbccaf6fea78f96123c793383c569cb6b,classified,Raphanus sativus,Leaf Area,186,1,1,0,15,0,,taxon_outlier,0,0,0,,,approve_none_grouped
9acce3c90d6544a08c362b1b27d458d0b6e0d9f6cef5bf2bea41a0bf6fc7bd2e,classified,Reseda glauca,Leaf Area,10,1,1,0,1,0,,taxon_outlier,0,0,0,,,approve_none_grouped
b3c01cb2bb546643274829ff74bd620b0ea7ed480d5fd59c74a9d9fefb1cb6a7,classified,Reseda lutea,Leaf Area,11,1,2,0,1,0,,taxon_outlier,0,0,0,,,approve_none_grouped
41a78fbde1d8e5ccea10c039f13863ecf62b8c4e1613690d49a44c0162793b13,classified,Reseda phyteuma,Leaf Area,16,2,3,0,1,0,,taxon_outlier,0,0,0,,,approve_none_grouped
eb3d83cd722dd9fb6fd8bac6f0b5c90ef4a5d9bbbab38a2c8412baaccbe1306e,classified,Rhamnus lycioides,Leaf Area,50,3,9,0,7,0,,taxon_outlier,1,0,1,,97c906fe31a77ac5fee55e78eb7bc23e414574540ead697f130d1355cf189f82,approve_none_after_source_rule
53b4ef7eb450c03c2d5a144dde7144121dab7f7d79a84731c6bc23872f9cd2a1,classified,Rhinanthus glacialis,Leaf Area,11,1,2,0,2,0,,taxon_outlier,1,0,1,,3f0543786babf50f90453c5af328dd77ba325efbdbd416d4aadf3aea9a3c4ec6,approve_none_after_source_rule
42f6f3a39641fb33b1c1365ca6c2c782e639db06ac2686b0ee0c376e91d3fb1e,classified,Rhodiola rosea,Leaf Area,28,3,3,0,4,0,,taxon_outlier,1,0,1,,97c906fe31a77ac5fee55e78eb7bc23e414574540ead697f130d1355cf189f82,approve_none_after_source_rule
427bffbbf3f57b7fcd9017438e7f8f43260ca165b38566d594edcdfe478e5069,classified,Rhododendron ferrugineum,Leaf Area,11,1,2,0,1,0,,taxon_outlier,1,0,1,,3f0543786babf50f90453c5af328dd77ba325efbdbd416d4aadf3aea9a3c4ec6,approve_none_after_source_rule
74c5a9496011b7c04f854e19b2d3750f742fef06648a650bfaaf30921cc271d6,classified,Rhododendron groenlandicum,Leaf Area,23,2,7,0,3,0,,taxon_outlier,1,0,1,,97c906fe31a77ac5fee55e78eb7bc23e414574540ead697f130d1355cf189f82,approve_none_after_source_rule
22e1cf7d96f37d86b0fc577b1c4f2956e744437de70672c2ba2c4f50bfa76a7b,classified,Rhododendron luteum,Leaf Area,10,1,1,0,1,0,,taxon_outlier,0,0,0,,,approve_none_grouped
bca2a2e5d4166cc808491138f4eb0abcbfbf9e821755ad9bb32d1719b99473f7,classified,Rhododendron schlippenbachii,Leaf Area,15,1,1,0,2,0,,taxon_outlier,0,0,0,,,approve_none_grouped
6256852376a4ad64a40366cf27e8a23d3939dfffda1ed2ef8af428d1e3e75337,classified,Rhus glabra,Leaf Area,12,2,3,3,3,0,,domain_outlier;taxon_outlier,1,0,1,,97c906fe31a77ac5fee55e78eb7bc23e414574540ead697f130d1355cf189f82,approve_none_after_source_rule
033638757cda3cc3b9632c1ce6520744bd00b6b1893a87860d2eba847e20f190,classified,Rosa,Leaf Area,71,3,8,0,9,0,,taxon_outlier,1,0,1,,97c906fe31a77ac5fee55e78eb7bc23e414574540ead697f130d1355cf189f82,approve_none_after_source_rule
dc714d869abbf2795056824e81664809c9fa95e00412f151a50ad248a55dbb8c,classified,Rosa rugosa,Leaf Area,26,2,26,26,1,0,,domain_outlier;taxon_outlier,1,0,1,,97c906fe31a77ac5fee55e78eb7bc23e414574540ead697f130d1355cf189f82,approve_none_after_source_rule
b920846f011f43c9e0aad98adf49d1e124ece09b833fc59097c8fe65e0fff8cf,classified,Rosa woodsii,Leaf Area,23,2,4,0,3,0,,taxon_outlier,1,0,1,,97c906fe31a77ac5fee55e78eb7bc23e414574540ead697f130d1355cf189f82,approve_none_after_source_rule
33368f7be3755efe3262dcbb9a3bb8b0b3873dfd0fedf6366bc7c81267101ff3,classified,Rubus,Leaf Area,41,1,10,10,10,0,,domain_outlier;taxon_outlier,0,0,0,,,approve_none_grouped
967226accc93eeddda5e1fc2e513bec35d3da48fc2ca3cf3fa0ff1f2b067d80c,classified,Rubus allegheniensis,Leaf Area,29,1,2,0,3,0,,taxon_outlier,0,0,0,,,approve_none_grouped
5101066538da84e9cbda67990255da6bfe20ca9dd3e264f2f8d3d0e0c34791c5,classified,Rubus caesius,Leaf Area,47,3,45,36,10,0,,domain_outlier;taxon_outlier,0,0,0,,,approve_none_grouped
8d41230ee10cdb00ff12555b9accab2c9dcf864eef2827754241a8139ddc162d,classified,Rubus cochinchinensis,Leaf Area,31,3,12,27,2,0,,domain_outlier;taxon_outlier,1,0,1,,97c906fe31a77ac5fee55e78eb7bc23e414574540ead697f130d1355cf189f82,approve_none_after_source_rule
51dccb4f73996ccc9b450987ba3927aed0e2255733c50880bdd5c18b0bba1ba6,classified,Rubus cuneifolius,Leaf Area,24,1,4,0,6,0,,taxon_outlier,0,0,0,,,approve_none_grouped
dc46bef873cf815c510edd722dd9f58abc1bced064a6a2df6e050467fc9c2ccc,classified,Rubus saxatilis,Leaf Area,14,3,3,14,1,0,,domain_outlier;taxon_outlier,1,0,1,,97c906fe31a77ac5fee55e78eb7bc23e414574540ead697f130d1355cf189f82,approve_none_after_source_rule
8b4c34d5295c9ec5aa41d9635eda52bb9e21a38c28e1bb1b24d05eefbecfa986,classified,Rubus ulmifolius,Leaf Area,62,3,8,61,1,0,,domain_outlier;taxon_outlier,1,0,1,,97c906fe31a77ac5fee55e78eb7bc23e414574540ead697f130d1355cf189f82,approve_none_after_source_rule
26bd2b3667702dd86fab8cd657b51ce9c1ff708fce67974c1c8cdeb78379b817,classified,Rudbeckia laciniata,Leaf Area,19,1,1,0,1,0,,taxon_outlier,0,0,0,,,approve_none_grouped
ddb18206403e0d76dfe4533c8ff1ee0846a83c13b54046fe56c56e9bc26409ac,classified,Rudbeckia triloba,Leaf Area,10,1,1,0,3,0,,taxon_outlier,0,0,0,,,approve_none_grouped
01869756a81352839715e9c22f55819944abcb0c74fdbf0cf1f38461edbfc7e8,classified,Rumex acetosa,Leaf Area,139,3,54,10,23,0,,domain_outlier;taxon_outlier,2,0,2,,97c906fe31a77ac5fee55e78eb7bc23e414574540ead697f130d1355cf189f82;e4504212b94c4e98f98f76ddea21e6c14b670b0c7aae7732d5367fd7d08e2017,approve_none_after_source_rule
9a7e0a07d4b305c53c2aa8e1956e42fa8cfef1be1d3cd190dc4ea9cfff5a9b8c,classified,Rumex acetosella,Leaf Area,31,3,7,0,6,0,,taxon_outlier,1,0,1,,97c906fe31a77ac5fee55e78eb7bc23e414574540ead697f130d1355cf189f82,approve_none_after_source_rule
791756b027bfe9d9a926a668c3e083119600338943def1b53c027bed048e3e01,classified,Rumex alpinus,Leaf Area,32,1,2,20,2,0,,domain_outlier;taxon_outlier,1,0,1,,3f0543786babf50f90453c5af328dd77ba325efbdbd416d4aadf3aea9a3c4ec6,approve_none_after_source_rule
1b3c2e8d4cb52d333e8555791f36b3a56cc1779550df7b05989586106af9c1b6,classified,Rumex lapponicus,Leaf Area,15,1,1,0,1,0,,taxon_outlier,0,0,0,,,approve_none_grouped
f73131bc042e1d59f2c9c56a197ca0972ed49b366bd616edbd62597580d0e1a9,classified,Rumex scutatus,Leaf Area,56,1,5,1,6,0,,domain_outlier;taxon_outlier,1,0,1,,3f0543786babf50f90453c5af328dd77ba325efbdbd416d4aadf3aea9a3c4ec6,approve_none_after_source_rule
ad1dcccaa09f5bea1a4aa4ba27db956e4462e753ce652e3f158ace1d7b1e1f73,classified,Ruscus aculeatus,Leaf Area,44,3,6,0,9,0,,taxon_outlier,0,0,0,,,approve_none_grouped
863f45b3857628dcaa5e385b11e107cd0021008dab9d702473c51cc547103cce,classified,Sagittaria latifolia,Leaf Area,11,2,2,1,2,0,,domain_outlier;taxon_outlier,1,0,1,,97c906fe31a77ac5fee55e78eb7bc23e414574540ead697f130d1355cf189f82,approve_none_after_source_rule
46a5b9f96ef9436f8ad3c7fd5f2151883c190235a615cc194340857fa318580d,classified,Salix,Leaf Area,55,3,7,0,11,0,,taxon_outlier,1,0,1,,97c906fe31a77ac5fee55e78eb7bc23e414574540ead697f130d1355cf189f82,approve_none_after_source_rule
eb08895987e7957565d112e02a293f12209611fc7c97d2011f2455c10288d2a2,classified,Salix alba,Leaf Area,36,2,8,1,3,0,,domain_outlier;taxon_outlier,1,0,1,,97c906fe31a77ac5fee55e78eb7bc23e414574540ead697f130d1355cf189f82,approve_none_after_source_rule
41d6431e1a10c07c25c7ee85238609ca43e27fe517d5135b4ec1334f59643cf7,classified,Salix glauca,Leaf Area,10,2,9,0,2,0,,taxon_outlier,0,0,0,,,approve_none_grouped
43e3655fc8546ff79a4eecb4a99a2aa468089174f530713734daeee8917ae24a,classified,Salix herbacea,Leaf Area,175,3,32,0,4,0,,taxon_outlier,1,0,1,,97c906fe31a77ac5fee55e78eb7bc23e414574540ead697f130d1355cf189f82,approve_none_after_source_rule
66ed4f58f7964f6e5a9761584a7935a977e2707fc5421bf66531d2ec7ffcc136,classified,Salix lanata,Leaf Area,12,1,1,0,1,0,,taxon_outlier,0,0,0,,,approve_none_grouped
861cbad0a0df6dec68b7495d9c71594b16e90e16b3f41230c79eee598657b3cc,classified,Salix lapponum,Leaf Area,25,3,13,0,2,0,,taxon_outlier,1,0,1,,97c906fe31a77ac5fee55e78eb7bc23e414574540ead697f130d1355cf189f82,approve_none_after_source_rule
d706db0bb85c0bdd61737ed86ee810e19470c33fa6a71915447f6eaa79d8e47f,classified,Salix repens,Leaf Area,21,3,12,0,2,0,,taxon_outlier,1,0,1,,97c906fe31a77ac5fee55e78eb7bc23e414574540ead697f130d1355cf189f82,approve_none_after_source_rule
212561b769b88103b962c5e4d1b2d9cb48ecf88836c769319e9b1c450c80e7ad,classified,Salsola kali,Leaf Area,39,2,4,0,5,0,,taxon_outlier,0,0,0,,,approve_none_grouped
465cbe0fbffcb7d51438c1ff313f84875ad61c48c7d003341cca6894f3d45526,classified,Salvia aethiopis,Leaf Area,10,1,1,10,1,0,,domain_outlier;taxon_outlier,0,0,0,,,approve_none_grouped
1651ade6f24dff98303c9edd37d64e36138466d2cb4a33816e81300fe3cccdab,classified,Salvia dorrii,Leaf Area,12,2,2,0,2,0,,taxon_outlier,1,0,1,,97c906fe31a77ac5fee55e78eb7bc23e414574540ead697f130d1355cf189f82,approve_none_after_source_rule
d4e8da233048974691ae39ab48e2e682510284abac402b521de82780139a8865,classified,Salvia nemorosa,Leaf Area,10,1,1,0,1,0,,taxon_outlier,0,0,0,,,approve_none_grouped
a0cf78bcdd0122debbddb9ed783240785b5d8c8c501a4483665e168b0b6cddef,classified,Salvia officinalis,Leaf Area,14,2,5,0,3,0,,taxon_outlier,0,0,0,,,approve_none_grouped
43a2b449114eef497905ccee53ee1b880854c3395e5144f3eda68aa3f462ac91,classified,Salvia rosmarinus,Leaf Area,179,3,21,0,33,0,,taxon_outlier,1,0,1,,97c906fe31a77ac5fee55e78eb7bc23e414574540ead697f130d1355cf189f82,approve_none_after_source_rule
7bff0e298e6bb0d9df8d266227a980d05ea00a85a67bcbc8032937b1ce0d04dd,classified,Sanguinaria canadensis,Leaf Area,12,2,4,2,3,0,,domain_outlier;taxon_outlier,1,0,1,,97c906fe31a77ac5fee55e78eb7bc23e414574540ead697f130d1355cf189f82,approve_none_after_source_rule
7bb72ede283ba2df31f08c8410e51e601a656ab3d5cbeed0eeadd277ede62fae,classified,Sanicula europaea,Leaf Area,140,1,12,54,6,0,,domain_outlier;taxon_outlier,0,0,0,,,approve_none_grouped
e2b1d76b0db70420736297e572e264e48f441afca268a3b902ce578c62d30874,classified,Sarracenia leucophylla,Leaf Area,13,1,1,7,2,0,,domain_outlier;taxon_outlier,0,0,0,,,approve_none_grouped
cb07f9dcd6caac7cc4de2f419edb0536a36bdd3c8f9e2e393e6b0eef1e7600aa,classified,Sassafras albidum,Leaf Area,163,3,10,133,36,0,,domain_outlier;taxon_outlier,1,0,1,,97c906fe31a77ac5fee55e78eb7bc23e414574540ead697f130d1355cf189f82,approve_none_after_source_rule
cd17e758fcbb43bae1551344bc244c1abb7b076b6688e7c06cfa30e2236ed03e,classified,Saussurea alpina,Leaf Area,57,2,18,5,9,0,,domain_outlier;taxon_outlier,0,0,0,,,approve_none_grouped
da65e24099aa90d4dcde1bacc822471f37325db8800a2c4680f9941951e41a16,classified,Saxifraga aizoides,Leaf Area,29,1,3,0,4,0,,taxon_outlier,1,0,1,,3f0543786babf50f90453c5af328dd77ba325efbdbd416d4aadf3aea9a3c4ec6,approve_none_after_source_rule
c6fd2ededecc8f91fc623f747b15d66619f1b2761175cfbce442e210545cf23a,classified,Saxifraga androsacea,Leaf Area,13,1,2,0,2,0,,taxon_outlier,1,0,1,,3f0543786babf50f90453c5af328dd77ba325efbdbd416d4aadf3aea9a3c4ec6,approve_none_after_source_rule
3380dfce77f6b5eb949e2e9f71253ea32810401c4efc1fac913a5eb045c52fa3,classified,Saxifraga hirsuta,Leaf Area,13,1,2,0,2,0,,taxon_outlier,0,0,0,,,approve_none_grouped
1012128bc1ea7d631a934abf8db3879ca6f8e50c4fd62bfb4c5cc642cbe0a039,classified,Saxifraga oppositifolia,Leaf Area,29,1,3,0,1,0,,taxon_outlier,1,0,1,,3f0543786babf50f90453c5af328dd77ba325efbdbd416d4aadf3aea9a3c4ec6,approve_none_after_source_rule
7b1c14df7bd80a0fe3d466b42346c2dfebc83bef37ec215890ae4eb93a2c4699,classified,Saxifraga rotundifolia,Leaf Area,127,2,13,32,10,0,,domain_outlier;taxon_outlier,1,0,1,,3f0543786babf50f90453c5af328dd77ba325efbdbd416d4aadf3aea9a3c4ec6,approve_none_after_source_rule
c1e9bb78f9041590e5ee8ad52a6733c0f4ff704db289ea127355ec8ffbb98822,classified,Scabiosa ochroleuca,Leaf Area,20,1,2,0,2,0,,taxon_outlier,0,0,0,,,approve_none_grouped
64d3a10eeda3e3017b627697babd7f16422d782b96ed31b46ab98ca6ea484772,classified,Sceptridium biternatum,Leaf Area,10,1,2,1,1,0,,domain_outlier;taxon_outlier,0,0,0,,,approve_none_grouped
2218a061e0d236416b4f1e8ef2cf3a7fd4dc840932412c9e408af707a179cdd1,classified,Sceptridium dissectum,Leaf Area,12,1,2,2,3,0,,domain_outlier;taxon_outlier,0,0,0,,,approve_none_grouped
6d86a335cc776428c05a1548ff86c122ae6cf4c63685bdbd8f88a9cde12c8060,classified,Schizachyrium scoparium,Leaf Area,33,2,4,0,1,0,,taxon_outlier,0,0,0,,,approve_none_grouped
3d3919af490f837fd0cb8e21ac10fac61e1b06702a106e030fd52c71f9160073,classified,Schoenoplectus tabernaemontani,Leaf Area,11,1,2,7,2,0,,domain_outlier;taxon_outlier,0,0,0,,,approve_none_grouped
49ddd91f1dc9c51dd7e0ca0afe7297e2ce9c35377a2bf48e529ada8e6f1247cc,classified,Schoenus nigricans,Leaf Area,10,1,1,0,2,0,,taxon_outlier,0,0,0,,,approve_none_grouped
d43c024ee7b4769cd6d8eb74ccd1953a6366d02c2a5d873c2e380aca76a3a1d4,classified,Scilla bifolia,Leaf Area,18,1,3,0,5,0,,taxon_outlier,0,0,0,,,approve_none_grouped
91e6b2307561f7384ff8216a577b716fe290ed3c8e533b81a4fd46c2b29b543a,classified,Scilla vindobonensis,Leaf Area,14,1,2,0,2,0,,taxon_outlier,0,0,0,,,approve_none_grouped
5ec51ea038d0f7905ea7c71492d0f325ac969b363483c39a433c939e148f648e,classified,Scirpoides holoschoenus,Leaf Area,10,1,1,0,1,0,,taxon_outlier,0,0,0,,,approve_none_grouped
407ef3af5a0afed8ae02ada06408f8f10ed2ab4ee7c70a846ca376c0eb7a8880,classified,Scirpus atrovirens,Leaf Area,12,2,2,1,1,0,,domain_outlier;taxon_outlier,1,0,1,,97c906fe31a77ac5fee55e78eb7bc23e414574540ead697f130d1355cf189f82,approve_none_after_source_rule
ec9f1559b008ad994c06578ba09d207e4037be7bc2574ba5990f21891fa830b5,classified,Scorzonera laciniata,Leaf Area,10,1,1,0,1,0,,taxon_outlier,0,0,0,,,approve_none_grouped
bb521599892393840e5b92738e3d7525e1ae77f7c868855898c021f3f8f7d31d,classified,Scorzoneroides autumnalis,Leaf Area,45,3,14,0,8,0,,taxon_outlier,2,0,2,,3f0543786babf50f90453c5af328dd77ba325efbdbd416d4aadf3aea9a3c4ec6;97c906fe31a77ac5fee55e78eb7bc23e414574540ead697f130d1355cf189f82,approve_none_after_source_rule
fd3622351dc0d69d0e00a040cc0f0214b6ba74eb3b897da0c087fbd778098071,classified,Scorzoneroides helvetica,Leaf Area,20,1,2,0,1,0,,taxon_outlier,0,0,0,,,approve_none_grouped
65c5eb29e68d3b45bdeb33477c070173e91dffa49f7368556b2b7853b342518c,classified,Scutellaria mexicana,Leaf Area,11,1,1,0,2,0,,taxon_outlier,0,0,0,,,approve_none_grouped
408fc2a4524c9ab08d0bf19eea7fae439991d221a408cd2339ece846e1f5791f,classified,Secale sylvestre,Leaf Area,10,1,1,0,2,0,,taxon_outlier,0,0,0,,,approve_none_grouped
6ef5992c9dfc19598c99f578409591b6b3a0d6f160815036965432fb5afe0e87,classified,Sempervivum montanum,Leaf Area,10,1,1,0,2,0,,taxon_outlier,1,0,1,,3f0543786babf50f90453c5af328dd77ba325efbdbd416d4aadf3aea9a3c4ec6,approve_none_after_source_rule
66ed4f500aeb6c14e254dde45d79a6a7ae18d8047d99b7510c4b3e84d1496ca9,classified,Senecio amplectens,Leaf Area,25,1,1,0,5,0,,taxon_outlier,0,0,0,,,approve_none_grouped
59036aae9d1b9f486f94b4d20db754533932a812d29ca9594563d5d6d6e15602,classified,Senecio eremophilus,Leaf Area,22,1,2,0,2,0,,taxon_outlier,0,0,0,,,approve_none_grouped
7b5d04cf69397983608ba1f8a53a209cf1d8023c9b7179a1e97d8d5f688c87e6,classified,Senecio leucanthemifolius,Leaf Area,10,1,1,0,2,0,,taxon_outlier,0,0,0,,,approve_none_grouped
6b28deb1cb182494923837462ca7bf4a41e33e530cf8db610a927352a91bcff6,classified,Senecio vulgaris,Leaf Area,11,1,2,0,1,0,,taxon_outlier,0,0,0,,,approve_none_grouped
5735797b0d8905b25ab3428cf76c33da515651dd6cf9f61b6a43195846fcba50,classified,Senegalia greggii,Leaf Area,11,1,1,0,1,0,,taxon_outlier,0,0,0,,,approve_none_grouped
ced4fbbda933075e5dc1fafca47e52b2ac29e758c0537c43be615c0ad38f491f,classified,Senna hebecarpa,Leaf Area,13,1,2,0,2,0,,taxon_outlier,0,0,0,,,approve_none_grouped
392e40924d035272e05512cf676b7fc2bc691687dcc72b5b98537493d36eca60,classified,Seseli annuum,Leaf Area,10,1,1,1,2,0,,domain_outlier;taxon_outlier,0,0,0,,,approve_none_grouped
1ba95f3b568afe191eece8fe904beb6de9945d9a076035b9103da1a5d0c121f6,classified,Sesleria argentea,Leaf Area,10,1,1,0,1,0,,taxon_outlier,0,0,0,,,approve_none_grouped
8e198040593a3e0b3da7cec4b49346060e9b4609a217f83545fa19650033cb17,classified,Sesleria heufleriana,Leaf Area,30,2,4,0,3,0,,taxon_outlier,0,0,0,,,approve_none_grouped
33d94ebfaebd06d3c01813192a24a1c2988cf2a6f5b6464b75f7b6b42a7c51b4,classified,Sibbaldia procumbens,Leaf Area,81,2,12,0,4,0,,taxon_outlier,1,0,1,,8ddea77f82d884c1f128128e4ecd902453e642499cb52df3b28d00cf682288ab,approve_none_after_source_rule
b33faed0581985879e4b3e4dcf5b2fe7d4bfaf832f823181cb3fd3f7efc32484,classified,Sidalcea malviflora,Leaf Area,105,1,1,0,6,0,,taxon_outlier,0,0,0,,,approve_none_grouped
1952787e0e4f838fb5d6b64aae84d3467e1ad9e513050296619847d28d21434f,classified,Sideritis montana,Leaf Area,10,1,1,0,1,0,,taxon_outlier,0,0,0,,,approve_none_grouped
276a56e07f0ebc13df809c6e620fb8e9882fd104dd0029d4fe12adee5e304cc8,classified,Sideroxylon lanuginosum,Leaf Area,12,1,1,1,3,0,,domain_outlier;taxon_outlier,0,0,0,,,approve_none_grouped
73c809d5b74017b86371b67a5b5c91f6546657ee7e5c5ae5725903a60b036e77,classified,Silene acaulis,Leaf Area,74,1,8,0,11,0,,taxon_outlier,2,0,2,,3f0543786babf50f90453c5af328dd77ba325efbdbd416d4aadf3aea9a3c4ec6;8ddea77f82d884c1f128128e4ecd902453e642499cb52df3b28d00cf682288ab,approve_none_after_source_rule
733b4c0c444476c33c7715c3324582f65b192580068a60132a81bb4811db334e,classified,Silene colorata,Leaf Area,48,2,2,0,2,0,,taxon_outlier,0,0,0,,,approve_none_grouped
afd943ffb2251e6b3ff6b0a6c9ce81da61d7c8fc904b755c03f09c59912f008f,classified,Silene conica,Leaf Area,10,1,1,0,1,0,,taxon_outlier,0,0,0,,,approve_none_grouped
50c509582c0ad8006e7fb62fc440c4011ef1f43bf6368bcddc75a5ff90ecdc43,classified,Silene coronaria,Leaf Area,10,1,1,0,1,0,,taxon_outlier,0,0,0,,,approve_none_grouped
3ff00dab45eb994db7d1d6cd75c6c00f99048c9b521eaa0aa4c890bb44e6c5ca,classified,Silene dioica,Leaf Area,50,2,5,1,6,0,,domain_outlier;taxon_outlier,1,0,1,,3f0543786babf50f90453c5af328dd77ba325efbdbd416d4aadf3aea9a3c4ec6,approve_none_after_source_rule
880fa991f0303eb2fde84e2b5da0cde8d0bb0882411b08d9c916674c5e75b551,classified,Silene multiflora,Leaf Area,10,1,1,0,1,0,,taxon_outlier,0,0,0,,,approve_none_grouped
ebc99899786bd0a7a03839b2f78945035a562be48eca6689f2d36d5bd466fdc4,classified,Silene nutans,Leaf Area,18,2,4,0,2,0,,taxon_outlier,1,0,1,,3f0543786babf50f90453c5af328dd77ba325efbdbd416d4aadf3aea9a3c4ec6,approve_none_after_source_rule
b5416486ccd251ce09c8db6c1f0864a18d38a5b5e6072d46a7482f621e7e2fd0,classified,Silene stellata,Leaf Area,20,1,1,0,5,0,,taxon_outlier,0,0,0,,,approve_none_grouped
065445dfced64c821b98d0d3b4241b4e263265f72b8bee7f86b0dccf31544746,classified,Silene vulgaris,Leaf Area,37,2,4,0,6,0,,taxon_outlier,1,0,1,,3f0543786babf50f90453c5af328dd77ba325efbdbd416d4aadf3aea9a3c4ec6,approve_none_after_source_rule
56b6c71650f11143039c9aa5444ba32d5f1e4ab67777fdc269f57745ad9217af,classified,Simmondsia chinensis,Leaf Area,41,2,2,0,4,0,,taxon_outlier,0,0,0,,,approve_none_grouped
8d35e52c04032991f1afadb0936d5387f48178c36e6e16a94ae40badb8f3c445,classified,Sisymbrium polymorphum,Leaf Area,10,1,2,0,1,0,,taxon_outlier,0,0,0,,,approve_none_grouped
d88b89dd60e0e1418bf92d2c8be4c6e2099e326aa5147c3b03caf23d37370a29,classified,Sisymbrium strictissimum,Leaf Area,10,1,1,10,3,0,,domain_outlier;taxon_outlier,0,0,0,,,approve_none_grouped
432469b8d0a09491558b873615c85f56a073723257867f45d9cc27a5af0973f7,classified,Sitobolium punctilobum,Leaf Area,11,2,3,0,2,0,,taxon_outlier,0,0,0,,,approve_none_grouped
5a19c1bee66bbd163bb66e2ea03953bff9beddaf0630d55c09a49ae4ae4c1fbd,classified,Sixalix atropurpurea,Leaf Area,31,1,1,0,2,0,,taxon_outlier,0,0,0,,,approve_none_grouped
2f40da3078557506ff3e778e5433242e5c505c4a1ea4c29f613ed4d4fdc26644,classified,Smilax tamnoides,Leaf Area,10,2,5,2,2,0,,domain_outlier;taxon_outlier,1,0,1,,97c906fe31a77ac5fee55e78eb7bc23e414574540ead697f130d1355cf189f82,approve_none_after_source_rule
b647ccd077c510f3feebc4fd4606390cace8f5142b5ac5ca7cfb9fdf06ff6508,classified,Solidago canadensis,Leaf Area,630,3,18,0,34,0,,taxon_outlier,1,0,1,,97c906fe31a77ac5fee55e78eb7bc23e414574540ead697f130d1355cf189f82,approve_none_after_source_rule
4ccfd3074f0e26c5bef8d881a5120d7b57c647012fc3e09b59cb4e144377d91d,classified,Solidago gigantea,Leaf Area,56,2,10,0,2,0,,taxon_outlier,0,0,0,,,approve_none_grouped
f7b07e750888b7780ae7fe542d0738799eed623d5a44a175cb03c9a4719482dc,classified,Solidago juncea,Leaf Area,48,1,8,0,4,0,,taxon_outlier,0,0,0,,,approve_none_grouped
c32a6defe4fa215bc704f3a2a81a1a89528b1b4073b7b8c0bf178732edf541f1,classified,Solidago nana,Leaf Area,20,1,2,0,1,0,,taxon_outlier,0,0,0,,,approve_none_grouped
90b5f1900831e51166d7b33b946a20f3ae6a010f357e5f19885ebabce16e596e,classified,Solidago nemoralis,Leaf Area,10,2,4,0,2,0,,taxon_outlier,1,0,1,,97c906fe31a77ac5fee55e78eb7bc23e414574540ead697f130d1355cf189f82,approve_none_after_source_rule
5d8266b2e5d7e4a450e8a95b7c89d9ac3890ecf69458819af013fb0bfde1cd77,classified,Solidago rugosa,Leaf Area,344,2,37,0,16,0,,taxon_outlier,1,0,1,,97c906fe31a77ac5fee55e78eb7bc23e414574540ead697f130d1355cf189f82,approve_none_after_source_rule
2241dddb221b93e378f23af4873f26cfeff163bb275e1dd2f0cb15bb4cb24011,classified,Solidago velutina,Leaf Area,20,1,2,0,3,0,,taxon_outlier,0,0,0,,,approve_none_grouped
925d4bf98fb520fd9a3dc384ea94d175905c753571bd1e731fc1845c08257f72,classified,Solidago virgaurea,Leaf Area,160,3,36,38,20,0,,domain_outlier;taxon_outlier,1,0,1,,97c906fe31a77ac5fee55e78eb7bc23e414574540ead697f130d1355cf189f82,approve_none_after_source_rule
8099ec72052dfee58b8e2863386ca2a17c53e52738fc3b3c37acdb0ba971ca7e,classified,Sonchus arvensis,Leaf Area,11,2,2,9,1,0,,domain_outlier;taxon_outlier,1,0,1,,97c906fe31a77ac5fee55e78eb7bc23e414574540ead697f130d1355cf189f82,approve_none_after_source_rule
f32b034dc9156a06f132a0cb7f1e803a9972a4ee5b72356bc615d782a5674793,classified,Sonchus asper,Leaf Area,100,2,2,0,9,0,,taxon_outlier,0,0,0,,,approve_none_grouped
09c1ecc9baf15dcba1459630ee1bc35f42c171456dd7c960a97cea70a830904a,classified,Sorbaria kirilowii,Leaf Area,15,1,1,0,4,0,,taxon_outlier,0,0,0,,,approve_none_grouped
260c36844c7ae407d47a2dcd82feb770ab51a742fadbcbbebbb5feddd912e925,classified,Sorghastrum nutans,Leaf Area,47,3,3,0,8,0,,taxon_outlier,1,0,1,,97c906fe31a77ac5fee55e78eb7bc23e414574540ead697f130d1355cf189f82,approve_none_after_source_rule
e470aace06b210695a7cb9079b456f1b61498d11fcb0eea0ecdf0571d5896d4e,classified,Sparganium eurycarpum,Leaf Area,20,2,2,1,1,0,,domain_outlier;taxon_outlier,1,0,1,,97c906fe31a77ac5fee55e78eb7bc23e414574540ead697f130d1355cf189f82,approve_none_after_source_rule
a75d3b9851a637b3508e18eb6ecc841774ff367e872148bebeab96bc3df7c0d2,classified,Spergularia purpurea,Leaf Area,10,1,1,0,3,0,,taxon_outlier,0,0,0,,,approve_none_grouped
40a1b5efe876e60f2fb3b25bbe3d423eb9c02186a00dc260b3b9b5399952f805,classified,Sphaeralcea coccinea,Leaf Area,10,1,1,0,1,0,,taxon_outlier,0,0,0,,,approve_none_grouped
226c6f5ad492fdb764a5db9c0ffa7d48404d5f5d76aa960c207811fe4235a429,classified,Spinulum annotinum,Leaf Area,15,4,8,0,1,0,,taxon_outlier,0,0,0,,,approve_none_grouped
fbca1959ecfb9f89f7b818bb6cda669fddeedf24ab284362e2f3cc9ae1560923,classified,Spiraea alba,Leaf Area,14,1,1,0,1,0,,taxon_outlier,0,0,0,,,approve_none_grouped
a7fba510c3b8914f6dfa93080580efe9c032a83e8ea4c44bfff33b54c0b7b7e4,classified,Spiraea rosthornii,Leaf Area,15,1,1,0,1,0,,taxon_outlier,0,0,0,,,approve_none_grouped
9685b31ccef6f4b9633b8e98e5d6c8b0b4422ff9a7c590d04c1fb45010fdaad7,classified,Sporobolus interruptus,Leaf Area,20,1,2,0,2,0,,taxon_outlier,0,0,0,,,approve_none_grouped
6d0286c704bb4e8084b99700adf262260bd63baea3ff065e3891020a844f3f2c,classified,Sporobolus michauxianus,Leaf Area,18,1,2,0,1,0,,taxon_outlier,0,0,0,,,approve_none_grouped
1520453accae52ec155211e7073212f6862d915fac7e6167919de9eed33e84bb,classified,Sporobolus virginicus,Leaf Area,80,1,2,0,6,0,,taxon_outlier,0,0,0,,,approve_none_grouped
48e9383504ede5ed43e871a7cae879bd6cebf16f6d78993a70309ac1771ae78a,classified,Stachys palustris,Leaf Area,22,2,4,4,1,0,,domain_outlier;taxon_outlier,0,0,0,,,approve_none_grouped
39f8be44dc8d1b79b272b1d4dd0e7138abde326c98bb5ec3bfa244708c77908a,classified,Stachys recta,Leaf Area,11,1,7,5,2,0,,domain_outlier;taxon_outlier,0,0,0,,,approve_none_grouped
94092cbb2dcabbc4a735727e26c5c120087b0f08825bad093434a9140c4fe557,classified,Stellaria graminea,Leaf Area,43,3,5,0,6,0,,taxon_outlier,2,0,2,,3f0543786babf50f90453c5af328dd77ba325efbdbd416d4aadf3aea9a3c4ec6;97c906fe31a77ac5fee55e78eb7bc23e414574540ead697f130d1355cf189f82,approve_none_after_source_rule
353bcda36feabe62d23c5dc545ba89db854bbcb5b1808eabb910654bef8baeba,classified,Stellaria media,Leaf Area,11,1,2,0,1,0,,taxon_outlier,1,0,1,,97c906fe31a77ac5fee55e78eb7bc23e414574540ead697f130d1355cf189f82,approve_none_after_source_rule
7270234a3250328b9f54db84d8db184e8c9be323d2304ba8dfbcfcdec1d64be3,classified,Stipa offneri,Leaf Area,49,2,7,0,2,0,,taxon_outlier,0,0,0,,,approve_none_grouped
7946b599e25491e5c1b5c1a257ecb2fac325a4917942bc094b8293f7b679688e,classified,Streptopus amplexifolius,Leaf Area,10,1,4,0,1,0,,taxon_outlier,0,0,0,,,approve_none_grouped
3d6a3449881714613e1b1eb298c30ccc32103264a5cb960945b9d2282ee5fb73,classified,Streptopus lanceolatus,Leaf Area,65,2,10,0,2,0,,taxon_outlier,0,0,0,,,approve_none_grouped
77bfb0589d8961945412c8b1d6794e00769bf135f71373647b1bc4d907d606da,classified,Succisa pratensis,Leaf Area,12,2,3,0,1,0,,taxon_outlier,1,0,1,,97c906fe31a77ac5fee55e78eb7bc23e414574540ead697f130d1355cf189f82,approve_none_after_source_rule
168ae07592d03aca2d4ceee1e1017ad7df36e2420356c7538f7e107f6668622d,classified,Symphyotrichum ascendens,Leaf Area,20,1,2,0,2,0,,taxon_outlier,0,0,0,,,approve_none_grouped
a4436591072b2826adcffad73a04a5bff255ea03315c94acceb62e6d5e4b8cf0,classified,Symphyotrichum ericoides,Leaf Area,26,1,1,0,6,0,,taxon_outlier,0,0,0,,,approve_none_grouped
5bc4b492479d5c336d54c338a7332f4bf62635e43dc5f37f79aa0cfd71e9a767,classified,Symphyotrichum falcatum,Leaf Area,20,1,2,0,1,0,,taxon_outlier,0,0,0,,,approve_none_grouped
e672dab8530f743e894c1252387e280e42844723fe0f0f19d02a1f9c30517916,classified,Symphyotrichum oolentangiense,Leaf Area,37,1,3,0,2,0,,taxon_outlier,0,0,0,,,approve_none_grouped
d4fbce6e20aef1c7f999af41e0396abd40b81094aa0b685f76b90b24c602d756,classified,Symphytum officinale,Leaf Area,13,1,8,13,3,0,,domain_outlier;taxon_outlier,0,0,0,,,approve_none_grouped
afd24ca376d80aec2490eddcc699edb984e9962b44c17c6c62674cc17ffd660b,classified,Syringa pubescens,Leaf Area,15,1,1,0,3,0,,taxon_outlier,0,0,0,,,approve_none_grouped
f9c0093c6c29530508764e2ffc3c0cabc9b0c6a3ef18554133a8580f3d8b9a54,classified,Syringa villosa,Leaf Area,14,1,1,0,2,0,,taxon_outlier,0,0,0,,,approve_none_grouped
a8e7d858b85480d78ba1ce6cb049c66da615442ba2a716907ade24407f5576d0,classified,Taraxacum,Leaf Area,41,2,10,0,5,0,,taxon_outlier,0,0,0,,,approve_none_grouped
7b958aaa1e5b18667b12c8d70b8135d4b108189eae52580caf11cd7e54999637,classified,Taraxacum alpinum,Leaf Area,20,1,2,0,4,0,,taxon_outlier,0,0,0,,,approve_none_grouped
205ca78eb8f11247a0270128705ef2685e36877a365e6c7b865f3161c7ff53e3,classified,Taraxacum campylodes,Leaf Area,161,4,29,2,18,0,,domain_outlier;taxon_outlier,3,0,3,,3f0543786babf50f90453c5af328dd77ba325efbdbd416d4aadf3aea9a3c4ec6;8ddea77f82d884c1f128128e4ecd902453e642499cb52df3b28d00cf682288ab;97c906fe31a77ac5fee55e78eb7bc23e414574540ead697f130d1355cf189f82,approve_none_after_source_rule
db145f42865dd32b56a94b6f87bd99e02cac4e88a5f771a553348dd1a599557a,classified,Tetraneuris acaulis,Leaf Area,16,2,3,0,1,0,,taxon_outlier,1,0,1,,8ddea77f82d884c1f128128e4ecd902453e642499cb52df3b28d00cf682288ab,approve_none_after_source_rule
941e655c40c168127c9d4a7f14ec46c6141e8ac1b6ff6838226dac8220d427d6,classified,Teucrium capitatum,Leaf Area,36,3,9,0,3,0,,taxon_outlier,1,0,1,,97c906fe31a77ac5fee55e78eb7bc23e414574540ead697f130d1355cf189f82,approve_none_after_source_rule
d3d197532074d833ea2307334913c499b3cbddca55c83915f397df8ba18041c6,classified,Teucrium charidemi,Leaf Area,12,2,3,0,2,0,,taxon_outlier,1,0,1,,97c906fe31a77ac5fee55e78eb7bc23e414574540ead697f130d1355cf189f82,approve_none_after_source_rule
8aa594906cd618b08894c44c4365e2af17496a57cea2ab09aaac3038b397d50a,classified,Teucrium eriocephalum,Leaf Area,12,2,3,0,2,0,,taxon_outlier,1,0,1,,97c906fe31a77ac5fee55e78eb7bc23e414574540ead697f130d1355cf189f82,approve_none_after_source_rule
7cb6e56136f6555e01b114dd3ead3c4db7d6d1d051044aad3b23e389f3ed8851,classified,Teucrium polium,Leaf Area,13,3,4,0,3,0,,taxon_outlier,0,0,0,,,approve_none_grouped
636086378560540ef4a87658d966cf11f34a708277ef078f7cd5dce1714babf6,classified,Thalictrum alpinum,Leaf Area,40,2,13,0,4,0,,taxon_outlier,0,0,0,,,approve_none_grouped
2eb286b3de64250e57b7975db46f17d66fb9e4a9493c0fd8265dc2bf854aa00d,classified,Thalictrum dioicum,Leaf Area,17,2,5,2,3,0,,domain_outlier;taxon_outlier,1,0,1,,97c906fe31a77ac5fee55e78eb7bc23e414574540ead697f130d1355cf189f82,approve_none_after_source_rule
dc63a46c6b4701178ecdc5510476f089892d42975ee1fa014426f244aa507fd2,classified,Thalictrum fendleri,Leaf Area,21,1,4,0,2,0,,taxon_outlier,0,0,0,,,approve_none_grouped
c1a3bbad35a32468f7116d44cb743cc65a84b90be3f52c29ed68531ae1365147,classified,Thalictrum simplex,Leaf Area,10,1,1,0,1,0,,taxon_outlier,0,0,0,,,approve_none_grouped
adb932f298de37518757b2ef64a51895b0c85f207287281c363d3cf96fa64fd3,classified,Thinopyrum intermedium,Leaf Area,10,1,1,0,1,0,,taxon_outlier,0,0,0,,,approve_none_grouped
2988806e353daf84467fd2e86ef6c5466f78c70ad3cf6e18e3db740f1d7a0044,classified,Thinopyrum junceum,Leaf Area,199,2,33,0,25,0,,taxon_outlier,0,0,0,,,approve_none_grouped
32237398a32701fcb3a07260285da53e2311b9224e1053d7a46abd6761cddd66,classified,Thrincia saxatilis,Leaf Area,30,2,4,0,3,0,,taxon_outlier,1,0,1,,97c906fe31a77ac5fee55e78eb7bc23e414574540ead697f130d1355cf189f82,approve_none_after_source_rule
34f604474c4eb4ea15e83f9ba577d13b556b19cfc41c4c0d583847ff05982e29,classified,Thymus longiflorus,Leaf Area,11,2,2,0,1,0,,taxon_outlier,0,0,0,,,approve_none_grouped
17ffe79ac0630f9a91691c26ad0fe5a5dff11d1b73cf378965d119b0d2b46135,classified,Thymus mastichina,Leaf Area,73,2,5,0,7,0,,taxon_outlier,0,0,0,,,approve_none_grouped
95480b534c17c6fdee4da4d118fa159ed01ab38dc21d36a5a9366a32b5763d89,classified,Thymus odoratissimus,Leaf Area,10,1,1,0,1,0,,taxon_outlier,0,0,0,,,approve_none_grouped
73a04176831a88938ed1e72c828ad1a725e797cbbeb4e9ec87ffc971d245284d,classified,Thymus praecox,Leaf Area,187,2,11,0,2,0,,taxon_outlier,2,0,2,,3f0543786babf50f90453c5af328dd77ba325efbdbd416d4aadf3aea9a3c4ec6;97c906fe31a77ac5fee55e78eb7bc23e414574540ead697f130d1355cf189f82,approve_none_after_source_rule
af21dae9ec0228091d7730918594fef0e2c1d8c68f3ba33135dc6733127bacdb,classified,Thymus pulegioides,Leaf Area,12,2,3,0,2,0,,taxon_outlier,1,0,1,,97c906fe31a77ac5fee55e78eb7bc23e414574540ead697f130d1355cf189f82,approve_none_after_source_rule
0b79d39e019b3c5da3f372cbce55cc643780a2a663abe72172acf42fd73fd9b0,classified,Thymus serpyllum,Leaf Area,16,1,16,0,2,0,,taxon_outlier,0,0,0,,,approve_none_grouped
74e04ede68e4d25dc71ff00d5fe3da5730880d7f543f6e84438a7267591b0d48,classified,Thymus vulgaris,Leaf Area,85,2,13,0,7,0,,taxon_outlier,1,0,1,,97c906fe31a77ac5fee55e78eb7bc23e414574540ead697f130d1355cf189f82,approve_none_after_source_rule
3ffb68c9f0926c5de02f5435ea95161e3f5b275cef8ab91567f41d0522304012,classified,Thymus zygis,Leaf Area,32,1,1,0,1,0,,taxon_outlier,0,0,0,,,approve_none_grouped
c3fa7fd6ccb8d853f5b714e68aa761c4e6768f487ff4499364676bdbd73246bf,classified,Tilia americana,Leaf Area,49,5,17,18,5,0,,domain_outlier;taxon_outlier,1,0,1,,97c906fe31a77ac5fee55e78eb7bc23e414574540ead697f130d1355cf189f82,approve_none_after_source_rule
614107b1d9320291d613f90e59173c022b4e190199dd36044f99b42155b1b3a3,classified,Tofieldia calyculata,Leaf Area,10,1,1,0,1,0,,taxon_outlier,1,0,1,,3f0543786babf50f90453c5af328dd77ba325efbdbd416d4aadf3aea9a3c4ec6,approve_none_after_source_rule
74a53d59e091b16d634b640d1452ce9632a23c7fd2d435109c91ed814831ad27,classified,Tofieldia pusilla,Leaf Area,12,1,1,0,3,0,,taxon_outlier,0,0,0,,,approve_none_grouped
aab3a4cc93e374f2af50839082ef94805e4185efbf1107ad4b3a1b99e52fb067,classified,Tolpis barbata,Leaf Area,60,1,1,0,6,0,,taxon_outlier,0,0,0,,,approve_none_grouped
9a22fb502bcf5c2620ea9cc7b3e7da5a6d6581fb9b183eccd8233fe6c582f63b,classified,Torilis arvensis,Leaf Area,11,1,2,0,3,0,,taxon_outlier,0,0,0,,,approve_none_grouped
172646e836b01019c5b562d9c53bd4d4c48c545433b157472bc7b357d590b1ca,classified,Torminalis glaberrima,Leaf Area,36,2,2,0,4,0,,taxon_outlier,0,0,0,,,approve_none_grouped
8f5f358665f08970db0e1ea2304073b23154ca81bc388174ea6de47415d1a52b,classified,Townsendia exscapa,Leaf Area,10,1,2,0,1,0,,taxon_outlier,0,0,0,,,approve_none_grouped
10d1a6169f194cb2d80dff3213409e09c8fd8d89d71e2b0931e792702898c188,classified,Toxicodendron radicans,Leaf Area,10,2,4,3,2,0,,domain_outlier;taxon_outlier,1,0,1,,97c906fe31a77ac5fee55e78eb7bc23e414574540ead697f130d1355cf189f82,approve_none_after_source_rule
35f37637f3343b9c14dc60012f26e4acf872b854ce3e71cfec525e61a6d29900,classified,Tragopogon dubius,Leaf Area,21,1,4,0,2,0,,taxon_outlier,0,0,0,,,approve_none_grouped
de0d98bf64a2c5cfee76eaa99e91196a59e6c810ab56966a6704eb1b320a801a,classified,Tribulus terrestris,Leaf Area,10,1,1,0,1,0,,taxon_outlier,0,0,0,,,approve_none_grouped
b9c79365c06a53f204ff908c29fc993e01d7f427da8cd7b16f575a046148c3c7,classified,Trifolium arvense,Leaf Area,11,2,2,0,3,0,,taxon_outlier,0,0,0,,,approve_none_grouped
fbd555804ef1a0a9b3e4ec9f4e76e2cc1211349d15197044498f50cc5c4ac77f,classified,Trifolium badium,Leaf Area,22,1,3,0,1,0,,taxon_outlier,1,0,1,,3f0543786babf50f90453c5af328dd77ba325efbdbd416d4aadf3aea9a3c4ec6,approve_none_after_source_rule
af2e14128aa97afbbe8e2da8e8fa347d452e5fef6129d5bf1db0db1eba3d2d29,classified,Trifolium cherleri,Leaf Area,214,1,1,0,14,0,,taxon_outlier,0,0,0,,,approve_none_grouped
ad15e14774c3f127dfe00696baeddb9905b8f3f5599ab1a8642b16ff3ba5b794,classified,Trifolium dasyphyllum,Leaf Area,16,1,2,0,1,0,,taxon_outlier,1,0,1,,8ddea77f82d884c1f128128e4ecd902453e642499cb52df3b28d00cf682288ab,approve_none_after_source_rule
d94473092b5f7be26da5ace4f15e104ece3dec535662de26188de368618fad52,classified,Trifolium dubium,Leaf Area,11,2,2,0,1,0,,taxon_outlier,0,0,0,,,approve_none_grouped
db6fb373d05104631951e5c2246fc13eaa24cd4908d19f162c39be1d8d6bfefc,classified,Trifolium glomeratum,Leaf Area,47,1,1,0,1,0,,taxon_outlier,0,0,0,,,approve_none_grouped
544860b753ff1484e20c0394f540ebe230a08411e18e27661ec98c760cb695af,classified,Trifolium hirtum,Leaf Area,20,1,1,0,2,0,,taxon_outlier,0,0,0,,,approve_none_grouped
14185f0fbda4499368456c7fd834a062cd36c82fdb005692dc0b2e5a16549bf8,classified,Trifolium longipes,Leaf Area,22,1,3,0,1,0,,taxon_outlier,0,0,0,,,approve_none_grouped
324233bac86000366d06f3e141845b85e90868b628abb4f4b75a925a02262eec,classified,Trifolium micranthum,Leaf Area,15,1,2,0,2,0,,taxon_outlier,0,0,0,,,approve_none_grouped
c9e0511a6d6575b2a629580fc6d10b79b24c78d4ae0a34cf6524b6e7fdcb78ca,classified,Trifolium montanum,Leaf Area,268,3,15,1,8,0,,domain_outlier;taxon_outlier,0,0,0,,,approve_none_grouped
87a99c395a23636405fc53746514f6882edf9e7d135c691c6cda80bf87f5f7ab,classified,Trifolium pratense,Leaf Area,119,5,20,0,9,0,,taxon_outlier,2,0,2,,3f0543786babf50f90453c5af328dd77ba325efbdbd416d4aadf3aea9a3c4ec6;97c906fe31a77ac5fee55e78eb7bc23e414574540ead697f130d1355cf189f82,approve_none_after_source_rule
354d2c6545e852ffd208c22a2b3dfa2bacb2558f61c8d2efe97ae65da908d6e4,classified,Trifolium repens,Leaf Area,141,3,23,0,14,0,,taxon_outlier,2,0,2,,3f0543786babf50f90453c5af328dd77ba325efbdbd416d4aadf3aea9a3c4ec6;97c906fe31a77ac5fee55e78eb7bc23e414574540ead697f130d1355cf189f82,approve_none_after_source_rule
5f45f64acf6f55cd022c49711d53e17c2015317957cd30a2bdff345ff739fc1e,classified,Trifolium striatum,Leaf Area,30,1,1,0,3,0,,taxon_outlier,0,0,0,,,approve_none_grouped
201950e297fd3c2b3884cd7f8e3a4adf540192408641d3e91884d77acf900f26,classified,Trillium grandiflorum,Leaf Area,18,2,3,1,2,0,,domain_outlier;taxon_outlier,1,0,1,,97c906fe31a77ac5fee55e78eb7bc23e414574540ead697f130d1355cf189f82,approve_none_after_source_rule
af1998646d9e838d2b74d0eb84f22f0480186d0b5f6eb46423177690c2ea033f,classified,Trillium undulatum,Leaf Area,10,1,5,0,2,0,,taxon_outlier,0,0,0,,,approve_none_grouped
d1e59d8d94fb98f6dac036935180ba5f8b83010760bf67446deeeb7d828ea191,classified,Tripleurospermum inodorum,Leaf Area,10,1,1,0,1,0,,taxon_outlier,0,0,0,,,approve_none_grouped
73d2d1c19bb6a5e24e3faa2b6aefd1fd6b3976c722c719d21d7f0ca531e8807d,classified,Trisetaria panicea,Leaf Area,56,1,1,0,7,0,,taxon_outlier,0,0,0,,,approve_none_grouped
79591b587f5528f60a363100541abf2d4f8542bd13586cbfd713b48abd26f00f,classified,Trisetum flavescens,Leaf Area,50,1,5,0,5,0,,taxon_outlier,0,0,0,,,approve_none_grouped
c3438ef1e44c4316b97a3ad547fe6b052ff6d233984585e81cda2f0b3b69ff37,classified,Trixis californica,Leaf Area,11,1,1,0,3,0,,taxon_outlier,0,0,0,,,approve_none_grouped
13c8c53868b79b09717941657ee09e872c0ae4d7e024c070cde9c4849ed24548,classified,Trollius europaeus,Leaf Area,45,3,9,32,5,0,,domain_outlier;taxon_outlier,2,0,2,,3f0543786babf50f90453c5af328dd77ba325efbdbd416d4aadf3aea9a3c4ec6;97c906fe31a77ac5fee55e78eb7bc23e414574540ead697f130d1355cf189f82,approve_none_after_source_rule
cd836f885ecda4b94ff870a1b4c6f67df952e881ee34dc3af531047bb06cc380,classified,Trommsdorffia maculata,Leaf Area,10,1,1,9,2,0,,domain_outlier;taxon_outlier,0,0,0,,,approve_none_grouped
2ebc142a10bdf0e7370b2afd1a88fca433c9f55ec001693e86a597580761d76b,classified,Ulex parviflorus,Leaf Area,38,2,6,0,6,0,,taxon_outlier,1,0,1,,97c906fe31a77ac5fee55e78eb7bc23e414574540ead697f130d1355cf189f82,approve_none_after_source_rule
d38fc8378f6f6be90dac2e6094f7187897e0c012b010b98b04632a95d5b87746,classified,Ulmus rubra,Leaf Area,106,2,5,85,4,0,,domain_outlier;taxon_outlier,1,0,1,,97c906fe31a77ac5fee55e78eb7bc23e414574540ead697f130d1355cf189f82,approve_none_after_source_rule
217ce26ce7a9650fa51c2b91a350b28a956e1c8cd3e31895ba21bfd0370bd449,classified,Urtica dioica,Leaf Area,126,4,36,18,13,0,,domain_outlier;taxon_outlier,1,0,1,,97c906fe31a77ac5fee55e78eb7bc23e414574540ead697f130d1355cf189f82,approve_none_after_source_rule
dcdcb35796b488e0034ca0b97dfcab623faaf40959a8b194dc21d7ccab720440,classified,Urtica urens,Leaf Area,10,1,1,0,1,0,,taxon_outlier,0,0,0,,,approve_none_grouped
a2834e5c805b168731946fee7669ae3f6f80d39ed3e93144d87472748255de59,classified,Vaccinium angustifolium,Leaf Area,53,2,3,0,4,0,,taxon_outlier,1,0,1,,97c906fe31a77ac5fee55e78eb7bc23e414574540ead697f130d1355cf189f82,approve_none_after_source_rule
55b083e5ac6f0ebf22dc1d12cf93c9686272c8b3992e2c0319d31d4a4b058ac5,classified,Vaccinium cespitosum,Leaf Area,11,1,2,0,2,0,,taxon_outlier,1,0,1,,8ddea77f82d884c1f128128e4ecd902453e642499cb52df3b28d00cf682288ab,approve_none_after_source_rule
363d2853cdd40b3d449d08e7840f023eb390a8458087712b7198ed96cbe20eb8,classified,Vaccinium myrtilloides,Leaf Area,30,3,8,0,5,0,,taxon_outlier,1,0,1,,97c906fe31a77ac5fee55e78eb7bc23e414574540ead697f130d1355cf189f82,approve_none_after_source_rule
ac478e2c0f0a3f95d5a3c1607fe01c0c23fbd4588b1056af2e51b2c6ca5e069d,classified,Vaccinium myrtillus,Leaf Area,204,4,78,0,22,0,,taxon_outlier,2,0,2,,3f0543786babf50f90453c5af328dd77ba325efbdbd416d4aadf3aea9a3c4ec6;97c906fe31a77ac5fee55e78eb7bc23e414574540ead697f130d1355cf189f82,approve_none_after_source_rule
6b93407cef7c6e84e68848582e17a3f145c4d0ea1f2c127018127c28065498bb,classified,Vaccinium uliginosum,Leaf Area,71,4,22,0,1,0,,taxon_outlier,1,0,1,,97c906fe31a77ac5fee55e78eb7bc23e414574540ead697f130d1355cf189f82,approve_none_after_source_rule
592aff20a10bfc185f3ba606d352c3d8d1682f656e86cb374026cec19635f0f1,classified,Vaccinium vitis-idaea,Leaf Area,295,3,118,0,20,0,,taxon_outlier,2,0,2,,3f0543786babf50f90453c5af328dd77ba325efbdbd416d4aadf3aea9a3c4ec6;97c906fe31a77ac5fee55e78eb7bc23e414574540ead697f130d1355cf189f82,approve_none_after_source_rule
c6d5659a22d04bee7b9c6909b0f9a100d4345b70f38703dd9be807373b3cd519,classified,Valeriana pratensis,Leaf Area,10,1,1,10,2,0,,domain_outlier;taxon_outlier,0,0,0,,,approve_none_grouped
fb567b7b1a5e1d4982283bba2303dc644e76c54d5aa451d1651ccd36da3d8090,classified,Veratrum album,Leaf Area,20,2,3,19,4,0,,domain_outlier;taxon_outlier,1,0,1,,3f0543786babf50f90453c5af328dd77ba325efbdbd416d4aadf3aea9a3c4ec6,approve_none_after_source_rule
4215a2e1b62e87301b7a1247cc231882b85799d7080e38c63a720a178db6fa93,classified,Verbascum phoeniceum,Leaf Area,10,1,1,8,3,0,,domain_outlier;taxon_outlier,0,0,0,,,approve_none_grouped
29ed4e12a0b400b196ff20eed56b40c0c666dc2eb506c048b2d88e90f8579ebf,classified,Verbascum thapsus,Leaf Area,28,2,5,1,5,0,,domain_outlier;taxon_outlier,1,0,1,,97c906fe31a77ac5fee55e78eb7bc23e414574540ead697f130d1355cf189f82,approve_none_after_source_rule
d87b261037a7ce1319d4fd595b0de6b77b21936d680f576112106e7599e6e387,classified,Verbena bracteata,Leaf Area,12,1,2,0,3,0,,taxon_outlier,0,0,0,,,approve_none_grouped
f0e21965f2789cd7f2ab45a12fd763f9f8b418769e93415502dd86ae832230bf,classified,Verbesina occidentalis,Leaf Area,29,1,6,0,2,0,,taxon_outlier,0,0,0,,,approve_none_grouped
8a4d5e57972993a473f0a9c43276af6fa2b8f1ab70d06b3509557393ab772db6,classified,Veronica alpina,Leaf Area,106,2,8,0,11,0,,taxon_outlier,2,0,2,,3f0543786babf50f90453c5af328dd77ba325efbdbd416d4aadf3aea9a3c4ec6;97c906fe31a77ac5fee55e78eb7bc23e414574540ead697f130d1355cf189f82,approve_none_after_source_rule
772622a9ae683c4144748e1aecd1225bb6fe0d23faa34d181ad0402701937254,classified,Veronica arvensis,Leaf Area,11,2,2,0,2,0,,taxon_outlier,0,0,0,,,approve_none_grouped
17c9a6eb627f79399bf3615862879c1a988ca24da7e5c9748d5671e98f8d1ec8,classified,Veronica chamaedrys,Leaf Area,101,2,51,29,10,0,,domain_outlier;taxon_outlier,3,0,3,,3f0543786babf50f90453c5af328dd77ba325efbdbd416d4aadf3aea9a3c4ec6;97c906fe31a77ac5fee55e78eb7bc23e414574540ead697f130d1355cf189f82;e4504212b94c4e98f98f76ddea21e6c14b670b0c7aae7732d5367fd7d08e2017,approve_none_after_source_rule
afd440d192ccf225cbb3ec30d9481be44dedfd3a22e4bd7b32bbc35980b45b72,classified,Veronica officinalis,Leaf Area,15,2,3,0,1,0,,taxon_outlier,2,0,2,,3f0543786babf50f90453c5af328dd77ba325efbdbd416d4aadf3aea9a3c4ec6;97c906fe31a77ac5fee55e78eb7bc23e414574540ead697f130d1355cf189f82,approve_none_after_source_rule
18e9f7a1a371ccd2bbd4b87743168c4c97e47ec339a6f328f7fc77ab80b91198,classified,Veronica serpyllifolia,Leaf Area,27,1,3,0,3,0,,taxon_outlier,1,0,1,,3f0543786babf50f90453c5af328dd77ba325efbdbd416d4aadf3aea9a3c4ec6,approve_none_after_source_rule
3fa3113ebcc9c7c69e2786552f1d4946cf3173fd121fc11a60b7bee889b1e1d8,classified,Veronica spicata,Leaf Area,26,2,8,0,3,0,,taxon_outlier,1,0,1,,97c906fe31a77ac5fee55e78eb7bc23e414574540ead697f130d1355cf189f82,approve_none_after_source_rule
48c0d4416989315377531aa5e379ab6a6e233df01f978ad25a859cc3df863957,classified,Veronica triloba,Leaf Area,21,1,4,0,3,0,,taxon_outlier,0,0,0,,,approve_none_grouped
1f5e4ca9defbd0e1b77cfd94f3c8b54b72ef843ce446783f192e4f8a860c0413,classified,Veronicastrum virginicum,Leaf Area,19,1,3,0,3,0,,taxon_outlier,0,0,0,,,approve_none_grouped
c8bae8eec38273d8e703bdecbbbdfc1199ed94ff12e0c67260a519a73b0009c7,classified,Viburnum acerifolium,Leaf Area,16,2,2,1,1,0,,domain_outlier;taxon_outlier,1,0,1,,97c906fe31a77ac5fee55e78eb7bc23e414574540ead697f130d1355cf189f82,approve_none_after_source_rule
7e24db012dc4932f09e161f24bb86f6752a7b92403b9342b005dcdf05e2919eb,classified,Viburnum rufidulum,Leaf Area,54,1,1,7,8,0,,domain_outlier;taxon_outlier,0,0,0,,,approve_none_grouped
7059e2977306921c8e44bcb86c26a623fd533ba729ea23c2cb19b1204182d2dc,classified,Viburnum tinus,Leaf Area,34,3,6,7,5,0,,domain_outlier;taxon_outlier,1,0,1,,97c906fe31a77ac5fee55e78eb7bc23e414574540ead697f130d1355cf189f82,approve_none_after_source_rule
011b8829142aab83b17c026c862332ef885cf2a3aa804b676d5f090f19c1d53b,classified,Vicia americana,Leaf Area,27,2,4,0,4,0,,taxon_outlier,0,0,0,,,approve_none_grouped
56b094b2a77f105363b8f5f6ada03cb732c21d158f21f5d888f2495803757b76,classified,Vicia cracca,Leaf Area,18,1,4,0,2,0,,taxon_outlier,0,0,0,,,approve_none_grouped
bc8e73aa5e2a0082c80db6729f677d490ecaab50208177459df66975f07e3d72,classified,Vicia grandiflora,Leaf Area,10,1,1,0,1,0,,taxon_outlier,0,0,0,,,approve_none_grouped
3d4ebcfc504e150907ce2a9f0400919330a83c7569dc4e2acd23c9631664bb6a,classified,Vinca herbacea,Leaf Area,27,2,4,0,3,0,,taxon_outlier,0,0,0,,,approve_none_grouped
4bc0f322949953cfbd0dcafb8ccb010dde8e5caa8d7d14398440989300a1fa18,classified,Vinca minor,Leaf Area,10,1,1,0,1,0,,taxon_outlier,0,0,0,,,approve_none_grouped
7981baeb09e7134a9cc514c8bfca6de8694f132166450e67e9a8518a95a00b79,classified,Viola adunca,Leaf Area,17,1,2,0,4,0,,taxon_outlier,1,0,1,,8ddea77f82d884c1f128128e4ecd902453e642499cb52df3b28d00cf682288ab,approve_none_after_source_rule
95f1327f91f1c7d13f39029850baa1c1dcfab5e6bc61f4248bc110d99fa10508,classified,Viola alba,Leaf Area,66,3,8,0,2,0,,taxon_outlier,1,0,1,,97c906fe31a77ac5fee55e78eb7bc23e414574540ead697f130d1355cf189f82,approve_none_after_source_rule
b3680457b713d5a28c88a370ca86ac9ce8b0bd4f5ae2fe00f963ac2576233602,classified,Viola arvensis,Leaf Area,20,2,2,0,1,0,,taxon_outlier,0,0,0,,,approve_none_grouped
3eaf7ec6fb2a423af0acfec82bcd64c480cf9ce7f2e6da9bfb41a495323664b0,classified,Viola biflora,Leaf Area,89,3,17,0,7,0,,taxon_outlier,2,0,2,,3f0543786babf50f90453c5af328dd77ba325efbdbd416d4aadf3aea9a3c4ec6;8ddea77f82d884c1f128128e4ecd902453e642499cb52df3b28d00cf682288ab,approve_none_after_source_rule
2868e374531752d9867aa7c7d8b1e9d1e7efc41fe90fe2fc2977ebcd09b3f8ec,classified,Viola canadensis,Leaf Area,20,1,1,0,4,0,,taxon_outlier,0,0,0,,,approve_none_grouped
8e802a7bd013a510631551d0563f91bd4ae2fbfc25492f94fac6a3cbd1e56134,classified,Viola kitaibeliana,Leaf Area,10,1,1,0,2,0,,taxon_outlier,0,0,0,,,approve_none_grouped
cc2f28cffd9d6965f5c5a84bac6bd21cd9c5226e3ea9e5e7aebc2b4108d00a34,classified,Viola pedata,Leaf Area,19,1,2,0,4,0,,taxon_outlier,0,0,0,,,approve_none_grouped
73371fea62425b91768dd0b25740e7724c5cf2f68b0fa755058163986f928865,classified,Viola praemorsa,Leaf Area,21,1,1,0,2,0,,taxon_outlier,0,0,0,,,approve_none_grouped
a1d75c59551becfe33ff86b2962ec853dcd9ae7e4e0299c1a18edf5cb2c2a453,classified,Viola reichenbachiana,Leaf Area,150,1,15,0,12,0,,taxon_outlier,0,0,0,,,approve_none_grouped
636fae39ee6dce9c3a527594d8f358b46937b20f79f4c928a9ff73a331b8b87b,classified,Viola rupestris,Leaf Area,13,1,4,2,2,0,,domain_outlier;taxon_outlier,0,0,0,,,approve_none_grouped
9a43765f36a9ccd2f012bf7421b25a038e62d0d5bec4b38415b23243d6d9d401,classified,Viola ruppii,Leaf Area,10,1,1,0,2,0,,taxon_outlier,0,0,0,,,approve_none_grouped
a0ce0dabe2e8bdee25494a963464639a3b0cc85a34626995bd9e6a4832768834,classified,Vitis rotundifolia,Leaf Area,31,2,2,0,2,0,,taxon_outlier,1,0,1,,97c906fe31a77ac5fee55e78eb7bc23e414574540ead697f130d1355cf189f82,approve_none_after_source_rule
d0762971d92c26d48cb19b6320d30b69a84a85acd707336822a08458d52c82aa,classified,Weigela florida,Leaf Area,29,1,1,0,5,0,,taxon_outlier,0,0,0,,,approve_none_grouped
325f466e8f2698e4ee8b06fb08e3b0cb5ebaa1a4d303a231742d4cec07ceabf1,classified,Wisteria sinensis,Leaf Area,15,1,1,0,1,0,,taxon_outlier,0,0,0,,,approve_none_grouped
72a90b1ddec7832e9fd62e8c4af78f57da6cc29f8c32a9464a47bf2c8f4b1ebe,classified,Xanthisma gracile,Leaf Area,20,1,2,0,1,0,,taxon_outlier,0,0,0,,,approve_none_grouped
dc88c607dbb13da49ac7b97d426f14163cd57711cf41740316fff17d14d95756,classified,Xanthium strumarium,Leaf Area,35,2,6,5,5,0,,domain_outlier;taxon_outlier,0,0,0,,,approve_none_grouped
aadb106a01091de5ca99c425eeddc3949655dbba70ea66b08f2c5321421c404d,classified,Xeranthemum annuum,Leaf Area,10,1,1,0,1,0,,taxon_outlier,0,0,0,,,approve_none_grouped
ca5587d5c8384752a853dba26176509dd97cf01ee21cb300f81922b72c13aa0b,classified,Zanthoxylum americanum,Leaf Area,22,1,2,0,3,0,,taxon_outlier,0,0,0,,,approve_none_grouped
8e9ec5d0ba23452d041c59a7fbaa101b4825cebcf8eb31f4062655c84b033c41,classified,Zelkova serrata,Leaf Area,20,1,1,0,1,0,,taxon_outlier,0,0,0,,,approve_none_grouped
c114adece43d7643aec0756789795f67a3f4eb5b93c0b40756a65f4d138bf0a7,classified,Abies alba,Leaf mass per area,120,3,39,4,16,0,,domain_outlier;taxon_outlier,0,0,0,,,approve_none_grouped
e601690b0a600fac0da33233c4eece4906f14e8fcf3e844358fc4a97a44c625a,classified,Abies amabilis,Leaf mass per area,17,2,6,2,1,0,,domain_outlier;taxon_outlier,0,0,0,,,approve_none_grouped
ee70c2c907a4ed60390ec907adc99ef6ae72d6c45ebc8c30f5be572945a3a44f,classified,Abies balsamea,Leaf mass per area,78,2,15,12,12,0,,domain_outlier;taxon_outlier,0,0,0,,,approve_none_grouped
1a5df0aee937ac546eab2b83beae611b44bd70c17f9a7ddaacfe328ab4c1edbc,classified,Abies concolor,Leaf mass per area,69,1,8,0,4,0,,taxon_outlier,0,0,0,,,approve_none_grouped
9ea25a61d439d3cc595765bd11f4e16e4dc846ee8f6a4c8a9bafdb7aeac40978,classified,Abies grandis,Leaf mass per area,13,1,4,0,5,0,,taxon_outlier,0,0,0,,,approve_none_grouped
831df28118f370e90821b501839ddba4f1f594ef5c1341f4a4932f604a8d58c1,classified,Abies lasiocarpa,Leaf mass per area,104,3,14,3,12,0,,domain_outlier;taxon_outlier,0,0,0,,,approve_none_grouped
5e8fd2369184149fe1e02a83166dc1360a111e7b7b651be8238bdb05735a4173,classified,Abutilon incanum,Leaf mass per area,20,2,2,10,2,0,,domain_outlier;taxon_outlier,0,0,0,,,approve_none_grouped
547a177b752af2e5d81c3bcddf179890ab4edc769bb6c71564bfe5bef0e07a2b,classified,Acer campestre,Leaf mass per area,22,3,16,0,4,0,,taxon_outlier,0,0,0,,,approve_none_grouped
56567b260f3f0f69339cd1926f3c99a24af9ccbc3192b7f527c7354534ff23a7,classified,Acer granatense,Leaf mass per area,31,1,2,0,1,0,,taxon_outlier,0,0,0,,,approve_none_grouped
9ca5ae9be75e29195f3fd546f10b5dc8796784a8a88862eee203dd6761df5d55,classified,Acer macrophyllum,Leaf mass per area,10,2,10,0,1,0,,taxon_outlier,0,0,0,,,approve_none_grouped
6ecf97f5fbd6ea0217e18c923336d88e2ea80043d1eacecb4273f92f7060193c,classified,Acer monspessulanum,Leaf mass per area,47,3,22,1,1,0,,domain_outlier;taxon_outlier,0,0,0,,,approve_none_grouped
a2ca2839b588f0049de96fcebf0d252f0e9f235017d8c52f593e9f37c56f4c24,classified,Acer negundo,Leaf mass per area,40,3,28,0,7,0,,taxon_outlier,0,0,0,,,approve_none_grouped
f5aaaeca2f1383cb3559dece9ccc84e558c89fe96aac81c56d1d9d3b45b21358,classified,Acer palmatum,Leaf mass per area,40,1,2,0,6,0,,taxon_outlier,0,0,0,,,approve_none_grouped
97e9bb9ee551f0ccbf2819b40a417dc279307c8b24e0d08214c28685cb855b74,classified,Acer pensylvanicum,Leaf mass per area,656,2,55,8,70,0,,domain_outlier;taxon_outlier,0,0,0,,,approve_none_grouped
435a7d7a553f8efaeb266f089b2e64013369f565bc5ce88f2e34d89aeb35434a,classified,Acer platanoides,Leaf mass per area,71,3,26,0,12,0,,taxon_outlier,0,0,0,,,approve_none_grouped
ee49437a805f43c599f875b8d7dc741437def211dd2b9479b2bbe2a94cdcff0d,classified,Acer pseudoplatanus,Leaf mass per area,145,3,19,0,19,0,,taxon_outlier,0,0,0,,,approve_none_grouped
055f5a2849ff5fa640b96c038afbc41f03d5e4843ce00a2e16a22daa430d8d1c,classified,Acer rubrum,Leaf mass per area,674,3,149,13,102,0,,domain_outlier;taxon_outlier,0,0,0,,,approve_none_grouped
da73f5728c49f495d101446804459a441da7e58b4ce1dc14e9a4ef27af288b3e,classified,Acer saccharinum,Leaf mass per area,25,2,8,0,6,0,,taxon_outlier,0,0,0,,,approve_none_grouped
a52d2d90485bb69153a18e9736071b6f0f6f7a3cf35ce0fb018b08acaaaae370,classified,Acer saccharum,Leaf mass per area,1535,3,112,22,320,0,,domain_outlier;taxon_outlier,0,0,0,,,approve_none_grouped
81ccb53c32228e7cdfc338972fde46152158b9a8782bde3b3c1fdf25dc61588a,classified,Achillea maritima,Leaf mass per area,22,1,2,4,1,0,,domain_outlier;taxon_outlier,0,0,0,,,approve_none_grouped
d88de891cc8f9cddeae83e62771fbd47e21be190cade43106c0dd2e8b80fca40,classified,Achillea millefolium,Leaf mass per area,808,3,151,89,90,0,,domain_outlier;taxon_outlier,0,0,0,,,approve_none_grouped
dcd6fdaa1f0fb8be5bcdde47b67c8e4cf1464cb40af3b6cb1aec432f5c09d58e,classified,Aconitum anthora,Leaf mass per area,16,2,2,0,1,0,,taxon_outlier,0,0,0,,,approve_none_grouped
fbb4d9c75ef75319a6254b45ccf7603f38c6df0e5929bdf1e447d2d982e0c77c,classified,Aconitum lycoctonum,Leaf mass per area,25,2,4,0,4,0,,taxon_outlier,0,0,0,,,approve_none_grouped
d71c7c9176da362e642b0a7031637c6c42f870f678224b178162ca904b7d4bdf,classified,Aconitum variegatum,Leaf mass per area,15,1,3,0,1,0,,taxon_outlier,0,0,0,,,approve_none_grouped
699cbe53e94761f03ed6014f36e8b1cbb98f7e7e821d5210b946c629d31cdaf6,classified,Actaea rubra,Leaf mass per area,14,1,1,0,1,0,,taxon_outlier,0,0,0,,,approve_none_grouped
c93988c1a873cc58f7e67fdda2a043700caf57493f0d87eb8b71ecfb0e24d17a,classified,Adenophora liliifolia,Leaf mass per area,11,1,3,0,1,0,,taxon_outlier,0,0,0,,,approve_none_grouped
e8fddc4b25795fa4df10fc959bdb1d88d16b1c72461d9a09451cf2126cb7827a,classified,Adiantum pedatum,Leaf mass per area,10,3,6,0,1,0,,taxon_outlier,0,0,0,,,approve_none_grouped
7c5a9e6a7e003ee42a491aa11251177d114679e989755b6903ff8eda4b2d0fbd,classified,Adonis vernalis,Leaf mass per area,16,1,4,0,1,0,,taxon_outlier,0,0,0,,,approve_none_grouped
6358ac7da55e1bd0aee251d9cc65e86d09ab4afe94bab0a132e4d1a3a12190e1,classified,Aegilops geniculata,Leaf mass per area,10,2,9,1,1,0,,domain_outlier;taxon_outlier,0,0,0,,,approve_none_grouped
0531de59a1f21d266a15b9ceba641813eb41f42077de20a9ea28a6c34f3cca5a,classified,Aegilops neglecta,Leaf mass per area,10,2,3,0,2,0,,taxon_outlier,0,0,0,,,approve_none_grouped
dd63bc3e07eecc0bd8f2587f33c205232e94215c5c0a37afbc4d5c8234045587,classified,Aegopodium podagraria,Leaf mass per area,29,2,15,0,7,0,,taxon_outlier,0,0,0,,,approve_none_grouped
7b166fbed36c6b2178390804d486b9c967238e2f3c303eeb40bbb42fd03117c7,classified,Aesculus hippocastanum,Leaf mass per area,39,1,5,0,4,0,,taxon_outlier,0,0,0,,,approve_none_grouped
a7f346a2d833b28bc3448900b7a47926c5499665a9f81bef3be4fed0fceab9e0,classified,Aetheorhiza bulbosa,Leaf mass per area,22,2,3,0,1,0,,taxon_outlier,0,0,0,,,approve_none_grouped
bcf93666aa625563224cb9a39909eabfcb46371d2a575409150f36a9c87e5723,classified,Ageratina altissima,Leaf mass per area,28,3,4,0,4,0,,taxon_outlier,0,0,0,,,approve_none_grouped
8f43aeb032bb01b84d7cd0c862ddfe33d296a3d2dbcf786cd7491aaca3481ecf,classified,Agoseris glauca,Leaf mass per area,24,1,6,0,1,0,,taxon_outlier,0,0,0,,,approve_none_grouped
9787215f64173c3fe733c4ce1ca2bd7047860f5e36f071070787739f30597591,classified,Agropyron desertorum,Leaf mass per area,10,1,1,0,2,0,,taxon_outlier,0,0,0,,,approve_none_grouped
f7c32d310df1a2f9a91a30faf8711fc51ad619c9a12acc820aab41709e770309,classified,Agrostis canina,Leaf mass per area,15,2,6,0,2,0,,taxon_outlier,0,0,0,,,approve_none_grouped
4090163603a683e214cbd2910b629ecb8693b1b2e1237e7e03a78d6455ff0ff5,classified,Agrostis capillaris,Leaf mass per area,45,2,20,0,11,0,,taxon_outlier,0,0,0,,,approve_none_grouped
15856670e776c6de157c6fddafbf0c7c6eca186fce90e9a60d47c8d3fd83f1c4,classified,Agrostis mertensii,Leaf mass per area,24,2,5,0,5,0,,taxon_outlier,0,0,0,,,approve_none_grouped
8c9c987872e9a826121c7445a5200ac5a7f21f4d332ecde775fd1522bb2169b0,classified,Agrostis rupestris,Leaf mass per area,30,1,2,0,2,0,,taxon_outlier,0,0,0,,,approve_none_grouped
c5238081f81f041773856b848258907cb9371d45363befb264702d22a4fb7773,classified,Agrostis stolonifera,Leaf mass per area,51,2,27,0,2,0,,taxon_outlier,0,0,0,,,approve_none_grouped
e6ba86290e2b0d65b1338853a68110b350bffe48f14a6ca63ad8c548496b6d40,classified,Ailanthus altissima,Leaf mass per area,113,3,5,0,11,0,,taxon_outlier,0,0,0,,,approve_none_grouped
ec66a01e5e1c23a7fa3679186eb84fe8911dea61d6e40d3cd114c8fbb542d2e6,classified,Aira caryophyllea,Leaf mass per area,28,2,5,0,1,0,,taxon_outlier,0,0,0,,,approve_none_grouped
2cb32b747c0c0eb706c4b8b7af1e6c2e0ea4fb4e7d1433b701af2a74d587ca5b,classified,Ajuga reptans,Leaf mass per area,245,2,12,13,38,0,,domain_outlier;taxon_outlier,0,0,0,,,approve_none_grouped
508ffd89b08b59f42e986a4fb90dfeed2b99063f6e0637e8f5cf2e236e583bc9,classified,Albizia julibrissin,Leaf mass per area,40,1,2,0,10,0,,taxon_outlier,0,0,0,,,approve_none_grouped
876fceffeaca8917fe53a3ae688dd2223888e15067643f077ddbd27890552124,classified,Alchemilla,Leaf mass per area,21,1,4,0,5,0,,taxon_outlier,0,0,0,,,approve_none_grouped
96c697e4ba3dba97cd407cfcf33247419482517431810dfc74ee047b5f756eb5,classified,Alchemilla coriacea,Leaf mass per area,10,1,1,10,2,0,,domain_outlier;taxon_outlier,0,0,0,,,approve_none_grouped
4b0fb5c33d60bdb6c647a94b3dd340cd94e5add31fe6150895f49bf93897c5f8,classified,Alchemilla pentaphyllea,Leaf mass per area,10,1,1,0,2,0,,taxon_outlier,0,0,0,,,approve_none_grouped
2ff3b5c2294d0afb0b3671446d59718941f9ceaf5a806fbccdf49666d1d8a0e3,classified,Alchemilla vulgaris,Leaf mass per area,123,1,27,2,12,0,,domain_outlier;taxon_outlier,0,0,0,,,approve_none_grouped
b9ab7a49b4d7f0c39f0ab10688faddafbfd02f7cf29998065694f176d64b3f54,classified,Alchemilla xanthochlora,Leaf mass per area,16,1,3,15,4,0,,domain_outlier;taxon_outlier,0,0,0,,,approve_none_grouped
42b3229eaa4253524ea1e8af49e96a47d4b9ff973edff654952725decaa9f676,classified,Alkanna tinctoria,Leaf mass per area,10,1,1,0,1,0,,taxon_outlier,0,0,0,,,approve_none_grouped
7b99110bc279c3dc48e9000adab5d4872d185612968b14c0758cdb2e0cafc203,classified,Alliaria petiolata,Leaf mass per area,30,2,6,0,9,0,,taxon_outlier,0,0,0,,,approve_none_grouped
f16f6559e0cd67a635bfbcb272ef28101a69acc34584c89095af3ac02f275971,classified,Allium cernuum,Leaf mass per area,16,1,2,0,2,0,,taxon_outlier,0,0,0,,,approve_none_grouped
10f2dc691b8ef68cebcf6b99d67ab7fb42c1e9e94e04872d9e58a1c101e1f165,classified,Alnus glutinosa,Leaf mass per area,124,3,27,0,13,0,,taxon_outlier,0,0,0,,,approve_none_grouped
f17a780f963f020dd6db7e9e99d8ab2205190cec8f6aa09e9cb7978947e78a6b,classified,Alnus incana,Leaf mass per area,37,3,22,0,1,0,,taxon_outlier,0,0,0,,,approve_none_grouped
cf8fe46ab0016b741fecaac0111060912f1bef346a6aa56a6b30ef7e92f5807d,classified,Alopecurus pratensis,Leaf mass per area,260,2,56,21,41,0,,domain_outlier;taxon_outlier,0,0,0,,,approve_none_grouped
e856472d1d995204d6665674d742fac404c4963feb9c859c23a698a7dd7512c3,classified,Ambrosia,Leaf mass per area,21,1,1,0,5,0,,taxon_outlier,0,0,0,,,approve_none_grouped
0835d65a574cf3203bd80eae9bf7ec7353b5d4158eb5ff5321217c23870285ad,classified,Ambrosia artemisiifolia,Leaf mass per area,112,3,66,0,3,0,,taxon_outlier,0,0,0,,,approve_none_grouped
c5ea84ae060d1b9955c7416ea8549a6941f5a0bee1c4885f14cfce0b0aa18436,classified,Ambrosia dumosa,Leaf mass per area,31,3,9,11,1,0,,domain_outlier;taxon_outlier,0,0,0,,,approve_none_grouped
c0b746ebd8e2c37f433fb4159f949f51125a4b0aa479d7d85d2e315d24d608b2,classified,Ambrosia psilostachya,Leaf mass per area,65,1,6,0,5,0,,taxon_outlier,0,0,0,,,approve_none_grouped
3837137bf0321f4fdf69e7a500d17c451e77a10b75cd03e7c4bb443fbb91acf1,classified,Ambrosia salsola,Leaf mass per area,28,2,8,11,3,0,,domain_outlier;taxon_outlier,0,0,0,,,approve_none_grouped
bf9e37b577edce698a799bccb2cd256841cc2e0d7f63c539afd2f78104c41c5b,classified,Amelanchier arborea,Leaf mass per area,510,3,11,0,21,0,,taxon_outlier,0,0,0,,,approve_none_grouped
106bd6fa2775f1b0bc41118ee2e8fd233044c016abc69fcfb5154466a5b420c5,classified,Amelanchier ovalis,Leaf mass per area,27,1,3,0,2,0,,taxon_outlier,0,0,0,,,approve_none_grouped
96f7db208a0ff8a069eaf59af236e3e0b14b8802477422fcdb319f521161f903,classified,Amorpha canescens,Leaf mass per area,91,3,58,0,12,0,,taxon_outlier,0,0,0,,,approve_none_grouped
3caa0ed9ecfd048a255bd82cd6cfc112492f58870699b60067b36511b844c659,classified,Amphicarpaea bracteata,Leaf mass per area,90,2,6,0,7,0,,taxon_outlier,0,0,0,,,approve_none_grouped
9d38785658a76802a0f97de69eaec07cb60dcec72f131c656c7fa58a044301ea,classified,Anacamptis palustris,Leaf mass per area,15,2,2,0,2,0,,taxon_outlier,0,0,0,,,approve_none_grouped
92322390ab60c58ef80cee097c2b67718fc4a3875b627d38517ea1723a4a8a13,classified,Anacyclus clavatus,Leaf mass per area,13,3,4,0,1,0,,taxon_outlier,0,0,0,,,approve_none_grouped
5a5abd640f0b047412ad61e5832b650a4fd3dceda454692841d87821e1284371,classified,Andropogon gerardi,Leaf mass per area,305,3,70,0,34,0,,taxon_outlier,0,0,0,,,approve_none_grouped
52d4b089aec577fc1ec4a916562b4d230fdcd6a7b946b8581a3f43b3d684dbaa,classified,Andropogon virginicus,Leaf mass per area,89,2,23,0,9,0,,taxon_outlier,0,0,0,,,approve_none_grouped
33f571e15a040dc12a9468c189415ba8b0a2f90bd858ef49bdf515faae5895c8,classified,Androsace obtusifolia,Leaf mass per area,16,1,4,14,3,0,,domain_outlier;taxon_outlier,0,0,0,,,approve_none_grouped
fab8f8c2b0904c2bd538f176b855836f7125ef45c813f08db089a83650344b94,classified,Androsace septentrionalis,Leaf mass per area,17,2,5,0,3,0,,taxon_outlier,0,0,0,,,approve_none_grouped
dd5c98483f986091ae64d3f445f9dc4bca93310887c7ac3c91d888289dc51f71,classified,Anemone cylindrica,Leaf mass per area,11,3,10,0,3,0,,taxon_outlier,0,0,0,,,approve_none_grouped
c989b6ce2bce4fa80d568accbcbfd7e69d538ed09b0d1f99ef59e0f0c55175ff,classified,Anemone sylvestris,Leaf mass per area,11,1,3,0,2,0,,taxon_outlier,0,0,0,,,approve_none_grouped
0796ca25d1eb1561ded6879eaaa908bf00b3453197229255d4b8f2bd8deaa13c,classified,Angelica archangelica,Leaf mass per area,11,2,4,0,3,0,,taxon_outlier,0,0,0,,,approve_none_grouped
39f10577772cc3d989ba924ba1c0c0a3def7377f80b8e6d81a228c22fb58807e,classified,Antennaria,Leaf mass per area,29,1,1,29,1,0,,domain_outlier;taxon_outlier,0,0,0,,,approve_none_grouped
72d7f80e5efc32d0ae7254049c0023d14c09497b72ff2fa3dd813d629f7f7c00,classified,Antennaria alpina,Leaf mass per area,42,1,6,5,7,0,,domain_outlier;taxon_outlier,0,0,0,,,approve_none_grouped
bbd40f8476df370a37f76fdf0a7f12288bec5f6f10fe7f0561591c7e1498a570,classified,Antennaria neglecta,Leaf mass per area,12,2,5,0,1,0,,taxon_outlier,0,0,0,,,approve_none_grouped
35f9e21437185cb912fb81cc103ce0a467c4c4cab6a5b248cb71f2a5249e476c,classified,Antennaria rosulata,Leaf mass per area,21,1,3,0,3,0,,taxon_outlier,0,0,0,,,approve_none_grouped
e9dbecf64a47367db7a72cfd01005a06c61681b7d05ed054f173a6af7acdf0fd,classified,Anthemis arvensis,Leaf mass per area,461,3,7,0,49,0,,taxon_outlier,0,0,0,,,approve_none_grouped
6861f42e0a4364cd916eb43cc7dcda6d4f58bccb429583e11dfa0e461816a341,classified,Anthemis maritima,Leaf mass per area,241,1,2,24,24,0,,domain_outlier;taxon_outlier,0,0,0,,,approve_none_grouped
d81e5308f7f52826b32858784ebf45bb8a51534880137fac1a355bff19ee7b3a,classified,Anthoxanthum nitens,Leaf mass per area,16,1,2,0,1,0,,taxon_outlier,0,0,0,,,approve_none_grouped
9bf39a67663c72a6311191c636d325a067c4e0e72ce9c931d1686343e003c372,classified,Anthoxanthum odoratum,Leaf mass per area,449,2,105,2,63,0,,domain_outlier;taxon_outlier,0,0,0,,,approve_none_grouped
875702ab2933562224e31b30cc91e7b0d9a364c4f7b149bfc5c3eadcc79f17c0,classified,Anthriscus cerefolium,Leaf mass per area,15,2,2,0,2,0,,taxon_outlier,0,0,0,,,approve_none_grouped
ff6c50e4f035f4a9e59c5a21abaad4c0fcfd71f7867252c713b3fc021c960e49,classified,Anthriscus sylvestris,Leaf mass per area,165,2,14,26,26,0,,domain_outlier;taxon_outlier,0,0,0,,,approve_none_grouped
cc59895fad5af333361f206786e75f56fe135df9383ddb1944294d7da469c403,classified,Anthyllis cornicina,Leaf mass per area,66,2,2,0,7,0,,taxon_outlier,0,0,0,,,approve_none_grouped
e63613f97fdfc4039f51bdd0756101dab224dba9fa28bcbff42c38b2c0fce299,classified,Anthyllis vulneraria,Leaf mass per area,42,2,30,0,8,0,,taxon_outlier,0,0,0,,,approve_none_grouped
1cf2b16eff3b0bdc356bba7f5b84982adc5521d00e1820c62b96060bcb4912ac,classified,Aphanes arvensis,Leaf mass per area,17,2,2,0,4,0,,taxon_outlier,0,0,0,,,approve_none_grouped
5f36d93133b8b0c322cf2841a8e272be1b6667078b24fc15386fdd74ee55343a,classified,Apocynum cannabinum,Leaf mass per area,94,2,57,0,12,0,,taxon_outlier,0,0,0,,,approve_none_grouped
5ea645d3ca6cb16dff20e86c483916de13e3ee96f50ddd39de82c3c833e23f47,classified,Aquilegia coerulea,Leaf mass per area,34,2,6,5,5,0,,domain_outlier;taxon_outlier,0,0,0,,,approve_none_grouped
6ac71f3672c64072979be10f3b0e95976332d9cb0f3033ad40da84f2c0ebbd9c,classified,Arabidopsis lyrata,Leaf mass per area,21,2,7,0,5,0,,taxon_outlier,0,0,0,,,approve_none_grouped
8941f38b066ab79024b09542764f11f7af7537eac1af857fe295f7c9439d1861,classified,Aralia nudicaulis,Leaf mass per area,76,2,9,9,16,0,,domain_outlier;taxon_outlier,0,0,0,,,approve_none_grouped
56a6de050fa22b78e4fe78646c9d6d0cc926703d52ed5e1de88c885a51297f39,classified,Arbutus andrachne,Leaf mass per area,64,2,18,1,2,0,,domain_outlier;taxon_outlier,0,0,0,,,approve_none_grouped
1c4834d8ea6abe62dcebb87e9663d7909aaff9863006c46323c4a067b1863530,classified,Arbutus menziesii,Leaf mass per area,36,2,14,0,3,0,,taxon_outlier,0,0,0,,,approve_none_grouped
7f175b3c607af60e42b4ec42d3cb0887b45de0da0eadca52a4ef8a909260ebe6,classified,Arbutus unedo,Leaf mass per area,395,3,70,66,40,0,,domain_outlier;taxon_outlier,0,0,0,,,approve_none_grouped
06869a3467c4fc15c183e4d2d88754d0aca6c1949e52c27d45a08cff0767eefd,classified,Arctostaphylos alpinus,Leaf mass per area,74,1,23,1,9,0,,domain_outlier;taxon_outlier,0,0,0,,,approve_none_grouped
c02fbe0911be7a8115c5fd7a6ae3104903f0b8dc1ae9a7379249cc3bc35ce506,classified,Arctostaphylos uva-ursi,Leaf mass per area,189,3,48,82,30,0,,domain_outlier;taxon_outlier,0,0,0,,,approve_none_grouped
3affcf78da09ec1d126115231b12a5385c2569f9971ca24e64b8bfe7b38cd8eb,classified,Arenaria biflora,Leaf mass per area,16,1,1,0,2,0,,taxon_outlier,0,0,0,,,approve_none_grouped
9c4cebed25dacd524ed5cd534cf41523dd344b562de5a0e79dca24c566b4a815,classified,Arenaria montana,Leaf mass per area,11,1,2,0,1,0,,taxon_outlier,0,0,0,,,approve_none_grouped
e113e961950b328cde252f843184e340fa877451d7390d1fec493ff0fd2c7df7,classified,Arenaria serpyllifolia,Leaf mass per area,29,2,11,0,8,0,,taxon_outlier,0,0,0,,,approve_none_grouped
ff4c904295b24fd03a2ea13f55731c2a9f6acc600877fdc82afe97fb6e2082ce,classified,Arisaema triphyllum,Leaf mass per area,44,2,13,9,9,0,,domain_outlier;taxon_outlier,0,0,0,,,approve_none_grouped
2c106169360e08fe81819329af3d1c26929fe6a383910a300483a06487a4b0c2,classified,Aristida purpurea,Leaf mass per area,13,1,2,0,2,0,,taxon_outlier,0,0,0,,,approve_none_grouped
8c5b88d0f501d948712ae43d39527e529e91cc0c0951cefb7f7d522c245e5a11,classified,Aristolochia clematitis,Leaf mass per area,12,1,2,0,4,0,,taxon_outlier,0,0,0,,,approve_none_grouped
bf0cc47c55d473fd926e2c3ce75d46a6b86e76c1e35121b7b5cce7d0a13c5363,classified,Armeria cantabrica,Leaf mass per area,10,1,1,0,2,0,,taxon_outlier,0,0,0,,,approve_none_grouped
7e61b6c319ee100cb70a3f8d253e7abbde53649a0d0811b8675af01af07fff27,classified,Arnica cordifolia,Leaf mass per area,31,2,6,2,2,0,,domain_outlier;taxon_outlier,0,0,0,,,approve_none_grouped
62baa6dcc605d9a41f91159c38211e957b2c20105a8d815a02979dedfc61d270,classified,Arnica mollis,Leaf mass per area,10,1,4,3,1,0,,domain_outlier;taxon_outlier,0,0,0,,,approve_none_grouped
79b45bc64c3513625bd0de31a4f7b857b857e55b4cdeac38619d9c46a3f98bf0,classified,Arnica montana,Leaf mass per area,12,1,7,1,3,0,,domain_outlier;taxon_outlier,0,0,0,,,approve_none_grouped
b6cbab630d79789821f3a8863b0a39383938d033e3cc922a6d05ec2abc34fe7c,classified,Arnoglossum atriplicifolium,Leaf mass per area,20,1,1,0,3,0,,taxon_outlier,0,0,0,,,approve_none_grouped
2152d46e4d1abcd108d03ec811270efd8a439e2a333382ec5223d86725058a4b,classified,Aronia melanocarpa,Leaf mass per area,13,2,12,0,1,0,,taxon_outlier,0,0,0,,,approve_none_grouped
db3cd106fb597673fa4b0b933fa18c2d16b45bd44b875fecb0ea46e160a7ed5e,classified,Arrhenatherum elatius,Leaf mass per area,257,2,58,1,32,0,,domain_outlier;taxon_outlier,0,0,0,,,approve_none_grouped
65fd81fcb57daa206fe7ba6c3d76115a5c9eaf0133baf60e62a0b34903af38d2,classified,Artemisia californica,Leaf mass per area,100,2,5,0,9,0,,taxon_outlier,0,0,0,,,approve_none_grouped
8604b6b6600831858dc1fac7da7135a4c61f0abb987b9198b262c307ca1be389,classified,Artemisia campestris,Leaf mass per area,32,2,9,0,2,0,,taxon_outlier,0,0,0,,,approve_none_grouped
deffab611e0716cbfa13f62ea596ed2d918d7d3ed02bf7da5b17b5af98b38b8f,classified,Artemisia dracunculus,Leaf mass per area,21,1,3,0,4,0,,taxon_outlier,0,0,0,,,approve_none_grouped
93bcf27f2020145a2da85e3df467d74cbb3ee5e1b838a43a899f892409c1c0b6,classified,Artemisia frigida,Leaf mass per area,49,3,7,0,10,0,,taxon_outlier,0,0,0,,,approve_none_grouped
2153b6e511663b0552ffc277f5659845b53f71784e8a2c6bdacb14ee9583bbe0,classified,Artemisia ludoviciana,Leaf mass per area,64,2,7,0,4,0,,taxon_outlier,0,0,0,,,approve_none_grouped
bf418d8cbaf5f312c52375f3bb605a9abd8bc59408f49458eea80f20b5b97bf9,classified,Artemisia pontica,Leaf mass per area,11,1,2,0,1,0,,taxon_outlier,0,0,0,,,approve_none_grouped
f386dfacd94c16726d3b1ebd44c187feb5af5e964804c25364f89fad26d170e3,classified,Artemisia rothrockii,Leaf mass per area,159,1,153,0,20,0,,taxon_outlier,0,0,0,,,approve_none_grouped
dbc19aaf11710c04a30cad538ee511af283fd5e984a73bd8d0c301284a4af055,classified,Artemisia santonicum,Leaf mass per area,10,1,1,0,2,0,,taxon_outlier,0,0,0,,,approve_none_grouped
b5bd9d85bf92efda7d034b4c1678be2b98d864c0227e1dda9687049b5ac8a580,classified,Artemisia scopulorum,Leaf mass per area,25,1,3,0,5,0,,taxon_outlier,0,0,0,,,approve_none_grouped
13960e6dc9edd15eb33f0f5db6537a10ffea992c4ea858ba9edcb2cbec6f5eb1,classified,Artemisia tridentata,Leaf mass per area,67,2,9,31,1,0,,domain_outlier;taxon_outlier,0,0,0,,,approve_none_grouped
dfeb1b55a7e6afde370ac6031f57bdfc58fda14b7a6ab2379bf628c4a9940c1c,classified,Arum pictum,Leaf mass per area,150,1,8,0,7,0,,taxon_outlier,0,0,0,,,approve_none_grouped
acde7cc78e9d5a91fcda92f577f04d2287556c668fa6eae48fbc05e67e4e6b8d,classified,Asarum canadense,Leaf mass per area,11,2,2,0,2,0,,taxon_outlier,0,0,0,,,approve_none_grouped
0751da1bef7561ac1456469e03f5e77a9ead96dbb2dc0c276d137bff982058ac,classified,Asclepias syriaca,Leaf mass per area,207,3,27,5,6,0,,domain_outlier;taxon_outlier,0,0,0,,,approve_none_grouped
f69835081d8eb60f9b78fd3e747a537d6762fd87c72992ae4f253503aee93b1e,classified,Asclepias tuberosa,Leaf mass per area,341,3,61,10,27,0,,domain_outlier;taxon_outlier,0,0,0,,,approve_none_grouped
61b58cefaca60f06057a7c7f52bfb8840dbb4786fedd8912e65760ff116995de,classified,Asclepias verticillata,Leaf mass per area,71,2,52,0,18,0,,taxon_outlier,0,0,0,,,approve_none_grouped
6e53c4d477622eaaae4f9385eb297b9fed81f423606556ff3018bfba8791ac2d,classified,Asimina triloba,Leaf mass per area,244,3,5,0,11,0,,taxon_outlier,0,0,0,,,approve_none_grouped
41475940ac36a4be5ea1ee7f41dcf5844fd94844ea736c2217de162e728c9a5b,classified,Asparagus albus,Leaf mass per area,21,1,2,8,2,0,,domain_outlier;taxon_outlier,0,0,0,,,approve_none_grouped
7b14cc6b467e9409b1915ffa1f0adcfb3b601536e80689f5a25160760be020b4,classified,Asperula tinctoria,Leaf mass per area,13,2,13,0,2,0,,taxon_outlier,0,0,0,,,approve_none_grouped
de90b66b886327f7977932bd03439cb6404505d64d318c0c50414faacb00ed6f,classified,Astragalus alpinus,Leaf mass per area,56,2,14,0,10,0,,taxon_outlier,0,0,0,,,approve_none_grouped
f8e4b65c514321d2d6543dc6a0a791e441561aaec791eaed5f68af0e51c71072,classified,Astragalus canadensis,Leaf mass per area,11,3,6,0,1,0,,taxon_outlier,0,0,0,,,approve_none_grouped
86dbf134219d3bf934571020c70a7799f6cec72631ab6802634ba757d475553a,classified,Astragalus drummondii,Leaf mass per area,10,1,1,0,2,0,,taxon_outlier,0,0,0,,,approve_none_grouped
a1bda061a709e20e03439d77aa03fe202fa48240b1b2b8dd3e0588c5b2a84554,classified,Astragalus humistratus,Leaf mass per area,21,1,4,0,4,0,,taxon_outlier,0,0,0,,,approve_none_grouped
577b4be6c6815a03b1bee55b349d6689c898c8694c65ccd23007c8a89fb80424,classified,Astragalus laxmannii,Leaf mass per area,10,1,1,0,1,0,,taxon_outlier,0,0,0,,,approve_none_grouped
60a8910b6675fd1cd49ffe571f08e480fc8d3c3a55cfa146d4eed9c68f1537a9,classified,Astragalus rusbyi,Leaf mass per area,20,1,3,0,2,0,,taxon_outlier,0,0,0,,,approve_none_grouped
df5d204123b3e5565b21f23520e57ff6bd95cf1d67250488c70e440ffcab2764,classified,Astragalus sempervirens,Leaf mass per area,62,1,1,0,2,0,,taxon_outlier,0,0,0,,,approve_none_grouped
44e08aabeba368735f0181bcc1b14042fdae4b7f2cad3fbce82e2a01f589fba9,classified,Astragalus shortianus,Leaf mass per area,10,1,1,0,2,0,,taxon_outlier,0,0,0,,,approve_none_grouped
a5e9ae54d5089785d70abf574e0468b7df03d45eefd0a54fdd78e17dd1c06afd,classified,Asyneuma canescens,Leaf mass per area,31,2,4,0,3,0,,taxon_outlier,0,0,0,,,approve_none_grouped
f2fc1e52dbf095cd4724b45a863617bff66b518ecf10d32e03f9d4ef5f02535b,classified,Athyrium filix-femina,Leaf mass per area,15,3,6,0,1,0,,taxon_outlier,0,0,0,,,approve_none_grouped
cc97baa2db75f7866b3506aa2bae8af8f98a880002c06f24e033f4c438090b27,classified,Atriplex,Leaf mass per area,20,1,2,0,4,0,,taxon_outlier,0,0,0,,,approve_none_grouped
52104cb98b66de6abbfb4aeacb15fb49fa7d1486d557a0305dd042438c6224a8,classified,Atriplex prostrata,Leaf mass per area,19,2,11,0,3,0,,taxon_outlier,0,0,0,,,approve_none_grouped
5bc60e0f4bc5275b8730f940d084877b2d161b5de534b06f481cb53538c7318c,classified,Avena barbata,Leaf mass per area,149,3,17,0,24,0,,taxon_outlier,0,0,0,,,approve_none_grouped
087fddfd414260f6b16e9e6593cc663e56dcb54b927f60fdd3e7b06651d000d6,classified,Avenella flexuosa,Leaf mass per area,166,2,82,0,27,0,,taxon_outlier,0,0,0,,,approve_none_grouped
3afdda7b0f37a1bebe606677125682ed939ef58c4e57d136e1659ee926f8ea6c,classified,Avenula pubescens,Leaf mass per area,197,2,53,0,21,0,,taxon_outlier,0,0,0,,,approve_none_grouped
cb3b732f23b26da25f495dfad3d84dd018b798ca5a640bf3fbec0ec88a4eb1e2,classified,Baccharis glutinosa,Leaf mass per area,72,1,1,0,6,0,,taxon_outlier,0,0,0,,,approve_none_grouped
b26e3f069df3ee0d442fb6b48f34515983bd3c0a1192fd1d7ddcc6f1572903ff,classified,Baccharis pilularis,Leaf mass per area,194,2,8,0,12,0,,taxon_outlier,0,0,0,,,approve_none_grouped
82d5dc798e8cff96df9809d64f1ba4c70853fe7d3e4a5f48061720b7b614ee61,classified,Ballota nigra,Leaf mass per area,10,1,1,0,3,0,,taxon_outlier,0,0,0,,,approve_none_grouped
9e27d2595a16af4a2ed96a65954ddcfcbeec581ae7753ba56673cae79926cab1,classified,Bassia laniflora,Leaf mass per area,10,1,1,2,3,0,,domain_outlier;taxon_outlier,0,0,0,,,approve_none_grouped
37f031be8bf488c38b31b8438d020c461430c113bb4b3f30edcf4232557d91c2,classified,Bassia prostrata,Leaf mass per area,11,1,2,0,1,0,,taxon_outlier,0,0,0,,,approve_none_grouped
dff943b46cb7f4a48a08a1e3738be328a7be9ee93a6f32e0bac765162493e035,classified,Bellardia trixago,Leaf mass per area,14,3,5,0,3,0,,taxon_outlier,0,0,0,,,approve_none_grouped
0177e803a86f85711520ab357d014cc31cf63bf7cb2eade99034f80be21ef7b6,classified,Bellis perennis,Leaf mass per area,164,2,39,7,23,0,,domain_outlier;taxon_outlier,0,0,0,,,approve_none_grouped
7883d4ba34bb51cbef086f2173182d599c1c29efe8d36e52796c9d63660269d0,classified,Berberis vulgaris,Leaf mass per area,107,2,15,0,1,0,,taxon_outlier,0,0,0,,,approve_none_grouped
50270761c86fa7421eedbc202b14fc2fe03bf07ec6dc853aa42adf7f41af11c7,classified,Betula alleghaniensis,Leaf mass per area,357,2,31,13,60,0,,domain_outlier;taxon_outlier,0,0,0,,,approve_none_grouped
48f5d145076a8ae8e0d3d48d92be78c5cc67d87ed3635f62a4c5ac7785fb4839,classified,Betula glandulosa,Leaf mass per area,40,2,8,0,8,0,,taxon_outlier,0,0,0,,,approve_none_grouped
13fc332b3e350c53188d6d86eee97b02868c9343a72b0dcb0bbb976f3f37cd44,classified,Betula lenta,Leaf mass per area,20,1,11,0,2,0,,taxon_outlier,0,0,0,,,approve_none_grouped
626369ec54e03cfd849de8c6822ae7b43ef6b0c5dbdd8135c6942942f2d5c913,classified,Betula nana,Leaf mass per area,211,2,78,0,30,0,,taxon_outlier,0,0,0,,,approve_none_grouped
cbd52551fac2f27c09ec251be35d6b3a0704bcce34136529a2f5ffe6e575c4cc,classified,Betula nigra,Leaf mass per area,49,2,10,0,16,0,,taxon_outlier,0,0,0,,,approve_none_grouped
28db8c6d6945bbcb6bcdcc15162b827add1fee14a043911c6e16e25e33b9e476,classified,Betula papyrifera,Leaf mass per area,114,3,37,5,7,0,,domain_outlier;taxon_outlier,0,0,0,,,approve_none_grouped
e9d3cb07c2f8d4aa0583386a01488e0a4898b8c0ad23575df36e447f7d6ced92,classified,Betula pendula,Leaf mass per area,576,3,65,68,81,0,,domain_outlier;taxon_outlier,0,0,0,,,approve_none_grouped
3b63d6074a0b1df21472b1ec997d51c03c44f9c425414a4c2052095df1d0c574,classified,Betula populifolia,Leaf mass per area,14,2,12,4,3,0,,domain_outlier;taxon_outlier,0,0,0,,,approve_none_grouped
383e87901b981ee146ff7602b86fbf6d396f60d3729a2fb21efba62eabbc0d03,classified,Betula pubescens,Leaf mass per area,232,3,38,0,16,0,,taxon_outlier,0,0,0,,,approve_none_grouped
52f911075ecf127f6b4a69ad40993949d1b93ea232f85facd76d299879d63186,classified,Bidens cernua,Leaf mass per area,29,2,4,0,3,0,,taxon_outlier,0,0,0,,,approve_none_grouped
e1fd7e8e7ba478f8ca00485116052883020ba61861a87f2cb5c80e8d1d820653,classified,Bidens connata,Leaf mass per area,12,2,3,0,1,0,,taxon_outlier,0,0,0,,,approve_none_grouped
89383f5f0e056da3cfc178cfc55764915e1f67c90bcc0a68e4f752eff6d7434d,classified,Bidens frondosa,Leaf mass per area,17,2,11,0,2,0,,taxon_outlier,0,0,0,,,approve_none_grouped
b14dfae29db51dc8129962da2381cf5eb49452ffac1cbbbf99ea8d1b1a579497,classified,Biserrula pelecinus,Leaf mass per area,292,3,5,0,38,0,,taxon_outlier,0,0,0,,,approve_none_grouped
910b81b337e03feb656775de9fec38e062ea5a323133975b901f0833c1ce957c,classified,Bistorta bistortoides,Leaf mass per area,33,3,8,0,7,0,,taxon_outlier,0,0,0,,,approve_none_grouped
83c2017ba4922e7af53ca14c23eb4639b217c421174b266ae6356a88491484f7,classified,Bistorta officinalis,Leaf mass per area,24,1,6,0,3,0,,taxon_outlier,0,0,0,,,approve_none_grouped
16280baf1bf55d3c8c6eab1011738e886f6b85ab489470cfc68d843535b5c1ab,classified,Bistorta vivipara,Leaf mass per area,191,3,56,42,67,0,,domain_outlier;taxon_outlier,0,0,0,,,approve_none_grouped
3b26e43bfca67cd1cded5b2a9fccc539258678c0912a460c396a810d56317a82,classified,Bothriochloa ischaemum,Leaf mass per area,25,2,6,0,5,0,,taxon_outlier,0,0,0,,,approve_none_grouped
84593d7a0dc30fcd2550dcb54a5009a004eb5652383e7b073a9b4370151be209,classified,Botrychium lunaria,Leaf mass per area,20,2,5,0,3,0,,taxon_outlier,0,0,0,,,approve_none_grouped
39f3eb089fe9ef2f7075b5c70b3feb5b74283689be1d9d1b145b8a1ed1b7999e,classified,Bouteloua curtipendula,Leaf mass per area,91,3,59,2,21,0,,domain_outlier;taxon_outlier,0,0,0,,,approve_none_grouped
b1cb50e838a90012a7e9918826b09879a9b3aa42512aab1adbe31677e8f512b9,classified,Bouteloua gracilis,Leaf mass per area,43,2,5,0,2,0,,taxon_outlier,0,0,0,,,approve_none_grouped
686fca3eaf3e2e6e3dd6157896b15fde4b40368ad1ee3a7c8d736986c6ddd46d,classified,Bouteloua hirsuta,Leaf mass per area,12,1,3,0,3,0,,taxon_outlier,0,0,0,,,approve_none_grouped
35fda0f44428cbb115f7e702b59f398ef8d4a06d1c1894afc54a24358031d80a,classified,Bouteloua simplex,Leaf mass per area,10,1,1,0,4,0,,taxon_outlier,0,0,0,,,approve_none_grouped
af12a691482169a3466f1d1f0971aafdac8947d4b014f509396ce40ba06047fe,classified,Brachypodium phoenicoides,Leaf mass per area,18,3,17,1,2,0,,domain_outlier;taxon_outlier,0,0,0,,,approve_none_grouped
4f15ebf9b6c150dd82a89f7ccd535b8f0fdaa2b182b36c061817c24ee4c12f91,classified,Brachypodium pinnatum,Leaf mass per area,74,2,18,1,2,0,,domain_outlier;taxon_outlier,0,0,0,,,approve_none_grouped
f18024adca3efc08dabd39304904876bcde838d6d3a8171601e4e5173fba61bd,classified,Brachypodium retusum,Leaf mass per area,137,2,18,2,18,0,,domain_outlier;taxon_outlier,0,0,0,,,approve_none_grouped
2fa46cc74e329b2867d56df5b9f70d83e7b909851f293c95d73f042b0443cd60,classified,Brickellia coulteri,Leaf mass per area,22,2,2,11,1,0,,domain_outlier;taxon_outlier,0,0,0,,,approve_none_grouped
b209424fd81491d429d3f2d87cfaae8eb0a3749b934043fbda0422a8b30e1cd1,classified,Briza media,Leaf mass per area,125,2,36,1,9,0,,domain_outlier;taxon_outlier,0,0,0,,,approve_none_grouped
13497e59f2f0d27637c219b5724f51050a653cd7d005703a2a2ec68b75a2e098,classified,Bromus carinatus,Leaf mass per area,105,1,4,0,5,0,,taxon_outlier,0,0,0,,,approve_none_grouped
6f081748fe0334a3d4c7ad1190a08eb852bf0c9fce14f4a8645da511a434cabe,classified,Bromus ciliatus,Leaf mass per area,62,3,10,0,10,0,,taxon_outlier,0,0,0,,,approve_none_grouped
2ecafe5d13b9f3e230828b29f12bf36f013d0aaf4a3def336cfca4524788443e,classified,Bromus diandrus,Leaf mass per area,74,3,9,0,11,0,,taxon_outlier,0,0,0,,,approve_none_grouped
64dc4ea48a9c9922a1eb306b1184c5c80f1b1b3689ffdb9342dec5081092a5ae,classified,Bromus erectus,Leaf mass per area,188,3,34,4,35,0,,domain_outlier;taxon_outlier,0,0,0,,,approve_none_grouped
761b16b600f55b9969cbed4b67453877a3db2e27577c66ace9b8701911d447a8,classified,Bromus hordeaceus,Leaf mass per area,346,3,25,0,10,0,,taxon_outlier,0,0,0,,,approve_none_grouped
27a25a39dde1a547af1b5ac8144611abd86ebcc0cf4fd61c844176a400bcaa99,classified,Bromus inermis,Leaf mass per area,916,3,43,40,45,0,,domain_outlier;taxon_outlier,0,0,0,,,approve_none_grouped
2a34a2f0765f334c18c8c06c36dfbeeae0bf1c7f6d1d8cd41f8d2928bb6a473c,classified,Bromus kalmii,Leaf mass per area,10,1,2,0,3,0,,taxon_outlier,0,0,0,,,approve_none_grouped
bc1995cf0ab4e57d11f5aa454ca1b90f886decbab90c96973cb2c3f5b680e3d6,classified,Bromus madritensis,Leaf mass per area,18,3,16,0,1,0,,taxon_outlier,0,0,0,,,approve_none_grouped
998a3fc4f30288d5c6afb03e1ae79b93117bb2fde296c4ce090902de5e8bd009,classified,Bromus rubens,Leaf mass per area,110,2,5,0,17,0,,taxon_outlier,0,0,0,,,approve_none_grouped
69da2716e0f62f3279109244b6fdaf46bb2b7048bb80cb98ed9f2e69e612aab7,classified,Bromus tectorum,Leaf mass per area,58,3,14,1,3,0,,domain_outlier;taxon_outlier,0,0,0,,,approve_none_grouped
f7034d620310bdf2f923386cc45f216d772b6eb9ce0f7fce34cb36a25a3c0903,classified,Buddleja davidii,Leaf mass per area,41,3,9,0,3,0,,taxon_outlier,0,0,0,,,approve_none_grouped
c7056e3051bf95bf682dd76ccf4f6216c507a7b3e27e59f1929622c028f95a51,classified,Buglossoides arvensis,Leaf mass per area,12,2,3,0,2,0,,taxon_outlier,0,0,0,,,approve_none_grouped
c8e3b6ac2f650ae213f4ccc7012e8230bf3d5fea47e4e2606e092d5a07b7d9e5,classified,Bupleurum falcatum,Leaf mass per area,76,2,8,2,2,0,,domain_outlier;taxon_outlier,0,0,0,,,approve_none_grouped
3c989669f8226ccd46c783807ae22fd29322fc0c94c3954273c20c34f84b7f9b,classified,Bupleurum fruticescens,Leaf mass per area,24,2,6,0,8,0,,taxon_outlier,0,0,0,,,approve_none_grouped
6b114ae95da8c69ae52b165eee89809e5ea918df17221bb1581d54c17e598892,classified,Bupleurum praealtum,Leaf mass per area,20,2,2,0,2,0,,taxon_outlier,0,0,0,,,approve_none_grouped
a08b756d8d86c1bd400982cba4faa6651bdcc04e77aa25aeabd43018a861ba3b,classified,Buxus sempervirens,Leaf mass per area,86,2,18,3,21,0,,domain_outlier;taxon_outlier,0,0,0,,,approve_none_grouped
7d6fdbd00e1539e0cc4a8d3ea962d368b302ba811a4dfa7da8dda345b167d3b7,classified,Cakile maritima,Leaf mass per area,35,2,5,1,5,0,,domain_outlier;taxon_outlier,0,0,0,,,approve_none_grouped
1533d28bec46ce02f5d3454fe3bd6326e166149dbf32987a4f28067d6dff5d2a,classified,Calamagrostis arenaria,Leaf mass per area,65,2,8,57,10,0,,domain_outlier;taxon_outlier,0,0,0,,,approve_none_grouped
30cf8817bba9e5e4903935c594ea687185c7005796af13a7af6b34b0825cc952,classified,Calamagrostis canadensis,Leaf mass per area,27,2,6,5,7,0,,domain_outlier;taxon_outlier,0,0,0,,,approve_none_grouped
cea7047cac10f66e346fc11b669b1483a130223abb57e9bc3165d7a6071e6642,classified,Calamagrostis epigejos,Leaf mass per area,15,2,15,0,2,0,,taxon_outlier,0,0,0,,,approve_none_grouped
1969be6cbb9ff73fc4a99ba9fcc75a6287e07473f780814d90e05036618f4217,classified,Calamagrostis lapponica,Leaf mass per area,30,2,7,0,5,0,,taxon_outlier,0,0,0,,,approve_none_grouped
829f4d9648b16f1ecc49f44f7ecddadd4d1609f0f37c599028e075bba4a99312,classified,Calamagrostis varia,Leaf mass per area,10,1,1,0,3,0,,taxon_outlier,0,0,0,,,approve_none_grouped
7216a4ee678786546c79a3634bf782adc1c39ea2d4d9c7c0bfdf98482f860263,classified,Calicotome villosa,Leaf mass per area,36,1,4,0,9,0,,taxon_outlier,0,0,0,,,approve_none_grouped
d87f4ad24110577352c69a09fb076d7ca59de39d951273272b5a850056caae6a,classified,Calliandra eriophylla,Leaf mass per area,14,2,2,11,3,0,,domain_outlier;taxon_outlier,0,0,0,,,approve_none_grouped
149f79ad5e2c1197bfc3176b71c9dddf393e5090e2c80004e1e0d351ab056ad8,classified,Calluna vulgaris,Leaf mass per area,98,2,36,7,7,0,,domain_outlier;taxon_outlier,0,0,0,,,approve_none_grouped
99137ad25e1b1a8f519c8d371e479d9e485c0125cea769bdff0404247a9ef2bf,classified,Calycanthus floridus,Leaf mass per area,41,1,3,0,9,0,,taxon_outlier,0,0,0,,,approve_none_grouped
cadcbd916782b69d4837181ff106e0e05073ea05c7f341e1ebcf8386eb2de0dc,classified,Calystegia sepium,Leaf mass per area,37,2,12,0,2,0,,taxon_outlier,0,0,0,,,approve_none_grouped
d174cbce22816ae8f5e0d638dd6b116d676cd12a0d336d18a9f5303634d36ec4,classified,Calystegia soldanella,Leaf mass per area,59,1,3,0,4,0,,taxon_outlier,0,0,0,,,approve_none_grouped
3073c29182686ef387c5212c135eef12a19be278ae2c1a23183983be65b8658f,classified,Campanula barbata,Leaf mass per area,12,1,3,11,3,0,,domain_outlier;taxon_outlier,0,0,0,,,approve_none_grouped
136da60f85ea97ee25d4a0cf8994d641877fa67c4ee8fe76828e2b0b3c25927f,classified,Campanula bononiensis,Leaf mass per area,15,2,2,0,3,0,,taxon_outlier,0,0,0,,,approve_none_grouped
4f629132b5e86d63c6f1cbf6ae8edd245679f788282512d51acd6cb24b311e97,classified,Campanula parryi,Leaf mass per area,16,1,3,5,1,0,,domain_outlier;taxon_outlier,0,0,0,,,approve_none_grouped
68efa5c7540d1e6eca88425774e5eacbd3ab3e8a9ac3f7c27d3147f42f3ee0dd,classified,Campanula patula,Leaf mass per area,119,1,2,61,5,0,,domain_outlier;taxon_outlier,0,0,0,,,approve_none_grouped
c928875be54e6b4845d3aed455277cfc92a685382c7400b4c49dfe8898c90bdb,classified,Campanula persicifolia,Leaf mass per area,46,2,6,6,2,0,,domain_outlier;taxon_outlier,0,0,0,,,approve_none_grouped
b806fdeb1b16e1b5204ba4eb54c224518cf04051b1ee0b648cb5e560cdaf4dfb,classified,Campanula rapunculoides,Leaf mass per area,12,2,2,0,2,0,,taxon_outlier,0,0,0,,,approve_none_grouped
6534366b36c6635a923a13ef73b6c92e6b10138e6fda5cba6e06e41e8efeda4b,classified,Campanula rotundifolia,Leaf mass per area,74,2,26,23,1,0,,domain_outlier;taxon_outlier,0,0,0,,,approve_none_grouped
a475f750883c0466e5fcd157c4a4b15831c92aafbad7a4f4e3115b311025ceeb,classified,Campanula scheuchzeri,Leaf mass per area,37,2,8,30,4,0,,domain_outlier;taxon_outlier,0,0,0,,,approve_none_grouped
d23ad924a2bc928908055f0c7546c1fcfcdf71ef2c705a08adca4a960dd41666,classified,Cannabis sativa,Leaf mass per area,11,1,2,0,2,0,,taxon_outlier,0,0,0,,,approve_none_grouped
d3809b92887cb3e4f37c2afd86d2d7afd214d70f5727ebce2ce2ee332ec45655,classified,Cardamine amara,Leaf mass per area,14,1,2,9,1,0,,domain_outlier;taxon_outlier,0,0,0,,,approve_none_grouped
2c00ccecaa0807e951a7c2d170140d0c679347de2fa0ec6e2cffd973e6924a9f,classified,Cardamine bellidifolia,Leaf mass per area,118,1,5,1,3,0,,domain_outlier;taxon_outlier,0,0,0,,,approve_none_grouped
0f6ea9a3277cc241bb7c690bdb311fe23b9e245009d2d10d6b377ea53348fa27,classified,Cardamine enneaphyllos,Leaf mass per area,40,2,3,0,2,0,,taxon_outlier,0,0,0,,,approve_none_grouped
48d0c410d6c1abe24e7c2e0cc4274ef5984865d853bfbd6d878141a364a4f21e,classified,Cardamine parviflora,Leaf mass per area,12,1,3,0,2,0,,taxon_outlier,0,0,0,,,approve_none_grouped
4bedb5523449e57c181f62a90da98f5b6467400416967746dc779564891ea09e,classified,Cardamine pratensis,Leaf mass per area,26,2,3,7,5,0,,domain_outlier;taxon_outlier,0,0,0,,,approve_none_grouped
70890f8cca565dd97d1e89f598040990673989c7bb579d65d7d9e2effa806c8a,classified,Carduus acanthoides,Leaf mass per area,10,1,1,7,1,0,,domain_outlier;taxon_outlier,0,0,0,,,approve_none_grouped
10f46b2a754f57ff9d40aba1b6de3a8ec0355fd638df9d2cb21fe5d6bad4ced7,classified,Carduus collinus,Leaf mass per area,10,1,2,0,1,0,,taxon_outlier,0,0,0,,,approve_none_grouped
884bd58a83325a7008d6d08e40134c70519c65e91bfa6adf539b7aa718dead55,classified,Carduus defloratus,Leaf mass per area,15,2,4,7,1,0,,domain_outlier;taxon_outlier,0,0,0,,,approve_none_grouped
48a06f694d0310014ccb3572544ce3111f5f82cf236fb3d8254b0b6cb512cd94,classified,Carduus pycnocephalus,Leaf mass per area,138,2,7,0,8,0,,taxon_outlier,0,0,0,,,approve_none_grouped
497a8750d3e59c2dbfff0d552a0cc96c022849c1da88950ac7fd5017defc19ac,classified,Carex,Leaf mass per area,90,2,14,10,13,0,,domain_outlier;taxon_outlier,0,0,0,,,approve_none_grouped
f1c3752ee5f1e65caf8df089231ac5486b122284dc828f7bd0739bc6e00e05a7,classified,Carex aquatilis,Leaf mass per area,36,3,8,0,1,0,,taxon_outlier,0,0,0,,,approve_none_grouped
a2225c0bec705aba82694a2d71713717458ffe964e9dd6e577342706f123fa7f,classified,Carex bicknellii,Leaf mass per area,10,1,2,0,1,0,,taxon_outlier,0,0,0,,,approve_none_grouped
b161f83bf4c7843b4f6c4627796fb1ffa72965f4ac0fd93a931deb1d3bc0ff47,classified,Carex bigelowii,Leaf mass per area,140,2,59,0,15,0,,taxon_outlier,0,0,0,,,approve_none_grouped
24e591819927f62a21203cd35b6829131f8754ce203514da8520f45cab6abe93,classified,Carex brevior,Leaf mass per area,53,2,7,0,5,0,,taxon_outlier,0,0,0,,,approve_none_grouped
57bb495c54d3dfa329b71f9eb9642573edbcacbe22097ee68734dd9659a5b55d,classified,Carex capillaris,Leaf mass per area,11,1,2,0,1,0,,taxon_outlier,0,0,0,,,approve_none_grouped
daf83c45e6fa5db0ca5f061c498cf4bdfd5b3489b891f50988dd032418625b20,classified,Carex caryophyllea,Leaf mass per area,30,2,18,0,5,0,,taxon_outlier,0,0,0,,,approve_none_grouped
420cf5c7c5bd1b6f86e912332d8cefc7cff237dd51fc3674e20b0fb1b53f7158,classified,Carex curvula,Leaf mass per area,32,1,5,1,2,0,,domain_outlier;taxon_outlier,0,0,0,,,approve_none_grouped
1b074e53cfd3f24cedf0499c6131b648908a65f31bec6bfdf8d1f2e8d7666cb3,classified,Carex dioica,Leaf mass per area,18,1,3,0,1,0,,taxon_outlier,0,0,0,,,approve_none_grouped
9703c70e683b3bf1e2362feb005283138f39e32ce1770224509d2b2927f1329a,classified,Carex disticha,Leaf mass per area,12,2,3,1,2,0,,domain_outlier;taxon_outlier,0,0,0,,,approve_none_grouped
74fa80ae6f0189d8ff45efd781e2fc43280e08c18968adc358b15919e947f036,classified,Carex divisa,Leaf mass per area,11,2,3,2,2,0,,domain_outlier;taxon_outlier,0,0,0,,,approve_none_grouped
78e705b96bccb79f5b71711f1714f6533e0fac01ea7006931fdaa8a6c76d33cc,classified,Carex duriuscula,Leaf mass per area,10,1,1,0,1,0,,taxon_outlier,0,0,0,,,approve_none_grouped
f709a37ca1dc42a82fc97c80260bd0426b646d228924427dec1f4a0e5364726a,classified,Carex engelmannii,Leaf mass per area,21,2,3,0,1,0,,taxon_outlier,0,0,0,,,approve_none_grouped
014596374ee37e87bbd32e827acad79f0bfa1306fc0c085ef62c478216dd4c2f,classified,Carex ericetorum,Leaf mass per area,10,1,10,0,1,0,,taxon_outlier,0,0,0,,,approve_none_grouped
3012513b3092546f3ca01fd7dfa947e26505b5f2e6356273b37dc95757ff8217,classified,Carex firma,Leaf mass per area,11,1,2,0,1,0,,taxon_outlier,0,0,0,,,approve_none_grouped
4b7d1c6d0ca5c474dbedde48d26a18a2875233b8790e3b9ea5980f3f62051719,classified,Carex hirta,Leaf mass per area,17,2,8,0,1,0,,taxon_outlier,0,0,0,,,approve_none_grouped
6d4d5c7ed9701fcf5199b86408bcfef813e99918250bd7e1b277063688d3b499,classified,Carex hystericina,Leaf mass per area,11,1,2,0,1,0,,taxon_outlier,0,0,0,,,approve_none_grouped
4200040d7eb9e7a3d9696d11bd36c4479f7d83353afff969840fa22096f38316,classified,Carex lacustris,Leaf mass per area,16,1,1,0,1,0,,taxon_outlier,0,0,0,,,approve_none_grouped
0309f90e3998574e1f77c897625ed4aa2cbd812f566ed33f001b91241afb3d2f,classified,Carex liparocarpos,Leaf mass per area,10,1,1,0,1,0,,taxon_outlier,0,0,0,,,approve_none_grouped
819abebb020760d327adcdcdab9287a100a910b88fda857edc177154c4f9f0b2,classified,Carex montana,Leaf mass per area,11,1,2,0,2,0,,taxon_outlier,0,0,0,,,approve_none_grouped
e8bb1619ae1f0f52e1d4642701784428704a6961b0c5cf8c5b2bd71d4707ff3a,classified,Carex mucronata,Leaf mass per area,10,1,10,8,2,0,,domain_outlier;taxon_outlier,0,0,0,,,approve_none_grouped
a7cdeb535ed8ff065673a3ce53b1b413ea1745547d67c21b9b254adc46094615,classified,Carex myosuroides,Leaf mass per area,19,1,5,7,3,0,,domain_outlier;taxon_outlier,0,0,0,,,approve_none_grouped
8fc27185a80e7b064c14a445587d74cb6d2c3a8c79b5b2f5fefb62d743664f59,classified,Carex nigra,Leaf mass per area,19,2,10,1,4,0,,domain_outlier;taxon_outlier,0,0,0,,,approve_none_grouped
ee7996d7ad102526123e070c2dfe2a0e61d1a615d1dfd076433f73bf61f189bb,classified,Carex ornithopoda,Leaf mass per area,61,2,7,0,6,0,,taxon_outlier,0,0,0,,,approve_none_grouped
92dfda0054f6054aa03910e521f57a3d59c2d023445d2b916c38e49eec05f0e8,classified,Carex pairae,Leaf mass per area,10,1,1,0,2,0,,taxon_outlier,0,0,0,,,approve_none_grouped
a0dfb490f6616a47ea479b1f8cfc6abf9aaf89e9c9fc498513805a4c52e0230f,classified,Carex panicea,Leaf mass per area,13,2,9,1,2,0,,domain_outlier;taxon_outlier,0,0,0,,,approve_none_grouped
f22367a8095b4101b5f6f24aa6a3756bf6a1cb6e45e72543b174977b2f929db8,classified,Carex pensylvanica,Leaf mass per area,137,2,6,0,6,0,,taxon_outlier,0,0,0,,,approve_none_grouped
74e951e1f118d5f8ab77c60be867930b76f709aee84f5ff81b7b718cae9d538b,classified,Carex pilosa,Leaf mass per area,11,1,2,0,1,0,,taxon_outlier,0,0,0,,,approve_none_grouped
811ee17dedcac466ea867d69362922bb19f6b4a7fb475730f680acf97bac5cee,classified,Carex riparia,Leaf mass per area,13,2,6,1,1,0,,domain_outlier;taxon_outlier,0,0,0,,,approve_none_grouped
0f61d97a6719015b7bcc83a03d31ff1f76e286e2ffebb31a00d0c02974cc8e35,classified,Carex rupestris,Leaf mass per area,19,1,6,2,4,0,,domain_outlier;taxon_outlier,0,0,0,,,approve_none_grouped
066226ecd474758522a8f29f38ef8ef4c5ad8521f8fb3057e72dd7766f276698,classified,Carex scopulorum,Leaf mass per area,11,1,3,0,3,0,,taxon_outlier,0,0,0,,,approve_none_grouped
a7801eb622db43d5a731795ffe9592de05336a99a8e6fbb7e8ab3195f57b9187,classified,Carex sempervirens,Leaf mass per area,113,1,24,0,11,0,,taxon_outlier,0,0,0,,,approve_none_grouped
201088fac5cf2ab67b383282118d710621823140e11531699ee26382f152acdb,classified,Carex stenophylla,Leaf mass per area,10,1,1,0,2,0,,taxon_outlier,0,0,0,,,approve_none_grouped
7e8dba80c2374236ee4d0371aa528281984acea8d0cf6ed91d0ca91bbd2e9a6b,classified,Carex stricta,Leaf mass per area,13,1,1,0,2,0,,taxon_outlier,0,0,0,,,approve_none_grouped
831a240b0310653508808f1e5277498348b1c453bd26eb6dac653612b270f678,classified,Carex woodii,Leaf mass per area,32,1,1,0,3,0,,taxon_outlier,0,0,0,,,approve_none_grouped
e52012f4f498c294e1d92dfa20b06a071464ce55407476cddf365685ffae1a62,classified,Carlina acaulis,Leaf mass per area,26,2,10,6,6,0,,domain_outlier;taxon_outlier,0,0,0,,,approve_none_grouped
3b130b963c9bfafc93d91f1d58510a2934a66a770309318c396b615270cadac3,classified,Carlina vulgaris,Leaf mass per area,70,2,11,0,17,0,,taxon_outlier,0,0,0,,,approve_none_grouped
3e213ef128a55942f2a73daca95c6464afcfb0157085926894fef088a2b7d65a,classified,Carpinus caroliniana,Leaf mass per area,28,2,21,0,4,0,,taxon_outlier,0,0,0,,,approve_none_grouped
990ea8692a2d374031c0c6be99fee469f05f86ca9af3d10b829768e0c5a1eb3a,classified,Carthamus lanatus,Leaf mass per area,12,1,3,1,1,0,,domain_outlier;taxon_outlier,0,0,0,,,approve_none_grouped
29fc3c9af98a8101eaaead141ea7f324e7e100e1e114f4992c12298e463e5373,classified,Carum carvi,Leaf mass per area,126,2,16,16,25,0,,domain_outlier;taxon_outlier,0,0,0,,,approve_none_grouped
3fdcdbf9ee3a769e7b2b1cf8d11a18507a9469dfff3f38ef61c559721ed12600,classified,Carya alba,Leaf mass per area,286,3,25,0,5,0,,taxon_outlier,0,0,0,,,approve_none_grouped
7957af7e2e8fbb669cbb4a36de3f9797602274f973dfce9ceca1a21814feeff1,classified,Carya cordiformis,Leaf mass per area,67,3,12,0,6,0,,taxon_outlier,0,0,0,,,approve_none_grouped
f23e3fc482e54db1c3e0c6b8431a31d776c1104b1fa33b916a66c69e7cdae95e,classified,Carya glabra,Leaf mass per area,165,3,30,0,19,0,,taxon_outlier,0,0,0,,,approve_none_grouped
b57c364704b92930a49570994470d5d4934da822d723e445484c32dd2aea8386,classified,Carya ovata,Leaf mass per area,227,3,24,0,13,0,,taxon_outlier,0,0,0,,,approve_none_grouped
b0ad641d99e205d68d526ffaea47d47c1df08d14d282e41f9b0837c4f46eda80,classified,Carya pallida,Leaf mass per area,11,1,5,0,2,0,,taxon_outlier,0,0,0,,,approve_none_grouped
fe1cb3c537aecaf8237cf149463f88536b7fbc7c28fa6d7e231a4c43a72cd577,classified,Carya texana,Leaf mass per area,150,3,3,0,7,0,,taxon_outlier,0,0,0,,,approve_none_grouped
85c925de0e30f0cfaa99e869bad7778e6b4b09ee90f1ff702a1ea74bbcf072d0,classified,Cassiope tetragona,Leaf mass per area,52,1,11,40,6,0,,domain_outlier;taxon_outlier,0,0,0,,,approve_none_grouped
fdcb467480493d9faeaec6ae8943a2ad278f5f88cfc921d10746b0faa14a5930,classified,Castanea dentata,Leaf mass per area,41,2,34,0,2,0,,taxon_outlier,0,0,0,,,approve_none_grouped
7c3a74ed91d1699a11a00269a19a219b9574f942d5e31824d210cd7ff5811ea4,classified,Castanea sativa,Leaf mass per area,61,2,10,0,8,0,,taxon_outlier,0,0,0,,,approve_none_grouped
cf7d72c170dfb5bea1f0afab39ef90ceaaca5eec06cb5c8ac6d943d46f15c72b,classified,Castilleja nelsonii,Leaf mass per area,10,1,1,0,4,0,,taxon_outlier,0,0,0,,,approve_none_grouped
bd26f5d49ca2ceb2e2f51934d98f7ceb5f4d1e61d13277413b9f93f067e8c689,classified,Castilleja occidentalis,Leaf mass per area,10,1,3,0,3,0,,taxon_outlier,0,0,0,,,approve_none_grouped
908e6940909fe58d2f6f2a653ed513e357b857ccdd4cb0fb0587ea2909241d59,classified,Catalpa speciosa,Leaf mass per area,80,1,2,0,4,0,,taxon_outlier,0,0,0,,,approve_none_grouped
7c1ffbecc7af2006914115466da506d1a71105bc17dc7c5b3dab207987599d4a,classified,Ceanothus cuneatus,Leaf mass per area,10,2,10,2,3,0,,domain_outlier;taxon_outlier,0,0,0,,,approve_none_grouped
d242cca1a7a8453d08cfa63759de7552ee478b448e98bfd8e9d73f412e0fcd00,classified,Cedrus atlantica,Leaf mass per area,45,1,7,0,3,0,,taxon_outlier,0,0,0,,,approve_none_grouped
830c48488d03519464c86c01f93e0afacff30c974fff0db08105aa89053ab2d1,classified,Cedrus deodara,Leaf mass per area,40,1,2,0,6,0,,taxon_outlier,0,0,0,,,approve_none_grouped
95a5200dd0bc11e9e8503f51187b6b894dc4a8de688d26fc9e0f7db4026b3c7f,classified,Celtis iguanaea,Leaf mass per area,22,2,2,11,1,0,,domain_outlier;taxon_outlier,0,0,0,,,approve_none_grouped
e15c2e61cd2fe862913fa8346e24b53c76dadfacc91e87c46c1469d437162905,classified,Celtis occidentalis,Leaf mass per area,107,3,10,0,7,0,,taxon_outlier,0,0,0,,,approve_none_grouped
904963c2dc075b1a58f3fd18c2be141532f0c3d993d09c1ebb6b210367754210,classified,Cenchrus americanus,Leaf mass per area,17,2,3,0,2,0,,taxon_outlier,0,0,0,,,approve_none_grouped
bd6706f98015b4893d8fc1b05e5e6d0dfcb10d8d95a9d4a141188128ae420cbd,classified,Centaurea arenaria,Leaf mass per area,10,1,1,0,1,0,,taxon_outlier,0,0,0,,,approve_none_grouped
cd2101e9e4ea8a76c56ae6c481180705b6fe5d1933db76ec8ea4710df4f7e8e9,classified,Centaurea diffusa,Leaf mass per area,10,1,1,0,1,0,,taxon_outlier,0,0,0,,,approve_none_grouped
e81b5261b0cd49d4ab48456280d9bb4632f56cbec04460443a86c52d1c274f0d,classified,Centaurea jacea,Leaf mass per area,556,2,82,17,27,0,,domain_outlier;taxon_outlier,0,0,0,,,approve_none_grouped
48a0d6bf90e0134ee07c63458232ebf0fb99add797086aef454be7942fd8788d,classified,Centaurea nigra,Leaf mass per area,20,2,6,0,4,0,,taxon_outlier,0,0,0,,,approve_none_grouped
35f72ee6e4328c798222a1078fc0a88fafe1b554c0ccd89e1882d5b96f3a1cbd,classified,Centaurea sadleriana,Leaf mass per area,15,2,2,0,2,0,,taxon_outlier,0,0,0,,,approve_none_grouped
fcb64104aff503b2b271bae8ad45d3ef87f89e5b35ad0f5ecac5a49804018d1c,classified,Centaurea scabiosa,Leaf mass per area,19,2,8,1,1,0,,domain_outlier;taxon_outlier,0,0,0,,,approve_none_grouped
7e5758ffa21788d2e577b8a913157b929276a8d5fb48a027f36ecb64c7b39593,classified,Centaurea solstitialis,Leaf mass per area,16,1,3,0,1,0,,taxon_outlier,0,0,0,,,approve_none_grouped
096166c96fbc835a288c095c4a019d427ccb15a652f6e4ad6abb2dce1f92d1a4,classified,Cerastium arvense,Leaf mass per area,39,2,12,8,7,0,,domain_outlier;taxon_outlier,0,0,0,,,approve_none_grouped
cdf770e710fdc55840aa9cac8849594198756d08d5b63d2d291726ee08bbcfbd,classified,Cerastium fontanum,Leaf mass per area,50,2,17,9,9,0,,domain_outlier;taxon_outlier,0,0,0,,,approve_none_grouped
78b7e18cae49f06f722fede07343468fdbf7c02ac153d2da85ecbf8bc2af7426,classified,Cerastium latifolium,Leaf mass per area,10,1,1,0,3,0,,taxon_outlier,0,0,0,,,approve_none_grouped
0b55bdb9ebed2768fbb4075599e96bd40acdac000db1be497de2cd24a0f36aae,classified,Cerastium semidecandrum,Leaf mass per area,23,2,5,0,6,0,,taxon_outlier,0,0,0,,,approve_none_grouped
a79bd6cb34330f4656937a9e9038355b7f4e52fab65b3c51bace6bfcb6b09fff,classified,Cercis canadensis,Leaf mass per area,248,3,22,0,56,0,,taxon_outlier,0,0,0,,,approve_none_grouped
fba2e200139398c3d3c0f66d9d0c6b8d33bc440aeba5dd186b5a0a2c7842e657,classified,Cervaria rivini,Leaf mass per area,11,1,2,0,1,0,,taxon_outlier,0,0,0,,,approve_none_grouped
c9c58a0fdccca0bcc1304c9b3fe90a5e83d605e0ee691b72c638d17ac934cfb6,classified,Chaetopappa ericoides,Leaf mass per area,17,1,2,0,1,0,,taxon_outlier,0,0,0,,,approve_none_grouped
3f42ac1cfd9d8e49e4beaa38ad1c580538699c20bbe516d7a7c313a8668d9a90,classified,Chamaecytisus austriacus,Leaf mass per area,10,1,1,0,1,0,,taxon_outlier,0,0,0,,,approve_none_grouped
d3f813d4de2a9e4ef993160b32b46b35b0e24441081f016746f4e418062dc2b6,classified,Chamaecytisus ratisbonensis,Leaf mass per area,10,1,1,0,1,0,,taxon_outlier,0,0,0,,,approve_none_grouped
3d4a6b4e38c452a2f5989d62edf26b1d880cd540ea6b8be2e592612fe0e2599e,classified,Chamaedaphne calyculata,Leaf mass per area,18,2,13,0,4,0,,taxon_outlier,0,0,0,,,approve_none_grouped
a79cecf943f07afc8d99a526c3d264a25c88854bbd5d92e0446f3d41f7ced0a5,classified,Chamaenerion angustifolium,Leaf mass per area,133,3,39,0,6,0,,taxon_outlier,0,0,0,,,approve_none_grouped
d71f395d47e20f935ac176bff2a33b74855652ae1665a675b8534b1907206a6f,classified,Chenopodium album,Leaf mass per area,215,3,26,0,36,0,,taxon_outlier,0,0,0,,,approve_none_grouped
81be99bd0d3ce9c9a20ccd1c288c4873dece24080e268c9942d3bd961f7e40c5,classified,Chenopodium fremontii,Leaf mass per area,21,1,2,0,1,0,,taxon_outlier,0,0,0,,,approve_none_grouped
4f180cc77482bc82beb08b240462cdc290638cae1b53c4d15fd1904d752720a6,classified,Chenopodium leptophyllum,Leaf mass per area,10,1,1,0,1,0,,taxon_outlier,0,0,0,,,approve_none_grouped
ea2c4fb9092466ec40bbf3ea7cb31d54b4e37f47ca38fa5f222620b4de9a352f,classified,Chenopodium vulvaria,Leaf mass per area,22,2,4,0,5,0,,taxon_outlier,0,0,0,,,approve_none_grouped
95c9b872754f52222b8b485bd6e36a7ab4efb7b5bac9438a0e1db32f9286ae74,classified,Chilopsis linearis,Leaf mass per area,56,1,4,0,8,0,,taxon_outlier,0,0,0,,,approve_none_grouped
a0e2d84d99a1a94555cae2966445ed1cdb55e0289c0072d50c81535d657dcdd8,classified,Chionophila jamesii,Leaf mass per area,12,1,3,0,3,0,,taxon_outlier,0,0,0,,,approve_none_grouped
992e675fd75f83b7647fbba3d625506269fe09e8b15e839f32b247e85bec2b82,classified,Chondrilla juncea,Leaf mass per area,10,2,4,0,2,0,,taxon_outlier,0,0,0,,,approve_none_grouped
892071f92d634c0c83939f40ebdc1056f1178e9b338be1d0e309dd2758a75ce8,classified,Chrysopogon gryllus,Leaf mass per area,13,2,2,0,4,0,,taxon_outlier,0,0,0,,,approve_none_grouped
9ac6496b5481ada83fc5a450558182f69ac475ecaee55e6b05b7d60abfbe1721,classified,Cicerbita alpina,Leaf mass per area,17,1,3,0,3,0,,taxon_outlier,0,0,0,,,approve_none_grouped
8df9a049500bd53f2a8873926096641cf095e08830129f195d0e14a0ab00210d,classified,Cichorium intybus,Leaf mass per area,20,3,9,0,7,0,,taxon_outlier,0,0,0,,,approve_none_grouped
041f7490a7ede56f3ba3da436b41aeac6ba21d551a00bf4be8400fa21e903871,classified,Circaea lutetiana,Leaf mass per area,33,2,6,0,7,0,,taxon_outlier,0,0,0,,,approve_none_grouped
e4847f09f51ba98b22fe364a12c7f9f5c4bab1ecf5cbfbb7e8ad7ba9f6ae41e1,classified,Cirsium acaule,Leaf mass per area,26,2,10,6,7,0,,domain_outlier;taxon_outlier,0,0,0,,,approve_none_grouped
f774074eef75118fd360d809233c4a78be830b5bd1f27d183812c5b1b3f671f8,classified,Cirsium arvense,Leaf mass per area,155,2,39,0,2,0,,taxon_outlier,0,0,0,,,approve_none_grouped
6091ebcdb7b7589bf9cb5314c7fd7695a3792b28403cfb9cfa2a4536a0e51171,classified,Cirsium oleraceum,Leaf mass per area,52,1,3,4,8,0,,domain_outlier;taxon_outlier,0,0,0,,,approve_none_grouped
3063688f2be0eed94cbd9810695651c1afa4d2e86be80b36f13ad572fbb33722,classified,Cirsium wheeleri,Leaf mass per area,13,1,2,0,3,0,,taxon_outlier,0,0,0,,,approve_none_grouped
b42342b286447ae11467f4278d085c210c8d3f86962a8ecd1bc7b9ff461af8b3,classified,Cistus albidus,Leaf mass per area,120,2,36,4,6,0,,domain_outlier;taxon_outlier,0,0,0,,,approve_none_grouped
6698babc6694bca78112090bf62932b84e233614b2e0e49fde4e44e8afc3e063,classified,Cistus clusii,Leaf mass per area,31,1,9,4,11,0,,domain_outlier;taxon_outlier,0,0,0,,,approve_none_grouped
9d85096061bb6dfabc86d0ca4c752485f13af9ca3dd8a3ba01e40d88dd059a40,classified,Cistus creticus,Leaf mass per area,176,2,36,2,23,0,,domain_outlier;taxon_outlier,0,0,0,,,approve_none_grouped
3eb538f5cbedafa808cf7403a536e2fb58906f3590a3d929e70f23468db3efb0,classified,Cistus ladanifer,Leaf mass per area,33,2,22,6,7,0,,domain_outlier;taxon_outlier,0,0,0,,,approve_none_grouped
696a95944217029fc1c6446e963a366fe225248b7a50a1f00bd742d2c65f7fae,classified,Cistus laurifolius,Leaf mass per area,17,2,12,3,4,0,,domain_outlier;taxon_outlier,0,0,0,,,approve_none_grouped
5154a539b07b8f6bb97f580e0e39d6177460548aed93bf49ba659bae6d379bbe,classified,Cistus monspeliensis,Leaf mass per area,150,2,28,33,33,0,,domain_outlier;taxon_outlier,0,0,0,,,approve_none_grouped
2f942156211101fd268c304c90ebe244c7df38e3c15d06a55159676706a602f1,classified,Cistus salviifolius,Leaf mass per area,207,3,47,0,9,0,,taxon_outlier,0,0,0,,,approve_none_grouped
72957b4c261b86b3ba8f314f79b66a450a9b1d292f0f27def6a94f4f153f3b4f,classified,Cistus tauricus,Leaf mass per area,23,1,10,0,1,0,,taxon_outlier,0,0,0,,,approve_none_grouped
c3c6aba68e4b274c684f74caec5e160561cbdad85ed22ee240bf536c6b524557,classified,Clematis alpina,Leaf mass per area,10,1,2,0,1,0,,taxon_outlier,0,0,0,,,approve_none_grouped
6737c45ded5e83f5cc3af5b5437a81d2803e3f0143edbb4c291bb55bd45be98c,classified,Clematis vitalba,Leaf mass per area,50,2,11,0,5,0,,taxon_outlier,0,0,0,,,approve_none_grouped
7b16afc81d3564a4774daa9e552039780c9ba655e2fd9ade9a26a1529bc9d047,classified,Cleomella arborea,Leaf mass per area,23,2,3,11,1,0,,domain_outlier;taxon_outlier,0,0,0,,,approve_none_grouped
520e3694278423c535408339e905636be80764a01b74894ba2a5de2b183089a2,classified,Clinopodium nepeta,Leaf mass per area,24,2,16,0,4,0,,taxon_outlier,0,0,0,,,approve_none_grouped
95ab88b1431f6e16d908255e89e01becbcbd1457a3e3f5345369134d79c30d47,classified,Clintonia borealis,Leaf mass per area,10,1,7,10,1,0,,domain_outlier;taxon_outlier,0,0,0,,,approve_none_grouped
43f98070d2490d1b90e5aefb04d3f5531274b6c0efc676a0a6e8cc1887ecd970,classified,Colchicum autumnale,Leaf mass per area,27,1,7,0,1,0,,taxon_outlier,0,0,0,,,approve_none_grouped
6be68c8841adbc707b739d3b8a81a661d26a4d2855c1d44ed503165d002c3be7,classified,Coleataenia anceps,Leaf mass per area,46,1,12,0,4,0,,taxon_outlier,0,0,0,,,approve_none_grouped
7ca053166813801e2850c18dea2082e89a79399f174a312fdf5baea13bd496c6,classified,Coleogyne ramosissima,Leaf mass per area,23,2,3,11,1,0,,domain_outlier;taxon_outlier,0,0,0,,,approve_none_grouped
4d7574df8c1df4f4cddfea05af1d73060e8fc20c6cebb0e416c3866e3d501a85,classified,Cologania angustifolia,Leaf mass per area,20,1,2,0,1,0,,taxon_outlier,0,0,0,,,approve_none_grouped
0175b1d8210ff3b512c62e0fe9329b84b87e83d84d1abdeeee93726e871522e0,classified,Comandra umbellata,Leaf mass per area,86,2,55,0,22,0,,taxon_outlier,0,0,0,,,approve_none_grouped
105afee041e47cdcdf943d8a93287062ec71b9436803f9c426d6bdde64d82532,classified,Commelina erecta,Leaf mass per area,41,1,3,0,2,0,,taxon_outlier,0,0,0,,,approve_none_grouped
94eda6a2358ab983669dc49af926b39406bf8a35333749103a59bc861cc88f8d,classified,Condea emoryi,Leaf mass per area,20,2,2,10,4,0,,domain_outlier;taxon_outlier,0,0,0,,,approve_none_grouped
3e8ec95293ebff906ebe44b0e962a2676723bfa31046946e2cc0657399786a46,classified,Convolvulus arvensis,Leaf mass per area,92,3,28,0,3,0,,taxon_outlier,0,0,0,,,approve_none_grouped
4ae12b78ce9390c8beb665df120d464aaefe592f6bdd8f928f8487cffff3a029,classified,Coptis trifolia,Leaf mass per area,10,1,3,10,1,0,,domain_outlier;taxon_outlier,0,0,0,,,approve_none_grouped
5dd18210469ba5b4c23fcb8fd059c4e242ecf810a01a50e4b7ec050e51627713,classified,Coreopsis tinctoria,Leaf mass per area,21,1,2,0,2,0,,taxon_outlier,0,0,0,,,approve_none_grouped
b270b79dfdfb887b6961f6cdd114c55016d11e10327eb070c59824462455f967,classified,Coreopsis tripteris,Leaf mass per area,18,1,1,0,2,0,,taxon_outlier,0,0,0,,,approve_none_grouped
0b96e05aabedd1c36bc329f34244836efbe222744dc655d64b998593dc81c7ec,classified,Cormus domestica,Leaf mass per area,121,2,2,7,9,0,,domain_outlier;taxon_outlier,0,0,0,,,approve_none_grouped
edeabc901f0708213dbf81a71684b814dae8fe7e41947a23660f62dc7985bbb6,classified,Cornus alternifolia,Leaf mass per area,24,1,21,8,2,0,,domain_outlier;taxon_outlier,0,0,0,,,approve_none_grouped
479eb592844a2e004935c3e87f1db10a00c65a2a1fc797428006a0c5b7edb3ba,classified,Cornus florida,Leaf mass per area,657,3,41,0,26,0,,taxon_outlier,0,0,0,,,approve_none_grouped
11b494535051b0afe375039637a1ef98beee0707969b811c520d7ea09979f274,classified,Cornus racemosa,Leaf mass per area,57,3,10,0,5,0,,taxon_outlier,0,0,0,,,approve_none_grouped
281d3f803f522c9976e868e4105a79608138779b6756a95e90648d7cc47820ef,classified,Cornus rugosa,Leaf mass per area,11,2,2,0,1,0,,taxon_outlier,0,0,0,,,approve_none_grouped
31efb4fe27b5df72b972533a2c95a71771c7e8de44cb1ba65dd11d84266fcb4e,classified,Cornus sanguinea,Leaf mass per area,58,3,22,1,15,0,,domain_outlier;taxon_outlier,0,0,0,,,approve_none_grouped
fc2ced50eddc57e2325f92e7be5657f8af5e16a653c88d96fdb0579dfb5f512f,classified,Cornus suecica,Leaf mass per area,42,2,15,0,10,0,,taxon_outlier,0,0,0,,,approve_none_grouped
5069f0895fd4d9f8218f52970974c2f1d1624b5cc9ac43f02f021fc507b48e9b,classified,Corydalis caseana,Leaf mass per area,27,2,3,0,3,0,,taxon_outlier,0,0,0,,,approve_none_grouped
512d22e346aa96741ca2ba27ac85df37ee388a20214385b8c98a1f49ec51c733,classified,Corylus americana,Leaf mass per area,80,3,11,0,11,0,,taxon_outlier,0,0,0,,,approve_none_grouped
c652d4347721b3c10f7ddae9da7436b3354b3f9ac89d96cf1f6e405ab63612a5,classified,Corylus avellana,Leaf mass per area,102,2,22,0,21,0,,taxon_outlier,0,0,0,,,approve_none_grouped
6b9a57cca0bb31797d068e312ce13a79b6f3389248fba80b3019f9057773d87e,classified,Cotinus coggygria,Leaf mass per area,11,2,2,0,1,0,,taxon_outlier,0,0,0,,,approve_none_grouped
0baa4144edc89f82fad4243bebd993433e241fd8de55497e90ef400a25192017,classified,Crataegus laciniata,Leaf mass per area,30,1,1,0,2,0,,taxon_outlier,0,0,0,,,approve_none_grouped
462ac7ee2610cb9aa8adeffc339705d5995ca672a2abe6b15b7256fc64f5188d,classified,Crataegus monogyna,Leaf mass per area,227,3,64,1,15,0,,domain_outlier;taxon_outlier,0,0,0,,,approve_none_grouped
d77a3d68ec2b7f255a4f30d37d243eb6c109f5463f01b1f77027573f2e21c5b9,classified,Crepis aurea,Leaf mass per area,34,1,5,33,9,0,,domain_outlier;taxon_outlier,0,0,0,,,approve_none_grouped
9cab5a3b2c3b2345d0a31cc672d804bf1d603026764b1a2b1aedde01600e5820,classified,Crepis biennis,Leaf mass per area,97,1,3,12,17,0,,domain_outlier;taxon_outlier,0,0,0,,,approve_none_grouped
bfc65fbce5bff7df0a0a8fd2923f4aaae764eb85aa4b9fc2051d9c841c99575d,classified,Crepis capillaris,Leaf mass per area,43,3,6,0,9,0,,taxon_outlier,0,0,0,,,approve_none_grouped
57f0c57e2c0a099950b2304156262356948f445095fc14d726c31f7fd88c8ab0,classified,Crepis foetida,Leaf mass per area,16,2,7,0,4,0,,taxon_outlier,0,0,0,,,approve_none_grouped
f85ff48b21046f00ac8b1a45e294587d1573ecb68d787e180c2330ae706e7ff2,classified,Crepis occidentalis,Leaf mass per area,27,2,3,0,3,0,,taxon_outlier,0,0,0,,,approve_none_grouped
6f4e1ffafc34eddc6ecd16d0c835004dab212ec26b90fac977ce26eab2e1749c,classified,Crepis vesicaria,Leaf mass per area,33,2,8,0,8,0,,taxon_outlier,0,0,0,,,approve_none_grouped
7f6f373f55f57b31a09a5ce9905b8c0660750e0c045e43f613178e672e538ebe,classified,Crocanthemum bicknellii,Leaf mass per area,32,1,3,0,5,0,,taxon_outlier,0,0,0,,,approve_none_grouped
e16e1211845972a6b26bf351a76bcc314baf4a5b252fe64c4ef45c5079071f8f,classified,Crocus heuffelianus,Leaf mass per area,23,1,4,0,2,0,,taxon_outlier,0,0,0,,,approve_none_grouped
3006f2e398ad166377a7215e99bd518dcf746c54d17d80c40872de6eed1e36b7,classified,Crucianella maritima,Leaf mass per area,67,1,2,4,10,0,,domain_outlier;taxon_outlier,0,0,0,,,approve_none_grouped
33f3e70121e524f2315153b70a67e9fdfb9304053be05ca41ec4831fe2180afc,classified,Cruciata glabra,Leaf mass per area,90,2,7,0,16,0,,taxon_outlier,0,0,0,,,approve_none_grouped
fcc13ffe3c2b1611cbbe930f83c368adfecf0ef198f37a63bb02d38c5b8bd8fb,classified,Crupina vulgaris,Leaf mass per area,15,1,2,2,3,0,,domain_outlier;taxon_outlier,0,0,0,,,approve_none_grouped
60bd27070e73bd5c4cdecfa44e9c732955978e51291d0ede04fcfd68d820d36c,classified,Cryptomeria japonica,Leaf mass per area,40,1,2,0,4,0,,taxon_outlier,0,0,0,,,approve_none_grouped
fbf9c20730450b6465b4fe171c955b94754307030d618092e3c2b53c3c65fbf1,classified,Cutandia maritima,Leaf mass per area,21,1,2,1,1,0,,domain_outlier;taxon_outlier,0,0,0,,,approve_none_grouped
99c5aca0e453ca3b89dbf8c5dc777d3cf3322f876a20911efabfe1d4c3e078f1,classified,Cyclospermum leptophyllum,Leaf mass per area,40,1,2,0,4,0,,taxon_outlier,0,0,0,,,approve_none_grouped
8ee6d99fa2154f172e63a39489532b8d72d79ed846d4649fa41412188b5238bb,classified,Cymopterus lemmonii,Leaf mass per area,39,1,6,9,9,0,,domain_outlier;taxon_outlier,0,0,0,,,approve_none_grouped
1a7e2d380bb796a567ce6e11ba5a70a3b5a4574b65e1689c66853bbba010c0f3,classified,Cynanchica pyrenaica,Leaf mass per area,23,2,5,0,3,0,,taxon_outlier,0,0,0,,,approve_none_grouped
2aff3a1174d6d4d148a883d023f740d141b1e4b9ad0e0ad37cabd295fe7d3700,classified,Cynosurus cristatus,Leaf mass per area,136,2,55,1,10,0,,domain_outlier;taxon_outlier,0,0,0,,,approve_none_grouped
03433fd82b232013220e9496679dff714158ef597fd80711e3f1befa5a2eaea4,classified,Cyperus,Leaf mass per area,15,1,3,0,1,0,,taxon_outlier,0,0,0,,,approve_none_grouped
0b724a550eb1f8ac448ee90eba02b9ee0f26ff8cc6fc1541a278ccaf92f5e14d,classified,Cyperus capitatus,Leaf mass per area,97,1,1,86,9,0,,domain_outlier;taxon_outlier,0,0,0,,,approve_none_grouped
8763ba328fbfbeb914fd35e0440ed913076d6a1e96b66b9c557618d962b91703,classified,Cystopteris fragilis,Leaf mass per area,13,1,4,0,1,0,,taxon_outlier,0,0,0,,,approve_none_grouped
21d20fff935597c676ba098c4546755a43709d2da6daf1144725760f13db305b,classified,Cytisus scoparius,Leaf mass per area,65,1,6,6,6,0,,domain_outlier;taxon_outlier,0,0,0,,,approve_none_grouped
f2a876e39d60c5d44db1a11c73703141b978f4c385683677bce8e145b2175200,classified,Dactylis glomerata,Leaf mass per area,784,3,155,2,179,0,,domain_outlier;taxon_outlier,0,0,0,,,approve_none_grouped
faab71486ab89f6409f8b90bdb98839162c493d484a1fca7de0126644276bc81,classified,Dactylorhiza incarnata,Leaf mass per area,12,1,4,0,3,0,,taxon_outlier,0,0,0,,,approve_none_grouped
0b491c23f294d00a46f36b5a4d76ec251a03609767f9ad62bfccffc9064d1af8,classified,Dactylorhiza sambucina,Leaf mass per area,13,2,5,0,3,0,,taxon_outlier,0,0,0,,,approve_none_grouped
0f5462b7d93045d87c115cce927f6e258243aeb49fe015b55bde252adeecc0e7,classified,Dalea candida,Leaf mass per area,71,2,54,0,18,0,,taxon_outlier,0,0,0,,,approve_none_grouped
2994314b1108533b704febf394efb216cef4f6b909f29e769553b9540e78da88,classified,Dalea polygonoides,Leaf mass per area,10,1,1,0,2,0,,taxon_outlier,0,0,0,,,approve_none_grouped
ed3bd19a9622feb7cc943191c64a710c9043d06a8f66cb3a018f8d7695689a08,classified,Danthonia intermedia,Leaf mass per area,26,1,4,5,5,0,,domain_outlier;taxon_outlier,0,0,0,,,approve_none_grouped
65c94e0e16901e7a46662b252eb2cbeaeea1f49574bf2828a90375eb4ce9ad66,classified,Daphne cneorum,Leaf mass per area,12,1,3,0,3,0,,taxon_outlier,0,0,0,,,approve_none_grouped
bf0f0ba234b769f2f4fd80efd691a6b15361ac47f905a77416a88ad74ac73461,classified,Daphne gnidium,Leaf mass per area,44,1,9,0,8,0,,taxon_outlier,0,0,0,,,approve_none_grouped
be3fd8ae2c506ab8eb7727711835ffdf0cf03b33b4c214091e07992dadb8d6fa,classified,Daphne laureola,Leaf mass per area,392,2,31,0,1,0,,taxon_outlier,0,0,0,,,approve_none_grouped
bf1d3fdd499ea1709079e3a29c2782a2ce71984c532e452cc6844862fd777767,classified,Daphne mezereum,Leaf mass per area,28,1,9,0,7,0,,taxon_outlier,0,0,0,,,approve_none_grouped
13848afd6d2018ef7d920d777b66cd98954550c4ba6a65c4f81d1d3ba1372b24,classified,Dasiphora fruticosa,Leaf mass per area,37,2,9,9,3,0,,domain_outlier;taxon_outlier,0,0,0,,,approve_none_grouped
f3779f3a53c7e0b364fe3031e89bd4f5b37dd9eb3c400a1d1d9e6a837c37f0dd,classified,Datura wrightii,Leaf mass per area,57,1,3,0,13,0,,taxon_outlier,0,0,0,,,approve_none_grouped
24ef31179989b6efe2888a6d8a38d03762a1ed572d3cb0894d341dd2ade741d9,classified,Daucus carota,Leaf mass per area,230,3,42,27,30,0,,domain_outlier;taxon_outlier,0,0,0,,,approve_none_grouped
f8e371b7877fb27e715be93e32c65b3cfaa080159f659bf367025ee70bed530c,classified,Delphinium nuttallianum,Leaf mass per area,47,2,4,20,1,0,,domain_outlier;taxon_outlier,0,0,0,,,approve_none_grouped
5a81902919685add0f1a66ec7b8f50fcd61ced25c2b4e6ead16c95a45097dcbf,classified,Deschampsia cespitosa,Leaf mass per area,167,2,41,16,16,0,,domain_outlier;taxon_outlier,0,0,0,,,approve_none_grouped
ccfe13f5e1fcf1fdb0b3661ed6e62900650aa20611ef0de6d0d72dcecb2df1a1,classified,Descurainia sophia,Leaf mass per area,11,2,2,0,1,0,,taxon_outlier,0,0,0,,,approve_none_grouped
3c02676c577f9ebf2d001d565fbe736ab6726fb8bbfc6d1d2f19f2b3b0830432,classified,Dianthus serotinus,Leaf mass per area,15,2,2,0,2,0,,taxon_outlier,0,0,0,,,approve_none_grouped
ffa3d6ed55e0207e5bfb33c28bbbed5bd717006a8a23577a3bb89732a480aff7,classified,Dichanthelium aciculare,Leaf mass per area,10,1,2,0,2,0,,taxon_outlier,0,0,0,,,approve_none_grouped
2ba1736a5d1685e3b3e555e64bd7b828fb26d1e382940cd71ddb1ec6cf4eb38b,classified,Dichanthelium clandestinum,Leaf mass per area,30,2,3,0,3,0,,taxon_outlier,0,0,0,,,approve_none_grouped
acec223cc49157d786eab4e93ab3a82fe5cd3257a2282fb9cba986c482f2d929,classified,Dichanthelium linearifolium,Leaf mass per area,19,2,3,0,3,0,,taxon_outlier,0,0,0,,,approve_none_grouped
d28986033ab77bc9c295c3f5ded481717ba3f215214ad4902e932f5d241d4cf2,classified,Dichanthelium oligosanthes,Leaf mass per area,165,2,57,0,2,0,,taxon_outlier,0,0,0,,,approve_none_grouped
9586946b3c17799a9fe0cd5a37319217fa581213bb754d8966262d6a556bcfe2,classified,Dichodon cerastoides,Leaf mass per area,33,1,4,0,2,0,,taxon_outlier,0,0,0,,,approve_none_grouped
9455ca25e73ec40cbe8e5129b232b2e5ca666b339d3ca87a61bec17830dd3ab1,classified,Dichodon viscidum,Leaf mass per area,10,1,1,0,2,0,,taxon_outlier,0,0,0,,,approve_none_grouped
70d3ad74b9684cf530bdea6156157f190210377b0a5c45446c88b27009730e92,classified,Digitaria sanguinalis,Leaf mass per area,13,1,4,0,4,0,,taxon_outlier,0,0,0,,,approve_none_grouped
b132dae2df932d9295e87c81f56b7acef4f7fab8992f8cb7a0c990d83c929a61,classified,Dioscorea bulbifera,Leaf mass per area,40,1,2,0,4,0,,taxon_outlier,0,0,0,,,approve_none_grouped
54ba373f12d3ebf092215251db7c4906d9f20ff3c7b81283930611bc6e616567,classified,Diospyros virginiana,Leaf mass per area,172,3,13,0,2,0,,taxon_outlier,0,0,0,,,approve_none_grouped
d689c32328067e04e652a17a84774a9f0af8209e00724e6b1694649f299a1fd4,classified,Diplacus aurantiacus,Leaf mass per area,117,2,9,0,10,0,,taxon_outlier,0,0,0,,,approve_none_grouped
d092211fcf46038c615442301f0b000e609a7a70541c96029b57048424a1c9f2,classified,Doronicum glaciale,Leaf mass per area,11,1,3,10,1,0,,domain_outlier;taxon_outlier,0,0,0,,,approve_none_grouped
b066f2b36a04c7aff569112a2b707443c9905abf2f8054c55c270bc1173eae34,classified,Draba lasiocarpa,Leaf mass per area,10,1,2,0,1,0,,taxon_outlier,0,0,0,,,approve_none_grouped
bc5721746b8b799f3dd52be0dea606f626558f4c78f052cde095bbaf38182a6b,classified,Draba streptocarpa,Leaf mass per area,12,1,3,10,4,0,,domain_outlier;taxon_outlier,0,0,0,,,approve_none_grouped
1c163ace6eb25c0d64a08a50bb1e13d64a8d4627653d43c9b4b9bbeebba9b83e,classified,Dracocephalum ruyschiana,Leaf mass per area,10,1,1,0,3,0,,taxon_outlier,0,0,0,,,approve_none_grouped
e3590d8331996fa0d243104573d734c257cde9f3e60e0c55da8386a678d55682,classified,Dryas octopetala,Leaf mass per area,147,1,27,15,49,0,,domain_outlier;taxon_outlier,0,0,0,,,approve_none_grouped
ce517649f45be0eb18dd9c4ebb644e81cf2b291952147824c87133a8afbb7dc7,classified,Drymaria leptophylla,Leaf mass per area,10,1,1,0,1,0,,taxon_outlier,0,0,0,,,approve_none_grouped
79afdda3270feae36ab4198bd14963436fa6c57141cc0f595d25c01e71de8c1d,classified,Drymaria molluginea,Leaf mass per area,10,1,1,0,2,0,,taxon_outlier,0,0,0,,,approve_none_grouped
159e6fa3d2bc4a5709e8c340a885fb742d0c59b94f3baf4e4b617958a79fb4e4,classified,Dryopteris intermedia,Leaf mass per area,52,2,10,9,9,0,,domain_outlier;taxon_outlier,0,0,0,,,approve_none_grouped
a5dcb60e8c7f38c8af16096dab44c87746cf1b80ecbf943cf196f71cbce225c3,classified,Echeandia flavescens,Leaf mass per area,22,1,2,0,1,0,,taxon_outlier,0,0,0,,,approve_none_grouped
b063a927e6d837754846eba4e8b17262e43e14ee78a580903a868aab8aea1a10,classified,Echinacea pallida,Leaf mass per area,70,2,51,0,2,0,,taxon_outlier,0,0,0,,,approve_none_grouped
0e758ac1915b2d8953bd144b8812ea85e8492bfcf9d7971cacfedc65ea0d25b4,classified,Echinacea purpurea,Leaf mass per area,28,3,10,0,8,0,,taxon_outlier,0,0,0,,,approve_none_grouped
b5d4bc496a67458ca5239fdd45030676b24f8a258ec027f6906ac5fe22d51d51,classified,Echinophora spinosa,Leaf mass per area,46,1,2,46,5,0,,domain_outlier;taxon_outlier,0,0,0,,,approve_none_grouped
8033903c93fe508f91f4ff5f18bd2353f1ff6a938d45eceba2df09b6e551de25,classified,Echium plantagineum,Leaf mass per area,234,3,6,0,38,0,,taxon_outlier,0,0,0,,,approve_none_grouped
209cfb26eda574306958e689c0ecf3f6b02d218da90addba731487ceb66c6358,classified,Echium vulgare,Leaf mass per area,12,1,3,0,2,0,,taxon_outlier,0,0,0,,,approve_none_grouped
f221674f9f9cc810f7ada816523077a5083e67267576def771223d4b97cebdd9,classified,Eleocharis erythropoda,Leaf mass per area,10,1,1,0,2,0,,taxon_outlier,0,0,0,,,approve_none_grouped
a3b434b5a68e65b046b61a1cf5b414ed6a630432996f649437b7c71e1064b8c1,classified,Eleocharis palustris,Leaf mass per area,38,2,19,0,1,0,,taxon_outlier,0,0,0,,,approve_none_grouped
0d7453aec44ae6588ea0c1a72950ae5865d15affa145ba8f33bc941d7ee3af5c,classified,Elymus athericus,Leaf mass per area,26,1,10,0,2,0,,taxon_outlier,0,0,0,,,approve_none_grouped
742b24c55a60b4a8df8a9b9ab8090f4c137b37ea79f39d51b4983955658656a4,classified,Elymus canadensis,Leaf mass per area,59,3,10,1,1,0,,domain_outlier;taxon_outlier,0,0,0,,,approve_none_grouped
b74c42878a02a41a1194a2541e706d4c860f35970bfd21bcfea658110fcf809f,classified,Elymus caninus,Leaf mass per area,10,1,1,0,1,0,,taxon_outlier,0,0,0,,,approve_none_grouped
2b5f80ea32f1569b80d8949854f40322a96d2b5cceca5eb01ebb094687b90104,classified,Elymus elymoides,Leaf mass per area,21,1,3,0,1,0,,taxon_outlier,0,0,0,,,approve_none_grouped
c98754ad2a77d189a924bf92b45d0444d443a94eb0b1a9860baa44c1ee305ef7,classified,Elymus glaucus,Leaf mass per area,24,1,1,0,1,0,,taxon_outlier,0,0,0,,,approve_none_grouped
9819d5c15647e292b3cdd3cee942402c97c857ae36ab28f1b078e4903d2d5f37,classified,Elymus lanceolatus,Leaf mass per area,16,1,2,0,3,0,,taxon_outlier,0,0,0,,,approve_none_grouped
8858cf7b0c802724ab1fffe5939f26ad1f1a299cfebb83ecaca9708cef7c4de5,classified,Elymus repens,Leaf mass per area,91,3,27,0,6,0,,taxon_outlier,0,0,0,,,approve_none_grouped
d03e97c0319cef43be57dec09834d16ae91028c7bb99f959c4c99a36167783fd,classified,Elymus riparius,Leaf mass per area,24,1,1,0,7,0,,taxon_outlier,0,0,0,,,approve_none_grouped
ceed901a54c4b28ab6c567d4b3111700c517b27e04e025b700a986a84b4c4878,classified,Elymus scribneri,Leaf mass per area,12,1,3,8,1,0,,domain_outlier;taxon_outlier,0,0,0,,,approve_none_grouped
a23cfba9b85b5565af88dea262ff944bc71624875699f6bc9429b093475d79a9,classified,Elymus smithii,Leaf mass per area,37,2,8,0,2,0,,taxon_outlier,0,0,0,,,approve_none_grouped
2f0c70f6c13c13edcd72ceec590c770b79d1c5cc59daed8cde3b2213450c48a7,classified,Elymus violaceus,Leaf mass per area,12,1,2,1,2,0,,domain_outlier;taxon_outlier,0,0,0,,,approve_none_grouped
6a10af16ac9c88e16c021af9a67c48037cf977264a02d6d5015e3948db615260,classified,Empetrum nigrum,Leaf mass per area,282,3,123,123,53,0,,domain_outlier;taxon_outlier,0,0,0,,,approve_none_grouped
155a3a3b66e1c3ea6064127e75894e6a1864b4e87c4f5a0924c8e628aa76387a,classified,Encelia farinosa,Leaf mass per area,83,2,5,11,16,0,,domain_outlier;taxon_outlier,0,0,0,,,approve_none_grouped
0455c8f2109568c61863047b165cbbac0b2318c35c02bbb161608e7232c23835,classified,Ephedra distachya,Leaf mass per area,11,1,2,10,1,0,,domain_outlier;taxon_outlier,0,0,0,,,approve_none_grouped
e7f9674ff9e512c67eeb46077f667d0da32b727a3c1b4a22a2d53f5373e37ade,classified,Epilobium alsinifolium,Leaf mass per area,10,1,1,0,1,0,,taxon_outlier,0,0,0,,,approve_none_grouped
9632e8bf336bc6576e1e36a3310719c3f6d344073710603310562f0a828f8f74,classified,Epilobium brachycarpum,Leaf mass per area,11,1,2,0,2,0,,taxon_outlier,0,0,0,,,approve_none_grouped
0ca616073d49c9d0b8babff4739f2dc9c3d41ec056710c6e352e582653302126,classified,Epilobium coloratum,Leaf mass per area,11,2,3,0,3,0,,taxon_outlier,0,0,0,,,approve_none_grouped
a2cecef79e428f15e639c79b911ba364542a39f5bc7c51b8f71205445d5ee6eb,classified,Epilobium hirsutum,Leaf mass per area,27,2,12,0,1,0,,taxon_outlier,0,0,0,,,approve_none_grouped
71929e9e0112294b7bf403f7e456c10e66974dff610e7b08f2301f66daaac3dd,classified,Epipactis helleborine,Leaf mass per area,209,2,20,7,7,0,,domain_outlier;taxon_outlier,0,0,0,,,approve_none_grouped
d2a4d12bc215f66127e214c75524f9abbbef564a08dcc58c00e41bfa67827acd,classified,Equisetum,Leaf mass per area,10,1,2,0,1,0,,taxon_outlier,0,0,0,,,approve_none_grouped
35ebe54044ed5290c75f8cce739cd63395dea6ea55aaf96b9298cca26f6dafed,classified,Equisetum arvense,Leaf mass per area,42,2,14,0,1,0,,taxon_outlier,0,0,0,,,approve_none_grouped
61cd2df5f0fdb655eda71fb9e08a2f34193860d6c3b554a6246f3594a326761b,classified,Equisetum pratense,Leaf mass per area,18,1,4,0,4,0,,taxon_outlier,0,0,0,,,approve_none_grouped
4c456a1f4425887cca2358d50dd5baebe31674022ae093c8c18a242f765b70b3,classified,Equisetum ramosissimum,Leaf mass per area,10,1,1,8,2,0,,domain_outlier;taxon_outlier,0,0,0,,,approve_none_grouped
ddab4eb8dbbec160d67625656a2f1853bf16db3feb8efd484bc1e618b8b7520c,classified,Equisetum scirpoides,Leaf mass per area,22,1,2,10,2,0,,domain_outlier;taxon_outlier,0,0,0,,,approve_none_grouped
974273ce82a34513b2b6f0404f74044e3a4b91bb77fd50c7be3a5012cbba0489,classified,Equisetum sylvaticum,Leaf mass per area,11,2,9,0,1,0,,taxon_outlier,0,0,0,,,approve_none_grouped
7473a5c4728e2f27d3d2d36f6fba48a297390213669a985bcb6fc500104272fb,classified,Equisetum variegatum,Leaf mass per area,12,1,1,1,2,0,,domain_outlier;taxon_outlier,0,0,0,,,approve_none_grouped
5bce76bd1881c80f239968d35c6ffd32f1bbffee941c05377ed4b5198c6f5b25,classified,Eragrostis mexicana,Leaf mass per area,10,1,1,0,2,0,,taxon_outlier,0,0,0,,,approve_none_grouped
6a2cb48eafa6da22dd971fc007a471d15ee584152cdbc5ae8e3fc349ca08d63a,classified,Eragrostis spectabilis,Leaf mass per area,20,2,5,0,3,0,,taxon_outlier,0,0,0,,,approve_none_grouped
9bc606e349ef2f0f22927a9b58530dd9169053f44d5b30d12688d945ec9b43d1,classified,Eremogone fendleri,Leaf mass per area,33,1,6,0,2,0,,taxon_outlier,0,0,0,,,approve_none_grouped
4f951c06de13cfe9e8a208dfece12752930348ea001511ee76b8bfb2a398edcc,classified,Erica arborea,Leaf mass per area,117,2,13,40,14,0,,domain_outlier;taxon_outlier,0,0,0,,,approve_none_grouped
a44ef267fc624c004b28fa0b58ae837face6ff082a9922e60f2c36fdcb0c3694,classified,Erica carnea,Leaf mass per area,10,1,1,0,1,0,,taxon_outlier,0,0,0,,,approve_none_grouped
96de3cd8f3db62742ca096bbfe6109d4820b48e05844aca47a431167ea9af86c,classified,Erica cinerea,Leaf mass per area,28,2,8,1,7,0,,domain_outlier;taxon_outlier,0,0,0,,,approve_none_grouped
c66b92e1e537d671a578364eedf5a6c12997fd3acc4ff489a34732fad059527e,classified,Erica scoparia,Leaf mass per area,55,1,8,26,8,0,,domain_outlier;taxon_outlier,0,0,0,,,approve_none_grouped
da7da23499cb5dba91a204b66ebda8e8dc81acb62674b5f74906b8a3e90fa2e5,classified,Erica tetralix,Leaf mass per area,12,2,10,0,3,0,,taxon_outlier,0,0,0,,,approve_none_grouped
83c86bb85ae41769cbf10ed790784adff54e77d4b26aa26a7d80c3bb2a5a77e6,classified,Ericameria cuneata,Leaf mass per area,22,2,2,11,3,0,,domain_outlier;taxon_outlier,0,0,0,,,approve_none_grouped
b46d72bd75236df863f7604da74d2cc96eb3de237efcc8aa25986abc0daa6a90,classified,Ericameria ericoides,Leaf mass per area,133,1,1,0,9,0,,taxon_outlier,0,0,0,,,approve_none_grouped
01008a5957bb4979ed26809ab2cb236a44e438c09613ced5c0ee795de2da2ff9,classified,Ericameria parryi,Leaf mass per area,27,2,3,0,2,0,,taxon_outlier,0,0,0,,,approve_none_grouped
10b1fbd4f3858e8a790f74331e91aad26a8e50affd4001fefc5c71b52c64ec6d,classified,Erigeron,Leaf mass per area,16,1,3,0,2,0,,taxon_outlier,0,0,0,,,approve_none_grouped
88bc9aa67a63d9a1b6ec6fb2dbcea687759061009c5615d214aef5923043063d,classified,Erigeron andicola,Leaf mass per area,21,2,6,16,4,0,,domain_outlier;taxon_outlier,0,0,0,,,approve_none_grouped
22cd5a31827fb94653e50b9405ac54366daea13a8ebb5a926d5f6af017e20b2a,classified,Erigeron canadensis,Leaf mass per area,76,3,9,0,14,0,,taxon_outlier,0,0,0,,,approve_none_grouped
468b4059a30c313e4696b5e589dcfedf8bc6581087ae3983d266b4ced1e83376,classified,Erigeron divergens,Leaf mass per area,21,1,2,0,4,0,,taxon_outlier,0,0,0,,,approve_none_grouped
b6eb8cc8aa1712aa67aa0d5f8afd9169a7540dc73bd80e6572c93ad7c7b6d189,classified,Erigeron flagellaris,Leaf mass per area,22,1,2,0,1,0,,taxon_outlier,0,0,0,,,approve_none_grouped
4988d97a062294fb3cb1c126e22ddfa65c377d37907c76cd5e75e72eca8d3a1a,classified,Erigeron formosissimus,Leaf mass per area,20,1,1,0,5,0,,taxon_outlier,0,0,0,,,approve_none_grouped
fab6e9032e178019468b103a70f61d366a7fb166e3b1d5fd6adda21f2ed4fb3f,classified,Erigeron grandiflorus,Leaf mass per area,29,1,3,0,4,0,,taxon_outlier,0,0,0,,,approve_none_grouped
5dd325fb3635aa51fd2e1c4638cbccc58fecd8c0a327209ee0a53d11fe5e72d3,classified,Erigeron melanocephalus,Leaf mass per area,10,1,3,0,3,0,,taxon_outlier,0,0,0,,,approve_none_grouped
92d2fd1a7680f4cfef5bc1d92fe7ec13c90d5dfd78f5484d06cb24499ef115e3,classified,Erigeron pumilus,Leaf mass per area,12,2,2,0,2,0,,taxon_outlier,0,0,0,,,approve_none_grouped
c94e0f32860e1170cd1b55dac0bfe0f353defe34090e99df961b7d7a63c9c5be,classified,Erigeron rufescens,Leaf mass per area,51,2,3,0,2,0,,taxon_outlier,0,0,0,,,approve_none_grouped
371ce6e5582102f3adb666abe88558f4bd0aa58e07b41340cdc1ba8545d7c968,classified,Erigeron speciosus,Leaf mass per area,107,3,9,50,1,0,,domain_outlier;taxon_outlier,0,0,0,,,approve_none_grouped
93ed7eac896d5650d22fbfc7debc394d2a9c47a39e49de382dbcad1e55042b75,classified,Erigeron strigosus,Leaf mass per area,103,2,56,0,26,0,,taxon_outlier,0,0,0,,,approve_none_grouped
4f57860f831808e55222011f4e07b8a9c9e145f8c45a40fdbb38486860cb7d73,classified,Eriogonum fasciculatum,Leaf mass per area,22,2,2,11,3,0,,domain_outlier;taxon_outlier,0,0,0,,,approve_none_grouped
8e11535c73bf98da3eeed92f6b89befe038dcb85fcd398f91a34899a8de76b71,classified,Eriogonum pharnaceoides,Leaf mass per area,12,1,2,0,1,0,,taxon_outlier,0,0,0,,,approve_none_grouped
30f4c3188472e72be40ade68fa63095f02ce16c7a706b2a4ef36f9e21e6005e0,classified,Eriogonum umbellatum,Leaf mass per area,27,2,3,0,1,0,,taxon_outlier,0,0,0,,,approve_none_grouped
79e08b9a4a37b0b0fd3ca188fc993bccefcce021b63f4d755686f55e36327f61,classified,Eriogonum wrightii,Leaf mass per area,21,2,2,11,1,0,,domain_outlier;taxon_outlier,0,0,0,,,approve_none_grouped
2144c7d0a9c6d6f4539b8058503f86b9dbcd82b5bd5a90c229d1d9b967f016e0,classified,Eriophorum angustifolium,Leaf mass per area,25,2,9,2,1,0,,domain_outlier;taxon_outlier,0,0,0,,,approve_none_grouped
a5523622e538f8ce61a5b0884a45ead559d4ad51b940a28e87cd6b037b06a83b,classified,Eriophorum scheuchzeri,Leaf mass per area,12,1,1,0,2,0,,taxon_outlier,0,0,0,,,approve_none_grouped
7f28d80c9721ee4c63876c317982fef855c075c64bc6b56aaee3a54c54fbcabd,classified,Eriophorum vaginatum,Leaf mass per area,22,1,4,0,4,0,,taxon_outlier,0,0,0,,,approve_none_grouped
0de4196e29c65a3ead2fdae44403482bc8f4391f1b868979a223c8f2584b3903,classified,Eritrichium nanum,Leaf mass per area,12,1,3,10,1,0,,domain_outlier;taxon_outlier,0,0,0,,,approve_none_grouped
e189f3e0261ebf7a851e12d2b553e3719c014ea218aaafa2b787877640759d78,classified,Erodium botrys,Leaf mass per area,46,1,2,0,3,0,,taxon_outlier,0,0,0,,,approve_none_grouped
b8f0f99b0ec00d393be25a90f7c1d5acdd512f43ab1769ec3aca18fa7665689f,classified,Erodium ciconium,Leaf mass per area,11,2,6,0,1,0,,taxon_outlier,0,0,0,,,approve_none_grouped
04b202de60414f5e388090e6d3b3ee67f4b9bad47a1410e9cc1cd3e26e7d0379,classified,Erodium cicutarium,Leaf mass per area,31,3,13,0,4,0,,taxon_outlier,0,0,0,,,approve_none_grouped
3112cba267079f515214a1a5c4a2d00b7f0fd803814b83fb2126285f8ace34b7,classified,Eryngium campestre,Leaf mass per area,69,3,14,8,14,0,,domain_outlier;taxon_outlier,0,0,0,,,approve_none_grouped
fe40f7f60635a5234626d8e965f3100142b1d4dcc81b755d6ba4fb68a322d71a,classified,Eryngium maritimum,Leaf mass per area,19,2,4,9,2,0,,domain_outlier;taxon_outlier,0,0,0,,,approve_none_grouped
fa555483d995c1074001bea305fae2178ba6ec27e4082cf3954000dfc890bece,classified,Eryngium yuccifolium,Leaf mass per area,21,1,2,0,3,0,,taxon_outlier,0,0,0,,,approve_none_grouped
2d36695f8aedbb1ba8726703306709274bddfadbb7f5550c3713196d83b57063,classified,Erysimum canum,Leaf mass per area,10,1,1,3,1,0,,domain_outlier;taxon_outlier,0,0,0,,,approve_none_grouped
e66431b537510f7894a14c967dcb43a15ffaac59deda020deb74bb4c965bd9b0,classified,Erysimum duriaei,Leaf mass per area,20,1,2,0,3,0,,taxon_outlier,0,0,0,,,approve_none_grouped
b568926aeddbd83378cc679a3bdc5fe8aa54ee56765d8015ca99101c998d0a33,classified,Erysimum odoratum,Leaf mass per area,12,2,3,0,2,0,,taxon_outlier,0,0,0,,,approve_none_grouped
29dc53a3c0d1412158243c36c9226f8c442af2873c36cb29d2a8da7bddb9e0b2,classified,Eschscholzia californica,Leaf mass per area,114,1,2,0,5,0,,taxon_outlier,0,0,0,,,approve_none_grouped
9ef6e3f18ecf47f2c5d79dbe816c3404f5766c4dc1fb0800169aaf3631c6d943,classified,Eucalyptus globulus,Leaf mass per area,46,1,4,0,6,0,,taxon_outlier,0,0,0,,,approve_none_grouped
0e5233f689de060c34e30fb740b738e9cd86e8940a38c361f98ee306d28093af,classified,Euonymus europaeus,Leaf mass per area,40,2,8,0,4,0,,taxon_outlier,0,0,0,,,approve_none_grouped
0736311f916010543fcf15bad64c4a972cb3923a672c2af283a7596fec1b9fd1,classified,Eupatorium cannabinum,Leaf mass per area,15,2,15,0,1,0,,taxon_outlier,0,0,0,,,approve_none_grouped
0c032a9daf12c9fd8d536b6597fd4f4b2aea6e624d0e3a351940ffc70078380b,classified,Eupatorium perfoliatum,Leaf mass per area,13,2,2,0,2,0,,taxon_outlier,0,0,0,,,approve_none_grouped
61707572ba723aebe754bf61fcf988764c13fdfd21f399481f997676899e765c,classified,Euphorbia brachycera,Leaf mass per area,21,1,2,0,3,0,,taxon_outlier,0,0,0,,,approve_none_grouped
cbabb7d62e3cbd3af0f4642480e282d8df90fce1a4ecc68b997143e20c391384,classified,Euphorbia cyparissias,Leaf mass per area,33,2,6,0,3,0,,taxon_outlier,0,0,0,,,approve_none_grouped
dcd9b9b223609e2f5db6b81722ecca357a3a3cd17e3428583d4f0b42cc3b408c,classified,Euphorbia epithymoides,Leaf mass per area,15,2,2,1,4,0,,domain_outlier;taxon_outlier,0,0,0,,,approve_none_grouped
d4a49447ab8f3ba6950dca33193ae07739a015aa0b1d1413b4003414ee7502db,classified,Euphorbia esula,Leaf mass per area,11,2,2,0,2,0,,taxon_outlier,0,0,0,,,approve_none_grouped
136a173236dad3ea3e01d42ba0e53c463b44576d8e39346550316b41620b7e72,classified,Euphorbia fendleri,Leaf mass per area,20,1,1,0,1,0,,taxon_outlier,0,0,0,,,approve_none_grouped
566dc78b7a2fc8b6054b13b354922a803b635287d4f755c0e2736d70fbdb8845,classified,Euphorbia flavicoma,Leaf mass per area,12,1,2,0,3,0,,taxon_outlier,0,0,0,,,approve_none_grouped
30cc8d7408b72592ab5087a78808bdcdea92f4ec4ac8d92acb1e1ff23d651cab,classified,Euphorbia glareosa,Leaf mass per area,10,1,1,0,2,0,,taxon_outlier,0,0,0,,,approve_none_grouped
6a4841c53f9ea4d62c17310ff6cabcb3178a255c14e0e8c11913ff984857d8a7,classified,Euphorbia maculata,Leaf mass per area,51,1,4,0,11,0,,taxon_outlier,0,0,0,,,approve_none_grouped
4ed87333df8dcea28466c38d5eaa6f1d82adb22a7fd57953ad51b80d80a8223f,classified,Euphorbia pyrenaica,Leaf mass per area,11,1,2,0,1,0,,taxon_outlier,0,0,0,,,approve_none_grouped
4be87901c4fe0f17c8011a3c1efc87db17ab998e823a7a5be1255a30741eef62,classified,Euphorbia seguieriana,Leaf mass per area,11,2,2,0,1,0,,taxon_outlier,0,0,0,,,approve_none_grouped
080e0971cfa0cfc9020351dcf4396bcddde28e311f5059db010c728428f5fde6,classified,Euphorbia serpyllifolia,Leaf mass per area,18,1,2,0,2,0,,taxon_outlier,0,0,0,,,approve_none_grouped
b3388b3ba55068073188a20eba1f92c88c7a25230b546f3674df9e2dcc4de3a4,classified,Euphorbia terracina,Leaf mass per area,35,2,2,1,3,0,,domain_outlier;taxon_outlier,0,0,0,,,approve_none_grouped
0da4e1f0ccf536d2decc0010270ffb8ede80f7815f60a4e74a1f12c395a2955b,classified,Euphrasia minima,Leaf mass per area,64,1,7,54,18,0,,domain_outlier;taxon_outlier,0,0,0,,,approve_none_grouped
6fe41743cc0f5caa60fa8bab1e790cca7ad02f2ba10776f71d049209bb0dddce,classified,Euphrasia officinalis,Leaf mass per area,31,2,7,26,9,0,,domain_outlier;taxon_outlier,0,0,0,,,approve_none_grouped
3ef8bebaa9386654a5f573f241d8f7afa295c931f4cb68a6af08f891a37cf6fd,classified,Eutrochium maculatum,Leaf mass per area,25,3,3,1,5,0,,domain_outlier;taxon_outlier,0,0,0,,,approve_none_grouped
473ccea7bb690b1256af663248ffae856cf078f09ec638c548ccca0e5e7d9a69,classified,Fagus grandifolia,Leaf mass per area,1787,2,49,5,342,0,,domain_outlier;taxon_outlier,0,0,0,,,approve_none_grouped
154c913c8dd79e6f6157a32384f7fd2bc000bc89f6e216e39c4e86a03c7ace11,classified,Fagus sylvatica,Leaf mass per area,1817,3,133,0,327,0,,taxon_outlier,0,0,0,,,approve_none_grouped
a2f4fb0483e0533f3c125bb32d416f2a25d58df93756521b6303e39ec286ff99,classified,Fallopia scandens,Leaf mass per area,20,2,5,0,4,0,,taxon_outlier,0,0,0,,,approve_none_grouped
59f94c2e712810102875db666bb3b41caf117f38f3ca711ec37faaef194c140d,classified,Festuca altissima,Leaf mass per area,77,2,7,0,2,0,,taxon_outlier,0,0,0,,,approve_none_grouped
f2b65a501b08dda34b10225c812d404da5050b363797a0e4a409c2dc4019c39f,classified,Festuca ambigua,Leaf mass per area,59,3,9,0,1,0,,taxon_outlier,0,0,0,,,approve_none_grouped
8fea38c8973efd3ff3d86ed1f0eae0615f879b9ba37125441f713dca18cf173c,classified,Festuca arizonica,Leaf mass per area,20,1,2,0,1,0,,taxon_outlier,0,0,0,,,approve_none_grouped
531f720e2d5294f6641a49e48dc5674d56275cfec64ce70b6f0ab0a8fd41dee9,classified,Festuca brachyphylla,Leaf mass per area,20,1,3,2,2,0,,domain_outlier;taxon_outlier,0,0,0,,,approve_none_grouped
413ac46f6b3a4655542b56d49260d148e949d16d1acb5b18c59d0eaf01c77c79,classified,Festuca bromoides,Leaf mass per area,101,1,3,0,13,0,,taxon_outlier,0,0,0,,,approve_none_grouped
bcac5ca2b785ea5bcdcc43a225bf9241b91740d64fc91c0979d7186f53c7736b,classified,Festuca eskia,Leaf mass per area,30,1,2,0,3,0,,taxon_outlier,0,0,0,,,approve_none_grouped
b767859330982c884901d1a6351ec891ac4809e5738d507a86111433d0771de5,classified,Festuca halleri,Leaf mass per area,10,1,1,1,1,0,,domain_outlier;taxon_outlier,0,0,0,,,approve_none_grouped
12ebc34e2231eab97324b1d34c008a683c265bee710efc7cb19cbea27acc697b,classified,Festuca incurva,Leaf mass per area,34,2,3,3,5,0,,domain_outlier;taxon_outlier,0,0,0,,,approve_none_grouped
284cde6dfb9d247daadef13705d25d15771d88e7d8d41527287375469d3c02ea,classified,Festuca myuros,Leaf mass per area,66,3,10,0,5,0,,taxon_outlier,0,0,0,,,approve_none_grouped
e11a1165377c8e192d54684758d910ca09f7d0e8b357ca54fb5e35836dec1361,classified,Festuca octoflora,Leaf mass per area,10,1,1,0,1,0,,taxon_outlier,0,0,0,,,approve_none_grouped
e3487a5b4ccb4821c0555e1cedd1c31102b62bddc20115d9a59fe8cc768518f0,classified,Festuca ovina,Leaf mass per area,335,2,75,2,67,0,,domain_outlier;taxon_outlier,0,0,0,,,approve_none_grouped
0376c4ead821236cc7fecaea0da46245c0c2180c053d52d1a549aaed5c179993,classified,Festuca rubra,Leaf mass per area,342,2,50,62,44,0,,domain_outlier;taxon_outlier,0,0,0,,,approve_none_grouped
1fa1bf6784a7bb173b4ff9253e16e8b0738461e793287a3d230d25737c53de85,classified,Festuca rupicola,Leaf mass per area,10,1,1,0,1,0,,taxon_outlier,0,0,0,,,approve_none_grouped
55bbaeca878b7fda487e97db3479e0d251ebedeeefe76798f6f372101fece422,classified,Festuca sciurea,Leaf mass per area,11,1,2,4,1,0,,domain_outlier;taxon_outlier,0,0,0,,,approve_none_grouped
72064f1d400cf25890ecc48f4df1086dafd577d8c2dabec713ae6e137b5b1f4e,classified,Festuca subverticillata,Leaf mass per area,25,2,4,0,2,0,,taxon_outlier,0,0,0,,,approve_none_grouped
767b9c55e7b85335c3e1b081d429a0f587cef75c296d25fcf7ed9890465ad591,classified,Festuca thurberi,Leaf mass per area,70,2,4,60,13,0,,domain_outlier;taxon_outlier,0,0,0,,,approve_none_grouped
255eb8df297a1235fdbca78f198d5565395d0f4d44c33be2f569f56d45d20e78,classified,Festuca valesiaca,Leaf mass per area,50,2,6,0,9,0,,taxon_outlier,0,0,0,,,approve_none_grouped
aff5ddb80f4ebff019037546c0de74b141dff91d0467e01ffb5f8e5ba5d44265,classified,Festuca vivipara,Leaf mass per area,18,1,3,0,3,0,,taxon_outlier,0,0,0,,,approve_none_grouped
8e30cd7b10d11cf3a71527da97a3faf954f3c58aeeac95a3b602393de69eed68,classified,Ficaria verna,Leaf mass per area,14,2,4,0,3,0,,taxon_outlier,0,0,0,,,approve_none_grouped
fe2a8f7e093295e83eb9a94ac3365462434c60d8a65b4baed460db64552363e9,classified,Filipendula ulmaria,Leaf mass per area,38,2,17,0,7,0,,taxon_outlier,0,0,0,,,approve_none_grouped
2e98405edf8267f65e2efdd3be53c8a288fc4dea0f4c96f2279d85bb55593f49,classified,Filipendula vulgaris,Leaf mass per area,77,2,15,0,19,0,,taxon_outlier,0,0,0,,,approve_none_grouped
c3c7602a6894be092ead04d90eb0e3cffa3cf0700cf42bd389362d5f395611a1,classified,Foeniculum vulgare,Leaf mass per area,14,3,5,2,4,0,,domain_outlier;taxon_outlier,0,0,0,,,approve_none_grouped
c8bede2c2119478b1885310f8f5cf51223d672c25580faf046abb9a574ce7db2,classified,Fouquieria splendens,Leaf mass per area,82,2,4,11,13,0,,domain_outlier;taxon_outlier,0,0,0,,,approve_none_grouped
2e6cb5a5c155c1a6f5310e029d2ff36e11ed84d1bc17324af01fd47a0bc35b1a,classified,Fragaria vesca,Leaf mass per area,217,2,22,7,7,0,,domain_outlier;taxon_outlier,0,0,0,,,approve_none_grouped
08779629a1a93b4ad56ae902dda8750c71a18bd2e069836f25fe2b0679b72ecf,classified,Fragaria virginiana,Leaf mass per area,108,3,16,29,8,0,,domain_outlier;taxon_outlier,0,0,0,,,approve_none_grouped
cb99a61a986f574995fc1c38ba343ef1c8e18ac2d04c43be6996e7bedc41a835,classified,Fragaria viridis,Leaf mass per area,21,2,10,1,1,0,,domain_outlier;taxon_outlier,0,0,0,,,approve_none_grouped
7580b0463f7fa878d465a1b9965f4727067d962c335509ff08d7ce2a15b137cf,classified,Frangula alnus,Leaf mass per area,45,3,24,0,6,0,,taxon_outlier,0,0,0,,,approve_none_grouped
6aad6bcf644212b6c1cf51f29bec51f98beccd08c29ec4ba0ff3bdeecd9af2e4,classified,Frangula californica,Leaf mass per area,12,2,10,0,3,0,,taxon_outlier,0,0,0,,,approve_none_grouped
e40cf6196e59059ee5c6603a7900ed0b4c6ffb4359c95a75685f3fe4ce3a6a04,classified,Frangula caroliniana,Leaf mass per area,384,3,3,0,10,0,,taxon_outlier,0,0,0,,,approve_none_grouped
812f6fb041964f86c4777da16dccf8be58058490fd1888da5447eee8f680a67d,classified,Frasera speciosa,Leaf mass per area,34,2,6,0,3,0,,taxon_outlier,0,0,0,,,approve_none_grouped
9891bfc570865f581c879ab49668022a35c58f4e2f3273e4d8f39803c68c620e,classified,Fraxinus americana,Leaf mass per area,563,3,53,8,26,0,,domain_outlier;taxon_outlier,0,0,0,,,approve_none_grouped
e4b76b46ddf0b29fabc3a8ceffc3d049e7f3f427d04de19236a890ea0f2a91eb,classified,Fraxinus angustifolia,Leaf mass per area,41,3,31,0,10,0,,taxon_outlier,0,0,0,,,approve_none_grouped
770e78f2e478adfa59ec9e1d10727e3b9b76a2f5d1b617ac325e9a0b5d05d0d8,classified,Fraxinus excelsior,Leaf mass per area,160,3,26,0,26,0,,taxon_outlier,0,0,0,,,approve_none_grouped
6c506c23005cfb62de5d36e32a9ad833a0cc1d4e50cb2aadd1c0d1d20c00da41,classified,Fraxinus ornus,Leaf mass per area,137,2,11,8,8,0,,domain_outlier;taxon_outlier,0,0,0,,,approve_none_grouped
594375be914099de69c67514293834433cb4831ba5533d71801b7ee1615dbe76,classified,Fraxinus pennsylvanica,Leaf mass per area,70,2,14,0,13,0,,taxon_outlier,0,0,0,,,approve_none_grouped
fc33be8da9ddbad7738b352b76ced83c83f1620cfa506deb66875c40448586dd,classified,Fritillaria meleagris,Leaf mass per area,11,1,3,0,2,0,,taxon_outlier,0,0,0,,,approve_none_grouped
f8b8342441329ee7c4988acaa357ed9b65556091ab6bb6e1d84e3ddc0213d715,classified,Fumana,Leaf mass per area,20,1,2,0,2,0,,taxon_outlier,0,0,0,,,approve_none_grouped
340606fdb41ead6ed0b60012afc0a587507570c00128f0b16ffa718494d2fc6b,classified,Fumana ericoides,Leaf mass per area,107,2,17,4,15,0,,domain_outlier;taxon_outlier,0,0,0,,,approve_none_grouped
f09c0edbdeb9acbbd60b9b184c4a77327b680a5882c2189b7081a6dd04473ff2,classified,Fumana laevipes,Leaf mass per area,42,1,6,0,2,0,,taxon_outlier,0,0,0,,,approve_none_grouped
ae21819748ffddfb7afa08561a1ede47013ddf6bfa5d3b939540fbbf0c57d144,classified,Fumaria officinalis,Leaf mass per area,269,2,3,0,18,0,,taxon_outlier,0,0,0,,,approve_none_grouped
016878df8086e38a64a9b593734fcf14c154f7be08432a8a5b705e8661fe5b23,classified,Galactites tomentosa,Leaf mass per area,12,1,3,0,1,0,,taxon_outlier,0,0,0,,,approve_none_grouped
b6524e351ed039a353c6249a8540de164d4992f923927cda4f4f8663377e3fb0,classified,Galanthus nivalis,Leaf mass per area,25,1,5,0,1,0,,taxon_outlier,0,0,0,,,approve_none_grouped
44e8d15aff7bab912b0c2decd80ec2d172059bb88288bab6d71e4a5ca31db13b,classified,Galeopsis tetrahit,Leaf mass per area,42,2,11,12,9,0,,domain_outlier;taxon_outlier,0,0,0,,,approve_none_grouped
c9487966de28558192fdae64bc77d8418cba57b37bf3cad4df94e1ba46523631,classified,Galinsoga parviflora,Leaf mass per area,10,1,1,0,1,0,,taxon_outlier,0,0,0,,,approve_none_grouped
d0c1036e0b0e666bf8848a9514a6e6fe488fc5990baa6a20f08588c336fa64d2,classified,Galium,Leaf mass per area,19,2,12,0,1,0,,taxon_outlier,0,0,0,,,approve_none_grouped
592973f1989f155e4d46d2a09cc520321fe3227ee5a52e6d99ebcac6f0022e76,classified,Galium boreale,Leaf mass per area,110,2,28,0,26,0,,taxon_outlier,0,0,0,,,approve_none_grouped
5cba0e75c7db2802bac52c5cbc14e6d5da1db1b491e440c18856ff59264ad9c7,classified,Galium mollugo,Leaf mass per area,517,2,88,68,84,0,,domain_outlier;taxon_outlier,0,0,0,,,approve_none_grouped
0a74d3a8e91aecc7a5faa14207904a8fee291b12e1067557c326a6c1fe0ad60d,classified,Galium obtusum,Leaf mass per area,71,2,4,0,3,0,,taxon_outlier,0,0,0,,,approve_none_grouped
5bc42bd57af9fa530fdca37fb8af5c5fb8dddb76e7714e674a85232a0587cd1c,classified,Galium palustre,Leaf mass per area,13,2,4,0,4,0,,taxon_outlier,0,0,0,,,approve_none_grouped
4f4e0b5f1658c89317919033f2757d1ed5218d6d8bd20bee22d6e48cbb4c28c7,classified,Galium pumilum,Leaf mass per area,21,1,3,21,2,0,,domain_outlier;taxon_outlier,0,0,0,,,approve_none_grouped
b90371463138e1c255409926ff8418698d793376733ac02663041a0569f8838f,classified,Galium verum,Leaf mass per area,168,2,74,2,5,0,,domain_outlier;taxon_outlier,0,0,0,,,approve_none_grouped
b6617d68427e6b5e6fc7c7af27f23a842f4b9834ffb41d2bb5e61309a3712859,classified,Gaylussacia baccata,Leaf mass per area,10,2,10,0,1,0,,taxon_outlier,0,0,0,,,approve_none_grouped
129df9d3027b18adb7b1be680016f554cc49d404e033eceb88d3b35eb6299dd1,classified,Genista,Leaf mass per area,20,1,2,0,4,0,,taxon_outlier,0,0,0,,,approve_none_grouped
ed2ab9275ed8551bc46fc0ad60a24e49458c374f07086815e660d25f8b730aae,classified,Genista cinerea,Leaf mass per area,29,1,1,8,3,0,,domain_outlier;taxon_outlier,0,0,0,,,approve_none_grouped
a57e62207d03f21fd72563656c478db440505d3f973ac1f498a01ace0da9da97,classified,Genista hirsuta,Leaf mass per area,10,2,9,4,1,0,,domain_outlier;taxon_outlier,0,0,0,,,approve_none_grouped
b735dea7f30eab416182f2f0245b1a75c944357869ead09ec261023644fca725,classified,Genista hispanica,Leaf mass per area,13,1,4,0,4,0,,taxon_outlier,0,0,0,,,approve_none_grouped
a189100268a33af66fe030500bea3d832cabc62cb0fb591149d7fd33a8a99a98,classified,Genista hystrix,Leaf mass per area,11,1,2,0,1,0,,taxon_outlier,0,0,0,,,approve_none_grouped
a8796ccfe50c0665ce10027bbc266b67c225c6480d83b8c488a66a7836e411ff,classified,Genista pilosa,Leaf mass per area,12,2,3,0,2,0,,taxon_outlier,0,0,0,,,approve_none_grouped
d2c9d59e5aa738f82ee6034aed9b4bc6cbe1b961374347accb5e844c4bf18d71,classified,Genista scorpius,Leaf mass per area,64,2,11,3,7,0,,domain_outlier;taxon_outlier,0,0,0,,,approve_none_grouped
0c7d9a3a7a6ac1ccf451ae852cb561c2d30fb31ceb0864dac9ba283f415c2f88,classified,Gentiana alba,Leaf mass per area,20,1,1,0,5,0,,taxon_outlier,0,0,0,,,approve_none_grouped
dd035a796159b71b036ea219af79b41b4fa381b2c6a44b2d6cc4fe34508de9f4,classified,Gentiana algida,Leaf mass per area,17,1,3,15,1,0,,domain_outlier;taxon_outlier,0,0,0,,,approve_none_grouped
862af03ebbe69d9b7ec7795b78e1c85aa78695beffc5c89834f307cdbb5c32e1,classified,Gentiana cruciata,Leaf mass per area,12,1,4,0,2,0,,taxon_outlier,0,0,0,,,approve_none_grouped
42228c9251b5fe6d2ccbc084e5893f51ee0ff1b6bb0b731873cd15cdc278598b,classified,Gentiana puberulenta,Leaf mass per area,17,2,2,0,5,0,,taxon_outlier,0,0,0,,,approve_none_grouped
de2c578fef91911935d43f1c1931479139e5b865a3b23c728c13c805965f7d3e,classified,Gentiana verna,Leaf mass per area,32,2,6,30,3,0,,domain_outlier;taxon_outlier,0,0,0,,,approve_none_grouped
0e981dfb0b2d89035b33ff474a5b5d2be07a80cc8e52d5e6d8aea1a06e91849b,classified,Gentianella amarella,Leaf mass per area,16,1,3,0,4,0,,taxon_outlier,0,0,0,,,approve_none_grouped
37ba843683898acb34aec0ee54e5fb8819552f3ec0cc60b9b9a4d3bd4f5eb4dc,classified,Geranium dissectum,Leaf mass per area,272,2,8,1,29,0,,domain_outlier;taxon_outlier,0,0,0,,,approve_none_grouped
d6fbd5cad45cefa7054c70ace9e8a900949a43bb0bcdf9b78f1127ec6ee7d2b0,classified,Geranium maculatum,Leaf mass per area,15,2,3,0,2,0,,taxon_outlier,0,0,0,,,approve_none_grouped
e597bbbccc80a1b3b41f32efa63d619ce09e4e8bec9bfb7b5df54c7873e52d7d,classified,Geranium palustre,Leaf mass per area,16,1,3,0,2,0,,taxon_outlier,0,0,0,,,approve_none_grouped
71f2b77945355df6ccd38be905eb3774f1fc482fcebd8e57c574f6344fcf7a92,classified,Geranium pratense,Leaf mass per area,137,1,3,11,23,0,,domain_outlier;taxon_outlier,0,0,0,,,approve_none_grouped
8c42a84ccb0f1e55d9f599e1efd191bfcf4378116d9e6d90f438e6dc3968eb40,classified,Geranium pusillum,Leaf mass per area,11,1,2,0,1,0,,taxon_outlier,0,0,0,,,approve_none_grouped
58ce485281dd6cdbf382f19cd274891622c3b33f28632d681784ab23aa599088,classified,Geranium richardsonii,Leaf mass per area,39,2,5,0,9,0,,taxon_outlier,0,0,0,,,approve_none_grouped
5cd85b22f177c85c52f98142065be5df1666eabacc842e0484141d5412013fe1,classified,Geranium sanguineum,Leaf mass per area,12,2,3,0,2,0,,taxon_outlier,0,0,0,,,approve_none_grouped
3dc4a7d5a6f5459d784d5883a7d7bcdd5b63a8646110107773b1b2a0d868bea3,classified,Geranium sylvaticum,Leaf mass per area,52,2,17,1,1,0,,domain_outlier;taxon_outlier,0,0,0,,,approve_none_grouped
af8bef6c759a2d4a47e249cd36abc42a16617c9afb8e5426e0f9174a9dd2776c,classified,Geum canadense,Leaf mass per area,49,2,6,0,3,0,,taxon_outlier,0,0,0,,,approve_none_grouped
233e28da01a9398834e0039608130b60950ec6fcfa2e4ffe1a636c06ab571f2f,classified,Geum montanum,Leaf mass per area,32,2,10,19,1,0,,domain_outlier;taxon_outlier,0,0,0,,,approve_none_grouped
485e495794d7c7492d3534c9830d77ef72ed1848664b7c0f1228af0a1368df32,classified,Geum rossii,Leaf mass per area,51,1,5,5,8,0,,domain_outlier;taxon_outlier,0,0,0,,,approve_none_grouped
2ea9c1c8e3cc27f23232f15d4beac8bb245d2228cbbe80bddd6228900bcedf25,classified,Geum triflorum,Leaf mass per area,36,3,7,0,9,0,,taxon_outlier,0,0,0,,,approve_none_grouped
4b9ff43d9515c18636295dce516000411e10ebb52c6b15d572d51d12e0d2232b,classified,Geum urbanum,Leaf mass per area,16,1,5,0,6,0,,taxon_outlier,0,0,0,,,approve_none_grouped
02f7282231e46310a60170909e840dd65233f3c5247d011e071fcc4b4a4d64ce,classified,Geum waldsteinia,Leaf mass per area,15,2,2,0,2,0,,taxon_outlier,0,0,0,,,approve_none_grouped
40e2f7a0ae361c430a08f9321e97de91a73c13918211c0b3ea175c1023f8b65c,classified,Ginkgo biloba,Leaf mass per area,109,2,9,0,6,0,,taxon_outlier,0,0,0,,,approve_none_grouped
89f1189d8734f5011c84b1e86b72a041c08c74a8aa83e1edd0ec4b0d834a423c,classified,Glechoma hederacea,Leaf mass per area,162,2,11,2,6,0,,domain_outlier;taxon_outlier,0,0,0,,,approve_none_grouped
c267fb062eb84b46dae235350a894e39bf72a085e6b37c9bd803cf3d5de6730f,classified,Glechoma hirsuta,Leaf mass per area,25,2,3,0,1,0,,taxon_outlier,0,0,0,,,approve_none_grouped
7ec3d9f5b78678a7a87dceaa321d45654fef4edde03a361e7f4669af89f1852d,classified,Globularia alypum,Leaf mass per area,31,2,13,6,8,0,,domain_outlier;taxon_outlier,0,0,0,,,approve_none_grouped
6b7f5ee725d870d452d2ede85e4af80a1fc6f591ba30a6dd5c7781652b609fba,classified,Globularia nudicaulis,Leaf mass per area,10,2,3,1,2,0,,domain_outlier;taxon_outlier,0,0,0,,,approve_none_grouped
c785645425e5bce8a53b6e219e1d0657bb84c5ff2ecfb3671bc9fd8d03e6e93f,classified,Globularia repens,Leaf mass per area,11,1,2,1,2,0,,domain_outlier;taxon_outlier,0,0,0,,,approve_none_grouped
06a75c906572f111355ab1ada9901daa1ee9c07d2a4e81b4facccd08e1e2358b,classified,Glyceria striata,Leaf mass per area,11,1,2,0,4,0,,taxon_outlier,0,0,0,,,approve_none_grouped
d3bf65c274808d61958ffb7cf6124424901c1410a437d9f53848bf1ae6a75f35,classified,Glycyrrhiza echinata,Leaf mass per area,10,1,1,0,1,0,,taxon_outlier,0,0,0,,,approve_none_grouped
30ef3bfd5313dd9eb8c663fc8302be30c6ee83307a8d9df138ba5b356cc105a4,classified,Grindelia squarrosa,Leaf mass per area,13,2,3,0,2,0,,taxon_outlier,0,0,0,,,approve_none_grouped
074cdc441638d7349281e6bc9391793a1f654070f2d30a6b1dbe30ea4fbe04ac,classified,Gutierrezia sarothrae,Leaf mass per area,48,3,11,13,10,0,,domain_outlier;taxon_outlier,0,0,0,,,approve_none_grouped
d7644fb8b66af1237e634d09b13680c1b255ff2b7c524ba76c00f7128bd9dbd8,classified,Gymnadenia conopsea,Leaf mass per area,13,2,3,0,2,0,,taxon_outlier,0,0,0,,,approve_none_grouped
f1dbde18c4e81dbc50696fb3cb0a876e310034c377d9490646d295a6e435aa06,classified,Gymnocarpium dryopteris,Leaf mass per area,41,3,15,0,1,0,,taxon_outlier,0,0,0,,,approve_none_grouped
e86775a8e684cbf9aac807d53065665f2333ee5e37a9ab8796b8b6cae5a46676,classified,Gypsophila fastigiata,Leaf mass per area,13,2,4,0,1,0,,taxon_outlier,0,0,0,,,approve_none_grouped
bd52ffc47a5cc30d7725cc1520b627f540cfafcf8f1d53ff09a325f7645ddf87,classified,Gypsophila paniculata,Leaf mass per area,10,1,1,0,1,0,,taxon_outlier,0,0,0,,,approve_none_grouped
9300a1fdb8cf09dada0cb15ca242f00f3ff93ad40bc0302e9a7a9e7db2e9c4bc,classified,Hakea psilorrhyncha,Leaf mass per area,18,1,3,0,6,0,,taxon_outlier,0,0,0,,,approve_none_grouped
096f846d7e365a6977e4957d1ac8a913c9fa21904a6242d1cefe090bc49ab872,classified,Halimione portulacoides,Leaf mass per area,36,1,18,0,2,0,,taxon_outlier,0,0,0,,,approve_none_grouped
f3b363b3d552f29b5391f39104b7725f29904a1a38db77451aad4e1114d53d7c,classified,Harrimanella hypnoides,Leaf mass per area,13,1,2,0,1,0,,taxon_outlier,0,0,0,,,approve_none_grouped
166dec6406509cea0334ef19f674cfd2e093a637a48e9fce427bd9f254a83cf1,classified,Hedeoma hispida,Leaf mass per area,11,2,3,0,1,0,,taxon_outlier,0,0,0,,,approve_none_grouped
4b64fa8f6e51add82eda8cd9f792a7f41b33031d6e57b16377b6b336896acf58,classified,Hedera helix,Leaf mass per area,371,2,26,0,54,0,,taxon_outlier,0,0,0,,,approve_none_grouped
b60358acad684a5115317829c135ecf5547647db9d0979f387826b5dd88044b4,classified,Helianthemum cinereum,Leaf mass per area,102,1,12,1,8,0,,domain_outlier;taxon_outlier,0,0,0,,,approve_none_grouped
05508a72c0ccfe3a5ce6b076a30ad16b11e8845e595583e8993a431c83017e40,classified,Helianthemum marifolium,Leaf mass per area,43,2,7,0,2,0,,taxon_outlier,0,0,0,,,approve_none_grouped
c1f635b83aa4ce3d0e604aa4e4cf2dae512507039f3126202e975c214f5123c3,classified,Helianthemum nummularium,Leaf mass per area,700,3,46,1,13,0,,domain_outlier;taxon_outlier,0,0,0,,,approve_none_grouped
936e28def788be807ec679574f40d768b3165c93d5128a5f4151ffce9b4b2c54,classified,Helianthemum oelandicum,Leaf mass per area,13,2,10,1,4,0,,domain_outlier;taxon_outlier,0,0,0,,,approve_none_grouped
001e6a22b48b9f43383a285a27d073b1b01caf4d08b50ac63f08b8b3f0440b5c,classified,Helianthemum syriacum,Leaf mass per area,24,2,6,3,6,0,,domain_outlier;taxon_outlier,0,0,0,,,approve_none_grouped
af7e21957b3a3f869f14253892b6ea92e2b52c1690f38539890ca757e405779f,classified,Helianthus,Leaf mass per area,12,1,1,0,2,0,,taxon_outlier,0,0,0,,,approve_none_grouped
41061053f2d9d3c4fecb02e9d54487f2173476afe332e0998196f83ef20dd3e6,classified,Helianthus grosseserratus,Leaf mass per area,19,2,3,0,1,0,,taxon_outlier,0,0,0,,,approve_none_grouped
d1773d0bc36ada0a525a32044ac343b51a34bf5616832a48f2b2ee2e89582960,classified,Helianthus pauciflorus,Leaf mass per area,13,2,2,0,1,0,,taxon_outlier,0,0,0,,,approve_none_grouped
d3b1ca96448a2096a65d6a3eb393124bacd04f24cf484a3ae2a1f57472e770c8,classified,Helichrysum italicum,Leaf mass per area,75,1,8,0,15,0,,taxon_outlier,0,0,0,,,approve_none_grouped
e22a71557f52739c3ea0be812890c2234c199f424731bb3ff9fcfd3c8d3c8c35,classified,Helictochloa bromoides,Leaf mass per area,36,3,14,1,8,0,,domain_outlier;taxon_outlier,0,0,0,,,approve_none_grouped
b55e09bbac788755a2496ae7fcfbbec3313fd2211c26b8366d4d2632d5eed7d0,classified,Helictochloa versicolor,Leaf mass per area,12,1,3,1,2,0,,domain_outlier;taxon_outlier,0,0,0,,,approve_none_grouped
54ce888b38a4f5600f871a8f5ebba7851bd98de61aed46174d98f3c7e7b49fd1,classified,Heliomeris multiflora,Leaf mass per area,40,2,4,10,10,0,,domain_outlier;taxon_outlier,0,0,0,,,approve_none_grouped
ae816e59f42c32e550c951f16e1556f6f3e4b6e57f21a0938c18ef851ad09335,classified,Hepatica nobilis,Leaf mass per area,390,2,31,0,14,0,,taxon_outlier,0,0,0,,,approve_none_grouped
a9fdecf5874fb6c3bc6e21d40ec84a4cd1ccac0ce484232196d7dce797390ead,classified,Heracleum sphondylium,Leaf mass per area,196,3,17,8,41,0,,domain_outlier;taxon_outlier,0,0,0,,,approve_none_grouped
b785548b5ba706c92e9033cddd78b40cb7e412a13da2ad4d763942c96bec45a5,classified,Hesperostipa comata,Leaf mass per area,28,2,3,0,2,0,,taxon_outlier,0,0,0,,,approve_none_grouped
80a1ca5fe9e8385517cf0af0e9b893840f54443158002b0b4098820fa4f29d9d,classified,Hesperostipa spartea,Leaf mass per area,52,3,12,0,4,0,,taxon_outlier,0,0,0,,,approve_none_grouped
a6b283022191bede14ec0de4167f32d6b726b272962ac448153f8f73f4bcad51,classified,Heteromeles arbutifolia,Leaf mass per area,15,2,11,3,3,0,,domain_outlier;taxon_outlier,0,0,0,,,approve_none_grouped
111f720b3e54c27603c3231121542af40bfaa98bd0151c07b3a8c269023e77e6,classified,Heterotheca villosa,Leaf mass per area,39,3,5,0,9,0,,taxon_outlier,0,0,0,,,approve_none_grouped
1e24831d284cfacdea25cedf574a3ba82f5e041c4ffb2213db5e1d1240aec40b,classified,Hibiscus syriacus,Leaf mass per area,40,1,2,0,4,0,,taxon_outlier,0,0,0,,,approve_none_grouped
dcbda24bcf3fb90847055b5bfceebc9db35ccdad2bbea0b5cc9c45b35684036c,classified,Hieracium,Leaf mass per area,25,2,4,0,4,0,,taxon_outlier,0,0,0,,,approve_none_grouped
c922d818b8304a81abaedee16aac7c205d0ee28b3af85d4a71b74fcb083c1b7a,classified,Hieracium alpinum,Leaf mass per area,46,1,9,20,9,0,,domain_outlier;taxon_outlier,0,0,0,,,approve_none_grouped
3d36612aedea883a23adc114292782cf1e7ef370369382e0a47b8f2a06d30b4e,classified,Hieracium fendleri,Leaf mass per area,21,1,1,0,5,0,,taxon_outlier,0,0,0,,,approve_none_grouped
ebe5518ea0810fcb514a3519d3b8d22f04cb96b0f94d72de1c84b24d0cba5a2a,classified,Hieracium graciliusculum,Leaf mass per area,13,1,2,0,4,0,,taxon_outlier,0,0,0,,,approve_none_grouped
e3422ea89d5e71988cf41f1f8721f1ee1bf6efa8dda859b707598c24a1d4ce3d,classified,Hieracium murorum,Leaf mass per area,31,2,5,7,9,0,,domain_outlier;taxon_outlier,0,0,0,,,approve_none_grouped
6074396e2f15ae90356c5d346c014d9cf231c64bb7fb25638763f07b2f59f670,classified,Hippocrepis comosa,Leaf mass per area,13,2,7,0,4,0,,taxon_outlier,0,0,0,,,approve_none_grouped
05a1e87e56c7e8b9761c685a057f43d92ffb9b3b526ea2fd2193ca20a8f90ad9,classified,Hippophae rhamnoides,Leaf mass per area,35,2,20,0,8,0,,taxon_outlier,0,0,0,,,approve_none_grouped
a42ee811c0444e277168ff1b555d5952d65943afa10f2d6b8b4c5fa180581ada,classified,Holcus lanatus,Leaf mass per area,250,2,45,4,12,0,,domain_outlier;taxon_outlier,0,0,0,,,approve_none_grouped
b90a6611d02f32e99cc964a91315a6c7e7e204464577ca169480cf16edb4e53c,classified,Holosteum umbellatum,Leaf mass per area,10,1,1,0,2,0,,taxon_outlier,0,0,0,,,approve_none_grouped
1eb60c2d344c1da4773c2c7520131d2b33a89bead59906c8e623e37f85008490,classified,Homogyne alpina,Leaf mass per area,48,1,11,27,1,0,,domain_outlier;taxon_outlier,0,0,0,,,approve_none_grouped
a1f4d0b35329cb65acf0e09561272ba40536cec51cc92d0660dc0d2d00f41475,classified,Hordeum murinum,Leaf mass per area,135,3,12,0,1,0,,taxon_outlier,0,0,0,,,approve_none_grouped
b6b8b0dec892f68eba869ed239b906e408e8e6d19b869de19eb8390293ffecc7,classified,Hormathophylla lapeyrousiana,Leaf mass per area,22,1,4,2,2,0,,domain_outlier;taxon_outlier,0,0,0,,,approve_none_grouped
820f70acec5de9b36678dc532ca17caf44424a12b8d4d046312d98057ee80245,classified,Hornungia alpina,Leaf mass per area,11,1,2,10,1,0,,domain_outlier;taxon_outlier,0,0,0,,,approve_none_grouped
011d34d3acd467d197391e0c870f23783876e3cb957c6d8613e402e0affd00e7,classified,Houstonia longifolia,Leaf mass per area,11,2,4,0,2,0,,taxon_outlier,0,0,0,,,approve_none_grouped
046c5f15dcf00c2ca91c6129a2dd6c5148209a8de140bc7b459c0ecfe24a4b20,classified,Houstonia wrightii,Leaf mass per area,21,1,3,0,2,0,,taxon_outlier,0,0,0,,,approve_none_grouped
a73f0c0e87ce9feee2e9191ab3fd82e82d2b745a5eda617eadc65352838d824c,classified,Hydrocotyle bonariensis,Leaf mass per area,40,1,2,0,2,0,,taxon_outlier,0,0,0,,,approve_none_grouped
408719855356108f651b15fa763762525556110700144e35ba81350c59a72440,classified,Hydrophyllum capitatum,Leaf mass per area,27,2,3,0,1,0,,taxon_outlier,0,0,0,,,approve_none_grouped
41cd26f76095e76c231c1dcb04e3271d2e005e9907b8554a12f887f987c27aac,classified,Hylodesmum glutinosum,Leaf mass per area,29,2,4,0,4,0,,taxon_outlier,0,0,0,,,approve_none_grouped
1573c26313f8977fcd3094776a6849e051948a2d73cf1f0836de0db28fc36783,classified,Hylotelephium telephium,Leaf mass per area,89,2,8,1,2,0,,domain_outlier;taxon_outlier,0,0,0,,,approve_none_grouped
b019c9244a585fc7a08887b0b1fd61047b67a860160c258379c42a77a5e59e5a,classified,Hymenoxys hoopesii,Leaf mass per area,49,2,5,10,10,0,,domain_outlier;taxon_outlier,0,0,0,,,approve_none_grouped
e7d9fd9e202c03d980d5343c75416c8bfb5c875db23386eedb65ea1bd3357b32,classified,Hymenoxys richardsonii,Leaf mass per area,22,1,3,0,3,0,,taxon_outlier,0,0,0,,,approve_none_grouped
6f8499ef18c35b13fda4166975893aa1e68f4804cdc9198e2a48b7f6433632a2,classified,Hyparrhenia hirta,Leaf mass per area,17,1,5,0,3,0,,taxon_outlier,0,0,0,,,approve_none_grouped
2bd5b5cdc84b3c31fad38c3fdcddab7bc3ecbcce67a8addb711ff110a762f935,classified,Hypericum perforatum,Leaf mass per area,137,2,27,5,7,0,,domain_outlier;taxon_outlier,0,0,0,,,approve_none_grouped
378a050b42807db7ff5a2c090169198bd97d00cbd6ffb49d6733017d9802ffca,classified,Hypochaeris glabra,Leaf mass per area,62,3,9,0,4,0,,taxon_outlier,0,0,0,,,approve_none_grouped
3cfcb676d04e0f394d97cf2c02422a846bede4b1116e1c1df3913ffbe072f512,classified,Hypochaeris radicata,Leaf mass per area,43,2,11,0,10,0,,taxon_outlier,0,0,0,,,approve_none_grouped
0e82f868f4e78edb8bab0d60ae2b037e137f99990bbcc27a1e2e1317ac2586d4,classified,Ilex aquifolium,Leaf mass per area,140,2,14,0,1,0,,taxon_outlier,0,0,0,,,approve_none_grouped
e1c0e2f59273f6242df9c2638ec8d91cf29b1e0a742f9dbd9733db6d734aebcd,classified,Ilex opaca,Leaf mass per area,109,1,13,0,3,0,,taxon_outlier,0,0,0,,,approve_none_grouped
f5fd1e5d75c177a7fb89ab3373966b36a6b9b49a5e30622d58c2084c5df2356b,classified,Ilex verticillata,Leaf mass per area,23,2,21,0,3,0,,taxon_outlier,0,0,0,,,approve_none_grouped
035ec0c95e219dbd8ab9af1ae4621b1d99fa308368b498bbe65248416efb5980,classified,Impatiens capensis,Leaf mass per area,73,2,13,9,14,0,,domain_outlier;taxon_outlier,0,0,0,,,approve_none_grouped
481a4cf9d6eea94f4cb775d26c0a87cac1da3fa239fe8f176104e4b86093594c,classified,Impatiens glandulifera,Leaf mass per area,381,1,50,0,5,0,,taxon_outlier,0,0,0,,,approve_none_grouped
32ff728c9ae2b2ea77774dc71076e403a4e2c85e63e330790a10a6bd2ee9b7f0,classified,Iris aphylla,Leaf mass per area,15,1,3,0,3,0,,taxon_outlier,0,0,0,,,approve_none_grouped
ba974b06ab6fdc67f3b02d0feeb86dc1550510f4305f58af917cc14a112cfb23,classified,Iris missouriensis,Leaf mass per area,12,1,3,0,1,0,,taxon_outlier,0,0,0,,,approve_none_grouped
ac181b308ab8d6e1fdf3c988f99a761171a0e3d8591d989e68ab46a25e036144,classified,Iris sibirica,Leaf mass per area,16,1,4,0,2,0,,taxon_outlier,0,0,0,,,approve_none_grouped
083835227d413c34791ef13005f21b1e1504baf1ac4e8b1eb1094a474598c8d7,classified,Iris spuria,Leaf mass per area,14,2,2,0,3,0,,taxon_outlier,0,0,0,,,approve_none_grouped
a8f2d92b9214902d28785cb973dcb66adbc6c88da4150249041c0cf18b46e52d,classified,Iris variegata,Leaf mass per area,10,1,1,0,1,0,,taxon_outlier,0,0,0,,,approve_none_grouped
a243e069496a2282282487728388fdcc61584f981753f1cad8208c5d26e548ab,classified,Isatis tinctoria,Leaf mass per area,22,1,3,0,2,0,,taxon_outlier,0,0,0,,,approve_none_grouped
f2d7cffc638a57974883e29a1c50de4003119932bb35d3d0a207052907365cfc,classified,Isocoma tenuisecta,Leaf mass per area,60,1,2,0,2,0,,taxon_outlier,0,0,0,,,approve_none_grouped
48841be1a3496f8dc904daf54df23b116b87f105c7c4dcfc0749003a46b10720,classified,Isopyrum thalictroides,Leaf mass per area,10,1,1,0,1,0,,taxon_outlier,0,0,0,,,approve_none_grouped
0c2185cf46e14ee79cdbebad3b5f9031d01da50e803ca7deb2d3d8409713f776,classified,Jacobaea erucifolia,Leaf mass per area,17,2,3,0,2,0,,taxon_outlier,0,0,0,,,approve_none_grouped
be6adb81e04dbb4db1f244c2f237f95872f95336365725f890c89bc82bff9fa4,classified,Jacobaea vulgaris,Leaf mass per area,10,2,8,0,2,0,,taxon_outlier,0,0,0,,,approve_none_grouped
c2501ca6101c964195c664c935e7682932e32e11232b9bc7e591d9382b218163,classified,Juglans regia,Leaf mass per area,20,1,4,0,6,0,,taxon_outlier,0,0,0,,,approve_none_grouped
9370673b027dd21496939851c78202e21586ec2d9384426f05dbc8de086a1d3e,classified,Juncus articulatus,Leaf mass per area,12,2,12,0,1,0,,taxon_outlier,0,0,0,,,approve_none_grouped
443e6abfc62da3c9a1cbb3c1f67b2ce1711e834ce9555356d4932ee9739c88b0,classified,Juncus effusus,Leaf mass per area,26,2,10,2,4,0,,domain_outlier;taxon_outlier,0,0,0,,,approve_none_grouped
c82a8dfc45325e44932e45a7742732bccd382e2b15022a7efeadce01fab147bf,classified,Juncus gerardi,Leaf mass per area,62,2,3,0,10,0,,taxon_outlier,0,0,0,,,approve_none_grouped
5c4d390122eb4231afd23fe35c8e4e5b0b3cd3454805a3e9cfd9282cfa78e4b2,classified,Juncus nodosus,Leaf mass per area,10,1,1,0,2,0,,taxon_outlier,0,0,0,,,approve_none_grouped
3b70b505e63303e318cb8272bfea945d0ea225926d4fe798e8456245ac63f7f5,classified,Juncus tenuis,Leaf mass per area,23,2,3,18,6,0,,domain_outlier;taxon_outlier,0,0,0,,,approve_none_grouped
c13eeed4cf22e19fcef4f87a024ac5cd501b85dadd356c93804f42f73ec07a5f,classified,Juniperus communis,Leaf mass per area,153,2,33,60,27,0,,domain_outlier;taxon_outlier,0,0,0,,,approve_none_grouped
b863cffe3a10642f597724f0afe246d87fa88925920b5fa2b48f1bb4417e59ef,classified,Juniperus deppeana,Leaf mass per area,28,1,9,0,3,0,,taxon_outlier,0,0,0,,,approve_none_grouped
e057892d228e79025f72bb6907253e09e84ef91a286014d07ed7e2b1c9380f75,classified,Juniperus monosperma,Leaf mass per area,32,3,14,3,8,0,,domain_outlier;taxon_outlier,0,0,0,,,approve_none_grouped
56da7e410eeeca0b61af38f64a289e21db4592f218b157eb27dea483f8df2184,classified,Juniperus osteosperma,Leaf mass per area,33,2,11,2,5,0,,domain_outlier;taxon_outlier,0,0,0,,,approve_none_grouped
ce3277447f4a43ffb5bb219df4830fb89a467ff9e772ceb044334ec8865356b5,classified,Juniperus oxycedrus,Leaf mass per area,93,3,24,19,1,0,,domain_outlier;taxon_outlier,0,0,0,,,approve_none_grouped
3b41994f34a849bfd148171839826d7db42ae84a99f7fd08359207fa049ab695,classified,Juniperus phoenicea,Leaf mass per area,43,2,6,37,4,0,,domain_outlier;taxon_outlier,0,0,0,,,approve_none_grouped
9519bc5b47266956d4042e7819e12b347ff426c55f8987ee29c709097333c615,classified,Juniperus scopulorum,Leaf mass per area,28,1,10,0,4,0,,taxon_outlier,0,0,0,,,approve_none_grouped
33b484bb921149e173ad2664922cb152b7abc93b0169c7caf130a3ad7558c644,classified,Kalmia latifolia,Leaf mass per area,57,3,18,0,6,0,,taxon_outlier,0,0,0,,,approve_none_grouped
fbd891c8fd5a90a9a864d131c202b14614ef6c83930658f3e9a6037d350c9f93,classified,Kalmia procumbens,Leaf mass per area,66,2,19,49,19,0,,domain_outlier;taxon_outlier,0,0,0,,,approve_none_grouped
ab341dcd69c597dbe518455379b2121b077e743a03ef4174eecb60255e82afcf,classified,Knautia arvensis,Leaf mass per area,140,2,7,29,14,0,,domain_outlier;taxon_outlier,0,0,0,,,approve_none_grouped
a525b142b430a9fec6398f25a5591e4db6b6e711f4f5f796474700c070a5947b,classified,Koeleria macrantha,Leaf mass per area,124,2,21,0,11,0,,taxon_outlier,0,0,0,,,approve_none_grouped
39611ff2b5e72649bae762fe1b69fa725f2bf0d9b7e0408efdce87a45eff646b,classified,Koeleria pyramidata,Leaf mass per area,28,3,14,1,5,0,,domain_outlier;taxon_outlier,0,0,0,,,approve_none_grouped
4253d50cb90d40acf8d7b01f09c6ab45f82356580e924928feaf560c83be7229,classified,Koeleria spicata,Leaf mass per area,25,1,5,1,3,0,,domain_outlier;taxon_outlier,0,0,0,,,approve_none_grouped
e20eeea5d292e9230d2004dd4998a2671af24e14456acc12e306c44c752d4ffd,classified,Laburnum anagyroides,Leaf mass per area,135,2,14,0,6,0,,taxon_outlier,0,0,0,,,approve_none_grouped
5efdd8ff2b1ed252ebf5160d134c55b7dc18dd6f540da54925ef196035e51b2e,classified,Lactuca saligna,Leaf mass per area,11,1,2,0,1,0,,taxon_outlier,0,0,0,,,approve_none_grouped
408743aec90ee3d3f33adcdc35dae9fc1e7c1224ebc633ba1f8a782cbcb25208,classified,Lactuca serriola,Leaf mass per area,28,2,9,0,1,0,,taxon_outlier,0,0,0,,,approve_none_grouped
f7e6b25198df919d033f7f0d7bdb8a444b47f9099bd84d91e1d418fa0ecc5d0b,classified,Laennecia schiedeana,Leaf mass per area,14,1,2,0,1,0,,taxon_outlier,0,0,0,,,approve_none_grouped
c86811a1d7e612198ed007b9c5925925ed8600d2329c4044f0255f5e701ea3d5,classified,Lagerstroemia indica,Leaf mass per area,40,1,2,0,6,0,,taxon_outlier,0,0,0,,,approve_none_grouped
dde8df3d80798845af852d6b4c88380cd175eaaec8cda244da56013763682cae,classified,Lamarckia aurea,Leaf mass per area,22,2,3,0,3,0,,taxon_outlier,0,0,0,,,approve_none_grouped
7bf3f1a969cd6fd2009cf1b64eaa8db5645b02bb21e2b2ce8c39d06a680b5508,classified,Lamium amplexicaule,Leaf mass per area,11,1,2,0,2,0,,taxon_outlier,0,0,0,,,approve_none_grouped
e88ac5f183fd3ef2aaa8e58d79bb888acd7934ef18d12b8ef6407c8fb747fbb5,classified,Lamium maculatum,Leaf mass per area,12,2,2,0,2,0,,taxon_outlier,0,0,0,,,approve_none_grouped
aa18261f2986a12fd3944751533b3988ec3463f0c41b0940d3f859f2c95464d9,classified,Lamium purpureum,Leaf mass per area,11,1,2,0,1,0,,taxon_outlier,0,0,0,,,approve_none_grouped
2bbb20a07a2abfb6589b56a0da991145b9f3522c25345f9f7eccbcfd53fae1cc,classified,Laportea canadensis,Leaf mass per area,48,2,4,0,6,0,,taxon_outlier,0,0,0,,,approve_none_grouped
c661218a5f46672ecf4327483b1b6f76d0c509d753e8c626ebcc2ce0552c9ae7,classified,Lappula occidentalis,Leaf mass per area,10,1,1,0,2,0,,taxon_outlier,0,0,0,,,approve_none_grouped
422d2118d6cc8bc73d046490d08b3fd35e812b5c68e5f34d1ecac3c27587a63f,classified,Lappula squarrosa,Leaf mass per area,15,2,2,0,2,0,,taxon_outlier,0,0,0,,,approve_none_grouped
1ce3c1a273c06ab4df33af92736c5b14a112d14fd1039e0b47e22a3f0212d4f9,classified,Larix decidua,Leaf mass per area,98,3,21,0,28,0,,taxon_outlier,0,0,0,,,approve_none_grouped
5e9e0aaff986bd40d3488fc1d436cb6f2f7f2282a9ec0344bf0ee11fa9ef7d9c,classified,Larix laricina,Leaf mass per area,12,2,9,0,3,0,,taxon_outlier,0,0,0,,,approve_none_grouped
01121910f63529cb86b5e64244a8471b809648958ee827ac01673a084a9d0f14,classified,Larix occidentalis,Leaf mass per area,12,2,12,0,3,0,,taxon_outlier,0,0,0,,,approve_none_grouped
4aabf7bfb969a4d31f281f23a5fcecce4b62e8650ec0b8947370a912368b8a4d,classified,Larrea tridentata,Leaf mass per area,93,3,14,15,20,0,,domain_outlier;taxon_outlier,0,0,0,,,approve_none_grouped
ca1d4486d319e0afb30c2324f50f1d6572c4a66890ef11ca91ef464c9302215c,classified,Lathyrus pannonicus,Leaf mass per area,20,2,3,0,2,0,,taxon_outlier,0,0,0,,,approve_none_grouped
6f803c5aa1f5ebc2158ee63eaf210d30099f661fa9240682fabd155afd414fa5,classified,Lathyrus pratensis,Leaf mass per area,153,1,10,0,25,0,,taxon_outlier,0,0,0,,,approve_none_grouped
e205fdc5767998de18075bb2b9e7b5f3d2234652cdd935026026f12f955aafc5,classified,Lathyrus tuberosus,Leaf mass per area,11,1,2,0,2,0,,taxon_outlier,0,0,0,,,approve_none_grouped
58ae3c66c3e09256398fe92c0dc3e6bfc95807f4436a01b14d395ec826f5f2a7,classified,Lavandula latifolia,Leaf mass per area,53,2,14,1,4,0,,domain_outlier;taxon_outlier,0,0,0,,,approve_none_grouped
592dc2b49a959c29274f435b1ba455cb567b1dd6191cee98d4dd8fceeb2e9196,classified,Lavandula multifida,Leaf mass per area,22,1,4,0,4,0,,taxon_outlier,0,0,0,,,approve_none_grouped
5583847f28a5fde15589b91c75acc3653c2789c206b933b742b078240e014307,classified,Lavandula stoechas,Leaf mass per area,66,2,14,5,11,0,,domain_outlier;taxon_outlier,0,0,0,,,approve_none_grouped
a4f986838fbd3b1e12737716b1a8671cfe5fb3a483ae81ab7844a6e8d5939329,classified,Leersia oryzoides,Leaf mass per area,18,2,4,0,2,0,,taxon_outlier,0,0,0,,,approve_none_grouped
a39dcb8251072f234b4255c3da3a96730969f0e8293f779c45a0a46e9836705b,classified,Leontodon crispus,Leaf mass per area,10,2,2,0,2,0,,taxon_outlier,0,0,0,,,approve_none_grouped
4d1dfe40f8a26a450ccac3c847eb39d71d6235885c700c7c5beb5b82faaeccc0,classified,Leontodon hispidus,Leaf mass per area,333,2,45,61,63,0,,domain_outlier;taxon_outlier,0,0,0,,,approve_none_grouped
b0a9876069715f8485a8261292c499c1e5e6d0a7dbeec82c51d017c69120cb6f,classified,Lepidium densiflorum,Leaf mass per area,14,1,3,0,3,0,,taxon_outlier,0,0,0,,,approve_none_grouped
38a88808f3da2c9acee404fa34f1849a75f637327a37177be7e83ed03e5ab780,classified,Lepidium draba,Leaf mass per area,12,2,3,0,2,0,,taxon_outlier,0,0,0,,,approve_none_grouped
25cf4fd0ee54394569eea0940281b85c88ead0e22e223058a716c5f5530404dd,classified,Lepidium virginicum,Leaf mass per area,42,1,4,0,7,0,,taxon_outlier,0,0,0,,,approve_none_grouped
5237b6cc4199646ba8be9c5e280b2c505460e1c0320e5e90a339c7acb4203729,classified,Lespedeza capitata,Leaf mass per area,102,3,67,0,33,0,,taxon_outlier,0,0,0,,,approve_none_grouped
cfc2a934cb614ae5d844345dac9938a0d28269c5ff39cbd55300e260ecfa8719,classified,Leucanthemopsis alpina,Leaf mass per area,97,2,10,17,19,0,,domain_outlier;taxon_outlier,0,0,0,,,approve_none_grouped
becff8297e6b1b3562cb7ac28a706a2ef19b54d5bd3cd193e9cd74346b1cf35d,classified,Leucanthemum ircutianum,Leaf mass per area,11,1,2,0,1,0,,taxon_outlier,0,0,0,,,approve_none_grouped
7f0227d7efcdec2f3e9e03fabafa6198ef5eed70084573d8896822c176ece2a5,classified,Leucanthemum vulgare,Leaf mass per area,220,3,41,44,46,0,,domain_outlier;taxon_outlier,0,0,0,,,approve_none_grouped
8002246d35c316475796a422c1a67790e5c7baded0572cc6b38995c7587f58de,classified,Leucocrinum montanum,Leaf mass per area,10,1,1,0,1,0,,taxon_outlier,0,0,0,,,approve_none_grouped
465e9ac0a6fc89c5a4f7304d772526b2c997a7d996c4ccea4a174059f6fba768,classified,Lewisia pygmaea,Leaf mass per area,36,1,3,5,10,0,,domain_outlier;taxon_outlier,0,0,0,,,approve_none_grouped
b086224c0389ecef612122f543fad4f952ccba79e985aae7d1de333e938841fd,classified,Liatris aspera,Leaf mass per area,254,3,60,9,12,0,,domain_outlier;taxon_outlier,0,0,0,,,approve_none_grouped
ee8a18d7e1c22a9a5d541102846b26988db9dabdff6af9a7288745c5e74c8da6,classified,Ligusticum porteri,Leaf mass per area,19,1,1,19,4,0,,domain_outlier;taxon_outlier,0,0,0,,,approve_none_grouped
02e15267ce17bec741a577eb761f3a05faab9068065ae3392b24439c64b87087,classified,Ligusticum tenuifolium,Leaf mass per area,35,2,6,1,2,0,,domain_outlier;taxon_outlier,0,0,0,,,approve_none_grouped
003d55c2afcbc870ca1f6c38c4113fa11eb6bab0775b3fd85d903688dc993596,classified,Ligustrum sinense,Leaf mass per area,41,1,3,0,5,0,,taxon_outlier,0,0,0,,,approve_none_grouped
85d4240f1bb25968c51031d0bb4399397eef4430cc1516d429fb6118e07eb765,classified,Ligustrum vulgare,Leaf mass per area,45,2,11,0,8,0,,taxon_outlier,0,0,0,,,approve_none_grouped
3b95c5d1e1ec8b7c35c066f1b291d4946621dfd19906603d1ff9dcdc08677215,classified,Linaria dalmatica,Leaf mass per area,31,2,4,0,4,0,,taxon_outlier,0,0,0,,,approve_none_grouped
e35b7bb3ee6d7673cea32ebc6b0f7d2e58e6a1434376920140eac74b04724d52,classified,Lindera benzoin,Leaf mass per area,209,3,10,0,7,0,,taxon_outlier,0,0,0,,,approve_none_grouped
61f6d1685169d530cca5663c6c1ae2ebb0cd3903be6a6d0b390df74f18268102,classified,Linnaea borealis,Leaf mass per area,68,1,24,0,4,0,,taxon_outlier,0,0,0,,,approve_none_grouped
bea5016d2f0f8b6ba4ea93cd31b0592935024422ff0fb37655e665d7f3e1562f,classified,Linum australe,Leaf mass per area,18,1,3,0,1,0,,taxon_outlier,0,0,0,,,approve_none_grouped
082bd63433b305057cb769b1611c8bab4fa31915df8b0833fc57014e902d92ec,classified,Linum austriacum,Leaf mass per area,11,1,2,0,1,0,,taxon_outlier,0,0,0,,,approve_none_grouped
a9d5277ac28316578642d4cb931d5bcc8bb0385271ce5c553dce668a6945dd90,classified,Linum bienne,Leaf mass per area,17,2,6,0,1,0,,taxon_outlier,0,0,0,,,approve_none_grouped
95ee213933a93c7ded0a1b5c6d649fe0ed277266d2b0e59259a1a8ac87ea46f9,classified,Linum lewisii,Leaf mass per area,24,1,7,0,2,0,,taxon_outlier,0,0,0,,,approve_none_grouped
23d6d918ab2babc8b34763cfb175308be3144555099c1c820659965d7174f76c,classified,Linum suffruticosum,Leaf mass per area,15,2,11,1,2,0,,domain_outlier;taxon_outlier,0,0,0,,,approve_none_grouped
397c3a7896cb6be5f3f444286c0feb9f9583fcc71e8d5851dc51aad8ef1dab23,classified,Linum tenuifolium,Leaf mass per area,10,1,1,0,3,0,,taxon_outlier,0,0,0,,,approve_none_grouped
d64f6def7fee09e3b2cd59b3a46a1f864b7fbbf41cce44e8d141b90a293acacc,classified,Liquidambar styraciflua,Leaf mass per area,235,2,38,21,37,0,,domain_outlier;taxon_outlier,0,0,0,,,approve_none_grouped
c51e786de97ef3989ba1734887ff83084b10e2bd2f53975114609df8ff9ca74b,classified,Liriodendron tulipifera,Leaf mass per area,159,3,45,0,21,0,,taxon_outlier,0,0,0,,,approve_none_grouped
a1c3d2caf2470475652457d6324a0afc49f8dc3bd84bfdf693b29aca52fea692,classified,Lithospermum caroliniense,Leaf mass per area,15,1,2,0,1,0,,taxon_outlier,0,0,0,,,approve_none_grouped
0879608c7893d0d2cb7d753b51d073c6eb2fadc4c4bc68c9801374e267751042,classified,Lolium arundinaceum,Leaf mass per area,17,3,9,0,3,0,,taxon_outlier,0,0,0,,,approve_none_grouped
e449bb7f62a6afbb463576a2b041453782bd317c2fe11b5cdea94f50b78d09fa,classified,Lolium multiflorum,Leaf mass per area,13,2,6,0,3,0,,taxon_outlier,0,0,0,,,approve_none_grouped
6376f1b3ff3709316f89a81ef68bdfd464fb52578527ff088a12bd8b454649a2,classified,Lolium perenne,Leaf mass per area,299,2,69,2,24,0,,domain_outlier;taxon_outlier,0,0,0,,,approve_none_grouped
6129dfc523f90e08368869579ccaa005de7b3045f85b8e22637e59dee249d712,classified,Lolium pratense,Leaf mass per area,223,2,74,0,13,0,,taxon_outlier,0,0,0,,,approve_none_grouped
7c59e501779189a5a367ea38ede56b6c82f3fa9a55b9e0f0a29acfb3f9629c85,classified,Lolium rigidum,Leaf mass per area,39,3,8,1,8,0,,domain_outlier;taxon_outlier,0,0,0,,,approve_none_grouped
6af24723b5871eaaa3be6444a9ed89d2c8eda4db9ac96634839063cd7aeea77a,classified,Lonicera canadensis,Leaf mass per area,26,2,10,10,1,0,,domain_outlier;taxon_outlier,0,0,0,,,approve_none_grouped
9a79254790c491c6d3a2b2f08a5382bfdb978be9dd69688a8f49b13b060ff665,classified,Lonicera involucrata,Leaf mass per area,35,2,11,0,7,0,,taxon_outlier,0,0,0,,,approve_none_grouped
aab4348bc128f867715c386ef923d53148e25c491409d63a3136e0eec034463a,classified,Lonicera maackii,Leaf mass per area,231,3,5,0,16,0,,taxon_outlier,0,0,0,,,approve_none_grouped
97dc57b5d7c2eee7e6b5109a44aeb93761470f662d62125804588310f5db265f,classified,Lonicera periclymenum,Leaf mass per area,33,2,7,0,5,0,,taxon_outlier,0,0,0,,,approve_none_grouped
f4c75f6dbf7e8a44988401f65255ae19bc1641b40514c382a7cf0705a465f424,classified,Lotus corniculatus,Leaf mass per area,561,2,77,13,15,0,,domain_outlier;taxon_outlier,0,0,0,,,approve_none_grouped
f7637d235bfacd21aadd25ce7ee597026e464f26212edce037d600eb45d05153,classified,Lotus dorycnium,Leaf mass per area,39,2,18,0,9,0,,taxon_outlier,0,0,0,,,approve_none_grouped
fb4c190e41152cc208d58e0e99b1e82b21033ac5c8621bbdcc6fdeaffc44d4b4,classified,Lotus germanicus,Leaf mass per area,10,1,1,0,1,0,,taxon_outlier,0,0,0,,,approve_none_grouped
6ed955cc46d46c891343c156803c4df986b483facc804ea0fd01641abd7adeb5,classified,Lotus maritimus,Leaf mass per area,13,2,3,0,3,0,,taxon_outlier,0,0,0,,,approve_none_grouped
2077d00fe0fef026ab0f38809dd0951e7049abd4500f80cf8457326065e8cd18,classified,Lotus tenuis,Leaf mass per area,11,2,2,0,1,0,,taxon_outlier,0,0,0,,,approve_none_grouped
19e44b1927527584e854b991c16ca9b1a743352f03fc194697437f39c4d15a71,classified,Lupinus bicolor,Leaf mass per area,61,2,5,0,3,0,,taxon_outlier,0,0,0,,,approve_none_grouped
f64ed8a9711e1aac53799f9c282aaf59ab6842068c6ded22ed8133c76d4aa77b,classified,Lupinus kingii,Leaf mass per area,21,1,3,0,2,0,,taxon_outlier,0,0,0,,,approve_none_grouped
d3bc7d0b3220cb73d3de96c1223faaf98873820a6275422cb7752e3b88cf838d,classified,Lupinus nanus,Leaf mass per area,80,2,3,0,14,0,,taxon_outlier,0,0,0,,,approve_none_grouped
a3f8a585ccc68e02ff66e6741b29c1d95b530b30c751a0fa0803c166894a4981,classified,Lupinus perennis,Leaf mass per area,54,3,13,0,1,0,,taxon_outlier,0,0,0,,,approve_none_grouped
42c48e65b8cf047aafbe126f73660f69df14e51f8711ab7c491e1103cc931f14,classified,Lupinus variicolor,Leaf mass per area,77,1,1,0,11,0,,taxon_outlier,0,0,0,,,approve_none_grouped
9a9f7f95fca32db4559e1a643980b8742ee987303c8eb49d3672ffb3f6949371,classified,Luzula campestris,Leaf mass per area,127,2,10,0,23,0,,taxon_outlier,0,0,0,,,approve_none_grouped
1d5c05e3deb63bf1e4bc18159770aafb6f4a7819bc569e204294a27e29f262b4,classified,Luzula multiflora,Leaf mass per area,37,2,8,0,8,0,,taxon_outlier,0,0,0,,,approve_none_grouped
50f1e0516895e4a2daa1971e72d7f2d72ede43e53c135932eb61a03fbffa4360,classified,Luzula spicata,Leaf mass per area,52,1,7,1,7,0,,domain_outlier;taxon_outlier,0,0,0,,,approve_none_grouped
ac05b4a986a393756d2270aa59bc2d5a0a24ca47986c07be6d08b561d220c5d7,classified,Luzula sylvatica,Leaf mass per area,170,2,13,0,2,0,,taxon_outlier,0,0,0,,,approve_none_grouped
531554b357dbd31678cd494eefed06669556c949e06dfb8335d7ec56e5d9a0b0,classified,Lycium andersonii,Leaf mass per area,25,3,6,11,1,0,,domain_outlier;taxon_outlier,0,0,0,,,approve_none_grouped
3d0c2cfedda6c291126fa53695189843f4140c9c67fb9889afed3e2f339be2c5,classified,Lycium berlandieri,Leaf mass per area,54,1,3,0,4,0,,taxon_outlier,0,0,0,,,approve_none_grouped
3e2e3f2d0f00dc8682ce2ca66031f55c8ef89191f43fc2f07ff77815094ce61b,classified,Lysimachia arvensis,Leaf mass per area,69,3,11,0,9,0,,taxon_outlier,0,0,0,,,approve_none_grouped
feff842ad896a1afb1b6f2675f2e25fb33a0a136e9c97671ac72de7b2f023d10,classified,Lysimachia borealis,Leaf mass per area,64,2,10,10,15,0,,domain_outlier;taxon_outlier,0,0,0,,,approve_none_grouped
b86a117de496803560dbad4a6a4871a2f2c6e6b014f9ff0da5f081e55cb7aea8,classified,Lysimachia europaea,Leaf mass per area,37,2,13,0,11,0,,taxon_outlier,0,0,0,,,approve_none_grouped
70865f6863d31172e5494881d6cd9e9fb4a3d3cac2e754b2d3a777ca886a1c9c,classified,Lysimachia hybrida,Leaf mass per area,32,1,2,0,1,0,,taxon_outlier,0,0,0,,,approve_none_grouped
25c341b04e079ecea294e8b564e82425a584b74e00b472a8b56eca1d64e9a7fa,classified,Lysimachia nummularia,Leaf mass per area,10,1,1,0,1,0,,taxon_outlier,0,0,0,,,approve_none_grouped
00197ba30a71ffe1217e495cb8f577b0378f7f16fcab272d62df2db429c95f1b,classified,Lysimachia vulgaris,Leaf mass per area,11,2,6,0,2,0,,taxon_outlier,0,0,0,,,approve_none_grouped
6cc5b802ca2ee58cf703230847a282b9e0bd298a157dc09090db5bf1b125080b,classified,Lythrum salicaria,Leaf mass per area,22,3,13,0,5,0,,taxon_outlier,0,0,0,,,approve_none_grouped
a570d4b949c0df7fbdffd731259c95bbfea1e427f69724ea100ac620e611f24d,classified,Macrochloa tenacissima,Leaf mass per area,183,1,21,3,15,0,,domain_outlier;taxon_outlier,0,0,0,,,approve_none_grouped
12a54d7be0bc91105f52ae6a946d9cf26631b450b40a7546873745a2a43b2d95,classified,Magnolia acuminata,Leaf mass per area,27,1,15,0,3,0,,taxon_outlier,0,0,0,,,approve_none_grouped
08da1347840550c0f4796fa2c768d7c5680a46cde0f3254bec0bc64781d9372f,classified,Magnolia fraseri,Leaf mass per area,11,2,11,0,1,0,,taxon_outlier,0,0,0,,,approve_none_grouped
00bdc0e42238fc648ba3a7f856aad0b3586c5e44b48be202c858587933636f26,classified,Magnolia grandiflora,Leaf mass per area,40,1,2,0,8,0,,taxon_outlier,0,0,0,,,approve_none_grouped
05cd1f107d2b3d1e258d3e886d8e8edf4d506f736084c732b6792ccb52945c1b,classified,Magnolia virginiana,Leaf mass per area,67,1,9,0,10,0,,taxon_outlier,0,0,0,,,approve_none_grouped
5bf8afa10efbb68aab523444cde82db1912859fb7f10a3302c1a108b21e80bb0,classified,Mahonia bealei,Leaf mass per area,40,1,2,0,6,0,,taxon_outlier,0,0,0,,,approve_none_grouped
e21ac1956371476a2c8dd0c9feff27178e1b55a2dbb95742d2c144e8264f9bd1,classified,Mahonia repens,Leaf mass per area,27,2,3,1,3,0,,domain_outlier;taxon_outlier,0,0,0,,,approve_none_grouped
ac5e9ec27fafa640c7aca5d0dd4936821d02ac898140e4a0c81494153ede9933,classified,Maianthemum canadense,Leaf mass per area,112,2,11,10,12,0,,domain_outlier;taxon_outlier,0,0,0,,,approve_none_grouped
c242273b8dbb54c2e1e5009aa8663a94fe34b041af0115b6a98196ce812a4462,classified,Maianthemum racemosum,Leaf mass per area,46,3,11,10,10,0,,domain_outlier;taxon_outlier,0,0,0,,,approve_none_grouped
4b264782b6aacc4591ed98068503e597bd40d5a484d6fbbb0cd4b429ebf67331,classified,Malus sylvestris,Leaf mass per area,60,1,11,0,15,0,,taxon_outlier,0,0,0,,,approve_none_grouped
da57238ec11dd8f120f2ea5b53381fbce7eadaf1b77e4eb979368c7fff609fe2,classified,Marrubium peregrinum,Leaf mass per area,10,1,1,0,1,0,,taxon_outlier,0,0,0,,,approve_none_grouped
69ad4aac9614e4b13d684a948f8db49e91186257a193cb169a172bb8a4ba26d0,classified,Marsilea quadrifolia,Leaf mass per area,10,1,1,0,3,0,,taxon_outlier,0,0,0,,,approve_none_grouped
4363374ac4bc1fc0eda8670aee2dbab8577359bd2ed24e03c9481e046c54de60,classified,Matteuccia struthiopteris,Leaf mass per area,11,2,8,0,1,0,,taxon_outlier,0,0,0,,,approve_none_grouped
5fab0bd329bdf9896eb291b0c6bcd18f17841dc884a3003712d99a0ec2fa756e,classified,Matthiola incana,Leaf mass per area,10,1,1,0,1,0,,taxon_outlier,0,0,0,,,approve_none_grouped
d1a81c973d8d2eaac226606a430e7659e7d884f01b24fd2f78b7aad374513d36,classified,Medicago,Leaf mass per area,142,1,1,0,11,0,,taxon_outlier,0,0,0,,,approve_none_grouped
bbe0c9d2eb5b18c03ade0494ea4b5ded520336690962f93800158ec158c82b08,classified,Medicago falcata,Leaf mass per area,10,1,1,0,1,0,,taxon_outlier,0,0,0,,,approve_none_grouped
2f646fbd510bd3c3f0a364f4eb0494831922482f4771273a72f0ba825752b866,classified,Medicago littoralis,Leaf mass per area,32,2,4,1,2,0,,domain_outlier;taxon_outlier,0,0,0,,,approve_none_grouped
cdcd418696d9f844dca4ca0eda08fc8cabac9b911fb7cf8c6041e2f0012b3a06,classified,Medicago marina,Leaf mass per area,40,1,2,0,7,0,,taxon_outlier,0,0,0,,,approve_none_grouped
9a83825e5b2011c9892fe3e1da1923f4706c06851f2d5c8a20ffac5de9e62456,classified,Medicago minima,Leaf mass per area,28,3,14,0,5,0,,taxon_outlier,0,0,0,,,approve_none_grouped
d5e76c342b106148e3c63d01d0bd2967aec26a8b373f22321b2bf6b77283d6d9,classified,Medicago polymorpha,Leaf mass per area,206,3,8,0,18,0,,taxon_outlier,0,0,0,,,approve_none_grouped
43a18b348d05b187abe7d692153da686492eac43ed2e8981a9aa985983dc47f3,classified,Medicago rigidula,Leaf mass per area,11,1,3,0,1,0,,taxon_outlier,0,0,0,,,approve_none_grouped
bf05ed45d35af9ed8603e24e619d719d6493d80a148e1ff86940c991383ff25e,classified,Melampyrum sylvaticum,Leaf mass per area,11,2,7,0,4,0,,taxon_outlier,0,0,0,,,approve_none_grouped
992e4c8215ecb83ed3b413eea61329175d0af2689896824fc8927b4eed815150,classified,Melica transsilvanica,Leaf mass per area,11,2,2,0,1,0,,taxon_outlier,0,0,0,,,approve_none_grouped
3fad856d9957fadd29d111912f7ac58046feb99f4e4160855e77ad71354aec0f,classified,Melilotus officinalis,Leaf mass per area,36,2,10,0,2,0,,taxon_outlier,0,0,0,,,approve_none_grouped
f6da6415f1a98c7f12f4ecbe584dd3f73dfa2f3a0f2c489ad0f6cab4650963cd,classified,Menodora spinescens,Leaf mass per area,21,2,2,11,1,0,,domain_outlier;taxon_outlier,0,0,0,,,approve_none_grouped
cc9251e282b0272b085136d2d257a7909838e2cc74492087084e40a8f02c176b,classified,Mentha arvensis,Leaf mass per area,10,2,5,0,2,0,,taxon_outlier,0,0,0,,,approve_none_grouped
fe619fdf1c0b1a938aa324576856739dfc819015ecb8c915fe9fffe5563a1d7c,classified,Mertensia lanceolata,Leaf mass per area,22,2,4,6,5,0,,domain_outlier;taxon_outlier,0,0,0,,,approve_none_grouped
0b376f547eb1a7b435250495e81983320b840e8516b07385b6f77bb4292089cb,classified,Milium effusum,Leaf mass per area,19,1,5,0,1,0,,taxon_outlier,0,0,0,,,approve_none_grouped
cafb07b0d2d4f9b730bc17703804c533dba2f6503553d2b1113d1d44b8216abf,classified,Mimulus ringens,Leaf mass per area,12,2,2,0,3,0,,taxon_outlier,0,0,0,,,approve_none_grouped
e6ae5b5433334c1cbb3e2cc30869f5f6fa02bfb05f32b0c25b23a30bc9e46eb5,classified,Minuartia hirsuta,Leaf mass per area,10,1,2,3,1,0,,domain_outlier;taxon_outlier,0,0,0,,,approve_none_grouped
067d97478a4dc73da9092ab08dca8570313998719c85d91efd025a33227ff4cd,classified,Mirabilis decipiens,Leaf mass per area,20,1,2,0,3,0,,taxon_outlier,0,0,0,,,approve_none_grouped
0dddfe0370f6c02d42bb1fc1259943613674c43f5ac4d87525bf8b6511510e46,classified,Misopates orontium,Leaf mass per area,103,3,4,1,15,0,,domain_outlier;taxon_outlier,0,0,0,,,approve_none_grouped
f1aa61a83c7103e7c7eec36243b99f41b67db86f7393fce7d248afa3da36f530,classified,Mitella diphylla,Leaf mass per area,10,1,1,0,1,0,,taxon_outlier,0,0,0,,,approve_none_grouped
38ddd9aa7c20758d9187d1a992fde6e4cb95272e0e612686240c333757cebb00,classified,Molinia caerulea,Leaf mass per area,38,2,20,1,2,0,,domain_outlier;taxon_outlier,0,0,0,,,approve_none_grouped
71c51c0647348d87c9d135ba56e0ed3d34f6a75e957792ed0975598be007e711,classified,Monarda fistulosa,Leaf mass per area,410,3,63,10,29,0,,domain_outlier;taxon_outlier,0,0,0,,,approve_none_grouped
664218f4710dae2185c6728cc7b9c39b778dd5e698c15c4eeb8dc83c3dce7b26,classified,Monarda punctata,Leaf mass per area,47,2,3,0,8,0,,taxon_outlier,0,0,0,,,approve_none_grouped
73fd620100be9dad947d452c86bf8137f6c32a1c2906e05f0a313d4d04b6d9fb,classified,Muhlenbergia minutissima,Leaf mass per area,10,1,1,0,1,0,,taxon_outlier,0,0,0,,,approve_none_grouped
9462c33016c17d30572e6ba85a154bb43a5cf9568d3f112d6e202e71e2a1780e,classified,Muhlenbergia ramulosa,Leaf mass per area,10,1,1,1,1,0,,domain_outlier;taxon_outlier,0,0,0,,,approve_none_grouped
d4b2f001892370a0ff136f9ceba4ea16ca91adea083eb0e06023d791f0760f05,classified,Muhlenbergia tricholepis,Leaf mass per area,20,1,2,0,2,0,,taxon_outlier,0,0,0,,,approve_none_grouped
50237b1a9da117ade5967f81e091aea8d7250ab8edacbbe0325c81a699881dd8,classified,Muhlenbergia wrightii,Leaf mass per area,20,1,2,0,1,0,,taxon_outlier,0,0,0,,,approve_none_grouped
e1e26f9e0693ac0d67b8a73bc89bae2c319a7c098298da0e5501ec046a4179ef,classified,Munroa squarrosa,Leaf mass per area,10,1,1,0,1,0,,taxon_outlier,0,0,0,,,approve_none_grouped
e83f76c8ef61b7bb02e012e3c44ea67bd4f28c5e4f3a2bc47695f67fe13da244,classified,Muscari comosum,Leaf mass per area,10,1,1,0,2,0,,taxon_outlier,0,0,0,,,approve_none_grouped
fd0628b585a4cb87a9c946e9def8b5bb6322f2782bbd3c2690c62e8a3aa3e213,classified,Musineon divaricatum,Leaf mass per area,13,2,2,0,3,0,,taxon_outlier,0,0,0,,,approve_none_grouped
7e3a756c0e7d5cc9c358f5065bb693a6fafb03d91583815e4da7c480e61a73ae,classified,Mutellina adonidifolia,Leaf mass per area,29,2,8,14,2,0,,domain_outlier;taxon_outlier,0,0,0,,,approve_none_grouped
003b1ad15a6683d3c4cc632c44fb8d6cec695b327c533692a7f004265a8a44bc,classified,Myosotis alpestris,Leaf mass per area,36,1,6,15,1,0,,domain_outlier;taxon_outlier,0,0,0,,,approve_none_grouped
f9fb84a6e497b47b7c02f90b606ce41fda73cb348bfe52994d3d5760c32f7f1e,classified,Myosotis arvensis,Leaf mass per area,283,2,4,0,20,0,,taxon_outlier,0,0,0,,,approve_none_grouped
1207a7d10e7fe09ea87ac58a8639b732cb27795d5dc2bb305f639db5c817df98,classified,Myosotis martini,Leaf mass per area,10,1,1,0,1,0,,taxon_outlier,0,0,0,,,approve_none_grouped
c5023bfabbcfe3db9c2301a74db1793affae4e3e5c8bead59fa966e387c0f9cf,classified,Myrtus communis,Leaf mass per area,63,2,21,8,4,0,,domain_outlier;taxon_outlier,0,0,0,,,approve_none_grouped
851e52e79fab8c6d012384de2ecc957237c2ec12a22cae97bb710938b6a1e346,classified,Nama dichotoma,Leaf mass per area,10,1,1,0,1,0,,taxon_outlier,0,0,0,,,approve_none_grouped
4c90bb86aa677b93e2b18b7cb92725e242257d7d3fbbc47224d48c4e3a67328c,classified,Nardus stricta,Leaf mass per area,151,2,37,21,6,0,,domain_outlier;taxon_outlier,0,0,0,,,approve_none_grouped
18ae195847ba627c005cce7cc691190423f70f6ca6525a21458eaf511063b8a1,classified,Nassella pulchra,Leaf mass per area,207,2,4,1,20,0,,domain_outlier;taxon_outlier,0,0,0,,,approve_none_grouped
926709618c41a95d4d4a866b0d23c3d836e9c58968c23f6cd2696dd361710df4,classified,Neatostema apulum,Leaf mass per area,30,2,3,0,4,0,,taxon_outlier,0,0,0,,,approve_none_grouped
d8cb2bf430428ef1ae1666c56dac05e699391a3f7236cd68af4709414aa0ce05,classified,Nepenthes coccinea,Leaf mass per area,11,1,1,0,1,0,,taxon_outlier,0,0,0,,,approve_none_grouped
6bb63af97776f97b4ed23882c3de23f3be2fcf46e2a1310a1460f4b0d0aaca2b,classified,Nerium oleander,Leaf mass per area,16,2,15,3,2,0,,domain_outlier;taxon_outlier,0,0,0,,,approve_none_grouped
8baf1f3919ced18fc0161e98bc985147570eee022c8970f7ed420d8a857abf43,classified,Noccaea montana,Leaf mass per area,62,2,10,5,7,0,,domain_outlier;taxon_outlier,0,0,0,,,approve_none_grouped
c5ede831f06c1f6d67c0ee47cdc7f1f63dad33456e95d765650d87f8005ea241,classified,Noccaea perfoliata,Leaf mass per area,30,2,3,0,1,0,,taxon_outlier,0,0,0,,,approve_none_grouped
fd5fef1c4cf0d9a35cfc4fc8af80ba3988cd593126f68a19b41e2655e6ae698f,classified,Nymphoides peltata,Leaf mass per area,10,1,2,0,2,0,,taxon_outlier,0,0,0,,,approve_none_grouped
8a96dd125f6d3e65c4c098bdf1a09f6e8b3acca33a551c6ae17de5c606ddca5f,classified,Nyssa sylvatica,Leaf mass per area,101,2,37,0,12,0,,taxon_outlier,0,0,0,,,approve_none_grouped
ef48cae7a6d20cd2019df2f59e9291f98dbda99e79cf72ff37b63ecf2eb2eec6,classified,Oclemena acuminata,Leaf mass per area,14,1,7,12,2,0,,domain_outlier;taxon_outlier,0,0,0,,,approve_none_grouped
34cf96863ca591aee363f503adcc3dbd2fe723f3768a2b94a4fc7eb02b44876e,classified,Odontarrhena tortuosa,Leaf mass per area,10,1,1,0,1,0,,taxon_outlier,0,0,0,,,approve_none_grouped
d44df027ddabd3dc70c19ec1d2c70223eff6b473a3899e556b07a3128ee0a9e4,classified,Oenothera biennis,Leaf mass per area,12,2,6,0,2,0,,taxon_outlier,0,0,0,,,approve_none_grouped
022359ddbb8f4fff34e7ec1a4237c549dc08e3ddf709f48d0a6b48dd0fea0b4f,classified,Oenothera coronopifolia,Leaf mass per area,10,1,1,0,1,0,,taxon_outlier,0,0,0,,,approve_none_grouped
77d1ca4d7eb558c77b36a50a9a75838d11f94fd6d1dd566318a90dba79c59808,classified,Oenothera suffrutescens,Leaf mass per area,10,1,1,0,1,0,,taxon_outlier,0,0,0,,,approve_none_grouped
6b4faa6b52fdb10b9f08389f799f0c8b85354638d6676860a5e0c0d1cf85222a,classified,Onobrychis viciifolia,Leaf mass per area,204,2,6,4,14,0,,domain_outlier;taxon_outlier,0,0,0,,,approve_none_grouped
08bdf882d350df0abe44a2aed695a60d7eb2743263584cf692a100bad7dd64dc,classified,Onoclea sensibilis,Leaf mass per area,79,3,9,0,1,0,,taxon_outlier,0,0,0,,,approve_none_grouped
3b41a488661bcdaed02598bb23a237b8963e3af6981c40e515366bef34c14aac,classified,Ononis spinosa,Leaf mass per area,44,2,15,0,12,0,,taxon_outlier,0,0,0,,,approve_none_grouped
f363498ddb43569a50e62b0335bfdd39fdf36f9d95a9d6eac1bc410c10ee2dec,classified,Ononis variegata,Leaf mass per area,55,1,2,3,3,0,,domain_outlier;taxon_outlier,0,0,0,,,approve_none_grouped
99ee9e28163d8673dcc073352becafe772ab6fad94b6f70aeceaa260d114e4ab,classified,Orchis purpurea,Leaf mass per area,11,1,3,0,2,0,,taxon_outlier,0,0,0,,,approve_none_grouped
17ff31f1ee9777f74d82bc908ccfa88c3c9ede9d2a9f8da1950617719fa97191,classified,Oreojuncus trifidus,Leaf mass per area,61,1,27,0,10,0,,taxon_outlier,0,0,0,,,approve_none_grouped
9c6fba0076c9d30049d5cdb73e006de035dd599e48f28f1b2769b0f8c26b1674,classified,Orlaya grandiflora,Leaf mass per area,11,1,2,0,1,0,,taxon_outlier,0,0,0,,,approve_none_grouped
00fd5f92aa208b53152118f8bb5196fc22cf8b2f57f121424ef0cd0df49dc828,classified,Ornithopus compressus,Leaf mass per area,37,3,6,0,8,0,,taxon_outlier,0,0,0,,,approve_none_grouped
c58694b3093bbf882cdc7991c888b81c28d7451864c6509ceeab6323d1c46f1b,classified,Osmorhiza occidentalis,Leaf mass per area,47,3,5,10,10,0,,domain_outlier;taxon_outlier,0,0,0,,,approve_none_grouped
513adddc9ec78d283d6a0064446797abb0c1f07ca27b77277355f662460c9341,classified,Osmunda regalis,Leaf mass per area,11,2,7,0,2,0,,taxon_outlier,0,0,0,,,approve_none_grouped
7a2c36a99e3b9570811fc88e114a49772e177fd2498949e207695bd065ad14f6,classified,Osmundastrum cinnamomeum,Leaf mass per area,15,2,11,6,1,0,,domain_outlier;taxon_outlier,0,0,0,,,approve_none_grouped
7c0d8784571f418785dd1ed624111cd471abb9290f5d7916d662c7c29aee0b44,classified,Ostrya virginiana,Leaf mass per area,479,3,37,5,71,0,,domain_outlier;taxon_outlier,0,0,0,,,approve_none_grouped
978540d9f6898d1418546ce14a92c1367054c8c76dad0e76e565dd28735b75e8,classified,Oxalis alpina,Leaf mass per area,20,1,1,0,4,0,,taxon_outlier,0,0,0,,,approve_none_grouped
cd97267f83d625e1482d1278fb2be446cdc2f51f3df306d15ef85956dfe90ba8,classified,Oxalis corniculata,Leaf mass per area,47,1,3,0,10,0,,taxon_outlier,0,0,0,,,approve_none_grouped
025ac28052a4ee2e3a554826ab0f85f5b591a0dc236c9a1ff5e6de2ffc89f0bb,classified,Oxalis dillenii,Leaf mass per area,101,2,10,0,12,0,,taxon_outlier,0,0,0,,,approve_none_grouped
a98a5812b0087c0ed1d06ebd233bc1981c77e5d14c7dbdae548f92d06bf2b556,classified,Oxygraphis kamchatica,Leaf mass per area,12,1,3,0,3,0,,taxon_outlier,0,0,0,,,approve_none_grouped
7a1959f42b1ec9078a263b707f2062ade093797a0c3cdda997bb196e2fc46120,classified,Oxyria digyna,Leaf mass per area,32,2,7,0,5,0,,taxon_outlier,0,0,0,,,approve_none_grouped
208715503235d51845802fae92b50ba4b7a0738ac27c8789abda52ca76697a48,classified,Oxytropis lambertii,Leaf mass per area,21,1,3,0,1,0,,taxon_outlier,0,0,0,,,approve_none_grouped
3b2a15c4adde7e75634025209265c61e2658724b9c58b9cbf1f33440d3eadc04,classified,Packera actinella,Leaf mass per area,21,1,1,0,1,0,,taxon_outlier,0,0,0,,,approve_none_grouped
add6d0c7170291aa1fb6020bbcd657f4f681636aebcf9a4afa4329a64c3a0250,classified,Packera cana,Leaf mass per area,12,1,3,10,2,0,,domain_outlier;taxon_outlier,0,0,0,,,approve_none_grouped
3bec734d8bae9b16f9988d7421b5d4900c1fe7d0f9324cd82e050bb00afd0dd6,classified,Packera multilobata,Leaf mass per area,12,1,3,0,2,0,,taxon_outlier,0,0,0,,,approve_none_grouped
f33f33586703169a3f29d51418deda807e18060a72216110787f1708e5701b68,classified,Pancratium maritimum,Leaf mass per area,119,1,3,1,11,0,,domain_outlier;taxon_outlier,0,0,0,,,approve_none_grouped
f3e8dcaeb29f2e195d0e0a30d8c927dec1bea2f7e9b3dda61f6aa994c6f95697,classified,Panicum rudgei,Leaf mass per area,10,1,2,0,2,0,,taxon_outlier,0,0,0,,,approve_none_grouped
27d526fdd4a355e52608cea646245d785d7362c2499ff4d45856dd6ec1f98bc4,classified,Panicum virgatum,Leaf mass per area,304,3,63,35,37,0,,domain_outlier;taxon_outlier,0,0,0,,,approve_none_grouped
5addc55a3f796739147fbd7c3134217cfe6f25069d5e78d1b895dbc12e45b4f5,classified,Papaver rhoeas,Leaf mass per area,11,2,2,0,1,0,,taxon_outlier,0,0,0,,,approve_none_grouped
1970ace7b41bba9fda329c8f913261fcdf652d2ba162ddcdeb17332e8039f850,classified,Parthenocissus quinquefolia,Leaf mass per area,58,2,9,0,5,0,,taxon_outlier,0,0,0,,,approve_none_grouped
6e7d4b76d3c2afa586aca81c3fa336096f0d215ed3f26218b4684dc53e47df3d,classified,Paspalum notatum,Leaf mass per area,30,1,6,0,4,0,,taxon_outlier,0,0,0,,,approve_none_grouped
7418b009becb751de8278accb20db1fb9e87ddde0adccef07cb51c19cfc95c23,classified,Pastinaca sativa,Leaf mass per area,55,1,2,12,12,0,,domain_outlier;taxon_outlier,0,0,0,,,approve_none_grouped
67e5160e4900c2d62e8ba7ecb632b0e5a65ca751c0ffa3e73526e59a3d02ca60,classified,Pedicularis lapponica,Leaf mass per area,51,2,18,0,9,0,,taxon_outlier,0,0,0,,,approve_none_grouped
b789c3ab8983d5a3491e8e3c4af24934304c6ba5f5b93441d47a606535e47cca,classified,Pedicularis parryi,Leaf mass per area,12,1,3,1,3,0,,domain_outlier;taxon_outlier,0,0,0,,,approve_none_grouped
f431585c5a6f56ea6f3dc43c8ba2c212002a95a56bf3f0b5b9d568563fc5d2f1,classified,Pedicularis pyrenaica,Leaf mass per area,12,1,3,0,2,0,,taxon_outlier,0,0,0,,,approve_none_grouped
c4b4d5ea82bcf7f45586ebc8745732a3634258c53ab155f5adecae45cfec52af,classified,Pedicularis sylvatica,Leaf mass per area,10,1,1,0,1,0,,taxon_outlier,0,0,0,,,approve_none_grouped
e227691c18fc516ee39a485b78711161099cd498b6a599440a4fc9b59e9cc098,classified,Pediomelum tenuiflorum,Leaf mass per area,72,3,55,0,1,0,,taxon_outlier,0,0,0,,,approve_none_grouped
e72a88071563644e5ae7ac1d6462adcf7d35d5fed545ca5a98e9398489dc9169,classified,Penstemon albidus,Leaf mass per area,10,1,1,0,2,0,,taxon_outlier,0,0,0,,,approve_none_grouped
f38f1329d791957636af8f523328c07580f57fb4283c1041e072bf376d2c535d,classified,Penstemon barbatus,Leaf mass per area,22,1,3,0,2,0,,taxon_outlier,0,0,0,,,approve_none_grouped
4a8ea7175a0773a11e62099125982cb0c13aeb573c2b503c8334b7df9a007ccd,classified,Penstemon digitalis,Leaf mass per area,70,2,51,0,1,0,,taxon_outlier,0,0,0,,,approve_none_grouped
bba277feca23449e940ee42d9fa6915b51ae66a7de04835328dd04132fd8f2b9,classified,Penstemon virgatus,Leaf mass per area,21,1,2,0,1,0,,taxon_outlier,0,0,0,,,approve_none_grouped
16d7460dc36d0619ca1e6cfd2af158fcac651231f4dbbb66ecdc6ee235abb08a,classified,Pentanema britannicum,Leaf mass per area,11,1,2,0,1,0,,taxon_outlier,0,0,0,,,approve_none_grouped
dc12b44c35d1749c77c7e3fc8cd31a7d7bf3e415debd352560402561e34743ec,classified,Pentanema ensifolium,Leaf mass per area,26,2,3,0,2,0,,taxon_outlier,0,0,0,,,approve_none_grouped
ab4efade0d35eedf2a95005caf0a7cdab9e03a294494f1d4ed98ad5f0407f15f,classified,Pentanema hirtum,Leaf mass per area,16,2,4,0,1,0,,taxon_outlier,0,0,0,,,approve_none_grouped
ee018ccf5e41f29a67c409bb4e578409f95d672949f88ce1051835daf0f0a89c,classified,Pentanema salicinum,Leaf mass per area,67,2,4,0,12,0,,taxon_outlier,0,0,0,,,approve_none_grouped
6899a6d4946aa1f6ef9d5decf1ea1ba8ec3c61a2e4daeecd7949b0dc6aea3b58,classified,Persicaria hydropiperoides,Leaf mass per area,12,1,1,0,2,0,,taxon_outlier,0,0,0,,,approve_none_grouped
b2d966b8703f8865ad2a8b247e5d1163aa3974ec27e6b08a42492215c70e003a,classified,Persicaria lapathifolia,Leaf mass per area,10,1,1,0,1,0,,taxon_outlier,0,0,0,,,approve_none_grouped
96a5b669f347f9e5eb8363251384ffd8d0c3e1bd9e2aa3e41f6ea426b161ed0e,classified,Persicaria maculosa,Leaf mass per area,133,2,14,0,16,0,,taxon_outlier,0,0,0,,,approve_none_grouped
29f06a6a2eb114a4137f2fe549c81cd17355a18a71a298fc48a9125fa8eeaf6a,classified,Persicaria pensylvanica,Leaf mass per area,18,3,6,0,1,0,,taxon_outlier,0,0,0,,,approve_none_grouped
e58ff9271c5489f6cd0cbb9f6c41f626f75758d857faa35b50ae988b2161b508,classified,Persicaria posumbu,Leaf mass per area,40,1,2,0,2,0,,taxon_outlier,0,0,0,,,approve_none_grouped
f6859b575e641b8e1b87ff0063347824d8c02bd598195383cf76aba5a94cd6ec,classified,Petasites frigidus,Leaf mass per area,14,1,2,0,1,0,,taxon_outlier,0,0,0,,,approve_none_grouped
7e59f9bcdaf1cc3801548fbfa4c51f69d48cd5a06d14aef29a166c785f526b60,classified,Phagnalon saxatile,Leaf mass per area,23,1,5,1,3,0,,domain_outlier;taxon_outlier,0,0,0,,,approve_none_grouped
000ea5dc911be2d20ebc40872239ac34503fb52039561aea2a3e4e49574720e7,classified,Phalaris arundinacea,Leaf mass per area,74,2,19,0,21,0,,taxon_outlier,0,0,0,,,approve_none_grouped
2f5e17ff8aa0cd32f22f682dd2a306cbb5983936986bbeaea13e9140c5d332ed,classified,Phillyrea latifolia,Leaf mass per area,196,3,61,13,47,0,,domain_outlier;taxon_outlier,0,0,0,,,approve_none_grouped
f84b19251c50a8848c53615b8f0e568e1e7c57cfe818abd1f12cf5706551d58f,classified,Phleum alpinum,Leaf mass per area,44,1,11,0,1,0,,taxon_outlier,0,0,0,,,approve_none_grouped
4d6ccbc5d0173e19b1c3eb100eadc27ad34890a6c38b33be11c7a5445d2bc51e,classified,Phleum phleoides,Leaf mass per area,15,2,6,0,3,0,,taxon_outlier,0,0,0,,,approve_none_grouped
8584302df2b6c5200003b52e8cf105fa1e301df9f6456845b18aaf3bb4e64e8a,classified,Phlomis purpurea,Leaf mass per area,35,2,6,0,3,0,,taxon_outlier,0,0,0,,,approve_none_grouped
63924374fea4372fa0aa8d2a8d8cfa7723df990f8c758f6175b5a92d943d3c8a,classified,Phlomoides tuberosa,Leaf mass per area,31,2,5,2,5,0,,domain_outlier;taxon_outlier,0,0,0,,,approve_none_grouped
c2ef70c970569b883e72d892f77538ecc1857d19f114ffe1565ea141993582f8,classified,Phlox hoodii,Leaf mass per area,13,2,2,0,2,0,,taxon_outlier,0,0,0,,,approve_none_grouped
d67c15a30f754c1f1b0d1baed97f9dbdbe768c9ac519f2486f5d5978d01c259b,classified,Phlox sibirica,Leaf mass per area,11,1,2,10,2,0,,domain_outlier;taxon_outlier,0,0,0,,,approve_none_grouped
a5209b2f53a816c10bdf74a5af79fe81947dfc656e2412032056ddbed51b9fc4,classified,Phlox speciosa,Leaf mass per area,12,1,2,0,2,0,,taxon_outlier,0,0,0,,,approve_none_grouped
00887181d1dd139bef5fd7985738263df032614e93ad1956c801a622efaf781a,classified,Phragmites australis,Leaf mass per area,54,2,27,2,3,0,,domain_outlier;taxon_outlier,0,0,0,,,approve_none_grouped
2d280439337c2751f37fb33d018c7fcd200f4e80791c0facd94e9c4932d3a3fa,classified,Phyllodoce caerulea,Leaf mass per area,111,1,41,14,17,0,,domain_outlier;taxon_outlier,0,0,0,,,approve_none_grouped
9bfe6cf25d10fabf21e117a20caaebc636524ad59e4e5d6100d4089bed3b3250,classified,Physostegia virginiana,Leaf mass per area,22,1,2,0,2,0,,taxon_outlier,0,0,0,,,approve_none_grouped
a2674b9dcdcbb6bea2ab4a19d5c302fb4a8d411a077233b12877d9f5b5230c99,classified,Phyteuma globulariifolium,Leaf mass per area,10,1,1,10,1,0,,domain_outlier;taxon_outlier,0,0,0,,,approve_none_grouped
1d7e80214f62ddbb085bd5769ec5be64d7088f8acb89d8f68448f8e57bc68f22,classified,Phyteuma hemisphaericum,Leaf mass per area,40,1,5,20,1,0,,domain_outlier;taxon_outlier,0,0,0,,,approve_none_grouped
44f836f31ec3c71e0dee72a314fc189a594fc0a0b426c4dcb49235b7e88be875,classified,Phytolacca americana,Leaf mass per area,42,1,4,0,6,0,,taxon_outlier,0,0,0,,,approve_none_grouped
3630375c4f0a7b99a38445fbfd240e0e62908560f6ba1fd73683123245a00a95,classified,Picea abies,Leaf mass per area,432,3,53,68,83,0,,domain_outlier;taxon_outlier,0,0,0,,,approve_none_grouped
2d98078e802f1c222a91ac1befbf92917fa02cdfe41f389c2a4436da5bdef39c,classified,Picea engelmannii,Leaf mass per area,17,3,8,3,4,0,,domain_outlier;taxon_outlier,0,0,0,,,approve_none_grouped
0cd82d8ab50139a1edfa7921dd4498d1ba1e115cbcb63dac6d3c6eb02895f45a,classified,Picea glauca,Leaf mass per area,175,3,19,15,13,0,,domain_outlier;taxon_outlier,0,0,0,,,approve_none_grouped
8d3e08f1dff7d02f283d68be16c99548f53dc8a74f2191a900c0f219a2cf21e3,classified,Picea mariana,Leaf mass per area,672,3,31,168,52,0,,domain_outlier;taxon_outlier,0,0,0,,,approve_none_grouped
284bfdbb1fa72e254d78f57daa61d89bff090d19ea32919d0921069abc6f9cec,classified,Picea sitchensis,Leaf mass per area,380,2,17,20,35,0,,domain_outlier;taxon_outlier,0,0,0,,,approve_none_grouped
b626cbbe4e11605d0214ee02de11ec936e6a4f00f27a04eecb9a693268daa544,classified,Pilosella aurantiaca,Leaf mass per area,28,2,3,0,1,0,,taxon_outlier,0,0,0,,,approve_none_grouped
344ad228bef4d911488cebc957362e03dcb6d4127ef50ff54c2a3c36da1f2023,classified,Pilosella caespitosa,Leaf mass per area,49,3,5,3,4,0,,domain_outlier;taxon_outlier,0,0,0,,,approve_none_grouped
29c1a1a33a764076f2f179b6c98ecdb9c09e79a9d392b69648c99df5d2ad885d,classified,Pilosella lactucella,Leaf mass per area,17,2,4,7,1,0,,domain_outlier;taxon_outlier,0,0,0,,,approve_none_grouped
2cbdefc2a5378a2b96f5c6db1aaf1f78e877ce9a770458072698a07046c8964d,classified,Pilosella officinarum,Leaf mass per area,242,2,48,7,7,0,,domain_outlier;taxon_outlier,0,0,0,,,approve_none_grouped
ef060814ab8f17981decf19eb729f9d0d5277d538fe3fdc90c7732e44225cf54,classified,Pilosella piloselloides,Leaf mass per area,14,2,4,0,4,0,,taxon_outlier,0,0,0,,,approve_none_grouped
e5251b75b76c3d19f91cbd28f8d97211bd108a42753b53eb718003ad8e3abf21,classified,Pimpinella major,Leaf mass per area,174,2,12,45,37,0,,domain_outlier;taxon_outlier,0,0,0,,,approve_none_grouped
d5b4afe91e4a08026e1848806a776b67a0f769424d0c2699ca7712389edcadd7,classified,Pimpinella saxifraga,Leaf mass per area,99,2,15,0,8,0,,taxon_outlier,0,0,0,,,approve_none_grouped
53d3ea4da4b6920a7a5498cb8cf9e50f511ef5f0cb46536d9bf7e55bf9f2c0b8,classified,Pinus aristata,Leaf mass per area,24,1,5,0,1,0,,taxon_outlier,0,0,0,,,approve_none_grouped
4351e3d29c3c7e88a396b5e641871b6c2b8fa7f679a5dce2a15d70b3cdbcbffa,classified,Pinus banksiana,Leaf mass per area,306,3,22,65,39,0,,domain_outlier;taxon_outlier,0,0,0,,,approve_none_grouped
a6841a34bcbdaa8013f458580329fac12d884bc7d376cae1293c7f32749becad,classified,Pinus brutia,Leaf mass per area,74,1,15,0,9,0,,taxon_outlier,0,0,0,,,approve_none_grouped
0e5bc155777f3658c151363dcfd981b1392e968977466150500ba4b772ec85c7,classified,Pinus cembroides,Leaf mass per area,40,1,2,0,12,0,,taxon_outlier,0,0,0,,,approve_none_grouped
641b37d063b56e3946f12b05ab12bf4969105b66f5287fded9cc4a5d1e651103,classified,Pinus contorta,Leaf mass per area,62,2,12,1,5,0,,domain_outlier;taxon_outlier,0,0,0,,,approve_none_grouped
c13fd32f754ea354e0e21f82762f46cb1facbc8c3643c64012ae92537800159a,classified,Pinus edulis,Leaf mass per area,29,2,12,3,3,0,,domain_outlier;taxon_outlier,0,0,0,,,approve_none_grouped
aae4aa7614b29249289991af9d9de85944b1ae2bf778452a1a579b37d56cc3f9,classified,Pinus flexilis,Leaf mass per area,46,3,7,3,6,0,,domain_outlier;taxon_outlier,0,0,0,,,approve_none_grouped
36be44c1cefbea817a5f30b8a67d58caa6cefc9e8f5aaa3563f740e8b36ac03b,classified,Pinus halepensis,Leaf mass per area,246,3,162,22,51,0,,domain_outlier;taxon_outlier,0,0,0,,,approve_none_grouped
a1bd8fe92c17b9366c65bb00713e44fce95af9d26afd09ee54b0e8c23ea5aa1d,classified,Pinus heldreichii,Leaf mass per area,12,1,2,0,2,0,,taxon_outlier,0,0,0,,,approve_none_grouped
fe945dd19077966c91650dd1139aa86cdcd6aa1a7455f17cae397af4b4d2bfc7,classified,Pinus nigra,Leaf mass per area,150,2,121,25,31,0,,domain_outlier;taxon_outlier,0,0,0,,,approve_none_grouped
b12002d4880bb272f0f878b3ce70290bf2dfc4c074f3ff6c917213e6a768c70e,classified,Pinus palustris,Leaf mass per area,28,3,14,3,6,0,,domain_outlier;taxon_outlier,0,0,0,,,approve_none_grouped
bca53c7030a87cac955f926bc6dee2ecece90d8a8e04889598696ebad712b3ad,classified,Pinus pinaster,Leaf mass per area,135,2,20,91,6,0,,domain_outlier;taxon_outlier,0,0,0,,,approve_none_grouped
800e0ca5bdc580af04cc567129a329be04ad43408e398a05d91f43622a7da07c,classified,Pinus pinea,Leaf mass per area,28,2,27,5,5,0,,domain_outlier;taxon_outlier,0,0,0,,,approve_none_grouped
ec04a4fa9946c546ae716b9f6632035fe2be3368cfc4c7c69f41ba58ee9130f7,classified,Pinus ponderosa,Leaf mass per area,155,3,36,5,30,0,,domain_outlier;taxon_outlier,0,0,0,,,approve_none_grouped
ecfe8fff759774711d1987dbaa06ddcbf58deb6e329c510194eb702643346b40,classified,Pinus resinosa,Leaf mass per area,22,3,16,6,5,0,,domain_outlier;taxon_outlier,0,0,0,,,approve_none_grouped
d47211a58cf383404b6fdcdbd546a5dd47122a616666690bc438228823648c2e,classified,Pinus strobiformis,Leaf mass per area,69,1,10,0,6,0,,taxon_outlier,0,0,0,,,approve_none_grouped
5e0a2c6c90442e312b9c4e4b4cb6d6a094b80963203953d6cbf10e6941a73261,classified,Pinus strobus,Leaf mass per area,60,3,36,13,13,0,,domain_outlier;taxon_outlier,0,0,0,,,approve_none_grouped
dedb460816f6fd19c564004ecacb240a6d0ef09ff62cb2e94f6bd68555498c14,classified,Pinus sylvestris,Leaf mass per area,821,3,298,58,179,0,,domain_outlier;taxon_outlier,0,0,0,,,approve_none_grouped
6f7f28c217912189dba2c3d6cd837c9ec469abbc3a650dc99c6c593140f4a5bd,classified,Pinus uncinata,Leaf mass per area,59,1,59,1,4,0,,domain_outlier;taxon_outlier,0,0,0,,,approve_none_grouped
c14213310a67c71e4365fe0e6f150c4d1752554d46ad7d04b34fbf861434ccf5,classified,Pistacia lentiscus,Leaf mass per area,296,3,69,61,48,0,,domain_outlier;taxon_outlier,0,0,0,,,approve_none_grouped
e270ebc9aca63b3dbe7674ce5b38ff337e95d928eaba2653d83a01fd4a9344ce,classified,Pistacia terebinthus,Leaf mass per area,64,2,27,0,1,0,,taxon_outlier,0,0,0,,,approve_none_grouped
4d7549e53cd40311e45592afcf9caffadc08d25fce34862d4266274a4738ccc8,classified,Pityopsis graminifolia,Leaf mass per area,10,1,2,0,2,0,,taxon_outlier,0,0,0,,,approve_none_grouped
49c27a543665273426731eeac67a4f68d99933355b9ba78411f0628d6644d566,classified,Plantago afra,Leaf mass per area,11,2,2,0,1,0,,taxon_outlier,0,0,0,,,approve_none_grouped
8639ff23061a192c6021d183c28d9bb9fe398b081bc6cdc2b7bb83182e6c37f7,classified,Plantago alpina,Leaf mass per area,20,1,3,1,1,0,,domain_outlier;taxon_outlier,0,0,0,,,approve_none_grouped
b52f5cd72a3d519d56d461a78b1265540a59141fff716d582b2f20e3a027af94,classified,Plantago argyrea,Leaf mass per area,20,1,2,0,1,0,,taxon_outlier,0,0,0,,,approve_none_grouped
6ca0b69b460c47afdb414e78ed0f0c39e7e9e0cc5a6e61b4df119bc25c96ea40,classified,Plantago atrata,Leaf mass per area,37,1,8,1,4,0,,domain_outlier;taxon_outlier,0,0,0,,,approve_none_grouped
d18166a347f49df426ad996e6e01bcf3b8bd8c1a8095fd556ada4399818e8fe4,classified,Plantago coronopus,Leaf mass per area,17,3,8,0,4,0,,taxon_outlier,0,0,0,,,approve_none_grouped
dbb49c15f4793e4e3fcae411dd551750c2a33aecaefa9b7bebf775d1eaebf65a,classified,Plantago lagopus,Leaf mass per area,346,3,5,0,31,0,,taxon_outlier,0,0,0,,,approve_none_grouped
2518faf5962dcf51d5eda6688a8844cfe7c69307233d016e7a7296482630a2ae,classified,Plantago lanceolata,Leaf mass per area,471,3,112,28,29,0,,domain_outlier;taxon_outlier,0,0,0,,,approve_none_grouped
86fce9c03f85012a5ab5f4284315909c52dd06ed32214e4a90be91392ce76f83,classified,Plantago macrorhiza,Leaf mass per area,58,1,1,30,2,0,,domain_outlier;taxon_outlier,0,0,0,,,approve_none_grouped
e7c46831640379b2838fb79c46087d69397f448a0edf866009b5b04135d4559d,classified,Plantago media,Leaf mass per area,227,2,28,19,37,0,,domain_outlier;taxon_outlier,0,0,0,,,approve_none_grouped
23d561c85839fd47399a29c872f014eb75422cf6dc6c9ccc5f498808f03f5dbe,classified,Plantago patagonica,Leaf mass per area,15,2,4,0,2,0,,taxon_outlier,0,0,0,,,approve_none_grouped
0e9d2ede1d163611ae6b6fcccc8c98d73a354d7e6b0cb9f364b673dfbf9f4569,classified,Plantago schwarzenbergiana,Leaf mass per area,10,1,1,0,1,0,,taxon_outlier,0,0,0,,,approve_none_grouped
83ff6850c6d69b571912f3e4b46981375072e7cffba9369ab7e4a924a31587fc,classified,Poa annua,Leaf mass per area,16,2,11,0,2,0,,taxon_outlier,0,0,0,,,approve_none_grouped
323501d49eeb392f1c25068fa333aacb874e78636082f635d531467255da5ac0,classified,Poa compressa,Leaf mass per area,35,2,8,0,7,0,,taxon_outlier,0,0,0,,,approve_none_grouped
f2706cf909e337b45f1997848eb3e84c7412dbe60f92a991db3447b1adcb08c9,classified,Poa fendleriana,Leaf mass per area,20,1,2,0,2,0,,taxon_outlier,0,0,0,,,approve_none_grouped
e831a523d8f3d85b0936e3cafc254ebead83429d86e28d228fdfd995d7566dcd,classified,Poa laxa,Leaf mass per area,11,1,2,0,2,0,,taxon_outlier,0,0,0,,,approve_none_grouped
7722fc0216634ef03c985a0344d3c757cea7c3555356f3e117a28b99ed579f02,classified,Poa nemoralis,Leaf mass per area,123,2,10,0,20,0,,taxon_outlier,0,0,0,,,approve_none_grouped
07d96269136bfdbc8aaa2775c8c31b24cd23aaedb81964cc03c78b4530ea725b,classified,Poa pratensis,Leaf mass per area,1073,3,122,13,21,0,,domain_outlier;taxon_outlier,0,0,0,,,approve_none_grouped
6a897065437ac4a4353d0f498790b73a516734dd1227ecc36c1edda4fffd0995,classified,Poa trivialis,Leaf mass per area,285,2,54,5,45,0,,domain_outlier;taxon_outlier,0,0,0,,,approve_none_grouped
9be06c4c284912c3fe1fac0c26d92f32baf0ff04b67812683ae7481c409f4f9e,classified,Podophyllum peltatum,Leaf mass per area,15,3,13,0,1,0,,taxon_outlier,0,0,0,,,approve_none_grouped
267b165cb3bdfbef64e9ce8e20daaedb2c2b6c266e1fba02926f0594de9e989f,classified,Polemonium villosum,Leaf mass per area,15,1,1,0,3,0,,taxon_outlier,0,0,0,,,approve_none_grouped
37ea76f07334987e2bc04c92b4eafbcb5efeb62abcc558ca91f52ca678be2bed,classified,Polycarpon tetraphyllum,Leaf mass per area,13,3,4,0,3,0,,taxon_outlier,0,0,0,,,approve_none_grouped
0ca7e6bf6bf062d36a31098a50bdfd5b7d4f561d95bec27a5089c195d6384ea7,classified,Polygala vulgaris,Leaf mass per area,27,1,6,10,1,0,,domain_outlier;taxon_outlier,0,0,0,,,approve_none_grouped
0c1c3dd50fb1844193bf4b87e870791ccd751e2889f5af743526d09cdfd72e6d,classified,Polygonum arenarium,Leaf mass per area,10,1,1,0,1,0,,taxon_outlier,0,0,0,,,approve_none_grouped
ee19c5a55a915c2b2a164beedd83398c9d186972f146d2886265e3ed01335d2d,classified,Polygonum aviculare,Leaf mass per area,267,2,8,0,26,0,,taxon_outlier,0,0,0,,,approve_none_grouped
31639944191f0a0b18f162ffaa5ca091af95db341a9174430bb8be6cdaccd35e,classified,Polygonum douglasii,Leaf mass per area,26,1,3,0,4,0,,taxon_outlier,0,0,0,,,approve_none_grouped
960fb1f52db46b0ab4394fc2162d817f6b37ef975efd8fd170416161590f2bf1,classified,Polygonum maritimum,Leaf mass per area,22,1,2,0,1,0,,taxon_outlier,0,0,0,,,approve_none_grouped
11c9ec042d5e848d1d0f9b1aedf64abe2520012c7d3be7db031cb0a398647f43,classified,Populus,Leaf mass per area,61,1,9,12,12,0,,domain_outlier;taxon_outlier,0,0,0,,,approve_none_grouped
2c59eec82eb1b20cb70fab8092a43051f776f798e9ae7d8094d88ee5efdeda25,classified,Populus balsamifera,Leaf mass per area,61,2,24,7,10,0,,domain_outlier;taxon_outlier,0,0,0,,,approve_none_grouped
d04a55ba4437495885dd96ad7c11f1057ee648389160244db241be00e3a9572f,classified,Populus deltoides,Leaf mass per area,93,3,18,0,19,0,,taxon_outlier,0,0,0,,,approve_none_grouped
9fb3e177eb00173fdcbef1d92f85a7d0665c8fd474749b087979cb38984fb365,classified,Populus fremontii,Leaf mass per area,69,3,10,0,6,0,,taxon_outlier,0,0,0,,,approve_none_grouped
e5af9f8fe4776f1240c918c53ca35c92f99221707467fcc6ca6e1265c9699470,classified,Populus grandidentata,Leaf mass per area,44,2,28,9,11,0,,domain_outlier;taxon_outlier,0,0,0,,,approve_none_grouped
0842895321a6d4bb9cdaa41d561a3e84999ef3d031927e9207f0298cd703d458,classified,Populus nigra,Leaf mass per area,19,3,15,0,2,0,,taxon_outlier,0,0,0,,,approve_none_grouped
38abab7e87eb999ecadb3ac3868ab5f7b05a0ee326284ab9dc952a70a24b0d73,classified,Populus tremuloides,Leaf mass per area,865,3,99,20,23,0,,domain_outlier;taxon_outlier,0,0,0,,,approve_none_grouped
6b3f106708c01ebe5579f17ff554c932eb3ac094f2c0b3e7ccb8af02a33ca84c,classified,Portulaca oleracea,Leaf mass per area,33,1,5,0,2,0,,taxon_outlier,0,0,0,,,approve_none_grouped
b499ff61360fbb9bd526c2538aab5adfdbc4d697c927bed2bf1bee8634cab7f1,classified,Potentilla argentea,Leaf mass per area,23,2,8,0,1,0,,taxon_outlier,0,0,0,,,approve_none_grouped
4aa2fe7be47e840e9d70d64465b59ac27ccce39e364e485e073a0d8dfdf5aa65,classified,Potentilla aurea,Leaf mass per area,67,1,18,20,8,0,,domain_outlier;taxon_outlier,0,0,0,,,approve_none_grouped
b532154da6ef1e7b0f318da5c6e3a02a10111376cd148eba19e61348a679ce3e,classified,Potentilla cinerea,Leaf mass per area,31,2,4,0,7,0,,taxon_outlier,0,0,0,,,approve_none_grouped
f54d7daeb36ac3dc78c6a2d9e7aa13d1572b48b2d7110041f52abbb2bc1e363d,classified,Potentilla crantzii,Leaf mass per area,81,3,37,7,15,0,,domain_outlier;taxon_outlier,0,0,0,,,approve_none_grouped
dd6b6482100234a01dbd51527dfdfe144d035673c67a7561edb417c0ce2961a1,classified,Potentilla diversifolia,Leaf mass per area,35,1,3,3,9,0,,domain_outlier;taxon_outlier,0,0,0,,,approve_none_grouped
5d6a3c54d60dbb5d1c1ae279bc619e5f5bdd8dc8ffdcbfbdc9d6414223d3e9f8,classified,Potentilla erecta,Leaf mass per area,105,2,23,48,17,0,,domain_outlier;taxon_outlier,0,0,0,,,approve_none_grouped
7f50ebe99e78536641ddf3d4e8ef86e084b449471fb728ae89bbb2b1ef9eaaeb,classified,Potentilla gracilis,Leaf mass per area,57,3,6,20,1,0,,domain_outlier;taxon_outlier,0,0,0,,,approve_none_grouped
a2ef197f955485f1f3537137d7ec82cdf53f5bae604df7d04b88227a6abd22c8,classified,Potentilla indica,Leaf mass per area,50,1,3,0,16,0,,taxon_outlier,0,0,0,,,approve_none_grouped
558518521d2f6648340bc8c71138e8089d1c1417c15995c1ad2f2db26fbb108a,classified,Potentilla micrantha,Leaf mass per area,46,2,5,0,1,0,,taxon_outlier,0,0,0,,,approve_none_grouped
396f2e5c71ec6b8509781f952ccad3d35d0715818be37cd4453cc06e5fb0c3a5,classified,Potentilla pensylvanica,Leaf mass per area,10,1,1,0,1,0,,taxon_outlier,0,0,0,,,approve_none_grouped
530deeb4471a94339236d80569fa66d639d20586e0ae2e43048f2b9762dbdbac,classified,Potentilla pusilla,Leaf mass per area,52,1,5,0,3,0,,taxon_outlier,0,0,0,,,approve_none_grouped
7e3e9e9e2a4c11c9b32aa9ad6b85037efaf0b06acef7dea424fa43bae13c2d08,classified,Potentilla simplex,Leaf mass per area,85,2,57,0,23,0,,taxon_outlier,0,0,0,,,approve_none_grouped
1d133fd37311db2d5c3b433a626495295e646b285342f85bb6d3b741ad0d2e97,classified,Potentilla subviscosa,Leaf mass per area,20,1,1,0,3,0,,taxon_outlier,0,0,0,,,approve_none_grouped
b83b9ee50d9570af79109aefe0a190560ee7ad32e8fcd887c997e6a6fa730e63,classified,Poterium sanguisorba,Leaf mass per area,579,3,31,0,6,0,,taxon_outlier,0,0,0,,,approve_none_grouped
94f54ba0eb266aff8c48be9bf4b871792234ac2280e95beeb02db18900e4f1db,classified,Primula angustifolia,Leaf mass per area,12,1,3,10,3,0,,domain_outlier;taxon_outlier,0,0,0,,,approve_none_grouped
06dfc975f35abef09093991ad4ff9ce2edf0542d934368301abb1bbf1ad0c2b2,classified,Primula glutinosa,Leaf mass per area,47,2,5,0,2,0,,taxon_outlier,0,0,0,,,approve_none_grouped
1b2ab7bc0cdc71b9233dc1b2a737734feaa6b3572973e7b18387f254cf24d8b2,classified,Primula integrifolia,Leaf mass per area,39,1,2,0,4,0,,taxon_outlier,0,0,0,,,approve_none_grouped
c6bc83d99b7a72cfdd28f316f89fa0093eaff55f38a82a78c6b4e086ed7b4077,classified,Primula minima,Leaf mass per area,13,1,2,13,3,0,,domain_outlier;taxon_outlier,0,0,0,,,approve_none_grouped
e2dde8b8ca86f48005eb57b8315ec04bccaf4f7a34db9dbda0de0f9c24564b71,classified,Primula veris,Leaf mass per area,114,2,7,1,13,0,,domain_outlier;taxon_outlier,0,0,0,,,approve_none_grouped
2b0466d3dd688a8d474efa28a0a059a1138be7b7e5deb0e0b4bece5d6d12c9af,classified,Prosopis glandulosa,Leaf mass per area,29,3,8,14,1,0,,domain_outlier;taxon_outlier,0,0,0,,,approve_none_grouped
68b23cd6c7d954cf6eba9c4a4f3d2ad52e34ef7db2f8ee2538e5fcada541bb36,classified,Prosopis velutina,Leaf mass per area,40,3,6,11,2,0,,domain_outlier;taxon_outlier,0,0,0,,,approve_none_grouped
c95eb4f8bd2db3fe2349e447b59af69466b381ab9027cc27d8f1a93c8e9b3f1d,classified,Prunella vulgaris,Leaf mass per area,166,2,32,19,25,0,,domain_outlier;taxon_outlier,0,0,0,,,approve_none_grouped
a359d26d7e8d572703e3eb8d4a02ede307e39b234f54f092df903576b2864d06,classified,Prunus fasciculata,Leaf mass per area,23,2,4,11,1,0,,domain_outlier;taxon_outlier,0,0,0,,,approve_none_grouped
b5becf7df68537c4dd062c8aebc8d969b1b3d8f62a93823b38ee7c9d3b0760da,classified,Prunus laurocerasus,Leaf mass per area,76,1,9,3,6,0,,domain_outlier;taxon_outlier,0,0,0,,,approve_none_grouped
d5d3f1be5051203720bfe8e5e0ae2b40702fadfc9148ea95c9483d1c64ae94a8,classified,Prunus lusitanica,Leaf mass per area,67,1,5,0,8,0,,taxon_outlier,0,0,0,,,approve_none_grouped
1c2f03dec93bbd061996b66ac15e77f1d106cbc4a646d9b742f647074562e1fc,classified,Prunus mahaleb,Leaf mass per area,15,2,10,0,6,0,,taxon_outlier,0,0,0,,,approve_none_grouped
0472ebb8f04d9ee59128e2d0a3924e9fbdf655f1a9fb3dc4fdfda397a969c70b,classified,Prunus padus,Leaf mass per area,10,2,9,0,2,0,,taxon_outlier,0,0,0,,,approve_none_grouped
47360b9ad9ef87aa3aac46328f044e9bacfbddbb24630e96efb9466df2aca8b8,classified,Prunus pensylvanica,Leaf mass per area,12,1,11,1,1,0,,domain_outlier;taxon_outlier,0,0,0,,,approve_none_grouped
7c8f1200ce7f859c78ef3ddf185585fc55430537ae958dca35b220833ad02a72,classified,Prunus serotina,Leaf mass per area,110,3,51,5,21,0,,domain_outlier;taxon_outlier,0,0,0,,,approve_none_grouped
f271fd3d5c2cabaf21f532808e3e236dc175e42c9a06510b3c6ef850c9684a15,classified,Prunus spinosa,Leaf mass per area,125,3,30,1,6,0,,domain_outlier;taxon_outlier,0,0,0,,,approve_none_grouped
cdd3c735f3f944ad710ceabe5ebd9321cb1fb968e9bf1e10a29df1148e3c4819,classified,Prunus virginiana,Leaf mass per area,58,3,23,8,8,0,,domain_outlier;taxon_outlier,0,0,0,,,approve_none_grouped
3ff02426ae13e43de8a915d7bf9c37f6a100d2cbb1482513759121a7f2c9bf80,classified,Psammophiliella muralis,Leaf mass per area,10,1,1,0,2,0,,taxon_outlier,0,0,0,,,approve_none_grouped
c7854e5cb63e9d72ac53b7337b736ebc97b9d79d590651d933a0849b25fbbaeb,classified,Pseudathyrium alpestre,Leaf mass per area,10,1,3,0,1,0,,taxon_outlier,0,0,0,,,approve_none_grouped
23ed8a1a410902bce3856571d01fff9e8a126185f9ce2cd6a46c90afaa53a504,classified,Pseudognaphalium macounii,Leaf mass per area,12,1,1,0,3,0,,taxon_outlier,0,0,0,,,approve_none_grouped
be84e713bd7f6153207678ef2a27fb561266b359892f993412e0afe657a07c48,classified,Pseudorchis albida,Leaf mass per area,13,1,4,10,1,0,,domain_outlier;taxon_outlier,0,0,0,,,approve_none_grouped
8d86f217296c242f7fc0828a3e1d6049e8f16b6b7e0c8535bdc4c4690cb2832d,classified,Pseudotsuga menziesii,Leaf mass per area,207,3,49,19,36,0,,domain_outlier;taxon_outlier,0,0,0,,,approve_none_grouped
412afce7126df7e3550a28f88f57574ded9d21bd7acc1f5131c9f58162105379,classified,Pteridium aquilinum,Leaf mass per area,81,3,22,0,12,0,,taxon_outlier,0,0,0,,,approve_none_grouped
0589cfe2ce48d932903eeae39109a6b0af9e3fafb49ebf0030135bfc7e1ac68f,classified,Puccinellia distans,Leaf mass per area,20,2,3,18,2,0,,domain_outlier;taxon_outlier,0,0,0,,,approve_none_grouped
f9a0e5f263f7f1cc3e4004df92821731c346c14fb323cb3d11e2d282b3428c3a,classified,Puccinellia maritima,Leaf mass per area,36,1,17,0,2,0,,taxon_outlier,0,0,0,,,approve_none_grouped
4a2387150bc2a6d165970a01df635700ce7feb96db22ad99c5735814882b7300,classified,Pueraria montana,Leaf mass per area,41,1,3,0,5,0,,taxon_outlier,0,0,0,,,approve_none_grouped
237d0936e53de18aceadcbd84b7e57f162c9acc27bd9aa37b69bce581e4d18db,classified,Pulsatilla,Leaf mass per area,51,1,8,32,4,0,,domain_outlier;taxon_outlier,0,0,0,,,approve_none_grouped
4ddcf232deafeefeb8ddc115f9e628f8260816e0c8382e3c61e8ab0ab5341507,classified,Pulsatilla patens,Leaf mass per area,10,1,2,0,1,0,,taxon_outlier,0,0,0,,,approve_none_grouped
b91235de71a7b56e4a015c22409715225879a04c34b73c41e01b500001a970c9,classified,Pulsatilla vernalis,Leaf mass per area,11,1,3,0,3,0,,taxon_outlier,0,0,0,,,approve_none_grouped
d3248cfce19f0223995b9c3c363784fd37cb547c585f32acaf350ef578474066,classified,Pyrola minor,Leaf mass per area,35,2,9,0,7,0,,taxon_outlier,0,0,0,,,approve_none_grouped
e91c2eaa3291c365e0c08f4ba41cc5378adf706162994de056f844028de8968a,classified,Pyrola rotundifolia,Leaf mass per area,22,1,5,0,1,0,,taxon_outlier,0,0,0,,,approve_none_grouped
4d75fd3a079b5b739079b64e3eae5106e8fb9d5490bacaf7ad9e03e9b8ced318,classified,Pyrus bourgaeana,Leaf mass per area,14,2,13,0,3,0,,taxon_outlier,0,0,0,,,approve_none_grouped
e98ec580025c01053752e70906343f8b3c64f1c8e727e4b705d06e789bacbb28,classified,Pyrus spinosa,Leaf mass per area,52,1,5,0,2,0,,taxon_outlier,0,0,0,,,approve_none_grouped
f259092932e254ec7339e5ad03db29570ef930ffcf91c249461fcb9bd70897b8,classified,Quercus,Leaf mass per area,12,1,8,0,1,0,,taxon_outlier,0,0,0,,,approve_none_grouped
5e2ea0edbb1400d6cb540026f6c11f7243307634f47f1cead134d8ac1f247e98,classified,Quercus acutissima,Leaf mass per area,40,1,2,0,2,0,,taxon_outlier,0,0,0,,,approve_none_grouped
eb8a2021d7ca5d467835890935fd8733e5cfe18867100bc99b870c5623e6a26d,classified,Quercus alba,Leaf mass per area,489,3,53,0,25,0,,taxon_outlier,0,0,0,,,approve_none_grouped
f56eceebf4af7897043e1e3f136fd82de4709f774fcdace6c7ae83b38aeb18a3,classified,Quercus canariensis,Leaf mass per area,21,2,8,0,3,0,,taxon_outlier,0,0,0,,,approve_none_grouped
dc00a62e0952927173880f77651bacd10824b25733ef3915b5f1437a2fcd3ede,classified,Quercus cerris,Leaf mass per area,26,1,12,0,4,0,,taxon_outlier,0,0,0,,,approve_none_grouped
5e356971f345e329c01eaa2e7cf69f80a08e80293333dcbb985cd662b271cfa3,classified,Quercus coccifera,Leaf mass per area,367,3,94,15,59,0,,domain_outlier;taxon_outlier,0,0,0,,,approve_none_grouped
8ba09ea226f5a1b27f6dfaedd868408713afb6eda9a328ebf82111121ff6c1e1,classified,Quercus douglasii,Leaf mass per area,474,2,7,0,46,0,,taxon_outlier,0,0,0,,,approve_none_grouped
b0b1ab01b613fb9d921323374644a33d057151d8a4f21929dc413f2ad9b38fb8,classified,Quercus ellipsoidalis,Leaf mass per area,87,3,13,0,9,0,,taxon_outlier,0,0,0,,,approve_none_grouped
37c514fc6609bc35c681f356f5be835d500a69947d6b8854d0944907056c026a,classified,Quercus falcata,Leaf mass per area,66,1,15,0,5,0,,taxon_outlier,0,0,0,,,approve_none_grouped
764ce91bc601fab9ae001d9f5205be2b6d2ca67be053824f84413f59ecd79380,classified,Quercus gambelii,Leaf mass per area,56,1,20,0,7,0,,taxon_outlier,0,0,0,,,approve_none_grouped
e3789b11067035ba1f640dfc1ecfafe190f9d0e3d92d0161af396aa21286df8f,classified,Quercus ilex,Leaf mass per area,968,3,269,101,172,0,,domain_outlier;taxon_outlier,0,0,0,,,approve_none_grouped
9e4ee49420d13f53d707222ae031c0a48151ad6b5cec9e662bc1820b02590de4,classified,Quercus macrocarpa,Leaf mass per area,68,3,24,0,10,0,,taxon_outlier,0,0,0,,,approve_none_grouped
25dc8ec48009cbf83c5f4d58a9955bf87de1b1fee37a3a52cf58166152490d84,classified,Quercus marilandica,Leaf mass per area,89,3,10,0,1,0,,taxon_outlier,0,0,0,,,approve_none_grouped
724c0bedc3601de8ce956b04cc9ff18e42f5d9b64cd7f56d3456101ee5113aa4,classified,Quercus muehlenbergii,Leaf mass per area,11,3,5,0,3,0,,taxon_outlier,0,0,0,,,approve_none_grouped
d1df93e90b733c3990e24a9e504ab894e2f9f137b122bce59034c2bb08d19342,classified,Quercus nigra,Leaf mass per area,48,1,10,0,6,0,,taxon_outlier,0,0,0,,,approve_none_grouped
5b521b454f9d738d091af346200ac993226eb5396dd17d908d57695ea0147377,classified,Quercus petraea,Leaf mass per area,838,2,37,5,128,0,,domain_outlier;taxon_outlier,0,0,0,,,approve_none_grouped
f77a7e6ed3375c71f6d707823cde5613a62a0a5bf0d1f8000ee9adfd823779bc,classified,Quercus pubescens,Leaf mass per area,43,2,26,0,11,0,,taxon_outlier,0,0,0,,,approve_none_grouped
7091db837f9eb1a2420e7c45f97ea95b1233ffe5d233ff501b1333e918e3ef9c,classified,Quercus pyrenaica,Leaf mass per area,177,2,49,71,4,0,,domain_outlier;taxon_outlier,0,0,0,,,approve_none_grouped
a5287632101b21bb6f077236ab75add8477541f74392edfdff499217f5b3f921,classified,Quercus robur,Leaf mass per area,256,3,60,68,1,0,,domain_outlier;taxon_outlier,0,0,0,,,approve_none_grouped
6aec18075fc63aa0ffde7bf55a9317fdc6e5eb28309658ec4abd094d484fd59e,classified,Quercus rotundifolia,Leaf mass per area,26,2,16,7,4,0,,domain_outlier;taxon_outlier,0,0,0,,,approve_none_grouped
34ed5b1072b3ad7a93b732da71451d3549767e03c4245492a98591c94cd8610d,classified,Quercus rubra,Leaf mass per area,572,3,81,2,18,0,,domain_outlier;taxon_outlier,0,0,0,,,approve_none_grouped
9f01a610bdc3f52ce6536be50a1e69caab3d79a953081679b10370b2ae3bba96,classified,Quercus stellata,Leaf mass per area,72,3,8,0,11,0,,taxon_outlier,0,0,0,,,approve_none_grouped
458f0568cda7498e2dd6611507e6dca938797641305f069f517acc743934d825,classified,Quercus suber,Leaf mass per area,332,2,81,229,2,0,,domain_outlier;taxon_outlier,0,0,0,,,approve_none_grouped
ae6428d062a4f2b2885e4bc5f98a859978adc4e718e0548253f27612ef5913e8,classified,Quercus velutina,Leaf mass per area,192,3,18,0,2,0,,taxon_outlier,0,0,0,,,approve_none_grouped
30772275be87767f333135b8ae967fe58eed25880695811a6c90d08d433b31cb,classified,Ranunculus acris,Leaf mass per area,334,3,83,76,75,0,,domain_outlier;taxon_outlier,0,0,0,,,approve_none_grouped
5356c318a8102ea40b5d35cb5d6d7baa56b223a74b2fb08a16560c59696a80d2,classified,Ranunculus adoneus,Leaf mass per area,12,1,3,0,3,0,,taxon_outlier,0,0,0,,,approve_none_grouped
67ff29c8bbf583b6116277eebb9a22de4dac23db6cbddeec52fef0ee8aca14b8,classified,Ranunculus alpestris,Leaf mass per area,28,1,4,27,5,0,,domain_outlier;taxon_outlier,0,0,0,,,approve_none_grouped
6fb795ad546d55df8ae0ba617d9b7abc19d556a665485d77365b74487df9eeff,classified,Ranunculus californicus,Leaf mass per area,14,1,1,0,3,0,,taxon_outlier,0,0,0,,,approve_none_grouped
60e61a3f36a135f89ad1b6a6a34d6484dd8108deb2d5896fd016b929b6a2749e,classified,Ranunculus montanus,Leaf mass per area,43,1,14,28,1,0,,domain_outlier;taxon_outlier,0,0,0,,,approve_none_grouped
e8ad640f1fb6d40680e2ffbfb2de32b0b697fb166e7c398c41bc80fcb4054c3f,classified,Ranunculus nivalis,Leaf mass per area,13,1,2,0,2,0,,taxon_outlier,0,0,0,,,approve_none_grouped
e77b9a72edb3652fc8df324d5e31f7c5c9ab179f5e0d7b4a7b5939109a815661,classified,Ranunculus polyanthemos,Leaf mass per area,11,2,6,0,2,0,,taxon_outlier,0,0,0,,,approve_none_grouped
4e36b485c2222147c464a32eb76c54319ce661601accbc07a05114d916af1dec,classified,Ranunculus pygmaeus,Leaf mass per area,12,1,1,0,3,0,,taxon_outlier,0,0,0,,,approve_none_grouped
7151a19b7862d1d73ae9e51a0b1505768494e4784346625b019cf504807d6e8a,classified,Ranunculus repens,Leaf mass per area,176,2,15,15,16,0,,domain_outlier;taxon_outlier,0,0,0,,,approve_none_grouped
0060caa50510386edbb65c04fc03d0f695e10f19df9d84ca6fc889ef64f70347,classified,Raphanus sativus,Leaf mass per area,218,1,2,0,21,0,,taxon_outlier,0,0,0,,,approve_none_grouped
af1ef32bf8d40af62d59a91bb81db6f96ed085a6ee943ce4ce4decec4c8d2234,classified,Ratibida pinnata,Leaf mass per area,83,2,55,0,21,0,,taxon_outlier,0,0,0,,,approve_none_grouped
154758b7612e60386909dc27ccedfa1499dac4f9337ac76d8e4cc418b639cc40,classified,Reseda lutea,Leaf mass per area,11,1,2,0,2,0,,taxon_outlier,0,0,0,,,approve_none_grouped
364df09d30f9dedb6ffa978998d6f0e7c83d65b122f56abb763f08ea7bf66a94,classified,Reseda phyteuma,Leaf mass per area,17,1,4,0,1,0,,taxon_outlier,0,0,0,,,approve_none_grouped
4bd6f2455d4400abfcfa7f33bd0c93a72406fd1208a14403a3042ac72155e59b,classified,Rhamnus alaternus,Leaf mass per area,26,3,18,2,1,0,,domain_outlier;taxon_outlier,0,0,0,,,approve_none_grouped
383add401734de61ddd0c28b41c6bee835cbf1cd2feb48e52beccaababf5cd4d,classified,Rhamnus cathartica,Leaf mass per area,51,3,16,0,13,0,,taxon_outlier,0,0,0,,,approve_none_grouped
fa7aeb863864c9f76f8c6061adebee9290dab81b9e45b141d958838af76785c7,classified,Rhamnus lycioides,Leaf mass per area,66,2,15,2,3,0,,domain_outlier;taxon_outlier,0,0,0,,,approve_none_grouped
1d96c70f55972b3f4603f966b402d0defb860149369575910a60f71300cd398e,classified,Rhinanthus glacialis,Leaf mass per area,13,2,4,10,1,0,,domain_outlier;taxon_outlier,0,0,0,,,approve_none_grouped
13ce61f34c2592c60017f2b3ae6f53ff936bd30a62f448f1df41bcafed079d47,classified,Rhinanthus minor,Leaf mass per area,14,2,10,0,5,0,,taxon_outlier,0,0,0,,,approve_none_grouped
91fc70b05a1e4c8638fe6d0db9eea70a799a6d5d7fa3fe51857340a1af8b2146,classified,Rhodiola rosea,Leaf mass per area,28,2,8,0,6,0,,taxon_outlier,0,0,0,,,approve_none_grouped
9d57c0ff91bd6a7e32f87df0433954ce1748b7948aa47c57d8192cb00c81817a,classified,Rhododendron ferrugineum,Leaf mass per area,50,1,5,25,10,0,,domain_outlier;taxon_outlier,0,0,0,,,approve_none_grouped
d6c39a1ac6360bec63b78177e3edff33fe99ea6c8dfb7954d82bfbbb2cb075ec,classified,Rhododendron groenlandicum,Leaf mass per area,53,3,17,7,2,0,,domain_outlier;taxon_outlier,0,0,0,,,approve_none_grouped
3bafe460a366accf5d9289d45b53fc66a6128ad586f3ed4bbe3be480ed44c6f1,classified,Rhododendron maximum,Leaf mass per area,11,3,10,3,3,0,,domain_outlier;taxon_outlier,0,0,0,,,approve_none_grouped
6f013729db8208444276f8126e0af366a12c9edf48a544ed5708386495e57aee,classified,Rhus glabra,Leaf mass per area,26,2,6,0,1,0,,taxon_outlier,0,0,0,,,approve_none_grouped
ae7ca127e83d0494f850381aaf83d64f6214d71acff8796850acfe155d611f29,classified,Ribes nigrum,Leaf mass per area,27,1,9,0,4,0,,taxon_outlier,0,0,0,,,approve_none_grouped
797ab173f827da816cbe13ac11fbb5bddd685dcf39370f6df7b9e429a3af8cd8,classified,Ribes uva-crispa,Leaf mass per area,45,2,12,0,8,0,,taxon_outlier,0,0,0,,,approve_none_grouped
80676ec725dd2fdea2d3748b21e66cf8327c5684cc4c874b11e509c75469b5be,classified,Robinia neomexicana,Leaf mass per area,26,1,7,0,8,0,,taxon_outlier,0,0,0,,,approve_none_grouped
d81534062ab516df5d0bca580ac52419673d8c6d71691264949afdda83d8e8f4,classified,Robinia pseudoacacia,Leaf mass per area,68,3,25,0,9,0,,taxon_outlier,0,0,0,,,approve_none_grouped
39cca5e0a78bdf1374be32f4fcf11a365978408c6835af7bb0bd6dc55d45ebe1,classified,Rosa,Leaf mass per area,94,2,16,0,25,0,,taxon_outlier,0,0,0,,,approve_none_grouped
174e2984c4178bc8b8e09d7c09f03c0d588c42c7dd25c66933c57119b46a400b,classified,Rosa arkansana,Leaf mass per area,11,1,2,0,3,0,,taxon_outlier,0,0,0,,,approve_none_grouped
9ffe0737ff89c9958d966052ae40e04acd41e5dbac6ae7ee50eda13bffc590fb,classified,Rosa arvensis,Leaf mass per area,132,2,11,0,18,0,,taxon_outlier,0,0,0,,,approve_none_grouped
9d280a02c74a8b7f7c9b8d36ef081f2bdea9dfbe8ffc28119c2ebab9612eb838,classified,Rosa canina,Leaf mass per area,38,3,17,1,1,0,,domain_outlier;taxon_outlier,0,0,0,,,approve_none_grouped
51337d5519acb55caba7b12b791379c636877bfa6da9eba426a9f1148054b6eb,classified,Rosa pendulina,Leaf mass per area,16,1,3,0,3,0,,taxon_outlier,0,0,0,,,approve_none_grouped
e2166f63e517ad82ff638a7f5da9e4e1eee780ea23166a82bd602d6a6c811bff,classified,Rosa rubiginosa,Leaf mass per area,10,1,1,0,1,0,,taxon_outlier,0,0,0,,,approve_none_grouped
a337a55e60f5d8970e81cabf7b69f898b90278b139996b910c520dfe109508f3,classified,Rubia peregrina,Leaf mass per area,31,3,23,0,1,0,,taxon_outlier,0,0,0,,,approve_none_grouped
ba72d670c168d07d268340c0b93218cd558f23dac98c95b445a1cada0b2b8003,classified,Rubus,Leaf mass per area,83,2,27,0,2,0,,taxon_outlier,0,0,0,,,approve_none_grouped
a9baf8f5ee0e5cc77eddc43675292d396285f9036b353e5afe49d6ed4209f1ae,classified,Rubus allegheniensis,Leaf mass per area,65,2,5,0,4,0,,taxon_outlier,0,0,0,,,approve_none_grouped
0e3ebfc6415d9c66de1b1656040cbb012257e6e418b2b81457d02f46d96dc92f,classified,Rubus caesius,Leaf mass per area,31,2,22,0,6,0,,taxon_outlier,0,0,0,,,approve_none_grouped
4870c306b9723228d2139a65aea758f3c13862bdcd7a53f73dae3142ebbb38fc,classified,Rubus cochinchinensis,Leaf mass per area,87,2,18,0,14,0,,taxon_outlier,0,0,0,,,approve_none_grouped
1e78b274fbb928c30fc51ee2ac5b648dfb453a1961972dffc85f32eb55618333,classified,Rubus cuneifolius,Leaf mass per area,24,1,4,0,4,0,,taxon_outlier,0,0,0,,,approve_none_grouped
ee1576ea891bc4a83e0337673b0ea934978fba381e883af6a77214e14919edb7,classified,Rubus idaeus,Leaf mass per area,76,3,27,7,7,0,,domain_outlier;taxon_outlier,0,0,0,,,approve_none_grouped
58362e922092630c6c7430e5d5d4878dbd32cadcfbda20f66e21110547732481,classified,Rubus plicatus,Leaf mass per area,10,2,7,0,2,0,,taxon_outlier,0,0,0,,,approve_none_grouped
4986e5ab10be54c8a9d961f2200c1fe99a30baee74da0c334c9441facd8f7ded,classified,Rubus ulmifolius,Leaf mass per area,139,3,25,0,6,0,,taxon_outlier,0,0,0,,,approve_none_grouped
cc939d1942537a510bcd69a2e37b761474e08c12957a24613f26706feea52c7a,classified,Rubus ursinus,Leaf mass per area,34,2,5,0,6,0,,taxon_outlier,0,0,0,,,approve_none_grouped
d54ab759c200d0d63c874b938b250987939e6851dd84217c9eddca7fa9d136cf,classified,Rudbeckia hirta,Leaf mass per area,38,3,8,1,1,0,,domain_outlier;taxon_outlier,0,0,0,,,approve_none_grouped
f851c4d793ea8c01c7a754e4138c38ccb59701ee9d818001473271488a43daae,classified,Rudbeckia triloba,Leaf mass per area,10,1,1,0,3,0,,taxon_outlier,0,0,0,,,approve_none_grouped
acd13d4177a88c9837dc0ba6e37ecffb81de2667b7b65947a16ce39a028ce00b,classified,Rumex acetosa,Leaf mass per area,284,2,64,36,47,0,,domain_outlier;taxon_outlier,0,0,0,,,approve_none_grouped
da4c4e3f3de0f57789ff7a46d4f615a4ba63626b23af6b47cdf75f0a47f1ed27,classified,Rumex acetosella,Leaf mass per area,128,3,24,0,14,0,,taxon_outlier,0,0,0,,,approve_none_grouped
5f7207d4226e1d9dff4cb1525591d098b9c727b8367fdb733d22c7b146aea5c5,classified,Rumex alpinus,Leaf mass per area,34,1,3,32,2,0,,domain_outlier;taxon_outlier,0,0,0,,,approve_none_grouped
94d4d211216d6f16e0f8dec9286a1c181ae5c329aeeccb28211e472eb75607db,classified,Rumex crispus,Leaf mass per area,16,2,5,0,4,0,,taxon_outlier,0,0,0,,,approve_none_grouped
4d5d8bd4ceb020d82a6cdafde661ac9a1d1ea861484d35c16f3cd017b4645a2b,classified,Rumex scutatus,Leaf mass per area,68,1,12,56,18,0,,domain_outlier;taxon_outlier,0,0,0,,,approve_none_grouped
1687ec52d31cd951bfaeaf1f67948bf6ba7725374360d105cc0cab9d60f20bb6,classified,Sabulina glaucina,Leaf mass per area,10,1,1,1,1,0,,domain_outlier;taxon_outlier,0,0,0,,,approve_none_grouped
bd1f9eb2a638296011a4591e8316a13228ddd7aa61a981cef3db6e10c930f1e5,classified,Sagittaria latifolia,Leaf mass per area,11,2,2,0,2,0,,taxon_outlier,0,0,0,,,approve_none_grouped
646aa2e7dfe1abf5e832b771b710c2ee15bc35e2a12b80c3b177c2c4880caa1f,classified,Salix,Leaf mass per area,133,2,25,0,19,0,,taxon_outlier,0,0,0,,,approve_none_grouped
734f61a2f647ba826245d39931c003cbf862de0c4b5247b75c851a99343a1c56,classified,Salix babylonica,Leaf mass per area,40,1,2,0,2,0,,taxon_outlier,0,0,0,,,approve_none_grouped
0a6239e56d6eba5ce558fe6571165571af93bcf8d3a539d4454db81fbfbc9b9f,classified,Salix caprea,Leaf mass per area,61,2,12,0,8,0,,taxon_outlier,0,0,0,,,approve_none_grouped
d9c492ca900df6e68aa99e3a3ce71370ba6a683c9ecc6b4dbeea3c5473c512b8,classified,Salix cinerea,Leaf mass per area,19,2,12,0,5,0,,taxon_outlier,0,0,0,,,approve_none_grouped
5d84f690b74732306be60236b88f8b9f9e3c1d8c0308bb7ddc55e5cb18471cb0,classified,Salix glauca,Leaf mass per area,31,3,20,0,7,0,,taxon_outlier,0,0,0,,,approve_none_grouped
6e90651167008661332b8d8488ba33e3e5731e937e07008e8f9b244c5526ce9f,classified,Salix gmelinii,Leaf mass per area,154,1,12,0,13,0,,taxon_outlier,0,0,0,,,approve_none_grouped
c24110d1259eb8e44bcf0791d60df6a85bfc38d41f57c0fae5140d820c08f486,classified,Salix hastata,Leaf mass per area,12,1,3,0,3,0,,taxon_outlier,0,0,0,,,approve_none_grouped
8fb11bca16803afd6eb0f1740b9775d2c36f535e1db96e70a499d9c64399de5c,classified,Salix herbacea,Leaf mass per area,212,2,46,0,32,0,,taxon_outlier,0,0,0,,,approve_none_grouped
b261c094f963e7404dc1ab3bfcd38c6f728ec1670c06fea872cff986319ece80,classified,Salix lanata,Leaf mass per area,14,1,3,0,5,0,,taxon_outlier,0,0,0,,,approve_none_grouped
c800a90dc416c0f99163b2115bf7861a3f866e4dc802c5daa9e66ffac26c1915,classified,Salix lucida,Leaf mass per area,11,2,11,0,1,0,,taxon_outlier,0,0,0,,,approve_none_grouped
3d5d0045f820d17e5608e8c6996fa9bc6245eb2fe081d6a6bbaddba971fcc4b3,classified,Salix myrsinifolia,Leaf mass per area,549,1,9,0,53,0,,taxon_outlier,0,0,0,,,approve_none_grouped
019091aed88387f975f737308871ca2e5b4cb090d423a9b3ee5f04de26a51814,classified,Salix myrsinites,Leaf mass per area,11,1,8,0,2,0,,taxon_outlier,0,0,0,,,approve_none_grouped
7098e45df759366fab2c814c6eff812bdc6581e5586cd03b87e2b367ed856ec6,classified,Salix reticulata,Leaf mass per area,81,1,16,1,19,0,,domain_outlier;taxon_outlier,0,0,0,,,approve_none_grouped
63ae3e08f320135b4492369087c4e74f2e80f7ab9af7fff6773011988cbddf5b,classified,Salix retusa,Leaf mass per area,21,1,3,0,2,0,,taxon_outlier,0,0,0,,,approve_none_grouped
44d21debd8fde8ab021459a884a7f9e2d0857e577c59c48eed81f2e988b28999,classified,Salix rosmarinifolia,Leaf mass per area,23,2,4,0,4,0,,taxon_outlier,0,0,0,,,approve_none_grouped
cedf9e02c8ee2f204843752fa3a04dbe8212702c1bc120aacef4de6a879cd739,classified,Salix viminalis,Leaf mass per area,31,1,9,0,2,0,,taxon_outlier,0,0,0,,,approve_none_grouped
d0ba4e2993f3027b860b3acd77f470c7e7c138710f6f42aef283390ac39600c0,classified,Salvia aethiopis,Leaf mass per area,10,1,1,1,2,0,,domain_outlier;taxon_outlier,0,0,0,,,approve_none_grouped
3cadfb2bfe92ed688cd37b44e0fbeadabbfd45c7cc8e1c4502f750d8770381a3,classified,Salvia nemorosa,Leaf mass per area,10,1,1,0,1,0,,taxon_outlier,0,0,0,,,approve_none_grouped
b870d753566c13f811861002711c5d19a12ea8cfc6a88c2f789b0e761b021b8c,classified,Salvia officinalis,Leaf mass per area,29,1,7,1,5,0,,domain_outlier;taxon_outlier,0,0,0,,,approve_none_grouped
c13a4283d7d0857ce78a9c93059dc5896899f366b40e9731d3d41d6e2135f94e,classified,Salvia pratensis,Leaf mass per area,10,2,3,0,1,0,,taxon_outlier,0,0,0,,,approve_none_grouped
90f1fead840dfbe943775a6a9ee819f95eb366cccf28e83ee771a2c9a58b3415,classified,Salvia rosmarinus,Leaf mass per area,336,3,47,17,69,0,,domain_outlier;taxon_outlier,0,0,0,,,approve_none_grouped
0ed12a771f2e37e033f3957f6a82cab0129fd72ff5071b90b96e6b9378b7c100,classified,Sambucus nigra,Leaf mass per area,90,3,24,0,15,0,,taxon_outlier,0,0,0,,,approve_none_grouped
9af5c8f5bd3500ce8cf51bcbe586adff45588eab4be5eb64b59d181a80685c59,classified,Sambucus racemosa,Leaf mass per area,43,2,18,7,7,0,,domain_outlier;taxon_outlier,0,0,0,,,approve_none_grouped
252a3a65f47cf5a7cf2503aa403b58912d6e278492fcd8095318a21cb428bf3e,classified,Sanguisorba officinalis,Leaf mass per area,57,1,4,20,10,0,,domain_outlier;taxon_outlier,0,0,0,,,approve_none_grouped
f5a77d4251febb8a0c797313d355f41be16731a5c3e53d26448511a17151ed60,classified,Sarracenia flava,Leaf mass per area,18,1,1,3,1,0,,domain_outlier;taxon_outlier,0,0,0,,,approve_none_grouped
37169af29e4dc1b07bf2af028acc72a3f951ad2bfc5141e3eef6a22625a71bf6,classified,Sarracenia leucophylla,Leaf mass per area,13,1,1,2,2,0,,domain_outlier;taxon_outlier,0,0,0,,,approve_none_grouped
20ea1b972d0a4aea75ce39348e00bbc6da8dedc9eb8a1ddcb73cfc23961a0db3,classified,Sarracenia rubra,Leaf mass per area,12,1,1,0,1,0,,taxon_outlier,0,0,0,,,approve_none_grouped
4710926dc67c4b7b6d43d34099fc40bb65f87cc6a0c65e87956bdc5b65fdba6d,classified,Sassafras albidum,Leaf mass per area,467,3,31,0,10,0,,taxon_outlier,0,0,0,,,approve_none_grouped
f1fa2963aa25c899fa211b69a8f054445e2e2a7216e133cfdc06888858a2ea6c,classified,Saussurea alpina,Leaf mass per area,65,2,21,0,7,0,,taxon_outlier,0,0,0,,,approve_none_grouped
6cabb8bbecb46e43b49d1082208074b5346a73df4a2baaa018e8627afa42b9cd,classified,Saxifraga aizoides,Leaf mass per area,32,1,5,17,1,0,,domain_outlier;taxon_outlier,0,0,0,,,approve_none_grouped
f20707b4417d5d3a72cb0cea329d68d0f149696acfcebb4430919bff503e4e70,classified,Saxifraga androsacea,Leaf mass per area,13,1,2,13,1,0,,domain_outlier;taxon_outlier,0,0,0,,,approve_none_grouped
4cda36c0b8b3925c91e7875fafceed69b7917d27d5a02f3758617d3af0427aa5,classified,Saxifraga bryoides,Leaf mass per area,10,1,1,0,1,0,,taxon_outlier,0,0,0,,,approve_none_grouped
5f89c650eb1662447159638f656092b8d900304d8b879479eb121e41e739890b,classified,Saxifraga exarata,Leaf mass per area,11,1,2,10,1,0,,domain_outlier;taxon_outlier,0,0,0,,,approve_none_grouped
5bfb10c6c28ef14b2aea534965dada3119f17f15855820caafd02189f884dcaa,classified,Saxifraga oppositifolia,Leaf mass per area,27,1,4,6,4,0,,domain_outlier;taxon_outlier,0,0,0,,,approve_none_grouped
30fb44408f0f5963f7994efb07cdfc5dfbc422eb5f81ad17e0f3676e5287d54e,classified,Saxifraga rotundifolia,Leaf mass per area,247,2,19,9,17,0,,domain_outlier;taxon_outlier,0,0,0,,,approve_none_grouped
72448c8602c8c57ec50d0ef89043a0b541ec66bfb66ffd9fbe8b4c444abb70a7,classified,Scabiosa columbaria,Leaf mass per area,380,2,17,13,13,0,,domain_outlier;taxon_outlier,0,0,0,,,approve_none_grouped
5520b9e1c00b5b6fd65a57a1c72f056e04f451f152321027b25a1bce4c611389,classified,Scabiosa ochroleuca,Leaf mass per area,20,1,2,0,2,0,,taxon_outlier,0,0,0,,,approve_none_grouped
194b78d69272f44999d757a638f0faaa01fe4789d36bc3bdcfd5cb30dfe964ad,classified,Sceptridium lunarioides,Leaf mass per area,16,1,6,0,2,0,,taxon_outlier,0,0,0,,,approve_none_grouped
16958f9d46112b69b4bda6b9f234f2b3de3bdfb9f33e54de7959d45aeb82f82c,classified,Schizachyrium scoparium,Leaf mass per area,133,3,68,1,30,0,,domain_outlier;taxon_outlier,0,0,0,,,approve_none_grouped
d53ca633d7ad5ef1bcba29b12552d12722a64668d5c3438977735c95ce2e9132,classified,Schoenoplectus lacustris,Leaf mass per area,10,1,1,10,2,0,,domain_outlier;taxon_outlier,0,0,0,,,approve_none_grouped
ca171eacc939442f885574d6f7d7c9fbf3fd475b4ee64abf6905cbee670c3971,classified,Schoenus nigricans,Leaf mass per area,11,2,2,0,2,0,,taxon_outlier,0,0,0,,,approve_none_grouped
a371947752d366d2a833fe8ddb5fd21e787276fc84fee6d2221e08afc63a97ae,classified,Scilla bifolia,Leaf mass per area,18,1,4,0,2,0,,taxon_outlier,0,0,0,,,approve_none_grouped
0d09c42892581670ff1b38243e028a6ba05e7ccb6842a43f2d00a8135f010edd,classified,Scilla vindobonensis,Leaf mass per area,14,1,2,0,1,0,,taxon_outlier,0,0,0,,,approve_none_grouped
5e40300940ed494dc298b14188568d029e12537039d3574fd8c2f016cb3e800c,classified,Scirpoides holoschoenus,Leaf mass per area,10,1,1,0,2,0,,taxon_outlier,0,0,0,,,approve_none_grouped
bb448f36062f142af3496b94029044ecc554fa871925b7aee65b9f595ca7f55d,classified,Scirpus atrovirens,Leaf mass per area,19,2,2,0,2,0,,taxon_outlier,0,0,0,,,approve_none_grouped
d8ed0ca3c24701192ed595f5d761b41450736e1e919b6bd9ebe06c185ffe0891,classified,Scirpus cyperinus,Leaf mass per area,10,1,1,0,1,0,,taxon_outlier,0,0,0,,,approve_none_grouped
143c288e16bab5b5cb8bf67be1c68554b807cd0930335e1470fad39c147598ad,classified,Scopolia carniolica,Leaf mass per area,15,1,1,0,1,0,,taxon_outlier,0,0,0,,,approve_none_grouped
709785d96d11feacd17890d2f88e90ddb564f8108474d6d28e0d194f9d6fc669,classified,Scorzonera calcitrapifolia,Leaf mass per area,11,1,2,0,2,0,,taxon_outlier,0,0,0,,,approve_none_grouped
0d3e2fb4745eceb1be8e5e2ff102cd023b03f2eb698cc9b23f866b2bf5ba6fbf,classified,Scorzonera cana,Leaf mass per area,11,2,2,0,2,0,,taxon_outlier,0,0,0,,,approve_none_grouped
d5a9f11142038db03c93f1e779a846fa144969e6432419017db84fa6b1b73aa0,classified,Scorzonera laciniata,Leaf mass per area,14,2,4,0,5,0,,taxon_outlier,0,0,0,,,approve_none_grouped
4d8a341bdd50d9f11b337b192d5fcc143b77a4f6fb2b3bc98dbe6b1f3fc732b8,classified,Scorzoneroides autumnalis,Leaf mass per area,131,2,23,19,25,0,,domain_outlier;taxon_outlier,0,0,0,,,approve_none_grouped
fe2d92269171c36081fa0b77a9c54d6f7c169ba1c28ecef36f3dc65053d574f3,classified,Sedum urvillei,Leaf mass per area,10,1,1,1,2,0,,domain_outlier;taxon_outlier,0,0,0,,,approve_none_grouped
c78b32358cb39fd273de94bde16f04b97bc118c83aae236ba17fe5e1d220fe93,classified,Sempervivum montanum,Leaf mass per area,10,1,1,10,1,0,,domain_outlier;taxon_outlier,0,0,0,,,approve_none_grouped
9bfd873153e1fb56038ac6493c5d05f96588b141e6aa7959ee51cf38d02977e9,classified,Senecio vulgaris,Leaf mass per area,36,2,11,0,3,0,,taxon_outlier,0,0,0,,,approve_none_grouped
e0a88f9893a9333e0d0b4da0d202d0ff409ba58a930fb80ff53958a5efda6e90,classified,Sequoia sempervirens,Leaf mass per area,44,2,7,0,2,0,,taxon_outlier,0,0,0,,,approve_none_grouped
cd3bd3b275f45a3d52ca0aef518f05b382d7c168f86746e939228e1758ba4bb7,classified,Seseli osseum,Leaf mass per area,15,1,3,0,2,0,,taxon_outlier,0,0,0,,,approve_none_grouped
31353b2570edb9b2263acea53b8bf9bbbc22608ca0a4fc7ff658f9a425bc7553,classified,Sesleria argentea,Leaf mass per area,10,1,1,0,1,0,,taxon_outlier,0,0,0,,,approve_none_grouped
1b6c04a3be7596f368bdc1841565b54f637058b55830ff356ccb0e74c5ea8131,classified,Sesleria caerulea,Leaf mass per area,69,2,16,1,12,0,,domain_outlier;taxon_outlier,0,0,0,,,approve_none_grouped
3c42b3ad634ce413b14b6372d5972015f2429b1faaf608dea0c6396c53c0a9e7,classified,Sesleria heufleriana,Leaf mass per area,30,2,4,0,2,0,,taxon_outlier,0,0,0,,,approve_none_grouped
d91eb88ab985d695bfa89cae58d184332548b7533fcddb1634a7dfa76f677d79,classified,Sesleria nitida,Leaf mass per area,222,2,14,0,1,0,,taxon_outlier,0,0,0,,,approve_none_grouped
a0dc5d6540a33991ee1879829660905cd8bfe74797a257d1e55eab79d2d7cff3,classified,Sesuvium maritimum,Leaf mass per area,40,1,2,0,2,0,,taxon_outlier,0,0,0,,,approve_none_grouped
779218c2148c677525fd6d14e48a610027b2750f4ca612ae27daaf4a6bb5a7af,classified,Setaria italica,Leaf mass per area,11,2,3,0,3,0,,taxon_outlier,0,0,0,,,approve_none_grouped
2794da0069f61fecd22fb69bf5bba2bb38006878710bd846ceb527d1a532cc56,classified,Sibbaldia procumbens,Leaf mass per area,130,2,21,1,33,0,,domain_outlier;taxon_outlier,0,0,0,,,approve_none_grouped
b3ab8a9a44117d45d67b950a7d23944ff020c3fd0119852688f26634bbaa084e,classified,Sidalcea malviflora,Leaf mass per area,102,1,1,0,8,0,,taxon_outlier,0,0,0,,,approve_none_grouped
d7b16a768c30ad0d51b388b51aa60d923e699d4869d853fec77e90e153dd522e,classified,Sideroxylon lanuginosum,Leaf mass per area,36,3,3,0,2,0,,taxon_outlier,0,0,0,,,approve_none_grouped
4e65950fbc9dcc24d0686fe4e0eb33d3b58b3c94b7f820b28e7220b7f27104e9,classified,Silene acaulis,Leaf mass per area,56,1,13,27,12,0,,domain_outlier;taxon_outlier,0,0,0,,,approve_none_grouped
d8223bd39e28bdd164cd40d2071b1dfca7d04f5d02cefb445bdb69b64361dce2,classified,Silene borysthenica,Leaf mass per area,10,1,1,0,3,0,,taxon_outlier,0,0,0,,,approve_none_grouped
4661bb93da2ae28dc5158075dc7e8d578cfb253476ec1edecde92e8d1ecf1bc9,classified,Silene conica,Leaf mass per area,11,2,2,0,3,0,,taxon_outlier,0,0,0,,,approve_none_grouped
ff37385926723203cc93b2bf870f3a6c11964b86111ecfd6189efda24086dd73,classified,Silene coronaria,Leaf mass per area,10,1,1,0,1,0,,taxon_outlier,0,0,0,,,approve_none_grouped
fe0d8e1c1829eafaaf20394a8c6cb83caa7f5d5e7c87bec3ba4f04e5c5c84b81,classified,Silene dioica,Leaf mass per area,71,2,7,14,14,0,,domain_outlier;taxon_outlier,0,0,0,,,approve_none_grouped
188012aa199f89014bca580df7b81dcb888a0451ada7cee073ea3891ffe5ccc2,classified,Silene flos-cuculi,Leaf mass per area,59,2,4,0,5,0,,taxon_outlier,0,0,0,,,approve_none_grouped
925bbd6bf41970e5f59a7285d7984073119ae3d02cd92048ba01c0010c3f8835,classified,Silene gallica,Leaf mass per area,285,3,8,0,34,0,,taxon_outlier,0,0,0,,,approve_none_grouped
ff70ece14736049bffe7c5151ba76ffdcd373485abb6c8718eeb5bcebf0772df,classified,Silene latifolia,Leaf mass per area,30,2,2,0,4,0,,taxon_outlier,0,0,0,,,approve_none_grouped
08136b53365829ddc6e163d47cf84e52baba42f73061954bae3b935ce80a9b9e,classified,Silene nivea,Leaf mass per area,14,1,1,0,3,0,,taxon_outlier,0,0,0,,,approve_none_grouped
f03ee0989a007fa5971946342b2bac0b5f6384dd53425c353439d62ff7db6bf0,classified,Silene nutans,Leaf mass per area,21,2,7,14,1,0,,domain_outlier;taxon_outlier,0,0,0,,,approve_none_grouped
197192e282730fbb4fd5e09c61644023de2107a9b9d7aa061beabfbbeacf0a4c,classified,Silene stellata,Leaf mass per area,21,2,2,0,1,0,,taxon_outlier,0,0,0,,,approve_none_grouped
bd13dfc34dcff5332496daada8b996e6dd3079daef1e24eec1b519f3c07b2626,classified,Silene viridiflora,Leaf mass per area,14,1,2,3,3,0,,domain_outlier;taxon_outlier,0,0,0,,,approve_none_grouped
62f62b347997a9f2c52761d4d13130a0cadd60af1f764ded9dbc9b4ba6bba03f,classified,Silene vulgaris,Leaf mass per area,86,2,11,17,18,0,,domain_outlier;taxon_outlier,0,0,0,,,approve_none_grouped
2af7a4891fb00f4bf5099fea528e116880b04bcc4f2998203412e5f9633f334a,classified,Simmondsia chinensis,Leaf mass per area,82,2,4,11,11,0,,domain_outlier;taxon_outlier,0,0,0,,,approve_none_grouped
3eac5fdda9d79d20b1c4922f3811a3b81c5a4b3507fb66056a1d42f24abc3a39,classified,Sisymbrium cavanillesianum,Leaf mass per area,11,2,2,0,2,0,,taxon_outlier,0,0,0,,,approve_none_grouped
028e994836fc1bde3efd23fe2618aef337113f61c9f95713384f2741931f1467,classified,Sisymbrium officinale,Leaf mass per area,10,2,2,0,2,0,,taxon_outlier,0,0,0,,,approve_none_grouped
48c2d0ba4793843f02de00d6b7337b1a01e041c10d6262f8045d96ae322053a3,classified,Sisymbrium polymorphum,Leaf mass per area,10,1,2,0,2,0,,taxon_outlier,0,0,0,,,approve_none_grouped
d9be9c38aa9a124fb46a674d0427369256079f730fb3e5fdc6a9c7e667fd7e6e,classified,Sisymbrium strictissimum,Leaf mass per area,10,1,1,0,1,0,,taxon_outlier,0,0,0,,,approve_none_grouped
5f976fce0366a2744494d8cb8fcf56219ca9b4ced0d5a42c91ddf62f2a6edb6d,classified,Sisyrinchium bellum,Leaf mass per area,33,2,5,0,1,0,,taxon_outlier,0,0,0,,,approve_none_grouped
ea8d4a432e546704ae9d53f8a3bfe9ed3d449e7f91bbbf583a0de2f6c8aaf255,classified,Sixalix atropurpurea,Leaf mass per area,41,2,10,4,8,0,,domain_outlier;taxon_outlier,0,0,0,,,approve_none_grouped
73a0c7227bb7f7f73574ef756119e2b7d55434bf74910cf55911d82a9f46d2c9,classified,Solanum carolinense,Leaf mass per area,21,1,2,0,4,0,,taxon_outlier,0,0,0,,,approve_none_grouped
d37d80ea18e33c7be22769bfc7cd3dbece7b34990fec9350fca1a808d717da6e,classified,Solanum dulcamara,Leaf mass per area,64,2,9,0,9,0,,taxon_outlier,0,0,0,,,approve_none_grouped
c867d00c9b5d29dece0facf5f17725f797db8bd11834de46ab06bc77b3e0366c,classified,Solanum sisymbriifolium,Leaf mass per area,40,1,2,0,4,0,,taxon_outlier,0,0,0,,,approve_none_grouped
6f4e9dd8cccdbaf9d21e03ef5a73b48b05d915d9ab5876a2d8829b1d1db9b156,classified,Soldanella pusilla,Leaf mass per area,17,1,3,6,3,0,,domain_outlier;taxon_outlier,0,0,0,,,approve_none_grouped
d879306f5be1486b13f9d365c0b3722de836bd467114b8c5e238706bd3641e9e,classified,Solidago canadensis,Leaf mass per area,1379,3,33,12,16,0,,domain_outlier;taxon_outlier,0,0,0,,,approve_none_grouped
7afb138724d6f3d7e3dd6bbf27d9b8e67dd3d1fb6a19994f14ec983f501de122,classified,Solidago gigantea,Leaf mass per area,79,2,8,0,14,0,,taxon_outlier,0,0,0,,,approve_none_grouped
1684539d214b06c867ee33917b3c38451ca0bdb96b4754123536c3a91fe1396e,classified,Solidago rigida,Leaf mass per area,113,3,68,1,26,0,,domain_outlier;taxon_outlier,0,0,0,,,approve_none_grouped
c15f0d73f80d3a2547e865a96431b68df7c26fa91231af99ed155216f3c20107,classified,Solidago spathulata,Leaf mass per area,30,1,3,1,5,0,,domain_outlier;taxon_outlier,0,0,0,,,approve_none_grouped
e30c2a3e5f4ba5e06ee6de1b23724edf43135359634accc315c9b4d86e74fec8,classified,Solidago velutina,Leaf mass per area,23,2,5,0,7,0,,taxon_outlier,0,0,0,,,approve_none_grouped
86de54bba5c2a3aa61b2703b7977bf3f00391b9da2d5c1e6fb96fa1d7d653439,classified,Solidago virgaurea,Leaf mass per area,262,3,48,0,11,0,,taxon_outlier,0,0,0,,,approve_none_grouped
aaf169279f214215869ebbfd4e499a47879c4037142e944321473c5877668391,classified,Sonchus arvensis,Leaf mass per area,12,2,3,0,2,0,,taxon_outlier,0,0,0,,,approve_none_grouped
612c3effaa7b038832993b1e916ab18b80c5589888df414ded8883ee5d0f84d0,classified,Sonchus asper,Leaf mass per area,405,1,23,0,25,0,,taxon_outlier,0,0,0,,,approve_none_grouped
0c15aeb3a69781cd24b3ba6bd134ff3bdfce3ff614fa2d688675907c51052e47,classified,Sonchus oleraceus,Leaf mass per area,15,2,7,0,1,0,,taxon_outlier,0,0,0,,,approve_none_grouped
125883772c058db65274855bed9a528ee663330dcc0d34f426f3cee244570bac,classified,Sorbus americana,Leaf mass per area,11,2,7,1,1,0,,domain_outlier;taxon_outlier,0,0,0,,,approve_none_grouped
9d193da2529d560a7196a3ddf1df6d9d0fb087242a2afb5aed5f4e1407e5ad6c,classified,Sorbus aucuparia,Leaf mass per area,113,2,20,0,26,0,,taxon_outlier,0,0,0,,,approve_none_grouped
9566b8f5e29078dea85a782c36632bf42b9920308ee94818be5155d17d39f0ad,classified,Sorghastrum nutans,Leaf mass per area,196,3,65,0,35,0,,taxon_outlier,0,0,0,,,approve_none_grouped
85fd9089448bbedeed90378b39e64f913758dfd619382a0ee4a61eaa7a212650,classified,Sorghum halepense,Leaf mass per area,11,2,3,0,1,0,,taxon_outlier,0,0,0,,,approve_none_grouped
b22ab5b4bc49867b62559ae4a4010217e71489acbedd68642b6a88cc8aa89020,classified,Sparganium eurycarpum,Leaf mass per area,19,1,1,0,1,0,,taxon_outlier,0,0,0,,,approve_none_grouped
9362a3bd7534e1ed34dfdfbaeaaaf6684a816955c7d3b5f655fe15686eca9fe1,classified,Spergularia purpurea,Leaf mass per area,13,3,4,0,3,0,,taxon_outlier,0,0,0,,,approve_none_grouped
57e559baa9e33decfb58ad7973505ad092d99e73fca3464f646a8d178145a11b,classified,Sphaeralcea coccinea,Leaf mass per area,33,3,4,1,3,0,,domain_outlier;taxon_outlier,0,0,0,,,approve_none_grouped
fe245026f61519f57bb6a9592fd1fc3324f8f7793476a229c6a987f438e9d1d6,classified,Spinulum annotinum,Leaf mass per area,22,2,13,7,1,0,,domain_outlier;taxon_outlier,0,0,0,,,approve_none_grouped
2ee31586a291b917996b0be8ec3be7080f2d944902af7aefd5b024982448109d,classified,Spiraea alba,Leaf mass per area,19,3,6,0,3,0,,taxon_outlier,0,0,0,,,approve_none_grouped
de869cb0e0aa1c611d654a6c37a1f6926444d45e0a2890187900c085926b9363,classified,Sporobolus heterolepis,Leaf mass per area,71,2,53,0,4,0,,taxon_outlier,0,0,0,,,approve_none_grouped
01a67a6c92e174410aaafe59fff1d7f63c131e166a622543c6416cb9218b86af,classified,Sporobolus interruptus,Leaf mass per area,20,1,2,0,3,0,,taxon_outlier,0,0,0,,,approve_none_grouped
51aae0fcc2569b3f1b30b5089e53cdc4c55fe587cda36f03bd9513499d4f36c9,classified,Sporobolus michauxianus,Leaf mass per area,19,2,3,0,1,0,,taxon_outlier,0,0,0,,,approve_none_grouped
b738c9eaa5618f277f3e75ec7e760a6cae8bf05b6d3b683402ebb42dab510ef3,classified,Sporobolus rigidus,Leaf mass per area,12,3,5,0,1,0,,taxon_outlier,0,0,0,,,approve_none_grouped
f2d104b0a0f6b934ec781ffae3fec19b86e9ba47313189318b58278caed4ec4e,classified,Sporobolus virginicus,Leaf mass per area,80,1,2,15,15,0,,domain_outlier;taxon_outlier,0,0,0,,,approve_none_grouped
86273d04b7abe27a1adf5fc0df338e0ca8d38758f939286fa16eb790b8727c4d,classified,Stachys germanica,Leaf mass per area,10,1,1,0,1,0,,taxon_outlier,0,0,0,,,approve_none_grouped
83f6e346c33379d91551292aaf906834cdb8f2d8abee74b0763874438c0e5ff4,classified,Stachys palustris,Leaf mass per area,22,2,4,0,4,0,,taxon_outlier,0,0,0,,,approve_none_grouped
75a900321cf12d64c365e37353c7da6db985fa99d18c8a575eaed9730c7195f7,classified,Stachys recta,Leaf mass per area,12,1,8,0,2,0,,taxon_outlier,0,0,0,,,approve_none_grouped
5cb729e875dc7a73e0d14c7a65f6b3e96fe54c7e4aebec6ce9a0ee7bf22a7f3d,classified,Stellaria graminea,Leaf mass per area,48,2,8,38,6,0,,domain_outlier;taxon_outlier,0,0,0,,,approve_none_grouped
6e83ca00ef88291527847c8e93b1ded50803e80c4a1e7cbea30af7273af56107,classified,Stellaria media,Leaf mass per area,155,2,7,0,10,0,,taxon_outlier,0,0,0,,,approve_none_grouped
f7c821b96f538c9f7709ea9999d573953504125c5da0fdfe63d91390d99ffc5d,classified,Stipa offneri,Leaf mass per area,101,2,15,2,4,0,,domain_outlier;taxon_outlier,0,0,0,,,approve_none_grouped
7da6a93316f8bf9eb65cf1467c70c450f14f7ab2e4268a000afa8b21aa23fce8,classified,Stipa pennata,Leaf mass per area,22,2,9,6,4,0,,domain_outlier;taxon_outlier,0,0,0,,,approve_none_grouped
d3fe0e9c15213b178ebdd2ebf2d98e7bc5a4c0f7c7715af8046468eb14543895,classified,Streptopus lanceolatus,Leaf mass per area,65,2,10,11,12,0,,domain_outlier;taxon_outlier,0,0,0,,,approve_none_grouped
2cc1ae7545d1cf00d2e99e74d9a33994a42086762fa7af8450b63f8bd749adb6,classified,Suaeda maritima,Leaf mass per area,19,1,10,0,2,0,,taxon_outlier,0,0,0,,,approve_none_grouped
05f79df10b623ce112de24442cf103aad53e43a9e0fb745678215c449f321799,classified,Succisa pratensis,Leaf mass per area,76,2,10,0,11,0,,taxon_outlier,0,0,0,,,approve_none_grouped
c532816592bbb3e2cadf5e229e04951703b7747ea9625ee171b953983cf4036c,classified,Symphoricarpos albus,Leaf mass per area,10,3,4,0,2,0,,taxon_outlier,0,0,0,,,approve_none_grouped
77fbfa4d1dcb1b3f8b891468ddf5a5c99f1d671c68f9dcebe06e1533f95be12b,classified,Symphyotrichum ascendens,Leaf mass per area,20,1,2,0,3,0,,taxon_outlier,0,0,0,,,approve_none_grouped
34a610aa1d9b256ac61b6294d11fadb9e98b557754eed54fa31c56b843115ceb,classified,Symphyotrichum ericoides,Leaf mass per area,45,3,8,0,6,0,,taxon_outlier,0,0,0,,,approve_none_grouped
f8f662856b42b52a14e44d251bc89a8f2a0c6025b8fe1c07e2283385a5ce44c2,classified,Symphyotrichum falcatum,Leaf mass per area,25,1,3,0,5,0,,taxon_outlier,0,0,0,,,approve_none_grouped
35c7db6937e7eda8b4c0e17e7f9d95ac00ba9c83c9ff5707020c49d1ca11374f,classified,Symphyotrichum lanceolatum,Leaf mass per area,17,2,3,0,1,0,,taxon_outlier,0,0,0,,,approve_none_grouped
9caa616e4559f0542a7bbb68577958337fd58423bf624be7227ee86989f373f9,classified,Symphyotrichum novae-angliae,Leaf mass per area,37,2,7,0,5,0,,taxon_outlier,0,0,0,,,approve_none_grouped
5e145c85d46b72abcd7952dadf7fcae3db9c7eb09c66c2a708bff07a76b2b47d,classified,Symphyotrichum oolentangiense,Leaf mass per area,132,3,60,0,14,0,,taxon_outlier,0,0,0,,,approve_none_grouped
6a24adac545857abbbe6977aa0bcaf52b442eedaef75913846b1395cd409404c,classified,Symphyotrichum pilosum,Leaf mass per area,18,1,2,0,1,0,,taxon_outlier,0,0,0,,,approve_none_grouped
bdd1fa7535f8163696961b16ce527412ed0c65a976b5f1d57572206eea9dd9ab,classified,Taraxacum,Leaf mass per area,47,2,14,0,7,0,,taxon_outlier,0,0,0,,,approve_none_grouped
824b26ccb27a4108e24bfa2c30757dc2a7132054135f358dfda35c8800cec1ac,classified,Taraxacum alpinum,Leaf mass per area,23,2,5,0,3,0,,taxon_outlier,0,0,0,,,approve_none_grouped
df45a205e18a1177ac4a99bd3f638a87e44ada628267426ad4a12fb92f0be1ab,classified,Taraxacum campylodes,Leaf mass per area,565,2,68,28,47,0,,domain_outlier;taxon_outlier,0,0,0,,,approve_none_grouped
21df11caae68edf8e5f287ea6eaf4616e40d9c0234a69b8fa3963858d01eb510,classified,Taxus baccata,Leaf mass per area,112,3,15,1,6,0,,domain_outlier;taxon_outlier,0,0,0,,,approve_none_grouped
c390932ab68bbfc7474a650a9b149a0f3455ee9353e40a53689cc4be5c1cf977,classified,Taxus brevifolia,Leaf mass per area,23,2,6,0,4,0,,taxon_outlier,0,0,0,,,approve_none_grouped
695b120bb4aca088b08424fbffee56f73dcd1d021f72bb1621755f2c107385d1,classified,Tephrosia spicata,Leaf mass per area,10,1,2,0,2,0,,taxon_outlier,0,0,0,,,approve_none_grouped
9e0ff4cac951a006442c2fb88090983ab0e16dfcd1a3ad3e4c25c184286aba2a,classified,Teucrium capitatum,Leaf mass per area,63,2,9,0,13,0,,taxon_outlier,0,0,0,,,approve_none_grouped
4a7073bd6ac63fe6b620fafc39895630c5319df594bec8fbc5e171ba85c1b148,classified,Teucrium polium,Leaf mass per area,26,2,8,0,5,0,,taxon_outlier,0,0,0,,,approve_none_grouped
fe0674d71d7c4f32fdf223c9267c808cabe3dc5e637db7112efd407576c19897,classified,Teucrium scordium,Leaf mass per area,11,2,2,0,3,0,,taxon_outlier,0,0,0,,,approve_none_grouped
e3389621a8491ffc78f517c7108940f8e05c67a49f7e8f636b221fe5901c4b6b,classified,Thalictrum alpinum,Leaf mass per area,64,2,19,0,5,0,,taxon_outlier,0,0,0,,,approve_none_grouped
e3f2c37df80e4030eedf3770d14c20fb3983d3dc8b288064d6ff858d20505320,classified,Thalictrum dasycarpum,Leaf mass per area,19,2,3,0,2,0,,taxon_outlier,0,0,0,,,approve_none_grouped
e872a7ad3843249bae0156035d3928095af1a31e2a8da92359ce1ee10fa5f0f0,classified,Thalictrum dioicum,Leaf mass per area,26,2,4,0,4,0,,taxon_outlier,0,0,0,,,approve_none_grouped
16f070bdd32d375c7182766b7bd45ba65bcafc7f7854a6815634e8585f3f0cfb,classified,Thalictrum simplex,Leaf mass per area,11,2,2,0,1,0,,taxon_outlier,0,0,0,,,approve_none_grouped
418466314d6f00b020041ac4febaab083efe061aceaced7dd6099d2a1c26abd7,classified,Thamnosma montana,Leaf mass per area,21,2,2,11,2,0,,domain_outlier;taxon_outlier,0,0,0,,,approve_none_grouped
71c533f85442221a9737457e01f2b2c70ae29d6da816a568a4131b3128440476,classified,Thermopsis rhombifolia,Leaf mass per area,11,1,3,0,1,0,,taxon_outlier,0,0,0,,,approve_none_grouped
a72994cc46b0890c4a8dfcba58d0b0169a876a25c4243e839f0a910d3fc4e4cf,classified,Thinopyrum intermedium,Leaf mass per area,10,1,1,0,2,0,,taxon_outlier,0,0,0,,,approve_none_grouped
aca3f0bba888ea5635eaa103dfbe69aac0d0c44d9078fdba41b2f9462a0b3098,classified,Thinopyrum junceum,Leaf mass per area,169,1,3,82,11,0,,domain_outlier;taxon_outlier,0,0,0,,,approve_none_grouped
4db7c00c088375bb834b32905ca1b6c5256ecf7b4cfebfb23702b47b6a45d6a8,classified,Thrincia saxatilis,Leaf mass per area,39,3,9,0,10,0,,taxon_outlier,0,0,0,,,approve_none_grouped
04f9dd653304bf5da6de09f43a8501ed7f36bb1695d909a66540e85e9f3a4cfc,classified,Thuja plicata,Leaf mass per area,10,1,7,1,4,0,,domain_outlier;taxon_outlier,0,0,0,,,approve_none_grouped
4caccf060bd79e71143199ae8eebf69b2e5e64d3933bb2225e25fec816a32052,classified,Thymus longicaulis,Leaf mass per area,61,2,2,2,6,0,,domain_outlier;taxon_outlier,0,0,0,,,approve_none_grouped
3037dcf7304a6b10470f378161e30b75e1b9db50b0a70078eded22f43473f575,classified,Thymus longiflorus,Leaf mass per area,21,1,3,0,1,0,,taxon_outlier,0,0,0,,,approve_none_grouped
028d53f267790715db1eadf08c7c3aeea75f95bdb6e9d7cb9f3aa1b2c3457d90,classified,Thymus mastichina,Leaf mass per area,82,1,5,0,1,0,,taxon_outlier,0,0,0,,,approve_none_grouped
a027ca77d24041eb150b96cec3fe0823e0c84c12a4cecd7bff0ab89e1e76502e,classified,Thymus odoratissimus,Leaf mass per area,10,1,1,0,2,0,,taxon_outlier,0,0,0,,,approve_none_grouped
d3ec185ff657782522070a0c75e8419f1880de6e37d3e101c7ed8c70e9c89dcb,classified,Thymus praecox,Leaf mass per area,243,2,22,60,60,0,,domain_outlier;taxon_outlier,0,0,0,,,approve_none_grouped
c3e01c6411d0a668ec6aeb66af5a2c91023c44263834945349c9479f4edaeeaf,classified,Thymus pulegioides,Leaf mass per area,22,2,6,0,1,0,,taxon_outlier,0,0,0,,,approve_none_grouped
f290ec3fa3f6f2ea126dcf6b14abc8cb7644eb79353776de0de316761a550b37,classified,Thymus serpyllum,Leaf mass per area,24,2,21,0,1,0,,taxon_outlier,0,0,0,,,approve_none_grouped
ca59434c3cd12f4d8b03c820c7a11c7b949ff6e61d7f63e3c0dcb20d4c25c941,classified,Thymus vulgaris,Leaf mass per area,182,3,30,0,27,0,,taxon_outlier,0,0,0,,,approve_none_grouped
5514f090507ec87b8ded07f2f6c479ef46d07d4eaa969b97f7dc093c8b5050f3,classified,Thymus zygis,Leaf mass per area,32,1,1,1,5,0,,domain_outlier;taxon_outlier,0,0,0,,,approve_none_grouped
629828b45a979575ad8c10a00c2d3c331ba889dbb34f8a76754298d2c271abe4,classified,Thysselinum palustre,Leaf mass per area,67,2,4,0,9,0,,taxon_outlier,0,0,0,,,approve_none_grouped
647bd9e00a5ea99c69e1eddf5ea5d2ecf23f123c0d5be3d734a45e5e7ee5e1e3,classified,Tilia americana,Leaf mass per area,109,3,35,5,27,0,,domain_outlier;taxon_outlier,0,0,0,,,approve_none_grouped
b34832db12cf650b835af08c211cba27e26fd5e1e79b785b2ac1e4d7b3b5d65d,classified,Tilia cordata,Leaf mass per area,49,2,25,0,2,0,,taxon_outlier,0,0,0,,,approve_none_grouped
f2e85824ce5218d32072bd4b7231d3598d4ffef8bf3278cdb0914b4c706257bc,classified,Tilia platyphyllos,Leaf mass per area,12,2,3,0,2,0,,taxon_outlier,0,0,0,,,approve_none_grouped
a5a933348f42b4240e4e0b58d454354244a4f9d8113b77613aa6fcc8d491f257,classified,Tolpis barbata,Leaf mass per area,71,3,5,0,10,0,,taxon_outlier,0,0,0,,,approve_none_grouped
ab935ee172b7b7f245b758eb7e1ee9117f9acf85358b0f8d1797353682b83940,classified,Tomostima reptans,Leaf mass per area,10,1,1,0,3,0,,taxon_outlier,0,0,0,,,approve_none_grouped
35066c2d6fbd6e38572c50b4289283f7d514eccb2efda257c41acb652373b7d9,classified,Torilis arvensis,Leaf mass per area,12,1,3,0,2,0,,taxon_outlier,0,0,0,,,approve_none_grouped
c1a5e0e88e7fcaf1ac6d485bf5bc28fbdd21341777bffdec39357111c058a74c,classified,Torminalis glaberrima,Leaf mass per area,43,1,6,0,9,0,,taxon_outlier,0,0,0,,,approve_none_grouped
6ffd9a83678cd089de2bab8102b4409fc1196f5e2cd70df395acabff7d5f6bc4,classified,Toxicodendron radicans,Leaf mass per area,13,2,8,0,3,0,,taxon_outlier,0,0,0,,,approve_none_grouped
e0472d6c6fb9bb5aa781684553b1ab1874d5f130a91eed838acde00d7fab591f,classified,Tracheophyta,Leaf mass per area,11,2,2,0,2,0,,taxon_outlier,0,0,0,,,approve_none_grouped
fb5a48cc8f09124c07796d13320c43f8c1b0b8d041b3c2f459b70874033429f4,classified,Tradescantia ohiensis,Leaf mass per area,56,2,6,0,2,0,,taxon_outlier,0,0,0,,,approve_none_grouped
fbf01dc00566bb8560aef360337a67bf07d901d9ccf0f012a563d0c2cc8337ce,classified,Tragopogon dubius,Leaf mass per area,26,1,8,0,2,0,,taxon_outlier,0,0,0,,,approve_none_grouped
3fc1805dd53ee9009e5bd078f5fcc41421d88f138198d791b9903daaeb4fac0a,classified,Tragopogon floccosus,Leaf mass per area,15,2,2,7,3,0,,domain_outlier;taxon_outlier,0,0,0,,,approve_none_grouped
c993b8caab90ecc463478e992189b757d837930b1f42f4985fd3e41637d5b694,classified,Tragopogon orientalis,Leaf mass per area,11,2,2,0,1,0,,taxon_outlier,0,0,0,,,approve_none_grouped
c463a2a19d8d22decc90644eaeaadac56e2496702bd2706a742bd638c4b96afe,classified,Tragopogon pratensis,Leaf mass per area,62,2,8,13,8,0,,domain_outlier;taxon_outlier,0,0,0,,,approve_none_grouped
3aeac400f205c67bbce7728544d6210d7696a31ccb82fe1ba0a81d1cc983db2d,classified,Tribulus terrestris,Leaf mass per area,11,2,2,0,3,0,,taxon_outlier,0,0,0,,,approve_none_grouped
1e8354e377eaa9e275a0eaba3816dfd5292e4aea469b4755273b6eb96e9bcb3c,classified,Trifolium alpinum,Leaf mass per area,47,2,9,30,3,0,,domain_outlier;taxon_outlier,0,0,0,,,approve_none_grouped
094ba9e021feb36cbc838bf23bc76b9fa81449e368e262b05c625eaa45abd723,classified,Trifolium badium,Leaf mass per area,22,1,4,21,7,0,,domain_outlier;taxon_outlier,0,0,0,,,approve_none_grouped
921545e0cefe574141a9bb5de8b39b2865ed55ad893e51c7a941658ac392e44b,classified,Trifolium campestre,Leaf mass per area,85,2,8,0,16,0,,taxon_outlier,0,0,0,,,approve_none_grouped
1044c8c4b85417947d3191838a8446f4d03930619bde4f42407d97050d579b50,classified,Trifolium cherleri,Leaf mass per area,239,3,5,0,31,0,,taxon_outlier,0,0,0,,,approve_none_grouped
4cbed7839b0a309667e379d379d0d54ae766931e4d1c6226e95c092660de8ea8,classified,Trifolium dubium,Leaf mass per area,75,2,8,0,12,0,,taxon_outlier,0,0,0,,,approve_none_grouped
fe1b4eba215e058e3eb483eb99484afa6167db0e2df9e144219d9933bee5050e,classified,Trifolium fragiferum,Leaf mass per area,59,2,5,0,4,0,,taxon_outlier,0,0,0,,,approve_none_grouped
9b992ddbd3aaceeb2a11487975f772d9f7a3c585bceec6cdffc26da7eaee0922,classified,Trifolium glomeratum,Leaf mass per area,55,3,4,0,10,0,,taxon_outlier,0,0,0,,,approve_none_grouped
72b820b46b2963ba0f25818eb397324da957048c66e3740764ac8fb079c57e27,classified,Trifolium hybridum,Leaf mass per area,242,1,1,0,26,0,,taxon_outlier,0,0,0,,,approve_none_grouped
8f18de171f98d80d78d1ab7f481b18ccee11fb5496c40bb812e670c083be927c,classified,Trifolium micranthum,Leaf mass per area,17,2,4,0,4,0,,taxon_outlier,0,0,0,,,approve_none_grouped
acabe739168b8d6403a55df53f21c0ac620938f1a6ebeeb6e6cec4846877db27,classified,Trifolium montanum,Leaf mass per area,315,2,23,1,56,0,,domain_outlier;taxon_outlier,0,0,0,,,approve_none_grouped
0d354569ba577786113e842d24af5e5aea66149457ea432b433cb3ef1ae073aa,classified,Trifolium nanum,Leaf mass per area,10,1,3,8,2,0,,domain_outlier;taxon_outlier,0,0,0,,,approve_none_grouped
ce82f160f2267029d34c2c9ecf0239021686fe0ffb3bca48ee552d00937bb86d,classified,Trifolium pratense,Leaf mass per area,474,2,66,42,46,0,,domain_outlier;taxon_outlier,0,0,0,,,approve_none_grouped
2a43fcac8bbcc252a763677c48782e89b05ecd0632108f9f69529fb8de1fec0d,classified,Trifolium repens,Leaf mass per area,612,3,82,60,62,0,,domain_outlier;taxon_outlier,0,0,0,,,approve_none_grouped
f33c24747e9d1b9f3cc3fbe2b1fb4de9efdaa3db63a572615a46432a41f54b5a,classified,Trifolium striatum,Leaf mass per area,35,3,4,0,4,0,,taxon_outlier,0,0,0,,,approve_none_grouped
39d60d74e35f9541c8482b947bc4d23eb711642cbfd34412195713bf899945cf,classified,Trifolium subterraneum,Leaf mass per area,21,2,6,0,1,0,,taxon_outlier,0,0,0,,,approve_none_grouped
af33a573a3202cb14b1a559de92eaf03d9527fc2256823359e94d1ab1a4c7c8f,classified,Trifolium thalii,Leaf mass per area,10,1,1,0,1,0,,taxon_outlier,0,0,0,,,approve_none_grouped
85a257318a3300c1799d54133f513c16b818f4620a8a25408663b991135a20f2,classified,Trifolium tomentosum,Leaf mass per area,13,3,4,0,3,0,,taxon_outlier,0,0,0,,,approve_none_grouped
3284ad9788e1836a9d3fd91a07e6183e73ad6e1254193776adc6c58369588396,classified,Triglochin maritima,Leaf mass per area,20,1,11,0,2,0,,taxon_outlier,0,0,0,,,approve_none_grouped
73de576bfb3bce9101b4f36fe3c6204480a90294ef117bb1b89e26822eabae8a,classified,Trigonella procumbens,Leaf mass per area,10,1,1,0,1,0,,taxon_outlier,0,0,0,,,approve_none_grouped
d41e80dd80f970d04e7f459c9f730a140d1e6b1b37ae05a0205eaac2a199f222,classified,Tripleurospermum inodorum,Leaf mass per area,11,2,2,0,1,0,,taxon_outlier,0,0,0,,,approve_none_grouped
a704a98ca186466816340b6da7088085b4ed9223894e79abec0bee7a857c09af,classified,Trisetaria panicea,Leaf mass per area,62,2,2,0,5,0,,taxon_outlier,0,0,0,,,approve_none_grouped
358c401eccc44b4091fb2887ad95090d9d75a3b35c44e35999fb335ea03d400e,classified,Trisetum flavescens,Leaf mass per area,269,2,18,1,22,0,,domain_outlier;taxon_outlier,0,0,0,,,approve_none_grouped
a4e88c8db5da4a47573b08b53b214cabea9714e7687e5e7e13dcb626497c1219,classified,Triticum aestivum,Leaf mass per area,53,1,7,0,2,0,,taxon_outlier,0,0,0,,,approve_none_grouped
4fa52524d92fd758fc863f0999f16bd3df2ae217a8d83c3b04bbecc41cbfc7a4,classified,Trollius europaeus,Leaf mass per area,61,2,21,9,17,0,,domain_outlier;taxon_outlier,0,0,0,,,approve_none_grouped
2021235c947ea510fda217052caff8a1c4255137ee531b67456b6c36fe28d34b,classified,Tsuga canadensis,Leaf mass per area,52,3,37,10,13,0,,domain_outlier;taxon_outlier,0,0,0,,,approve_none_grouped
5e5695f16e5db4c97e89bce4c5f53df543cec1226429211813f512f14251dd44,classified,Tsuga heterophylla,Leaf mass per area,55,3,14,2,10,0,,domain_outlier;taxon_outlier,0,0,0,,,approve_none_grouped
83f464eed6b76e3e1a4be14ee04600efebffeec8b7263b35fc91434c87d9e6cc,classified,Typha latifolia,Leaf mass per area,16,2,7,0,4,0,,taxon_outlier,0,0,0,,,approve_none_grouped
f1c70a1e05ce68b663508c2a7c6a7f5d28393cf290d12149ec38b61b6aae11e6,classified,Ulex gallii,Leaf mass per area,28,1,5,0,3,0,,taxon_outlier,0,0,0,,,approve_none_grouped
b09a3721a68caf11328c671e25813e845d1cd7867e683b1f20905213162ebe84,classified,Ulex parviflorus,Leaf mass per area,35,1,3,2,2,0,,domain_outlier;taxon_outlier,0,0,0,,,approve_none_grouped
a12fb40d4e8714163bbefb391082b8d3f04086a7f2ecb06dfccb0667fa06edbe,classified,Ulmus americana,Leaf mass per area,32,3,19,0,3,0,,taxon_outlier,0,0,0,,,approve_none_grouped
dc96d834fdbecd0a7d6b5f071aa3690f6707f7d367967e370dc523989fc40d45,classified,Ulmus glabra,Leaf mass per area,70,2,15,0,7,0,,taxon_outlier,0,0,0,,,approve_none_grouped
5b75c748cf53bb04a6f9c372cf714d8dab60548587e90001c6584a8219827a0e,classified,Ulmus minor,Leaf mass per area,12,3,10,0,1,0,,taxon_outlier,0,0,0,,,approve_none_grouped
4283ae74a08176834e9c3fd5dceaab073c7690d36ee6bc6bcf455c972196daac,classified,Ulmus parvifolia,Leaf mass per area,40,1,3,0,2,0,,taxon_outlier,0,0,0,,,approve_none_grouped
ba541e13dc2b11a2ff1a9adc61edb1a9ef18ee719da3c12e12c5a99562032da9,classified,Ulmus rubra,Leaf mass per area,316,3,12,0,13,0,,taxon_outlier,0,0,0,,,approve_none_grouped
e69367b3016ea86fb019cd870cea7e22d71a4fb29e1a1b4ecb8a51de89a64b58,classified,Urtica urens,Leaf mass per area,10,1,1,0,3,0,,taxon_outlier,0,0,0,,,approve_none_grouped
23cf8b96006f24753f0149756ae3b59471c2b31ac8af27eb1cc54089d53b3f29,classified,Vaccinium angustifolium,Leaf mass per area,59,2,6,0,6,0,,taxon_outlier,0,0,0,,,approve_none_grouped
f7b2bcd1d737a34010fb7440e4ca39cd18b28947f7e1f73bf7cf281c72998ca3,classified,Vaccinium corymbosum,Leaf mass per area,22,3,20,0,4,0,,taxon_outlier,0,0,0,,,approve_none_grouped
ae7f299de5cecc8bf75640f0c14edb0bec54a73cd551a6ff8c1db68408869b14,classified,Vaccinium myrtilloides,Leaf mass per area,34,3,16,0,2,0,,taxon_outlier,0,0,0,,,approve_none_grouped
71036a527fcbb1053023eb2d1bfc70f660643b9b36ae32e7fc0b764c2fcca2c6,classified,Vaccinium myrtillus,Leaf mass per area,349,3,121,8,9,0,,domain_outlier;taxon_outlier,0,0,0,,,approve_none_grouped
b395b4462e6e2bd9acac9a2ce49fff5251e577d1b88a892e26390bf02c43bf7d,classified,Vaccinium uliginosum,Leaf mass per area,164,3,47,1,39,0,,domain_outlier;taxon_outlier,0,0,0,,,approve_none_grouped
f836b4afeaea5fcbb6f5779afd04281e677c3b9620e2019419588284cad49bd5,classified,Vaccinium vitis-idaea,Leaf mass per area,423,3,148,182,23,0,,domain_outlier;taxon_outlier,0,0,0,,,approve_none_grouped
876b51e4a4402477e496573931619318d25abc23762276c6a36745c6f21c8f42,classified,Valeriana pratensis,Leaf mass per area,11,2,2,0,1,0,,taxon_outlier,0,0,0,,,approve_none_grouped
9a7154546c1ce0d45ab829bc24c617fc0cc68b32abb76fff7e75b7cf6fe048d6,classified,Valerianella locusta,Leaf mass per area,21,1,2,0,1,0,,taxon_outlier,0,0,0,,,approve_none_grouped
22a25967a4c39a0e42f853dbd344da9af84eb33d5d437be639be1adc7028276d,classified,Veratrum album,Leaf mass per area,20,1,3,10,1,0,,domain_outlier;taxon_outlier,0,0,0,,,approve_none_grouped
27a753ad49043ded283a27b4b1e73eb21b13eea083627f562f2503e324b3844a,classified,Verbascum phoeniceum,Leaf mass per area,10,1,1,1,2,0,,domain_outlier;taxon_outlier,0,0,0,,,approve_none_grouped
32efdc889a9585d77324ccd525fca2892e331c040e361772abe537be64e6acef,classified,Verbena bracteata,Leaf mass per area,14,1,4,0,1,0,,taxon_outlier,0,0,0,,,approve_none_grouped
f9fd9abd028d539f952b38e768de2cb00c355aa16a06b98244dc74a379c97c37,classified,Verbena hastata,Leaf mass per area,28,2,6,0,5,0,,taxon_outlier,0,0,0,,,approve_none_grouped
a06ba8f84f9d8b172fa937131ea99ad04f23eccf3808c140b153ee1a2ff9b37d,classified,Verbena urticifolia,Leaf mass per area,11,1,2,0,2,0,,taxon_outlier,0,0,0,,,approve_none_grouped
fccb200f0eacf16c7d31e1cdd8ede2c98165906d4e7964e29ce895f65a31ca22,classified,Verbesina alternifolia,Leaf mass per area,15,2,5,0,5,0,,taxon_outlier,0,0,0,,,approve_none_grouped
33bbaaa6bb5acfbdf58c1d5db240509adafa2c6d9fdc0ff02a6e71efc41895e2,classified,Verbesina occidentalis,Leaf mass per area,29,1,6,0,1,0,,taxon_outlier,0,0,0,,,approve_none_grouped
ca5d5b58d6855e418d7a49a458ac281a909d7c1498c2934c99e0f11c36f00093,classified,Vernonia fasciculata,Leaf mass per area,18,1,3,0,3,0,,taxon_outlier,0,0,0,,,approve_none_grouped
2d18e7cbebf420f75aa5ee29be3871a23f0a06b6d86c05fea61f488bc6617d11,classified,Veronica,Leaf mass per area,19,1,5,0,5,0,,taxon_outlier,0,0,0,,,approve_none_grouped
bf892798b5357b03ee0239913a7a85a729a38f9d84e8e3cd1c1841e2167c0c38,classified,Veronica alpina,Leaf mass per area,113,1,12,17,17,0,,domain_outlier;taxon_outlier,0,0,0,,,approve_none_grouped
5f3ba93d77c2f7ba359f9e862f34fcdf7fff2d9e9394eb62e1fb31e72d5bd4db,classified,Veronica arvensis,Leaf mass per area,278,2,12,0,27,0,,taxon_outlier,0,0,0,,,approve_none_grouped
477ba4c937f0d04552df6cde53b5a5854fc2beb64e39e79388b6ade796156179,classified,Veronica chamaedrys,Leaf mass per area,291,2,62,25,30,0,,domain_outlier;taxon_outlier,0,0,0,,,approve_none_grouped
a89a60d6a5f73583f21384cf7329a5c0030cdfd256297a038bdebde9e2a495da,classified,Veronica hederifolia,Leaf mass per area,25,1,4,1,4,0,,domain_outlier;taxon_outlier,0,0,0,,,approve_none_grouped
6fa02fdc8e2987b12e12fe4968708084dbde6b4b812c2e605d2f2a523c9f97d7,classified,Veronica serpyllifolia,Leaf mass per area,19,1,4,17,4,0,,domain_outlier;taxon_outlier,0,0,0,,,approve_none_grouped
eb4f27dd849721de67cfb1d09ceb99dd2eff90cb2bd79f9eb6daea8574be4890,classified,Veronica spicata,Leaf mass per area,30,2,11,0,6,0,,taxon_outlier,0,0,0,,,approve_none_grouped
8bdf4860d26505d80acb342d1e71cce3d16cde99d1bba3899b5b3fd6791bab8f,classified,Veronica sublobata,Leaf mass per area,20,1,4,0,3,0,,taxon_outlier,0,0,0,,,approve_none_grouped
f7fd06720705a3a20e45d9c6122bf0704a277b93b8d23fe8b2f736284bbe93b7,classified,Veronica triloba,Leaf mass per area,21,1,4,0,3,0,,taxon_outlier,0,0,0,,,approve_none_grouped
951f25e0d54455a3da50bd6311b3861c721388b34bb4ae27a7c7ecb243dca9a5,classified,Veronicastrum virginicum,Leaf mass per area,27,2,5,0,3,0,,taxon_outlier,0,0,0,,,approve_none_grouped
824f3a86861e658c26bc61b044f7f9276c503a281e6c65e26fb05f78cecf16a9,classified,Viburnum acerifolium,Leaf mass per area,19,2,5,0,4,0,,taxon_outlier,0,0,0,,,approve_none_grouped
59ea2637f8dd22dfa4125af6e583b8caad421c4e7e50869529a21672de72a7b8,classified,Viburnum bracteatum,Leaf mass per area,28,1,1,0,2,0,,taxon_outlier,0,0,0,,,approve_none_grouped
f3d47205ac7430c9c470a6019db75107c2e1c69dd7fc26bca00f4b9f282cc8c0,classified,Viburnum burejaeticum,Leaf mass per area,35,1,1,0,1,0,,taxon_outlier,0,0,0,,,approve_none_grouped
4adb832d2745d6266d60ea8a47cf95518a3a5d14c78b61801617aea67677c397,classified,Viburnum corylifolium,Leaf mass per area,47,1,1,0,1,0,,taxon_outlier,0,0,0,,,approve_none_grouped
0a9e6024491c0b3e0ebde2bd7864c4d73f1ce4b5ac1ab029cf1d10e7d1f030aa,classified,Viburnum dentatum,Leaf mass per area,69,1,3,0,2,0,,taxon_outlier,0,0,0,,,approve_none_grouped
6c230ed317705a199f65f5df2a4e39e289de3584a7c1253fadc4a74a6907e12f,classified,Viburnum dilatatum,Leaf mass per area,41,1,1,0,5,0,,taxon_outlier,0,0,0,,,approve_none_grouped
34cfa9e00798d2a503bbe17a677706d469bcc1b1886164d0d948e6f58fed06d4,classified,Viburnum erosum,Leaf mass per area,55,1,1,0,7,0,,taxon_outlier,0,0,0,,,approve_none_grouped
0c26301fa731793230921548efbac30afba5e6ccaf759681bcdd17fc2b498f18,classified,Viburnum furcatum,Leaf mass per area,36,1,1,0,3,0,,taxon_outlier,0,0,0,,,approve_none_grouped
861dd4a55b6554b7eeecd4b5882a017e2e1806a0dfa4a105bedb0468aa903fa7,classified,Viburnum lantana,Leaf mass per area,68,1,3,0,4,0,,taxon_outlier,0,0,0,,,approve_none_grouped
06bd2ba01e59052046afbee8e9c87ce3a5a8e92912e546a70e5a72342666250a,classified,Viburnum lentago,Leaf mass per area,39,1,3,0,1,0,,taxon_outlier,0,0,0,,,approve_none_grouped
cfc30def68653d37604250ae95de8af79dc999140d2e0cd0d70336562c204a1a,classified,Viburnum nudum,Leaf mass per area,52,1,9,0,2,0,,taxon_outlier,0,0,0,,,approve_none_grouped
b679ae587db361bdcd2fa741d43979a881f3b3394bcf3929a2fbfc02d148dd2b,classified,Viburnum opulus,Leaf mass per area,88,2,14,0,4,0,,taxon_outlier,0,0,0,,,approve_none_grouped
1fcbc7566172155e9cd823ea877c5ec475a5a0df35c53304a60f2fa950a9800c,classified,Viburnum plicatum,Leaf mass per area,36,1,1,0,4,0,,taxon_outlier,0,0,0,,,approve_none_grouped
ca222484214149304c3df745af6b9c634745c5eb9f31c4380aca11f8b572a157,classified,Viburnum prunifolium,Leaf mass per area,41,1,3,0,10,0,,taxon_outlier,0,0,0,,,approve_none_grouped
65eac3c68ea8522405c2ef70b4dd723fc420981eb069c21493fd32dc76b29935,classified,Viburnum rafinesquianum,Leaf mass per area,54,1,2,0,1,0,,taxon_outlier,0,0,0,,,approve_none_grouped
de56c951e200d9457a654d04ac249eece20264fd93163ff343e92e507ad0bf7c,classified,Viburnum rufidulum,Leaf mass per area,199,3,5,0,28,0,,taxon_outlier,0,0,0,,,approve_none_grouped
6f7a0001f20789c809f49b49fae4d7ffef4d35786469cc475779433146e7ed89,classified,Viburnum sargentii,Leaf mass per area,38,1,1,0,1,0,,taxon_outlier,0,0,0,,,approve_none_grouped
2e015d2fd510ac8d805df143891858dd74e7e34b982248876fce3f12866906a7,classified,Viburnum sieboldii,Leaf mass per area,33,1,1,0,1,0,,taxon_outlier,0,0,0,,,approve_none_grouped
c636f54f743531e8fb5e6dd92ab81445f59d46fe49a92742fd5e3b5ad49750d8,classified,Viburnum tinus,Leaf mass per area,86,2,24,0,7,0,,taxon_outlier,0,0,0,,,approve_none_grouped
a64856fe285a735a9b7e05a0e018d5ef2669f67017afa397be05e09bf579dd2a,classified,Viburnum trilobum,Leaf mass per area,39,1,1,0,3,0,,taxon_outlier,0,0,0,,,approve_none_grouped
27b751f6d47ba0e91c6bb59c3f927ca2c02dc3e5245305ecf52482293cd71d11,classified,Viburnum wrightii,Leaf mass per area,40,1,1,0,1,0,,taxon_outlier,0,0,0,,,approve_none_grouped
b5d2ca6907e530c831d64d7a27463ad97fad441761c078ab774c37e21a351372,classified,Vicia americana,Leaf mass per area,82,3,15,9,18,0,,domain_outlier;taxon_outlier,0,0,0,,,approve_none_grouped
f0ece81ca280ed8a5a1d7c08e39d1354800d5cd1383edeedcda170cec23433a9,classified,Vicia cracca,Leaf mass per area,227,2,25,1,22,0,,domain_outlier;taxon_outlier,0,0,0,,,approve_none_grouped
6aa4e9731f0fad9d0eed12143e89aba711323ad4a70ba938a31e459107550a5c,classified,Vicia lathyroides,Leaf mass per area,12,2,3,0,3,0,,taxon_outlier,0,0,0,,,approve_none_grouped
01176cb1885c760728740ccc3774881545dd8e3f19836cf8ae6e8395b8fcfb39,classified,Vicia pulchella,Leaf mass per area,20,1,2,0,1,0,,taxon_outlier,0,0,0,,,approve_none_grouped
864b2b51c087ab4024cf0dbcf6cdb5c849b4d4632a3574aa5f65edd3a24f5959,classified,Vicia sativa,Leaf mass per area,163,3,10,5,12,0,,domain_outlier;taxon_outlier,0,0,0,,,approve_none_grouped
a31678343ea4761c8d29d206770895dbc23818adf5e6f5130ac81e6ee6ef1e33,classified,Vinca herbacea,Leaf mass per area,27,2,4,0,6,0,,taxon_outlier,0,0,0,,,approve_none_grouped
09cc6d520c8117ad67b4ae24c3fa75ab77f80f09fd030b9be08c0d82a2c5d65e,classified,Viola arvensis,Leaf mass per area,290,2,3,0,15,0,,taxon_outlier,0,0,0,,,approve_none_grouped
31c9f86f62e20b57935672b87ea589bcd22c4768a16261c253205cf35f532318,classified,Viola biflora,Leaf mass per area,95,1,21,25,19,0,,domain_outlier;taxon_outlier,0,0,0,,,approve_none_grouped
615ef8bed9e52135bc8a0cd7b47f1063cdaa055a46b342f0f7dbb876d162a4dd,classified,Viola canadensis,Leaf mass per area,20,1,1,0,4,0,,taxon_outlier,0,0,0,,,approve_none_grouped
4059b304dbaf909a4de64e8fbe9c5990ca4a0159578ca518b38f2b264343652d,classified,Viola kitaibeliana,Leaf mass per area,12,2,3,0,2,0,,taxon_outlier,0,0,0,,,approve_none_grouped
8d91b558a57d9853b165baa248f5e6f8786fe19aaa2c59eb72a5cffeadd38cf0,classified,Viola pedatifida,Leaf mass per area,16,1,2,0,1,0,,taxon_outlier,0,0,0,,,approve_none_grouped
eb5c031a9067ae4f129442ce3972879e515b24bf22e86f1deeb226613958df77,classified,Viola reichenbachiana,Leaf mass per area,290,2,22,0,5,0,,taxon_outlier,0,0,0,,,approve_none_grouped
c426f5f5c26ada3a76ffcc9fe6d31b3d6f6c5e8ddd055a13025e6c49d70831a4,classified,Viola riviniana,Leaf mass per area,19,2,4,0,3,0,,taxon_outlier,0,0,0,,,approve_none_grouped
fd0f75141d33210c9d58e32972e15ea079904aef09012a18b6b179dd494a0d2f,classified,Viola rupestris,Leaf mass per area,18,2,6,0,3,0,,taxon_outlier,0,0,0,,,approve_none_grouped
b2f328ea433599a77574b98e6f92e1b29d15d1f2c582721971d9add860e52fac,classified,Viola ruppii,Leaf mass per area,11,2,2,0,1,0,,taxon_outlier,0,0,0,,,approve_none_grouped
dbceeb236e318431067b42631e877fa0a0ad16587f89b026116ae7de36cb3437,classified,Viola sororia,Leaf mass per area,36,2,4,0,9,0,,taxon_outlier,0,0,0,,,approve_none_grouped
52db067c68482801c831cdcdf0f718c67b1547748b9504d6f3772695e799f3fb,classified,Vitis riparia,Leaf mass per area,22,2,9,0,4,0,,taxon_outlier,0,0,0,,,approve_none_grouped
ce3a51a5cff6a51aedfab71a288e68325aa09d02cb261e02bc8bf96c94ba0684,classified,Vitis rotundifolia,Leaf mass per area,61,1,3,0,8,0,,taxon_outlier,0,0,0,,,approve_none_grouped
8d327e6a0ebe45c25219c13a5a2467d0460a6263ef7fdccb754f3c998a3307ef,classified,Vitis vinifera,Leaf mass per area,48,2,13,0,3,0,,taxon_outlier,0,0,0,,,approve_none_grouped
7fadb40dc936737c88d56fc0a7314f35ecd91c8ca6274e9fd53c8da4eccbbdee,classified,Xanthisma gracile,Leaf mass per area,20,1,2,0,1,0,,taxon_outlier,0,0,0,,,approve_none_grouped
62ab07d19d0c73f7b7e042598edd011ca7a32a0d816e96155a9bb3ec08e20e77,classified,Xanthium spinosum,Leaf mass per area,10,1,1,0,1,0,,taxon_outlier,0,0,0,,,approve_none_grouped
13fd4c3bcc269ea2b7d39b34d99214735b8b3dbd19b0a27048f68777643c7dfd,classified,Xanthium strumarium,Leaf mass per area,69,2,10,0,14,0,,taxon_outlier,0,0,0,,,approve_none_grouped
88c5b112a4a5941415c53454a6b2985c3833eaddaa1cc1d5a555ed687b617f55,classified,Zanthoxylum americanum,Leaf mass per area,22,1,2,0,2,0,,taxon_outlier,0,0,0,,,approve_none_grouped
f5bc16a0c3aff1874eb00aad5b86f553965ca251f66069617361a4814dcf3472,classified,Zea mays,Leaf mass per area,19,1,6,0,1,0,,taxon_outlier,0,0,0,,,approve_none_grouped
14467437080da43010594042317b16705f9850647003f60947affc2d045824af,classified,Zelkova serrata,Leaf mass per area,40,1,2,0,2,0,,taxon_outlier,0,0,0,,,approve_none_grouped
e182d15cd439609cee26bcfa275b775bbe213a4425a591a42e3a5c6f57eddb92,classified,Zizia aurea,Leaf mass per area,29,2,6,0,2,0,,taxon_outlier,0,0,0,,,approve_none_grouped
8b8d4b1395c84ce8353a28706f907009c2df3ea32ec858eec11c531aff90abde,classified,Abies alba,Leaf nitrogen content per unit mass,54,2,52,0,8,0,,taxon_outlier,0,0,0,,,approve_none_grouped
3f131918a8a0354875bcd20dbb4ad59151ff0132f55f2d4ebb9693c64a5f8889,classified,Abies amabilis,Leaf nitrogen content per unit mass,14,2,5,0,2,0,,taxon_outlier,0,0,0,,,approve_none_grouped
85bb9fd898eac928ab470b3974cfb9431a4452874a3f89b9dd93af42a09f1e0f,classified,Abies balsamea,Leaf nitrogen content per unit mass,343,1,55,0,23,0,,taxon_outlier,0,0,0,,,approve_none_grouped
910c0cdc6d1c2b5be5d709912b588f351891be90a05754f2842be7cd191a75c3,classified,Abies lasiocarpa,Leaf nitrogen content per unit mass,105,2,14,0,8,0,,taxon_outlier,0,0,0,,,approve_none_grouped
d5bef3d9bcb603e1d5c30977104235298d2913ac9cd1fb05362b50be5644586f,classified,Abies magnifica,Leaf nitrogen content per unit mass,15,1,3,2,3,0,,domain_outlier;taxon_outlier,0,0,0,,,approve_none_grouped
a49950049092e9b1bd2b52d9314540426036203e207e5755c1117f443edc02a7,classified,Acer campestre,Leaf nitrogen content per unit mass,29,2,16,0,6,0,,taxon_outlier,0,0,0,,,approve_none_grouped
03b6e4dc47f712aefa4aa00c851aaffaf33f31b8a107410177b97b405a9ac73f,classified,Acer granatense,Leaf nitrogen content per unit mass,31,1,2,0,3,0,,taxon_outlier,0,0,0,,,approve_none_grouped
7f308276c7e015a0aec9a820840c0b086e56f84820ce97ac8558072637032abf,classified,Acer monspessulanum,Leaf nitrogen content per unit mass,33,2,12,0,8,0,,taxon_outlier,0,0,0,,,approve_none_grouped
3cba8b566e362f8990bb632e29fa9af43369258335061bafe316a6f22346b02f,classified,Acer pensylvanicum,Leaf nitrogen content per unit mass,231,2,48,0,19,0,,taxon_outlier,0,0,0,,,approve_none_grouped
a95fe8407e8985021f023bd077dc41ff93eee42e681b015d5cf864aa82c01307,classified,Acer platanoides,Leaf nitrogen content per unit mass,36,2,19,0,7,0,,taxon_outlier,0,0,0,,,approve_none_grouped
be4a3f2680eec0b98ca79ffb437448410d7fc03c7b1f90d17e2f2f2afdaa1d9f,classified,Acer pseudoplatanus,Leaf nitrogen content per unit mass,49,2,18,0,12,0,,taxon_outlier,0,0,0,,,approve_none_grouped
95c76bfa1ea3fc6e6dd56dc4008f9a58d6d453dc7de2147bf97969972323cee9,classified,Acer rubrum,Leaf nitrogen content per unit mass,424,2,162,0,68,0,,taxon_outlier,0,0,0,,,approve_none_grouped
bc760a00ba85ec83fbb4be5a66992c18e6b102cd593e8cb6bd69c8a96b33679a,classified,Acer saccharum,Leaf nitrogen content per unit mass,509,2,136,0,101,0,,taxon_outlier,0,0,0,,,approve_none_grouped
646692df78b312cd6e8e199ff8a4b3e0e8d312bb909483f2e0b3ab6318dcd1aa,classified,Acer spicatum,Leaf nitrogen content per unit mass,11,1,9,0,1,0,,taxon_outlier,0,0,0,,,approve_none_grouped
ab510a50b5f622e71fb6eca9d48e6a6b50281ee7e2246ce2005ef59266396234,classified,Achillea millefolium,Leaf nitrogen content per unit mass,259,2,79,6,10,0,,domain_outlier;taxon_outlier,0,0,0,,,approve_none_grouped
2d7cd3f8e2226d9db5b9cccb05ad8cd12a9e1b53b2849f8c449a43c49de5d66d,classified,Acmispon wrightii,Leaf nitrogen content per unit mass,10,1,2,0,4,0,,taxon_outlier,0,0,0,,,approve_none_grouped
6894afcf02647947142f541b2a63f73cf5b0beb436f42490c35b1793c6596820,classified,Aegopodium podagraria,Leaf nitrogen content per unit mass,12,1,6,0,1,0,,taxon_outlier,0,0,0,,,approve_none_grouped
d2aba0b56c79f4ecbd12833be95e85ad2ad1d21bb0de8bceb80c744765a2176f,classified,Agrostis canina,Leaf nitrogen content per unit mass,15,1,6,1,4,0,,domain_outlier;taxon_outlier,0,0,0,,,approve_none_grouped
ab68129ceb9c1b8d4b23f50d621beee74d1ec0eb87cdf96ee42400af9992abba,classified,Agrostis capillaris,Leaf nitrogen content per unit mass,34,1,17,3,5,0,,domain_outlier;taxon_outlier,0,0,0,,,approve_none_grouped
7e1bcb93f3d17123a0a2f3e23b5c8b589fe3463545107d8c5bbdd060a170f617,classified,Agrostis stolonifera,Leaf nitrogen content per unit mass,19,1,16,2,3,0,,domain_outlier;taxon_outlier,0,0,0,,,approve_none_grouped
90cd9157245e5f15277bf1df67264b2830004b7ca99016ade188c368e2927752,classified,Alnus glutinosa,Leaf nitrogen content per unit mass,37,2,19,3,13,0,,domain_outlier;taxon_outlier,0,0,0,,,approve_none_grouped
7509de14947dbdfabcf3e3dab10eb2f3f62aae9dbe55dd4fb704d76302629607,classified,Alnus incana,Leaf nitrogen content per unit mass,59,2,29,6,15,0,,domain_outlier;taxon_outlier,0,0,0,,,approve_none_grouped
e3634c855a2ad4355d718db806fa3aa4cd69b23746e9ebc1022226449cd6e406,classified,Ambrosia dumosa,Leaf nitrogen content per unit mass,55,2,7,1,11,0,,domain_outlier;taxon_outlier,0,0,0,,,approve_none_grouped
98ec47da65ebdc6eff4a6f581772589cd127f810437559dcaeff0cc5592502bd,classified,Ambrosia psilostachya,Leaf nitrogen content per unit mass,55,1,6,0,4,0,,taxon_outlier,0,0,0,,,approve_none_grouped
da94823c3ae989cf60447570d1ccf19bb7c7833cea5228ea575f042fa7f6e5f1,classified,Amorpha canescens,Leaf nitrogen content per unit mass,40,2,12,1,6,0,,domain_outlier;taxon_outlier,0,0,0,,,approve_none_grouped
c041abe762b5e6621748b68f7c252b03edd353bc8cf76d2fba8279ea55f0d9b0,classified,Amphicarpaea bracteata,Leaf nitrogen content per unit mass,74,1,3,0,2,0,,taxon_outlier,0,0,0,,,approve_none_grouped
75f6894b61a1750f3b39f941c7a9f98fe27f4f6dc0f27ddd05bc1400f10c717d,classified,Andromeda polifolia,Leaf nitrogen content per unit mass,43,2,21,0,3,0,,taxon_outlier,0,0,0,,,approve_none_grouped
ebdab62ffdffa72787eafbc401e3d705e1443c79069ae5123419ac8cad5da034,classified,Andropogon gerardi,Leaf nitrogen content per unit mass,124,2,20,0,13,0,,taxon_outlier,0,0,0,,,approve_none_grouped
24de19c5edf8a00a1fa2d8b2fbe434b5f50dd1d4224e62adb36d53ba57862115,classified,Androsace septentrionalis,Leaf nitrogen content per unit mass,12,2,5,0,2,0,,taxon_outlier,0,0,0,,,approve_none_grouped
4898a27bd7fb54eba83edc1e3739677d94581a42a2237ce95647fd7b278a840f,classified,Anemone nemorosa,Leaf nitrogen content per unit mass,10,1,7,0,1,0,,taxon_outlier,0,0,0,,,approve_none_grouped
934e033d184a79d0e771c66d1e7a196c68ab1bd79f74de81012dbbc168c1f559,classified,Angelica archangelica,Leaf nitrogen content per unit mass,22,1,7,3,3,0,,domain_outlier;taxon_outlier,0,0,0,,,approve_none_grouped
fb45b515d8ed8d1aed8cf07c68d9df24a20ee2068d37ae5a51b438594f1e581b,classified,Angelica sylvestris,Leaf nitrogen content per unit mass,11,1,9,0,4,0,,taxon_outlier,0,0,0,,,approve_none_grouped
d6ec46861e8c3be8d27c87f7db8f872fc6c48f226aa813f5e19eb64ee29aa188,classified,Anthriscus sylvestris,Leaf nitrogen content per unit mass,79,1,17,2,20,0,,domain_outlier;taxon_outlier,0,0,0,,,approve_none_grouped
a15ddebf60d9520e87b250ac134c9eaeae77483cc48504330eba0a924cdb12e4,classified,Arbutus andrachne,Leaf nitrogen content per unit mass,66,1,16,0,11,0,,taxon_outlier,0,0,0,,,approve_none_grouped
e87515e3eb4b72569c29b33d5875e08d88c02419e8f91d1e7abe56eb9b39f3b4,classified,Arbutus menziesii,Leaf nitrogen content per unit mass,19,2,11,1,4,0,,domain_outlier;taxon_outlier,0,0,0,,,approve_none_grouped
80ee752b41bc4b9bb336dc6ec2769614811ec990a42f01ee21b119c84746c120,classified,Arbutus unedo,Leaf nitrogen content per unit mass,331,2,68,0,42,0,,taxon_outlier,0,0,0,,,approve_none_grouped
bc011ead676a7bbec482966dd3605bf603fb8fdde84f839dc9220d8e2788720d,classified,Arctostaphylos viscida,Leaf nitrogen content per unit mass,14,1,4,0,2,0,,taxon_outlier,0,0,0,,,approve_none_grouped
f49f207349ddd2174d99ebd0edcc7dc60a3d741eafa26b5ee39b4938b4629a1b,classified,Arenaria lanuginosa,Leaf nitrogen content per unit mass,10,1,8,0,2,0,,taxon_outlier,0,0,0,,,approve_none_grouped
ba001c38025b9e5ed22f115d112ae13f4541beec4490f55c9ecb3f63269d46eb,classified,Argentina anserina,Leaf nitrogen content per unit mass,16,2,10,0,2,0,,taxon_outlier,0,0,0,,,approve_none_grouped
0a366499fb0fbf4805a5a45a36c648f949780b3ac78c0c7caf08d79a497d3201,classified,Aria edulis,Leaf nitrogen content per unit mass,10,1,3,0,2,0,,taxon_outlier,0,0,0,,,approve_none_grouped
4dae41218be925131620dfc99e0f16356acea357f8a39e0334441b29f193f658,classified,Arnica latifolia,Leaf nitrogen content per unit mass,11,1,1,0,2,0,,taxon_outlier,0,0,0,,,approve_none_grouped
891bd2218e9e15464ccd0b59a51cab2a2c0d2fed52527be28cbd9d5d782d022f,classified,Aronia melanocarpa,Leaf nitrogen content per unit mass,13,2,12,0,2,0,,taxon_outlier,0,0,0,,,approve_none_grouped
41580b1397ca81393f9e7bc5c0362e54eb7719b1d5e4827b67e5465f8c0fe293,classified,Artemisia,Leaf nitrogen content per unit mass,62,1,4,0,2,0,,taxon_outlier,0,0,0,,,approve_none_grouped
b14215b2a45edf7062c1b1319a1df8e908c99a343c2c22ebc40c3120294324f7,classified,Artemisia californica,Leaf nitrogen content per unit mass,24,2,5,0,3,0,,taxon_outlier,0,0,0,,,approve_none_grouped
e968c24e2acd52e938a7913a1282591c9a602b14c4d7af514823313e33df6e1b,classified,Artemisia campestris,Leaf nitrogen content per unit mass,10,1,6,0,2,0,,taxon_outlier,0,0,0,,,approve_none_grouped
94501072dc79d26e261ccd8932ead762e73468c82b2cb8d0b4966fad89f7d471,classified,Artemisia dracunculus,Leaf nitrogen content per unit mass,11,1,3,0,4,0,,taxon_outlier,0,0,0,,,approve_none_grouped
49365b326b893cc0f165d8e9f3e5bd9bc953a81e2ebdf2e47bc714feb5bf5aca,classified,Artemisia ludoviciana,Leaf nitrogen content per unit mass,14,1,4,0,1,0,,taxon_outlier,0,0,0,,,approve_none_grouped
b616f8d5aedd9779f63a8f9b87c9a49e0ca24507baef9cb393f2b53817920c2a,classified,Artemisia tridentata,Leaf nitrogen content per unit mass,22,2,10,2,1,0,,domain_outlier;taxon_outlier,0,0,0,,,approve_none_grouped
e7252a5e8ee88b88b5885cb79c8f21557ab7d9e5389eaf3406b8171b8a74a3d4,classified,Asclepias syriaca,Leaf nitrogen content per unit mass,12,2,10,1,1,0,,domain_outlier;taxon_outlier,0,0,0,,,approve_none_grouped
8804335a8319e89d8df0fb90f14462709f393a8ce0debccfe2dd0942e2e3d69e,classified,Asteraceae,Leaf nitrogen content per unit mass,54,1,2,0,2,0,,taxon_outlier,0,0,0,,,approve_none_grouped
5554b8e09d50b2b6c360b578ece19e824c2a03d0bac220193e596bdd8dc0264e,classified,Astragalus humistratus,Leaf nitrogen content per unit mass,10,1,8,0,4,0,,taxon_outlier,0,0,0,,,approve_none_grouped
3212031764e6058bc3c6579fa39a467f21902405acc27176b34fa51038a8f147,classified,Atriplex parryi,Leaf nitrogen content per unit mass,34,1,3,0,6,0,,taxon_outlier,0,0,0,,,approve_none_grouped
c2972923d73b58bafdf689c4f28478432658d141d743a64893741e9dfd7e53ae,classified,Avena barbata,Leaf nitrogen content per unit mass,22,1,8,0,4,0,,taxon_outlier,0,0,0,,,approve_none_grouped
fb478f4694e763caecea08f65cb5bc4eeed7ad06b95c602780e43f846b337133,classified,Avenella flexuosa,Leaf nitrogen content per unit mass,166,1,59,2,35,0,,domain_outlier;taxon_outlier,0,0,0,,,approve_none_grouped
24d6b8ca230e67276c2d8397d3cf98112b56eba09e2bbacbd626de49893942c4,classified,Baccharis pilularis,Leaf nitrogen content per unit mass,26,2,8,0,5,0,,taxon_outlier,0,0,0,,,approve_none_grouped
bdf8052d507ae46af69636dd874fe546560e066bcf53911be3272c349d2a7d48,classified,Bartsia alpina,Leaf nitrogen content per unit mass,58,1,15,0,7,0,,taxon_outlier,0,0,0,,,approve_none_grouped
30536610cd81b6e5617fc6e0433fb67f732877c6f11f9923ab95a05de09902f5,classified,Berberis vulgaris,Leaf nitrogen content per unit mass,75,1,9,0,17,0,,taxon_outlier,0,0,0,,,approve_none_grouped
11b290d08d2dd01b850493c5822531bb6f83446914b755e4708bd2b97e29091c,classified,Beta vulgaris,Leaf nitrogen content per unit mass,169,2,136,1,15,0,,domain_outlier;taxon_outlier,0,0,0,,,approve_none_grouped
2b8e6142560ed6b14a30c37f43af79ea60a46fad5b1f9bdd72fd21f3616ef720,classified,Betonica officinalis,Leaf nitrogen content per unit mass,12,1,7,0,4,0,,taxon_outlier,0,0,0,,,approve_none_grouped
e943a27abbb44172281a760b806ff5dc95dc440e3b3144ee9d79e850326eb340,classified,Betula glandulosa,Leaf nitrogen content per unit mass,72,1,8,0,2,0,,taxon_outlier,0,0,0,,,approve_none_grouped
5cb15f5220e7f40a1dd183d4f4a58650dbeb570048d7931e5f8fca3ae357a4c7,classified,Betula nana,Leaf nitrogen content per unit mass,90,1,21,3,16,0,,domain_outlier;taxon_outlier,0,0,0,,,approve_none_grouped
6adeb344e2ca1d30f3ad2fedbc08d417f0bf2fb8f002630fa90b362b863220d2,classified,Betula papyrifera,Leaf nitrogen content per unit mass,311,2,79,0,34,0,,taxon_outlier,0,0,0,,,approve_none_grouped
ec5a12f3fe11878aaf63d7d4b79103974b5c84033455cd9ec4386403d6fdd17c,classified,Betula pendula,Leaf nitrogen content per unit mass,437,2,56,2,76,0,,domain_outlier;taxon_outlier,0,0,0,,,approve_none_grouped
b9e374453e503b840b20a7138706fb9eac9211b956be6c36524045fea7a410c5,classified,Betula populifolia,Leaf nitrogen content per unit mass,14,2,14,0,1,0,,taxon_outlier,0,0,0,,,approve_none_grouped
8889d77b302e64a4e48ed867a72ae80d1ec0f3f78ed82e26fa8532d102436ba6,classified,Betula pubescens,Leaf nitrogen content per unit mass,223,2,36,2,23,0,,domain_outlier;taxon_outlier,0,0,0,,,approve_none_grouped
939e01a5b05a6742e8771c722db17d2fbb255ece1f8ba2a3d3bc19af42409329,classified,Bistorta,Leaf nitrogen content per unit mass,60,1,4,0,2,0,,taxon_outlier,0,0,0,,,approve_none_grouped
b853acc49cdb0f40bee3bb0f7e1bddca71b235512a91ac539d984f54bfd4ddcf,classified,Bistorta vivipara,Leaf nitrogen content per unit mass,512,2,65,19,28,0,,domain_outlier;taxon_outlier,0,0,0,,,approve_none_grouped
50336cfbf58ff15e4f8d375cba4110216ad532129cd3a72a7abfc22340fb4461,classified,Bouteloua curtipendula,Leaf nitrogen content per unit mass,14,2,9,0,3,0,,taxon_outlier,0,0,0,,,approve_none_grouped
e9469ff250bd40c2c872253279b8ab2805e8f09ad0dc06d829664c0675b30b9c,classified,Brachypodium phoenicoides,Leaf nitrogen content per unit mass,15,2,14,0,1,0,,taxon_outlier,0,0,0,,,approve_none_grouped
24d39f8c6a9b8d2f4c3b6c5c9a7d4b167811c761f36b946922ecd45fb39fd075,classified,Brachypodium pinnatum,Leaf nitrogen content per unit mass,11,1,8,0,1,0,,taxon_outlier,0,0,0,,,approve_none_grouped
4ffc86e81e704a6442884ac5d38ae69d2d106ed8ec8ce8f62b14ffaf7f488813,classified,Briza media,Leaf nitrogen content per unit mass,22,1,13,0,4,0,,taxon_outlier,0,0,0,,,approve_none_grouped
3a46cbd2d8aef46f4b16c326d58b514533bca36de929ca684ea2f753392d7dba,classified,Bromus ciliatus,Leaf nitrogen content per unit mass,10,1,6,0,2,0,,taxon_outlier,0,0,0,,,approve_none_grouped
49c84eaf6f4f9557d5b0a98edb23987c913c809653a77a74530087212270d3c7,classified,Bromus hordeaceus,Leaf nitrogen content per unit mass,31,1,10,0,4,0,,taxon_outlier,0,0,0,,,approve_none_grouped
e35f93270f822985536bd84eeeadeb2addd1064cd54bb72684514dff321d03e8,classified,Bromus inermis,Leaf nitrogen content per unit mass,37,2,16,4,1,0,,domain_outlier;taxon_outlier,0,0,0,,,approve_none_grouped
89ac9205033e9c4b0ff0b2de9de86e327e05dc05d5e8dd67a740a0d387415c80,classified,Bromus tectorum,Leaf nitrogen content per unit mass,14,1,6,0,2,0,,taxon_outlier,0,0,0,,,approve_none_grouped
cb86e7b096f44e4ff4f2610cfa82ce485d2d06bf9c5fb9ad2d90aa7cb4661016,classified,Buxus sempervirens,Leaf nitrogen content per unit mass,19,2,11,0,5,0,,taxon_outlier,0,0,0,,,approve_none_grouped
e52d84f7dfbbb90e67734ce55bc32ef5d12524b68d4747e59ab1dc60b13895fa,classified,Calamagrostis,Leaf nitrogen content per unit mass,32,1,2,0,2,0,,taxon_outlier,0,0,0,,,approve_none_grouped
9c6a8f56b0003754b14e7e1b495acc8e1c6296c2c6e502b4d62ac7c9e3155bfa,classified,Calamagrostis arundinacea,Leaf nitrogen content per unit mass,18,1,4,0,1,0,,taxon_outlier,0,0,0,,,approve_none_grouped
c46094f0bc72e779ea9176a382f3106085bc19265fac7c5b69894890f6ff5896,classified,Calamagrostis epigejos,Leaf nitrogen content per unit mass,22,1,20,0,1,0,,taxon_outlier,0,0,0,,,approve_none_grouped
4c34cb1e59e505067066b513195330b0ead315c8a799a2b34ce24949fa03c80a,classified,Calamagrostis lapponica,Leaf nitrogen content per unit mass,56,1,14,0,1,0,,taxon_outlier,0,0,0,,,approve_none_grouped
b083c2c370fb652e4f9f8970c5b4d32d793599f92d1f1b2d5be8f0c7b10b421c,classified,Calluna vulgaris,Leaf nitrogen content per unit mass,109,1,30,0,12,0,,taxon_outlier,0,0,0,,,approve_none_grouped
ecb4c7137be8f75db597416ad876cbb24b28ec229c4d155024a16ef7d47c874e,classified,Campanula patula,Leaf nitrogen content per unit mass,24,1,3,0,3,0,,taxon_outlier,0,0,0,,,approve_none_grouped
79f1e4811b686852959f16dfcbe066be318bd301d7e4f330cf17abed900dfbe5,classified,Carex,Leaf nitrogen content per unit mass,127,1,5,0,2,0,,taxon_outlier,0,0,0,,,approve_none_grouped
ddca9887871d0be6c19159c4c0cfb26a3b99486c543a88beab0dc258955348e3,classified,Carex flacca,Leaf nitrogen content per unit mass,31,1,20,0,7,0,,taxon_outlier,0,0,0,,,approve_none_grouped
3fbdcac97241a080e7cd47f12cc2e54faaa754b2437aebef1f504c4a1588fec4,classified,Carex hirta,Leaf nitrogen content per unit mass,17,1,9,0,2,0,,taxon_outlier,0,0,0,,,approve_none_grouped
9bbb260a19be44eceee95904d0df1042b844b20832e304ea7eaeb53d6f73fcb0,classified,Carex oederi,Leaf nitrogen content per unit mass,14,1,14,1,1,0,,domain_outlier;taxon_outlier,0,0,0,,,approve_none_grouped
4c25df81b061037fab2e367b5d416eeb3e68df2df8211d3c3f152c3bc1915b0f,classified,Carex panicea,Leaf nitrogen content per unit mass,13,1,7,0,1,0,,taxon_outlier,0,0,0,,,approve_none_grouped
3bd0e1105ec43415ed59cf4a5c73e82975b6fb93d9958840377ef465c93998b0,classified,Carex rostrata,Leaf nitrogen content per unit mass,13,1,9,0,3,0,,taxon_outlier,0,0,0,,,approve_none_grouped
71626aa9b8db48851a67ba343885b76b8904a54213e3680a6c564ed5c207fff5,classified,Carex sylvatica,Leaf nitrogen content per unit mass,10,1,7,0,2,0,,taxon_outlier,0,0,0,,,approve_none_grouped
3e63e654bfeee5e1ab58b36c139617e7951fd73bff7ba6f5acd7ab4410911416,classified,Carpinus caroliniana,Leaf nitrogen content per unit mass,14,1,14,0,4,0,,taxon_outlier,0,0,0,,,approve_none_grouped
9fcac8d6d953a4ba614735cf0add952ff898a01c778344b39fecc8cf0ef94efd,classified,Carum carvi,Leaf nitrogen content per unit mass,19,2,6,1,3,0,,domain_outlier;taxon_outlier,0,0,0,,,approve_none_grouped
cb7eec2147f9ac0ba5b845b3f66a0bb46e7dc606d3bc7301031a8ed19ab002b2,classified,Carya alba,Leaf nitrogen content per unit mass,21,2,17,0,1,0,,taxon_outlier,0,0,0,,,approve_none_grouped
7474cb5e86fab2eaae6071560acf5bf0920310e2d4243a128b148a69e21febec,classified,Carya glabra,Leaf nitrogen content per unit mass,71,2,26,0,2,0,,taxon_outlier,0,0,0,,,approve_none_grouped
67ae54740998dd11714b600b270af97f54016005c2632fd3b9e4af2decbd04df,classified,Carya ovata,Leaf nitrogen content per unit mass,47,2,20,0,3,0,,taxon_outlier,0,0,0,,,approve_none_grouped
368c1fff556f8f4044d9b518ad06acb8c1ea3c4e6fc28fed0a9d07784c1f5921,classified,Cassiope mertensiana,Leaf nitrogen content per unit mass,38,1,2,0,4,0,,taxon_outlier,0,0,0,,,approve_none_grouped
8c8d900177bc4531c4e2632f8a79fa0bf93c9c758acc446b254725f62bd49a3f,classified,Cassiope tetragona,Leaf nitrogen content per unit mass,77,1,12,0,2,0,,taxon_outlier,0,0,0,,,approve_none_grouped
2e8b48f5590616fcf4cd8bd571e4f9b1bd95453dbbbed0beedce16c33239b761,classified,Castanea dentata,Leaf nitrogen content per unit mass,41,2,34,0,10,0,,taxon_outlier,0,0,0,,,approve_none_grouped
c6805278d2dd22363ef9cd531474c8964017d61e0b50be2dbf1158786e1f5d28,classified,Castanea sativa,Leaf nitrogen content per unit mass,83,1,56,0,11,0,,taxon_outlier,0,0,0,,,approve_none_grouped
4fe2f714043ac4021fefeb993049149e29dadaea94432822998f55abd1acf559,classified,Ceanothus cuneatus,Leaf nitrogen content per unit mass,12,2,9,0,2,0,,taxon_outlier,0,0,0,,,approve_none_grouped
2b2307f8e2a0ee6727cc3098d0b396ff16d9493d09324355072fd0e8e67d8bdf,classified,Centaurea jacea,Leaf nitrogen content per unit mass,61,2,36,0,2,0,,taxon_outlier,0,0,0,,,approve_none_grouped
2639e1341abcaa52d61f5e61e5cd1e7c70f35fad7657a19eb2e511c7bd0db902,classified,Chamaenerion angustifolium,Leaf nitrogen content per unit mass,31,2,17,1,8,0,,domain_outlier;taxon_outlier,0,0,0,,,approve_none_grouped
89d09d017d753f840461a1c6611b0206f374fe21763107b67fd4e54deac3513f,classified,Chenopodium album,Leaf nitrogen content per unit mass,63,2,16,15,7,0,,domain_outlier;taxon_outlier,0,0,0,,,approve_none_grouped
6c955736c208262c496256eb43e6e99f3d4372cc3ce4aced374d140b7b96c18e,classified,Cirsium arvense,Leaf nitrogen content per unit mass,10,1,8,0,2,0,,taxon_outlier,0,0,0,,,approve_none_grouped
8ea5e75149c03a9b219ed5144b3984942500f849a09ae03f202c2de4bcf302bc,classified,Cirsium oleraceum,Leaf nitrogen content per unit mass,16,1,3,0,3,0,,taxon_outlier,0,0,0,,,approve_none_grouped
ffec21f95631d25d04e30bc9aeb1703447779a401cf2395e487ec307d7084f7e,classified,Cistus albidus,Leaf nitrogen content per unit mass,86,2,23,0,14,0,,taxon_outlier,0,0,0,,,approve_none_grouped
3855289906906d1141f5a501ad64e0d923c4782be0a16d7303ee819f8bb92b1f,classified,Cistus creticus,Leaf nitrogen content per unit mass,156,1,33,0,14,0,,taxon_outlier,0,0,0,,,approve_none_grouped
e879c3867da887e817fbf5623987e512ad52d595136c7e13769ebcb6a0d5cbb7,classified,Cistus ladanifer,Leaf nitrogen content per unit mass,14,2,13,0,3,0,,taxon_outlier,0,0,0,,,approve_none_grouped
9af1db1844c91a8bbc33eba60c083349cf62af1b381e34316e290976d46d2430,classified,Cistus monspeliensis,Leaf nitrogen content per unit mass,23,2,20,0,4,0,,taxon_outlier,0,0,0,,,approve_none_grouped
da4a8fb2e617ea991a46e26ab46027d91d24d7b5fa08ef775e8792921b6123d1,classified,Cistus salviifolius,Leaf nitrogen content per unit mass,137,2,35,0,17,0,,taxon_outlier,0,0,0,,,approve_none_grouped
35ce3ff666ecc4a0bf89dc84e10956d776aa7ba7dca064ef7e44d75efa8224c9,classified,Cologania angustifolia,Leaf nitrogen content per unit mass,10,1,2,0,4,0,,taxon_outlier,0,0,0,,,approve_none_grouped
679dbc94780bff2cec96cea54b239c287b5b55d81ce0d2a34a520f309841a26f,classified,Comandra umbellata,Leaf nitrogen content per unit mass,17,1,3,0,1,0,,taxon_outlier,0,0,0,,,approve_none_grouped
09b471757debd1583ecd5e2683470b4fdacdc4a25ba2c1fc5af9204766be3ef6,classified,Convolvulus arvensis,Leaf nitrogen content per unit mass,17,2,17,3,3,0,,domain_outlier;taxon_outlier,0,0,0,,,approve_none_grouped
0483c6a4bd1a7d8464325d20bae62ec6620cc2bdbbeea034af561282d0b0099e,classified,Coreopsis palmata,Leaf nitrogen content per unit mass,25,2,7,0,4,0,,taxon_outlier,0,0,0,,,approve_none_grouped
db0880287066be2df37589b704766f5334090ddd1e57e0be22f3277f2c1e6e5c,classified,Coreopsis tinctoria,Leaf nitrogen content per unit mass,10,1,2,0,4,0,,taxon_outlier,0,0,0,,,approve_none_grouped
22907ee8fa924f236ed95b1cbe597ca17ba4fcae3dac0f7170d97b092c2284eb,classified,Cornus alternifolia,Leaf nitrogen content per unit mass,15,1,15,0,2,0,,taxon_outlier,0,0,0,,,approve_none_grouped
89cf21daa4c9e80a33844a3aecf894beda9bdb587ca8da9a85543b3e3b8625dd,classified,Cornus florida,Leaf nitrogen content per unit mass,50,2,33,0,9,0,,taxon_outlier,0,0,0,,,approve_none_grouped
2909a62bf1bb99731066a0ca398bf7d165e74a2a6bfaeba3f9621c006cb564ba,classified,Cornus sanguinea,Leaf nitrogen content per unit mass,25,1,12,0,7,0,,taxon_outlier,0,0,0,,,approve_none_grouped
005518f290605659a121e84bce4ecd5b33834cc3c1f078662a19fb79d39cf174,classified,Corylus americana,Leaf nitrogen content per unit mass,60,2,9,0,2,0,,taxon_outlier,0,0,0,,,approve_none_grouped
b6a41ccffc81b72610eb54dcad386e2840ca3249c520e7009872fd51d7aa86a9,classified,Corylus avellana,Leaf nitrogen content per unit mass,23,1,10,0,10,0,,taxon_outlier,0,0,0,,,approve_none_grouped
6a732d1a1e392beebab0ae2b17d2d5b24ec5c9d2aa8070cc93b2406c79f49240,classified,Crataegus laciniata,Leaf nitrogen content per unit mass,30,1,1,0,1,0,,taxon_outlier,0,0,0,,,approve_none_grouped
ae25d3351c5161575e0c02692cd20b40c5e6dcea2b8074e636c79a613c76fb53,classified,Crepis biennis,Leaf nitrogen content per unit mass,25,1,2,3,3,0,,domain_outlier;taxon_outlier,0,0,0,,,approve_none_grouped
8b7c3d8449ea49b389e2a3156855f7e301f747198a41eb6a2ead9e91e3ae4a10,classified,Crepis paludosa,Leaf nitrogen content per unit mass,22,1,4,1,1,0,,domain_outlier;taxon_outlier,0,0,0,,,approve_none_grouped
59042a944761c89c15bddb9c2da4f6926aad4e8c47a19e406aef52f47ce99382,classified,Crocanthemum bicknellii,Leaf nitrogen content per unit mass,21,1,1,0,1,0,,taxon_outlier,0,0,0,,,approve_none_grouped
bdc2743f2721f2763f2bb4485fc7e117193032bc0350695bc7c8234a8f33129a,classified,Cymopterus lemmonii,Leaf nitrogen content per unit mass,44,2,8,1,11,0,,domain_outlier;taxon_outlier,0,0,0,,,approve_none_grouped
0ef02d3ef97840dcb288ad86899fc981c3a06dd588bd83df0f3db2fe1bd44567,classified,Cynosurus cristatus,Leaf nitrogen content per unit mass,38,1,25,0,9,0,,taxon_outlier,0,0,0,,,approve_none_grouped
6fa2c5f5344c100bd4bf4e423e106d994b74a1f37594424026a7997092814c5b,classified,Cyperus,Leaf nitrogen content per unit mass,12,1,2,0,4,0,,taxon_outlier,0,0,0,,,approve_none_grouped
883219bb10fd8c086a7bcef26d93cca21a92311c1ca71927d7f931f9791ec1c9,classified,Cytisus scoparius,Leaf nitrogen content per unit mass,40,1,7,1,9,0,,domain_outlier;taxon_outlier,0,0,0,,,approve_none_grouped
985a5891844e676f8f3b7e556ecfb0654d452fe73357ce589967967d8f8949dd,classified,Dactylis glomerata,Leaf nitrogen content per unit mass,170,2,92,12,4,0,,domain_outlier;taxon_outlier,0,0,0,,,approve_none_grouped
077c306457b1d339f24eb30b2695214bb9c63d335c77acd2e2ececaeb840847b,classified,Daphne gnidium,Leaf nitrogen content per unit mass,35,1,4,0,1,0,,taxon_outlier,0,0,0,,,approve_none_grouped
b7a85a66e32d62d4bc95d29606394c71036343b85cb9feca1b0ac006c4c5c751,classified,Daucus carota,Leaf nitrogen content per unit mass,173,2,24,0,29,0,,taxon_outlier,0,0,0,,,approve_none_grouped
e2ac92f7d93030a67a3bc890b88c148e158a57695d949b6e56ef9bd5815772d4,classified,Deschampsia cespitosa,Leaf nitrogen content per unit mass,45,1,33,2,9,0,,domain_outlier;taxon_outlier,0,0,0,,,approve_none_grouped
c95dac2dc7338e3bc075b0e1ef37e14d835ef1a53705b849d6b9ed78d7982b76,classified,Dichanthelium linearifolium,Leaf nitrogen content per unit mass,15,1,3,0,1,0,,taxon_outlier,0,0,0,,,approve_none_grouped
93bc13cfa48b64998cdba0f087cff2c522d75fe7ff91cd063c3adc33a7ff0d94,classified,Dichanthelium oligosanthes,Leaf nitrogen content per unit mass,27,1,5,0,4,0,,taxon_outlier,0,0,0,,,approve_none_grouped
c4330d9c75c30eb9a696c1f4aecb569abe746689c05a39abd2c32f0c1e932be7,classified,Dionaea muscipula,Leaf nitrogen content per unit mass,13,1,1,0,2,0,,taxon_outlier,0,0,0,,,approve_none_grouped
d48589c6eae85d038e54015daa9a123d454840c808a82de5d3ae1183b2784f72,classified,Diplacus aurantiacus,Leaf nitrogen content per unit mass,32,2,8,0,5,0,,taxon_outlier,0,0,0,,,approve_none_grouped
f57a6aea3dc1514c0f8ed29fa1ad0ee81c723da98306d17dea69c674e8b342a4,classified,Dryas octopetala,Leaf nitrogen content per unit mass,79,1,19,0,5,0,,taxon_outlier,0,0,0,,,approve_none_grouped
4e0af7241290f646af12be4fe3449e881ac03e18fa19ea29eb4d0696ffd50432,classified,Dryopteris carthusiana,Leaf nitrogen content per unit mass,13,2,5,0,1,0,,taxon_outlier,0,0,0,,,approve_none_grouped
e65b54d819da774e69cc63da7e9726aacd4d9d1525cd6942a880d1161a06ad8f,classified,Echeandia flavescens,Leaf nitrogen content per unit mass,10,1,2,0,2,0,,taxon_outlier,0,0,0,,,approve_none_grouped
484123daaa38a504f646abddd781061f50390877c35eee10ecfd485fd348159f,classified,Eleocharis palustris,Leaf nitrogen content per unit mass,13,1,13,0,2,0,,taxon_outlier,0,0,0,,,approve_none_grouped
53424f221ce502fe3af84300a9dc688119fc1012fd886fc8a33abbdbe50d865e,classified,Elymus canadensis,Leaf nitrogen content per unit mass,19,1,6,0,3,0,,taxon_outlier,0,0,0,,,approve_none_grouped
c1bbe2ca78ed14f7a7d6b6a9d9818e690f14f00900db15095b57c4719ef37d4c,classified,Elymus repens,Leaf nitrogen content per unit mass,44,2,29,0,7,0,,taxon_outlier,0,0,0,,,approve_none_grouped
a37c38e0309fb3ad4a3eac1d2f3610a90ca787b5472c30cf43327821c2ef73f1,classified,Elymus smithii,Leaf nitrogen content per unit mass,26,1,7,1,1,0,,domain_outlier;taxon_outlier,0,0,0,,,approve_none_grouped
2e1b76934140f744824553166216d3da690d401405a3b87f9f05f242bd3d1189,classified,Empetrum nigrum,Leaf nitrogen content per unit mass,131,2,36,0,10,0,,taxon_outlier,0,0,0,,,approve_none_grouped
8fa78e32183e38aa8799459e58425b3e173ff8858e9e7d9e28f0f9e076789836,classified,Epipactis helleborine,Leaf nitrogen content per unit mass,20,1,15,0,4,0,,taxon_outlier,0,0,0,,,approve_none_grouped
b1a44f33c2f6ac4daaf14fedc6a439ddd9c9a696ac0cfc27dc62d33a935c8cd8,classified,Equisetum scirpoides,Leaf nitrogen content per unit mass,26,1,4,0,2,0,,taxon_outlier,0,0,0,,,approve_none_grouped
492b30db1ae777810e04f39897a1b521423e6320c457c38eadd977df0076c28d,classified,Equisetum sylvaticum,Leaf nitrogen content per unit mass,11,1,9,0,3,0,,taxon_outlier,0,0,0,,,approve_none_grouped
150d59c526fe4190e51cc230045bdd4c3d763ed89811a3c2863d5c5000bc529a,classified,Eremogone fendleri,Leaf nitrogen content per unit mass,12,1,8,0,2,0,,taxon_outlier,0,0,0,,,approve_none_grouped
085334ead045ed8971fb7841630a2948badc82320bd44b04270321e275a9ac80,classified,Erica cinerea,Leaf nitrogen content per unit mass,14,2,10,0,6,0,,taxon_outlier,0,0,0,,,approve_none_grouped
7e6bcb62a52bbfd961709e7af16a86f958300c99f85163562c1c1efaf8598993,classified,Erigeron flagellaris,Leaf nitrogen content per unit mass,10,1,2,0,4,0,,taxon_outlier,0,0,0,,,approve_none_grouped
fb8481017ba9985e357e20450a1ab007791c0d039222356784b8b9d859890763,classified,Erigeron formosissimus,Leaf nitrogen content per unit mass,10,1,2,0,4,0,,taxon_outlier,0,0,0,,,approve_none_grouped
08e0f6b290cc3d51ff9a0e44105f72e015b2ce37fbeb6d141c65c736e27bfa6b,classified,Erigeron pumilus,Leaf nitrogen content per unit mass,10,1,1,0,2,0,,taxon_outlier,0,0,0,,,approve_none_grouped
601cb160f12625e553098015e888c4d01ada9c7d43ab28815f996a5f45b4045d,classified,Erigeron speciosus,Leaf nitrogen content per unit mass,37,2,7,2,7,0,,domain_outlier;taxon_outlier,0,0,0,,,approve_none_grouped
01f1bfe1d0d08adf87eb6d7857425e0b2c53352187b04b0739db23615a97ef91,classified,Eriocoma hymenoides,Leaf nitrogen content per unit mass,71,2,6,0,4,0,,taxon_outlier,0,0,0,,,approve_none_grouped
2e5ae030784cfd2c77a70f1a0a92731b8217cc55f77190190502c6ed1092004c,classified,Eriogonum racemosum,Leaf nitrogen content per unit mass,10,1,2,0,2,0,,taxon_outlier,0,0,0,,,approve_none_grouped
f7eeaa284b44a0eb3e83c73f9c216362363dab3cb60e2097bef74b0d162a8720,classified,Eriogonum umbellatum,Leaf nitrogen content per unit mass,16,2,2,1,3,0,,domain_outlier;taxon_outlier,0,0,0,,,approve_none_grouped
93e6e26b4c4bfbe8acef5427b15bdeca0f85928a11bcf1cb0a3c4c4530f91671,classified,Eschscholzia californica,Leaf nitrogen content per unit mass,17,1,1,0,1,0,,taxon_outlier,0,0,0,,,approve_none_grouped
208495740b56f564cba5a6ac840e07a9568ec285aa1912c69953970e7be45fe5,classified,Eupatorium cannabinum,Leaf nitrogen content per unit mass,15,1,15,0,1,0,,taxon_outlier,0,0,0,,,approve_none_grouped
27436abd39dc7cb7d7348624d8b5ca3a1856559b6d85cd6691e9690aff8583fb,classified,Euphorbia fendleri,Leaf nitrogen content per unit mass,10,1,2,0,4,0,,taxon_outlier,0,0,0,,,approve_none_grouped
5efa867b3983dd016eb0ad6c955b65d346ea501e1df6c6e777a6a1b7f0ac0043,classified,Euphrasia frigida,Leaf nitrogen content per unit mass,11,1,9,1,4,0,,domain_outlier;taxon_outlier,0,0,0,,,approve_none_grouped
c89f53a7b660287e42728171a1fadbaafdf87926e508210380cbd80f80210696,classified,Fagus grandifolia,Leaf nitrogen content per unit mass,501,1,100,0,71,0,,taxon_outlier,0,0,0,,,approve_none_grouped
a432b6cba30e2205290c7ba2d3576d60746bd8809ae0da37282921ba3196e0eb,classified,Fagus sylvatica,Leaf nitrogen content per unit mass,445,2,184,0,89,0,,taxon_outlier,0,0,0,,,approve_none_grouped
057117c80e0f7ca805ca1c2ed32b9250f11f89cf9ae729346a8621b952237cba,classified,Festuca altissima,Leaf nitrogen content per unit mass,10,1,7,0,2,0,,taxon_outlier,0,0,0,,,approve_none_grouped
fd5f3362828ecbcad15d7e39045d2a6a51f645d7e80a7d21f379f50d4d923ed0,classified,Festuca arizonica,Leaf nitrogen content per unit mass,29,2,5,0,5,0,,taxon_outlier,0,0,0,,,approve_none_grouped
230749ffc2731ba932bfe36399dee58539c0d1ca6ec5c2dae7715a5423ed70a4,classified,Festuca bromoides,Leaf nitrogen content per unit mass,13,1,2,0,3,0,,taxon_outlier,0,0,0,,,approve_none_grouped
41860132d7e5d492cfaab898d8b0ad0543635b89d22ad5e92c72cb76befb794e,classified,Festuca ovina,Leaf nitrogen content per unit mass,107,1,38,3,2,0,,domain_outlier;taxon_outlier,0,0,0,,,approve_none_grouped
ce0afde38499564307cd607bf9d125c978f77244460326074702343aa43a27ea,classified,Festuca rubra,Leaf nitrogen content per unit mass,90,2,26,0,14,0,,taxon_outlier,0,0,0,,,approve_none_grouped
549db7dbce4ab72c7d16617582281edf312b67b80b355f7da7034e094d065ffd,classified,Festuca valesiaca,Leaf nitrogen content per unit mass,49,1,6,0,2,0,,taxon_outlier,0,0,0,,,approve_none_grouped
a4d624086f0edac56103fe3837ab3078dad2e7420c3149465b17fd35676340d3,classified,Filipendula ulmaria,Leaf nitrogen content per unit mass,19,1,13,0,6,0,,taxon_outlier,0,0,0,,,approve_none_grouped
d0dd2795a60de214f7ae53a5ccda7631549fe551f57e0070cc39f55ab4598a73,classified,Fragaria vesca,Leaf nitrogen content per unit mass,37,1,20,0,1,0,,taxon_outlier,0,0,0,,,approve_none_grouped
f40d325a5049c048f7efa9ed1478ae0fefc420b37e6d250fff1aebb0e1391854,classified,Fragaria virginiana,Leaf nitrogen content per unit mass,26,2,7,0,5,0,,taxon_outlier,0,0,0,,,approve_none_grouped
cf17f0b9d6166499c49d0a906a63c4da5a5195b957494aee1a935ae6a24e2b8f,classified,Frangula alnus,Leaf nitrogen content per unit mass,21,2,15,0,3,0,,taxon_outlier,0,0,0,,,approve_none_grouped
decabf01af453d595b81d1647c4d87c8f13a04a1cd592629c5009629336cf1cf,classified,Frangula californica,Leaf nitrogen content per unit mass,10,2,8,0,2,0,,taxon_outlier,0,0,0,,,approve_none_grouped
fea9d1957a833d159f7a66eb6e38418b43d78e189bef8a438119649f2f314dd5,classified,Fraxinus americana,Leaf nitrogen content per unit mass,61,2,42,0,8,0,,taxon_outlier,0,0,0,,,approve_none_grouped
181fd0bee304c300d9ca07e90ae152922897733c33b5be1328e0d09b98555c9d,classified,Fraxinus angustifolia,Leaf nitrogen content per unit mass,36,2,29,0,6,0,,taxon_outlier,0,0,0,,,approve_none_grouped
80bac8feeafe7fd981efcd8a9bcd024c5e4678d0c37e5d64da6248b16a9c8778,classified,Fraxinus excelsior,Leaf nitrogen content per unit mass,87,2,29,2,10,0,,domain_outlier;taxon_outlier,0,0,0,,,approve_none_grouped
b67975dc83a0f96ce38717a84349a57e84e1673a2695dc16564c4d63bf5b602d,classified,Fraxinus pennsylvanica,Leaf nitrogen content per unit mass,10,1,7,0,2,0,,taxon_outlier,0,0,0,,,approve_none_grouped
f117dc54f055455b62491e2f131d421a90f126ea7adfa8f5f29928f008fb432b,classified,Galium aparine,Leaf nitrogen content per unit mass,12,2,10,0,1,0,,taxon_outlier,0,0,0,,,approve_none_grouped
085a57ba14fea2064746eabf29c4a2c88aafded65d4db112c4a95b82d8ac8e2e,classified,Galium boreale,Leaf nitrogen content per unit mass,27,2,8,0,8,0,,taxon_outlier,0,0,0,,,approve_none_grouped
64e87e3a47a061c798068d30e5476ac4e443d053c26449fa3a05a65b075ea4f9,classified,Galium mollugo,Leaf nitrogen content per unit mass,66,1,42,2,4,0,,domain_outlier;taxon_outlier,0,0,0,,,approve_none_grouped
7641a23eff2b4d41dd4a057d81e55b582f4b8397aefd43430aae0e0e50ddb6fb,classified,Galium odoratum,Leaf nitrogen content per unit mass,25,1,18,0,2,0,,taxon_outlier,0,0,0,,,approve_none_grouped
7eff29b121104e9af984a554b18eec1f5d590c8e30ba9cdab8653be5c4ce08d8,classified,Galium verum,Leaf nitrogen content per unit mass,33,2,26,0,2,0,,taxon_outlier,0,0,0,,,approve_none_grouped
75c5cb441998b8308809b2e2cf26eb77ce95a6631a194556eb0ec37869ef2663,classified,Gaylussacia baccata,Leaf nitrogen content per unit mass,12,2,12,0,4,0,,taxon_outlier,0,0,0,,,approve_none_grouped
e8451fc43ab944491f8b9d9d54b041c057d867e8eafedea2a43b9c3bcd3bb5a0,classified,Genista cinerea,Leaf nitrogen content per unit mass,29,1,1,0,3,0,,taxon_outlier,0,0,0,,,approve_none_grouped
ac6d24ae86cf52b7771aefe85eba586df9de6e15ad1f9f2ab53a1c39dfd723d5,classified,Geranium dissectum,Leaf nitrogen content per unit mass,11,1,1,0,2,0,,taxon_outlier,0,0,0,,,approve_none_grouped
97f8d5945916de540c19fb5706a9d607fdb3540618bbaa117c20509b060f79d6,classified,Geranium pratense,Leaf nitrogen content per unit mass,36,1,2,8,4,0,,domain_outlier;taxon_outlier,0,0,0,,,approve_none_grouped
dbf7a3697e0d6a06a14046633b39144fb4d13ab8db62c2877b25e5300227c4f1,classified,Geranium richardsonii,Leaf nitrogen content per unit mass,23,2,5,0,5,0,,taxon_outlier,0,0,0,,,approve_none_grouped
1de4ae362357bd0a9c2e9c7330b3f61881d7788836ecf1b3be41589369c4f9aa,classified,Geum,Leaf nitrogen content per unit mass,62,1,4,0,2,0,,taxon_outlier,0,0,0,,,approve_none_grouped
f5984c16673b545493362957ee0bc2eff2bb39e4205b615e061139572e326892,classified,Geum triflorum,Leaf nitrogen content per unit mass,25,2,4,0,5,0,,taxon_outlier,0,0,0,,,approve_none_grouped
8db0e84c9a660bb40ffc3e500c107d2d87197aa3e670f9d210c510eb3791b0f3,classified,Globularia alypum,Leaf nitrogen content per unit mass,14,2,12,0,3,0,,taxon_outlier,0,0,0,,,approve_none_grouped
a4ae7a6167eb9d5734be9160375bdb65eede16a054ae8142947ae382dae0b2bc,classified,Grindelia squarrosa,Leaf nitrogen content per unit mass,12,1,3,0,2,0,,taxon_outlier,0,0,0,,,approve_none_grouped
31f20a901febf756d79983f84df60f202ebd7d372d07c85e9fe8ff1db451c8e9,classified,Gutierrezia sarothrae,Leaf nitrogen content per unit mass,23,2,11,0,4,0,,taxon_outlier,0,0,0,,,approve_none_grouped
dde8686894861e2bcaca8dfb7676ba94b4929fd1c818931c5e5ee1f844f1be6b,classified,Gymnocarpium dryopteris,Leaf nitrogen content per unit mass,37,2,13,0,1,0,,taxon_outlier,0,0,0,,,approve_none_grouped
cb091c72263164b7b91ddc514880769a2a68dfc7e50ac7d09ab55e9393b5af45,classified,Hamamelis virginiana,Leaf nitrogen content per unit mass,46,1,37,0,2,0,,taxon_outlier,0,0,0,,,approve_none_grouped
b1a4e6f2d134cde9153d0e59402b5c83e6af7227986b680039f2d42804705617,classified,Hedera helix,Leaf nitrogen content per unit mass,56,1,26,0,9,0,,taxon_outlier,0,0,0,,,approve_none_grouped
5ab1a002c92c08bace810711f36d15636e936b509e1584741225dfcc86663d43,classified,Helianthella quinquenervis,Leaf nitrogen content per unit mass,26,2,5,3,6,0,,domain_outlier;taxon_outlier,0,0,0,,,approve_none_grouped
ff53076b1e3c10b85e25a3e4db642a91bd074213411bfe7260e02ce8f7652f21,classified,Helianthemum nummularium,Leaf nitrogen content per unit mass,30,2,21,0,7,0,,taxon_outlier,0,0,0,,,approve_none_grouped
dc3b32a49b2488a0e96b7a1338f9a591e7b47d9ef281aafac2791b59b2c02e5f,classified,Heliomeris multiflora,Leaf nitrogen content per unit mass,14,2,3,2,2,0,,domain_outlier;taxon_outlier,0,0,0,,,approve_none_grouped
5e0be5e80897b65665c3d7be8ef40165eb88401550e675fa103c5dbc0bd67944,classified,Heracleum sphondylium,Leaf nitrogen content per unit mass,42,2,11,8,7,0,,domain_outlier;taxon_outlier,0,0,0,,,approve_none_grouped
f381d1f8235ee446df28aa131f517bf4f36cd3c601e8f8e4e0dcf9c385ffda3b,classified,Hesperostipa spartea,Leaf nitrogen content per unit mass,33,2,8,0,5,0,,taxon_outlier,0,0,0,,,approve_none_grouped
681093ae169066417692e4d05f9f056649902e74cae04761849f0cefcb4fcffd,classified,Heteromeles arbutifolia,Leaf nitrogen content per unit mass,14,2,9,0,3,0,,taxon_outlier,0,0,0,,,approve_none_grouped
3bd8d1d1984efba514e1b26ff477f77f2d711fbc5a5736aca53f0261f07cde5a,classified,Hilaria rigida,Leaf nitrogen content per unit mass,66,1,2,0,4,0,,taxon_outlier,0,0,0,,,approve_none_grouped
98ecb82f290baf3cdfb3bbf0073dcedaa89b7472704078690cd4e44e68418286,classified,Holcus lanatus,Leaf nitrogen content per unit mass,79,1,40,0,5,0,,taxon_outlier,0,0,0,,,approve_none_grouped
0af00a4c2415151673ff8b6a20688c70876e250a821b1726edadcc0d199138a3,classified,Hordeum vulgare,Leaf nitrogen content per unit mass,71,1,60,0,21,0,,taxon_outlier,0,0,0,,,approve_none_grouped
b4201927d963677463571833c3992aa52a8ad031d4a3589a55b23f509d4ce936,classified,Hydrocotyle vulgaris,Leaf nitrogen content per unit mass,15,1,14,0,2,0,,taxon_outlier,0,0,0,,,approve_none_grouped
e80fe2ad39c310787857b9fd7b3f08a1aea319ef6257ba9a8bd3f95222d765e9,classified,Hymenachne amplexicaulis,Leaf nitrogen content per unit mass,33,1,1,0,5,0,,taxon_outlier,0,0,0,,,approve_none_grouped
a2baf37c9a7ba95a32642b0ef5b30256a46645baef9e4000188cd3ff1c87e792,classified,Hymenopappus mexicanus,Leaf nitrogen content per unit mass,10,1,2,0,4,0,,taxon_outlier,0,0,0,,,approve_none_grouped
bfa7b8b742920ddeb74fda8e69cb5fe25592e28ed045577bf372c056d69fcf41,classified,Hymenothrix dissecta,Leaf nitrogen content per unit mass,10,1,2,0,4,0,,taxon_outlier,0,0,0,,,approve_none_grouped
46fe82e1d8a1f06451354800f60fa0c7e3d222979708e5ec7b8cb39ac9f330f4,classified,Hymenoxys richardsonii,Leaf nitrogen content per unit mass,10,1,6,0,2,0,,taxon_outlier,0,0,0,,,approve_none_grouped
e8d18140b04a1dbed1d9915572c3158163159fe41f6a9406e00500d7fe96153e,classified,Hypericum perforatum,Leaf nitrogen content per unit mass,18,1,13,0,8,0,,taxon_outlier,0,0,0,,,approve_none_grouped
1b51d19619e3a586d8e96180d1667a2396b516207f33e0211ddf95bf663f17fc,classified,Ilex aquifolium,Leaf nitrogen content per unit mass,41,1,16,0,10,0,,taxon_outlier,0,0,0,,,approve_none_grouped
0c347868dc5669db22073d737234e5d58803f1767fc17cad438ffc94319ab2ca,classified,Ilex mucronata,Leaf nitrogen content per unit mass,10,2,10,0,2,0,,taxon_outlier,0,0,0,,,approve_none_grouped
028607fde334d480b81231e7bc3a8b9f01102b9aaee8ae9a08530b10005e3030,classified,Ilex opaca,Leaf nitrogen content per unit mass,29,1,9,0,1,0,,taxon_outlier,0,0,0,,,approve_none_grouped
7ae758ebec6320ba879c16c1fc59e0deb4df43ab25b44d77b630750f293f785d,classified,Ilex verticillata,Leaf nitrogen content per unit mass,27,2,25,0,6,0,,taxon_outlier,0,0,0,,,approve_none_grouped
78c966d79fbf4398dbd58fe17265dca6c177b026663f687ab8c1b7ad4c3d59c4,classified,Jacobaea vulgaris,Leaf nitrogen content per unit mass,49,1,47,2,6,0,,domain_outlier;taxon_outlier,0,0,0,,,approve_none_grouped
3f692ea4f57284e7bb229534f62985ece1946da3d120527fd0d2760b3022ecda,classified,Juglans nigra,Leaf nitrogen content per unit mass,21,2,12,0,3,0,,taxon_outlier,0,0,0,,,approve_none_grouped
8cb72188a068a8063123ebaf7cccf8ab6197827f4906c48b0f66791857a10ec7,classified,Juncus arcticus,Leaf nitrogen content per unit mass,14,2,8,0,5,0,,taxon_outlier,0,0,0,,,approve_none_grouped
905d772d9aed01b80e93b54798900edee33514e54fa880d0cf35a129ee135df4,classified,Juncus articulatus,Leaf nitrogen content per unit mass,11,1,11,0,2,0,,taxon_outlier,0,0,0,,,approve_none_grouped
552d59ed07e1f4a19061c16f51bd96c81e5daa283ea42f02fa7c450176fd68b0,classified,Juncus drummondii,Leaf nitrogen content per unit mass,10,1,1,0,3,0,,taxon_outlier,0,0,0,,,approve_none_grouped
982df38412465d559df5c7187ba4a924bf3b1c7ae082847a1fb143326970b333,classified,Juncus effusus,Leaf nitrogen content per unit mass,12,1,8,0,2,0,,taxon_outlier,0,0,0,,,approve_none_grouped
1edb99bccf2ea2767892d5d5c36d18e68462b2745be75aaea4578e3620ed143a,classified,Juniperus deppeana,Leaf nitrogen content per unit mass,22,2,10,0,3,0,,taxon_outlier,0,0,0,,,approve_none_grouped
46173a35e25df5fe9ad8514e83ac1d5741f2435de6117202781fe4429dae8b7a,classified,Juniperus monosperma,Leaf nitrogen content per unit mass,24,2,13,0,3,0,,taxon_outlier,0,0,0,,,approve_none_grouped
bc9e9506cc064d63372383349625c911444674886f1e956c0937db622859343a,classified,Juniperus osteosperma,Leaf nitrogen content per unit mass,30,2,14,0,8,0,,taxon_outlier,0,0,0,,,approve_none_grouped
8885cb07fe5916b196e722c984e063592388877cbcb6b75f3d4b7b4efff686a4,classified,Juniperus phoenicea,Leaf nitrogen content per unit mass,35,1,5,0,8,0,,taxon_outlier,0,0,0,,,approve_none_grouped
0931d1f53772fb54fc07c1719888ffdc7505a27f9df36e609f8075eed3311fba,classified,Juniperus scopulorum,Leaf nitrogen content per unit mass,18,1,8,0,2,0,,taxon_outlier,0,0,0,,,approve_none_grouped
486e3c9739c0e14374e362588a4772548b4bc456f040bcdb19c62b74853517c2,classified,Juniperus virginiana,Leaf nitrogen content per unit mass,17,2,6,0,3,0,,taxon_outlier,0,0,0,,,approve_none_grouped
3da1754e393d4bc5e091d6d5d355d07f810fe89563b21fd3b7e36ca3baa85f56,classified,Kalmia latifolia,Leaf nitrogen content per unit mass,16,2,15,0,4,0,,taxon_outlier,0,0,0,,,approve_none_grouped
28025abce87346955590f23e23f06b96e55a398159ce601f2b762e4cf5764383,classified,Knautia arvensis,Leaf nitrogen content per unit mass,45,1,3,0,4,0,,taxon_outlier,0,0,0,,,approve_none_grouped
92a8a6f8ed3729e4b9de2cdbf8eda26cb8d8de5c82423bd4d2f920b94688e737,classified,Koeleria pyramidata,Leaf nitrogen content per unit mass,57,1,16,0,13,0,,taxon_outlier,0,0,0,,,approve_none_grouped
b16e866ff95f013f9eae063043ca56123e104f0263e518a8486ac01108fa2a5a,classified,Krameria erecta,Leaf nitrogen content per unit mass,95,2,5,0,3,0,,taxon_outlier,0,0,0,,,approve_none_grouped
e7156e819b8d980ffc3814541dbf4b40403e00ba076603769d86f07aa290cf61,classified,Laburnum anagyroides,Leaf nitrogen content per unit mass,25,1,12,2,9,0,,domain_outlier;taxon_outlier,0,0,0,,,approve_none_grouped
bcecc3f834143025b46ea158261bc1173463f675862cecd492d9d0d165d22bef,classified,Larix decidua,Leaf nitrogen content per unit mass,75,2,20,0,8,0,,taxon_outlier,0,0,0,,,approve_none_grouped
3f12e2a79b6e986c126ca626ff386182f79f930b1771d39b3dcfa92a418b8f76,classified,Larix laricina,Leaf nitrogen content per unit mass,50,2,14,0,4,0,,taxon_outlier,0,0,0,,,approve_none_grouped
64995fd698a79d8ab18465f062c63f2269be2ee17eb1c7c5345c0e13d18eddec,classified,Larix occidentalis,Leaf nitrogen content per unit mass,10,2,10,0,1,0,,taxon_outlier,0,0,0,,,approve_none_grouped
c780acb7aed2043ade335c5258458bab71fe5322b9394a2c491c8f0dbbcdaa19,classified,Larrea tridentata,Leaf nitrogen content per unit mass,191,2,14,0,21,0,,taxon_outlier,0,0,0,,,approve_none_grouped
af4c937de7512644d247749370fb83e3b9e48547bd385142c70a97b6f97aab83,classified,Lathyrus,Leaf nitrogen content per unit mass,20,1,2,0,2,0,,taxon_outlier,0,0,0,,,approve_none_grouped
93a721e95b40669e1a47d1b6ab3825b110b40e9bf8662326d3567f01283069ba,classified,Lathyrus venosus,Leaf nitrogen content per unit mass,12,1,2,0,2,0,,taxon_outlier,0,0,0,,,approve_none_grouped
026cd24cbc73e0b83b9d6c6b1617a97003998c0d5d38aab998597f1c376c018b,classified,Lathyrus vernus,Leaf nitrogen content per unit mass,30,1,20,0,4,0,,taxon_outlier,0,0,0,,,approve_none_grouped
34b17c14e64e67cb881962e9c37ba5ceaf2eb2e023e1e95eb2627e8a74cb32bc,classified,Lavandula latifolia,Leaf nitrogen content per unit mass,41,2,10,0,8,0,,taxon_outlier,0,0,0,,,approve_none_grouped
754467cc9058d146bd7a1d832ce4eabc2df564db9ad721ec51eb206e7650ff3f,classified,Lavandula stoechas,Leaf nitrogen content per unit mass,10,2,8,0,3,0,,taxon_outlier,0,0,0,,,approve_none_grouped
65bdeac5506dbbaf6acdb29335be79482d8a474552d7bbcc689bfe02724f9ba9,classified,Lepidium densiflorum,Leaf nitrogen content per unit mass,10,1,6,0,1,0,,taxon_outlier,0,0,0,,,approve_none_grouped
e762ffec97bc760d6f713ccb22f8a4b3f052bc06b837a0811ee2ad26a88c0bd1,classified,Lespedeza capitata,Leaf nitrogen content per unit mass,58,2,15,0,12,0,,taxon_outlier,0,0,0,,,approve_none_grouped
62f39b41891eee0cf792315d9f1e4d9fb1f6cd23b0bb31948b2da26beda7d312,classified,Liatris aspera,Leaf nitrogen content per unit mass,41,2,11,0,5,0,,taxon_outlier,0,0,0,,,approve_none_grouped
79bf8f9bf94c4fc8f8aeeeba9efcdc65242e0975ca329df411c214b3d563ab5f,classified,Liatris punctata,Leaf nitrogen content per unit mass,12,1,3,0,2,0,,taxon_outlier,0,0,0,,,approve_none_grouped
ee7e7c39876a60cadee7c379bfe67b81451f95a7ea2872e21e4d71cbf763568e,classified,Ligustrum vulgare,Leaf nitrogen content per unit mass,17,1,8,0,4,0,,taxon_outlier,0,0,0,,,approve_none_grouped
b9f3931aeeac0f410f90d8e1dcde962d94b4650a30502c842c72a08390fe8e71,classified,Linum australe,Leaf nitrogen content per unit mass,10,1,2,0,2,0,,taxon_outlier,0,0,0,,,approve_none_grouped
2990df3370666f7f57066ca77e7ca351616a3766c0f136634cd3df5b47fd5be4,classified,Liquidambar styraciflua,Leaf nitrogen content per unit mass,184,2,34,0,11,0,,taxon_outlier,0,0,0,,,approve_none_grouped
549b70ed6951f05bba920e6e2fd9253103bea07e83bd66152480c547eea2a3d0,classified,Liriodendron tulipifera,Leaf nitrogen content per unit mass,83,2,44,0,16,0,,taxon_outlier,0,0,0,,,approve_none_grouped
80bf9265ef93e1a68eb504c115039e6a1bab876632798b4778983446b319a8c5,classified,Lolium perenne,Leaf nitrogen content per unit mass,66,1,42,1,3,0,,domain_outlier;taxon_outlier,0,0,0,,,approve_none_grouped
19a2f45c7c63533c1fb619fc725bf6191f670bf7d4e43b9e3902941483a4189d,classified,Lolium pratense,Leaf nitrogen content per unit mass,22,1,22,0,1,0,,taxon_outlier,0,0,0,,,approve_none_grouped
cd5e2f075bba1e161061de106870afaed5f7ac978a15721a23f603e6b934e064,classified,Lonicera periclymenum,Leaf nitrogen content per unit mass,13,1,9,0,3,0,,taxon_outlier,0,0,0,,,approve_none_grouped
4fd5a427b5b73bf603562002867422032f8001a3bf0c945162be36fe8173ea7e,classified,Lupinus perennis,Leaf nitrogen content per unit mass,29,2,13,3,4,0,,domain_outlier;taxon_outlier,0,0,0,,,approve_none_grouped
820d0e482a09d262eaaee9844e452ccc8df556359d2e64ff7eb65f824e5f4c24,classified,Lupinus variicolor,Leaf nitrogen content per unit mass,13,1,1,0,3,0,,taxon_outlier,0,0,0,,,approve_none_grouped
92f2a8636d60db3be730d3d6d94ae5647029794c6ef89c37b4e0396e4e400c49,classified,Luzula,Leaf nitrogen content per unit mass,60,1,6,0,2,0,,taxon_outlier,0,0,0,,,approve_none_grouped
a09e261e95868b45260358380c0fba184ec23490fec84fd433164b2c483ddaf0,classified,Luzula campestris,Leaf nitrogen content per unit mass,22,1,4,0,7,0,,taxon_outlier,0,0,0,,,approve_none_grouped
c27b30d888e867c7f116f13a49490cb4bf6c867cbe8f3f7bedb24fe9090a691e,classified,Luzula piperi,Leaf nitrogen content per unit mass,48,1,2,0,4,0,,taxon_outlier,0,0,0,,,approve_none_grouped
dcb70385629b2acb2935b416c08bbebf47d5411b663392f7c848de41910b9b05,classified,Luzula sylvatica,Leaf nitrogen content per unit mass,18,1,11,0,6,0,,taxon_outlier,0,0,0,,,approve_none_grouped
5cc62d4ddfa7d55cbecc5927cde9d7cbef8b0a9d2bab57bafa1f80616db45b08,classified,Lycium andersonii,Leaf nitrogen content per unit mass,21,2,7,0,1,0,,taxon_outlier,0,0,0,,,approve_none_grouped
579a9e28ed4591916def2ed03f50945e795953509f9ef6c2413352f08c0f429d,classified,Lycium pallidum,Leaf nitrogen content per unit mass,42,1,2,0,6,0,,taxon_outlier,0,0,0,,,approve_none_grouped
db60c1cbcf6e2f65c339082cc42011a510977f213ee988fd5b69d84620c64f86,classified,Lycopus europaeus,Leaf nitrogen content per unit mass,10,1,10,1,1,0,,domain_outlier;taxon_outlier,0,0,0,,,approve_none_grouped
5e6f6b839404d1922477ba2af1834c98f8525e66ff7df29fd5822fda311881dd,classified,Lysimachia europaea,Leaf nitrogen content per unit mass,26,1,8,0,1,0,,taxon_outlier,0,0,0,,,approve_none_grouped
57867c72cd2cedf4792cbaec0399cf1b5336cad727943595221adabb90dab90d,classified,Lysimachia vulgaris,Leaf nitrogen content per unit mass,11,1,6,0,1,0,,taxon_outlier,0,0,0,,,approve_none_grouped
6b4fda562dc67aa786f88a7492bc35bfe5c7f31103d615914907e8eb52f29e60,classified,Macrochloa tenacissima,Leaf nitrogen content per unit mass,30,1,2,0,4,0,,taxon_outlier,0,0,0,,,approve_none_grouped
72d6c2526608fd21582202d70fb137a3abc8e61fae51d1602b3cf126d2a10d30,classified,Magnolia acuminata,Leaf nitrogen content per unit mass,27,1,15,0,6,0,,taxon_outlier,0,0,0,,,approve_none_grouped
804e716911df3cd6e75eb0be810bddb7ba4915b7744ae6e1149af0ee43dfc39c,classified,Magnolia fraseri,Leaf nitrogen content per unit mass,11,1,11,0,3,0,,taxon_outlier,0,0,0,,,approve_none_grouped
c935aa8fb16e718a747ffbd892a42feaa802625fb1152651789e580669a4d033,classified,Magnolia grandiflora,Leaf nitrogen content per unit mass,24,1,2,0,1,0,,taxon_outlier,0,0,0,,,approve_none_grouped
1b260f31b4723ba8a5c56bc49d7b3f2cb4c99e4c6d3654d54562623e119275f3,classified,Maianthemum canadense,Leaf nitrogen content per unit mass,14,1,2,0,3,0,,taxon_outlier,0,0,0,,,approve_none_grouped
1a6907dfbd8b8cf454bb69e70fa82d7ea2e3aeac63ced7e3d15e38985bc36d66,classified,Malus sylvestris,Leaf nitrogen content per unit mass,17,1,6,0,6,0,,taxon_outlier,0,0,0,,,approve_none_grouped
7328797249154fe8de4416616d05c537fc3359633ca511d43606252496ad3252,classified,Matteuccia struthiopteris,Leaf nitrogen content per unit mass,13,2,9,0,4,0,,taxon_outlier,0,0,0,,,approve_none_grouped
6f58b61cb90406385044eb1d678427fa9f863dcc1e48df74b2fd8eb583b50b50,classified,Medicago,Leaf nitrogen content per unit mass,24,1,1,24,2,0,,domain_outlier;taxon_outlier,0,0,0,,,approve_none_grouped
765b8f61a1a02e9d4fa04767cd6044f8df78e58d9f6100fb191981674ec94bc4,classified,Medicago lupulina,Leaf nitrogen content per unit mass,28,1,5,25,3,0,,domain_outlier;taxon_outlier,0,0,0,,,approve_none_grouped
1f18e6e56f83686f288799a70db9c6a01aef3ccfd57ab2e39c5257f7610931b0,classified,Medicago polymorpha,Leaf nitrogen content per unit mass,16,1,2,0,2,0,,taxon_outlier,0,0,0,,,approve_none_grouped
c42897ee17698ad26499c5722ffe2fb50e4ed8fa87c7a11585f957321f2ba2e3,classified,Melampyrum sylvaticum,Leaf nitrogen content per unit mass,35,1,11,1,7,0,,domain_outlier;taxon_outlier,0,0,0,,,approve_none_grouped
badc0722bea0dd34ccf66c155dc9e76d9b8f6d98b008d4248c4616aef200bed0,classified,Melica uniflora,Leaf nitrogen content per unit mass,21,1,15,0,4,0,,taxon_outlier,0,0,0,,,approve_none_grouped
043fe50f4d623eed3f0bb10dc95b33d9be9840ee42c75ee3671a67b14db4cb0d,classified,Mentha aquatica,Leaf nitrogen content per unit mass,22,1,22,0,3,0,,taxon_outlier,0,0,0,,,approve_none_grouped
7723858fe8149ef0a2fd003adb55b8ce541b053fec4525c08530a741d7e78c30,classified,Mercurialis perennis,Leaf nitrogen content per unit mass,26,1,16,0,3,0,,taxon_outlier,0,0,0,,,approve_none_grouped
e77e3b075ff5d99e4f0c6e11fceeb2c4bb42b54e4eb2925805c11642399ec784,classified,Mertensia lanceolata,Leaf nitrogen content per unit mass,12,1,3,1,3,0,,domain_outlier;taxon_outlier,0,0,0,,,approve_none_grouped
c162a4be772246db34270c0ee47a7739c1692ba519d9baba0178a400efb5362a,classified,Micranthes ferruginea,Leaf nitrogen content per unit mass,34,1,2,0,2,0,,taxon_outlier,0,0,0,,,approve_none_grouped
6febcf47019f022584ac214c4a67dcf3a7faab8ed6db9b3b83e213a1020084a6,classified,Molinia caerulea,Leaf nitrogen content per unit mass,28,1,19,0,7,0,,taxon_outlier,0,0,0,,,approve_none_grouped
70b4f4ab801e1cbc303b8c822a098e9ee82e96050ab4e98d8d891e1089c35f61,classified,Monarda fistulosa,Leaf nitrogen content per unit mass,19,1,6,0,4,0,,taxon_outlier,0,0,0,,,approve_none_grouped
c74eb05b5755f50a82aa64577e1d13e995bde355a84c69a7b70e8d758e2ab733,classified,Morus alba,Leaf nitrogen content per unit mass,30,1,2,0,2,0,,taxon_outlier,0,0,0,,,approve_none_grouped
d48925475d5f16d12f3779a5e60cfcaf1162c94fe3cb3d996e54f494faeae46c,classified,Muhlenbergia rigens,Leaf nitrogen content per unit mass,10,1,2,0,2,0,,taxon_outlier,0,0,0,,,approve_none_grouped
c80856850c92b713f92c5f97cb6a8f8ff2cf03420e57690b2ca4b4470fed3ed6,classified,Muhlenbergia tricholepis,Leaf nitrogen content per unit mass,10,1,2,0,2,0,,taxon_outlier,0,0,0,,,approve_none_grouped
e3dcad345a577f2ec1d7682d94aed5d564e48ddfbf7622f86b5775a733be4eb3,classified,Muhlenbergia wrightii,Leaf nitrogen content per unit mass,10,1,2,0,2,0,,taxon_outlier,0,0,0,,,approve_none_grouped
05ed2824074c0103a4adf7aefa3954518bca6189f4c1329f39e22e18439dfb4a,classified,Nassella pulchra,Leaf nitrogen content per unit mass,31,1,2,0,2,0,,taxon_outlier,0,0,0,,,approve_none_grouped
bef2dd5f2000667b94aeee423ac148a4dea9d16804a3b959fdafe466ebe3ca6a,classified,Nyssa sylvatica,Leaf nitrogen content per unit mass,41,1,33,0,1,0,,taxon_outlier,0,0,0,,,approve_none_grouped
e1fceda21a4c1966fdc3cb979f67844a9dabc1f470de2cd37928dcff2415d60d,classified,Ostrya virginiana,Leaf nitrogen content per unit mass,112,1,26,0,22,0,,taxon_outlier,0,0,0,,,approve_none_grouped
5bdbc27bd4f2e6b5f29e9d323ad17ef957a9bd398f3e0665cff0b996fb665a2b,classified,Oxydendrum arboreum,Leaf nitrogen content per unit mass,15,1,8,0,1,0,,taxon_outlier,0,0,0,,,approve_none_grouped
6572d06c181f5cca83be87d173803998002f46573087a1bc9f17af83ccc87e25,classified,Packera actinella,Leaf nitrogen content per unit mass,10,1,2,0,4,0,,taxon_outlier,0,0,0,,,approve_none_grouped
cc1f93050e6b34c736083dd6d7d4b1ef2201f602df0de6d75366ea97d9bda91a,classified,Packera multilobata,Leaf nitrogen content per unit mass,10,1,2,0,2,0,,taxon_outlier,0,0,0,,,approve_none_grouped
d8d61641e6336a4574fc3040f5fe0f7c26abd1f33ce6befdaad6154c44d176a6,classified,Panicum virgatum,Leaf nitrogen content per unit mass,38,2,15,0,4,0,,taxon_outlier,0,0,0,,,approve_none_grouped
2cfbe611d1e5eed7e9bc8346b89b26c8d1879186267babd4c916441f4a8ee730,classified,Parthenocissus quinquefolia,Leaf nitrogen content per unit mass,30,1,6,0,5,0,,taxon_outlier,0,0,0,,,approve_none_grouped
8de6ba0929fa2bb01bae7085e98ce8683737cc91238348eef7b07bc341476c1d,classified,Pedicularis hirsuta,Leaf nitrogen content per unit mass,17,1,9,4,1,0,,domain_outlier;taxon_outlier,0,0,0,,,approve_none_grouped
fb961d8e67ab63fab448eb9ed2c729acfa108579c0086fbbf3b46ec5d5378149,classified,Pedicularis lapponica,Leaf nitrogen content per unit mass,34,1,11,6,11,0,,domain_outlier;taxon_outlier,0,0,0,,,approve_none_grouped
3c9f4ac1e31271f67ac3d03b04267750a8d9617858d931cf9f2e02018a734d32,classified,Pedicularis sceptrum-carolinum,Leaf nitrogen content per unit mass,12,1,8,0,3,0,,taxon_outlier,0,0,0,,,approve_none_grouped
002b9909b14973dee432c2de36ff6e351a37d6d3f4837a403b9051fbf18dc364,classified,Penstemon albidus,Leaf nitrogen content per unit mass,10,1,1,0,1,0,,taxon_outlier,0,0,0,,,approve_none_grouped
c631de2c991f0624e0552bcff19ca40ac6367291374eff073e64deea2237390c,classified,Penstemon barbatus,Leaf nitrogen content per unit mass,10,1,2,0,2,0,,taxon_outlier,0,0,0,,,approve_none_grouped
f5132ef80961cb5c4de7720da59f7969c14bba41729d3424c3799f34e20ce88f,classified,Penstemon virgatus,Leaf nitrogen content per unit mass,10,1,2,0,2,0,,taxon_outlier,0,0,0,,,approve_none_grouped
e79256c59b7d0e214dc5884880688449065fbd10ec2b6c9218be244905f4b824,classified,Petalostemum,Leaf nitrogen content per unit mass,46,1,6,0,5,0,,taxon_outlier,0,0,0,,,approve_none_grouped
12c73066d7df0ad959f6b711c50b9a5909a3cb4d5cf98f4c1e5b4cfca2c66299,classified,Phalaris arundinacea,Leaf nitrogen content per unit mass,15,1,12,2,3,0,,domain_outlier;taxon_outlier,0,0,0,,,approve_none_grouped
a43bd26a3735bcbed7064f8ed76e72b565592d486cb74931387d42c1f8447f0e,classified,Phillyrea angustifolia,Leaf nitrogen content per unit mass,42,2,14,1,13,0,,domain_outlier;taxon_outlier,0,0,0,,,approve_none_grouped
36fc20813bd42702e23289bec83151f3bfd4bce082a3d8b9d4f96228bdb64754,classified,Phillyrea latifolia,Leaf nitrogen content per unit mass,179,2,37,0,30,0,,taxon_outlier,0,0,0,,,approve_none_grouped
8302b15b865ecd3e67fb5bc0d3ef2da4322d220ca2b064ec68e268802aeb0417,classified,Phleum pratense,Leaf nitrogen content per unit mass,97,2,20,2,13,0,,domain_outlier;taxon_outlier,0,0,0,,,approve_none_grouped
e94658746b8df5709a74bc9333033c485f695cd16909d5788a9f5dc98e9229f5,classified,Phlomis purpurea,Leaf nitrogen content per unit mass,33,2,4,0,2,0,,taxon_outlier,0,0,0,,,approve_none_grouped
c20a1782526e3ad0a9984e6295596d7ad2f4e8321afeec7400d1d7db5a327288,classified,Phragmites australis,Leaf nitrogen content per unit mass,145,2,30,39,17,0,,domain_outlier;taxon_outlier,0,0,0,,,approve_none_grouped
3c44c1be56ccb62af6541b5373274c5326530980b3cd6d9ce14d87be3b19f892,classified,Phyllodoce empetriformis,Leaf nitrogen content per unit mass,58,1,2,0,12,0,,taxon_outlier,0,0,0,,,approve_none_grouped
ff5cbefe36376da027ccce4cb1331d843fb506ec82745f7bc20e664c5a17c3cb,classified,Picea abies,Leaf nitrogen content per unit mass,833,2,150,0,69,0,,taxon_outlier,0,0,0,,,approve_none_grouped
f4a28ba624df3894f3b02ffa7ac1af9f2a5efece5578a9efc6451d30f960a400,classified,Picea engelmannii,Leaf nitrogen content per unit mass,58,2,24,0,6,0,,taxon_outlier,0,0,0,,,approve_none_grouped
b8ce0f555b364cfb2ad7412dfc3863c99eae9f6cb2cc1f58d0e4e0cfd1716db6,classified,Picea glauca,Leaf nitrogen content per unit mass,57,2,25,0,10,0,,taxon_outlier,0,0,0,,,approve_none_grouped
5289fedb54c75f31a52a01ce8072b1f0e6a4909900ddc08cfc462870551de7fd,classified,Picea mariana,Leaf nitrogen content per unit mass,540,2,81,0,42,0,,taxon_outlier,0,0,0,,,approve_none_grouped
2baaf28b7ce2b8546e3a34b63b7b17d2fb6b0269096dd8363337fa58246342a2,classified,Picea rubens,Leaf nitrogen content per unit mass,496,1,72,0,25,0,,taxon_outlier,0,0,0,,,approve_none_grouped
470099c2348dde8f381c3316e9010a958a055787ae239fc1b1b731c1be384fa0,classified,Picea sitchensis,Leaf nitrogen content per unit mass,65,1,12,0,1,0,,taxon_outlier,0,0,0,,,approve_none_grouped
fa7cc31485c23c625ba0c8d8cf9a4ca6af464e4e58d0a67aca9544821e492790,classified,Picris hieracioides,Leaf nitrogen content per unit mass,16,2,13,0,4,0,,taxon_outlier,0,0,0,,,approve_none_grouped
a7eb501ec8b52415320abbd1b40ea6412bc2d3e827dd95cb0498026e5073412e,classified,Pilosella officinarum,Leaf nitrogen content per unit mass,68,1,19,1,17,0,,domain_outlier;taxon_outlier,0,0,0,,,approve_none_grouped
a6fb9a61901e484ebacb57b3f2d060776c3fd26296a185eb19b31e6902dd440a,classified,Pimpinella major,Leaf nitrogen content per unit mass,62,1,8,8,5,0,,domain_outlier;taxon_outlier,0,0,0,,,approve_none_grouped
43dcb5984edb46af8ab57bdd4e1850403cd1e39272899ce5360546ee530c0bb7,classified,Pinus aristata,Leaf nitrogen content per unit mass,18,1,6,0,2,0,,taxon_outlier,0,0,0,,,approve_none_grouped
84f91419b7a2e932b6514171413c5bf65578d4b0611334fda311e05aa5aecb33,classified,Pinus banksiana,Leaf nitrogen content per unit mass,430,2,47,0,47,0,,taxon_outlier,0,0,0,,,approve_none_grouped
59bf9f2e536db253e374d9df6f6e837a70dd2a2aa5c376bf53eade03c7b61d81,classified,Pinus brutia,Leaf nitrogen content per unit mass,92,1,16,0,21,0,,taxon_outlier,0,0,0,,,approve_none_grouped
d693b48ef54ad96cedd62dbc4e5adf05d4ccd26bb5bcfa1568bbe4fdf97ec506,classified,Pinus contorta,Leaf nitrogen content per unit mass,56,2,11,0,4,0,,taxon_outlier,0,0,0,,,approve_none_grouped
7e11b7bd72cf3bf92719f2c9b7ddd024ea1525c6036490136d5667f44f9c0513,classified,Pinus edulis,Leaf nitrogen content per unit mass,26,2,12,0,5,0,,taxon_outlier,0,0,0,,,approve_none_grouped
8dba78e57634b9b60be0ea43a69207c3bc380ecd41ba6d19903778caae60bb30,classified,Pinus halepensis,Leaf nitrogen content per unit mass,815,2,768,0,73,0,,taxon_outlier,0,0,0,,,approve_none_grouped
3104fc06c0e275d87328814f77ff9ffd17f75b853090fad84beb996c5eaf316b,classified,Pinus nigra,Leaf nitrogen content per unit mass,598,2,543,0,57,0,,taxon_outlier,0,0,0,,,approve_none_grouped
0941829198224da432a466cb79eb0ecef7a88d02d09d7dc2be88d13950fcfd48,classified,Pinus palustris,Leaf nitrogen content per unit mass,22,2,14,0,4,0,,taxon_outlier,0,0,0,,,approve_none_grouped
46be2a7b2a11fd38da5e8c32d32ff78356762a9868cf00a0225b0c07ac4400a2,classified,Pinus pinaster,Leaf nitrogen content per unit mass,106,2,79,0,22,0,,taxon_outlier,0,0,0,,,approve_none_grouped
21a282356d1d224234f88d9d17bca135769c15de9d60e50f3088c13d631a063b,classified,Pinus pinea,Leaf nitrogen content per unit mass,129,2,129,0,17,0,,taxon_outlier,0,0,0,,,approve_none_grouped
e529f0eb015359b54f51ec7316c06953d79518aedce69598a6c6df84bc2fb179,classified,Pinus ponderosa,Leaf nitrogen content per unit mass,75,2,21,0,12,0,,taxon_outlier,0,0,0,,,approve_none_grouped
159bc032703e430cc4fb89f9e595ec0e95ea2435c5bb9dd37a3af3fcae484b57,classified,Pinus resinosa,Leaf nitrogen content per unit mass,49,2,13,0,8,0,,taxon_outlier,0,0,0,,,approve_none_grouped
85b61ca94127e1f7ba91fbe0af1e896a0f9c050ba8900e9704b9f254d4d4268d,classified,Pinus strobiformis,Leaf nitrogen content per unit mass,18,1,6,0,2,0,,taxon_outlier,0,0,0,,,approve_none_grouped
8bb0c00869c76677ee94efd3e9e114d51569a4b27758ebc7df41ac82c9ebe68f,classified,Pinus strobus,Leaf nitrogen content per unit mass,164,2,45,0,29,0,,taxon_outlier,0,0,0,,,approve_none_grouped
cee38b14994e28637b7311a75a97a0019894864755ee76d3a66bc5d9d3278bbc,classified,Pinus sylvestris,Leaf nitrogen content per unit mass,1844,2,893,0,185,0,,taxon_outlier,0,0,0,,,approve_none_grouped
a4299794da2234bee0f89a2453327e572d3d5b60fc61ed97becdaecc36804bb3,classified,Pinus taeda,Leaf nitrogen content per unit mass,149,2,23,0,21,0,,taxon_outlier,0,0,0,,,approve_none_grouped
219483d526609535e3dd286cf5e3138c02fc324f387abb9bc0c3661c8e059ad2,classified,Pinus uncinata,Leaf nitrogen content per unit mass,159,1,159,0,3,0,,taxon_outlier,0,0,0,,,approve_none_grouped
18e3a10113ac173bbd1afe0c91b4262c6c1bd02facc2cfd2aeba835fe0328e5a,classified,Pistacia lentiscus,Leaf nitrogen content per unit mass,109,2,36,0,33,0,,taxon_outlier,0,0,0,,,approve_none_grouped
ca791e09817017ada301137b18c5d6fd68cff7c086e90307caf3582d80d8c19c,classified,Pistacia terebinthus,Leaf nitrogen content per unit mass,44,2,13,1,8,0,,domain_outlier;taxon_outlier,0,0,0,,,approve_none_grouped
ff96310e51f681f5c9e092f118b3cc29db0b350e9372535d5654606763b60bb2,classified,Plantago lanceolata,Leaf nitrogen content per unit mass,148,2,70,3,6,0,,domain_outlier;taxon_outlier,0,0,0,,,approve_none_grouped
f66c3037dc00715f0f64b4ae3454ef104f4c39255fe20ab67f720aa5b80cf8e6,classified,Plantago media,Leaf nitrogen content per unit mass,98,1,11,1,6,0,,domain_outlier;taxon_outlier,0,0,0,,,approve_none_grouped
14a3fe9af35cc163d0a191fbf6154912c2f4f41f570911ce765faca5569914fe,classified,Plantago patagonica,Leaf nitrogen content per unit mass,15,1,4,0,6,0,,taxon_outlier,0,0,0,,,approve_none_grouped
f08bca1ff391fffe954ff3e3028067436b637952513f67696a6f53aee1211068,classified,Platanus occidentalis,Leaf nitrogen content per unit mass,13,1,9,0,1,0,,taxon_outlier,0,0,0,,,approve_none_grouped
dd963d66276b3f323bb76ccf5c07d9c915103d8525b93b9d4e0fd5f8d8e6b442,classified,Poa alpina,Leaf nitrogen content per unit mass,10,1,6,0,1,0,,taxon_outlier,0,0,0,,,approve_none_grouped
5aa41ebb71320d2f0400c44dfbacc64908331dbe1490d2ca95270b02d11d280c,classified,Poa compressa,Leaf nitrogen content per unit mass,11,1,3,0,1,0,,taxon_outlier,0,0,0,,,approve_none_grouped
f82f2432f653809faa4cdf75a300b625da83c49c15cb6ce75df87ff12180f5c1,classified,Poa fendleriana,Leaf nitrogen content per unit mass,10,1,2,0,2,0,,taxon_outlier,0,0,0,,,approve_none_grouped
bad43613b62475a127f60e36751033ba3375530750cfe32b886182cd78bdbcb3,classified,Poa pratensis,Leaf nitrogen content per unit mass,133,2,40,2,32,0,,domain_outlier;taxon_outlier,0,0,0,,,approve_none_grouped
214498a586de7257fbdb989158809fc2ce675067f05293949835e7174d3f3a25,classified,Poa trivialis,Leaf nitrogen content per unit mass,54,1,19,10,1,0,,domain_outlier;taxon_outlier,0,0,0,,,approve_none_grouped
b3759190db32fd4a8b8b4628308e36295ac742994ab46350a0a8d738137fd7d4,classified,Poales,Leaf nitrogen content per unit mass,66,1,2,0,2,0,,taxon_outlier,0,0,0,,,approve_none_grouped
39cbce68f37ecf33c492b1ba38b9d465b64693e3fc1e4faa82f191f8f87e4d33,classified,Polygonatum odoratum,Leaf nitrogen content per unit mass,10,1,5,0,4,0,,taxon_outlier,0,0,0,,,approve_none_grouped
9c8cb4b381b4fa682d4f8f54f62c6b704b4f11bd329f8da31603dd85bd278539,classified,Polygonum aviculare,Leaf nitrogen content per unit mass,10,1,6,0,2,0,,taxon_outlier,0,0,0,,,approve_none_grouped
0098748241f632b6908b31e2a8a51151334494fa8893c2912fa73db90c6dc4a7,classified,Polygonum douglasii,Leaf nitrogen content per unit mass,13,2,3,1,2,0,,domain_outlier;taxon_outlier,0,0,0,,,approve_none_grouped
a1d45ad40bc8c773e814674178755b6283694f4468f299821444992d4b5344a5,classified,Populus,Leaf nitrogen content per unit mass,51,1,12,0,2,0,,taxon_outlier,0,0,0,,,approve_none_grouped
3377fd324cce3420a4dfa9e031a3e0ee073ffb1fe7e561d1972cf679b701cc4e,classified,Populus alba,Leaf nitrogen content per unit mass,10,2,10,0,4,0,,taxon_outlier,0,0,0,,,approve_none_grouped
a95adc5e388f3442d964036b5da3b43a00b79b3fb40f35e3fe14f78db22b73c1,classified,Populus balsamifera,Leaf nitrogen content per unit mass,17,1,8,0,1,0,,taxon_outlier,0,0,0,,,approve_none_grouped
73d4763b4ba358c415037c1996cdefc78080daaa78c86ea006080e8f43186cff,classified,Populus grandidentata,Leaf nitrogen content per unit mass,23,2,15,0,5,0,,taxon_outlier,0,0,0,,,approve_none_grouped
c773ff226e0d203bd8535d87ccafece10d45b6e071c73eb34a884fd4c6506673,classified,Populus nigra,Leaf nitrogen content per unit mass,23,2,18,0,4,0,,taxon_outlier,0,0,0,,,approve_none_grouped
68e7efa488457c7b36e306e64126c18e500031f50bf3e6c66e0d985e7934d028,classified,Populus tremula,Leaf nitrogen content per unit mass,38,1,24,2,8,0,,domain_outlier;taxon_outlier,0,0,0,,,approve_none_grouped
e0cfdedd0d11ce268d70bc8b19cb195e6019b4588542a89de72f27ad30ce8374,classified,Populus tremuloides,Leaf nitrogen content per unit mass,388,2,105,0,60,0,,taxon_outlier,0,0,0,,,approve_none_grouped
607160a5803f1ab028d2c742be74b9cb5cbb9e16f28904c912d2ce3b9a94bf5c,classified,Portulaca oleracea,Leaf nitrogen content per unit mass,12,1,4,0,1,0,,taxon_outlier,0,0,0,,,approve_none_grouped
88a8bd5a64c3847972370904e5d4b7f6c7815fbc9373ebfed00d2598c5295612,classified,Potentilla,Leaf nitrogen content per unit mass,40,1,4,0,2,0,,taxon_outlier,0,0,0,,,approve_none_grouped
8ee1c7671db97d25b59d356fdb7bae6c483b53b15668b79d8919fe1d83a02bbd,classified,Potentilla crinita,Leaf nitrogen content per unit mass,10,1,2,0,2,0,,taxon_outlier,0,0,0,,,approve_none_grouped
2f4e7904eb6771038256888ab082a12272796f30ccee5779feec18da5bd210c5,classified,Potentilla erecta,Leaf nitrogen content per unit mass,18,1,13,1,4,0,,domain_outlier;taxon_outlier,0,0,0,,,approve_none_grouped
2844c3aba56f4740087c5e00233d5497414ff0428e375cda2256ecdb62747c2f,classified,Potentilla hippiana,Leaf nitrogen content per unit mass,30,1,4,0,2,0,,taxon_outlier,0,0,0,,,approve_none_grouped
3c7c2e90e9031a944af649f3d976970981f94a7ceb2daf58b131dbdf24034ea3,classified,Potentilla pusilla,Leaf nitrogen content per unit mass,52,1,5,0,1,0,,taxon_outlier,0,0,0,,,approve_none_grouped
479b217a8ef6883ec53bbb591573e860570ccdb3b81f5395f8363f49c986cef3,classified,Primula veris,Leaf nitrogen content per unit mass,33,1,4,0,6,0,,taxon_outlier,0,0,0,,,approve_none_grouped
d4d5aa00e84c00959d2a269e74cffadd0f6fb2558fd855a894db1a9774a9e7af,classified,Primula vulgaris,Leaf nitrogen content per unit mass,10,1,8,0,2,0,,taxon_outlier,0,0,0,,,approve_none_grouped
77509034292c4dc2d0f97d458ff7e1dea23630d3479077b5b17e2e32423bbc01,classified,Prosopis velutina,Leaf nitrogen content per unit mass,20,2,6,4,1,0,,domain_outlier;taxon_outlier,0,0,0,,,approve_none_grouped
799398cc11c6181b6084702e1d4ab5b3d9874f8a19cffc55c12266fc3d6c1723,classified,Prunus ilicifolia,Leaf nitrogen content per unit mass,13,2,8,0,3,0,,taxon_outlier,0,0,0,,,approve_none_grouped
bf6a84143a483bb691f80e6335cdd9c1c9629e3e4d7fe5091738348bfe27181a,classified,Prunus laurocerasus,Leaf nitrogen content per unit mass,29,1,10,0,7,0,,taxon_outlier,0,0,0,,,approve_none_grouped
b35f55925c3fa0681c1495537b16dfc1b5bb1c815cf4be7528e439269c5df74d,classified,Prunus lusitanica,Leaf nitrogen content per unit mass,19,1,6,0,5,0,,taxon_outlier,0,0,0,,,approve_none_grouped
a2c946acd640cc99e15363c8fbf6cbf85c1f163dbb320bc9b6818fbdc905236e,classified,Prunus serotina,Leaf nitrogen content per unit mass,101,2,40,0,7,0,,taxon_outlier,0,0,0,,,approve_none_grouped
7d3e06d41de659b408f1c7f8c27add23d86c17e7a2b887a6baa5613915f55c56,classified,Prunus virginiana,Leaf nitrogen content per unit mass,17,1,6,0,4,0,,taxon_outlier,0,0,0,,,approve_none_grouped
10dc87cd3e97ea92601e9105ba05b82e3b8d33de15b0f33256603286b03479b9,classified,Pseudotsuga menziesii,Leaf nitrogen content per unit mass,116,2,49,6,24,0,,domain_outlier;taxon_outlier,0,0,0,,,approve_none_grouped
f0233ef553458c39d024e50e943e0ea6e0b3856a02521e5ba07f6e1c337001d3,classified,Pteridium aquilinum,Leaf nitrogen content per unit mass,18,2,14,0,3,0,,taxon_outlier,0,0,0,,,approve_none_grouped
0e28f157142f012a8cc0da477e34c25463022485f17c981b67a2d61b8a46f45d,classified,Quercus,Leaf nitrogen content per unit mass,64,1,35,0,5,0,,taxon_outlier,0,0,0,,,approve_none_grouped
9bb0ccc461233b1b8e9d1cabaeabede93da9c746eeab903c3e090e49bb5ae437,classified,Quercus alba,Leaf nitrogen content per unit mass,138,2,50,0,23,0,,taxon_outlier,0,0,0,,,approve_none_grouped
94ba25d94bc4bfd5e3945e9cfb4e3ea30432b42fcf6c477e410b7bb86e0f8b69,classified,Quercus canariensis,Leaf nitrogen content per unit mass,24,1,24,0,2,0,,taxon_outlier,0,0,0,,,approve_none_grouped
8b0881b54a74c83df0635e16292401bdf9fd4b5c1a93e598a664b2bf699807ea,classified,Quercus cerris,Leaf nitrogen content per unit mass,13,1,6,0,1,0,,taxon_outlier,0,0,0,,,approve_none_grouped
22ce11125a951de559208f7203dc3faf552dc247ab1ab1979dc8b6551efc27ed,classified,Quercus coccifera,Leaf nitrogen content per unit mass,223,2,63,0,39,0,,taxon_outlier,0,0,0,,,approve_none_grouped
44cde0965e4fb792bf7a2ea4c88877ca0b2dfc3e4bcc57d4330d1f5063c6b341,classified,Quercus coccinea,Leaf nitrogen content per unit mass,16,2,11,0,4,0,,taxon_outlier,0,0,0,,,approve_none_grouped
7c0b5bbd31aebe98b72829a398053a8a914231ca899ef65265396b33f758bde7,classified,Quercus douglasii,Leaf nitrogen content per unit mass,482,2,7,0,7,0,,taxon_outlier,0,0,0,,,approve_none_grouped
d534b68fb04619aca150edc9d1afada19c09edcecf908818a5e29b72c7b5bd36,classified,Quercus ellipsoidalis,Leaf nitrogen content per unit mass,53,2,8,0,5,0,,taxon_outlier,0,0,0,,,approve_none_grouped
bf9076baf6f329930bdbeb242de341a7f208fc5eca559bd1b44250ab9c266d96,classified,Quercus falcata,Leaf nitrogen content per unit mass,15,1,12,0,1,0,,taxon_outlier,0,0,0,,,approve_none_grouped
ca95c637d07df5ed43c50dc692d1dbbc82bfdbbb1cd77d210ffa8606983ec844,classified,Quercus gambelii,Leaf nitrogen content per unit mass,42,2,13,0,2,0,,taxon_outlier,0,0,0,,,approve_none_grouped
bffc8b611985667d790ae6b531c886f9ef5d673f063bcecc20da8d599131c858,classified,Quercus ilex,Leaf nitrogen content per unit mass,953,2,863,2,85,0,,domain_outlier;taxon_outlier,0,0,0,,,approve_none_grouped
6ced1e40fa464ebb9666c5618965a917c2d457a22a2c1ba5d9f0427ddd068123,classified,Quercus macrocarpa,Leaf nitrogen content per unit mass,31,2,10,0,6,0,,taxon_outlier,0,0,0,,,approve_none_grouped
c8bde5b92d41e7ad56b6a98346ab0d8a1bca15dcd712d58ece08b896a7d7f33d,classified,Quercus michauxii,Leaf nitrogen content per unit mass,53,2,20,0,21,0,,taxon_outlier,0,0,0,,,approve_none_grouped
39739c124ab014f7db32a7f6c32c8d2c367601d9739d5417f23b5e99810e8f46,classified,Quercus montana,Leaf nitrogen content per unit mass,16,1,15,0,2,0,,taxon_outlier,0,0,0,,,approve_none_grouped
aad8639ce1ee14795b6f2865665be637f437487a8ca610365ce10aa1191654c0,classified,Quercus petraea,Leaf nitrogen content per unit mass,737,1,50,0,76,0,,taxon_outlier,0,0,0,,,approve_none_grouped
9ec8752e3e7c4137f71b418d494457df23484ac366c48ae122ea3c2ce324ac24,classified,Quercus pubescens,Leaf nitrogen content per unit mass,10,2,9,0,2,0,,taxon_outlier,0,0,0,,,approve_none_grouped
4251da0fcdf97907fd3368586d3ecf8ecec88d6bd5eff6aeefc8d049d92f2e23,classified,Quercus pyrenaica,Leaf nitrogen content per unit mass,177,2,140,0,35,0,,taxon_outlier,0,0,0,,,approve_none_grouped
bbdaacc13bea94c5d4b3af55dc7de44ef293257bbf4beff722400a43ede51656,classified,Quercus robur,Leaf nitrogen content per unit mass,390,2,65,0,38,0,,taxon_outlier,0,0,0,,,approve_none_grouped
203914769972d981c8b678b32c095b77174c15b1f6c7deb831f06e9e82906bbf,classified,Quercus rubra,Leaf nitrogen content per unit mass,214,2,79,0,35,0,,taxon_outlier,0,0,0,,,approve_none_grouped
a41191f1bd331470fc331a7d5ffe0c4005342be07892ce4458e5bbb48994924f,classified,Quercus virginiana,Leaf nitrogen content per unit mass,11,1,4,0,3,0,,taxon_outlier,0,0,0,,,approve_none_grouped
86ae197c6d724381c5fc4969d17b89d3c5e45be3d423e0678409791715141bbd,classified,Quercus wislizeni,Leaf nitrogen content per unit mass,13,1,2,1,3,0,,domain_outlier;taxon_outlier,0,0,0,,,approve_none_grouped
098dfdb59c00dfd088d6fd871a99dc1e5d428a2a67e0af69ed7b117cbd6f5df4,classified,Ranunculus bulbosus,Leaf nitrogen content per unit mass,10,1,5,0,3,0,,taxon_outlier,0,0,0,,,approve_none_grouped
4548c5efb117e92601dbcb45743a77cd82bcafe210349a8a6e6934c4a8789df0,classified,Raphanus sativus,Leaf nitrogen content per unit mass,15,1,1,0,1,0,,taxon_outlier,0,0,0,,,approve_none_grouped
bd3439128dc09e61736d0d36f07252867560d173a4c2ca8c76e9e5ac768c26b7,classified,Rhamnus cathartica,Leaf nitrogen content per unit mass,16,2,11,0,1,0,,taxon_outlier,0,0,0,,,approve_none_grouped
8a60dd3cadf48e1d233ec9101d4624098366f256c99d742c5c68bec4fc97e40b,classified,Rhamnus lycioides,Leaf nitrogen content per unit mass,33,2,4,0,2,0,,taxon_outlier,0,0,0,,,approve_none_grouped
4356ada410c5168120611786eac4d0db457f715b09a0845d163d5caaeb104db0,classified,Rhinanthus minor,Leaf nitrogen content per unit mass,18,1,12,1,4,0,,domain_outlier;taxon_outlier,0,0,0,,,approve_none_grouped
e0c9e0d18e59b75468f7615758f627c6c1553da8d4f40f4044e481a4bee643b9,classified,Rhododendron groenlandicum,Leaf nitrogen content per unit mass,10,2,10,0,3,0,,taxon_outlier,0,0,0,,,approve_none_grouped
81442ad367036791f7e4717a34521dcb8dec33de357e08f540d5aef0c0bee5c6,classified,Rhododendron lapponicum,Leaf nitrogen content per unit mass,58,1,12,0,3,0,,taxon_outlier,0,0,0,,,approve_none_grouped
de9442805dfd80de2587f6913ca1a306e44a6dbfee0989ad79c68cc449261ff1,classified,Rhododendron ponticum,Leaf nitrogen content per unit mass,19,1,6,0,4,0,,taxon_outlier,0,0,0,,,approve_none_grouped
fdd6d8a2ecb4a3f77b5446981b9345352f8470fed9f6660324892cb7c1efa54e,classified,Rhus microphylla,Leaf nitrogen content per unit mass,10,1,4,0,4,0,,taxon_outlier,0,0,0,,,approve_none_grouped
51d50e4b9886d45c8c1b9144c701e270fc28bbee6087ce280c056a67700eee08,classified,Ribes spicatum,Leaf nitrogen content per unit mass,11,1,9,0,3,0,,taxon_outlier,0,0,0,,,approve_none_grouped
2cfaa48c481703b91e834a69dc0e3253c362154085beabaff23bb718c6f41fbe,classified,Robinia pseudoacacia,Leaf nitrogen content per unit mass,38,2,27,4,6,0,,domain_outlier;taxon_outlier,0,0,0,,,approve_none_grouped
faa96f169bf18e8180a69cef6a2e50f8e20b62998d831f933b75f6f83f66c206,classified,Rosa,Leaf nitrogen content per unit mass,61,1,2,0,5,0,,taxon_outlier,0,0,0,,,approve_none_grouped
c17047fb6a12874c48b8b266309a324dec9d40a128fe762c849db8b3d8c4042f,classified,Rosa arvensis,Leaf nitrogen content per unit mass,21,1,13,0,3,0,,taxon_outlier,0,0,0,,,approve_none_grouped
325b24b40a6d93d9a770c615162baa31f62367e317881c008c247e55b59efc9b,classified,Rosa rugosa,Leaf nitrogen content per unit mass,25,1,25,0,4,0,,taxon_outlier,0,0,0,,,approve_none_grouped
df4d5dbe5917d6026310e08348ef0887b5ad253f27fc3a906a94bcaa4eeda1e1,classified,Rosa woodsii,Leaf nitrogen content per unit mass,10,1,2,0,2,0,,taxon_outlier,0,0,0,,,approve_none_grouped
faf2f116c7289c34b5b6099159fe74b14a93c4c46a1a8027e8c00e713486a716,classified,Rubia peregrina,Leaf nitrogen content per unit mass,10,2,10,0,1,0,,taxon_outlier,0,0,0,,,approve_none_grouped
b98201abb5477c012caece8be9c168d771c7b21f336f9e63ac191965acf30f11,classified,Rubus,Leaf nitrogen content per unit mass,29,1,8,0,2,0,,taxon_outlier,0,0,0,,,approve_none_grouped
60daaa2feef77ef354c15849d1dcdc08b7fb98ccfd00f2d0a72dcc699de3aaf3,classified,Rubus chamaemorus,Leaf nitrogen content per unit mass,13,1,8,0,4,0,,taxon_outlier,0,0,0,,,approve_none_grouped
c4331c1a92145f45cad3c2639711a9f5e6cbc81fe967d3e32c10dd5aaa3ccdfc,classified,Rubus cochinchinensis,Leaf nitrogen content per unit mass,24,1,13,0,8,0,,taxon_outlier,0,0,0,,,approve_none_grouped
f1aa9a21dd0a3b3487d8e0bed8cc78cec72102cb02ec05b8304fe9ec44ef2f3b,classified,Rubus saxatilis,Leaf nitrogen content per unit mass,29,1,12,0,8,0,,taxon_outlier,0,0,0,,,approve_none_grouped
88f3f9c2b4b5c0436001e96d9f36534595750877b342328067367c7ecac2edbb,classified,Rubus ulmifolius,Leaf nitrogen content per unit mass,15,2,12,0,2,0,,taxon_outlier,0,0,0,,,approve_none_grouped
796f54030ee590c8829fee5766ac6cc4ceca4218ad01b7bcd01cf94ccfb6ce5e,classified,Rumex acetosella,Leaf nitrogen content per unit mass,23,2,14,4,6,0,,domain_outlier;taxon_outlier,0,0,0,,,approve_none_grouped
f9710fddd1e23e40e1bb821d6c4ae2fd09e46b14e1718bde52913ec23c55f161,classified,Rumex obtusifolius,Leaf nitrogen content per unit mass,10,1,7,0,3,0,,taxon_outlier,0,0,0,,,approve_none_grouped
90cc2f72dc0d3f426978c41f672646effb9eee1998335b15e05a422614a3b303,classified,Ruscus aculeatus,Leaf nitrogen content per unit mass,36,2,6,2,5,0,,domain_outlier;taxon_outlier,0,0,0,,,approve_none_grouped
dcbd9a1c9376c4263f34553ad0ee158c975c4c42cc5b7700bab7f6ae8020d7e7,classified,Salix,Leaf nitrogen content per unit mass,13,1,10,0,1,0,,taxon_outlier,0,0,0,,,approve_none_grouped
779604dc1e4d68af37e3f6d65ccbba5ee11c55ed2ec6bce1ba024db0715f0b89,classified,Salix alba,Leaf nitrogen content per unit mass,14,1,6,0,5,0,,taxon_outlier,0,0,0,,,approve_none_grouped
6a34dd55ae43b3387babc339e35f6420269a603cd02bc5714ea3a662e0a0c66a,classified,Salix caprea,Leaf nitrogen content per unit mass,26,1,13,0,5,0,,taxon_outlier,0,0,0,,,approve_none_grouped
aa766070bd599c1e1ab088cad4890b0d0a8a4593acd680d5b32eebae58f5683b,classified,Salix cinerea,Leaf nitrogen content per unit mass,19,1,9,0,1,0,,taxon_outlier,0,0,0,,,approve_none_grouped
530322c845b9664e15a50f4322e189ea743034a83793a7cbef831269fec04aae,classified,Salix glauca,Leaf nitrogen content per unit mass,14,2,13,0,2,0,,taxon_outlier,0,0,0,,,approve_none_grouped
cac7173b2d630915d9cb6512a8c0a32b115524742de6ea0496508e5dcc2a06aa,classified,Salix hastata,Leaf nitrogen content per unit mass,17,1,5,0,2,0,,taxon_outlier,0,0,0,,,approve_none_grouped
0fe53f89b5513aa9d74652d2bda1056c1a6c04f804c16ff9d0cd43f1a8cadb79,classified,Salix helvetica,Leaf nitrogen content per unit mass,73,1,3,0,7,0,,taxon_outlier,0,0,0,,,approve_none_grouped
f188d63757633d9a5c7e3a60a94a2d488f515b3fd1f68d0ebcc70543498b4d80,classified,Salix lapponum,Leaf nitrogen content per unit mass,67,1,23,3,2,0,,domain_outlier;taxon_outlier,0,0,0,,,approve_none_grouped
126ca5aee4d68ae2a408877346896284a1095d6546f95a399d8ca901e8104db2,classified,Salix myrsinites,Leaf nitrogen content per unit mass,50,1,11,0,5,0,,taxon_outlier,0,0,0,,,approve_none_grouped
38786cf27398dde8e57010bb634b66009c777ada7f3d11beb32354aa6f55e5ee,classified,Salix phylicifolia,Leaf nitrogen content per unit mass,52,1,6,0,2,0,,taxon_outlier,0,0,0,,,approve_none_grouped
ce1775869996046c7b1b20a5b754693d0aaba67abc9d7d2874702cbeccdad580,classified,Sambucus nigra,Leaf nitrogen content per unit mass,32,2,17,4,7,0,,domain_outlier;taxon_outlier,0,0,0,,,approve_none_grouped
cd6944a32409cfbecde73cabfdc7e36681143fb306f3dfe301c6a6bf3ff8dcf2,classified,Sanguisorba officinalis,Leaf nitrogen content per unit mass,21,1,3,0,3,0,,taxon_outlier,0,0,0,,,approve_none_grouped
a12c6d86fa00538e306bd8c91d9e9d95c9e0cbd3e16347562a53647ee61174c3,classified,Sarcobatus vermiculatus,Leaf nitrogen content per unit mass,50,1,6,0,6,0,,taxon_outlier,0,0,0,,,approve_none_grouped
c35755b639f13fb3272831662f491c283225057e89c805a371a074676731a8b5,classified,Sarracenia alata,Leaf nitrogen content per unit mass,30,1,1,0,3,0,,taxon_outlier,0,0,0,,,approve_none_grouped
0a903dfe1a53e610fe0ff4465453052b2fd64c996ec98356aaee7184b90cc994,classified,Sarracenia jonesii,Leaf nitrogen content per unit mass,19,1,1,0,3,0,,taxon_outlier,0,0,0,,,approve_none_grouped
ab2d0d7cfa90ee38f6b64b27865c2b7453d472c1c4af8c5711918011b0c06338,classified,Sarracenia leucophylla,Leaf nitrogen content per unit mass,23,1,1,0,5,0,,taxon_outlier,0,0,0,,,approve_none_grouped
88e39c55e21f718f3a334d389e80b0dd2d06659cb9f32b58c1de2a4199951f67,classified,Sarracenia minor,Leaf nitrogen content per unit mass,23,1,1,0,1,0,,taxon_outlier,0,0,0,,,approve_none_grouped
a9ba9054583b5e4d8e835c26eda8e5c3635c741dbcd5aa4dc318d0cc1a3df0c7,classified,Sarracenia purpurea,Leaf nitrogen content per unit mass,48,2,10,0,7,0,,taxon_outlier,0,0,0,,,approve_none_grouped
aad3867266f3fe2faa7d430f636d786488b303d9b809315b665e9bcc1870b4ec,classified,Sarracenia rubra,Leaf nitrogen content per unit mass,43,1,1,0,2,0,,taxon_outlier,0,0,0,,,approve_none_grouped
fe6477bff4d2be1cdb676038c37f5fcccf53e07ac1aaed1d555bbf60cdcf8e3e,classified,Sassafras albidum,Leaf nitrogen content per unit mass,27,1,20,0,3,0,,taxon_outlier,0,0,0,,,approve_none_grouped
f543702db65d0a14626d677e39f88938ef327410dd9f2b5ccde9ce9f542c717f,classified,Saxifraga rotundifolia,Leaf nitrogen content per unit mass,24,1,18,0,4,0,,taxon_outlier,0,0,0,,,approve_none_grouped
3863b724ddab61f2ac995a3bafc2554d9613ceb107f12e24a8efd4d872c93cc8,classified,Schizachyrium scoparium,Leaf nitrogen content per unit mass,64,2,17,0,6,0,,taxon_outlier,0,0,0,,,approve_none_grouped
f9392f7844f2bfeaf3296f8cf223aa119f7d57709ffcc9a55ee3c29064b6ada3,classified,Scorzoneroides autumnalis,Leaf nitrogen content per unit mass,31,1,4,0,8,0,,taxon_outlier,0,0,0,,,approve_none_grouped
d8b5f563d3927200db07becdfceca5c1abf5a67d5521cf610dc955d7fc81c7d1,classified,Scutellaria parvula,Leaf nitrogen content per unit mass,13,1,3,0,1,0,,taxon_outlier,0,0,0,,,approve_none_grouped
d7e4935899a41dccb5e39fe920ce156ceac7d3d309e582d4e333a9325b765d0a,classified,Senecio crassulus,Leaf nitrogen content per unit mass,29,2,4,3,3,0,,domain_outlier;taxon_outlier,0,0,0,,,approve_none_grouped
8c4a28dfa7bec1a5ab3f3576cde702eeddbcdb56c7cb51f1d739cc05a000ad8c,classified,Sequoia sempervirens,Leaf nitrogen content per unit mass,62,2,12,6,10,0,,domain_outlier;taxon_outlier,0,0,0,,,approve_none_grouped
306afac5d4c83ed205ed5ec3f20041d1a89ab34c4fa3210f6c34d59f5ea26965,classified,Sesleria nitida,Leaf nitrogen content per unit mass,16,1,9,0,4,0,,taxon_outlier,0,0,0,,,approve_none_grouped
4073a95c1e7d084d355d6f389092a900b8a558b0d335684499b23c59ef3325b2,classified,Sidalcea malviflora,Leaf nitrogen content per unit mass,27,1,1,0,1,0,,taxon_outlier,0,0,0,,,approve_none_grouped
f4ee2a20283de2574345b84293df59f8ddf343daba67d99b7dd5a66c7da9f69b,classified,Silene dioica,Leaf nitrogen content per unit mass,26,1,7,3,3,0,,domain_outlier;taxon_outlier,0,0,0,,,approve_none_grouped
44c83b12b8d80e1a3bf0860fd37a78776e00e9191b58bd6c95006ed6e3b47420,classified,Solanum dulcamara,Leaf nitrogen content per unit mass,20,1,8,2,5,0,,domain_outlier;taxon_outlier,0,0,0,,,approve_none_grouped
5afeeb3fb7aed7ec563ce7709b5d94b0ba82921bef00938a9bae132ba6787bed,classified,Solidago gigantea,Leaf nitrogen content per unit mass,14,1,12,0,2,0,,taxon_outlier,0,0,0,,,approve_none_grouped
0c734695bc796637e258e923c16f3883b2fb2999b2483efa41cfed402e93331a,classified,Solidago nana,Leaf nitrogen content per unit mass,10,1,2,0,4,0,,taxon_outlier,0,0,0,,,approve_none_grouped
098465bea663d8fe8d227654d5257e3be6994932fa8a49e44581ef016b739d88,classified,Solidago nemoralis,Leaf nitrogen content per unit mass,12,2,7,0,2,0,,taxon_outlier,0,0,0,,,approve_none_grouped
94d2505192ae86f12bcb62aa3cb3cf1b1c24b22351d47f7f01bd92b4264ca4f7,classified,Solidago rigida,Leaf nitrogen content per unit mass,30,2,15,0,5,0,,taxon_outlier,0,0,0,,,approve_none_grouped
66aad7714abdd3363a827ce2b26126090ee080ec690edfce539ab99d55f65752,classified,Solidago velutina,Leaf nitrogen content per unit mass,12,2,4,0,1,0,,taxon_outlier,0,0,0,,,approve_none_grouped
dd2a70ddda9a8bcdb9521366297b8c86e45a910787d0e60cffb7895e69c09a21,classified,Solidago virgaurea,Leaf nitrogen content per unit mass,51,2,30,1,3,0,,domain_outlier;taxon_outlier,0,0,0,,,approve_none_grouped
2c15a7ad1f18b40e63c7b69ffa75f8f4ce6a767883abadff3611cf6b46a3c1aa,classified,Sonchus asper,Leaf nitrogen content per unit mass,18,1,4,0,3,0,,taxon_outlier,0,0,0,,,approve_none_grouped
5cd0196f9276f2b096c00639ec50a3cc5d1c8db78e8c13817a241ae9a594ec63,classified,Sorbus americana,Leaf nitrogen content per unit mass,35,1,17,0,2,0,,taxon_outlier,0,0,0,,,approve_none_grouped
0add8280fb7df409e6d6c7a8327a0d008ea5892bd5ef8dde44bb5eee479121b7,classified,Sorbus aucuparia,Leaf nitrogen content per unit mass,68,1,26,0,17,0,,taxon_outlier,0,0,0,,,approve_none_grouped
c73b984c77cc06fa0508fa46bc91fa06967f967801d8ed85e65e31b9e1cb2867,classified,Sorghastrum nutans,Leaf nitrogen content per unit mass,126,2,15,0,27,0,,taxon_outlier,0,0,0,,,approve_none_grouped
e4485f90da99a16766623da95b32a493367d3f13d34778ceae0bc3e0a244fa0d,classified,Spinulum annotinum,Leaf nitrogen content per unit mass,32,1,12,0,9,0,,taxon_outlier,0,0,0,,,approve_none_grouped
1236221ce22d54fee64e7ccdf5814e810fc09ebc9239404ad3dde94fc981101c,classified,Sporobolus rigidus,Leaf nitrogen content per unit mass,12,2,5,0,2,0,,taxon_outlier,0,0,0,,,approve_none_grouped
858531217271e037fade09f4e2116415a403b378029ec329e774dabbec59a0cc,classified,Sticherus,Leaf nitrogen content per unit mass,60,1,4,0,4,0,,taxon_outlier,0,0,0,,,approve_none_grouped
77c668baa02f35950369965c52c77e030729aa793180c9de870d997e16f28f08,classified,Symphyotrichum ascendens,Leaf nitrogen content per unit mass,10,1,2,0,2,0,,taxon_outlier,0,0,0,,,approve_none_grouped
3044eac36465e1d35b251c76c8a5efbb99aff73335cebbaeece1fdf95dddc91f,classified,Symphyotrichum falcatum,Leaf nitrogen content per unit mass,10,1,2,0,2,0,,taxon_outlier,0,0,0,,,approve_none_grouped
8f90e0dededfd5afd620dc60fef1384562925482fc46efe841e64c702892d220,classified,Symphyotrichum oolentangiense,Leaf nitrogen content per unit mass,33,2,6,0,4,0,,taxon_outlier,0,0,0,,,approve_none_grouped
d5a95b52af0d9cf48ee86a0a4a6145340028319289f3e0b2c38c4e29112c3a1a,classified,Tanacetum vulgare,Leaf nitrogen content per unit mass,14,1,9,0,2,0,,taxon_outlier,0,0,0,,,approve_none_grouped
1b0269bc0612b13b145ef02f87a856fd63871ea6b4605cefa374b93664a57728,classified,Taraxacum campylodes,Leaf nitrogen content per unit mass,182,1,32,1,42,0,,domain_outlier;taxon_outlier,0,0,0,,,approve_none_grouped
f7baca58affadaa8c79afd2164d88f2ebf5bc017f83bf25b11fa8d6dd4beb35e,classified,Taxus baccata,Leaf nitrogen content per unit mass,31,2,14,0,1,0,,taxon_outlier,0,0,0,,,approve_none_grouped
27ffdc09fdf5f69bb6e18fcbb0494855b9a617f45f2edf4b00747f73ada5e1a6,classified,Thalictrum fendleri,Leaf nitrogen content per unit mass,36,2,8,4,8,0,,domain_outlier;taxon_outlier,0,0,0,,,approve_none_grouped
404f8d0c39b938fd19e96899b3282bd2777171ab4d7f498c24558d30f70b9bbc,classified,Thinopyrum junceum,Leaf nitrogen content per unit mass,31,1,31,0,1,0,,taxon_outlier,0,0,0,,,approve_none_grouped
0cffbe9c2c59f3b8149648f88fdd93e86de6ee991065fbdfb9b9458c2fb0bb07,classified,Thuja occidentalis,Leaf nitrogen content per unit mass,22,2,14,0,4,0,,taxon_outlier,0,0,0,,,approve_none_grouped
d912045b49c1b3b7ba89024bf019f7ea0f4ee0892b23384ac690b4128f826c38,classified,Thymus mastichina,Leaf nitrogen content per unit mass,61,1,2,0,2,0,,taxon_outlier,0,0,0,,,approve_none_grouped
e297b3bca76fe7e6408f2cd4a219b62517e94e08ef60e96fd70a750603b4b9af,classified,Thymus praecox,Leaf nitrogen content per unit mass,14,1,9,0,3,0,,taxon_outlier,0,0,0,,,approve_none_grouped
5cb9f1105d8c8532049302392d25a5dde9b4b0ca54b165b05ddfc96adc53ec47,classified,Tilia cordata,Leaf nitrogen content per unit mass,48,2,26,0,5,0,,taxon_outlier,0,0,0,,,approve_none_grouped
dcc1fa362f36d15a57c2be50e8b859c932f35a53a7683cfcc5b7993db8c9e817,classified,Tofieldia pusilla,Leaf nitrogen content per unit mass,44,1,6,0,1,0,,taxon_outlier,0,0,0,,,approve_none_grouped
a1be95975e6c5522ebf348b8a995e9997823b7d35be15335ef754912d3e15497,classified,Torminalis glaberrima,Leaf nitrogen content per unit mass,41,1,4,0,10,0,,taxon_outlier,0,0,0,,,approve_none_grouped
7234d01495be72a3e6cae5b4879b46192700f92916217d662b4ef38ec92328f4,classified,Tragopogon dubius,Leaf nitrogen content per unit mass,20,2,6,0,3,0,,taxon_outlier,0,0,0,,,approve_none_grouped
8c7c76e2dca5cd37395900e6b770459bd1695bf246d4c6a61fd7cfc9291ad927,classified,Tragopogon pratensis,Leaf nitrogen content per unit mass,14,1,2,1,2,0,,domain_outlier;taxon_outlier,0,0,0,,,approve_none_grouped
ef7f8ae80d9fb7d1be71ed91130d9a3532309fac89637d5ae083e5f32d29c885,classified,Trifolium dubium,Leaf nitrogen content per unit mass,14,1,4,9,2,0,,domain_outlier;taxon_outlier,0,0,0,,,approve_none_grouped
b0ebe4bb705a8f6a928d9cf896c3b0b68a790c07c99788b0a50176c5f2a57a7d,classified,Trifolium hybridum,Leaf nitrogen content per unit mass,44,1,1,35,1,0,,domain_outlier;taxon_outlier,0,0,0,,,approve_none_grouped
6d553d8184a098cb72815148811a009a8a061f76b8dffdb003c1f9eb1af68ec5,classified,Trisetum,Leaf nitrogen content per unit mass,52,1,4,0,10,0,,taxon_outlier,0,0,0,,,approve_none_grouped
aa7072193d9772d23bc03b8f093bce4a0fd3803b935c4dff1372b6e3c3d5d09c,classified,Trisetum flavescens,Leaf nitrogen content per unit mass,88,1,12,14,10,0,,domain_outlier;taxon_outlier,0,0,0,,,approve_none_grouped
b621e7995ad6d88b49aef8a21fca82bfd4e7e947f46e7ddd3ebfbfd2430b2f76,classified,Triticum aestivum,Leaf nitrogen content per unit mass,788,1,357,213,14,0,,domain_outlier;taxon_outlier,0,0,0,,,approve_none_grouped
a0a5f4bf10dd642eb6d3f057d065eefe00ada6c5f1072984f74e82b681f88915,classified,Triticum turgidum,Leaf nitrogen content per unit mass,16,1,6,12,4,0,,domain_outlier;taxon_outlier,0,0,0,,,approve_none_grouped
0ca9bc3d3db6e0dcba1e0f24019e08900621479ae6497ebaf36db88100b7b3ee,classified,Tsuga canadensis,Leaf nitrogen content per unit mass,77,2,44,0,13,0,,taxon_outlier,0,0,0,,,approve_none_grouped
788eb225ab236062a6e1c9abce8df8c354902fa6a176eaa8ee0c09ba8d388461,classified,Tsuga heterophylla,Leaf nitrogen content per unit mass,29,2,14,0,5,0,,taxon_outlier,0,0,0,,,approve_none_grouped
f6cac47eb45f76b643179936db034f23d2543a258e624b2ee421b5529e8f96b5,classified,Typha latifolia,Leaf nitrogen content per unit mass,11,1,8,0,2,0,,taxon_outlier,0,0,0,,,approve_none_grouped
668d48ab9ad35d79d0c28e813b4c98a7c8eea7c10b7a44040af7691380bbff32,classified,Ulex gallii,Leaf nitrogen content per unit mass,14,1,6,0,2,0,,taxon_outlier,0,0,0,,,approve_none_grouped
ca9f0f16be3cbade21758b99671354bf00cfc106df58836a467995995322d593,classified,Ulex parviflorus,Leaf nitrogen content per unit mass,34,1,2,1,1,0,,domain_outlier;taxon_outlier,0,0,0,,,approve_none_grouped
dd249bfb86ecceb100b6d870817e1c2c5f693e0a8ff16417c7d8490ff5f8cf2f,classified,Ulmus americana,Leaf nitrogen content per unit mass,29,2,21,0,6,0,,taxon_outlier,0,0,0,,,approve_none_grouped
571827702eccd440ac2c43d990ebaaf6e1062dc95f6286a26da74c26955aa015,classified,Ulmus glabra,Leaf nitrogen content per unit mass,20,1,9,0,8,0,,taxon_outlier,0,0,0,,,approve_none_grouped
d2e2791e48209312354041d74e022cbbd5864c7d3549493d348d660271412b13,classified,Ulmus minor,Leaf nitrogen content per unit mass,13,2,10,0,3,0,,taxon_outlier,0,0,0,,,approve_none_grouped
bd5d88af0e5d488c32539e0c21167e04d730a9575a7506cac6c48d8e4b11ba6d,classified,Umbellularia californica,Leaf nitrogen content per unit mass,14,2,8,2,2,0,,domain_outlier;taxon_outlier,0,0,0,,,approve_none_grouped
eadfb21f18a51ec9b86768fd5ec735bd4d3eed55f7cfa68685ddaa209c1d210b,classified,Urtica dioica,Leaf nitrogen content per unit mass,45,1,29,3,9,0,,domain_outlier;taxon_outlier,0,0,0,,,approve_none_grouped
6edb6249acedc490fbdd7d9808812893a73720c077f3cb0fb261d9f2955f4850,classified,Vaccinium corymbosum,Leaf nitrogen content per unit mass,25,2,23,0,4,0,,taxon_outlier,0,0,0,,,approve_none_grouped
7d6c7545c946f01d1315afc8aa2feb6d22703a7efffde75ff9c707b64398d195,classified,Vaccinium deliciosum,Leaf nitrogen content per unit mass,16,1,2,0,2,0,,taxon_outlier,0,0,0,,,approve_none_grouped
833c59f0aad1a08f1fdf3645b0e290b7dc28f48c80ba09e8b58b7dc3147a6104,classified,Vaccinium myrtillus,Leaf nitrogen content per unit mass,107,2,59,0,4,0,,taxon_outlier,0,0,0,,,approve_none_grouped
8b7bcae4bf8311677f33ff7c990fcb93e7ea8d8926c1c21e34ff2ac0a9d4ea84,classified,Vaccinium uliginosum,Leaf nitrogen content per unit mass,83,2,29,0,2,0,,taxon_outlier,0,0,0,,,approve_none_grouped
d8a58870a7f003b389ad01ae99221d9be2c0f251c750a414bde68e7c31bc13d2,classified,Vaccinium vitis-idaea,Leaf nitrogen content per unit mass,100,2,49,0,1,0,,taxon_outlier,0,0,0,,,approve_none_grouped
71dc69f693ce39b13bea353dafbc911d1a4dfa9b9f722d4265916904a23a99b6,classified,Verbascum thapsus,Leaf nitrogen content per unit mass,14,1,6,0,1,0,,taxon_outlier,0,0,0,,,approve_none_grouped
dd76f58d36d7dd4d44a298c39e9edeea9c47ceb62fa3a383757e2d5bb05e72a2,classified,Veronica chamaedrys,Leaf nitrogen content per unit mass,80,1,46,1,9,0,,domain_outlier;taxon_outlier,0,0,0,,,approve_none_grouped
34703c36a5e2031fa6ff7ded0817211daf44dad282c549ee2398db74ae2fa041,classified,Viburnum burejaeticum,Leaf nitrogen content per unit mass,10,1,1,0,4,0,,taxon_outlier,0,0,0,,,approve_none_grouped
8131e85b95bf0b323610008eb5fb48c1dcf3d0eda7e38f2f1029cba75c9811b2,classified,Viburnum dentatum,Leaf nitrogen content per unit mass,42,1,3,0,2,0,,taxon_outlier,0,0,0,,,approve_none_grouped
21ba9a5c23ec8e541e6b7ed5a1a3f35cb0d7bdf4420ba5df7c0a3f879f87f44b,classified,Viburnum furcatum,Leaf nitrogen content per unit mass,10,1,1,0,1,0,,taxon_outlier,0,0,0,,,approve_none_grouped
4897bf48e7c62cebfcf092b7e194deeddcec0aa9c374e721487dda426ebcf4a1,classified,Viburnum lantana,Leaf nitrogen content per unit mass,26,1,3,0,6,0,,taxon_outlier,0,0,0,,,approve_none_grouped
5e4be4ad8b6e78c2e2be7fae196b78c0ed5db7c88cb83abe43fc4c5cb354816b,classified,Viburnum lantanoides,Leaf nitrogen content per unit mass,14,1,12,0,1,0,,taxon_outlier,0,0,0,,,approve_none_grouped
8725561847fd32b88bb4cb02c0fe064c512e8ff0eaff7043e31c9cc2685c0116,classified,Viburnum lentago,Leaf nitrogen content per unit mass,12,1,3,0,2,0,,taxon_outlier,0,0,0,,,approve_none_grouped
4bd06f9598486632f79911863d8f556c91068ed09c361f4fadc4bd79010d5547,classified,Viburnum nudum,Leaf nitrogen content per unit mass,26,1,15,0,3,0,,taxon_outlier,0,0,0,,,approve_none_grouped
2057abc68a653d59642fb4726072e9af96779ab2757c349dc9c5417dba6881c3,classified,Viburnum opulus,Leaf nitrogen content per unit mass,30,1,10,0,6,0,,taxon_outlier,0,0,0,,,approve_none_grouped
b1f4aaed6304c1a8fd50058d1c3e732d86097426e77f995d17bd3e8f6f955573,classified,Viburnum prunifolium,Leaf nitrogen content per unit mass,12,1,3,0,3,0,,taxon_outlier,0,0,0,,,approve_none_grouped
532fddbbce32004abc8f26a60b8358e6f8e4ac6b019d0fee66303a5532e222b2,classified,Viburnum tinus,Leaf nitrogen content per unit mass,43,2,13,0,2,0,,taxon_outlier,0,0,0,,,approve_none_grouped
303fd3de7cf0bf4322f39d70cbcb50d50fcf968f5d7b006855e74eb09a17ac05,classified,Viburnum trilobum,Leaf nitrogen content per unit mass,10,1,1,0,2,0,,taxon_outlier,0,0,0,,,approve_none_grouped
430d380842dee4fce1ba15cf2106216e5310d26bfd54d99c1bc7bad726e08e90,classified,Viburnum wrightii,Leaf nitrogen content per unit mass,10,1,1,0,1,0,,taxon_outlier,0,0,0,,,approve_none_grouped
5bf1ff1e465841370974860f27b55b2382ac2d9a227e5cc9df3ad9e43890e143,classified,Vicia americana,Leaf nitrogen content per unit mass,49,1,5,0,3,0,,taxon_outlier,0,0,0,,,approve_none_grouped
c63fe8ddc63bfd69dfc72853cbc67deb8d6a618e98a6a8814e301e7b58b4f3da,classified,Viola alba,Leaf nitrogen content per unit mass,15,2,9,0,1,0,,taxon_outlier,0,0,0,,,approve_none_grouped
b8a523a98c07d68fa2556766a6df6744c408bdb2d85556116ef6bf060182a569,classified,Viola canadensis,Leaf nitrogen content per unit mass,10,1,2,0,2,0,,taxon_outlier,0,0,0,,,approve_none_grouped
89803d2d834ba77a41ccf9cba32f1868265fcd4fe27fdb71dc75d9680fd635c3,classified,Viola pedatifida,Leaf nitrogen content per unit mass,17,1,3,0,2,0,,taxon_outlier,0,0,0,,,approve_none_grouped
0eef2ea64ab582c8363e6d3ce6cc8b52351e081d6bfb730ccf6342ab6c6a41ef,classified,Wyethia amplexicaulis,Leaf nitrogen content per unit mass,11,2,2,0,2,0,,taxon_outlier,0,0,0,,,approve_none_grouped
43d8208c14ed9de1507c4382381f71ae91672f3b7fcf826917f96a4d0771a7d4,classified,Zea mays,Leaf nitrogen content per unit mass,107,1,57,12,8,0,,domain_outlier;taxon_outlier,0,0,0,,,approve_none_grouped
991bd6583d5989b821b180964c212f9f2648cb8c66a2c72e8e4abcbb005cbf61,classified,Abies amabilis,Plant heigh,15084,1,901,686,1555,0,,domain_outlier;taxon_outlier,0,0,0,,,approve_none_grouped
a9e87172cb5e0996e73110bef8567ce634f79ff0851a5abf9e43742877b85b28,classified,Abies balsamea,Plant heigh,79240,2,7509,0,8470,0,,taxon_outlier,0,0,0,,,approve_none_grouped
f30c3e35f28a2a544b844a67a6c2eeb3ab434d839b3c14519f4fe15162df639b,classified,Abies concolor,Plant heigh,45155,2,3343,691,4059,0,,domain_outlier;taxon_outlier,0,0,0,,,approve_none_grouped
f71eb116905f6bcfa9ad624f3430d24549859c9b8a3d052e71efeb120f34f522,classified,Abies fraseri,Plant heigh,318,1,25,0,20,0,,taxon_outlier,0,0,0,,,approve_none_grouped
e5868f5b987f17bb4e5c36b9663fb1b41467e0a548e69b5c4caeb851cfa909bc,classified,Abies grandis,Plant heigh,36650,2,3574,259,1696,0,,domain_outlier;taxon_outlier,0,0,0,,,approve_none_grouped
78042d705cbc65ab2574afb636ad6cbd70fe0ddaecf6096d8917b29fb984485e,classified,Abies lasiocarpa,Plant heigh,115498,2,9086,7,4004,0,,domain_outlier;taxon_outlier,1,0,1,,9ae5771978e17974f01af767bdbf52d3d2735f35c7c43938ecf74f416311ee23,approve_none_after_source_rule
a3be5fc0cdabc94077658069dc7c26e008d5708953a3ae026c721cbc91411905,classified,Abies magnifica,Plant heigh,11649,1,626,364,41,0,,domain_outlier;taxon_outlier,0,0,0,,,approve_none_grouped
4f65f61e7918a6e6cab24295e4fd06fd6f4e3468f6c40711cec585595712684c,classified,Abies pinsapo,Plant heigh,164,2,164,1,49,0,,domain_outlier;taxon_outlier,0,0,0,,,approve_none_grouped
234859290a4bd845b666022cf7f8357a05398b13050d8d6e2e501e08d7ed1a62,classified,Abies procera,Plant heigh,2150,1,272,161,122,0,,domain_outlier;taxon_outlier,0,0,0,,,approve_none_grouped
90f77028ba69df11a9d0cff4dc7a8f7d55bf9943aa827ae4b158844a60200c9d,classified,Acer barbatum,Plant heigh,6611,1,1560,0,135,0,,taxon_outlier,0,0,0,,,approve_none_grouped
8ea7a680637f4734674b26a6da45f00fb93365ee884f1fa734cfe6db26e4fce0,classified,Acer glabrum,Plant heigh,3012,2,602,0,136,0,,taxon_outlier,0,0,0,,,approve_none_grouped
02cb06c18e1fe6cbc0b5b8d56566f452cd457f453d2d4aba3e7b2d0278e35407,classified,Acer granatense,Plant heigh,31,1,2,1,7,0,,domain_outlier;taxon_outlier,0,0,0,,,approve_none_grouped
1000282ea4b74f9d675423aa87ca63c2fa72f448ace2a06cccda8104556baaee,classified,Acer grandidentatum,Plant heigh,5735,2,444,0,166,0,,taxon_outlier,0,0,0,,,approve_none_grouped
8e536c1f2d17e9e4f1520544907d8bde9a337e3be3d80926c8ad979e6700f869,classified,Acer leucoderme,Plant heigh,142,1,49,0,5,0,,taxon_outlier,0,0,0,,,approve_none_grouped
64a5529b8a2be22e2995e566ccb124c4e4f6bb030ce4080856365c6005b62430,classified,Acer macrophyllum,Plant heigh,5673,2,1077,1,355,0,,domain_outlier;taxon_outlier,0,0,0,,,approve_none_grouped
0958ac08fe7f163c17cbf59472ddd98383bc0525f1232821b07c1286680cf3cd,classified,Acer monspessulanum,Plant heigh,28,1,5,1,4,0,,domain_outlier;taxon_outlier,0,0,0,,,approve_none_grouped
0021252447a349139a59f3b120735a89c5998ac746defb02123d87cdf04e99ce,classified,Acer negundo,Plant heigh,20947,2,3617,1,998,0,,domain_outlier;taxon_outlier,0,0,0,,,approve_none_grouped
37853502225a214107656f224375a0a12ae88a2bfc35ea644ab5c0ef62e1952d,classified,Acer nigrum,Plant heigh,750,2,162,0,73,0,,taxon_outlier,0,0,0,,,approve_none_grouped
eac92d699a75a781ee854a84a267403c1aa3ecfd3e6183926c50bf635e1c0069,classified,Acer pensylvanicum,Plant heigh,4364,2,1178,3,53,0,,domain_outlier;taxon_outlier,0,0,0,,,approve_none_grouped
6eef33132bc3a12950baccea2603f23b9698d6a92181ebbd2aa74279d16cfa94,classified,Acer platanoides,Plant heigh,172,2,71,1,9,0,,domain_outlier;taxon_outlier,0,0,0,,,approve_none_grouped
368792471f98a67beda7b93cd58b01883fabfb417202e0e0e8909e42590f3920,classified,Acer pseudoplatanus,Plant heigh,51,1,6,1,8,0,,domain_outlier;taxon_outlier,0,0,0,,,approve_none_grouped
b3f540eb2b4ec73261b3b8fc9e303d6c805b3ced2a8aeb6a3ade3237cec9baee,classified,Acer rubrum,Plant heigh,535993,2,53346,8,5135,0,,domain_outlier;taxon_outlier,1,0,1,,9ae5771978e17974f01af767bdbf52d3d2735f35c7c43938ecf74f416311ee23,approve_none_after_source_rule
210332e63881a013e45fa18075132cf929a90393fbc42c0829824e60148b01ec,classified,Acer saccharinum,Plant heigh,13416,2,1474,0,411,0,,taxon_outlier,0,0,0,,,approve_none_grouped
5797f5162347d338039595ab0c482b2b6df590c5133898cb31601ce181b03028,classified,Acer saccharum,Plant heigh,198100,2,16379,16,11048,0,,domain_outlier;taxon_outlier,0,0,0,,,approve_none_grouped
b4b24c96b19eeb0818af39c41d2799bcbfa5906c84b318b6a5fe87637c476de0,classified,Acer spicatum,Plant heigh,174,2,79,10,25,0,,domain_outlier;taxon_outlier,0,0,0,,,approve_none_grouped
b55dd4c80f201f4456bdfe4d0f54410057f878dfe0d623987fa788b18d338ea8,classified,Achillea maritima,Plant heigh,24,1,4,1,3,0,,domain_outlier;taxon_outlier,0,0,0,,,approve_none_grouped
5c321e2390aaa378ada3ae8d32d0c45e39851dc98ed8fd4b648d401521704723,classified,Achillea millefolium,Plant heigh,455,1,97,71,43,0,,domain_outlier;taxon_outlier,3,0,3,,30800ec14d04f64be96885655d4d09b23c3c8b236a95849d5a3f2b9a88ab170c;9ae5771978e17974f01af767bdbf52d3d2735f35c7c43938ecf74f416311ee23;dafcf1b2331a12f892bcef0815ee62674a8b070e5f93b4e845cdbcd3620f3be3,approve_none_after_source_rule
0b0130bb23e31e82c79302ea8cc8936ce41939174b7df193d9728ea5293a715b,classified,Acmispon wrightii,Plant heigh,20,1,3,0,2,0,,taxon_outlier,0,0,0,,,approve_none_grouped
d353415af4795eb023cdccdd534186e621ea9df18630504f3a836c055ee76d18,classified,Aconitum lycoctonum,Plant heigh,26,1,2,23,1,0,,domain_outlier;taxon_outlier,0,0,0,,,approve_none_grouped
f5a6606650cc07b0d9d51d12aa4b2f928df8c4199eb5f2e282abcaca4f5927a8,classified,Aconitum napellus,Plant heigh,11,1,2,11,1,0,,domain_outlier;taxon_outlier,0,0,0,,,approve_none_grouped
41cea6bc81812497b60792af95bdf0105d4586b767d872202f463c4f7284c968,classified,Actaea rubra,Plant heigh,15,1,2,2,2,0,,domain_outlier;taxon_outlier,1,0,1,,9ae5771978e17974f01af767bdbf52d3d2735f35c7c43938ecf74f416311ee23,approve_none_after_source_rule
616efd47f56ecb202d2d30db7123821acd62eb3ed9cfd8f0adf91c282c1c059b,classified,Actaea spicata,Plant heigh,11,1,3,1,1,0,,domain_outlier;taxon_outlier,0,0,0,,,approve_none_grouped
437a48f0cb49b87bb07d09d11a4b5a7d134959096544d2282422f985b02eb525,classified,Adenostyles alliariae,Plant heigh,26,1,2,24,3,0,,domain_outlier;taxon_outlier,0,0,0,,,approve_none_grouped
c5c37bae1616e62252db2127b941058c9de1d3b34df7a1d998f3fe1ad2a9c085,classified,Adenostyles alpina,Plant heigh,26,1,2,7,1,0,,domain_outlier;taxon_outlier,0,0,0,,,approve_none_grouped
c7ad80b950547b3c6d796bdf0a10d2b41d6a517f2299c3f3ec79f6b688b33231,classified,Adenostyles leucophylla,Plant heigh,26,1,2,0,1,0,,taxon_outlier,0,0,0,,,approve_none_grouped
30e4e7a6c00fdfd69405fb62e9d6871f691a0f1668161e6a90fa1b9fe2a3939a,classified,Aegopodium podagraria,Plant heigh,49,1,16,20,1,0,,domain_outlier;taxon_outlier,0,0,0,,,approve_none_grouped
cad36ae31d36a048f1ab76f19117a8a2cd23dd8757af431ef1a5240746eb9eb0,classified,Aesculus californica,Plant heigh,732,2,136,0,40,0,,taxon_outlier,0,0,0,,,approve_none_grouped
b9f76e21182fd3252e680e7f590bc73e23176b706918cd0c76c111938360ef12,classified,Aesculus flava,Plant heigh,2780,1,588,0,94,0,,taxon_outlier,0,0,0,,,approve_none_grouped
90aff454535f4b3304e1ea95c367e6526f12439e23a41ed58b4acfc9c2e59edc,classified,Aesculus glabra,Plant heigh,1005,1,233,0,84,0,,taxon_outlier,0,0,0,,,approve_none_grouped
fad2b598e4234b059164ce95021f22aa923ec52a49b3baf63795a9c69f1e74b7,classified,Aetheorhiza bulbosa,Plant heigh,16,1,3,0,3,0,,taxon_outlier,0,0,0,,,approve_none_grouped
a050d40cb1be9075c91c4cb3880b0e484dc9ac5b11e7705b57f70b6fc17ae057,classified,Agoseris glauca,Plant heigh,45,1,4,0,6,0,,taxon_outlier,0,0,0,,,approve_none_grouped
f1d1b15004c9b123ecbfb57e1903415bd480c671e7b6b446b772402f3bc23b08,classified,Agropyron desertorum,Plant heigh,10,1,1,0,2,0,,taxon_outlier,0,0,0,,,approve_none_grouped
130f37b442d908cb4eb2b79707cba6450a2aa8b209322c629df9d2c7e918cdce,classified,Agrostemma githago,Plant heigh,22,1,3,20,4,0,,domain_outlier;taxon_outlier,1,0,1,,9ae5771978e17974f01af767bdbf52d3d2735f35c7c43938ecf74f416311ee23,approve_none_after_source_rule
d4f5aa10afb2c0ed7770cfc55fbb6a2d6abe6af41c0f3ccda9f22cbc310ab597,classified,Agrostis capillaris,Plant heigh,23,1,6,0,5,0,,taxon_outlier,0,0,0,,,approve_none_grouped
6ef932e6949ba139d8a8b81351c70a6ceefd14597a0a06051bb79e183d109310,classified,Agrostis mertensii,Plant heigh,60,1,3,0,8,0,,taxon_outlier,1,0,1,,dafcf1b2331a12f892bcef0815ee62674a8b070e5f93b4e845cdbcd3620f3be3,approve_none_after_source_rule
00e9ffeeb599ff5f546dd91cb6e5f34c4a74562c81153ae05c999ac600eb7adb,classified,Agrostis rupestris,Plant heigh,20,1,2,0,3,0,,taxon_outlier,2,0,2,,17ae96fe95cc0ee56d5f617b5044589bf95c13dc2cca79d3ac73b39418314499;dafcf1b2331a12f892bcef0815ee62674a8b070e5f93b4e845cdbcd3620f3be3,approve_none_after_source_rule
3e3a240aa74b4448db3088e71ed9f2952409ad9cc4f7cf0535519ed82a7a2265,classified,Agrostis stolonifera,Plant heigh,21,1,13,2,2,0,,domain_outlier;taxon_outlier,0,0,0,,,approve_none_grouped
084f9463085f2a6fab187ff5c768e0c7059295bd8debaa3f86836561d8d3ca7b,classified,Ailanthus altissima,Plant heigh,5254,1,937,0,81,0,,taxon_outlier,0,0,0,,,approve_none_grouped
27b1997056662dd72ebe538cf3381dfafd3c155003b8b5e41a2a041443e97565,classified,Ajuga reptans,Plant heigh,208,1,9,0,28,0,,taxon_outlier,0,0,0,,,approve_none_grouped
ea24c1162d675985487c8b5eb26667580d69104d8a7d66aa2344b920edd6af56,classified,Albizia julibrissin,Plant heigh,468,1,170,0,16,0,,taxon_outlier,0,0,0,,,approve_none_grouped
de398be88993f708beea66fa3f0142f9ce1de230e489bb6fc1706798639de244,classified,Alchemilla,Plant heigh,17,1,2,0,3,0,,taxon_outlier,1,0,1,,dafcf1b2331a12f892bcef0815ee62674a8b070e5f93b4e845cdbcd3620f3be3,approve_none_after_source_rule
6ed56dd3bbcab0894b1557de113a7c763cba80e9fd2039038b6d7b8f0a448fd7,classified,Alchemilla alpina,Plant heigh,15,1,2,0,3,0,,taxon_outlier,1,0,1,,dafcf1b2331a12f892bcef0815ee62674a8b070e5f93b4e845cdbcd3620f3be3,approve_none_after_source_rule
29e4f62f94b5eb4a62f276f1b7c6bc2c661dc7d2f35b558de2dd0e33400c7159,classified,Alchemilla pentaphyllea,Plant heigh,11,1,2,0,2,0,,taxon_outlier,1,0,1,,17ae96fe95cc0ee56d5f617b5044589bf95c13dc2cca79d3ac73b39418314499,approve_none_after_source_rule
05907ed2a2b0c30fd39d2d649de9a9a2974e1a910105174f4ca02b281663ec95,classified,Alchemilla vulgaris,Plant heigh,104,1,21,0,2,0,,taxon_outlier,0,0,0,,,approve_none_grouped
322318100ae90ee76339a1b77243190da6aae3de4dae0f91553b847d41fd03ad,classified,Allium scorodoprasum,Plant heigh,25,1,1,3,2,0,,domain_outlier;taxon_outlier,0,0,0,,,approve_none_grouped
c520b584d6f894ac9e2d0b9d0e1ccd020e50fea6f2d08305e4de953c702b8ab2,classified,Allium victorialis,Plant heigh,25,1,1,1,1,0,,domain_outlier;taxon_outlier,0,0,0,,,approve_none_grouped
986cdbe0a3d7cc1c4f99e3f5f4281157b08df8ca2e85f5acc82cae88c57d974c,classified,Allium vineale,Plant heigh,20,1,1,0,4,0,,taxon_outlier,0,0,0,,,approve_none_grouped
abb15704281b63db815301051794eb20b7772beafe7693ed2cab594a9834ce4f,classified,Alnus alnobetula,Plant heigh,132,1,9,90,1,0,,domain_outlier;taxon_outlier,1,0,1,,dafcf1b2331a12f892bcef0815ee62674a8b070e5f93b4e845cdbcd3620f3be3,approve_none_after_source_rule
eae5bde6a168cddd256ef5157d5f30d0bf41627dfa718de02b0a8c310458f71e,classified,Alnus glutinosa,Plant heigh,134,2,59,1,14,0,,domain_outlier;taxon_outlier,0,0,0,,,approve_none_grouped
fce0f2ca3c9ae9db82282657dcb4d2e601b9f4fbd8a5ad8cbf5f4f1e30423fb7,classified,Alnus incana,Plant heigh,11,2,9,6,2,0,,domain_outlier;taxon_outlier,2,0,2,,30800ec14d04f64be96885655d4d09b23c3c8b236a95849d5a3f2b9a88ab170c;9ae5771978e17974f01af767bdbf52d3d2735f35c7c43938ecf74f416311ee23,approve_none_after_source_rule
45de6a91e63e971ba4e3facdadcbfc82a5229aa7c87c0e3c674c7720c50d45d1,classified,Alnus oblongifolia,Plant heigh,23,1,5,0,7,0,,taxon_outlier,0,0,0,,,approve_none_grouped
a9423424ef1dd5deb5c3fb1f079f9a030e7784d0b68bd8c200c37dd223bb23a7,classified,Alnus rhombifolia,Plant heigh,1549,2,413,0,146,0,,taxon_outlier,0,0,0,,,approve_none_grouped
c8f39ef2bf4fc0b4142b1acba051a16d824327970f2427820d7fc449b517afae,classified,Alnus rubra,Plant heigh,13658,1,1632,3,651,0,,domain_outlier;taxon_outlier,0,0,0,,,approve_none_grouped
8b6842529984b2b311fa96c2b0acd0aca42a46061101278f9de5553ca81fb336,classified,Alopecurus geniculatus,Plant heigh,10,1,2,0,1,0,,taxon_outlier,0,0,0,,,approve_none_grouped
f91f64d830292804f9e0248c23616cecfb0c845639acd14fe7c12d991deba1d7,classified,Alopecurus pratensis,Plant heigh,273,1,54,173,10,0,,domain_outlier;taxon_outlier,0,0,0,,,approve_none_grouped
6c2731800a02eaf8cf84aaf84f06b90210ce2e396ff1e5d167c99713ebf91795,classified,Alpagrostis alpina,Plant heigh,11,1,11,0,2,0,,taxon_outlier,1,0,1,,dafcf1b2331a12f892bcef0815ee62674a8b070e5f93b4e845cdbcd3620f3be3,approve_none_after_source_rule
fdb407f0f58db6e0d0887f2e398a78d4a3ee51d6df02a9639b77a748c0e8cbff,classified,Ambrosia artemisiifolia,Plant heigh,141,1,58,67,4,0,,domain_outlier;taxon_outlier,1,0,1,,9ae5771978e17974f01af767bdbf52d3d2735f35c7c43938ecf74f416311ee23,approve_none_after_source_rule
60b7eb99c16a4be19f10af3c11ac9aeceadc584f66041f25bfc61ab291a8f81b,classified,Amelanchier arborea,Plant heigh,161,1,92,0,6,0,,taxon_outlier,0,0,0,,,approve_none_grouped
c6d44740949231d690f1e22f26cb9cb28fe5995f9a5d7b9f27c465079e8e8591,classified,Amelanchier ovalis,Plant heigh,27,1,4,2,2,0,,domain_outlier;taxon_outlier,0,0,0,,,approve_none_grouped
0b249d049d20c5c7ad993d4afc0d319f87271512c125f06f636d67abf3975693,classified,Anacyclus clavatus,Plant heigh,10,1,1,0,1,0,,taxon_outlier,1,0,1,,de1fd16911999d42ae36d9dbf3523f3f8df9363da29b300bd0c9b52fb4673246,approve_none_after_source_rule
e9a7e9c9c67155c1a472b25227cf9201f1b20caa59a4653fe20ecca49a5aaabb,classified,Andropogon gerardi,Plant heigh,216,1,58,135,8,0,,domain_outlier;taxon_outlier,1,0,1,,9ae5771978e17974f01af767bdbf52d3d2735f35c7c43938ecf74f416311ee23,approve_none_after_source_rule
321ca7131d624a024a027007893c6bd7e90bf53bf1b05b3e7ea3f29907f404ce,classified,Andropogon virginicus,Plant heigh,88,1,22,32,6,0,,domain_outlier;taxon_outlier,0,0,0,,,approve_none_grouped
9c2a0e215b1392bad72342151f6ddf9f006e3791ad5237612f137519a36e7e5c,classified,Androsace adfinis,Plant heigh,25,1,1,0,2,0,,taxon_outlier,0,0,0,,,approve_none_grouped
7ae84777a8e2bda82683ac4267d11b06191277f21c04e0155892d12b69c8a0f6,classified,Androsace septentrionalis,Plant heigh,37,1,4,0,14,0,,taxon_outlier,0,0,0,,,approve_none_grouped
94db46196a9cea3acdf5b49b629ee9db91276de68fa8d2d48ffe56b7ce32aaf9,classified,Androsace vitaliana,Plant heigh,26,1,2,0,1,0,,taxon_outlier,0,0,0,,,approve_none_grouped
a1238d9705b103519e4f345a69b18fb77fdeb6e8358866f0643228343a3ab182,classified,Anemone baldensis,Plant heigh,25,1,1,0,7,0,,taxon_outlier,0,0,0,,,approve_none_grouped
90673035eacb3fb2aeac4b66cd399044720f0ee80b36906d57788c7d67c93a64,classified,Anemone quinquefolia,Plant heigh,13,1,3,0,3,0,,taxon_outlier,1,0,1,,9ae5771978e17974f01af767bdbf52d3d2735f35c7c43938ecf74f416311ee23,approve_none_after_source_rule
e6051b4c25099751c1f287a62c314a2caa8c9f4a3f184495a1c82daed9838176,classified,Antennaria,Plant heigh,30,1,1,0,4,0,,taxon_outlier,0,0,0,,,approve_none_grouped
2e08e93d16d16626c90eec3576bb243725620a6fc5137a5f849da11a50da5a29,classified,Antennaria alpina,Plant heigh,148,1,6,0,10,0,,taxon_outlier,1,0,1,,dafcf1b2331a12f892bcef0815ee62674a8b070e5f93b4e845cdbcd3620f3be3,approve_none_after_source_rule
dc3e5b4490e240177029114dc6a40eaa7018a76bdde1db7127cbe02fac73d822,classified,Antennaria dioica,Plant heigh,90,1,20,0,19,0,,taxon_outlier,1,0,1,,dafcf1b2331a12f892bcef0815ee62674a8b070e5f93b4e845cdbcd3620f3be3,approve_none_after_source_rule
6cb9a212e647074a2557d27fd19a64419131233d287b84b214599e73cc322ff1,classified,Antennaria rosulata,Plant heigh,20,1,2,0,2,0,,taxon_outlier,0,0,0,,,approve_none_grouped
b809275b72777b12cb5cd1ce91f4ecb1e8db62dfe750cf589525d414ac1b643e,classified,Anthemis maritima,Plant heigh,379,1,2,1,17,0,,domain_outlier;taxon_outlier,0,0,0,,,approve_none_grouped
2249ee26e30c131b4acf1bba136dfc8f867d49dfab25cb6fcb3afb60b941816f,classified,Anthoxanthum nitens,Plant heigh,11,1,2,1,2,0,,domain_outlier;taxon_outlier,2,0,2,,9ae5771978e17974f01af767bdbf52d3d2735f35c7c43938ecf74f416311ee23;dafcf1b2331a12f892bcef0815ee62674a8b070e5f93b4e845cdbcd3620f3be3,approve_none_after_source_rule
70f9b8ee399ed421ec8770839d9f86c1a4599c868ecabf52969d912a429b0ecd,classified,Anthoxanthum odoratum,Plant heigh,424,1,83,147,37,0,,domain_outlier;taxon_outlier,2,0,2,,9ae5771978e17974f01af767bdbf52d3d2735f35c7c43938ecf74f416311ee23;dafcf1b2331a12f892bcef0815ee62674a8b070e5f93b4e845cdbcd3620f3be3,approve_none_after_source_rule
3a6d2618506857382958946bd852d168cbdb55477b93c29e5d1362a6d5bb9898,classified,Anthriscus sylvestris,Plant heigh,165,1,14,81,5,0,,domain_outlier;taxon_outlier,3,0,3,,30800ec14d04f64be96885655d4d09b23c3c8b236a95849d5a3f2b9a88ab170c;9ae5771978e17974f01af767bdbf52d3d2735f35c7c43938ecf74f416311ee23;dafcf1b2331a12f892bcef0815ee62674a8b070e5f93b4e845cdbcd3620f3be3,approve_none_after_source_rule
8b16c1a2fe85ef368d9117000690e517ecd6f366e4f77b667e891733908f2792,classified,Anthyllis,Plant heigh,10,1,1,0,1,0,,taxon_outlier,1,0,1,,dafcf1b2331a12f892bcef0815ee62674a8b070e5f93b4e845cdbcd3620f3be3,approve_none_after_source_rule
4b936891ac9a5c62868ef393dbb76cbd5e22186992c1e87c8ad1bc4bdbc75bfe,classified,Anthyllis cornicina,Plant heigh,60,1,1,0,5,0,,taxon_outlier,1,0,1,,de1fd16911999d42ae36d9dbf3523f3f8df9363da29b300bd0c9b52fb4673246,approve_none_after_source_rule
ce79b01fdf2af316bb73f4db0cc82ca99faa57878a20fff45bb56876afe86776,classified,Anthyllis lotoides,Plant heigh,11,2,2,0,2,0,,taxon_outlier,1,0,1,,de1fd16911999d42ae36d9dbf3523f3f8df9363da29b300bd0c9b52fb4673246,approve_none_after_source_rule
385ad0724be704c14b1086bbee5f98e23293f7dd7e1ddd6099a686a93657baa5,classified,Anthyllis montana,Plant heigh,30,1,3,0,3,0,,taxon_outlier,0,0,0,,,approve_none_grouped
d3817213db1ddff7c1bb3fb65f1eaa148d52c5e411b2f42f4a0bb1b6b4b88d6d,classified,Anthyllis vulneraria,Plant heigh,63,1,27,1,6,0,,domain_outlier;taxon_outlier,0,0,0,,,approve_none_grouped
df0f89d761b9786ff050364b5503ec9d3fe96838a59577e250483066aa1fd82f,classified,Apocynum cannabinum,Plant heigh,94,1,57,74,43,0,,domain_outlier;taxon_outlier,1,0,1,,9ae5771978e17974f01af767bdbf52d3d2735f35c7c43938ecf74f416311ee23,approve_none_after_source_rule
e5ef3e1ec6b95dafa6f32d37afb1d36f80e500cf15d4823253820b9edbb43e9d,classified,Arabidopsis lyrata,Plant heigh,10,1,5,2,2,0,,domain_outlier;taxon_outlier,1,0,1,,9ae5771978e17974f01af767bdbf52d3d2735f35c7c43938ecf74f416311ee23,approve_none_after_source_rule
cf37486c9d47919eb21708583bccaeef0f84d8e99071eadbd635fe084457f14f,classified,Arabis alpina,Plant heigh,26,1,2,0,2,0,,taxon_outlier,0,0,0,,,approve_none_grouped
016b4ba1ed8883a6353022e2c27d10f855604599422ded8eba1bece874101490,classified,Arabis caerulea,Plant heigh,26,1,2,0,2,0,,taxon_outlier,0,0,0,,,approve_none_grouped
a7f8ff0532ec7d73f8cdcf1869ffb6e8331ae1023dc90e11f863e11609a9f11b,classified,Arabis soyeri,Plant heigh,11,1,2,0,1,0,,taxon_outlier,0,0,0,,,approve_none_grouped
8eb44ebcaa210def686b1c6d3c99d8c8e6f3fe8037f8702244fd8d03471339a1,classified,Aralia nudicaulis,Plant heigh,67,1,7,4,5,0,,domain_outlier;taxon_outlier,1,0,1,,9ae5771978e17974f01af767bdbf52d3d2735f35c7c43938ecf74f416311ee23,approve_none_after_source_rule
533b512ad85e3b059fe5804957141adc354a9f6b1dce98c8c50737d36f582fe0,classified,Arbutus menziesii,Plant heigh,6944,2,1016,1,492,0,,domain_outlier;taxon_outlier,0,0,0,,,approve_none_grouped
7436a79d0c0746a05cd370366dfaa9c43cb57d0e5126e3e93a63be13a73ce085,classified,Arctium lappa,Plant heigh,14,1,3,14,2,0,,domain_outlier;taxon_outlier,0,0,0,,,approve_none_grouped
10ef4c9302829f8dde63bbd2409e65bec01dd2b5f62e6fd2c2d2b0772bd9cd70,classified,Arctostaphylos alpinus,Plant heigh,60,1,11,0,2,0,,taxon_outlier,2,0,2,,30800ec14d04f64be96885655d4d09b23c3c8b236a95849d5a3f2b9a88ab170c;dafcf1b2331a12f892bcef0815ee62674a8b070e5f93b4e845cdbcd3620f3be3,approve_none_after_source_rule
186796666443ea1e64eaf3edc2638e58c39993374e7ce7db6558df17631f09d7,classified,Arctostaphylos uva-ursi,Plant heigh,92,1,11,0,5,0,,taxon_outlier,2,0,2,,9ae5771978e17974f01af767bdbf52d3d2735f35c7c43938ecf74f416311ee23;dafcf1b2331a12f892bcef0815ee62674a8b070e5f93b4e845cdbcd3620f3be3,approve_none_after_source_rule
5f91b7944e5f80713123f5b90d0e9342e4700d8bcdda68267f60d5c021a89ee5,classified,Arenaria lanuginosa,Plant heigh,20,1,3,0,4,0,,taxon_outlier,0,0,0,,,approve_none_grouped
41565a57b02f54ce584b4480d3037815904309d56fdb964f8c87427c9976fca7,classified,Arisaema triphyllum,Plant heigh,22,1,7,0,3,0,,taxon_outlier,0,0,0,,,approve_none_grouped
5a308af79b18eec19ac440a70df9043f08fcd0adf96f3446492e52d22777886a,classified,Aristida purpurea,Plant heigh,10,1,1,0,2,0,,taxon_outlier,0,0,0,,,approve_none_grouped
7406be64a0b3b2e4475ea7ec66dc3bf1e9b26343b5233b2b5f543c78d1f17ac0,classified,Arnica latifolia,Plant heigh,32,1,3,0,1,0,,taxon_outlier,1,0,1,,dafcf1b2331a12f892bcef0815ee62674a8b070e5f93b4e845cdbcd3620f3be3,approve_none_after_source_rule
bf16595af94aeae1c3610c6cbd9dca36ce8ce02e824f90e1d18e1548fd34cfed,classified,Arnoglossum atriplicifolium,Plant heigh,21,1,2,1,2,0,,domain_outlier;taxon_outlier,1,0,1,,9ae5771978e17974f01af767bdbf52d3d2735f35c7c43938ecf74f416311ee23,approve_none_after_source_rule
4b892a11bc89328f9bef0f0f397684aba916c98c1a139e9a82b4a38f541666d6,classified,Arrhenatherum elatius,Plant heigh,287,1,76,212,13,0,,domain_outlier;taxon_outlier,1,0,1,,9ae5771978e17974f01af767bdbf52d3d2735f35c7c43938ecf74f416311ee23,approve_none_after_source_rule
5b7b54e6bfef3c6a7ada5fad25422ebce6b5e785fa4fe91863506498f40cda3e,classified,Artemisia alba,Plant heigh,25,1,1,0,1,0,,taxon_outlier,0,0,0,,,approve_none_grouped
f2c8f03b9ae1606615f6602a53d324b0168f1c922ee7860514f42a0c88acad38,classified,Artemisia arbuscula,Plant heigh,11,1,1,0,1,0,,taxon_outlier,0,0,0,,,approve_none_grouped
631d7e046f9cbc9e2c7d523c6a3c7d6fba5f09d8d80d7cecd79acba98e810e57,classified,Artemisia campestris,Plant heigh,29,1,9,9,6,0,,domain_outlier;taxon_outlier,1,0,1,,9ae5771978e17974f01af767bdbf52d3d2735f35c7c43938ecf74f416311ee23,approve_none_after_source_rule
fc83fd5f710725efdc7c97f549fa6ca5493ebdeb61889b476739966719e9d406,classified,Artemisia carruthii,Plant heigh,20,1,2,1,3,0,,domain_outlier;taxon_outlier,0,0,0,,,approve_none_grouped
4b4e2abc46a6c1257986314f2444710ca5ce456b29ec4292b96d92927ac1899d,classified,Artemisia dracunculus,Plant heigh,21,1,3,21,2,0,,domain_outlier;taxon_outlier,0,0,0,,,approve_none_grouped
a494072ee39a8f1bf35035a327d075efd8070cf71a174363db2feffe0bcf811e,classified,Artemisia ludoviciana,Plant heigh,29,1,1,4,5,0,,domain_outlier;taxon_outlier,0,0,0,,,approve_none_grouped
d2269ff1052e3e6f00e566c16e427ed3581bd1e69b854af2d0092c63e8d52451,classified,Artemisia mutellina,Plant heigh,26,1,2,0,2,0,,taxon_outlier,0,0,0,,,approve_none_grouped
86e74d739019dfa6cff9ac40741f24c8b8f356d52d106b186400ace073f9b88b,classified,Artemisia scopulorum,Plant heigh,22,1,3,0,6,0,,taxon_outlier,1,0,1,,dafcf1b2331a12f892bcef0815ee62674a8b070e5f93b4e845cdbcd3620f3be3,approve_none_after_source_rule
c65da17117a77da6f68c36027acd4a5227289d431075f531300f4dcbe7a81800,classified,Artemisia tridentata,Plant heigh,62,1,6,15,2,0,,domain_outlier;taxon_outlier,1,0,1,,9ae5771978e17974f01af767bdbf52d3d2735f35c7c43938ecf74f416311ee23,approve_none_after_source_rule
91f29af7346f049090e3d0f5dc8dbe491bd96dfeb93e7cb56ff7362bc45978b1,classified,Asclepias tuberosa,Plant heigh,301,2,55,52,73,0,,domain_outlier;taxon_outlier,1,0,1,,9ae5771978e17974f01af767bdbf52d3d2735f35c7c43938ecf74f416311ee23,approve_none_after_source_rule
a5a5932d7bec1ce244875e3754c472e9212a15e5cd59be5fbd49e7837b80f5d5,classified,Asimina triloba,Plant heigh,682,1,220,0,63,0,,taxon_outlier,0,0,0,,,approve_none_grouped
e11d36388b59deed00785a199d0597e866b519e07b55ba09c63fb46a64e4a4a5,classified,Asperula tinctoria,Plant heigh,12,1,12,1,1,0,,domain_outlier;taxon_outlier,0,0,0,,,approve_none_grouped
299d1abacec13e9d189c24828da9c67883d65468ba40cbd279fb102f72a58259,classified,Asplenium ruta-muraria,Plant heigh,26,1,2,0,2,0,,taxon_outlier,0,0,0,,,approve_none_grouped
0c8d708a4781e164a3b8e66d7e2e777fae3f87231643084107ce0ca4cde69696,classified,Asplenium septentrionale,Plant heigh,25,1,1,0,2,0,,taxon_outlier,0,0,0,,,approve_none_grouped
93078fe13e7b29d9c15804b026019e79f19e6e6a51c3b69a7d1f66bcdb18b3b0,classified,Asteraceae,Plant heigh,25,1,1,0,2,0,,taxon_outlier,0,0,0,,,approve_none_grouped
68ed9866ea21fddff1a3e2ad92f483fd02c47b22f82efcd0401ea3906ce40682,classified,Astragalus alpinus,Plant heigh,62,1,9,0,3,0,,taxon_outlier,2,0,2,,30800ec14d04f64be96885655d4d09b23c3c8b236a95849d5a3f2b9a88ab170c;dafcf1b2331a12f892bcef0815ee62674a8b070e5f93b4e845cdbcd3620f3be3,approve_none_after_source_rule
3161f9adab09d3c97f9a361c20c5496b63b34914da0fb09466fd3be37aaf4d1d,classified,Astragalus cicer,Plant heigh,10,1,1,0,3,0,,taxon_outlier,0,0,0,,,approve_none_grouped
83901108a1cf9b0f2b5027cb297313c62a4cd74f3fccbc74e4e9e923de3de0a8,classified,Astragalus glycyphyllos,Plant heigh,26,1,2,0,3,0,,taxon_outlier,0,0,0,,,approve_none_grouped
4951f2db2e4646b17e7c164aeb74b2e1fd6c99a2c8dd657692b3a2b12ac1ba43,classified,Astragalus humistratus,Plant heigh,20,1,3,0,3,0,,taxon_outlier,0,0,0,,,approve_none_grouped
9ec3a90cfa2b5a0b808e120322356512e4f98616b085a86e08c495df2a9c38ea,classified,Astragalus monspessulanus,Plant heigh,26,1,2,0,2,0,,taxon_outlier,0,0,0,,,approve_none_grouped
723843eda4feb81bdd6f6e7e66c4ac27191e2bb68c9952d8226c01f9511a5134,classified,Astragalus sempervirens,Plant heigh,63,1,2,0,1,0,,taxon_outlier,0,0,0,,,approve_none_grouped
e27574d7b508cb1c945f01c43f497a1965561e007a7cc36cee4a44ce5dc1c941,classified,Athamanta cretensis,Plant heigh,26,1,2,0,4,0,,taxon_outlier,0,0,0,,,approve_none_grouped
2561d22e450c4bf3c15788d01c8df34729962b650b32c8138eaa4bbdb485cb9e,classified,Athyrium filix-femina,Plant heigh,11,1,2,7,1,0,,domain_outlier;taxon_outlier,0,0,0,,,approve_none_grouped
802a6e0304ea845d83cbcadfbce4243735203e8848260d1e71126fc8d37098be,classified,Atropa bella-donna,Plant heigh,21,1,3,1,1,0,,domain_outlier;taxon_outlier,0,0,0,,,approve_none_grouped
9ba89d83264ef6104fa80a35e36ffb5fb6dfd525a44d2332824812b5ca9bbf15,classified,Avena barbata,Plant heigh,19,2,9,3,1,0,,domain_outlier;taxon_outlier,2,0,2,,9ae5771978e17974f01af767bdbf52d3d2735f35c7c43938ecf74f416311ee23;de1fd16911999d42ae36d9dbf3523f3f8df9363da29b300bd0c9b52fb4673246,approve_none_after_source_rule
bcc2fb8a04958e5cee5c43cec2d16c211c6f29f66452f9f08744f758080ced1f,classified,Avenella flexuosa,Plant heigh,640,1,58,16,67,0,,domain_outlier;taxon_outlier,2,0,2,,9ae5771978e17974f01af767bdbf52d3d2735f35c7c43938ecf74f416311ee23;dafcf1b2331a12f892bcef0815ee62674a8b070e5f93b4e845cdbcd3620f3be3,approve_none_after_source_rule
56760a4bbc5da81cf28ced63413088d46d4b883d6cf4f1fd2dc72c66ebc47c97,classified,Avenula pubescens,Plant heigh,178,1,48,121,8,0,,domain_outlier;taxon_outlier,1,0,1,,9ae5771978e17974f01af767bdbf52d3d2735f35c7c43938ecf74f416311ee23,approve_none_after_source_rule
af9409dd0c7b053b438c6e5c9a38689fffacb7425d6f53086aa0ce95820cbe9b,classified,Baptisia alba,Plant heigh,21,1,2,1,5,0,,domain_outlier;taxon_outlier,1,0,1,,9ae5771978e17974f01af767bdbf52d3d2735f35c7c43938ecf74f416311ee23,approve_none_after_source_rule
4f3bcbc251533a1de7fcb50a953e34958b17d8dcc4f69f506e4955b78a63e4b1,classified,Bellardia trixago,Plant heigh,13,2,4,0,3,0,,taxon_outlier,1,0,1,,de1fd16911999d42ae36d9dbf3523f3f8df9363da29b300bd0c9b52fb4673246,approve_none_after_source_rule
0da536d044904e68e7b53cdaf6df6cc1faa7bb529fb5bf4100c638dea57b6a55,classified,Bellis perennis,Plant heigh,142,1,33,18,22,0,,domain_outlier;taxon_outlier,0,0,0,,,approve_none_grouped
650156c121ab1daac123fd74739f5701ab86c33ff35f9c7c05c1c0fc864912c0,classified,Berardia lanuginosa,Plant heigh,18,1,1,0,3,0,,taxon_outlier,0,0,0,,,approve_none_grouped
68765b4535fdb9e8da142b6cccce5d8968b1e08e0c79dccfd2ff7cb370433868,classified,Berberis vulgaris,Plant heigh,67,1,6,2,7,0,,domain_outlier;taxon_outlier,0,0,0,,,approve_none_grouped
516cfa623a73250d89449b160b22ad58555ffdcbbcc5fb4a834ecfc20994ec7e,classified,Beta vulgaris,Plant heigh,238,1,199,133,26,0,,domain_outlier;taxon_outlier,0,0,0,,,approve_none_grouped
6e5f5bf2d67adc7d778be079017e95d4c4b9bebf275919d6b90b6522d3326749,classified,Betonica officinalis,Plant heigh,21,1,5,0,5,0,,taxon_outlier,0,0,0,,,approve_none_grouped
5487bd457cb3bfb6adf961105e0451de1ebaa4744369167721deeac6f51f6e2b,classified,Betula alleghaniensis,Plant heigh,40384,2,6734,2,2011,0,,domain_outlier;taxon_outlier,1,0,1,,9ae5771978e17974f01af767bdbf52d3d2735f35c7c43938ecf74f416311ee23,approve_none_after_source_rule
77d6114d25a92c546a2c5d3d229a1bb81ae629fafe6654a111ad8b03023fdbb0,classified,Betula glandulosa,Plant heigh,1318,1,56,396,117,0,,domain_outlier;taxon_outlier,1,0,1,,dafcf1b2331a12f892bcef0815ee62674a8b070e5f93b4e845cdbcd3620f3be3,approve_none_after_source_rule
cdaf7c4d8082b6e10a0e1cff29cd8023c4a6a09c1333e9a8f565fd8b587777ff,classified,Betula lenta,Plant heigh,27736,2,3677,0,1552,0,,taxon_outlier,0,0,0,,,approve_none_grouped
5432e3419ec1a8b19f011fc61afe5d4d72d9967aad25ea4ff7af64f5fa1e839a,classified,Betula nana,Plant heigh,459,1,66,8,33,0,,domain_outlier;taxon_outlier,2,0,2,,30800ec14d04f64be96885655d4d09b23c3c8b236a95849d5a3f2b9a88ab170c;dafcf1b2331a12f892bcef0815ee62674a8b070e5f93b4e845cdbcd3620f3be3,approve_none_after_source_rule
407191b16792b00e1c2a9d3736e9f71562f9230b07a815f16486796657ac78b9,classified,Betula nigra,Plant heigh,8030,1,1288,0,567,0,,taxon_outlier,0,0,0,,,approve_none_grouped
c45c6c17772b72d0d39eef853a05228b478977426ba4445ff21f6e7e49cd004f,classified,Betula papyrifera,Plant heigh,46200,2,7149,47,2125,0,,domain_outlier;taxon_outlier,1,0,1,,9ae5771978e17974f01af767bdbf52d3d2735f35c7c43938ecf74f416311ee23,approve_none_after_source_rule
facfc0b1ef1799d9907f27ac929e4c146915bee7efc4ca7ccd3d12a83ccbe01e,classified,Betula pendula,Plant heigh,6195,2,18,5868,22,0,,domain_outlier;taxon_outlier,0,0,0,,,approve_none_grouped
4b60c29a560f4e17d44a4e3245abc2a4a555d821e550f58a1a58c75811606ef0,classified,Betula populifolia,Plant heigh,1429,1,473,0,162,0,,taxon_outlier,0,0,0,,,approve_none_grouped
56e49aee906e8cc7ca417d6ab91a40bb3af7ee792ded7a2ef378125aa9d9105c,classified,Betula pubescens,Plant heigh,233,1,53,41,54,0,,domain_outlier;taxon_outlier,2,0,2,,30800ec14d04f64be96885655d4d09b23c3c8b236a95849d5a3f2b9a88ab170c;dafcf1b2331a12f892bcef0815ee62674a8b070e5f93b4e845cdbcd3620f3be3,approve_none_after_source_rule
94111853b032bbaee2c60445b4f8f78493cbde303f805b4ef594ef320ecd1042,classified,Bidens cernua,Plant heigh,18,1,4,8,3,0,,domain_outlier;taxon_outlier,1,0,1,,9ae5771978e17974f01af767bdbf52d3d2735f35c7c43938ecf74f416311ee23,approve_none_after_source_rule
e818a6e6e008d801cdcdba71184284819292663f946fb4f2ea4869d7ec3fe521,classified,Biserrula pelecinus,Plant heigh,270,2,2,0,14,0,,taxon_outlier,1,0,1,,de1fd16911999d42ae36d9dbf3523f3f8df9363da29b300bd0c9b52fb4673246,approve_none_after_source_rule
5a4b90426af55ffbd50c6ce985b32520e1938b9f9b74e456c724e831582849a8,classified,Bistorta bistortoides,Plant heigh,27,1,3,1,1,0,,domain_outlier;taxon_outlier,1,0,1,,dafcf1b2331a12f892bcef0815ee62674a8b070e5f93b4e845cdbcd3620f3be3,approve_none_after_source_rule
a6261facc1a3654bcfdb0626efa4d4122656b81bd6f919eb5a8651c2fb3644de,classified,Bistorta officinalis,Plant heigh,17,1,4,5,1,0,,domain_outlier;taxon_outlier,0,0,0,,,approve_none_grouped
e09592af8601b041a0aae44cf6650286ae8f092157a9cfd529e9c1fd088f65e1,classified,Bistorta vivipara,Plant heigh,495,1,31,0,13,0,,taxon_outlier,2,0,2,,30800ec14d04f64be96885655d4d09b23c3c8b236a95849d5a3f2b9a88ab170c;dafcf1b2331a12f892bcef0815ee62674a8b070e5f93b4e845cdbcd3620f3be3,approve_none_after_source_rule
56b95f674ef1ea79390039e6de1250ecfbcfe89079180d0b6e02045aba7e03cd,classified,Bothriochloa ischaemum,Plant heigh,25,1,1,5,9,0,,domain_outlier;taxon_outlier,0,0,0,,,approve_none_grouped
698d65ee16fa724cc226bb51459e6da68f5497d125c788a27debcc1b92cb8949,classified,Botrychium lunaria,Plant heigh,26,1,2,0,3,0,,taxon_outlier,0,0,0,,,approve_none_grouped
356cf041770ea24c9fad489866c6711ab13e5ebec889ab6d1e1e6919d7c6a2f8,classified,Bouteloua curtipendula,Plant heigh,81,1,53,55,21,0,,domain_outlier;taxon_outlier,1,0,1,,9ae5771978e17974f01af767bdbf52d3d2735f35c7c43938ecf74f416311ee23,approve_none_after_source_rule
c9ddb66c056922089d15c62169c69bf13b67acb4c1a567c4b6279b0b829e4df5,classified,Bouteloua gracilis,Plant heigh,21,1,3,3,4,0,,domain_outlier;taxon_outlier,1,0,1,,9ae5771978e17974f01af767bdbf52d3d2735f35c7c43938ecf74f416311ee23,approve_none_after_source_rule
d2faeec98b7e39de0f08097fc7d09a694dac3676e7eacc9d0a8618d96d588ed0,classified,Brachypodium pinnatum,Plant heigh,37,1,8,7,4,0,,domain_outlier;taxon_outlier,0,0,0,,,approve_none_grouped
b7c5189077aa1fba5a97ca962de703fb01cb3f7f02087918bc39b34043a93bc1,classified,Brachypodium retusum,Plant heigh,46,1,10,7,1,0,,domain_outlier;taxon_outlier,0,0,0,,,approve_none_grouped
bd2d33d35e211a1ef3880bc0ac8bfaee2039e76a5db213034812df81f0cec489,classified,Brachypodium sylvaticum,Plant heigh,15,1,2,0,1,0,,taxon_outlier,0,0,0,,,approve_none_grouped
b9a18a12d3bf63e981d38d7531a3e676d563433b35354d710bd9c3021401b0e9,classified,Brassica napus,Plant heigh,134,1,96,108,4,0,,domain_outlier;taxon_outlier,0,0,0,,,approve_none_grouped
13615166920ab3bb3cead14ee3c1b2b8dce67d192b565125fa8411420674d08e,classified,Brassica repanda,Plant heigh,26,1,2,0,3,0,,taxon_outlier,0,0,0,,,approve_none_grouped
f520fcc41c368b58d75bddb15ea077ef1f1c2d11789ad9b3c94cbff2e4ccfb71,classified,Briza media,Plant heigh,74,1,21,4,11,0,,domain_outlier;taxon_outlier,1,0,1,,9ae5771978e17974f01af767bdbf52d3d2735f35c7c43938ecf74f416311ee23,approve_none_after_source_rule
1d7f5a7649e4fc5e2b4c990e3e668d3e6fd3e4af6c714011bc375283a3a4315d,classified,Bromus hordeaceus,Plant heigh,191,2,11,35,39,0,,domain_outlier;taxon_outlier,2,0,2,,9ae5771978e17974f01af767bdbf52d3d2735f35c7c43938ecf74f416311ee23;de1fd16911999d42ae36d9dbf3523f3f8df9363da29b300bd0c9b52fb4673246,approve_none_after_source_rule
19dc3f2d00ffb8e5d366d8ae629cbbf2573c7ab1364c2be2ac26bc1edf7bd41a,classified,Bromus marginatus,Plant heigh,12,1,1,0,1,0,,taxon_outlier,0,0,0,,,approve_none_grouped
6c6b0a1477da57764fa83a56a8ef618707ffaeeb475edd5fa235b68912758b0a,classified,Bromus rigidus,Plant heigh,49,2,2,0,10,0,,taxon_outlier,1,0,1,,de1fd16911999d42ae36d9dbf3523f3f8df9363da29b300bd0c9b52fb4673246,approve_none_after_source_rule
08dd036d2dc571d79cf4297598b0516c782e223a6c15d4fe8c3be346490ed820,classified,Bromus rubens,Plant heigh,113,2,4,0,14,0,,taxon_outlier,2,0,2,,9ae5771978e17974f01af767bdbf52d3d2735f35c7c43938ecf74f416311ee23;de1fd16911999d42ae36d9dbf3523f3f8df9363da29b300bd0c9b52fb4673246,approve_none_after_source_rule
31e878e5409fd17dbaa7c5c074ae349ac3dc0af5e2bae295929a3724c469458e,classified,Bromus tectorum,Plant heigh,46,2,8,3,5,0,,domain_outlier;taxon_outlier,2,0,2,,9ae5771978e17974f01af767bdbf52d3d2735f35c7c43938ecf74f416311ee23;de1fd16911999d42ae36d9dbf3523f3f8df9363da29b300bd0c9b52fb4673246,approve_none_after_source_rule
4d8f368b41c7d7d4b5f6889ee5da0392f03ead1a0a44b601a5dbc76bf06c03fd,classified,Bupleurum falcatum,Plant heigh,91,1,6,0,4,0,,taxon_outlier,0,0,0,,,approve_none_grouped
3f918801d0cbf80718a29dfe4829465fe41ec218bcec24aff4163f8811bbe645,classified,Bupleurum fruticescens,Plant heigh,13,1,4,1,3,0,,domain_outlier;taxon_outlier,0,0,0,,,approve_none_grouped
a650fab2e9624e020eb8c9566b9e5532a86b78ba121e0cdf9ffee78af8b61f79,classified,Bupleurum longifolium,Plant heigh,26,1,2,22,7,0,,domain_outlier;taxon_outlier,0,0,0,,,approve_none_grouped
47853a85d109ecca8970f97d5903539d7188ec333a1afb8c9fa4967cdb17695e,classified,Cakile maritima,Plant heigh,37,1,5,1,6,0,,domain_outlier;taxon_outlier,0,0,0,,,approve_none_grouped
10a59858739aa86074073e402c4f567f1bceb6d7c5e918dad56a4f0e3e294190,classified,Calamagrostis arenaria,Plant heigh,106,1,15,11,11,0,,domain_outlier;taxon_outlier,0,0,0,,,approve_none_grouped
93458ed11f741f850fc128203c9869f4be43ae4d2c2f36063fbbf2351078f436,classified,Calamagrostis lapponica,Plant heigh,250,1,8,11,30,0,,domain_outlier;taxon_outlier,2,0,2,,30800ec14d04f64be96885655d4d09b23c3c8b236a95849d5a3f2b9a88ab170c;dafcf1b2331a12f892bcef0815ee62674a8b070e5f93b4e845cdbcd3620f3be3,approve_none_after_source_rule
11a54326e2c8b3ced3ebb240bb90eb8cd2cbb1f5564192f72252ed4ee9c07cee,classified,Calamagrostis stricta,Plant heigh,66,1,9,0,2,0,,taxon_outlier,1,0,1,,dafcf1b2331a12f892bcef0815ee62674a8b070e5f93b4e845cdbcd3620f3be3,approve_none_after_source_rule
de9e9b3b182e503910ab46cd70f8d19e0efc5d4e8e77ca47fce941cda83a5a39,classified,Calluna vulgaris,Plant heigh,266,1,16,4,20,0,,domain_outlier;taxon_outlier,2,0,2,,9ae5771978e17974f01af767bdbf52d3d2735f35c7c43938ecf74f416311ee23;dafcf1b2331a12f892bcef0815ee62674a8b070e5f93b4e845cdbcd3620f3be3,approve_none_after_source_rule
b8fdfea539941340af345a51c7884cf6c0b88692a9e6d507480bf1f06ac0db1c,classified,Calocedrus decurrens,Plant heigh,12333,2,1428,81,911,0,,domain_outlier;taxon_outlier,0,0,0,,,approve_none_grouped
dce939e84ba0eb6354b531cf9ec4c6ca3d95151fa60e74df9467716468419862,classified,Caltha leptosepala,Plant heigh,17,1,3,0,2,0,,taxon_outlier,2,0,2,,9ae5771978e17974f01af767bdbf52d3d2735f35c7c43938ecf74f416311ee23;dafcf1b2331a12f892bcef0815ee62674a8b070e5f93b4e845cdbcd3620f3be3,approve_none_after_source_rule
d670aa7a4a382555d9eb528e4d24e590b9caf04305538b72dc856cbb2a9afcea,classified,Calystegia sepium,Plant heigh,28,1,12,25,4,0,,domain_outlier;taxon_outlier,0,0,0,,,approve_none_grouped
973ba5d54e0d30cb80f3791361f2bf4d206689ca1b6b606da926e7e439cb4921,classified,Calystegia soldanella,Plant heigh,70,1,4,2,14,0,,domain_outlier;taxon_outlier,0,0,0,,,approve_none_grouped
c241fe1c9c939175daa3015c0e6d66607fd38697ba8e95ad009e9654387944a4,classified,Campanula cenisia,Plant heigh,25,1,1,0,1,0,,taxon_outlier,0,0,0,,,approve_none_grouped
7f7ee39721a7b56cec09678e188f99ffd9e15ad5ecd6267526f8724bb805230d,classified,Campanula micrantha,Plant heigh,20,1,2,0,2,0,,taxon_outlier,0,0,0,,,approve_none_grouped
4c0e126305717f5ff51701dc1c51b6cae172b49b91dd8eb7e207008b5b254b6a,classified,Campanula persicifolia,Plant heigh,23,1,4,0,5,0,,taxon_outlier,0,0,0,,,approve_none_grouped
c6c2fbea5c478f8442a6900f667ce4a56f5edc97e3bdfe6615028f5074705205,classified,Campanula rapunculoides,Plant heigh,15,1,1,13,1,0,,domain_outlier;taxon_outlier,0,0,0,,,approve_none_grouped
0dad8524c907aac71fe0f36b337bc6d5da10789ad0950e120c5db9dbb367ddd5,classified,Campanula rotundifolia,Plant heigh,47,1,13,5,5,0,,domain_outlier;taxon_outlier,2,0,2,,9ae5771978e17974f01af767bdbf52d3d2735f35c7c43938ecf74f416311ee23;dafcf1b2331a12f892bcef0815ee62674a8b070e5f93b4e845cdbcd3620f3be3,approve_none_after_source_rule
b712305f2f54b65071990cc73d0b4995ecb7746d04206742d333f23aeb73c277,classified,Campanula trachelium,Plant heigh,78,1,9,4,4,0,,domain_outlier;taxon_outlier,0,0,0,,,approve_none_grouped
dbc2af5374815d481bdef9ca6d5502595f219444b3fe3655374dcbc343fb4d7a,classified,Campsis radicans,Plant heigh,28,1,6,18,6,0,,domain_outlier;taxon_outlier,0,0,0,,,approve_none_grouped
bf3bbfacdee45af42e7c0d2a2315f5d80bf3135cb2706a20701121d7b3febb8b,classified,Cardamine bellidifolia,Plant heigh,41,1,3,0,6,0,,taxon_outlier,0,0,0,,,approve_none_grouped
48a99ca39d2732825a9558a81d2e2c4968ec09cc434efe8cff7868c0438f026a,classified,Cardamine bulbifera,Plant heigh,21,1,3,0,3,0,,taxon_outlier,0,0,0,,,approve_none_grouped
14b93ffaaa3180632b278afe2ff4794b55c60d64b8c1687128d7ccacc55100da,classified,Cardamine diphylla,Plant heigh,10,1,4,0,2,0,,taxon_outlier,0,0,0,,,approve_none_grouped
cbc4c66328a32c31aeaf1621fac26b64f84a36a66c0cc1d37e6ffe444d0e1891,classified,Cardamine enneaphyllos,Plant heigh,21,1,3,0,1,0,,taxon_outlier,0,0,0,,,approve_none_grouped
aab48ddbf770fd769cefbfbea1ec3eccfaf9f19734b56168fa7387c1a605ae0a,classified,Carduus defloratus,Plant heigh,26,1,2,0,2,0,,taxon_outlier,0,0,0,,,approve_none_grouped
ed6d1f91e5e390bf95d181ff6e1e72169434dd2128bce38d8ebb0ba571a1cc77,classified,Carex,Plant heigh,46,1,11,5,5,0,,domain_outlier;taxon_outlier,1,0,1,,dafcf1b2331a12f892bcef0815ee62674a8b070e5f93b4e845cdbcd3620f3be3,approve_none_after_source_rule
0ac25f822dfbbb09ab44c6e751f2ca2869e7f866c053ea7430959958a2548134,classified,Carex arenaria,Plant heigh,11,1,11,0,2,0,,taxon_outlier,0,0,0,,,approve_none_grouped
0de9429c18dc29c9a914e28ac156f0de75f8fb63b076969e01e285aec247710f,classified,Carex bigelowii,Plant heigh,549,1,42,0,46,0,,taxon_outlier,1,0,1,,dafcf1b2331a12f892bcef0815ee62674a8b070e5f93b4e845cdbcd3620f3be3,approve_none_after_source_rule
494382c01cc65031cf5cc8fa65d1a687c4cd3bc7b8cfaa43121127a762d51285,classified,Carex brevior,Plant heigh,26,1,2,2,3,0,,domain_outlier;taxon_outlier,0,0,0,,,approve_none_grouped
9c1cb4aa040f021fc9b7c7c05a912ee3e710d8e2d792c6f11af34c6b78fd1900,classified,Carex canescens,Plant heigh,22,1,1,0,1,0,,taxon_outlier,1,0,1,,dafcf1b2331a12f892bcef0815ee62674a8b070e5f93b4e845cdbcd3620f3be3,approve_none_after_source_rule
269fe1940aa8bbf062150802ed83918a48741f5bf15b917ed768215384bcd189,classified,Carex caryophyllea,Plant heigh,24,1,14,0,1,0,,taxon_outlier,1,0,1,,9ae5771978e17974f01af767bdbf52d3d2735f35c7c43938ecf74f416311ee23,approve_none_after_source_rule
c13a26f9140b71b9a71fce63e859a41f63020d20209c2a816501194c9289cbd3,classified,Carex elata,Plant heigh,25,1,1,1,1,0,,domain_outlier;taxon_outlier,0,0,0,,,approve_none_grouped
c82319eb00f8789623c6b13a0cfb77d4091e4427c5fe48339a2c54af64d92a42,classified,Carex ericetorum,Plant heigh,10,1,10,0,1,0,,taxon_outlier,1,0,1,,dafcf1b2331a12f892bcef0815ee62674a8b070e5f93b4e845cdbcd3620f3be3,approve_none_after_source_rule
2e9df5c7b8ee3bd11d6eb1b4d9796285040d0bd6d04ba8e680545c49e3f891b6,classified,Carex foenea,Plant heigh,14,1,4,1,3,0,,domain_outlier;taxon_outlier,2,0,2,,9ae5771978e17974f01af767bdbf52d3d2735f35c7c43938ecf74f416311ee23;dafcf1b2331a12f892bcef0815ee62674a8b070e5f93b4e845cdbcd3620f3be3,approve_none_after_source_rule
894644043a4b0195324a22b27df592ce3a277ff7eb48f2d6459efb1f3dff6f4c,classified,Carex intumescens,Plant heigh,15,1,10,6,1,0,,domain_outlier;taxon_outlier,1,0,1,,9ae5771978e17974f01af767bdbf52d3d2735f35c7c43938ecf74f416311ee23,approve_none_after_source_rule
3c0de19180634198e9166445d6ed3e01b4f768a3b6e6e5cd24ba8b6abb30230f,classified,Carex lacustris,Plant heigh,17,1,2,17,1,0,,domain_outlier;taxon_outlier,1,0,1,,9ae5771978e17974f01af767bdbf52d3d2735f35c7c43938ecf74f416311ee23,approve_none_after_source_rule
d72122d47e15f5fb224493ebc06298cf186c9fed98a4d842a504669df19bb9c4,classified,Carex macrolepis,Plant heigh,43,1,5,0,3,0,,taxon_outlier,0,0,0,,,approve_none_grouped
5922345cc87e06e97a8d418c8a62c336c1ed6276b57114b09e8ddf9d23e17e6d,classified,Carex michelii,Plant heigh,35,1,1,0,2,0,,taxon_outlier,0,0,0,,,approve_none_grouped
44f850c57f625cbab6050814ff8c5f4496d8770f55fa257f0174ac0de5e69bea,classified,Carex montana,Plant heigh,10,1,1,0,4,0,,taxon_outlier,0,0,0,,,approve_none_grouped
20ebef4e6450f87874e850be9fc1344c797e209c8117b0696191371ea5342044,classified,Carex mucronata,Plant heigh,10,1,10,0,1,0,,taxon_outlier,1,0,1,,dafcf1b2331a12f892bcef0815ee62674a8b070e5f93b4e845cdbcd3620f3be3,approve_none_after_source_rule
d263b43a3d2b47998280c6b5fd4b8785df3d4b15b3c53fd22a3273a3fa33131f,classified,Carex ornithopoda,Plant heigh,31,1,4,0,1,0,,taxon_outlier,0,0,0,,,approve_none_grouped
84e806c5a35b8fc037b2d5a5c74c05a2b786afc5395126d20136651831e9a7df,classified,Carex pensylvanica,Plant heigh,127,1,5,0,1,0,,taxon_outlier,0,0,0,,,approve_none_grouped
a7a2c49563ae5ad206bb89538a65d8db7204a6b31e3467ced76dda4422b69f70,classified,Carex rupestris,Plant heigh,16,1,3,0,2,0,,taxon_outlier,1,0,1,,dafcf1b2331a12f892bcef0815ee62674a8b070e5f93b4e845cdbcd3620f3be3,approve_none_after_source_rule
195d31c6d2907d22450b5f23557fd32bc9b654d264a597d13bcd6d0f9d3802a9,classified,Carex scabrata,Plant heigh,11,1,5,3,1,0,,domain_outlier;taxon_outlier,1,0,1,,9ae5771978e17974f01af767bdbf52d3d2735f35c7c43938ecf74f416311ee23,approve_none_after_source_rule
903f6e2bbf55584821909b1f9b77e764928388954b930f4fb85f4eeebe49248d,classified,Carex scopulorum,Plant heigh,14,1,2,1,5,0,,domain_outlier;taxon_outlier,1,0,1,,dafcf1b2331a12f892bcef0815ee62674a8b070e5f93b4e845cdbcd3620f3be3,approve_none_after_source_rule
21d63bcabaf58632350b840dd296384924599eb408847a952e9c53dcd064fc16,classified,Carex sempervirens,Plant heigh,108,1,21,0,8,0,,taxon_outlier,1,0,1,,dafcf1b2331a12f892bcef0815ee62674a8b070e5f93b4e845cdbcd3620f3be3,approve_none_after_source_rule
1605399fdbe33d6d56077d1e4be2c9059f63d6d71958220f97b04566dffe216e,classified,Carex siccata,Plant heigh,33,1,2,0,2,0,,taxon_outlier,0,0,0,,,approve_none_grouped
f1f1ac879e7def8d53bfb918723ca26e98405a0e02b928be19514d52970f7613,classified,Carex stricta,Plant heigh,14,1,2,14,1,0,,domain_outlier;taxon_outlier,1,0,1,,9ae5771978e17974f01af767bdbf52d3d2735f35c7c43938ecf74f416311ee23,approve_none_after_source_rule
c2509069c2c14e9bc843812cf955d75c0edeb817262ce30d1a429ecceb30c607,classified,Carex vaginata,Plant heigh,44,1,9,1,7,0,,domain_outlier;taxon_outlier,3,0,3,,30800ec14d04f64be96885655d4d09b23c3c8b236a95849d5a3f2b9a88ab170c;9ae5771978e17974f01af767bdbf52d3d2735f35c7c43938ecf74f416311ee23;dafcf1b2331a12f892bcef0815ee62674a8b070e5f93b4e845cdbcd3620f3be3,approve_none_after_source_rule
0d6e42092fefc6af1dc19545940b666d24506f262cdc9aad7e9df9b7bc7b588c,classified,Carex woodii,Plant heigh,32,1,1,0,2,0,,taxon_outlier,0,0,0,,,approve_none_grouped
bcb5214ba5a51fc51f49da97a81e0acab4cf69679878e59d743751e803a29a22,classified,Carlina acaulis,Plant heigh,16,1,6,0,1,0,,taxon_outlier,0,0,0,,,approve_none_grouped
8e489a75637116856b893e3149309420f91c6982e426efd230695643708974a1,classified,Carlina vulgaris,Plant heigh,33,1,7,2,4,0,,domain_outlier;taxon_outlier,1,0,1,,9ae5771978e17974f01af767bdbf52d3d2735f35c7c43938ecf74f416311ee23,approve_none_after_source_rule
a36d7236106c98c0635382bd105e3c71c2fb3d5847578c28e82ab4529a7e3180,classified,Carpinus caroliniana,Plant heigh,38326,2,6636,3,1509,0,,domain_outlier;taxon_outlier,1,0,1,,9ae5771978e17974f01af767bdbf52d3d2735f35c7c43938ecf74f416311ee23,approve_none_after_source_rule
ecf0b60ca9236b20496445c08da5fee4e7268ef628360b9136e48690c3056719,classified,Carpobrotus acinaciformis,Plant heigh,83,1,1,0,6,0,,taxon_outlier,0,0,0,,,approve_none_grouped
f6427616c8678bd9fef89675cb84c053a5084cf01e676342c1ab5cbb2fa8d111,classified,Carum carvi,Plant heigh,106,1,9,5,2,0,,domain_outlier;taxon_outlier,0,0,0,,,approve_none_grouped
6b7fcbd3843544d7e04dec143b8c4e83c184f13a42efbcdd063acb9e7e5b6353,classified,Carya alba,Plant heigh,48185,2,11036,4,1156,0,,domain_outlier;taxon_outlier,0,0,0,,,approve_none_grouped
939e4e426f4b090cdd10eaf33ba6e3f0df9e250c9c5c54f2b5d84ec589e33a40,classified,Carya aquatica,Plant heigh,4075,1,818,5,142,0,,domain_outlier;taxon_outlier,0,0,0,,,approve_none_grouped
f6b012c4d68fd71e8c284efe5a2e3431c7caf18ab93e2b64380dc513aa40d193,classified,Carya carolinae-septentrionalis,Plant heigh,30,1,7,0,7,0,,taxon_outlier,0,0,0,,,approve_none_grouped
14cfa6cc2b63fb606470f93e4e5d402269663ecaed1c02f736cd41362bf7e5bc,classified,Carya cordiformis,Plant heigh,14667,2,3695,1,808,0,,domain_outlier;taxon_outlier,1,0,1,,9ae5771978e17974f01af767bdbf52d3d2735f35c7c43938ecf74f416311ee23,approve_none_after_source_rule
9554eb756ca4e3b77396abc122ab4edf1d2f99e7dcbfd482901a6316a727d71e,classified,Carya glabra,Plant heigh,44289,2,9826,1,935,0,,domain_outlier;taxon_outlier,1,0,1,,9ae5771978e17974f01af767bdbf52d3d2735f35c7c43938ecf74f416311ee23,approve_none_after_source_rule
1a8572c7a2e543af8af8f4680b62d14c4c3fcf6e29a95c5128f441cdb87dda65,classified,Carya illinoinensis,Plant heigh,3699,1,1003,4,150,0,,domain_outlier;taxon_outlier,0,0,0,,,approve_none_grouped
584e3c255be1b48952a1dcb114f32abcd96e85463407026f1583dc1c36c58c6f,classified,Carya laciniosa,Plant heigh,810,1,306,0,12,0,,taxon_outlier,0,0,0,,,approve_none_grouped
3a03b8abb83b6d279b1a3fb004cd9b09357192e86944d5b98c5b0d0c3ed91856,classified,Carya myristiciformis,Plant heigh,96,1,57,0,2,0,,taxon_outlier,0,0,0,,,approve_none_grouped
983f91e19bb5e8107b01546dac4fd9bd728958ea95505544cbce413f828620df,classified,Carya ovalis,Plant heigh,201,1,82,0,22,0,,taxon_outlier,0,0,0,,,approve_none_grouped
ef3e15e06d03060c509914333227b838436bd3847da3982eab24ff49a0fbb4a6,classified,Carya ovata,Plant heigh,26954,2,5559,0,1274,0,,taxon_outlier,0,0,0,,,approve_none_grouped
993704a0aecda62290d72201a0054d46a88f6f5a0f12c4548e544e73e128c936,classified,Carya pallida,Plant heigh,985,1,210,0,14,0,,taxon_outlier,0,0,0,,,approve_none_grouped
897abd469fc971e4d9f26162a61686c437c9d948a47cf309cc33dbf4411c483f,classified,Carya texana,Plant heigh,19198,1,4131,0,1241,0,,taxon_outlier,0,0,0,,,approve_none_grouped
e5e2b395281a08fa939370380c3cc57fd24323fb987bb11aa1696300c074abf3,classified,Cassiope tetragona,Plant heigh,100,1,10,0,12,0,,taxon_outlier,2,0,2,,30800ec14d04f64be96885655d4d09b23c3c8b236a95849d5a3f2b9a88ab170c;dafcf1b2331a12f892bcef0815ee62674a8b070e5f93b4e845cdbcd3620f3be3,approve_none_after_source_rule
86f3076623cc495042553999c889433ea4b6ad0b8bf47de11fb0ca3a3cc8ce06,classified,Castanea dentata,Plant heigh,775,2,356,0,112,0,,taxon_outlier,0,0,0,,,approve_none_grouped
aa0427c4152f07a8ec6575c6ddee7ad0efc766117ee9b89afbf127f07baabe8b,classified,Castanea pumila,Plant heigh,119,1,61,0,15,0,,taxon_outlier,0,0,0,,,approve_none_grouped
bb4be5b9950155d1105c73cb3b9879f5e29a492cd5a22bb9c67361a265f224a7,classified,Castanea sativa,Plant heigh,28,1,5,1,5,0,,domain_outlier;taxon_outlier,0,0,0,,,approve_none_grouped
0d0bb09370ab1b9ec131af6d906428ab9e2792f7e1d326479e86cdb481f86d18,classified,Castilleja nelsonii,Plant heigh,10,1,1,0,1,0,,taxon_outlier,0,0,0,,,approve_none_grouped
faca9fcc30a2bdaeefe51cc3ef6053951bb3b7c4c49179ca550b447d76e9418c,classified,Catalpa bignonioides,Plant heigh,165,1,71,0,4,0,,taxon_outlier,0,0,0,,,approve_none_grouped
7d2f97490c0bfaf55b7d16e20a6d7ac85832d0e76eb430359035278ab9c08001,classified,Catalpa speciosa,Plant heigh,300,1,60,0,20,0,,taxon_outlier,0,0,0,,,approve_none_grouped
dde554162ebe0a42570b6ea372c59588a015dc78f71db2d16ffa22ec89372d2a,classified,Ceanothus fendleri,Plant heigh,21,1,3,1,1,0,,domain_outlier;taxon_outlier,0,0,0,,,approve_none_grouped
c89611d06c6a7b0ca52f5ec7bbb97c2bdfb61aad0925adf478cf1d9a66e27ee7,classified,Celtis laevigata,Plant heigh,18400,1,3166,0,494,0,,taxon_outlier,0,0,0,,,approve_none_grouped
5aba631dbba62836915ce0ab45825958c8ec86d4ec1dd62a3a1a7deee1d486d0,classified,Celtis occidentalis,Plant heigh,16252,1,3378,0,757,0,,taxon_outlier,0,0,0,,,approve_none_grouped
ff38b3728311668eebac1bea55de8bcdc2a1653a45304139305aa3844d6833d8,classified,Centaurea cyanus,Plant heigh,28,1,4,20,1,0,,domain_outlier;taxon_outlier,1,0,1,,9ae5771978e17974f01af767bdbf52d3d2735f35c7c43938ecf74f416311ee23,approve_none_after_source_rule
1e491e63e007f0827c2e972ab39dc0ee771b5231470db297d37f6c6e9bc5a9a3,classified,Centaurea diffusa,Plant heigh,10,1,1,1,1,0,,domain_outlier;taxon_outlier,0,0,0,,,approve_none_grouped
7a37013334ddf75519b0539ff7ebe10e09416361ec8adebfad5b5942f7dc7bd7,classified,Centaurea jacea,Plant heigh,337,1,64,188,10,0,,domain_outlier;taxon_outlier,0,0,0,,,approve_none_grouped
a1f32ac3d6e41aacb81d721971dbd50942f47bc5973c340e90abae4278c5e818,classified,Centaurea scabiosa,Plant heigh,11,1,3,2,1,0,,domain_outlier;taxon_outlier,0,0,0,,,approve_none_grouped
6e1cdbdccd9c66f1060a2ca8a12d828517903c897e258c84492185c332275c55,classified,Centaurea sphaerocephala,Plant heigh,54,1,1,0,5,0,,taxon_outlier,0,0,0,,,approve_none_grouped
53acf51efc435e171c5f5ffa15317551a9fd085d56c646821f13445a94f922bf,classified,Centaurea stoebe,Plant heigh,21,1,2,0,2,0,,taxon_outlier,0,0,0,,,approve_none_grouped
ac54f0fee9721a6ad2f527c6c96f726ea510b645dbea15e37c084b5c4529766c,classified,Centranthus angustifolius,Plant heigh,27,1,3,6,1,0,,domain_outlier;taxon_outlier,0,0,0,,,approve_none_grouped
a9ae656928db4428cb153c39bfff798e9c633aecaeca6663abcc069bea9e09ea,classified,Cephalaria leucantha,Plant heigh,27,1,3,16,1,0,,domain_outlier;taxon_outlier,0,0,0,,,approve_none_grouped
0f3834c977491c8d1a3b6e478e97f8cadf6fc441d806561229ecd61afeb09995,classified,Cerastium arvense,Plant heigh,16,1,4,0,3,0,,taxon_outlier,1,0,1,,dafcf1b2331a12f892bcef0815ee62674a8b070e5f93b4e845cdbcd3620f3be3,approve_none_after_source_rule
d591187f44cf2255120c9a235e91747ab5fc640a4594c8bb43e23f6ba577c7cc,classified,Cerastium latifolium,Plant heigh,36,1,3,0,1,0,,taxon_outlier,1,0,1,,dafcf1b2331a12f892bcef0815ee62674a8b070e5f93b4e845cdbcd3620f3be3,approve_none_after_source_rule
3e3a5f5c2e6e35607b289db4d7dabd385a7c46f22b19b633ad78019170016719,classified,Cercis canadensis,Plant heigh,10051,2,2977,0,469,0,,taxon_outlier,0,0,0,,,approve_none_grouped
f3fa69e89a3442e6f10dbd0fd33c05514dd61348b3ac7fe935a7804f2b606796,classified,Cercocarpus ledifolius,Plant heigh,14011,1,1398,0,831,0,,taxon_outlier,0,0,0,,,approve_none_grouped
db0ce10d70925b039bd4c7ae116e744b076db29a619c2e41f9537ceb76d95b3f,classified,Chaenactis douglasii,Plant heigh,26,1,2,0,1,0,,taxon_outlier,0,0,0,,,approve_none_grouped
6feefcb98e76f542588a93f481888820fd342201338c475fd2d3cd026238645d,classified,Chamaecyparis lawsoniana,Plant heigh,742,2,81,22,68,0,,domain_outlier;taxon_outlier,0,0,0,,,approve_none_grouped
b7366ccecd6d50b2f9c782b282b7b9430136ff9521ad6ad50a3c28b915527270,classified,Chamaecyparis thyoides,Plant heigh,4019,1,308,0,19,0,,taxon_outlier,0,0,0,,,approve_none_grouped
4fb0ef11db5bf62b4da1dbfe923079826fa95049d4acaa610a1ba90b59ea403c,classified,Chamaecytisus austriacus,Plant heigh,19,1,2,0,1,0,,taxon_outlier,0,0,0,,,approve_none_grouped
33cc60c29e84c1993731d8c5d5041270f113d775842483d932b8641b0e745377,classified,Chamaenerion angustifolium,Plant heigh,68,2,16,24,8,0,,domain_outlier;taxon_outlier,3,0,3,,30800ec14d04f64be96885655d4d09b23c3c8b236a95849d5a3f2b9a88ab170c;9ae5771978e17974f01af767bdbf52d3d2735f35c7c43938ecf74f416311ee23;dafcf1b2331a12f892bcef0815ee62674a8b070e5f93b4e845cdbcd3620f3be3,approve_none_after_source_rule
cb465ac5a213184dcdf140aa89aa3639a21a7ef43e2dc81bd385a424370ec363,classified,Chamaenerion dodonaei,Plant heigh,11,1,2,1,1,0,,domain_outlier;taxon_outlier,0,0,0,,,approve_none_grouped
b946009fc2b2853ae08d5aeef516b2a6f13aec5043746bb4eb41d4e033a6ccfe,classified,Chenopodium fremontii,Plant heigh,20,1,2,16,3,0,,domain_outlier;taxon_outlier,0,0,0,,,approve_none_grouped
9b28a05df7977bafcfaf75c0ee6b54545aea7ea6d81c885239b13de6444ee075,classified,Cherleria obtusiloba,Plant heigh,18,1,2,0,1,0,,taxon_outlier,1,0,1,,dafcf1b2331a12f892bcef0815ee62674a8b070e5f93b4e845cdbcd3620f3be3,approve_none_after_source_rule
4ad5a2e81eb1659454d48ecedf89cb37b0453ce849aa71f4831dbe1043631691,classified,Chrysolepis chrysophylla,Plant heigh,1963,1,344,0,83,0,,taxon_outlier,0,0,0,,,approve_none_grouped
0206f292e58ebee4e34a347830661ff44e883c369a2b2aede98cff2a9c8a00d9,classified,Cicerbita alpina,Plant heigh,15,1,1,15,1,0,,domain_outlier;taxon_outlier,1,0,1,,dafcf1b2331a12f892bcef0815ee62674a8b070e5f93b4e845cdbcd3620f3be3,approve_none_after_source_rule
24bee4745bfacf9c419713e31e307094cbe20b9a6a593612a3fdc97d5d0d56a8,classified,Circaea alpina,Plant heigh,13,1,6,0,1,0,,taxon_outlier,1,0,1,,9ae5771978e17974f01af767bdbf52d3d2735f35c7c43938ecf74f416311ee23,approve_none_after_source_rule
bdf5e26934382dcc788695e6007dc22a726da48ad35c345f0ce5117fed54ebac,classified,Circaea lutetiana,Plant heigh,15,1,6,1,1,0,,domain_outlier;taxon_outlier,1,0,1,,9ae5771978e17974f01af767bdbf52d3d2735f35c7c43938ecf74f416311ee23,approve_none_after_source_rule
9d59a8938f24b897331779c9e9b5882de8d06af7af9754ca60534bf60be995c7,classified,Cirsium arvense,Plant heigh,105,1,27,90,1,0,,domain_outlier;taxon_outlier,1,0,1,,9ae5771978e17974f01af767bdbf52d3d2735f35c7c43938ecf74f416311ee23,approve_none_after_source_rule
0a915c1318105455ee6f8c234e864cd3188f63307e6f2826cc015c283a6f83a6,classified,Cirsium oleraceum,Plant heigh,58,1,6,15,5,0,,domain_outlier;taxon_outlier,0,0,0,,,approve_none_grouped
102b1803b70f9b01878ade595986dd0de7c01c769cda51b8401ec2dca0e1c152,classified,Cirsium wheeleri,Plant heigh,20,1,2,16,2,0,,domain_outlier;taxon_outlier,0,0,0,,,approve_none_grouped
ee68119847d98f40f1d47fa273b9ec1649c28dc8c7a54f6cf0e02a940e15c1a9,classified,Cistus albidus,Plant heigh,110,1,13,31,16,0,,domain_outlier;taxon_outlier,0,0,0,,,approve_none_grouped
a9e6dbe8c8b0af2edb4178a978411874f002a783048d70cc889cc4270851e168,classified,Cistus clusii,Plant heigh,13,1,4,10,2,0,,domain_outlier;taxon_outlier,0,0,0,,,approve_none_grouped
f172640ef329b736e56bffafad5ebf5cce0dc23447c63a2426733d9608adcfa3,classified,Cistus salviifolius,Plant heigh,61,1,8,24,2,0,,domain_outlier;taxon_outlier,0,0,0,,,approve_none_grouped
1f37ff0f04d4493e399fc3f1c06bba7ca9cbe10a86298b47e3790fadd76be4a4,classified,Clematis flammula,Plant heigh,12,1,2,1,3,0,,domain_outlier;taxon_outlier,0,0,0,,,approve_none_grouped
51875bc4e142a6386ae2f0115e90e26c40707284e51709a03ef800bb6928aa4e,classified,Clinopodium grandiflorum,Plant heigh,19,1,2,1,2,0,,domain_outlier;taxon_outlier,0,0,0,,,approve_none_grouped
fc799b3feb6be12e135bfbf6d247cbd3e0948398d7f605ad2f081ec28dc65ac8,classified,Clinopodium nepeta,Plant heigh,28,1,4,0,2,0,,taxon_outlier,0,0,0,,,approve_none_grouped
0ff73c4d547f3e2e8ab3d83bb9de64a440308c1bf19cb7ad72ce13b91439d3d0,classified,Clintonia borealis,Plant heigh,10,1,7,0,1,0,,taxon_outlier,0,0,0,,,approve_none_grouped
9c58ef3923624f0247158287508fec2c07f9465292de7a42a9fbd4991e6297d8,classified,Colchicum autumnale,Plant heigh,28,1,7,2,5,0,,domain_outlier;taxon_outlier,0,0,0,,,approve_none_grouped
78ccd2ea6e9483ebb565a10dd9de1b305f560af32585cd162b0f2c7c6b56f0bb,classified,Coleataenia anceps,Plant heigh,46,1,12,42,2,0,,domain_outlier;taxon_outlier,0,0,0,,,approve_none_grouped
5bd8e274f2da406efb854e4748e7dbcdb1df31fab161444594d64114815895bf,classified,Collinsia heterophylla,Plant heigh,89,1,1,0,1,0,,taxon_outlier,0,0,0,,,approve_none_grouped
396120f831cb6e4541b15a31d37285f7e82fbea96fdafedf35d9a1b3ab406c54,classified,Cologania angustifolia,Plant heigh,20,1,2,0,1,0,,taxon_outlier,0,0,0,,,approve_none_grouped
acb2bc14fb3d210f1165c9272d7936095071c11c0ddd73af5f75ba67862596b2,classified,Convolvulus arvensis,Plant heigh,43,2,12,6,8,0,,domain_outlier;taxon_outlier,1,0,1,,de1fd16911999d42ae36d9dbf3523f3f8df9363da29b300bd0c9b52fb4673246,approve_none_after_source_rule
ddab2cd2faae979d0c32329b1a393d3c8477141137bb31a89ef1fb9cb0beeada,classified,Coreopsis lanceolata,Plant heigh,71,1,52,1,1,0,,domain_outlier;taxon_outlier,1,0,1,,9ae5771978e17974f01af767bdbf52d3d2735f35c7c43938ecf74f416311ee23,approve_none_after_source_rule
58606316f1252281a15529bbea2bfa69208c56be481f7616b742ceec30315734,classified,Coreopsis tinctoria,Plant heigh,20,1,2,1,1,0,,domain_outlier;taxon_outlier,0,0,0,,,approve_none_grouped
1b5ab0b7e6964dd3d65c53ea8a3c49ecadff7a00a18fff666ba8126a6ca67b75,classified,Cornus alternifolia,Plant heigh,10,1,6,7,2,0,,domain_outlier;taxon_outlier,1,0,1,,9ae5771978e17974f01af767bdbf52d3d2735f35c7c43938ecf74f416311ee23,approve_none_after_source_rule
e68f5a7420a1ae8f4054159f989a68915f363e21895dab16126d025e32ad0757,classified,Cornus canadensis,Plant heigh,20,1,4,0,5,0,,taxon_outlier,0,0,0,,,approve_none_grouped
3f9996ed9b440f92b60d988a05c32a9b76e8eea67e6eff2ecb4e8ec65474d633,classified,Cornus florida,Plant heigh,86631,2,17433,1,3435,0,,domain_outlier;taxon_outlier,1,0,1,,9ae5771978e17974f01af767bdbf52d3d2735f35c7c43938ecf74f416311ee23,approve_none_after_source_rule
f02edefb0dea7037a0e1921b7b38a3fb2c05246de6065ec9358c8dced57243d2,classified,Cornus nuttallii,Plant heigh,540,1,203,0,34,0,,taxon_outlier,0,0,0,,,approve_none_grouped
af97093b5ca7268043feb94a6739a720b2c99e50e7839eca95a27ad51cd96c1f,classified,Cornus racemosa,Plant heigh,37,1,4,20,5,0,,domain_outlier;taxon_outlier,0,0,0,,,approve_none_grouped
39eed59320938109a4ff6fb4b0c6d5915f661b7876651e86e04068eda341b494,classified,Cornus sanguinea,Plant heigh,14,1,9,2,5,0,,domain_outlier;taxon_outlier,0,0,0,,,approve_none_grouped
26a089ae97578b3bb0161cf922644a4a706fe397b6b2c63cb892c74dd2a47abe,classified,Cornus suecica,Plant heigh,35,1,5,0,1,0,,taxon_outlier,2,0,2,,30800ec14d04f64be96885655d4d09b23c3c8b236a95849d5a3f2b9a88ab170c;dafcf1b2331a12f892bcef0815ee62674a8b070e5f93b4e845cdbcd3620f3be3,approve_none_after_source_rule
338d08dcb1f587166b0f6d221ff71313174caf7d20e3dcd816c344b5eeaf7af9,classified,Coronilla varia,Plant heigh,41,1,5,19,3,0,,domain_outlier;taxon_outlier,0,0,0,,,approve_none_grouped
e7f072dcadb4ae0b26a649ee0efdabe0c9334475799b73779382b87b755a1377,classified,Corylus americana,Plant heigh,16,1,4,5,3,0,,domain_outlier;taxon_outlier,1,0,1,,9ae5771978e17974f01af767bdbf52d3d2735f35c7c43938ecf74f416311ee23,approve_none_after_source_rule
5cc660e8470e11177cf7990ade1f5ab5d7f9a957300515fe9608c53db7a86dac,classified,Cosmos parviflorus,Plant heigh,10,1,1,1,2,0,,domain_outlier;taxon_outlier,0,0,0,,,approve_none_grouped
f44553d2e142fc9620de05c47ea8a5bf181a32876270a1e268b8cf143c0c34dc,classified,Cotinus coggygria,Plant heigh,11,1,2,11,1,0,,domain_outlier;taxon_outlier,0,0,0,,,approve_none_grouped
c45b6d93e8f326801f6a752aa1d45dade61b6b4c91f96c99d21b89e479738e56,classified,Cotinus obovatus,Plant heigh,27,1,14,0,2,0,,taxon_outlier,0,0,0,,,approve_none_grouped
ed52031504d95a4b465a7bfd522451426fb99d7a3bb10179782e7030be6e8f83,classified,Crataegus crus-galli,Plant heigh,165,2,61,1,8,0,,domain_outlier;taxon_outlier,1,0,1,,9ae5771978e17974f01af767bdbf52d3d2735f35c7c43938ecf74f416311ee23,approve_none_after_source_rule
c93325a9d28581caecac4e1ea47627fa7c9c1ad0a3b16de1a45154fdc0bbb5ad,classified,Crataegus laciniata,Plant heigh,31,1,2,1,5,0,,domain_outlier;taxon_outlier,0,0,0,,,approve_none_grouped
7015ec29b202ab53156710267a389936472e2e75d733ea7fdbd393ef9322409a,classified,Crataegus mollis,Plant heigh,159,1,65,0,12,0,,taxon_outlier,0,0,0,,,approve_none_grouped
5a3373440ffec0f48e602f036c6f93b44d500c38c2b6232a9104e4e1d4252b0c,classified,Crataegus monogyna,Plant heigh,101,2,14,2,7,0,,domain_outlier;taxon_outlier,0,0,0,,,approve_none_grouped
251248fba45838e309c1e1b3cc73ebea1c6689ca30ab2e12409a31897f7d6357,classified,Crepis aurea,Plant heigh,26,1,2,0,1,0,,taxon_outlier,0,0,0,,,approve_none_grouped
900182290c2b9e2837c21ad6320946cfc4d075bae905c5775fb295a06e9e75e2,classified,Crepis biennis,Plant heigh,142,1,3,23,25,0,,domain_outlier;taxon_outlier,0,0,0,,,approve_none_grouped
d06f5cf5ccfc466b2a1d6578df9287e19a7eb93237e3777bf4dae37189404163,classified,Crepis capillaris,Plant heigh,44,2,5,0,3,0,,taxon_outlier,1,0,1,,de1fd16911999d42ae36d9dbf3523f3f8df9363da29b300bd0c9b52fb4673246,approve_none_after_source_rule
7de56507af80be8201bab151edd3238a038747106f3b84ef1ee04673e3c23d17,classified,Crepis vesicaria,Plant heigh,28,2,5,0,1,0,,taxon_outlier,1,0,1,,de1fd16911999d42ae36d9dbf3523f3f8df9363da29b300bd0c9b52fb4673246,approve_none_after_source_rule
0596a233ea9cfcb18a17890cf74b3acc6af676fe59ec065b833e9aef83125d68,classified,Crucianella maritima,Plant heigh,100,1,3,1,2,0,,domain_outlier;taxon_outlier,0,0,0,,,approve_none_grouped
430acf2cf342828e5956c0fb8a11f223cef6432e5b3d54f104c065bac0725de3,classified,Cruciata glabra,Plant heigh,42,1,6,0,2,0,,taxon_outlier,0,0,0,,,approve_none_grouped
25389d4935597ba268bd3181c7a7199e603eb2dafc242efde5fda315a110b190,classified,Cupressus arizonica,Plant heigh,357,2,33,0,9,0,,taxon_outlier,0,0,0,,,approve_none_grouped
a6c188ef4b432a1c6168c06c386a057fe2311802dc9cf68e0cb4a1c56811736a,classified,Cupressus bakeri,Plant heigh,11,1,1,0,4,0,,taxon_outlier,0,0,0,,,approve_none_grouped
0a9f60d198e2d7ee4b18fe4bb0f68fdaa0bc21a64cb490477323472036d7abd5,classified,Cupressus macrocarpa,Plant heigh,22,1,1,0,4,0,,taxon_outlier,0,0,0,,,approve_none_grouped
315cc36f0d72514bee3fe3af0bed7cf7b4a58eac7031312e85526916c55cb720,classified,Cupressus sargentii,Plant heigh,72,1,6,0,5,0,,taxon_outlier,0,0,0,,,approve_none_grouped
f85bd43709b1c81631ef9f389694875eca77540d972afe426089b7a4ff324b3c,classified,Cutandia maritima,Plant heigh,66,1,2,1,3,0,,domain_outlier;taxon_outlier,0,0,0,,,approve_none_grouped
58b1f8f2f093f5eb803cc4f39e8ed57a0a83cb658b9979c4be42855db15bf65e,classified,Cymopterus lemmonii,Plant heigh,57,1,5,0,3,0,,taxon_outlier,1,0,1,,dafcf1b2331a12f892bcef0815ee62674a8b070e5f93b4e845cdbcd3620f3be3,approve_none_after_source_rule
ad54f6e593e1095baeec3b70ba427efa0d18be2f5d6c33b1f3431216c5f64a6b,classified,Cynosurus cristatus,Plant heigh,114,1,46,85,14,0,,domain_outlier;taxon_outlier,0,0,0,,,approve_none_grouped
af94377b09232faa728a1c9f2377f0694eaf7474d38b601de9e875c4cfc3a958,classified,Cyperus capitatus,Plant heigh,129,1,1,0,3,0,,taxon_outlier,0,0,0,,,approve_none_grouped
aaa9092b2c74c9101426429d66742c9bfa5ffb9542c7ebcf6461e2dbac357b67,classified,Cytisus scoparius,Plant heigh,35,1,6,2,4,0,,domain_outlier;taxon_outlier,1,0,1,,9ae5771978e17974f01af767bdbf52d3d2735f35c7c43938ecf74f416311ee23,approve_none_after_source_rule
832ff7e3b60f2b324a7c85c1e93aaab5dfe66556d273dfd9ceec7285c3ded848,classified,Dactylis glomerata,Plant heigh,601,2,116,245,71,0,,domain_outlier;taxon_outlier,2,0,2,,9ae5771978e17974f01af767bdbf52d3d2735f35c7c43938ecf74f416311ee23;de1fd16911999d42ae36d9dbf3523f3f8df9363da29b300bd0c9b52fb4673246,approve_none_after_source_rule
20c676adb3099f7952fdc9220cb151a931a932f013a1c732e363fec7d5499dd1,classified,Dactylorhiza incarnata,Plant heigh,25,1,1,0,3,0,,taxon_outlier,0,0,0,,,approve_none_grouped
7514718ffc5658cf844394a95efea938a736636f8cbfb7d0a37d2c0b03f7dfa0,classified,Dactylorhiza maculata,Plant heigh,25,1,1,2,1,0,,domain_outlier;taxon_outlier,0,0,0,,,approve_none_grouped
61b982344eb1ef2e27d61e42cadf0e07f55f048495374e92ee1646e6a55cbc5f,classified,Dactylorhiza majalis,Plant heigh,25,1,1,0,1,0,,taxon_outlier,0,0,0,,,approve_none_grouped
2bf76bc02bd940ae2e69035532644cbcf568246a11cfc0fd2735fc0e59c43017,classified,Danthonia spicata,Plant heigh,15,1,4,0,2,0,,taxon_outlier,1,0,1,,9ae5771978e17974f01af767bdbf52d3d2735f35c7c43938ecf74f416311ee23,approve_none_after_source_rule
3ea593567fd5c3791fefae9293e33cbeb798f725e60cfb78139a7576cb3f46a5,classified,Daphne gnidium,Plant heigh,38,1,7,1,3,0,,domain_outlier;taxon_outlier,0,0,0,,,approve_none_grouped
22f9daab02ddd70999b17a943ca4d48a708f3027869f8559d19064c74d6e9307,classified,Daphne laureola,Plant heigh,186,1,21,0,17,0,,taxon_outlier,0,0,0,,,approve_none_grouped
0c8bb470e174874c3756a209217aa7530642df43844631bed608480f044992e7,classified,Daucus carota,Plant heigh,177,1,25,37,20,0,,domain_outlier;taxon_outlier,0,0,0,,,approve_none_grouped
ae79d861b6c8440453d8886be4c89110eac7f536507872e81389b719f34567f7,classified,Delphinium nuttallianum,Plant heigh,20,2,2,0,1,0,,taxon_outlier,0,0,0,,,approve_none_grouped
b3a013ccb1e9cf962313250311f2ad54da957b455bf4d8993712e82375d23855,classified,Deschampsia cespitosa,Plant heigh,95,1,13,23,11,0,,domain_outlier;taxon_outlier,2,0,2,,30800ec14d04f64be96885655d4d09b23c3c8b236a95849d5a3f2b9a88ab170c;dafcf1b2331a12f892bcef0815ee62674a8b070e5f93b4e845cdbcd3620f3be3,approve_none_after_source_rule
18eb810d77050e86dc67b73e6490dfae966cdd975d1e39fa1a75b3acfb1b22ff,classified,Desmanthus illinoensis,Plant heigh,21,1,3,21,2,0,,domain_outlier;taxon_outlier,1,0,1,,9ae5771978e17974f01af767bdbf52d3d2735f35c7c43938ecf74f416311ee23,approve_none_after_source_rule
56f7cd3a434e64ffc9f18ddbd945e236f714689e64f57f8361af53e799847795,classified,Desmodium canadense,Plant heigh,24,1,3,3,5,0,,domain_outlier;taxon_outlier,0,0,0,,,approve_none_grouped
f6f21a4e5993de145250b6bd57a27a98b60c464350229ffb8597b486f708a151,classified,Dianthus pavonius,Plant heigh,26,1,2,0,2,0,,taxon_outlier,0,0,0,,,approve_none_grouped
d2e04b99d0e18c587f9ba718c350c08185ae20caabac334efa260c63be3fd924,classified,Dichanthelium aciculare,Plant heigh,11,1,3,0,1,0,,taxon_outlier,1,0,1,,9ae5771978e17974f01af767bdbf52d3d2735f35c7c43938ecf74f416311ee23,approve_none_after_source_rule
79eefcde04191e3a0fdd9a9999888762f2ef3017f86662dc3b55567236317ae3,classified,Dichanthelium oligosanthes,Plant heigh,103,1,53,3,12,0,,domain_outlier;taxon_outlier,1,0,1,,9ae5771978e17974f01af767bdbf52d3d2735f35c7c43938ecf74f416311ee23,approve_none_after_source_rule
5a0ece6f40395b1c12c0d25130e2e337c0d0e67e99d2080006a87597dc7b6380,classified,Digitalis lutea,Plant heigh,74,1,8,13,9,0,,domain_outlier;taxon_outlier,0,0,0,,,approve_none_grouped
74cbe0a639f32941db9f304d9c44c24911c049a0039a1e407bcfe3898b51a31d,classified,Diospyros texana,Plant heigh,516,1,109,0,44,0,,taxon_outlier,0,0,0,,,approve_none_grouped
e559f5654da1d50dcce1107fda4620a49c0387089deb1ef65e777173b9125128,classified,Diospyros virginiana,Plant heigh,18412,2,7042,0,661,0,,taxon_outlier,0,0,0,,,approve_none_grouped
cf195336079dad46d961ff138e5ce8b519a111d89a69fefddb04a31254e4052a,classified,Diphasiastrum alpinum,Plant heigh,25,1,6,0,4,0,,taxon_outlier,1,0,1,,dafcf1b2331a12f892bcef0815ee62674a8b070e5f93b4e845cdbcd3620f3be3,approve_none_after_source_rule
29590dfe0d05502e55b74879c46d592c549652c59f06fe16a27574f9b52d401c,classified,Doronicum grandiflorum,Plant heigh,26,1,2,0,1,0,,taxon_outlier,0,0,0,,,approve_none_grouped
fb695833b80285bd4e1825c89210e7ecfe37242b7dd586dc41db9bf36bd8ea33,classified,Draba asprella,Plant heigh,10,1,1,0,2,0,,taxon_outlier,0,0,0,,,approve_none_grouped
3268e53e06cd9e2af773730d19efdbd2492f94d8d5ca1f7ed48a596ef18aa33e,classified,Draba streptocarpa,Plant heigh,12,1,3,0,5,0,,taxon_outlier,1,0,1,,dafcf1b2331a12f892bcef0815ee62674a8b070e5f93b4e845cdbcd3620f3be3,approve_none_after_source_rule
734a83276a2d82c3c39a1c569ed04a98c537c665f707e96f09978cec0f714c5c,classified,Dracocephalum ruyschiana,Plant heigh,26,1,2,0,5,0,,taxon_outlier,0,0,0,,,approve_none_grouped
29da55e7be855a8d3e89bcd89ad6c5c81f8d6d11b3a0ec5da9e679890f4398af,classified,Dryas octopetala,Plant heigh,176,1,17,0,25,0,,taxon_outlier,2,0,2,,30800ec14d04f64be96885655d4d09b23c3c8b236a95849d5a3f2b9a88ab170c;dafcf1b2331a12f892bcef0815ee62674a8b070e5f93b4e845cdbcd3620f3be3,approve_none_after_source_rule
78724ce221ba34f77a4a437cbdc1674b7878c82e3d6abcc0690e420ec2fb133a,classified,Drymocallis arguta,Plant heigh,10,1,3,2,2,0,,domain_outlier;taxon_outlier,1,0,1,,9ae5771978e17974f01af767bdbf52d3d2735f35c7c43938ecf74f416311ee23,approve_none_after_source_rule
ca06c0d0a4eb70db7acc36c9d19c359a56b2aec3d95f098160a8608bf443ca2a,classified,Echinacea purpurea,Plant heigh,20,1,1,0,3,0,,taxon_outlier,0,0,0,,,approve_none_grouped
14152e745b0b0118feb97c95d179bd0e555aa89daa188512bc836d91f12de084,classified,Echinophora spinosa,Plant heigh,57,1,3,1,6,0,,domain_outlier;taxon_outlier,0,0,0,,,approve_none_grouped
86854aee3747fc2d975009480c31e8bff4386b61e934fa34ed7c8dd311d80c4b,classified,Echium plantagineum,Plant heigh,213,2,5,4,4,0,,domain_outlier;taxon_outlier,1,0,1,,de1fd16911999d42ae36d9dbf3523f3f8df9363da29b300bd0c9b52fb4673246,approve_none_after_source_rule
339f07d6bcd9aba51baa55a2969542cf6d707dc336356c610d0cd7e50a14d4bc,classified,Elaeagnus angustifolia,Plant heigh,90,2,51,1,14,0,,domain_outlier;taxon_outlier,0,0,0,,,approve_none_grouped
59ae6e0831b8e682d892deae14595e7cff63b7eda3e2f9f47551790460a96187,classified,Eleocharis palustris,Plant heigh,19,1,9,9,1,0,,domain_outlier;taxon_outlier,1,0,1,,9ae5771978e17974f01af767bdbf52d3d2735f35c7c43938ecf74f416311ee23,approve_none_after_source_rule
f6ab35b218aac3f83ba072dee0e4988e6054d06ecee628dbc9d6e808045c3f25,classified,Elymus canadensis,Plant heigh,38,1,6,18,2,0,,domain_outlier;taxon_outlier,1,0,1,,9ae5771978e17974f01af767bdbf52d3d2735f35c7c43938ecf74f416311ee23,approve_none_after_source_rule
7e23d962e8fbe991b64ad63c622ade1143d1c14823bbbe6361f90cc2e06869df,classified,Elymus repens,Plant heigh,31,1,8,1,7,0,,domain_outlier;taxon_outlier,2,0,2,,30800ec14d04f64be96885655d4d09b23c3c8b236a95849d5a3f2b9a88ab170c;9ae5771978e17974f01af767bdbf52d3d2735f35c7c43938ecf74f416311ee23,approve_none_after_source_rule
086cb5d460cf1b262b351a85b63bc0c765cd95a24b76c4bce908023721182e3d,classified,Elymus smithii,Plant heigh,21,1,3,19,3,0,,domain_outlier;taxon_outlier,1,0,1,,9ae5771978e17974f01af767bdbf52d3d2735f35c7c43938ecf74f416311ee23,approve_none_after_source_rule
5bc8c5e276892fba004f0f9bd2149847f56ccfb1525fd9a55002ce851a8d5ed2,classified,Elymus violaceus,Plant heigh,10,1,1,6,1,0,,domain_outlier;taxon_outlier,0,0,0,,,approve_none_grouped
08806025a3f596457ba3992b5e7f7f4d03306ee825f9dfa4a0884a303f4503d2,classified,Empetrum hermaphroditum,Plant heigh,419,1,9,0,8,0,,taxon_outlier,1,0,1,,dafcf1b2331a12f892bcef0815ee62674a8b070e5f93b4e845cdbcd3620f3be3,approve_none_after_source_rule
b4231e680d69824be26a9e1fbd3b6d6ca590f5ca713fc1dd2fd9202f5551b1e7,classified,Empetrum nigrum,Plant heigh,1431,1,125,0,212,0,,taxon_outlier,2,0,2,,30800ec14d04f64be96885655d4d09b23c3c8b236a95849d5a3f2b9a88ab170c;dafcf1b2331a12f892bcef0815ee62674a8b070e5f93b4e845cdbcd3620f3be3,approve_none_after_source_rule
98a221513650a1a26e61ebfd30d0f49a7cad549e040b059d1c0747fdb5842d54,classified,Epilobium brachycarpum,Plant heigh,10,1,1,1,1,0,,domain_outlier;taxon_outlier,0,0,0,,,approve_none_grouped
fbdf8cd944f7133bfa88f3342426af2ea96fdc38538429918e700c0469defcb2,classified,Epipactis helleborine,Plant heigh,76,1,14,0,10,0,,taxon_outlier,0,0,0,,,approve_none_grouped
c73e95b17007e63971ef84b6c5aa7c54f2217ecaf68c5bbad84baab924a404c2,classified,Equisetum fluviatile,Plant heigh,10,1,1,2,4,0,,domain_outlier;taxon_outlier,1,0,1,,dafcf1b2331a12f892bcef0815ee62674a8b070e5f93b4e845cdbcd3620f3be3,approve_none_after_source_rule
a5050a08342c2d087462ca8f170f2b2a5506c17944e0b77ab570079aa7fd4112,classified,Equisetum hyemale,Plant heigh,26,1,2,9,7,0,,domain_outlier;taxon_outlier,1,0,1,,dafcf1b2331a12f892bcef0815ee62674a8b070e5f93b4e845cdbcd3620f3be3,approve_none_after_source_rule
62ef221e0d5c5eaba254a9187a5d1071fddc2bcd381e090029ac09af96c6c73b,classified,Eragrostis spectabilis,Plant heigh,70,1,52,0,18,0,,taxon_outlier,0,0,0,,,approve_none_grouped
c24d5308149a0c1c63af1fb04df69868f4ff0d4939ddac5bd314c4dbadc48c9d,classified,Eremogone congesta,Plant heigh,25,1,1,0,5,0,,taxon_outlier,0,0,0,,,approve_none_grouped
e313a9562cc07f735b505e06678f306ef3cafedb71a274a4fc982158a7668262,classified,Eremogone fendleri,Plant heigh,44,1,5,0,1,0,,taxon_outlier,1,0,1,,dafcf1b2331a12f892bcef0815ee62674a8b070e5f93b4e845cdbcd3620f3be3,approve_none_after_source_rule
627beab91af53e3f0fbe2048be68f46c0abd19899d0b8e264ad1af6f19a6fa0b,classified,Erica carnea,Plant heigh,15,1,3,0,2,0,,taxon_outlier,1,0,1,,dafcf1b2331a12f892bcef0815ee62674a8b070e5f93b4e845cdbcd3620f3be3,approve_none_after_source_rule
54fcbe8f6ebf1700dfe8f299685ecd843455972e553a655432499076220e5773,classified,Erica erigena,Plant heigh,25,1,1,0,2,0,,taxon_outlier,0,0,0,,,approve_none_grouped
56666f4dc70f04eb638fed8c84caaa4a3bd369bb5d7963d2dca724e3591916e1,classified,Erigeron annuus,Plant heigh,26,1,5,4,6,0,,domain_outlier;taxon_outlier,0,0,0,,,approve_none_grouped
f4d4fd1acdf20317288d1ed72ec554553c1db8034117b68dbb2641b60765441e,classified,Erigeron canadensis,Plant heigh,14,2,5,2,2,0,,domain_outlier;taxon_outlier,0,0,0,,,approve_none_grouped
56dc96e0c33224af9afb24e2e3c72f0b3acc12c125434febddf48f2d798f3008,classified,Erigeron flagellaris,Plant heigh,21,1,2,0,1,0,,taxon_outlier,0,0,0,,,approve_none_grouped
0a145f57555dfbbc19139def8abfa421fbbb13a50807b9be89592415124dbe52,classified,Erigeron formosissimus,Plant heigh,16,1,1,0,1,0,,taxon_outlier,0,0,0,,,approve_none_grouped
a465e885f1712e45037d4dc973432712ccf785d47c0c7b3097cd88ce9c33a4d5,classified,Erigeron grandiflorus,Plant heigh,22,1,3,0,5,0,,taxon_outlier,1,0,1,,dafcf1b2331a12f892bcef0815ee62674a8b070e5f93b4e845cdbcd3620f3be3,approve_none_after_source_rule
ab0955b52e928af56dad25b62d339088f085a414447a4583a686aec5c59585e7,classified,Erigeron pulchellus,Plant heigh,26,1,2,1,2,0,,domain_outlier;taxon_outlier,1,0,1,,9ae5771978e17974f01af767bdbf52d3d2735f35c7c43938ecf74f416311ee23,approve_none_after_source_rule
99e8ef8fbb3a5aa09d539378d91a87efb47a5e14c31482e7eda4b2ed78e61d67,classified,Erigeron speciosus,Plant heigh,41,2,4,1,6,0,,domain_outlier;taxon_outlier,0,0,0,,,approve_none_grouped
6ee0b371078b451e06d434ebcc8c90720487d79eec139c9ecc7f1ca1e6197375,classified,Erigeron strigosus,Plant heigh,79,1,53,25,16,0,,domain_outlier;taxon_outlier,1,0,1,,9ae5771978e17974f01af767bdbf52d3d2735f35c7c43938ecf74f416311ee23,approve_none_after_source_rule
ec4c9e956d7c5d9a2cd7051d6e1a28c63ce945d61971e7072bedef836a788b45,classified,Erigeron uniflorus,Plant heigh,11,1,2,0,3,0,,taxon_outlier,1,0,1,,dafcf1b2331a12f892bcef0815ee62674a8b070e5f93b4e845cdbcd3620f3be3,approve_none_after_source_rule
26a30221ae4a40ed371dcd2502d6bebdd028127689598aa8c621104fa32824c3,classified,Eriogonum alatum,Plant heigh,20,1,2,0,1,0,,taxon_outlier,0,0,0,,,approve_none_grouped
2550a1c98c0d1e0b82f8a97093d7fa95be2593cc7cb391724221aca57860b5bd,classified,Eriogonum umbellatum,Plant heigh,26,1,2,0,1,0,,taxon_outlier,0,0,0,,,approve_none_grouped
925f5b8d3f7f54430bb354a07d43b9fc87f5245fc79c0034802e324645ca28a9,classified,Eriophorum angustifolium,Plant heigh,31,1,4,0,5,0,,taxon_outlier,2,0,2,,30800ec14d04f64be96885655d4d09b23c3c8b236a95849d5a3f2b9a88ab170c;dafcf1b2331a12f892bcef0815ee62674a8b070e5f93b4e845cdbcd3620f3be3,approve_none_after_source_rule
75032497d8c2be8f50034d9a71bab9c1ae9d3ab2e32c303184fd4ca3ac9e2483,classified,Eriophorum scheuchzeri,Plant heigh,25,1,1,0,6,0,,taxon_outlier,0,0,0,,,approve_none_grouped
a38f9830fbd6e9f8dd98d74b03c90252eb05eb7b22980f796df1ec06ca528c41,classified,Eriophorum vaginatum,Plant heigh,65,1,1,0,6,0,,taxon_outlier,1,0,1,,dafcf1b2331a12f892bcef0815ee62674a8b070e5f93b4e845cdbcd3620f3be3,approve_none_after_source_rule
a2968ae076f81091348561c1a4a5013605ecda2b8d5519a6b4dba8f93fc93829,classified,Eritrichium nanum,Plant heigh,13,1,4,0,2,0,,taxon_outlier,1,0,1,,dafcf1b2331a12f892bcef0815ee62674a8b070e5f93b4e845cdbcd3620f3be3,approve_none_after_source_rule
e5ecb781727c6ca108b5c63a0210a1961e35c74e1ccd8b837edfd2ad934ec0be,classified,Erodium cicutarium,Plant heigh,18,2,7,0,4,0,,taxon_outlier,1,0,1,,9ae5771978e17974f01af767bdbf52d3d2735f35c7c43938ecf74f416311ee23,approve_none_after_source_rule
6c4213a834018f0451b6f70c77c6a4ad6d3d3aba3c065b9ebf6d96ceb92f5d0f,classified,Erucastrum gallicum,Plant heigh,26,1,2,0,1,0,,taxon_outlier,0,0,0,,,approve_none_grouped
d410ce1d9e42833558ee84f4b3ca4c55e8022ce22b72eac17ad74f2be8d84a20,classified,Eryngium campestre,Plant heigh,56,2,6,0,4,0,,taxon_outlier,1,0,1,,de1fd16911999d42ae36d9dbf3523f3f8df9363da29b300bd0c9b52fb4673246,approve_none_after_source_rule
e968bfdb54c67bbe5e923c08863d2d69b23a80e15ea66776460643640f008184,classified,Eryngium maritimum,Plant heigh,31,1,6,1,6,0,,domain_outlier;taxon_outlier,0,0,0,,,approve_none_grouped
cb084be50d9c71014e19b7c3b1bdaaadd206321caccc98dd3d55aa58d163b89b,classified,Eryngium yuccifolium,Plant heigh,20,1,1,0,1,0,,taxon_outlier,0,0,0,,,approve_none_grouped
35101ba6c9ad5ee162b28ecf8407beeb57a55767f5fc681f55472da0583f8a39,classified,Erythronium grandiflorum,Plant heigh,20,1,1,0,2,0,,taxon_outlier,0,0,0,,,approve_none_grouped
3c25bdc4285f68706ce6497ef68fd0acfdf3bdfe0d57f8867c73f81085b6f34f,classified,Euonymus latifolius,Plant heigh,21,1,3,1,1,0,,domain_outlier;taxon_outlier,0,0,0,,,approve_none_grouped
9968ee65b61257c23b85323ac0cdd4915a597a065c21669f0dbfaa6a647ca7e0,classified,Euphorbia amygdaloides,Plant heigh,21,1,3,0,5,0,,taxon_outlier,0,0,0,,,approve_none_grouped
1c5ea0597b93c58a9361e24c62bae22f6108b72a259dfb444a322f998129eeb8,classified,Euphorbia brachycera,Plant heigh,20,1,2,0,1,0,,taxon_outlier,0,0,0,,,approve_none_grouped
fce233abd0b8c9190eba9836379fab460ac414803ece6a46630e10a427ad2fd7,classified,Euphorbia paralias,Plant heigh,10,1,5,1,2,0,,domain_outlier;taxon_outlier,0,0,0,,,approve_none_grouped
92d2b3f9f9d79c88c2111389214cc244a3f6638885c8fcac74b942993200c589,classified,Euphorbia serpyllifolia,Plant heigh,18,1,2,0,4,0,,taxon_outlier,0,0,0,,,approve_none_grouped
6cfd27d999292439d91d63ebfc87cd79b7e5cb64ac4c2b61168536597c103e6c,classified,Euphorbia spinosa,Plant heigh,25,1,1,0,1,0,,taxon_outlier,0,0,0,,,approve_none_grouped
67d0e61f537fe0fc68e50c0d8ad611682ab8e6691a0ac2ce132d25bb7872f136,classified,Euphorbia terracina,Plant heigh,41,1,2,0,7,0,,taxon_outlier,0,0,0,,,approve_none_grouped
3f8afc0977122ff35b3750f14223597b9b3fbb2bad883da7a39fdcb53a89baf5,classified,Euphrasia officinalis,Plant heigh,30,1,4,0,2,0,,taxon_outlier,0,0,0,,,approve_none_grouped
af657b1604575632d2eeaa137ab045bfe715522455e596e644a330472890c2e6,classified,Euthamia graminifolia,Plant heigh,108,1,14,103,3,0,,domain_outlier;taxon_outlier,1,0,1,,9ae5771978e17974f01af767bdbf52d3d2735f35c7c43938ecf74f416311ee23,approve_none_after_source_rule
b81e1a6ab1d6b9b2b1839da2e70fb313d9a6a02d4f84dee2a584278a54c41922,classified,Fagus grandifolia,Plant heigh,75889,2,11677,3,2345,0,,domain_outlier;taxon_outlier,1,0,1,,9ae5771978e17974f01af767bdbf52d3d2735f35c7c43938ecf74f416311ee23,approve_none_after_source_rule
033ce96fccb1555ac5da9563655fcbe9ef13d9bd7e128bc29d49b6c745dd375b,classified,Fagus sylvatica,Plant heigh,179,2,22,1,17,0,,domain_outlier;taxon_outlier,0,0,0,,,approve_none_grouped
bf97dbda46883d62587a1ebf375fccc9730cbd9f2aa8e1f93cccb5b264dc7f42,classified,Festuca airoides,Plant heigh,30,1,2,3,4,0,,domain_outlier;taxon_outlier,0,0,0,,,approve_none_grouped
460195b7a1a177278ccc169befd533761c8dcaada4e86ed8a826f297d30d7e17,classified,Festuca ambigua,Plant heigh,51,2,2,0,1,0,,taxon_outlier,1,0,1,,de1fd16911999d42ae36d9dbf3523f3f8df9363da29b300bd0c9b52fb4673246,approve_none_after_source_rule
c8722f477f60f8029301593ce57e7e0d6a80a2dbf391841bd0c9ef936caa0539,classified,Festuca arizonica,Plant heigh,18,1,2,1,3,0,,domain_outlier;taxon_outlier,0,0,0,,,approve_none_grouped
e4acc3d29aa3660d45ef9c4330b8cac893d4b295e6fc15630a2fc06319356494,classified,Festuca eskia,Plant heigh,30,1,2,26,3,0,,domain_outlier;taxon_outlier,0,0,0,,,approve_none_grouped
a0768b089ba544c683070a4e9018345d68f63717d48aed14e4b1aef4d12eed03,classified,Festuca fasciculata,Plant heigh,36,1,2,1,5,0,,domain_outlier;taxon_outlier,0,0,0,,,approve_none_grouped
70952650c057797ff6c1e8fa92f1548ceb211cf0f8b3f057b9d6d4d8ae0fd235,classified,Festuca incurva,Plant heigh,31,2,2,0,4,0,,taxon_outlier,1,0,1,,de1fd16911999d42ae36d9dbf3523f3f8df9363da29b300bd0c9b52fb4673246,approve_none_after_source_rule
306c10d6b3c4149ffb757ba183c6d38145ce719c8188422bedb556d3603065cf,classified,Festuca ovina,Plant heigh,320,1,42,87,14,0,,domain_outlier;taxon_outlier,2,0,2,,9ae5771978e17974f01af767bdbf52d3d2735f35c7c43938ecf74f416311ee23;dafcf1b2331a12f892bcef0815ee62674a8b070e5f93b4e845cdbcd3620f3be3,approve_none_after_source_rule
6e17ea1a90ec4500b196de2a732c9a69bf8235d4b6f785c829becbf873a709bb,classified,Festuca rubra,Plant heigh,267,1,26,57,8,0,,domain_outlier;taxon_outlier,1,0,1,,9ae5771978e17974f01af767bdbf52d3d2735f35c7c43938ecf74f416311ee23,approve_none_after_source_rule
4aef417c66edf2a6af87afb7c4c86565a25abd1d348910e335b02d9e2173ddba,classified,Festuca subverticillata,Plant heigh,10,1,2,0,2,0,,taxon_outlier,0,0,0,,,approve_none_grouped
4f3788656231d144254d99a283c15a0a5e0f73041602d6f9e4ec2c11656f8470,classified,Festuca thurberi,Plant heigh,40,1,2,35,6,0,,domain_outlier;taxon_outlier,0,0,0,,,approve_none_grouped
220ce1e3b158478cbf1f71f1e57c3074012f2e0d603f007d5912302f14bb8499,classified,Festuca valesiaca,Plant heigh,50,1,6,0,3,0,,taxon_outlier,0,0,0,,,approve_none_grouped
25306cff1adffccd052402ab07ea5872ba7a3fd1d3963d989ee801dbf6586bd7,classified,Filipendula vulgaris,Plant heigh,36,1,11,1,5,0,,domain_outlier;taxon_outlier,0,0,0,,,approve_none_grouped
ee0e6699ab27053fd034420d256e039e79dc3950191fe2ab5fc552e10836adf6,classified,Foeniculum vulgare,Plant heigh,11,2,2,0,1,0,,taxon_outlier,1,0,1,,de1fd16911999d42ae36d9dbf3523f3f8df9363da29b300bd0c9b52fb4673246,approve_none_after_source_rule
52a2c6180fa155257048c22c5aedb0ba0ce626e82de8cf5c6dc1613d0593efbd,classified,Fragaria vesca,Plant heigh,95,1,14,0,16,0,,taxon_outlier,1,0,1,,9ae5771978e17974f01af767bdbf52d3d2735f35c7c43938ecf74f416311ee23,approve_none_after_source_rule
5c37e1aa7de2cfd5fb4170bc2895e7b9d6c4347eca063d086cd26b63df535fa7,classified,Fragaria virginiana,Plant heigh,83,2,11,1,5,0,,domain_outlier;taxon_outlier,0,0,0,,,approve_none_grouped
c3c5a2ef9f55542231f9eb8a30e590d06bfcb91854da25c3812632e9d93fc2bd,classified,Frasera speciosa,Plant heigh,12,1,4,1,1,0,,domain_outlier;taxon_outlier,1,0,1,,dafcf1b2331a12f892bcef0815ee62674a8b070e5f93b4e845cdbcd3620f3be3,approve_none_after_source_rule
5e10a2e22accb5d1288beed2e47c08bad1144b5ff9277829ffd8a37c540c91ef,classified,Fraxinus albicans,Plant heigh,143,1,44,0,5,0,,taxon_outlier,0,0,0,,,approve_none_grouped
9170a6214872f800f18870853471ff4aa9ea1758acbf6bbb4e117e932287bf05,classified,Fraxinus americana,Plant heigh,58799,2,12348,3,3037,0,,domain_outlier;taxon_outlier,1,0,1,,9ae5771978e17974f01af767bdbf52d3d2735f35c7c43938ecf74f416311ee23,approve_none_after_source_rule
07628230f56db9f8a0b3c027a4256bfd0a2ea01325c987cd53afa95af79a57af,classified,Fraxinus angustifolia,Plant heigh,16,1,9,1,1,0,,domain_outlier;taxon_outlier,0,0,0,,,approve_none_grouped
31cd2aab88105202b660feefe2acc1d52d7b2e61d40f630efb7e4652f9a48002,classified,Fraxinus caroliniana,Plant heigh,514,1,87,0,8,0,,taxon_outlier,0,0,0,,,approve_none_grouped
03c5a329cc915938d0b3a9c9bc875dfbcd7e267f64e63ca6b0bc9ae9e6364162,classified,Fraxinus excelsior,Plant heigh,65,2,10,1,13,0,,domain_outlier;taxon_outlier,0,0,0,,,approve_none_grouped
c852368541de7faac77774fca0bba666c86d3d037887859a44bb1e820872515a,classified,Fraxinus latifolia,Plant heigh,455,1,97,0,22,0,,taxon_outlier,0,0,0,,,approve_none_grouped
a9de01bee8053ea3676c14c5ead9da2983dbd47dbcf735dc783c96edb94867b7,classified,Fraxinus nigra,Plant heigh,26118,2,2918,1,1688,0,,domain_outlier;taxon_outlier,1,0,1,,9ae5771978e17974f01af767bdbf52d3d2735f35c7c43938ecf74f416311ee23,approve_none_after_source_rule
d6e570cc423296c5c289e53e9fa64c3e48d687dce740302b50d8a81780fd0b7d,classified,Fraxinus pennsylvanica,Plant heigh,61149,2,9895,21,2268,0,,domain_outlier;taxon_outlier,0,0,0,,,approve_none_grouped
819f8606d4d8e2bf311a57bf0abfc40a7199cdbd6b5c22df854b450447927814,classified,Fraxinus profunda,Plant heigh,866,1,65,0,48,0,,taxon_outlier,0,0,0,,,approve_none_grouped
7c2bd08d0c38a61aba6e1a6d65010d91f4be8e4cdd51a894b78b5bd9fccff385,classified,Fraxinus quadrangulata,Plant heigh,950,1,188,0,75,0,,taxon_outlier,0,0,0,,,approve_none_grouped
2ea43b01690172608c94b90a23433765837e3d4e81a00a44284ebe8ef82dc98b,classified,Fumana ericoides,Plant heigh,56,1,11,5,9,0,,domain_outlier;taxon_outlier,0,0,0,,,approve_none_grouped
266b5047bbb7832d8c2d46a7604b24019c8cb78ec33aaf2f475cafc712f585bb,classified,Fumana laevipes,Plant heigh,23,1,5,0,2,0,,taxon_outlier,0,0,0,,,approve_none_grouped
1bbc3c20938b57486bb8c0a0764d32cbce2adadb1db9d711278012d5ed42bee8,classified,Fumaria officinalis,Plant heigh,268,1,2,253,7,0,,domain_outlier;taxon_outlier,0,0,0,,,approve_none_grouped
361c43dcf12551648c88b49b9ba4d9578d2ab2d710ac9a0ebceef9bf736a403c,classified,Gagea serotina,Plant heigh,44,1,4,0,2,0,,taxon_outlier,1,0,1,,dafcf1b2331a12f892bcef0815ee62674a8b070e5f93b4e845cdbcd3620f3be3,approve_none_after_source_rule
fd24ab3af12f9b799095fe77f885ffb87f6493994290d892009d35ceb18788f1,classified,Gaillardia pinnatifida,Plant heigh,10,1,1,0,1,0,,taxon_outlier,0,0,0,,,approve_none_grouped
3a2c1895cbd9292b83753ebe0af5e365f23e2184d39f621716bc53175530b3e7,classified,Galium,Plant heigh,15,1,12,0,1,0,,taxon_outlier,0,0,0,,,approve_none_grouped
d2d97e5b1005e7ef285d3ac1bdf32791e567ea1a31d2a63c1c819a26a727083a,classified,Galium aparine,Plant heigh,118,2,14,80,2,0,,domain_outlier;taxon_outlier,1,0,1,,9ae5771978e17974f01af767bdbf52d3d2735f35c7c43938ecf74f416311ee23,approve_none_after_source_rule
fd09e06f04e67ea1e76cf6f815c356ba0526c4af46f2428e65734d4b641caf88,classified,Galium boreale,Plant heigh,45,1,11,1,1,0,,domain_outlier;taxon_outlier,0,0,0,,,approve_none_grouped
19c29e993bfb9b029bdcb50839b8510f43823f585f272472c4f7724cc443fe6b,classified,Galium intermedium,Plant heigh,26,1,1,0,3,0,,taxon_outlier,0,0,0,,,approve_none_grouped
7104ab6ae9b1280fadf194da2b60aecfa316dd204fcd13fcde424c3d813e410d,classified,Galium lucidum,Plant heigh,38,1,4,0,8,0,,taxon_outlier,0,0,0,,,approve_none_grouped
357b0843d59eae1f7efbbc84762072624759c9ee2b98d0356aabb339d7c6cfb9,classified,Galium mollugo,Plant heigh,296,1,66,89,18,0,,domain_outlier;taxon_outlier,0,0,0,,,approve_none_grouped
7f24ceb250d8850d779d271457393d6536cb6cdad5322a9ce1ecb9384b229f61,classified,Galium obtusum,Plant heigh,46,1,2,10,1,0,,domain_outlier;taxon_outlier,0,0,0,,,approve_none_grouped
7efa607f364d2210cefdda44e4a64a7912797ee724c3aeb6bdfb0e91e3abbb37,classified,Galium odoratum,Plant heigh,104,1,12,0,4,0,,taxon_outlier,0,0,0,,,approve_none_grouped
6366cdbe5c1d134e1b542c3f8f86427b537012d2bedd6dff93028ca1f8e60deb,classified,Galium verum,Plant heigh,120,1,64,41,5,0,,domain_outlier;taxon_outlier,1,0,1,,9ae5771978e17974f01af767bdbf52d3d2735f35c7c43938ecf74f416311ee23,approve_none_after_source_rule
4f592ba9d13f80b345327f79dd54775abcf43d4a4ead7bd18c35bc0876ac7d25,classified,Genista,Plant heigh,10,1,1,1,2,0,,domain_outlier;taxon_outlier,0,0,0,,,approve_none_grouped
504af4fc340a37aef52ea7b840c390581ed4c4a02f5780e5f729558fd35b082f,classified,Genista balansae,Plant heigh,20,1,1,20,1,0,,domain_outlier;taxon_outlier,1,0,1,,dafcf1b2331a12f892bcef0815ee62674a8b070e5f93b4e845cdbcd3620f3be3,approve_none_after_source_rule
44619baebb0a84e0e47adb1d6dc1c7da655f50b2f74c7622b8d9eb94bd9798e5,classified,Genista cinerea,Plant heigh,56,1,3,26,4,0,,domain_outlier;taxon_outlier,0,0,0,,,approve_none_grouped
f20b117bb88d8b01c9d03341b7f2ec943f41a95430895d0c42f6907645399c2d,classified,Genista scorpius,Plant heigh,32,1,5,24,1,0,,domain_outlier;taxon_outlier,0,0,0,,,approve_none_grouped
f58eacd707cdc0fb4370b869c00f1f51c3494f4fe1e6a2ebe6681013b43814c5,classified,Gentiana algida,Plant heigh,12,1,2,0,1,0,,taxon_outlier,1,0,1,,dafcf1b2331a12f892bcef0815ee62674a8b070e5f93b4e845cdbcd3620f3be3,approve_none_after_source_rule
d8561aa79c569ef61884aca758ea5cb0e331245a55889a27ca6ca83e709ff344,classified,Gentiana angustifolia,Plant heigh,25,1,1,0,2,0,,taxon_outlier,0,0,0,,,approve_none_grouped
7a37cfc6bc68d28333a04b22ced22d713bf7239db6935bde88e316a8894b294b,classified,Gentiana nivalis,Plant heigh,15,1,3,0,2,0,,taxon_outlier,1,0,1,,dafcf1b2331a12f892bcef0815ee62674a8b070e5f93b4e845cdbcd3620f3be3,approve_none_after_source_rule
bec7c1181a08409309144beed1a1e19fdb4a649102e8622c7957eb4ecb8b6bae,classified,Gentiana verna,Plant heigh,25,1,3,0,3,0,,taxon_outlier,0,0,0,,,approve_none_grouped
5a0b8938c946343b96d2f267b9b51de235039c1f80ae844838908e3edd87c64b,classified,Gentianella amarella,Plant heigh,10,1,2,0,2,0,,taxon_outlier,1,0,1,,dafcf1b2331a12f892bcef0815ee62674a8b070e5f93b4e845cdbcd3620f3be3,approve_none_after_source_rule
048883379f88455a2b1a87fdda64ce310170b93e262145735fd6fb3d71ed9a07,classified,Gentianella quinquefolia,Plant heigh,16,1,1,2,4,0,,domain_outlier;taxon_outlier,0,0,0,,,approve_none_grouped
e6a8c4101e1adc8561ea9f748ef9d44895e766a6187baa237438c4b6bbccbce0,classified,Geranium caespitosum,Plant heigh,11,1,3,0,2,0,,taxon_outlier,0,0,0,,,approve_none_grouped
760e9c0c2fd2411bbb2846598e92a32a9ee1099114323f384ad9f793c45a3fc1,classified,Geranium nodosum,Plant heigh,21,1,3,0,3,0,,taxon_outlier,0,0,0,,,approve_none_grouped
e3a949fdd4bcffc7bcf7329f506644444edf4dcef057129eb4600e1a7d2e778e,classified,Geranium pratense,Plant heigh,153,1,5,38,14,0,,domain_outlier;taxon_outlier,0,0,0,,,approve_none_grouped
60f82dbf8e635257ac347e97899d1e88b521e026f2e132cdf2ceea57c18f8241,classified,Geranium richardsonii,Plant heigh,11,1,2,0,1,0,,taxon_outlier,0,0,0,,,approve_none_grouped
3bcd151357ba6e90ce61646a64d761b7c7de0043de41d4c9325f635696ebb95b,classified,Geranium rotundifolium,Plant heigh,19,1,4,0,1,0,,taxon_outlier,0,0,0,,,approve_none_grouped
040d7fdaf526e443ca2c581af8eec02284a224168391fb6a3347c38d2a6bf95e,classified,Geranium sylvaticum,Plant heigh,19,1,4,5,1,0,,domain_outlier;taxon_outlier,2,0,2,,30800ec14d04f64be96885655d4d09b23c3c8b236a95849d5a3f2b9a88ab170c;dafcf1b2331a12f892bcef0815ee62674a8b070e5f93b4e845cdbcd3620f3be3,approve_none_after_source_rule
330f15bc89871fad0b33407f748a2c3b858939876be1382dbf4a9bd8ca6dfffe,classified,Geum canadense,Plant heigh,12,1,3,8,3,0,,domain_outlier;taxon_outlier,1,0,1,,9ae5771978e17974f01af767bdbf52d3d2735f35c7c43938ecf74f416311ee23,approve_none_after_source_rule
edf3abd47ad1d66999ddd8ff23983fed468cf63a981d4507fed222e3d9fadb55,classified,Geum urbanum,Plant heigh,27,1,6,5,8,0,,domain_outlier;taxon_outlier,0,0,0,,,approve_none_grouped
0520d619ebe96ee91bcd095d93bda30687ca1c8e9e9b8be5013106d87694d972,classified,Ginkgo biloba,Plant heigh,16,2,5,0,3,0,,taxon_outlier,0,0,0,,,approve_none_grouped
2bb84b3298a8148e098bb6fda9da02c9f2de6955a925f40cde7e8f3c4222e454,classified,Glechoma hederacea,Plant heigh,102,1,8,0,16,0,,taxon_outlier,0,0,0,,,approve_none_grouped
074b191ddd5f390c5d695c87c52ccc52cac0793660918e801306389de5bc7d84,classified,Gleditsia aquatica,Plant heigh,502,1,147,0,53,0,,taxon_outlier,0,0,0,,,approve_none_grouped
c4b0d1f362f7aa241a288e7d2dbba62d4c2ef39d6d51a4ff2beb4365e3429e1b,classified,Gleditsia triacanthos,Plant heigh,7449,2,2008,1,441,0,,domain_outlier;taxon_outlier,0,0,0,,,approve_none_grouped
3540fc6a28234125d62da20fbff3571c6b629656f959d810b6b7d4f0ea6c148e,classified,Glycine max,Plant heigh,21,1,4,0,1,0,,taxon_outlier,0,0,0,,,approve_none_grouped
6b05e1225b2e7030a9e7d0790f280bfbde1ffd492279ba59a6db7e04cbfb3d5c,classified,Gordonia lasianthus,Plant heigh,12727,1,1129,0,134,0,,taxon_outlier,0,0,0,,,approve_none_grouped
fa40adcf2f4badd6f81f58822604d79a0686e18ef8089a3a809e27399b0d82da,classified,Gutierrezia sarothrae,Plant heigh,21,1,3,0,4,0,,taxon_outlier,0,0,0,,,approve_none_grouped
091e11f93837b961f9ab5b3caec3ff0531d71ba6425ef8b94601f02614636096,classified,Gymnadenia corneliana,Plant heigh,25,1,1,0,2,0,,taxon_outlier,0,0,0,,,approve_none_grouped
cc0800c56e8a0946318a140352082fe0cac38d188b9e5a58e157df3d5f23ec68,classified,Gymnocarpium dryopteris,Plant heigh,16,1,3,0,5,0,,taxon_outlier,1,0,1,,30800ec14d04f64be96885655d4d09b23c3c8b236a95849d5a3f2b9a88ab170c,approve_none_after_source_rule
9c969a4055e2b332b197fa6427b286bf8b66eeb48943cb7bbd9ea065e6ad2fa1,classified,Gymnocladus dioicus,Plant heigh,236,1,92,0,4,0,,taxon_outlier,0,0,0,,,approve_none_grouped
75c2147ae2232cd4f18234bb0ababd51c95a08cc49999300452ffc72fe8c2406,classified,Halesia carolina,Plant heigh,474,1,180,0,5,0,,taxon_outlier,0,0,0,,,approve_none_grouped
29ad8971a7f4a73494d9be2ad06bcc31214f6fbb3eb1553194540cfb917f6797,classified,Halesia diptera,Plant heigh,35,1,17,0,3,0,,taxon_outlier,0,0,0,,,approve_none_grouped
3028d8e48c4e9c590540d7e3c8b707bf230a3fe5fd94aa372e9e65a0dde6df05,classified,Harrimanella hypnoides,Plant heigh,66,1,7,0,6,0,,taxon_outlier,1,0,1,,dafcf1b2331a12f892bcef0815ee62674a8b070e5f93b4e845cdbcd3620f3be3,approve_none_after_source_rule
e25249f802eae95ec109ee009cd9a41bc8ee4e6b80556f73ad92d6e71c50dcb3,classified,Hedypnois cretica,Plant heigh,10,1,1,0,1,0,,taxon_outlier,1,0,1,,de1fd16911999d42ae36d9dbf3523f3f8df9363da29b300bd0c9b52fb4673246,approve_none_after_source_rule
215539a845b1048be46e3b19e0497f33745ff81b47a757d00057dd44f4c8f7ba,classified,Hedysarum hedysaroides,Plant heigh,28,1,4,6,4,0,,domain_outlier;taxon_outlier,0,0,0,,,approve_none_grouped
f99678d24939d5eec27b2d92cf1a01ae7dbe238cd6f1744590021006807c57e4,classified,Helianthella quinquenervis,Plant heigh,32,2,5,13,3,0,,domain_outlier;taxon_outlier,0,0,0,,,approve_none_grouped
499b3ef36940eae3e9430a8bf3da2c09ce6db239c3c2f7f85dab9a54e761af2f,classified,Helianthemum cinereum,Plant heigh,53,1,8,0,7,0,,taxon_outlier,0,0,0,,,approve_none_grouped
6401b493ac283dd760f8a0c51e69f5ea60dff6a5abbf070808fe4248c96a2a14,classified,Helianthemum marifolium,Plant heigh,22,1,4,3,4,0,,domain_outlier;taxon_outlier,0,0,0,,,approve_none_grouped
195345ca1419c3e73f4cad2519d665f326a53c2294254fc645eab197b143073c,classified,Helianthemum nummularium,Plant heigh,322,1,18,0,17,0,,taxon_outlier,1,0,1,,9ae5771978e17974f01af767bdbf52d3d2735f35c7c43938ecf74f416311ee23,approve_none_after_source_rule
3021defdc186dcae2cbd3fb70ea582b41ddd4a9c209d0ff88e29e669c9e26a6c,classified,Helianthemum oelandicum,Plant heigh,11,1,4,0,2,0,,taxon_outlier,0,0,0,,,approve_none_grouped
db10660ce1bf8a2659160f9f1c9465d9aba249798e7dc18e3c8bbd2a1f3bc43b,classified,Helichrysum italicum,Plant heigh,32,1,5,5,2,0,,domain_outlier;taxon_outlier,0,0,0,,,approve_none_grouped
76a4eda33afc81490b2ef4fde235a7499cc8e8180cc8ffdc03d4c724f1d83354,classified,Helichrysum stoechas,Plant heigh,13,1,8,1,2,0,,domain_outlier;taxon_outlier,0,0,0,,,approve_none_grouped
33246691abad73cd776d81228a17699e4efaf27d71c5f3443d3652c34461ba04,classified,Helictochloa pratensis,Plant heigh,14,1,14,1,1,0,,domain_outlier;taxon_outlier,0,0,0,,,approve_none_grouped
17f6d84f27feb3d1e0c2f760b3bfbeb7b3fa2317cd775aa9c66a75317940c2b1,classified,Heliomeris multiflora,Plant heigh,21,2,3,7,1,0,,domain_outlier;taxon_outlier,0,0,0,,,approve_none_grouped
09031bb991f531c0ce455c8d63398bb03ea04436d94e629242a13415d0f00302,classified,Heliopsis helianthoides,Plant heigh,78,1,55,58,4,0,,domain_outlier;taxon_outlier,1,0,1,,9ae5771978e17974f01af767bdbf52d3d2735f35c7c43938ecf74f416311ee23,approve_none_after_source_rule
9528c1df47da12b69a58e621402702210eb5acbb1ccf51bdd40c7fe7610172d5,classified,Hepatica nobilis,Plant heigh,201,1,20,0,23,0,,taxon_outlier,0,0,0,,,approve_none_grouped
0550ac67288152d2634cfb5269ca6ccfdd95446a89c3ec45858420b1e6f77430,classified,Heracleum sphondylium,Plant heigh,167,1,9,20,16,0,,domain_outlier;taxon_outlier,1,0,1,,9ae5771978e17974f01af767bdbf52d3d2735f35c7c43938ecf74f416311ee23,approve_none_after_source_rule
9cad2072ca9e1f3551ea6c65e2990ce5c26834e5ad9c5f70507a309a9f8cad76,classified,Herniaria alpina,Plant heigh,20,1,2,0,2,0,,taxon_outlier,0,0,0,,,approve_none_grouped
aed115fe636701d30ce62180047f15c65c0f12934480d757eb41976bf52e742f,classified,Hesperostipa comata,Plant heigh,10,1,1,0,3,0,,taxon_outlier,0,0,0,,,approve_none_grouped
dc33029c9dee9fb15425a3e146f1c9b76978dc95260f037bd0a64e670d4e899d,classified,Heterotheca villosa,Plant heigh,34,1,2,0,6,0,,taxon_outlier,0,0,0,,,approve_none_grouped
5c0389692c32902fed65db83e987f6ff92172ad8005c78c98fa9382d8c3ae630,classified,Hieracium,Plant heigh,165,1,6,0,31,0,,taxon_outlier,1,0,1,,dafcf1b2331a12f892bcef0815ee62674a8b070e5f93b4e845cdbcd3620f3be3,approve_none_after_source_rule
6455733c8bdf2fb30f8ee7183195f7606ecdcbc79df2843ebdf9eed6480e8fc2,classified,Hieracium alpinum,Plant heigh,10,1,3,0,2,0,,taxon_outlier,1,0,1,,dafcf1b2331a12f892bcef0815ee62674a8b070e5f93b4e845cdbcd3620f3be3,approve_none_after_source_rule
d7b6fcbb3a2c154e265a40152d8524c9c41c98b80628aaa9b08134df67ff51cc,classified,Hieracium murorum,Plant heigh,22,1,4,0,4,0,,taxon_outlier,0,0,0,,,approve_none_grouped
a3876cb50ca86cae92e4919d150d75cb7fa1248b583d511c47dd5e01a04db6d8,classified,Hieracium sabaudum,Plant heigh,42,1,4,0,4,0,,taxon_outlier,0,0,0,,,approve_none_grouped
a2995a40900de575e4ce2d03c2930186e22edcacb7430bc3ca740135360712e2,classified,Hippocrepis comosa,Plant heigh,12,1,4,0,3,0,,taxon_outlier,0,0,0,,,approve_none_grouped
4b4ea5046b187c53a195d8b4c449d2950c4564a5d04e09a80b11cca0c8163e9a,classified,Hippophae rhamnoides,Plant heigh,18,1,17,9,1,0,,domain_outlier;taxon_outlier,0,0,0,,,approve_none_grouped
086c8f9c320c67111367faa5c65c124f29218ed6ed2f0effbb7a329db70cbca3,classified,Holcus lanatus,Plant heigh,182,1,33,70,7,0,,domain_outlier;taxon_outlier,1,0,1,,9ae5771978e17974f01af767bdbf52d3d2735f35c7c43938ecf74f416311ee23,approve_none_after_source_rule
693812d58861bfc5066aa42e292ff20b3555d72959b349d45c2c7df81fb59d18,classified,Homogyne alpina,Plant heigh,21,1,7,0,1,0,,taxon_outlier,0,0,0,,,approve_none_grouped
c5c1ad02634bc871dfc305438948605e8eb1e1e58fbd2807ad8811436a125335,classified,Hordeum murinum,Plant heigh,92,2,3,0,6,0,,taxon_outlier,1,0,1,,de1fd16911999d42ae36d9dbf3523f3f8df9363da29b300bd0c9b52fb4673246,approve_none_after_source_rule
62013cf34d74e46881fb74bb50d1d7cc71d60c9069c7a578c0422abbe1f55203,classified,Hornungia alpina,Plant heigh,27,1,3,0,1,0,,taxon_outlier,0,0,0,,,approve_none_grouped
f1a354a6885150778bf84da8178bcb1c8de7357e86a3a78fe921d628f708c30f,classified,Hylodesmum glutinosum,Plant heigh,18,1,3,0,2,0,,taxon_outlier,0,0,0,,,approve_none_grouped
2cd9f541f5327f99b08879318a4d211bdbcfb91faefb86878c4dd8371638a1fa,classified,Hylotelephium telephium,Plant heigh,43,1,4,0,3,0,,taxon_outlier,0,0,0,,,approve_none_grouped
7f086aae922c3e46d19c778cfcfcd3b46f1effc9a35aea910e368bd86c2e0c48,classified,Hymenachne amplexicaulis,Plant heigh,73,1,55,5,10,0,,domain_outlier;taxon_outlier,1,0,1,,9ae5771978e17974f01af767bdbf52d3d2735f35c7c43938ecf74f416311ee23,approve_none_after_source_rule
2c7b448b8113776d6e1e16d2e65e8b3c8208c2be0cffdd91bb361d6d50c00e37,classified,Hymenopappus mexicanus,Plant heigh,20,1,3,1,2,0,,domain_outlier;taxon_outlier,0,0,0,,,approve_none_grouped
3ca9a36d0236715e4f6feca08f7b49e7a9f67b16dc80d39413782968b0b2528e,classified,Hymenothrix dissecta,Plant heigh,21,1,4,19,2,0,,domain_outlier;taxon_outlier,0,0,0,,,approve_none_grouped
cfb5f7fef5c4583f342cc299085e22e25520a4a9be1ca2071a92cc9ea5af2d0c,classified,Hymenoxys grandiflora,Plant heigh,12,1,3,0,1,0,,taxon_outlier,1,0,1,,dafcf1b2331a12f892bcef0815ee62674a8b070e5f93b4e845cdbcd3620f3be3,approve_none_after_source_rule
806115a8109e96d64b34bdb449c95e5b43530779f33e15e3d78d8e475268716c,classified,Hypericum perforatum,Plant heigh,80,1,19,5,19,0,,domain_outlier;taxon_outlier,1,0,1,,9ae5771978e17974f01af767bdbf52d3d2735f35c7c43938ecf74f416311ee23,approve_none_after_source_rule
55517c87571b0865519a17164d2736b682423dcb3f7143009f95cec663bb4a2f,classified,Hypericum richeri,Plant heigh,32,1,4,0,5,0,,taxon_outlier,0,0,0,,,approve_none_grouped
a228f3f489e74fdb90cdb2a46bd6bb1f36b179c90d687261597d0d5930f44022,classified,Ilex opaca,Plant heigh,37309,2,7007,1,2280,0,,domain_outlier;taxon_outlier,1,0,1,,9ae5771978e17974f01af767bdbf52d3d2735f35c7c43938ecf74f416311ee23,approve_none_after_source_rule
a18c3db335a48418ebcd742a3f57a85110143a5ecec2326d5c6caabc09e11a53,classified,Impatiens capensis,Plant heigh,29,1,8,1,2,0,,domain_outlier;taxon_outlier,0,0,0,,,approve_none_grouped
a5aebf447aa8a7672b2f5e370da733080a278ebec5d8887004b2fb81df29b72f,classified,Impatiens glandulifera,Plant heigh,239,1,42,124,46,0,,domain_outlier;taxon_outlier,0,0,0,,,approve_none_grouped
8d6e86e9e39126bbabde6ac0e5fa27e9ad9c29c96b110a05fdfe33e5a341e720,classified,Ipomopsis multiflora,Plant heigh,10,1,1,0,1,0,,taxon_outlier,0,0,0,,,approve_none_grouped
a637933e50982ec8e91ed011702f5a08a85886886344883c9fb76e9b6205a6dd,classified,Jacobaea vulgaris,Plant heigh,47,1,47,23,1,0,,domain_outlier;taxon_outlier,0,0,0,,,approve_none_grouped
603edfc9ca8561e4c369519b08e0daa3cf5e9463ca4275bfccbf767fe8475b8a,classified,Juglans cinerea,Plant heigh,957,2,433,1,30,0,,domain_outlier;taxon_outlier,1,0,1,,9ae5771978e17974f01af767bdbf52d3d2735f35c7c43938ecf74f416311ee23,approve_none_after_source_rule
a32a007afe75d24da8dd72d5885310ba9d2a39e47864f208bf4d2e5a3b6d1e12,classified,Juglans major,Plant heigh,74,1,15,0,7,0,,taxon_outlier,0,0,0,,,approve_none_grouped
ade3f978db0c52d9429196d7cbb4529a1511ad7fe9ba2ea8a89a26c335385dab,classified,Juglans microcarpa,Plant heigh,31,1,9,0,3,0,,taxon_outlier,0,0,0,,,approve_none_grouped
6243d50545b06b2c9e5091f97b83d78d0175b89637726f1ce78bc5d7ce510bc8,classified,Juglans nigra,Plant heigh,19955,2,5331,1,749,0,,domain_outlier;taxon_outlier,1,0,1,,9ae5771978e17974f01af767bdbf52d3d2735f35c7c43938ecf74f416311ee23,approve_none_after_source_rule
c70a4ee28c77477ef0dc21d7e6f429608957a7ac05927598419d079a17149130,classified,Juncus drummondii,Plant heigh,46,1,3,0,3,0,,taxon_outlier,1,0,1,,dafcf1b2331a12f892bcef0815ee62674a8b070e5f93b4e845cdbcd3620f3be3,approve_none_after_source_rule
c99a5b6565c7c28a4217532eeceb33ed9e570e60fd4b26bf5e2cfbd8678b7a8c,classified,Juncus gerardi,Plant heigh,26,1,1,0,5,0,,taxon_outlier,0,0,0,,,approve_none_grouped
38b763e468ce37c5cfb1a748d4a170e8599cc3b1be72673a5123e69e4fad30ce,classified,Juncus jacquinii,Plant heigh,25,1,1,0,3,0,,taxon_outlier,0,0,0,,,approve_none_grouped
3b5443a1f71876a263af4ba24b78a7a6431a0c83ea4510eec55c4b24239a64b9,classified,Juncus tenuis,Plant heigh,31,1,3,1,1,0,,domain_outlier;taxon_outlier,1,0,1,,9ae5771978e17974f01af767bdbf52d3d2735f35c7c43938ecf74f416311ee23,approve_none_after_source_rule
de8ea5a24200b0ab66fc55622dadf7550fa6f72ad0629ff1b77385b64655cd46,classified,Juniperus ashei,Plant heigh,10887,2,852,0,713,0,,taxon_outlier,0,0,0,,,approve_none_grouped
466ba2048c42132260bac56243d0966d27d2cf672bdff8a0175a16d4ddb7d89a,classified,Juniperus californica,Plant heigh,785,2,126,0,93,0,,taxon_outlier,0,0,0,,,approve_none_grouped
071acff58e9ad74943633fea4878d7235772dbe2cdfbcd4b7a6968c43d0562b9,classified,Juniperus coahuilensis,Plant heigh,2741,1,410,0,220,0,,taxon_outlier,0,0,0,,,approve_none_grouped
1d6dd9462722d9a2fe1d9376cb3c3bf4ee0a2de051b5ddd8e6c751dac3e19027,classified,Juniperus communis,Plant heigh,305,1,81,91,35,0,,domain_outlier;taxon_outlier,2,0,2,,30800ec14d04f64be96885655d4d09b23c3c8b236a95849d5a3f2b9a88ab170c;dafcf1b2331a12f892bcef0815ee62674a8b070e5f93b4e845cdbcd3620f3be3,approve_none_after_source_rule
8b67a4d7243ad3d2bb0469f0f7c04ffe31eefa6ef5be27defc251462770d4d24,classified,Juniperus deppeana,Plant heigh,15593,2,2015,1,1281,0,,domain_outlier;taxon_outlier,0,0,0,,,approve_none_grouped
ab7ceb8d564fee40cb11b87224b856bd4d8b7ab9a02b6af846163eb468ef40b3,classified,Juniperus monosperma,Plant heigh,28020,2,2684,1,1828,0,,domain_outlier;taxon_outlier,0,0,0,,,approve_none_grouped
d694c4f5d9c7d08f28ffc2e363a0b28589d2a864af9ea0a9eeadb569e8ab5d35,classified,Juniperus occidentalis,Plant heigh,8316,2,1201,1,617,0,,domain_outlier;taxon_outlier,0,0,0,,,approve_none_grouped
b74e68d4da5cb27f9320048e4ca6cad5786774bac8d1ec9114840c86c51f82e1,classified,Juniperus osteosperma,Plant heigh,91423,2,8963,1,4923,0,,domain_outlier;taxon_outlier,0,0,0,,,approve_none_grouped
fce8d5ebf472789f2bd5ffec44dc1cd7091534b77b6b69d3eae523788a43e5c9,classified,Juniperus oxycedrus,Plant heigh,55,1,7,11,13,0,,domain_outlier;taxon_outlier,0,0,0,,,approve_none_grouped
7c852c619f45f9bfdcf586b446239ab843da8adc8e76fb33f4134bde5b98bccb,classified,Juniperus phoenicea,Plant heigh,47,1,4,0,7,0,,taxon_outlier,0,0,0,,,approve_none_grouped
828801f8df0495849b9236b9d8865d9d864a31fe6d9f94fc8167ad60aeb78b01,classified,Juniperus pinchotii,Plant heigh,3316,2,469,0,119,0,,taxon_outlier,0,0,0,,,approve_none_grouped
0b3c07f968779892e2bc0b7e06137309f1f041b18f9cdaffaef4059ba7ce3643,classified,Juniperus sabina,Plant heigh,26,1,2,12,3,0,,domain_outlier;taxon_outlier,1,0,1,,dafcf1b2331a12f892bcef0815ee62674a8b070e5f93b4e845cdbcd3620f3be3,approve_none_after_source_rule
d95a506b24136252832de8189b908c6eaf17fc09f9022622be0927965131c426,classified,Juniperus scopulorum,Plant heigh,18649,2,3145,1,1271,0,,domain_outlier;taxon_outlier,0,0,0,,,approve_none_grouped
45ac28e35f5d23165aea7a9893bac5ad9e998b1a1d428a8c1334e64baf65c91f,classified,Juniperus virginiana,Plant heigh,79896,2,11479,0,2087,0,,taxon_outlier,0,0,0,,,approve_none_grouped
ee778aa2f819d07cdeffd036bd0b3197c9562188c5bd27dbf9aefbd5144f3b69,classified,Kalmia procumbens,Plant heigh,43,1,10,0,3,0,,taxon_outlier,1,0,1,,dafcf1b2331a12f892bcef0815ee62674a8b070e5f93b4e845cdbcd3620f3be3,approve_none_after_source_rule
e210d99bbe4c6939f29120a245bd60feedbcea757a7796af0c48e0a99980aeb3,classified,Knautia arvensis,Plant heigh,129,1,3,46,2,0,,domain_outlier;taxon_outlier,0,0,0,,,approve_none_grouped
ae3b294d84370642dab1ffbcc1d9d1d1b9ab6fbcecee420adff387c83b8097af,classified,Koeleria macrantha,Plant heigh,87,1,10,1,13,0,,domain_outlier;taxon_outlier,0,0,0,,,approve_none_grouped
ce539aa783f0b8d0938bbfc07ee899b8dfa00c2165ae6f6e1c4e254e928ea130,classified,Koeleria spicata,Plant heigh,23,1,3,0,2,0,,taxon_outlier,1,0,1,,dafcf1b2331a12f892bcef0815ee62674a8b070e5f93b4e845cdbcd3620f3be3,approve_none_after_source_rule
3ae145fbb20ab4fa06a588bc0d02d0c3aa7b6f60d6a19370ecf5ab52187ef0a0,classified,Laennecia schiedeana,Plant heigh,14,1,2,2,3,0,,domain_outlier;taxon_outlier,0,0,0,,,approve_none_grouped
c24f48f0e6182b90d6c6e991a6d6d2ce7cfaee35b8b6a62e60564fd78d5457eb,classified,Lamarckia aurea,Plant heigh,22,2,3,0,2,0,,taxon_outlier,1,0,1,,de1fd16911999d42ae36d9dbf3523f3f8df9363da29b300bd0c9b52fb4673246,approve_none_after_source_rule
bea2fe6bf82dcd566997bfbd64f99b1ccf9a72daa52382fec18f500e86f5a36e,classified,Lamium purpureum,Plant heigh,16,1,3,0,4,0,,taxon_outlier,0,0,0,,,approve_none_grouped
e27bd3ffd7a4e0d85e1d2fd4411f3a7ca8032663755a02e14c4889fdde646671,classified,Lapsana communis,Plant heigh,10,1,3,9,1,0,,domain_outlier;taxon_outlier,0,0,0,,,approve_none_grouped
d74bd5eec042fa8f4dc09beada15182bb4a1e0049ed150b3216c14df348638c5,classified,Larix laricina,Plant heigh,14741,2,1447,40,771,0,,domain_outlier;taxon_outlier,0,0,0,,,approve_none_grouped
88b6fa26515538404ed5d2fea721fb9b9390ece7a06059b39aef14192849839d,classified,Larix lyallii,Plant heigh,456,1,67,0,20,0,,taxon_outlier,0,0,0,,,approve_none_grouped
b619842922e4824d8d8c57918a1e8e2cc29e1ab0227917f773b39954f74af2cd,classified,Larix occidentalis,Plant heigh,17006,2,3040,190,510,0,,domain_outlier;taxon_outlier,0,0,0,,,approve_none_grouped
67683d2ea515d85df39b3782b482e375cbdaf6d6942e33fb587a8640bc05840e,classified,Laserpitium gallicum,Plant heigh,26,1,2,17,2,0,,domain_outlier;taxon_outlier,0,0,0,,,approve_none_grouped
14a619f5ac436fbc557d84bc497b51516f3133a4df89ddf6eef62478a2c88cef,classified,Laserpitium latifolium,Plant heigh,21,1,3,0,3,0,,taxon_outlier,0,0,0,,,approve_none_grouped
f3e09f270d3f923c3c7e143671eab198a8e3f1d601c846b0e346ff3191a62010,classified,Lathyrus lanszwertii,Plant heigh,11,2,2,0,1,0,,taxon_outlier,0,0,0,,,approve_none_grouped
57beab0e1de67ab678481bbe14a7bf8ad218286496b1d9b2b509fecbd1da1173,classified,Lathyrus palustris,Plant heigh,27,1,3,16,1,0,,domain_outlier;taxon_outlier,1,0,1,,9ae5771978e17974f01af767bdbf52d3d2735f35c7c43938ecf74f416311ee23,approve_none_after_source_rule
e0d61869a55ebe9ceb62dc4e24a5ebdae5ef81c5b6ccc286937ee8c84a6aaa86,classified,Lathyrus pratensis,Plant heigh,150,1,5,28,8,0,,domain_outlier;taxon_outlier,2,0,2,,30800ec14d04f64be96885655d4d09b23c3c8b236a95849d5a3f2b9a88ab170c;9ae5771978e17974f01af767bdbf52d3d2735f35c7c43938ecf74f416311ee23,approve_none_after_source_rule
c97b59c39a0c5744700bb30346c863d34250b0d6519bcb8f28fbf00b3735d2a5,classified,Lathyrus vernus,Plant heigh,85,1,12,0,9,0,,taxon_outlier,1,0,1,,9ae5771978e17974f01af767bdbf52d3d2735f35c7c43938ecf74f416311ee23,approve_none_after_source_rule
ea7690a9593929c4dc3124618ea1e9ee92232f9cf7d10b62abef4c00b4b7d7e3,classified,Lavandula angustifolia,Plant heigh,26,1,2,4,1,0,,domain_outlier;taxon_outlier,0,0,0,,,approve_none_grouped
85bba3ee72a8416b99d4d219ff8a8516b8234c6366489a8c73a0eb629d1885a7,classified,Lavandula latifolia,Plant heigh,34,1,3,1,5,0,,domain_outlier;taxon_outlier,1,0,1,,9ae5771978e17974f01af767bdbf52d3d2735f35c7c43938ecf74f416311ee23,approve_none_after_source_rule
0c581940346fedc04ea4a28ce3037ff9ac978cc847714da3169460cc8f82a541,classified,Lavandula multifida,Plant heigh,13,1,4,2,1,0,,domain_outlier;taxon_outlier,0,0,0,,,approve_none_grouped
04b618c2c014fb25cfdee70c7dba292f9cbbc7921dd36ddf76e9348d04da1779,classified,Leontodon hispidus,Plant heigh,211,1,24,2,12,0,,domain_outlier;taxon_outlier,2,0,2,,9ae5771978e17974f01af767bdbf52d3d2735f35c7c43938ecf74f416311ee23;dafcf1b2331a12f892bcef0815ee62674a8b070e5f93b4e845cdbcd3620f3be3,approve_none_after_source_rule
2329c670b8158ebf1f216d3f3c8fb4784e142371c8d29b76b84388bcf5f95070,classified,Leontopodium nivale,Plant heigh,27,1,3,0,5,0,,taxon_outlier,0,0,0,,,approve_none_grouped
d6c2ed50b432e87b2c960149d0bec0091ca644693872ea7d7fe767da68d569b3,classified,Lespedeza cuneata,Plant heigh,38,1,10,32,9,0,,domain_outlier;taxon_outlier,0,0,0,,,approve_none_grouped
e839aa35eb0b01aceeb334c6534b27a12a21193c2d68e939faf04effcb580ab3,classified,Leucanthemopsis alpina,Plant heigh,11,1,2,0,1,0,,taxon_outlier,1,0,1,,dafcf1b2331a12f892bcef0815ee62674a8b070e5f93b4e845cdbcd3620f3be3,approve_none_after_source_rule
7cb3829799a9f2801d51d4659f31ecb44011f7903fcf3af6f18988f2a0b04e37,classified,Leucanthemum adustum,Plant heigh,25,1,1,6,2,0,,domain_outlier;taxon_outlier,0,0,0,,,approve_none_grouped
c24e9b55279907fda92d0611b60c5f425e3afab6ae08b6cf04f4f08dbc3c586f,classified,Leucanthemum vulgare,Plant heigh,145,1,23,9,28,0,,domain_outlier;taxon_outlier,1,0,1,,9ae5771978e17974f01af767bdbf52d3d2735f35c7c43938ecf74f416311ee23,approve_none_after_source_rule
1de4ed3f1feb45593c99d97d4e999c6d8e72165c5f01bd2fc681b43b1172f608,classified,Leuzea rhapontica,Plant heigh,25,1,1,24,2,0,,domain_outlier;taxon_outlier,0,0,0,,,approve_none_grouped
98d2e40a4806ea18acc07851c3af63f1d56efa6a5fb77fd4185fd38f5c42fcbd,classified,Lewisia pygmaea,Plant heigh,21,1,2,0,1,0,,taxon_outlier,1,0,1,,dafcf1b2331a12f892bcef0815ee62674a8b070e5f93b4e845cdbcd3620f3be3,approve_none_after_source_rule
5e55d2ad689eb7dbea75bd445a6e045dc18e4f41a28ca91b9abfc15f7bb33c41,classified,Liatris aspera,Plant heigh,236,2,53,50,57,0,,domain_outlier;taxon_outlier,0,0,0,,,approve_none_grouped
85279180ee2ec47ec0cf5c1bd23df05cf8d542881a0e3c1c53f45af06aa23b87,classified,Ligustrum vulgare,Plant heigh,14,1,7,3,3,0,,domain_outlier;taxon_outlier,0,0,0,,,approve_none_grouped
7961ec96050a65e6692de5ccb7e534d6c384383fb53b7b29a5c5e2caf5f2c254,classified,Limonium cossonianum,Plant heigh,26,1,2,0,5,0,,taxon_outlier,0,0,0,,,approve_none_grouped
27f10281cf6af6fddace3aae72e4b325065812620f02cc42946e7ae097ddc06d,classified,Limonium tabernense,Plant heigh,25,1,1,0,1,0,,taxon_outlier,0,0,0,,,approve_none_grouped
19f2958646c1912a806105db4d483fd6e0762af63284d803c68b00f0de5f296b,classified,Linaria alpina,Plant heigh,31,1,3,0,6,0,,taxon_outlier,0,0,0,,,approve_none_grouped
63f0d4ef74972f123b87eb0d2902f762479f2cb15323bfc7c78a49a663039454,classified,Linaria dalmatica,Plant heigh,20,1,2,18,1,0,,domain_outlier;taxon_outlier,0,0,0,,,approve_none_grouped
a16283e1b59f3ef843f7b2e01ddd84905d506b00de8324187b3ff3d61d277e55,classified,Linaria purpurea,Plant heigh,20,1,2,0,2,0,,taxon_outlier,0,0,0,,,approve_none_grouped
62e8067f1a809c0eb605e7437023e55293b3367cda13c7a6651a4e56b41ac002,classified,Linaria repens,Plant heigh,24,1,2,14,1,0,,domain_outlier;taxon_outlier,0,0,0,,,approve_none_grouped
53bcd754de27f6d1f1c1420bd6d83a81102217244a405e74f150d1781dacb2db,classified,Linaria vulgaris,Plant heigh,11,1,6,6,1,0,,domain_outlier;taxon_outlier,1,0,1,,9ae5771978e17974f01af767bdbf52d3d2735f35c7c43938ecf74f416311ee23,approve_none_after_source_rule
c38a10702d99517fc698a2dfaaf778f20ec4d51ddf3182b2fb54aa1e6dc8e08b,classified,Linnaea borealis,Plant heigh,81,1,23,0,8,0,,taxon_outlier,1,0,1,,dafcf1b2331a12f892bcef0815ee62674a8b070e5f93b4e845cdbcd3620f3be3,approve_none_after_source_rule
74d009466e6b77963638e79a4ac2769c480f3307e5bd7c8fe0e6f78a4e325c2a,classified,Linum alpinum,Plant heigh,26,1,2,20,1,0,,domain_outlier;taxon_outlier,0,0,0,,,approve_none_grouped
391304e7b248381f631bff8dcdcdf82d02b84fee810481f05dc1bab3947f363e,classified,Linum catharticum,Plant heigh,17,1,16,0,3,0,,taxon_outlier,1,0,1,,9ae5771978e17974f01af767bdbf52d3d2735f35c7c43938ecf74f416311ee23,approve_none_after_source_rule
e703564eb914fb48c3602109f4e94e9e902c050256af36782464246e2b677873,classified,Linum lewisii,Plant heigh,21,1,4,1,2,0,,domain_outlier;taxon_outlier,0,0,0,,,approve_none_grouped
1dcf7bd17e3d93f10354a2288f012b1dddcf4aa1c8428b89b88352fa7f0925e3,classified,Liquidambar styraciflua,Plant heigh,408976,2,37356,7,3832,0,,domain_outlier;taxon_outlier,1,0,1,,9ae5771978e17974f01af767bdbf52d3d2735f35c7c43938ecf74f416311ee23,approve_none_after_source_rule
7e4dac03c00eb694a374d69ac147fb2f8e90dafde3c201778f3a397e2a8bb958,classified,Liriodendron tulipifera,Plant heigh,192044,2,22930,60,1781,0,,domain_outlier;taxon_outlier,1,0,1,,9ae5771978e17974f01af767bdbf52d3d2735f35c7c43938ecf74f416311ee23,approve_none_after_source_rule
9567879c9fb050ddf0f0bda8ccbde1f462767cf369fb3bd3c5ab862ecd2c5c12,classified,Lithospermum multiflorum,Plant heigh,11,1,2,0,2,0,,taxon_outlier,0,0,0,,,approve_none_grouped
0a88e694206f950dbd0ec80f487a65e413cd490ea3860f062767b7b3d7953e69,classified,Lolium perenne,Plant heigh,96,1,53,87,15,0,,domain_outlier;taxon_outlier,0,0,0,,,approve_none_grouped
f5c003fff1857f1e82996c55d310c417252a64c2d6d30173eb0ea92f6bc96c17,classified,Lolium pratense,Plant heigh,211,1,72,113,42,0,,domain_outlier;taxon_outlier,0,0,0,,,approve_none_grouped
3c4f1783ce6377850f2e5e3b393daa9acfc09e49e6702976ac84268ea6c5a67c,classified,Lolium rigidum,Plant heigh,33,2,4,0,4,0,,taxon_outlier,1,0,1,,de1fd16911999d42ae36d9dbf3523f3f8df9363da29b300bd0c9b52fb4673246,approve_none_after_source_rule
44737cab2b3d8d37f448f0762b1ea63dea2453bfe0eb63a62b109722a34db203,classified,Lonicera canadensis,Plant heigh,22,1,10,10,1,0,,domain_outlier;taxon_outlier,0,0,0,,,approve_none_grouped
fde305a44b2383d3450e0ba606569fcbac7661301ebe5be24b664c86606ded2a,classified,Lophiolepis ferox,Plant heigh,16,1,2,14,2,0,,domain_outlier;taxon_outlier,0,0,0,,,approve_none_grouped
854bbdc934714a43cba9b03b3976ec4f11332b254ff545ad2c4691263fbfbffb,classified,Lotus corniculatus,Plant heigh,395,1,42,29,2,0,,domain_outlier;taxon_outlier,1,0,1,,9ae5771978e17974f01af767bdbf52d3d2735f35c7c43938ecf74f416311ee23,approve_none_after_source_rule
4b7d02be7de8334069ae46de3bbb504cca5810286440418077f6f918a749be72,classified,Lotus cytisoides,Plant heigh,23,1,2,0,2,0,,taxon_outlier,0,0,0,,,approve_none_grouped
5c9b5150ebc3d7615cffab1a7eebb40923fc64225b7da7e41f930747a86296d9,classified,Lupinus kingii,Plant heigh,20,1,3,0,1,0,,taxon_outlier,0,0,0,,,approve_none_grouped
444092999c2d1d2c21d2f7bad78209b35e085a66ae355791e30a4fb900f750e8,classified,Lupinus perennis,Plant heigh,36,1,4,2,5,0,,domain_outlier;taxon_outlier,1,0,1,,9ae5771978e17974f01af767bdbf52d3d2735f35c7c43938ecf74f416311ee23,approve_none_after_source_rule
4a44998a912805571dc78435647053ecdab407e53241d65e624166873f8fb755,classified,Luzula campestris,Plant heigh,114,1,4,0,2,0,,taxon_outlier,1,0,1,,9ae5771978e17974f01af767bdbf52d3d2735f35c7c43938ecf74f416311ee23,approve_none_after_source_rule
5cf387cb7fdcb46a2e45c3a1ea151ec1838b3fa9fcd961f6229980d5a81f1a23,classified,Luzula multiflora,Plant heigh,63,1,6,0,11,0,,taxon_outlier,2,0,2,,30800ec14d04f64be96885655d4d09b23c3c8b236a95849d5a3f2b9a88ab170c;dafcf1b2331a12f892bcef0815ee62674a8b070e5f93b4e845cdbcd3620f3be3,approve_none_after_source_rule
647373bee84d2460dbe9c9beac7db1dbed5b077647dd52efb1fbccecaa2daa1d,classified,Luzula pilosa,Plant heigh,27,1,2,0,5,0,,taxon_outlier,1,0,1,,dafcf1b2331a12f892bcef0815ee62674a8b070e5f93b4e845cdbcd3620f3be3,approve_none_after_source_rule
83ea2f3b68a9e273cc829c5ff93e451c0a322ea00b2a3184882e1ee7b82e6e02,classified,Luzula sylvatica,Plant heigh,83,1,9,0,9,0,,taxon_outlier,0,0,0,,,approve_none_grouped
e638b6a51ce6cc1c75380d5dc557b977fb3a9f9cd2ddb90aa9ea83a092001664,classified,Lysimachia borealis,Plant heigh,53,1,9,0,2,0,,taxon_outlier,1,0,1,,9ae5771978e17974f01af767bdbf52d3d2735f35c7c43938ecf74f416311ee23,approve_none_after_source_rule
3c2423189bb228bffd18c0ca85d7b11c482a54f46c4ff0d166b2f88d736aa4dd,classified,Lysimachia europaea,Plant heigh,217,1,16,0,14,0,,taxon_outlier,1,0,1,,dafcf1b2331a12f892bcef0815ee62674a8b070e5f93b4e845cdbcd3620f3be3,approve_none_after_source_rule
635972d10e5cb05ab6d2c752f7f50dc05cada62c5864b5cb4c5bb8ed3976526d,classified,Lysimachia hybrida,Plant heigh,32,1,2,0,2,0,,taxon_outlier,0,0,0,,,approve_none_grouped
a0589579d7c65f82863637593c7c460e120337b3315f73f574f8f7be61188b7f,classified,Maclura pomifera,Plant heigh,8476,2,1262,0,621,0,,taxon_outlier,0,0,0,,,approve_none_grouped
8806058f1cdc4d62d6e83ebe7d94114ef8ca6ff4722b1cb93e156cf04486b10a,classified,Macrochloa tenacissima,Plant heigh,94,1,13,89,4,0,,domain_outlier;taxon_outlier,1,0,1,,9ae5771978e17974f01af767bdbf52d3d2735f35c7c43938ecf74f416311ee23,approve_none_after_source_rule
4d59d6b5aad7af3b429488788bd8239a433bbc9d58f2089ccfa6da75222c840e,classified,Magnolia acuminata,Plant heigh,4383,2,1429,1,152,0,,domain_outlier;taxon_outlier,0,0,0,,,approve_none_grouped
754a85c01758ecac0cc0e225b3e4740841787373bcf720a78aa0764d8879dd5c,classified,Magnolia fraseri,Plant heigh,2474,1,429,0,100,0,,taxon_outlier,0,0,0,,,approve_none_grouped
d518babe5c6d85296ef8c8742c0eec8ac99d5c468752e3e98d340c410f3d7b62,classified,Magnolia grandiflora,Plant heigh,5451,2,1289,2,38,0,,domain_outlier;taxon_outlier,0,0,0,,,approve_none_grouped
9aa91eb3f5dd159d2a25875ca99fc5b18b1d5679cbd5a8834a2d71178508b092,classified,Magnolia macrophylla,Plant heigh,1130,1,286,0,9,0,,taxon_outlier,0,0,0,,,approve_none_grouped
f582fe8586316bbd2ee4380933ef8c370264baa79d88b4d624dc21745b2c8b55,classified,Magnolia tripetala,Plant heigh,193,1,50,0,2,0,,taxon_outlier,0,0,0,,,approve_none_grouped
b2d4e8d23d8609416e050cd41b1a6965baf3a21ee7ca0e018b9f84b5a9980e6e,classified,Magnolia virginiana,Plant heigh,54282,2,6522,3,282,0,,domain_outlier;taxon_outlier,0,0,0,,,approve_none_grouped
0272bb557ad4206fb80fd875df3cf6df136e35dad276e56c021638bc24ac9dc6,classified,Maianthemum canadense,Plant heigh,93,1,8,0,7,0,,taxon_outlier,1,0,1,,9ae5771978e17974f01af767bdbf52d3d2735f35c7c43938ecf74f416311ee23,approve_none_after_source_rule
3b64a0b1d233144569be48b19098846b6a32380ffbabb697a6035f356dab1368,classified,Maianthemum racemosum,Plant heigh,11,1,7,1,2,0,,domain_outlier;taxon_outlier,0,0,0,,,approve_none_grouped
9c1ab1cf637829ce4136cadd6f4ede79555c7d8a82ae16eefb0b98df2d2b62b8,classified,Malus angustifolia,Plant heigh,159,1,65,0,14,0,,taxon_outlier,0,0,0,,,approve_none_grouped
fd86a89003d2932db908f73f0c31247e2cae4435b42d2f856e3d91c2e2c8902d,classified,Malus coronaria,Plant heigh,75,1,34,0,3,0,,taxon_outlier,0,0,0,,,approve_none_grouped
85d71c65a49cea3d6285b41c02381d414e42cdac1dbd60508cd635b8b9236cc9,classified,Malus domestica,Plant heigh,44,2,4,1,3,0,,domain_outlier;taxon_outlier,0,0,0,,,approve_none_grouped
117af581699cebb629f7d6a75adb86594794cddbe7a42973731e494e24e6038a,classified,Malus fusca,Plant heigh,191,1,78,0,14,0,,taxon_outlier,0,0,0,,,approve_none_grouped
c374d6202ea8246d83363a80bd2fe735618f7a9849a68133043d8056a2abb082,classified,Matricaria discoidea,Plant heigh,27,1,3,0,2,0,,taxon_outlier,0,0,0,,,approve_none_grouped
35fa432a5fef1cc2ca1fd9a584bc12da3a058db8b4662c3790205361bdd93117,classified,Medeola virginiana,Plant heigh,10,1,6,1,2,0,,domain_outlier;taxon_outlier,1,0,1,,9ae5771978e17974f01af767bdbf52d3d2735f35c7c43938ecf74f416311ee23,approve_none_after_source_rule
bcc2e46e8dcd9177b08fe0ce4cd994b72d1cb9920446f66d37378ae61ccf5686,classified,Medicago,Plant heigh,148,1,1,66,4,0,,domain_outlier;taxon_outlier,0,0,0,,,approve_none_grouped
ee05dbfea126f05227090b6e0bcdc785c039dc85b667f6d0588dfec9e83b8a8f,classified,Medicago littoralis,Plant heigh,28,1,3,0,1,0,,taxon_outlier,0,0,0,,,approve_none_grouped
ae633a60e843b4b52ace1addac8d074af7708e1c9f2bec9e990012970ee48eb8,classified,Medicago lupulina,Plant heigh,215,1,23,0,27,0,,taxon_outlier,1,0,1,,9ae5771978e17974f01af767bdbf52d3d2735f35c7c43938ecf74f416311ee23,approve_none_after_source_rule
a40166fd06a395490b06b8d9ca79421f4cc4b5ed60d341d84752260543bcd668,classified,Medicago marina,Plant heigh,65,1,3,1,6,0,,domain_outlier;taxon_outlier,0,0,0,,,approve_none_grouped
cc258ae1acf089483b373cdc991a49f465be8e4cde190cf10dcc048ebfe9771d,classified,Medicago sativa,Plant heigh,54,2,4,1,5,0,,domain_outlier;taxon_outlier,1,0,1,,de1fd16911999d42ae36d9dbf3523f3f8df9363da29b300bd0c9b52fb4673246,approve_none_after_source_rule
8ac7fee58810ed25f9b0a51fa4deb37069c2a2eca01f4c7cecb5aef58927b883,classified,Melampyrum pratense,Plant heigh,95,1,2,0,3,0,,taxon_outlier,1,0,1,,dafcf1b2331a12f892bcef0815ee62674a8b070e5f93b4e845cdbcd3620f3be3,approve_none_after_source_rule
cd2bbb8a8633af06d59071af038498b8adcdd1af02942556c6155c2021693cbd,classified,Melia azedarach,Plant heigh,2083,2,416,1,25,0,,domain_outlier;taxon_outlier,0,0,0,,,approve_none_grouped
69582403ddd7540f9adcc08d2ae3fc0903290dc55404e069717fcd5a42867113,classified,Melica uniflora,Plant heigh,54,1,6,0,2,0,,taxon_outlier,0,0,0,,,approve_none_grouped
08ddda43afebda326e0c7c3c62f9d3b553e53e85d37304b60024a22200422913,classified,Melilotus albus,Plant heigh,12,1,3,5,1,0,,domain_outlier;taxon_outlier,0,0,0,,,approve_none_grouped
e6986ea1623d42febb64e49c1bdef1701a12eabfae119c76b841c63374f79aaf,classified,Melilotus officinalis,Plant heigh,39,1,5,14,5,0,,domain_outlier;taxon_outlier,0,0,0,,,approve_none_grouped
b5c40e159fda8deafe0f33a5ae7d47e94b5516bc29086fe2045f51dc71dae3ed,classified,Melittis melissophyllum,Plant heigh,69,1,9,0,3,0,,taxon_outlier,0,0,0,,,approve_none_grouped
4c29daa5f2c29d8bcad282ad3b2a2feb49cf9a52b3f23e88eb4a1fca6654b1ae,classified,Menispermum canadense,Plant heigh,10,1,2,3,2,0,,domain_outlier;taxon_outlier,0,0,0,,,approve_none_grouped
9f45a3bafa4ddbb11fe8a5145ebc0608e48a7529d814eecc7c2c56002b2881f6,classified,Mentha aquatica,Plant heigh,12,1,12,0,1,0,,taxon_outlier,0,0,0,,,approve_none_grouped
39de09434c0bcc44bf6a81966d3f7082fa5675b58c2aaa4282c90bc761296ade,classified,Mercurialis perennis,Plant heigh,83,1,10,2,5,0,,domain_outlier;taxon_outlier,0,0,0,,,approve_none_grouped
4a1796f8043a5426582e5071349601032e428e110b9f470e94aef830019ce113,classified,Mertensia lanceolata,Plant heigh,19,1,2,0,2,0,,taxon_outlier,1,0,1,,dafcf1b2331a12f892bcef0815ee62674a8b070e5f93b4e845cdbcd3620f3be3,approve_none_after_source_rule
9a925e8e59b3735c16e5df3570dd4bc0f84e9d9a064a7e1a5d24f7633a7c45d2,classified,Micranthes stellaris,Plant heigh,26,1,2,0,1,0,,taxon_outlier,0,0,0,,,approve_none_grouped
58ceaea32760e1ef029135a57f098d4887ed0f9f85b5340c6106f70e8a9c0e19,classified,Milium effusum,Plant heigh,10,1,1,10,1,0,,domain_outlier;taxon_outlier,1,0,1,,dafcf1b2331a12f892bcef0815ee62674a8b070e5f93b4e845cdbcd3620f3be3,approve_none_after_source_rule
15cc46f63baba478996d6ab2524c191caf8b42f6b06e509dbe9f3315a0137353,classified,Minuartia rostrata,Plant heigh,27,1,3,0,5,0,,taxon_outlier,0,0,0,,,approve_none_grouped
8c266810c214b8a1c07435304f223eb295a1e33b0dd0ba874eb2409682c06d29,classified,Misopates orontium,Plant heigh,105,2,5,41,13,0,,domain_outlier;taxon_outlier,1,0,1,,de1fd16911999d42ae36d9dbf3523f3f8df9363da29b300bd0c9b52fb4673246,approve_none_after_source_rule
615f82e9d138f15cca13edf96fbd7ac7d9fccef56aa174d3ded35ee485ebd08e,classified,Mitchella repens,Plant heigh,26,1,9,0,3,0,,taxon_outlier,1,0,1,,9ae5771978e17974f01af767bdbf52d3d2735f35c7c43938ecf74f416311ee23,approve_none_after_source_rule
e2fb968805df205f299c865bdf9375c3341f3e717463374d1107029cadcf7830,classified,Molinia caerulea,Plant heigh,13,1,8,1,1,0,,domain_outlier;taxon_outlier,1,0,1,,9ae5771978e17974f01af767bdbf52d3d2735f35c7c43938ecf74f416311ee23,approve_none_after_source_rule
0725d2bd1bc5ff19e1fedc8966f187a09285536fbbce8712bcd33f93c5b4d8e4,classified,Monarda fistulosa,Plant heigh,365,2,60,77,91,0,,domain_outlier;taxon_outlier,1,0,1,,9ae5771978e17974f01af767bdbf52d3d2735f35c7c43938ecf74f416311ee23,approve_none_after_source_rule
0f131f96506c25f65c42d60bf5de8831fcdb5a4057fd249063ef3e971226a0bc,classified,Monarda punctata,Plant heigh,19,1,2,5,1,0,,domain_outlier;taxon_outlier,1,0,1,,9ae5771978e17974f01af767bdbf52d3d2735f35c7c43938ecf74f416311ee23,approve_none_after_source_rule
f650efaa93917ac593c254b1e239e9e5a6c64d9373e5179a77fb32eed8ab293d,classified,Morus alba,Plant heigh,655,2,275,1,44,0,,domain_outlier;taxon_outlier,0,0,0,,,approve_none_grouped
85758e9792395e960a54005cd88aee7cf9426103c5be49d030ad949f520a7a65,classified,Morus rubra,Plant heigh,7338,1,2626,0,378,0,,taxon_outlier,0,0,0,,,approve_none_grouped
92352be45a88195e341046016a8dc054a1c69122ee4a86bdb6c778ba92741a36,classified,Muhlenbergia montana,Plant heigh,20,1,2,3,1,0,,domain_outlier;taxon_outlier,0,0,0,,,approve_none_grouped
c6d29a2a7a3b67c02bc46dd3132594a3534bd00ebc164e9e6fe7e2b5e3e61100,classified,Muhlenbergia wrightii,Plant heigh,20,1,2,0,1,0,,taxon_outlier,0,0,0,,,approve_none_grouped
0d404258eec64ccf52784802bb4263790229cbe27dc12696436e802f87c977c8,classified,Mutellina adonidifolia,Plant heigh,11,1,2,0,1,0,,taxon_outlier,1,0,1,,dafcf1b2331a12f892bcef0815ee62674a8b070e5f93b4e845cdbcd3620f3be3,approve_none_after_source_rule
ed00a56a1d8fea3b7a5dc356b431f659b914ea7e9d26a0bcf0e0c6c086818917,classified,Mycelis muralis,Plant heigh,37,1,5,0,7,0,,taxon_outlier,0,0,0,,,approve_none_grouped
543ebeeee20fdbfef0ee057a9abc93dad6db9cf7f9b86cf45592065d2bb1c853,classified,Myosotis alpestris,Plant heigh,44,1,4,0,3,0,,taxon_outlier,1,0,1,,dafcf1b2331a12f892bcef0815ee62674a8b070e5f93b4e845cdbcd3620f3be3,approve_none_after_source_rule
32554e38f4525a1a2c19d1a1ba56690a4d79bb2c6eb8b7d5ac6d64ce5fef707b,classified,Myosotis arvensis,Plant heigh,271,1,2,100,16,0,,domain_outlier;taxon_outlier,1,0,1,,9ae5771978e17974f01af767bdbf52d3d2735f35c7c43938ecf74f416311ee23,approve_none_after_source_rule
c88efd1eec90f3e0161979a5aafeae11122df554deb8d85214ec1ec739cd435f,classified,Myrica gale,Plant heigh,25,1,4,13,2,0,,domain_outlier;taxon_outlier,1,0,1,,dafcf1b2331a12f892bcef0815ee62674a8b070e5f93b4e845cdbcd3620f3be3,approve_none_after_source_rule
f4fc44004341477c9a99e8a03a15f0f866502fbc4d967feb4b5fec96cf2472d9,classified,Nabalus altissima,Plant heigh,10,1,9,0,1,0,,taxon_outlier,0,0,0,,,approve_none_grouped
5e36114cef7149a7eb9452edbd5b0cc766ddbae60c40dfde7b602a571414433a,classified,Nama dichotoma,Plant heigh,10,1,1,0,2,0,,taxon_outlier,0,0,0,,,approve_none_grouped
4cd374eee3ec9fe9fc579eff18739cad763b79e7f57d62424b477b252da82bec,classified,Nardus stricta,Plant heigh,163,1,28,0,6,0,,taxon_outlier,2,0,2,,9ae5771978e17974f01af767bdbf52d3d2735f35c7c43938ecf74f416311ee23;dafcf1b2331a12f892bcef0815ee62674a8b070e5f93b4e845cdbcd3620f3be3,approve_none_after_source_rule
5a486558b8b69df79e8fffa634685b59a7d73c1c305236c69efe67472c427907,classified,Neatostema apulum,Plant heigh,27,2,2,0,2,0,,taxon_outlier,1,0,1,,de1fd16911999d42ae36d9dbf3523f3f8df9363da29b300bd0c9b52fb4673246,approve_none_after_source_rule
7028dd53425eab2b8f0fc4365f4bd764b0396ba47ae2dea1c1a2438cfdd785a7,classified,Nepeta nepetella,Plant heigh,26,1,2,1,1,0,,domain_outlier;taxon_outlier,0,0,0,,,approve_none_grouped
318dd11c2a0cb51bdd7f165aaf23dfc15f5e4e82af45abe38509df0796ab0235,classified,Noccaea montana,Plant heigh,31,1,5,0,2,0,,taxon_outlier,1,0,1,,dafcf1b2331a12f892bcef0815ee62674a8b070e5f93b4e845cdbcd3620f3be3,approve_none_after_source_rule
5e936ec914d70e19f90ff83b12a2a1ef1711274e5ed111a43f9551cad6caf534,classified,Notholithocarpus densiflorus,Plant heigh,15661,1,744,1,768,0,,domain_outlier;taxon_outlier,0,0,0,,,approve_none_grouped
c6d42a66966d1a3a8aa4352e67adb4504c0e745f76c81b594eb4a0366de7a3f9,classified,Nyssa aquatica,Plant heigh,33919,1,1329,0,1221,0,,taxon_outlier,0,0,0,,,approve_none_grouped
202e4aa741f91cb873215f6b1208db8f9e06e0e9b6d4d54919d404e819fd9780,classified,Nyssa biflora,Plant heigh,169044,1,11015,0,762,0,,taxon_outlier,0,0,0,,,approve_none_grouped
057b2e5c7942da05a99987620b257b7294b9027ee5908f7d071c3a9dc0a68c89,classified,Nyssa ogeche,Plant heigh,2661,1,238,0,61,0,,taxon_outlier,0,0,0,,,approve_none_grouped
de36b5aaa9daa29412bc33643c5327f0f75688fcc8241633f20831aad3a1e1c0,classified,Nyssa sylvatica,Plant heigh,101654,2,23219,2,1360,0,,domain_outlier;taxon_outlier,1,0,1,,9ae5771978e17974f01af767bdbf52d3d2735f35c7c43938ecf74f416311ee23,approve_none_after_source_rule
59be14fe38fc2e77c950a29735f063684c367357d520d5f8b9203c64cbe06866,classified,Oclemena acuminata,Plant heigh,13,1,5,1,1,0,,domain_outlier;taxon_outlier,0,0,0,,,approve_none_grouped
7f0fe0bd9b3a1c9d827856eae7bec9f7f918c3e50ae1feca09c2164319d0d61b,classified,Odontarrhena alpestris,Plant heigh,14,1,2,0,2,0,,taxon_outlier,0,0,0,,,approve_none_grouped
59508ff3b7f54373860137a400d74e3e2d0724b5e963ef4f859aac300d3c077d,classified,Oenothera biennis,Plant heigh,12,1,9,7,1,0,,domain_outlier;taxon_outlier,1,0,1,,9ae5771978e17974f01af767bdbf52d3d2735f35c7c43938ecf74f416311ee23,approve_none_after_source_rule
60d4d573d6a73340ba4fd3132373588b255c76dd64d0a9998d6c0163b0089799,classified,Oenothera glazioviana,Plant heigh,27,1,3,25,2,0,,domain_outlier;taxon_outlier,0,0,0,,,approve_none_grouped
0492add676735417aca8ddb40dad2fd7507d72c30b536e1aae47f4aa0dc6187a,classified,Olneya tesota,Plant heigh,254,1,48,0,35,0,,taxon_outlier,0,0,0,,,approve_none_grouped
83422fb771ce94dd25772f79f7704694fb4b22a1b45d2d106dcd18a5fe4526ab,classified,Omalotheca hoppeana,Plant heigh,26,1,2,0,1,0,,taxon_outlier,0,0,0,,,approve_none_grouped
1aaf8d990e7233705d6a0560bf1a1e1c4e281cfe791d725137e82e78b225df98,classified,Omalotheca supina,Plant heigh,79,1,5,0,1,0,,taxon_outlier,1,0,1,,dafcf1b2331a12f892bcef0815ee62674a8b070e5f93b4e845cdbcd3620f3be3,approve_none_after_source_rule
1153793a766ddc30b0fd0aafa4920568800f93c3012e3ad27ead690547f8f946,classified,Onoclea sensibilis,Plant heigh,36,1,3,29,6,0,,domain_outlier;taxon_outlier,0,0,0,,,approve_none_grouped
0113a26c9a85b177b7578ba371a97ef9f5d5a0be6c308625abba1b329b009754,classified,Ononis natrix,Plant heigh,26,1,2,6,4,0,,domain_outlier;taxon_outlier,0,0,0,,,approve_none_grouped
a121bbe50883a63e1946192b6c3ed78652e840fd98823e91990cf6684bfd6a2f,classified,Ononis spinosa,Plant heigh,28,1,10,0,4,0,,taxon_outlier,0,0,0,,,approve_none_grouped
08418fb09252a2768ac56a9975c93147731a5128fa907d5e5fa9ba1193a39821,classified,Ononis variegata,Plant heigh,92,1,2,1,3,0,,domain_outlier;taxon_outlier,0,0,0,,,approve_none_grouped
59893c329f8c724dee1391ded33664b5a29336c0d4b16f85d8ca0f4e3e75a588,classified,Oreojuncus trifidus,Plant heigh,82,1,23,0,4,0,,taxon_outlier,2,0,2,,30800ec14d04f64be96885655d4d09b23c3c8b236a95849d5a3f2b9a88ab170c;dafcf1b2331a12f892bcef0815ee62674a8b070e5f93b4e845cdbcd3620f3be3,approve_none_after_source_rule
d863b6051e8b5ffbaf228aebc7601190426525a17ef2f70a992158d7360fa392,classified,Oreoxis alpina,Plant heigh,12,1,3,0,1,0,,taxon_outlier,1,0,1,,dafcf1b2331a12f892bcef0815ee62674a8b070e5f93b4e845cdbcd3620f3be3,approve_none_after_source_rule
5a524a4dbc700382ea095343813cae97e042dacfd9633f4e4357119b02f774b6,classified,Origanum vulgare,Plant heigh,40,1,5,9,4,0,,domain_outlier;taxon_outlier,0,0,0,,,approve_none_grouped
1a2aa345a4ad9745c706fb68177b4024a30cda800a0f8d6d6b7f84e242a6fc98,classified,Orlaya grandiflora,Plant heigh,29,1,3,2,5,0,,domain_outlier;taxon_outlier,0,0,0,,,approve_none_grouped
ba3c05fd51af856328b04f1941001f3012838a30108ee9eb23ff76aba88817fc,classified,Ornithogalum umbellatum,Plant heigh,26,1,2,0,2,0,,taxon_outlier,0,0,0,,,approve_none_grouped
15b0c071e6a215dc94c92172561b7b87ba192a8b1894af6390daae78cbe7e248,classified,Ornithopus compressus,Plant heigh,33,2,4,0,1,0,,taxon_outlier,1,0,1,,de1fd16911999d42ae36d9dbf3523f3f8df9363da29b300bd0c9b52fb4673246,approve_none_after_source_rule
19c14e88506e71bcbac5ddf5c8431b074d04cdee944785f448ab4f69e75d2718,classified,Osmorhiza claytonii,Plant heigh,20,1,8,3,2,0,,domain_outlier;taxon_outlier,1,0,1,,9ae5771978e17974f01af767bdbf52d3d2735f35c7c43938ecf74f416311ee23,approve_none_after_source_rule
3f42e37c3433a522fc28e9ef245712e055de2f385c5460939856f16febfca99c,classified,Ostrya virginiana,Plant heigh,27495,2,6392,2,176,0,,domain_outlier;taxon_outlier,0,0,0,,,approve_none_grouped
5e77db6db5aeb50f8ddcee832943eca3fe9bc05514fa15f1f4cef6fcf3975201,classified,Oxalis acetosella,Plant heigh,18,1,3,0,3,0,,taxon_outlier,0,0,0,,,approve_none_grouped
b392bd58a8ee2b830dffe5412b539933c079350f857926472fc26fd61831a403,classified,Oxalis alpina,Plant heigh,20,1,1,0,9,0,,taxon_outlier,0,0,0,,,approve_none_grouped
caabae207f2858b5093c98368c82618e4674352bc77a7fcad20d60852a602a6d,classified,Oxalis dillenii,Plant heigh,80,1,53,1,17,0,,domain_outlier;taxon_outlier,1,0,1,,9ae5771978e17974f01af767bdbf52d3d2735f35c7c43938ecf74f416311ee23,approve_none_after_source_rule
372dd5163a5722714ba29155dd4563d8816e98dea5e6acb840d37ae2b2a765a4,classified,Oxydendrum arboreum,Plant heigh,65826,2,10567,0,612,0,,taxon_outlier,0,0,0,,,approve_none_grouped
8e554b5f1e6bbedb787e3d2d2ba52837ef45d11273870cad141b6b88c906f45b,classified,Oxyria digyna,Plant heigh,11,1,2,0,1,0,,taxon_outlier,1,0,1,,dafcf1b2331a12f892bcef0815ee62674a8b070e5f93b4e845cdbcd3620f3be3,approve_none_after_source_rule
9451df1ae860cc6cfb121da2b7fb2a4306893a8c0c59d6d26b37504378a87682,classified,Oxytropis lambertii,Plant heigh,20,1,2,0,3,0,,taxon_outlier,0,0,0,,,approve_none_grouped
70998e26b8b1b8b8ba01dafed4b127de5631cad992879dcf6469ee15725c2886,classified,Oxytropis lapponica,Plant heigh,25,1,1,0,3,0,,taxon_outlier,0,0,0,,,approve_none_grouped
dd7707a5c6c89e6e9713bd5ed4c42b41e217dbfab40e95262cd38e62ba1710e9,classified,Packera actinella,Plant heigh,20,1,1,0,2,0,,taxon_outlier,0,0,0,,,approve_none_grouped
63e0ef28a6b672a7a8b4a6ffb716fcc0d15973981841de6f5202c17e35a4c42b,classified,Packera cana,Plant heigh,15,1,2,0,1,0,,taxon_outlier,1,0,1,,dafcf1b2331a12f892bcef0815ee62674a8b070e5f93b4e845cdbcd3620f3be3,approve_none_after_source_rule
1fd26062032fb000a9e8b7863eb167109cb9cecb4ec248ec9b4a9f70492d84cb,classified,Pancratium maritimum,Plant heigh,168,1,4,1,8,0,,domain_outlier;taxon_outlier,0,0,0,,,approve_none_grouped
a4e3bd317a263f98ecacc76349d6872673717f06bbd01cdbdfc95fb4086d2db1,classified,Panicum virgatum,Plant heigh,299,2,59,75,75,0,,domain_outlier;taxon_outlier,1,0,1,,9ae5771978e17974f01af767bdbf52d3d2735f35c7c43938ecf74f416311ee23,approve_none_after_source_rule
c9cf1b96fd4a002f3384e9ca6ec03f3361609dc8ab772b8300ff51dab4f2df4d,classified,Parthenocissus quinquefolia,Plant heigh,22,1,3,0,1,0,,taxon_outlier,0,0,0,,,approve_none_grouped
3cb2e3986b83a9b6c336d1f7ef4924f0f07ff2efe8f9ce6d2baee1c1a7885c0e,classified,Paspalum notatum,Plant heigh,30,1,6,6,4,0,,domain_outlier;taxon_outlier,0,0,0,,,approve_none_grouped
d49fe26d97b0106ee6157386d862df9de783ef58aed8d4926c712371e4a62c8f,classified,Pastinaca sativa,Plant heigh,51,1,4,15,5,0,,domain_outlier;taxon_outlier,1,0,1,,9ae5771978e17974f01af767bdbf52d3d2735f35c7c43938ecf74f416311ee23,approve_none_after_source_rule
3457241dcdbb79c8f5d4377025276ad5e875b24975dfd0eb93fafdc5103dfc81,classified,Paulownia tomentosa,Plant heigh,781,1,245,0,28,0,,taxon_outlier,0,0,0,,,approve_none_grouped
99487a286d3fddf63da58040ef0a6c889116bd08833871c80aaad023f56d75ba,classified,Pedicularis kerneri,Plant heigh,25,1,2,0,6,0,,taxon_outlier,0,0,0,,,approve_none_grouped
557c103365637d199711bd1f0dd0f8fd6b28777a76cc4e8672625361781c39d6,classified,Pedicularis lapponica,Plant heigh,60,1,16,0,6,0,,taxon_outlier,2,0,2,,30800ec14d04f64be96885655d4d09b23c3c8b236a95849d5a3f2b9a88ab170c;dafcf1b2331a12f892bcef0815ee62674a8b070e5f93b4e845cdbcd3620f3be3,approve_none_after_source_rule
b2b6a9bfa3def25636006a5d65a4a9b781b90ed45caa9e56ee0659b296d21872,classified,Pedicularis tuberosa,Plant heigh,16,1,2,0,1,0,,taxon_outlier,0,0,0,,,approve_none_grouped
d0d67a02f4b11762421e86a9c2ea83ea796fc1efdd0f13b98ed665cc411e72f5,classified,Penstemon barbatus,Plant heigh,20,1,2,9,4,0,,domain_outlier;taxon_outlier,0,0,0,,,approve_none_grouped
a480037a90a3b00e05715bfcb156d968785b79a5f3bbe141a857fbcd6f98afc1,classified,Penstemon linarioides,Plant heigh,11,1,2,0,1,0,,taxon_outlier,0,0,0,,,approve_none_grouped
beedf1b59d3a7e68da037e518763fe3c7e11cd879d8510acde6cc8f685385c1f,classified,Penstemon whippleanus,Plant heigh,21,1,3,0,9,0,,taxon_outlier,1,0,1,,dafcf1b2331a12f892bcef0815ee62674a8b070e5f93b4e845cdbcd3620f3be3,approve_none_after_source_rule
7cdacab4e002be23121f0322b134984e72f6895b12c6f72f8cc950a24bae3f9f,classified,Pentanema helveticum,Plant heigh,25,1,1,24,1,0,,domain_outlier;taxon_outlier,0,0,0,,,approve_none_grouped
926f39a31bb1fdd3a02bf075fba3ce2e067603c659a9b3108836399295ab557a,classified,Pentanema salicinum,Plant heigh,32,1,3,0,1,0,,taxon_outlier,0,0,0,,,approve_none_grouped
ab201565e5fec697edd72ec717df291a49a5fbd9ccb141c82b3f86b042af14c9,classified,Persea borbonia,Plant heigh,19164,1,3692,0,1253,0,,taxon_outlier,0,0,0,,,approve_none_grouped
883a52e48aa3ced92bac4a3c7dc40d28f828e1ee744c0a9b1a7b83c45a915d4a,classified,Persicaria pensylvanica,Plant heigh,12,1,1,5,1,0,,domain_outlier;taxon_outlier,0,0,0,,,approve_none_grouped
683421bf155ed13e706b03abe05a50329ce18de3c36c32403762a68e3eb506fa,classified,Persicaria sagittata,Plant heigh,20,1,2,18,5,0,,domain_outlier;taxon_outlier,0,0,0,,,approve_none_grouped
180cfcfd9a7cc310f80754c2043ea967b7a24d4558b097cf22a317ab432bbb37,classified,Petrosedum ochroleucum,Plant heigh,26,1,2,0,1,0,,taxon_outlier,0,0,0,,,approve_none_grouped
bbbe74d79b473b744e3dd423cd9e4d1e38dd46b404732c06b1cd9bbffee15939,classified,Petrosedum sediforme,Plant heigh,30,1,6,0,3,0,,taxon_outlier,0,0,0,,,approve_none_grouped
fb4279e9e6be9a08d8b6212b9ccde2580981fb9ee2920eca837d4f7ea78dd501,classified,Phacelia hastata,Plant heigh,25,1,1,0,5,0,,taxon_outlier,0,0,0,,,approve_none_grouped
662798917572e70fc51e6f4543f8a3e05be998dd9f35c1acd9f575e18882be7b,classified,Phagnalon saxatile,Plant heigh,14,1,5,1,3,0,,domain_outlier;taxon_outlier,0,0,0,,,approve_none_grouped
4c79b32c6d4aea955a575b8d52987f924c494acae2d65352e11f398b65f6305d,classified,Phalaris arundinacea,Plant heigh,78,1,17,65,2,0,,domain_outlier;taxon_outlier,0,0,0,,,approve_none_grouped
22a118ff0349bb9c626ace8c31baf3d73bf58f88d28b8c48ec50d6265f2e76ee,classified,Phegopteris connectilis,Plant heigh,10,1,5,0,1,0,,taxon_outlier,0,0,0,,,approve_none_grouped
690368a63a47fbf853ff6f56ea6fa3fdf0fe725f8e7f0bfaa0542c0e6a00d8cf,classified,Phillyrea angustifolia,Plant heigh,36,1,6,2,3,0,,domain_outlier;taxon_outlier,0,0,0,,,approve_none_grouped
5aa6d9168b78587722dabab51402de9ea026a661b0b52c73f2747ba540fdbcc8,classified,Phillyrea latifolia,Plant heigh,32,1,4,2,4,0,,domain_outlier;taxon_outlier,0,0,0,,,approve_none_grouped
8458382597d1c4db95bab6a83497c571269d248f0ec32becd5a7bf3a78f9cf22,classified,Phleum pratense,Plant heigh,383,1,33,178,9,0,,domain_outlier;taxon_outlier,2,0,2,,9ae5771978e17974f01af767bdbf52d3d2735f35c7c43938ecf74f416311ee23;dafcf1b2331a12f892bcef0815ee62674a8b070e5f93b4e845cdbcd3620f3be3,approve_none_after_source_rule
e74afe14c8a720b74ec63bb9a2ac922bfde53b1f12a558e8f56606940c43c24e,classified,Phlomis purpurea,Plant heigh,31,1,2,1,2,0,,domain_outlier;taxon_outlier,0,0,0,,,approve_none_grouped
48fd7ea05c783741cc1efc45cb94b07ca22eabd4645d382087c395d708ea3b89,classified,Phlox speciosa,Plant heigh,10,1,1,0,2,0,,taxon_outlier,0,0,0,,,approve_none_grouped
3e519fa505f4ddc698ef8529d1ddb9feb79b3220649ab6d02465871e57385a75,classified,Phyllodoce caerulea,Plant heigh,276,1,37,0,14,0,,taxon_outlier,1,0,1,,dafcf1b2331a12f892bcef0815ee62674a8b070e5f93b4e845cdbcd3620f3be3,approve_none_after_source_rule
68c8d03250ea79f8679d59bb4ae34595dfe0a2f81c1701cff8cefb7bf556e23d,classified,Physospermum cornubiense,Plant heigh,123,1,10,108,3,0,,domain_outlier;taxon_outlier,0,0,0,,,approve_none_grouped
cb355647509c1d7203e7b178be507a393976183a976ba747a6818e316ed9d575,classified,Phyteuma betonicifolium,Plant heigh,15,1,7,0,2,0,,taxon_outlier,0,0,0,,,approve_none_grouped
ecc656c2765782f2ac1be0ebda0fe90eeb4bbdef32faaa6b082537a4604f34c9,classified,Phyteuma hemisphaericum,Plant heigh,46,1,4,0,11,0,,taxon_outlier,2,0,2,,17ae96fe95cc0ee56d5f617b5044589bf95c13dc2cca79d3ac73b39418314499;dafcf1b2331a12f892bcef0815ee62674a8b070e5f93b4e845cdbcd3620f3be3,approve_none_after_source_rule
3d6b2cf8d0e396a77c2a731c627220070e9ee8fb678782d59fccceeca0e47736,classified,Picea abies,Plant heigh,79149,2,276,19,8542,0,,domain_outlier;taxon_outlier,1,0,1,,30800ec14d04f64be96885655d4d09b23c3c8b236a95849d5a3f2b9a88ab170c,approve_none_after_source_rule
fa85c67a32879bd8fe1331f4b702fb184fc1d36c960a366ebe7eb67fea6e25e2,classified,Picea engelmannii,Plant heigh,80228,2,8105,106,3967,0,,domain_outlier;taxon_outlier,0,0,0,,,approve_none_grouped
70296be773c115cae63526d19cd16cf7cf2e183924b327b8a43d94318e556f50,classified,Picea glauca,Plant heigh,20459,2,3028,0,1507,0,,taxon_outlier,0,0,0,,,approve_none_grouped
b8cc7042faecb527b79a4c4d3abf088438fb350bca83d8af8b6961422d075d91,classified,Picea mariana,Plant heigh,26094,2,2130,178,2131,0,,domain_outlier;taxon_outlier,0,0,0,,,approve_none_grouped
cb886aec2d4a764bcf49584c1e01298aaec3927e9df6c23874d8faaf7d97acf2,classified,Picea pungens,Plant heigh,2606,1,353,1,152,0,,domain_outlier;taxon_outlier,0,0,0,,,approve_none_grouped
ee7e8b29e45028165e76c273d236ebe077809d401b1c19beaccf1204ec61182a,classified,Picea rubens,Plant heigh,28254,2,2947,0,1176,0,,taxon_outlier,0,0,0,,,approve_none_grouped
248f6720a4180eb1a0b07e282d2462ba9faae2d9d1ec54b2fe71785050f52112,classified,Picea sitchensis,Plant heigh,2040,2,340,182,110,0,,domain_outlier;taxon_outlier,0,0,0,,,approve_none_grouped
51677d0a228c870ef33401784f16ffd1c49cf656b557443d5221139fdedea2ce,classified,Picris hieracioides,Plant heigh,155,1,15,75,3,0,,domain_outlier;taxon_outlier,0,0,0,,,approve_none_grouped
9d237bb92713bc5390fbed4a939ac6bec2ddf4452c1fb8525ce903f036f3bf31,classified,Pilosella aurantiaca,Plant heigh,29,1,4,0,5,0,,taxon_outlier,0,0,0,,,approve_none_grouped
d025d4f8c06bc105d9fe3319db677226fc03b327a0392428806d982a12afedd9,classified,Pilosella caespitosa,Plant heigh,37,2,3,0,8,0,,taxon_outlier,0,0,0,,,approve_none_grouped
1547d89d92db927a290e2f61a0dfc2c1afd6c89fea5748c4e66ab33f7a6805d7,classified,Pilosella lactucella,Plant heigh,34,1,3,0,4,0,,taxon_outlier,0,0,0,,,approve_none_grouped
00d0309e25db188e12d6e3869e79ea8800426fe4428d8b80c27bcf2fead68f12,classified,Pilosella officinarum,Plant heigh,164,1,33,0,16,0,,taxon_outlier,1,0,1,,9ae5771978e17974f01af767bdbf52d3d2735f35c7c43938ecf74f416311ee23,approve_none_after_source_rule
395e6ef8e48457165ebb199eacd5ef7b4d57589f85175a1b3a13079642531888,classified,Pimpinella saxifraga,Plant heigh,45,1,8,2,5,0,,domain_outlier;taxon_outlier,1,0,1,,9ae5771978e17974f01af767bdbf52d3d2735f35c7c43938ecf74f416311ee23,approve_none_after_source_rule
1c3f0f4118bab0a8deabed16e8872c4999439125d6c435d9b3871c32c42a7515,classified,Pinus albicaulis,Plant heigh,24353,2,2161,1,844,0,,domain_outlier;taxon_outlier,0,0,0,,,approve_none_grouped
0c02e8472d0137734f8d43edba57d564480528bef0eacbd9a10d0705f7311a20,classified,Pinus aristata,Plant heigh,1433,2,210,1,57,0,,domain_outlier;taxon_outlier,0,0,0,,,approve_none_grouped
e91bea2b27837705c764a42cb1c2a6cbee9346aac1e19f88dd21958d713fc845,classified,Pinus arizonica,Plant heigh,20,1,3,0,2,0,,taxon_outlier,0,0,0,,,approve_none_grouped
ff9c0a2768baae1fabf4d1b47765c17049c7cef001a33b59fb9342fd1c3f4ac1,classified,Pinus attenuata,Plant heigh,777,1,105,0,42,0,,taxon_outlier,0,0,0,,,approve_none_grouped
e6a33c8f56756270200079924c70981e6f81c38f8fd975b7fd0392cc9801bd0a,classified,Pinus balfouriana,Plant heigh,420,1,23,0,7,0,,taxon_outlier,0,0,0,,,approve_none_grouped
24d13121b4bb016d4c88290f26cae7d1675995e780011832353b9731120f07b3,classified,Pinus banksiana,Plant heigh,22787,2,1430,101,850,0,,domain_outlier;taxon_outlier,0,0,0,,,approve_none_grouped
c4238d81de85842ed48a46768220c5624af24d239303e5eb48e046a48835bcdf,classified,Pinus cembroides,Plant heigh,509,1,64,0,25,0,,taxon_outlier,0,0,0,,,approve_none_grouped
d30ec7255bcacaa5c9fa5244bc088585a6e7f6919a083b986c66817de88ce144,classified,Pinus clausa,Plant heigh,7908,1,325,0,527,0,,taxon_outlier,0,0,0,,,approve_none_grouped
777a363b8d3d0d93559505b4267a46ded5ccc9ba77007baf250f4b6be4fedad4,classified,Pinus contorta,Plant heigh,184155,2,9393,6,10130,0,,domain_outlier;taxon_outlier,0,0,0,,,approve_none_grouped
2f29e234278173603f8604ea790280133d5df010556c2d49ed8731d768dc39c1,classified,Pinus coulteri,Plant heigh,155,1,35,0,3,0,,taxon_outlier,0,0,0,,,approve_none_grouped
aade13ec628aa9716300640531ba8b9a605b6c85ac2a7cba4635f8698c0e3669,classified,Pinus discolor,Plant heigh,1389,1,153,0,44,0,,taxon_outlier,0,0,0,,,approve_none_grouped
ceb88207c6b9e88b0bb81508785fd007f6913cc0ed9e8c7e7d8af78269243ea0,classified,Pinus echinata,Plant heigh,172521,1,18120,0,9615,0,,taxon_outlier,0,0,0,,,approve_none_grouped
c4c48a170a61727ef589cfec2339ee195ba7b168bec4b24cbbf1dca8664b36fb,classified,Pinus edulis,Plant heigh,87413,2,8304,1,4340,0,,domain_outlier;taxon_outlier,0,0,0,,,approve_none_grouped
5324c11ce7181d78a9a737f8acd385f6ac0004febf14f01570f3cf687f2e0def,classified,Pinus elliottii,Plant heigh,238680,1,10217,1,7668,0,,domain_outlier;taxon_outlier,0,0,0,,,approve_none_grouped
22a98d716603404687f976984294a30266d3ea5c10898c9faa85b771ef6e55e6,classified,Pinus flexilis,Plant heigh,10768,2,1652,1,715,0,,domain_outlier;taxon_outlier,0,0,0,,,approve_none_grouped
fb96c801aeb7378ea88dce3b926db4847ab94471952e7a490a16440be4ceda03,classified,Pinus glabra,Plant heigh,4352,1,963,0,29,0,,taxon_outlier,0,0,0,,,approve_none_grouped
5918cfc21ef7235ec8262854bd8d682b93c0c625c86945d7002a1926fc153f63,classified,Pinus halepensis,Plant heigh,39,1,8,0,5,0,,taxon_outlier,0,0,0,,,approve_none_grouped
ae58e077e271325e61e15705632283cc760d227a2db1127dae7e451bb6f070c1,classified,Pinus jeffreyi,Plant heigh,7660,1,795,78,230,0,,domain_outlier;taxon_outlier,0,0,0,,,approve_none_grouped
ac142e7c85bc405fced80e2453ba27bb4e60d37e3a2f4d6015df95b8b0436db7,classified,Pinus lambertiana,Plant heigh,4705,1,1140,494,17,0,,domain_outlier;taxon_outlier,0,0,0,,,approve_none_grouped
e3a9599bdff0f5f120aee48348aa3f978e7684840472ed34a2bc725e5d653df8,classified,Pinus leiophylla,Plant heigh,332,1,53,0,55,0,,taxon_outlier,0,0,0,,,approve_none_grouped
83e8e3774e50aea1aa1004032a86f701322b18acc26da30c462c31b28335f231,classified,Pinus longaeva,Plant heigh,270,1,20,0,21,0,,taxon_outlier,0,0,0,,,approve_none_grouped
541bf206828eb08386d277a8f6eecb7ea0733407b48d64062df49e2985a3c0bb,classified,Pinus monophylla,Plant heigh,30161,2,2800,0,1450,0,,taxon_outlier,0,0,0,,,approve_none_grouped
7cea79f983bd7b87601dc4f32b6f62642695b764e86b3b5112f55018eceb7cdb,classified,Pinus monticola,Plant heigh,4905,2,1259,77,125,0,,domain_outlier;taxon_outlier,0,0,0,,,approve_none_grouped
903efb78c4f72f0acc40f82b61d22435c5f4e8dfce6d35cdb627052f76dec6d1,classified,Pinus muricata,Plant heigh,146,1,11,1,7,0,,domain_outlier;taxon_outlier,0,0,0,,,approve_none_grouped
d54a19150cd5bd23960c140f65bdd3c21154d1a9b62a0df9c99c049c01dee098,classified,Pinus nigra,Plant heigh,481,2,35,0,22,0,,taxon_outlier,0,0,0,,,approve_none_grouped
794a3524e90b74f030a7d2794e1ddb1fb4ec6522c8d05d8acbe9574b69f70c91,classified,Pinus palustris,Plant heigh,69971,1,6919,0,4426,0,,taxon_outlier,0,0,0,,,approve_none_grouped
f5762902a8051ee4ec884bf691212864c71a00de975a75045b0c21f672b22b48,classified,Pinus pinaster,Plant heigh,5637,1,16,5000,23,0,,domain_outlier;taxon_outlier,0,0,0,,,approve_none_grouped
1644fc1c614404ee93781533a031a7176a272e7362b745746864af5f093dd641,classified,Pinus ponderosa,Plant heigh,145426,2,12137,718,14497,0,,domain_outlier;taxon_outlier,0,0,0,,,approve_none_grouped
3a1baed46820761643d7d45768594b658b79bcb829e3c8a8f0f47d58dfe06bde,classified,Pinus pungens,Plant heigh,3120,1,347,0,239,0,,taxon_outlier,0,0,0,,,approve_none_grouped
1105f2088aa411e00e52326750644f422650aa79ec9a0174e2cc496706cca762,classified,Pinus radiata,Plant heigh,56,1,5,0,4,0,,taxon_outlier,0,0,0,,,approve_none_grouped
2f917042fff1859fd02e827947bea57f28c4f63b23785202b5aaf7a7a59457a5,classified,Pinus remota,Plant heigh,103,1,11,0,1,0,,taxon_outlier,0,0,0,,,approve_none_grouped
d31bfb6a1b2e7c529c05ed6b5c95446037cb2dcaab18f21d68ccc72dd51ee79e,classified,Pinus resinosa,Plant heigh,59795,1,2473,0,510,0,,taxon_outlier,0,0,0,,,approve_none_grouped
e3fa2bb7441b2a6d19e50248fb6a740efb22420f567534b109481e511bdc669a,classified,Pinus rigida,Plant heigh,13089,1,1617,0,513,0,,taxon_outlier,0,0,0,,,approve_none_grouped
0c2ea06b4b2fe857f9ea9746b1d08489b2465690616611621b947b288a1b14ae,classified,Pinus sabiniana,Plant heigh,987,1,338,2,15,0,,domain_outlier;taxon_outlier,0,0,0,,,approve_none_grouped
cd67c25cc24abff7369a904dbd9da9993902852ab4c13119c5268365a89e3610,classified,Pinus serotina,Plant heigh,31735,1,2673,0,979,0,,taxon_outlier,0,0,0,,,approve_none_grouped
d577fe7740245be122f9146f723bbfd2da0eb6e0d5d9db35cad78dda39b79bfa,classified,Pinus strobiformis,Plant heigh,1405,2,280,1,173,0,,domain_outlier;taxon_outlier,0,0,0,,,approve_none_grouped
691429de78d81b3570f7fd01cca5a6f00418edea1b2718b1b34d5895d7959f31,classified,Pinus strobus,Plant heigh,82240,2,8535,4,2896,0,,domain_outlier;taxon_outlier,0,0,0,,,approve_none_grouped
4afacea4906f31079a5158daf9d5192dd8ce2f54b3fbf60db74bbdf50d624d07,classified,Pinus sylvestris,Plant heigh,6367,2,538,12,212,0,,domain_outlier;taxon_outlier,1,0,1,,30800ec14d04f64be96885655d4d09b23c3c8b236a95849d5a3f2b9a88ab170c,approve_none_after_source_rule
167824a9bc1673c9e0a1242d5e2d910f874267a50327ef963782fa578da4ce33,classified,Pinus taeda,Plant heigh,1128309,2,39527,26,56673,0,,domain_outlier;taxon_outlier,0,0,0,,,approve_none_grouped
b57c6f204b9154fdf5c45f86a47430c5f06bb2aa991f5b897f678acf24b306fb,classified,Pinus uncinata,Plant heigh,13,1,4,10,3,0,,domain_outlier;taxon_outlier,0,0,0,,,approve_none_grouped
205233a6568d54aa78f4bb97024ab133740adb79202e06ff56e875aca82e3373,classified,Pinus virginiana,Plant heigh,111700,1,8062,2,2075,0,,domain_outlier;taxon_outlier,0,0,0,,,approve_none_grouped
79c4a25db3b264132ba9b2652068752c21edca8a4e50ea536635f54922d90f2a,classified,Pistacia lentiscus,Plant heigh,31,1,9,1,2,0,,domain_outlier;taxon_outlier,0,0,0,,,approve_none_grouped
2bf2c577165a9b5f451c7708981dd672fc8c808e599401bd0c43892aecec0f5e,classified,Pityopsis graminifolia,Plant heigh,10,1,2,0,2,0,,taxon_outlier,0,0,0,,,approve_none_grouped
fc091e6aeb14843c19830f11de7f7c4884b3303117bf813b705450257c02b214,classified,Planera aquatica,Plant heigh,2568,1,313,0,186,0,,taxon_outlier,0,0,0,,,approve_none_grouped
f2b676f4afc5ab1317cc275ed3064c637ec304fe1c19b6da89ff83bc9963bc2d,classified,Plantago atrata,Plant heigh,36,1,7,0,4,0,,taxon_outlier,0,0,0,,,approve_none_grouped
ded6818464cad42f6ab4d2dde78be2dd952dee2fbb00ce022950a6059a1f3edf,classified,Plantago coronopus,Plant heigh,14,2,5,1,4,0,,domain_outlier;taxon_outlier,1,0,1,,de1fd16911999d42ae36d9dbf3523f3f8df9363da29b300bd0c9b52fb4673246,approve_none_after_source_rule
e42568a6cb964251f04b4cdd73f547d4ad6661dc3f5a0adbe0c787cb60fed8ea,classified,Plantago lagopus,Plant heigh,323,2,4,0,19,0,,taxon_outlier,1,0,1,,de1fd16911999d42ae36d9dbf3523f3f8df9363da29b300bd0c9b52fb4673246,approve_none_after_source_rule
4075d45cdd018aa2307bcb718b7a319cb6a18d8c5dffc87d86577437151bb9cf,classified,Plantago lanceolata,Plant heigh,439,1,83,70,70,0,,domain_outlier;taxon_outlier,1,0,1,,9ae5771978e17974f01af767bdbf52d3d2735f35c7c43938ecf74f416311ee23,approve_none_after_source_rule
d3f0037ea654762e73651720246267faebc181604980a720da22ec403bf49e65,classified,Plantago macrorhiza,Plant heigh,89,1,2,0,16,0,,taxon_outlier,0,0,0,,,approve_none_grouped
6a9fcdee01e1d5f6e9242af17c2280c2c2f7d90d168596a5e180ceeb365736c8,classified,Plantago media,Plant heigh,196,1,16,0,10,0,,taxon_outlier,0,0,0,,,approve_none_grouped
b268f093907facc5b123a5d776f29efeb310cfe80a18bc8ad1b74bc5833b2a55,classified,Plantago sempervirens,Plant heigh,27,1,4,0,3,0,,taxon_outlier,0,0,0,,,approve_none_grouped
d87570edef74fcbe811381b432e531ab29fd040bd4232d0c011b9ae3b295a677,classified,Platanus occidentalis,Plant heigh,15021,2,3797,9,770,0,,domain_outlier;taxon_outlier,1,0,1,,9ae5771978e17974f01af767bdbf52d3d2735f35c7c43938ecf74f416311ee23,approve_none_after_source_rule
0dcd6c95bbcdab1977ff640556d0f12a7181911aa0e74d643e59c36987c92606,classified,Platanus racemosa,Plant heigh,49,1,20,1,1,0,,domain_outlier;taxon_outlier,0,0,0,,,approve_none_grouped
3e0c1f9699cfd0c840997787c8b427ae96c375145b448f1ecefc3cb42933b284,classified,Platanus wrightii,Plant heigh,32,2,7,1,4,0,,domain_outlier;taxon_outlier,0,0,0,,,approve_none_grouped
f91ef7b11409d790780feb11470aca4da40e70f5c7b5470db438de3a891a16ea,classified,Poa,Plant heigh,33,1,5,1,6,0,,domain_outlier;taxon_outlier,1,0,1,,dafcf1b2331a12f892bcef0815ee62674a8b070e5f93b4e845cdbcd3620f3be3,approve_none_after_source_rule
20820e12b0b8116ff97adae192cc2ba8321be7552e4333b784d3ba3cd6c019a2,classified,Poa alpina,Plant heigh,341,1,12,19,8,0,,domain_outlier;taxon_outlier,1,0,1,,dafcf1b2331a12f892bcef0815ee62674a8b070e5f93b4e845cdbcd3620f3be3,approve_none_after_source_rule
da6fcae9073b7beec4ef136a3fad9ddae1162344e73bb392e84cfebc506c08dd,classified,Poa annua,Plant heigh,25,1,7,1,7,0,,domain_outlier;taxon_outlier,0,0,0,,,approve_none_grouped
62702c9b71124e10d3739a0b9ec3423c290e3ac172aa9b4786b068705c498045,classified,Poa compressa,Plant heigh,27,1,4,0,1,0,,taxon_outlier,0,0,0,,,approve_none_grouped
5c44b8c054c4735c493036347421eaa0d72d7e49c467caf0d0a7f99eeded9678,classified,Poa leptocoma,Plant heigh,21,1,1,0,2,0,,taxon_outlier,0,0,0,,,approve_none_grouped
501f1ab3b3c910fcf027afb97ae9ecf48fa55009be288659d10d944c8394e055,classified,Poa nemoralis,Plant heigh,41,1,5,1,1,0,,domain_outlier;taxon_outlier,1,0,1,,9ae5771978e17974f01af767bdbf52d3d2735f35c7c43938ecf74f416311ee23,approve_none_after_source_rule
a40a18e6cf9ea7a3fc497463e318929851d8006825b1d8c59ed30864d948fa23,classified,Poa pratensis,Plant heigh,747,1,91,174,85,0,,domain_outlier;taxon_outlier,2,0,2,,9ae5771978e17974f01af767bdbf52d3d2735f35c7c43938ecf74f416311ee23;dafcf1b2331a12f892bcef0815ee62674a8b070e5f93b4e845cdbcd3620f3be3,approve_none_after_source_rule
66a4be14c07427dab1a43f254e1c18ff777913da1a224ce870c30ed24dacc847,classified,Poa trivialis,Plant heigh,264,1,44,90,15,0,,domain_outlier;taxon_outlier,0,0,0,,,approve_none_grouped
ce9865202a332f9d8fc6e75a3a7115f183f5979da88b0bcabac00811f922417b,classified,Polemonium villosum,Plant heigh,16,1,2,6,1,0,,domain_outlier;taxon_outlier,1,0,1,,dafcf1b2331a12f892bcef0815ee62674a8b070e5f93b4e845cdbcd3620f3be3,approve_none_after_source_rule
a5f154caa05fcd1a54711d10d52cbeb64026b49c7dabf52c38ecf7881b35ddd3,classified,Polemonium viscosum,Plant heigh,12,1,3,0,3,0,,taxon_outlier,1,0,1,,dafcf1b2331a12f892bcef0815ee62674a8b070e5f93b4e845cdbcd3620f3be3,approve_none_after_source_rule
1013c0febeae530d7d75c37c8ebbb301ea2d5f8e5940f4c5b02bfb627179a808,classified,Polycarpon tetraphyllum,Plant heigh,15,2,6,0,5,0,,taxon_outlier,1,0,1,,de1fd16911999d42ae36d9dbf3523f3f8df9363da29b300bd0c9b52fb4673246,approve_none_after_source_rule
a0b0b6b78a676553193056de35a9ff1d619fe44ae1d4079b3e87dd8c49884bd8,classified,Polygala alpestris,Plant heigh,26,1,2,0,1,0,,taxon_outlier,0,0,0,,,approve_none_grouped
1501309b4a52394844f75f8b26f4095cf45b179094ef7d3d51783f5822dd2231,classified,Polygonatum odoratum,Plant heigh,26,1,2,0,5,0,,taxon_outlier,0,0,0,,,approve_none_grouped
07557f96dffd8f98d9d1bf7db59a4a88e262b06b9d28e14a1054b83dcda41eb6,classified,Polygonum aviculare,Plant heigh,254,1,4,105,10,0,,domain_outlier;taxon_outlier,1,0,1,,9ae5771978e17974f01af767bdbf52d3d2735f35c7c43938ecf74f416311ee23,approve_none_after_source_rule
44a1ed044777237ee0bce8089018024d89c547e38cd9de645b05dcdec33f5c7f,classified,Polygonum douglasii,Plant heigh,25,1,3,0,1,0,,taxon_outlier,0,0,0,,,approve_none_grouped
f2380df280b4ef870eb1b484b944f5bb5450f6a82387cac6e7feadc62afe69cd,classified,Polygonum maritimum,Plant heigh,24,1,3,1,3,0,,domain_outlier;taxon_outlier,0,0,0,,,approve_none_grouped
26ebd1aa98afd9d81cc01c966320b1c054df6d0abe50ee49b51f862e1134e87e,classified,Polypodium vulgare,Plant heigh,40,1,4,0,2,0,,taxon_outlier,0,0,0,,,approve_none_grouped
4ef19e1a4828fb19d79dfcd912dcf4abdb09bbd77370fa111ba422f460de5a95,classified,Populus angustifolia,Plant heigh,952,2,182,1,23,0,,domain_outlier;taxon_outlier,0,0,0,,,approve_none_grouped
a4f37b0bdb42ec96f1636a1eec8a6ec57525cc14437f5abebef4070c62d43ce0,classified,Populus balsamifera,Plant heigh,7274,2,1381,46,625,0,,domain_outlier;taxon_outlier,0,0,0,,,approve_none_grouped
70354079e94841ec0aec7baff276ae4b94abcccebef41b445b5ec3b9dc214a26,classified,Populus deltoides,Plant heigh,6851,2,1257,19,250,0,,domain_outlier;taxon_outlier,1,0,1,,9ae5771978e17974f01af767bdbf52d3d2735f35c7c43938ecf74f416311ee23,approve_none_after_source_rule
fafae47f33073058dcaa01d7ea04c85a87d16578f53eb80bec04e21cc35b959d,classified,Populus fremontii,Plant heigh,383,1,85,1,26,0,,domain_outlier;taxon_outlier,0,0,0,,,approve_none_grouped
d5f40f38c423748313b6e1314620031d52d7da47b755d21cf87d229e8980f84f,classified,Populus grandidentata,Plant heigh,32388,2,3929,0,1136,0,,taxon_outlier,0,0,0,,,approve_none_grouped
228035ba45661f95a007c6c1f4046269a651187bcd9b6cd3084592560a7e3985,classified,Populus heterophylla,Plant heigh,346,1,82,0,9,0,,taxon_outlier,0,0,0,,,approve_none_grouped
ace67090bc47e28536f197e8bb336876261f336f1b0a5a6d2f2a372162613274,classified,Populus tremuloides,Plant heigh,151346,2,12810,94,8308,0,,domain_outlier;taxon_outlier,0,0,0,,,approve_none_grouped
583aa859ea59f5b93035051d2c0229a95f15c2ab791192a8e9985d74e8ff18ce,classified,Portulaca oleracea,Plant heigh,21,1,3,0,1,0,,taxon_outlier,0,0,0,,,approve_none_grouped
e73b2710f41601226d1259c0e4b31a27876d8e956a8e0c220e841f7793bf09c0,classified,Potentilla aurea,Plant heigh,43,1,11,0,2,0,,taxon_outlier,1,0,1,,dafcf1b2331a12f892bcef0815ee62674a8b070e5f93b4e845cdbcd3620f3be3,approve_none_after_source_rule
b1c881aea00f6634ad48f32a7d8e3977eee82cf9ec53091631d36e11cf1ffbf4,classified,Potentilla crantzii,Plant heigh,47,1,23,0,5,0,,taxon_outlier,1,0,1,,dafcf1b2331a12f892bcef0815ee62674a8b070e5f93b4e845cdbcd3620f3be3,approve_none_after_source_rule
3bc0ed35dbbc9e99c2caba320a3e34abd7ddd4e070b6bef245b065dffab1a6b0,classified,Potentilla crinita,Plant heigh,20,1,4,0,2,0,,taxon_outlier,0,0,0,,,approve_none_grouped
45cbcd023b3a7e902b3b9f528a0535d9e66f41edcd18ead9ef27138cc4367ad5,classified,Potentilla erecta,Plant heigh,36,1,11,0,8,0,,taxon_outlier,1,0,1,,9ae5771978e17974f01af767bdbf52d3d2735f35c7c43938ecf74f416311ee23,approve_none_after_source_rule
7f6ab7ff68c946fcd5561b6c6358ed55d7069651210510f8ae22d1380be3fb20,classified,Potentilla gracilis,Plant heigh,25,1,2,0,4,0,,taxon_outlier,0,0,0,,,approve_none_grouped
78554841af34850e075a2429fab029dcabc5f01431a649a7b028939073367450,classified,Potentilla hippiana,Plant heigh,21,1,3,0,2,0,,taxon_outlier,0,0,0,,,approve_none_grouped
e06ec8bfcbc5218eddfb5d2f0e19ec43ca239ff3f6ddd0d467a9c2323ded3820,classified,Potentilla micrantha,Plant heigh,17,1,3,0,1,0,,taxon_outlier,0,0,0,,,approve_none_grouped
1353a9e85c7fa31d1c0e343b0c60ec4f8394edf93d323780635a57df74f320d4,classified,Potentilla pusilla,Plant heigh,53,1,7,0,1,0,,taxon_outlier,0,0,0,,,approve_none_grouped
273f864d2022ee7cb078aff1a9e75dfebd3e715cba14e5ccf58a7097779e18c6,classified,Potentilla recta,Plant heigh,31,1,6,0,3,0,,taxon_outlier,0,0,0,,,approve_none_grouped
797761f5bc5033acc0dfc254ea85a4c373557bfe44352403d691faac990619f7,classified,Potentilla subviscosa,Plant heigh,20,1,1,0,1,0,,taxon_outlier,0,0,0,,,approve_none_grouped
f4715057ba3cf82c57993ccb5722f91308c5a64f9710fa0eaa34f1a7f39197be,classified,Potentilla verna,Plant heigh,276,1,14,0,6,0,,taxon_outlier,0,0,0,,,approve_none_grouped
d52555a4b26f6b226473df417dbe3c5bf19558d95431c0bdd6a6e7ee9cc6b985,classified,Poterium sanguisorba,Plant heigh,291,1,14,0,13,0,,taxon_outlier,0,0,0,,,approve_none_grouped
589e9e1216dd0852bf25cb720e65d5cca49e383e4904e499026787924c153845,classified,Prenanthes purpurea,Plant heigh,29,1,5,1,5,0,,domain_outlier;taxon_outlier,0,0,0,,,approve_none_grouped
2dee54f7b6e25ede7a42f8821cde427eee696b133b567fedefb4938798f0b685,classified,Primula integrifolia,Plant heigh,68,1,2,0,4,0,,taxon_outlier,1,0,1,,dafcf1b2331a12f892bcef0815ee62674a8b070e5f93b4e845cdbcd3620f3be3,approve_none_after_source_rule
302a3a66578de9500251eb9363c3f69eb9cab9f4508492014e696060a9b1539a,classified,Primula latifolia,Plant heigh,26,1,2,0,4,0,,taxon_outlier,0,0,0,,,approve_none_grouped
62e9bb133651aca12bf0e35019c2fb9103ad723b1584671ddd4e7f065619dace,classified,Primula veris,Plant heigh,101,1,5,0,7,0,,taxon_outlier,1,0,1,,9ae5771978e17974f01af767bdbf52d3d2735f35c7c43938ecf74f416311ee23,approve_none_after_source_rule
b51e47a607b54c30c89a868cf01cc6b548db11ec0ab454d75c8cb60a788f564e,classified,Primula vulgaris,Plant heigh,45,1,5,0,5,0,,taxon_outlier,0,0,0,,,approve_none_grouped
06a79b8a8e034f73902aa9093b2f5750f2b1213f22964b1698c5e559cdb858da,classified,Prosopis glandulosa,Plant heigh,15083,1,2586,0,999,0,,taxon_outlier,0,0,0,,,approve_none_grouped
5504f724845a3094b57e331d45720496e4bc6a87fda5372fea03d793967b5933,classified,Prosopis pubescens,Plant heigh,40,1,10,0,1,0,,taxon_outlier,0,0,0,,,approve_none_grouped
39b86647f6c2b3663d0609690abc539e13923624a021764753f02c5a73e5dc1f,classified,Prosopis velutina,Plant heigh,2877,2,392,0,141,0,,taxon_outlier,0,0,0,,,approve_none_grouped
210019dceca64c6ee492574665a7cb0c400ef9e6f46debbb09e0d0720006ac1c,classified,Prunella vulgaris,Plant heigh,147,1,20,1,23,0,,domain_outlier;taxon_outlier,1,0,1,,9ae5771978e17974f01af767bdbf52d3d2735f35c7c43938ecf74f416311ee23,approve_none_after_source_rule
82b1bbcde05c1977c08c074edd4a5023c4799e43017492be7d5d80f89a302c07,classified,Prunus americana,Plant heigh,498,1,216,0,47,0,,taxon_outlier,0,0,0,,,approve_none_grouped
e59db64573e0ba38adbee4c2112823f4a15a6d54f036d5954d9b7ebb736b8262,classified,Prunus avium,Plant heigh,386,2,134,1,25,0,,domain_outlier;taxon_outlier,0,0,0,,,approve_none_grouped
8314d23dade4ce8df0851d0ac3cc332b8b7eb5a3305d270cd794b917466a3eb2,classified,Prunus emarginata,Plant heigh,702,1,234,0,8,0,,taxon_outlier,0,0,0,,,approve_none_grouped
fe0632b4c54cd602a39aab09a972acdd81eca3eef6e906c25900b3f193da7a35,classified,Prunus pensylvanica,Plant heigh,2110,2,666,1,184,0,,domain_outlier;taxon_outlier,1,0,1,,9ae5771978e17974f01af767bdbf52d3d2735f35c7c43938ecf74f416311ee23,approve_none_after_source_rule
538d8a0e0ded70bf694b5863b7ffebe3c67bb17a696334fd9e37d6ce8e0a5b47,classified,Prunus persica,Plant heigh,22,2,5,1,5,0,,domain_outlier;taxon_outlier,0,0,0,,,approve_none_grouped
579b69507e9b0d974d5f244a850b143f26117d8290942aaf726c8222e2c8543c,classified,Prunus serotina,Plant heigh,102826,2,24013,5,2826,0,,domain_outlier;taxon_outlier,1,0,1,,9ae5771978e17974f01af767bdbf52d3d2735f35c7c43938ecf74f416311ee23,approve_none_after_source_rule
5b0607f9f984c7ca61c1f12bc466ace55ec8e829665d021d0a847fc59e9db480,classified,Prunus spinosa,Plant heigh,66,1,7,1,12,0,,domain_outlier;taxon_outlier,0,0,0,,,approve_none_grouped
7729956b7987b47b266279c02e73012fb52761f5cd885c835e79aed87c93b3dc,classified,Prunus virginiana,Plant heigh,431,2,183,2,10,0,,domain_outlier;taxon_outlier,1,0,1,,9ae5771978e17974f01af767bdbf52d3d2735f35c7c43938ecf74f416311ee23,approve_none_after_source_rule
7efb2afb5b929eb5b92feccfde1f1f047883469f5e01c76585462f76c21ed8db,classified,Pseudoroegneria spicata,Plant heigh,22,1,2,0,1,0,,taxon_outlier,0,0,0,,,approve_none_grouped
582a4f33df5b8c9cf3c56707f0e8ebcb96f6ec3e3c63a7092387e19ba926de86,classified,Pseudotsuga macrocarpa,Plant heigh,103,1,25,3,13,0,,domain_outlier;taxon_outlier,0,0,0,,,approve_none_grouped
9d3b72b0af1a638f68617d944c24255ed4626eba8445c61d65dcc38ccea8cdfd,classified,Pseudotsuga menziesii,Plant heigh,258407,2,20051,13934,26556,0,,domain_outlier;taxon_outlier,0,0,0,,,approve_none_grouped
b98ddbdcbf0a683d953523886608a5bac970d63229bebc3a5507883404fee508,classified,Pseudoturritis turrita,Plant heigh,19,1,3,0,1,0,,taxon_outlier,0,0,0,,,approve_none_grouped
829684078c63d6bae7661d888ca58f2b416142a5e20096ad466124a8db355f30,classified,Pteridium aquilinum,Plant heigh,33,1,5,6,2,0,,domain_outlier;taxon_outlier,0,0,0,,,approve_none_grouped
84644bdb61ba768c1ce167679bc2ef4f20c7ff0f2d5e8e401dd20c1855bd57ca,classified,Pulicaria dysenterica,Plant heigh,28,1,4,4,5,0,,domain_outlier;taxon_outlier,0,0,0,,,approve_none_grouped
cf3ca8c62d73d77aac04dcec246ec81fc5ddd3e2b52cc82ecafa676f6be4bf03,classified,Pulsatilla vernalis,Plant heigh,12,1,3,0,1,0,,taxon_outlier,1,0,1,,dafcf1b2331a12f892bcef0815ee62674a8b070e5f93b4e845cdbcd3620f3be3,approve_none_after_source_rule
99ef74bc225cb85d848a19ff0dc6bc7f7377763cce0abf2b5e4f65d35ad97d82,classified,Pyrola elliptica,Plant heigh,18,1,1,0,1,0,,taxon_outlier,0,0,0,,,approve_none_grouped
6a55e2f96da694c1598a4aae46624f5301a50d988503986ada565d421e097b0b,classified,Pyrola media,Plant heigh,10,1,1,0,1,0,,taxon_outlier,0,0,0,,,approve_none_grouped
876a9a8501999fe3dcc1e42b64b3d5a5c12a1837d918b384cbaed56b0431daac,classified,Pyrola minor,Plant heigh,11,1,2,0,3,0,,taxon_outlier,1,0,1,,dafcf1b2331a12f892bcef0815ee62674a8b070e5f93b4e845cdbcd3620f3be3,approve_none_after_source_rule
87c130662bb99af28b3be2fe33cf23c42c1856c1f384b7ee6268a1d7a10b1296,classified,Pyrus communis,Plant heigh,19,2,3,1,1,0,,domain_outlier;taxon_outlier,0,0,0,,,approve_none_grouped
f7d5f83fac6dadd635f16d090fb21d2d6035edeee003d7845485d0de50ab5c43,classified,Quercus agrifolia,Plant heigh,2624,2,299,0,155,0,,taxon_outlier,0,0,0,,,approve_none_grouped
68b9e51e561c1d67f2a1fb8125161b872800ea478c259fabbd0503237e052965,classified,Quercus alba,Plant heigh,234881,2,31519,6,9565,0,,domain_outlier;taxon_outlier,1,0,1,,9ae5771978e17974f01af767bdbf52d3d2735f35c7c43938ecf74f416311ee23,approve_none_after_source_rule
7efd67fadaf05df87a7436228882d0e1e8dc32be766f8fdab58346d30b3446e4,classified,Quercus arizonica,Plant heigh,11391,1,1235,0,503,0,,taxon_outlier,0,0,0,,,approve_none_grouped
e82ca70a1382ebf66be9289880f0d855106913808527cf579b4cb6fc8cf4536f,classified,Quercus bicolor,Plant heigh,2461,2,633,1,99,0,,domain_outlier;taxon_outlier,1,0,1,,9ae5771978e17974f01af767bdbf52d3d2735f35c7c43938ecf74f416311ee23,approve_none_after_source_rule
a8ff9a1d5cc78e729e48dda34e32a0f2c402e6e5d0404e3c0a3d681ec2a55de2,classified,Quercus buckleyi,Plant heigh,554,1,111,0,33,0,,taxon_outlier,0,0,0,,,approve_none_grouped
d9c8bd06835cc37567d6de740547a238ecab39305660614f51200326eceebdcf,classified,Quercus chrysolepis,Plant heigh,14508,1,1112,1,1117,0,,domain_outlier;taxon_outlier,0,0,0,,,approve_none_grouped
009c928c25a0eabae8a829491275637d76664cb29461db41198e03b4ceb3406c,classified,Quercus coccifera,Plant heigh,96,1,14,57,1,0,,domain_outlier;taxon_outlier,0,0,0,,,approve_none_grouped
b72925ac0fbaa33f2927e6b12b8e9ff475a7e1f4cbe3dc88198182b5110fc919,classified,Quercus coccinea,Plant heigh,55990,2,10150,0,3247,0,,taxon_outlier,0,0,0,,,approve_none_grouped
d53ba850a9d2f91d632e766f4b9da56d06810a5b65cefb8636b8f7bfc65ad598,classified,Quercus douglasii,Plant heigh,7307,2,1210,0,268,0,,taxon_outlier,0,0,0,,,approve_none_grouped
96a3f18085fd003382fd89d5d7d31255b1d84a0a21eee4961bbce64a89c729ed,classified,Quercus ellipsoidalis,Plant heigh,10591,2,1415,4,229,0,,domain_outlier;taxon_outlier,0,0,0,,,approve_none_grouped
6c5805332e38e19b795cb625667479d04ae86b1cff21f88a9234a6e667e22a3e,classified,Quercus emoryi,Plant heigh,4800,1,687,0,274,0,,taxon_outlier,0,0,0,,,approve_none_grouped
347c3e4cb389e48cd3b031235408278c6a23c0146de1fe1ea86e668dbb3a9390,classified,Quercus engelmannii,Plant heigh,24,1,8,0,4,0,,taxon_outlier,0,0,0,,,approve_none_grouped
91cd86f3445f957a4fca130ae4ace0a84b361cd174424acefbdd35f4a7b14ee7,classified,Quercus faginea,Plant heigh,65,1,6,1,12,0,,domain_outlier;taxon_outlier,0,0,0,,,approve_none_grouped
2aa1c262dfd22d17ed3ebbd6246d33d7ecf9a8a558c882332c64a0ae653fffa7,classified,Quercus falcata,Plant heigh,89226,1,19240,1,832,0,,domain_outlier;taxon_outlier,0,0,0,,,approve_none_grouped
31797b2c0e5381e586625c0caa6050aa12fed6d90f4568164a2f7247bead3fb1,classified,Quercus gambelii,Plant heigh,58930,2,3445,2,5589,0,,domain_outlier;taxon_outlier,0,0,0,,,approve_none_grouped
d9b8ef75b9558b2761bc3dca528c6180f76c7fd27a849b18f6e0c38a614e5900,classified,Quercus garryana,Plant heigh,4900,1,458,0,411,0,,taxon_outlier,0,0,0,,,approve_none_grouped
f8e4ec5ff7014887a676a82636b77b75b576294850f0a12a7ff8913384778b07,classified,Quercus gravesii,Plant heigh,13,1,2,0,3,0,,taxon_outlier,0,0,0,,,approve_none_grouped
a5c3ece945629f6301f24fef8b950a1bbe84230f147c2f263d5208d5c3f0e09b,classified,Quercus grisea,Plant heigh,247,1,35,0,24,0,,taxon_outlier,0,0,0,,,approve_none_grouped
025ef3be7a67556291c9df1cd9089080328f197bb11bd5dedc45e32eab3dab4a,classified,Quercus hypoleucoides,Plant heigh,2161,1,177,0,109,0,,taxon_outlier,0,0,0,,,approve_none_grouped
cf858fc18e61ecee5a0b64d8470598086949ba69fc997d6015285211b98cf7f3,classified,Quercus ilex,Plant heigh,5490,2,20,2267,243,0,,domain_outlier;taxon_outlier,0,0,0,,,approve_none_grouped
b63fbb36b6f4df6d9e0f63183883cd765534e311688d53484adf890d72b7f9e6,classified,Quercus ilicifolia,Plant heigh,123,1,37,0,16,0,,taxon_outlier,0,0,0,,,approve_none_grouped
1bb45078621cfe3209493640efbaea5aa823399236aebd13a4a04615c2bca46d,classified,Quercus imbricaria,Plant heigh,2546,1,686,0,93,0,,taxon_outlier,0,0,0,,,approve_none_grouped
117347343e1727a5ba70254bea566192c21acf800c89bd8822e697b8bf5c7f46,classified,Quercus incana,Plant heigh,1697,1,432,0,82,0,,taxon_outlier,0,0,0,,,approve_none_grouped
24efc0188e1a49a7f3d8f051b550a0ebf7c2bf9ba428b43c1141716ab5cee873,classified,Quercus kelloggii,Plant heigh,9107,2,1213,1,685,0,,domain_outlier;taxon_outlier,0,0,0,,,approve_none_grouped
4f0ed9cf28634ac55eacfb5f0be98181235ec8f3c1e1e57e126944bc8ee5da94,classified,Quercus laceyi,Plant heigh,26,1,7,0,4,0,,taxon_outlier,0,0,0,,,approve_none_grouped
7ab971492ccea5786293a63742ebac115aa3bb9f0e40ca2791e07a0c3a1a1321,classified,Quercus laevis,Plant heigh,16058,1,1681,0,1069,0,,taxon_outlier,0,0,0,,,approve_none_grouped
09403d8f9364b98f0e66d4943b59af669ef2ffe27f0dad34c85b0bd69042d8cf,classified,Quercus laurifolia,Plant heigh,68309,1,9028,0,398,0,,taxon_outlier,0,0,0,,,approve_none_grouped
bea0e69a7021b4d99d34b3bc447b227b70f7e8d13f7f8df76e29e6f21e700fed,classified,Quercus lobata,Plant heigh,491,2,111,0,22,0,,taxon_outlier,0,0,0,,,approve_none_grouped
0c746ca80658245efbdc7d6a3677e4fa9af11d75b7ebd0049bb3af0eeeeab668,classified,Quercus lyrata,Plant heigh,10695,1,1805,2,367,0,,domain_outlier;taxon_outlier,0,0,0,,,approve_none_grouped
7ba413298602bee6a715400f7c9e5fb109d7f9890a7af6f19bc0ad641e16fa40,classified,Quercus macrocarpa,Plant heigh,11214,2,1616,10,261,0,,domain_outlier;taxon_outlier,1,0,1,,9ae5771978e17974f01af767bdbf52d3d2735f35c7c43938ecf74f416311ee23,approve_none_after_source_rule
6c2df1ab0e1ab5c324c775b704ffcc87eca426e4ebfec9b264c573ae8d7f3506,classified,Quercus margarettae,Plant heigh,8417,1,1210,0,453,0,,taxon_outlier,0,0,0,,,approve_none_grouped
3997a7a2ac64d0b1f336f4ee380e2d5a1a9a8bfcbc16f638233ab5e0858f8dc7,classified,Quercus marilandica,Plant heigh,19677,1,4308,0,395,0,,taxon_outlier,0,0,0,,,approve_none_grouped
458eb92516f0fbc3b0bea506617f9281507166407e891f486a3328100063e080,classified,Quercus michauxii,Plant heigh,126391,2,11545,2,6835,0,,domain_outlier;taxon_outlier,1,0,1,,9ae5771978e17974f01af767bdbf52d3d2735f35c7c43938ecf74f416311ee23,approve_none_after_source_rule
cb80d4cee007c0d506cae3480177fa4123bda26d1b29f61bf1c6e0dd5bf7ebb6,classified,Quercus minima,Plant heigh,775,1,158,0,63,0,,taxon_outlier,0,0,0,,,approve_none_grouped
3c3998a48a47efe6a60f2c3fa25cb02e483fe9ab4825873472efb54fcc3715ed,classified,Quercus muehlenbergii,Plant heigh,9070,1,2114,0,497,0,,taxon_outlier,0,0,0,,,approve_none_grouped
970c526a8ef7f13382b003338ab8b2feca27951fe34e2358d04fc091700256b6,classified,Quercus nigra,Plant heigh,164221,2,23717,10,3143,0,,domain_outlier;taxon_outlier,1,0,1,,9ae5771978e17974f01af767bdbf52d3d2735f35c7c43938ecf74f416311ee23,approve_none_after_source_rule
d3675bdb9e47b0c76c671edbf130f8af13aaeb55f44d4161ab220ff1cd106d6b,classified,Quercus oblongifolia,Plant heigh,426,1,91,0,24,0,,taxon_outlier,0,0,0,,,approve_none_grouped
c0993b5327ce93ec63ff360b3eebf9bf3b563e919e5f44b70f9e90c669069353,classified,Quercus oglethorpensis,Plant heigh,45,1,2,0,3,0,,taxon_outlier,0,0,0,,,approve_none_grouped
9726a9c06af1c008402da74f6469e6fc1ce90fb0b9ac71035e97b4671b67b61d,classified,Quercus pagoda,Plant heigh,17749,1,4910,9,242,0,,domain_outlier;taxon_outlier,0,0,0,,,approve_none_grouped
0215462c891592858dbc0e850099e4e9c9882f3e2ce7a485e8422a8b846c2e20,classified,Quercus palustris,Plant heigh,3255,1,768,0,59,0,,taxon_outlier,0,0,0,,,approve_none_grouped
b7cc523992ab8ed46597703b10af04a49ddf180ef54ff86f970fb52059116881,classified,Quercus phellos,Plant heigh,32613,1,6261,3,146,0,,domain_outlier;taxon_outlier,0,0,0,,,approve_none_grouped
872c9def7ed4c2dc8247bc81d9fad663d8a8bf4b79216606be64e4c9acc14c21,classified,Quercus pyrenaica,Plant heigh,5576,1,7,2984,429,0,,domain_outlier;taxon_outlier,0,0,0,,,approve_none_grouped
307938ca2560e5694eac6377c85fe1c989bcb733e3199c13f3ee43fc83f7e730,classified,Quercus robur,Plant heigh,5900,1,26,3626,138,0,,domain_outlier;taxon_outlier,0,0,0,,,approve_none_grouped
947eff79900437063ca15804a927be148cf7ac388948ad2e70edb6b229a3f661,classified,Quercus rubra,Plant heigh,112425,2,19960,2,5939,0,,domain_outlier;taxon_outlier,0,0,0,,,approve_none_grouped
7edd643c8ea335f44606133d17b7fd253e535e70167c78194f49bb8852f53747,classified,Quercus rugosa,Plant heigh,5445,1,297,0,79,0,,taxon_outlier,0,0,0,,,approve_none_grouped
de87fb89c35722aaee1ca804c85e72639e2e8546c380ad881dbc0cc395589554,classified,Quercus shumardii,Plant heigh,3728,2,1294,0,78,0,,taxon_outlier,0,0,0,,,approve_none_grouped
d394b16edb4a2226e291f9c6a30b3e25d5a26e4f95bdc6a4744a87d1026484d7,classified,Quercus similis,Plant heigh,90,1,54,0,2,0,,taxon_outlier,0,0,0,,,approve_none_grouped
8f93e9e8f910fef47082c6d02a494c86bf0fdfbf16ce0fcce6a29f6ac599eed5,classified,Quercus sinuata,Plant heigh,276,1,74,0,1,0,,taxon_outlier,0,0,0,,,approve_none_grouped
8ad190a0d0fb1170af8e497d88d4bd19e8c83fb1a9cf75673d78754362ebb5e7,classified,Quercus stellata,Plant heigh,108333,1,17936,0,4551,0,,taxon_outlier,0,0,0,,,approve_none_grouped
94de1cab4e5dc61edb2989aa35d2e5e4038d19496380679ab695a1f79e4d3ddb,classified,Quercus suber,Plant heigh,260,2,17,1,13,0,,domain_outlier;taxon_outlier,0,0,0,,,approve_none_grouped
4abaf0f821d7bffb294e584d41bbf4bdcfb69a3f7e677ba892a4679f3cfc7cc1,classified,Quercus texana,Plant heigh,2836,1,553,3,75,0,,domain_outlier;taxon_outlier,0,0,0,,,approve_none_grouped
94cade9c3223864a0367d0b3eb6e1e365b796f84a3c6e801474f2edd96e434eb,classified,Quercus velutina,Plant heigh,88667,1,17993,2,6288,0,,domain_outlier;taxon_outlier,0,0,0,,,approve_none_grouped
b72aa7f2b8af462168857ac2ca39bd3ca3ebd8aef23cf8c775bcaa3cf6e22087,classified,Quercus virginiana,Plant heigh,18542,1,2623,0,251,0,,taxon_outlier,0,0,0,,,approve_none_grouped
cc4de21302040c7770a4c3598be507bd8f49e9d2a1428ca40c1021215a43b686,classified,Quercus wislizeni,Plant heigh,3995,1,365,0,156,0,,taxon_outlier,0,0,0,,,approve_none_grouped
41714acbf7882e3f4d666d2c9abf452db1e90082882d4f3ed10940f5f605ed74,classified,Ranunculus acris,Plant heigh,232,1,58,68,26,0,,domain_outlier;taxon_outlier,2,0,2,,9ae5771978e17974f01af767bdbf52d3d2735f35c7c43938ecf74f416311ee23;dafcf1b2331a12f892bcef0815ee62674a8b070e5f93b4e845cdbcd3620f3be3,approve_none_after_source_rule
93ec7e13836e33874bd303b78865f48bf66941cc9ddf49013b064024c027d7c0,classified,Ranunculus adoneus,Plant heigh,19,1,2,0,4,0,,taxon_outlier,1,0,1,,dafcf1b2331a12f892bcef0815ee62674a8b070e5f93b4e845cdbcd3620f3be3,approve_none_after_source_rule
9468b80f0a1df021895e5ff995189485191a73b5122ea6f82f6aef12d35e47d9,classified,Ranunculus bulbosus,Plant heigh,26,1,24,10,7,0,,domain_outlier;taxon_outlier,0,0,0,,,approve_none_grouped
d3537f80215bee2f91d410c07954f3d0af84c5332ebbb00eeddf0382fc6aaa3f,classified,Ranunculus montanus,Plant heigh,15,1,11,0,2,0,,taxon_outlier,0,0,0,,,approve_none_grouped
818e15a3314f6c91e6bffdb25ff647b47331430710087d3b45ccf33c8731d466,classified,Ranunculus nivalis,Plant heigh,31,1,2,0,4,0,,taxon_outlier,1,0,1,,dafcf1b2331a12f892bcef0815ee62674a8b070e5f93b4e845cdbcd3620f3be3,approve_none_after_source_rule
7b2641ac54ab576d571444d1efdefa1e392a7e58d1b32830e255daec880602ac,classified,Ranunculus repens,Plant heigh,156,1,8,9,16,0,,domain_outlier;taxon_outlier,0,0,0,,,approve_none_grouped
84a591b59237740f56b515ee889fdbb7317fe7ae359ee140e79403d622209ad3,classified,Rhamnus lycioides,Plant heigh,48,1,7,10,12,0,,domain_outlier;taxon_outlier,0,0,0,,,approve_none_grouped
cc31903de63e237053efa1188eb678a4d20b5bc8f4f5ad01a1a6bb20d3f55df1,classified,Rhododendron ferrugineum,Plant heigh,68,1,6,35,3,0,,domain_outlier;taxon_outlier,1,0,1,,dafcf1b2331a12f892bcef0815ee62674a8b070e5f93b4e845cdbcd3620f3be3,approve_none_after_source_rule
a2de22f278140f17fcc328d057992319ff739c15d119dac6bf4c6b34c0586b6e,classified,Rhododendron groenlandicum,Plant heigh,351,1,18,84,24,0,,domain_outlier;taxon_outlier,1,0,1,,dafcf1b2331a12f892bcef0815ee62674a8b070e5f93b4e845cdbcd3620f3be3,approve_none_after_source_rule
c6eb9903ab7a299ac3a2be6cb632100a1ab37e003f7c3f2ec4c2f1c37ba56239,classified,Rhododendron tomentosum,Plant heigh,667,1,19,0,144,0,,taxon_outlier,1,0,1,,dafcf1b2331a12f892bcef0815ee62674a8b070e5f93b4e845cdbcd3620f3be3,approve_none_after_source_rule
2fd6bea3017e4b4589e774dc05922695eeb6ca5206c8e7e430779635467c3d84,classified,Rhus glabra,Plant heigh,11,1,3,7,2,0,,domain_outlier;taxon_outlier,1,0,1,,9ae5771978e17974f01af767bdbf52d3d2735f35c7c43938ecf74f416311ee23,approve_none_after_source_rule
d5a66c9dcfa53721ed54561477962324faa32d461709f2a337eb7b80beb76907,classified,Ribes montigenum,Plant heigh,10,1,3,3,1,0,,domain_outlier;taxon_outlier,1,0,1,,dafcf1b2331a12f892bcef0815ee62674a8b070e5f93b4e845cdbcd3620f3be3,approve_none_after_source_rule
8c20a8b76cf1062b0890d75b54c7b17eecf02fb20e54bd191f00ae27db46c533,classified,Robinia neomexicana,Plant heigh,979,2,96,2,248,0,,domain_outlier;taxon_outlier,0,0,0,,,approve_none_grouped
742fac936adff9e54b9ef8abec403b36891c34fcb5dfa4d01bfa3c96e2e80b68,classified,Robinia pseudoacacia,Plant heigh,29749,2,5209,13,2074,0,,domain_outlier;taxon_outlier,0,0,0,,,approve_none_grouped
1aea43835e91f3a09ac9ca053733f8172dd6f8c089b82d7d0eee976779582d49,classified,Rosa,Plant heigh,64,1,4,2,9,0,,domain_outlier;taxon_outlier,1,0,1,,9ae5771978e17974f01af767bdbf52d3d2735f35c7c43938ecf74f416311ee23,approve_none_after_source_rule
ec280dec73522af8f023b0b35c5821fa075dc7a050fe71b501c37fcf0414041e,classified,Rosa rugosa,Plant heigh,27,1,27,24,1,0,,domain_outlier;taxon_outlier,0,0,0,,,approve_none_grouped
82e35089f910c06fe80cc8c70ac42593600fd9dc766d9f8c44b45d79521e4042,classified,Rosa woodsii,Plant heigh,20,1,2,3,3,0,,domain_outlier;taxon_outlier,0,0,0,,,approve_none_grouped
0d45895faa407ceb033498d00870e255b62241bc04beb20af475aff32810f41b,classified,Rubia peregrina,Plant heigh,16,1,5,1,4,0,,domain_outlier;taxon_outlier,0,0,0,,,approve_none_grouped
80ecc442a6a5191623f53c731c7a922f8b3f8c262fa8baaa13828b59f890bae0,classified,Rubus,Plant heigh,31,1,9,5,5,0,,domain_outlier;taxon_outlier,0,0,0,,,approve_none_grouped
2124686a5fb329d3a11da08032df6f199429d281618bf32e11704c5b7bd26fb5,classified,Rubus allegheniensis,Plant heigh,31,1,3,4,3,0,,domain_outlier;taxon_outlier,1,0,1,,9ae5771978e17974f01af767bdbf52d3d2735f35c7c43938ecf74f416311ee23,approve_none_after_source_rule
b31f2c825193fc8c6091ad9bc2b7e05bb9dd6c73f41f769a863afa5364e9286e,classified,Rubus cuneifolius,Plant heigh,24,1,4,14,4,0,,domain_outlier;taxon_outlier,0,0,0,,,approve_none_grouped
fb937406074f3065cb49def623db3bf1cb5c65c8d21d9dd11d198eb15f42e57c,classified,Rubus flagellaris,Plant heigh,39,1,3,0,3,0,,taxon_outlier,0,0,0,,,approve_none_grouped
823ea7e1b8aaa8d91a82df40e466c54322b5a5f9bf0fbe06beea4d23ce1fcf76,classified,Rubus occidentalis,Plant heigh,15,1,2,11,3,0,,domain_outlier;taxon_outlier,0,0,0,,,approve_none_grouped
87364519bbc8a0b3d4e7f2d56e99a93dc60f4c4824f948be3ccac28c395e3465,classified,Rubus ulmifolius,Plant heigh,61,1,7,1,5,0,,domain_outlier;taxon_outlier,0,0,0,,,approve_none_grouped
0cac290208dd9fb971de091541773a933425a1c971186fb6126577fe7bddf100,classified,Rudbeckia hirta,Plant heigh,24,2,3,1,5,0,,domain_outlier;taxon_outlier,0,0,0,,,approve_none_grouped
8ff09bb5b8e97e08b49cb32a87446ad1f3f2be9ec2130e832151af497dc0557b,classified,Rudbeckia triloba,Plant heigh,10,1,1,10,4,0,,domain_outlier;taxon_outlier,0,0,0,,,approve_none_grouped
7cd6f97989dca7d9fedf6f72ae0c10c2e4fcd399654fdaa286e98a1b7f18a13f,classified,Rumex acetosa,Plant heigh,242,1,60,115,8,0,,domain_outlier;taxon_outlier,1,0,1,,9ae5771978e17974f01af767bdbf52d3d2735f35c7c43938ecf74f416311ee23,approve_none_after_source_rule
f00752af4494ec5295aea8e6e4beda89937e0a97ba4f95da888afc55714ce93d,classified,Rumex acetosella,Plant heigh,35,2,8,0,1,0,,taxon_outlier,1,0,1,,de1fd16911999d42ae36d9dbf3523f3f8df9363da29b300bd0c9b52fb4673246,approve_none_after_source_rule
eb7d5c8bfeffb0824f3a3cf52cec316fed04cb33661c3af033d42cbf99d4e6ec,classified,Ruscus aculeatus,Plant heigh,31,1,1,0,4,0,,taxon_outlier,0,0,0,,,approve_none_grouped
77799844d1aa516cbd5377eb8e18fc9d266ab6991a69552c2dab8eea7f0b3bc2,classified,Sabal mexicana,Plant heigh,31,1,4,0,6,0,,taxon_outlier,0,0,0,,,approve_none_grouped
baa6bff4e075acfa3c580a33de5c38675f2d02485ef560013671a3f4b213ee2b,classified,Sabal palmetto,Plant heigh,725,1,95,0,40,0,,taxon_outlier,0,0,0,,,approve_none_grouped
02b1842fe295e7102f22ec492969d9d0ac2d3713dc3c6f280b85005a4d10fc53,classified,Sagina saginoides,Plant heigh,10,1,1,0,2,0,,taxon_outlier,1,0,1,,17ae96fe95cc0ee56d5f617b5044589bf95c13dc2cca79d3ac73b39418314499,approve_none_after_source_rule
4977ef6ae8eccacb9a5ae82fef978c539a94bbc05443bdb4f66037e354e6b633,classified,Salix,Plant heigh,185,1,19,87,12,0,,domain_outlier;taxon_outlier,1,0,1,,dafcf1b2331a12f892bcef0815ee62674a8b070e5f93b4e845cdbcd3620f3be3,approve_none_after_source_rule
48942e9c61e2bee381b2cb771022daaef6833052ad7190304ba125d91795ea2a,classified,Salix alba,Plant heigh,75,2,30,3,3,0,,domain_outlier;taxon_outlier,0,0,0,,,approve_none_grouped
f613583cc5ad84506f9e39d180ebcfd69b5bfb192674e481d95a171f21c5381c,classified,Salix amygdaloides,Plant heigh,173,2,73,1,18,0,,domain_outlier;taxon_outlier,1,0,1,,9ae5771978e17974f01af767bdbf52d3d2735f35c7c43938ecf74f416311ee23,approve_none_after_source_rule
10b46cdd612f4dcb2c59a4660182afc003f85afc67445a6d8065704502590df4,classified,Salix bebbiana,Plant heigh,61,1,30,0,8,0,,taxon_outlier,0,0,0,,,approve_none_grouped
9d00364af92d7d27b75203bbad60629e8d6b1b57700076b19ab7bad9d992f904,classified,Salix breviserrata,Plant heigh,27,1,3,1,2,0,,domain_outlier;taxon_outlier,0,0,0,,,approve_none_grouped
39d3401069a6669367f5021af8d745268f848213643727f77d77a22450d1effc,classified,Salix caprea,Plant heigh,10,2,6,1,1,0,,domain_outlier;taxon_outlier,0,0,0,,,approve_none_grouped
620a03cf850f2f2c64b96cb72d55d873ace356b69f386f85a9116f79c9546cc3,classified,Salix caroliniana,Plant heigh,160,1,42,0,4,0,,taxon_outlier,0,0,0,,,approve_none_grouped
b4299c85b80f04fd6bd1917e792c6b645f954aba9536d65bb15239d9e872056c,classified,Salix glauca,Plant heigh,136,1,27,65,3,0,,domain_outlier;taxon_outlier,1,0,1,,dafcf1b2331a12f892bcef0815ee62674a8b070e5f93b4e845cdbcd3620f3be3,approve_none_after_source_rule
11539a50a8d4be59c7aa921ad4fc5fb7ee20f73ba1138c8c7c3ebff29391fb32,classified,Salix herbacea,Plant heigh,317,1,33,0,15,0,,taxon_outlier,2,0,2,,30800ec14d04f64be96885655d4d09b23c3c8b236a95849d5a3f2b9a88ab170c;dafcf1b2331a12f892bcef0815ee62674a8b070e5f93b4e845cdbcd3620f3be3,approve_none_after_source_rule
74da569f539fe03599208e8ee6f703b9d3186159f4af95b1bde43ce9f199fbff,classified,Salix lapponum,Plant heigh,42,1,20,33,6,0,,domain_outlier;taxon_outlier,2,0,2,,30800ec14d04f64be96885655d4d09b23c3c8b236a95849d5a3f2b9a88ab170c;dafcf1b2331a12f892bcef0815ee62674a8b070e5f93b4e845cdbcd3620f3be3,approve_none_after_source_rule
c580b8efb7bf426a4ea0774c57d6b0f8726135448db5d3ba41c32830e8492e51,classified,Salix nigra,Plant heigh,9459,2,1609,1,479,0,,domain_outlier;taxon_outlier,1,0,1,,9ae5771978e17974f01af767bdbf52d3d2735f35c7c43938ecf74f416311ee23,approve_none_after_source_rule
564ec7f78773558cba77a58005497bc75f313747307101f2f0616b90d93f56ac,classified,Salix planifolia,Plant heigh,267,1,7,90,29,0,,domain_outlier;taxon_outlier,1,0,1,,dafcf1b2331a12f892bcef0815ee62674a8b070e5f93b4e845cdbcd3620f3be3,approve_none_after_source_rule
93ea2ee6dd015d3d27d44787d5bf33b2337e8c8605535ccef00db1f1486ecea4,classified,Salix purpurea,Plant heigh,29,1,5,26,3,0,,domain_outlier;taxon_outlier,0,0,0,,,approve_none_grouped
ae38ad99539ba5027ef5924b116dc80d441b2478e84fb711e3db5eaad2001900,classified,Salix repens,Plant heigh,16,1,12,5,1,0,,domain_outlier;taxon_outlier,0,0,0,,,approve_none_grouped
ce3c616575149544a394ddf83ac48a69de7bda044f5a421253e43ad589e864a8,classified,Salix reticulata,Plant heigh,250,1,9,0,71,0,,taxon_outlier,2,0,2,,30800ec14d04f64be96885655d4d09b23c3c8b236a95849d5a3f2b9a88ab170c;dafcf1b2331a12f892bcef0815ee62674a8b070e5f93b4e845cdbcd3620f3be3,approve_none_after_source_rule
4a0aa3ff3134dad63be9cb477a3c3ca04699d48b4c86f95ca99453c3286d1d4f,classified,Salix retusa,Plant heigh,61,1,5,0,4,0,,taxon_outlier,1,0,1,,dafcf1b2331a12f892bcef0815ee62674a8b070e5f93b4e845cdbcd3620f3be3,approve_none_after_source_rule
3c0cfaeebffe9aa44340478458ff0d0daf46e0f75f8cd15a7adfe4de5e799399,classified,Salix serpillifolia,Plant heigh,19,1,1,0,1,0,,taxon_outlier,0,0,0,,,approve_none_grouped
dbaffc3c51bc5401ab8202796324f93fbd14ffabd25e2b82568685f6240df7e1,classified,Salix vestita,Plant heigh,69,1,1,0,2,0,,taxon_outlier,1,0,1,,dafcf1b2331a12f892bcef0815ee62674a8b070e5f93b4e845cdbcd3620f3be3,approve_none_after_source_rule
f0feed7c3a67a045d4c4d49d190e6bc3d3b094344c5913c4a31aee5e889cd46e,classified,Salsola kali,Plant heigh,34,1,4,1,3,0,,domain_outlier;taxon_outlier,0,0,0,,,approve_none_grouped
ba1450f9080347cde2a73d7e22db671aedc4e9d363ae7fcea8bd4b04bd9466a0,classified,Salvia officinalis,Plant heigh,14,1,5,0,5,0,,taxon_outlier,0,0,0,,,approve_none_grouped
23201057b048b7964ca7acbdfc0c9a42d40997d073667607dc765a027a584a61,classified,Salvia rosmarinus,Plant heigh,163,1,25,100,6,0,,domain_outlier;taxon_outlier,1,0,1,,9ae5771978e17974f01af767bdbf52d3d2735f35c7c43938ecf74f416311ee23,approve_none_after_source_rule
948be4efe08a1508cfed161e6fd84d0994ced7934aea211d1eee4a9b08d9f1e4,classified,Sambucus nigra,Plant heigh,18,2,11,1,1,0,,domain_outlier;taxon_outlier,0,0,0,,,approve_none_grouped
734703c3f7244cd057ccc826999e7b080063dc8dbdb4a6023bffa7e79bdfa478,classified,Sambucus racemosa,Plant heigh,16,1,12,14,6,0,,domain_outlier;taxon_outlier,1,0,1,,9ae5771978e17974f01af767bdbf52d3d2735f35c7c43938ecf74f416311ee23,approve_none_after_source_rule
01d537b88d32b890a9963ce3266a80a6217fa011f189c33bd5a60aa38fe268da,classified,Sanicula europaea,Plant heigh,123,1,13,0,3,0,,taxon_outlier,0,0,0,,,approve_none_grouped
00dee4e1eb4a359aee2216526ed2fe6e4d8aa2757abf393e1c9838a1d95af31d,classified,Sapindus saponaria,Plant heigh,250,1,66,0,15,0,,taxon_outlier,0,0,0,,,approve_none_grouped
26dc0608d6afe229908f75fb3fb895c86e1f74eb5a1b01bd1b0673e0d55cee25,classified,Saponaria ocymoides,Plant heigh,27,1,3,0,2,0,,taxon_outlier,0,0,0,,,approve_none_grouped
6120754b96e3dd059d4bd1d5b69c816d521dc0f418f9125b9d88c803ff3a68e5,classified,Sassafras albidum,Plant heigh,29861,1,7374,0,552,0,,taxon_outlier,0,0,0,,,approve_none_grouped
250c945af379abff3a5408dbc81ab5ffdf4c159d875c3cd16ae9090403d1ecff,classified,Satureja montana,Plant heigh,28,1,4,0,1,0,,taxon_outlier,0,0,0,,,approve_none_grouped
07e0f283bfe8123dee225107f7e9c8fb705eaebe9295ab38b8059e272ca2e06b,classified,Saxifraga androsacea,Plant heigh,25,1,1,0,1,0,,taxon_outlier,0,0,0,,,approve_none_grouped
da5114d5abdcf6f5960dcf6bd94981b445b547eddb932d353d1baf758c45b661,classified,Saxifraga bryoides,Plant heigh,11,1,2,0,2,0,,taxon_outlier,1,0,1,,dafcf1b2331a12f892bcef0815ee62674a8b070e5f93b4e845cdbcd3620f3be3,approve_none_after_source_rule
30b0abb42dbe2f3422daf5249884505ebe91920b1c2a4bb194c1139c911023f4,classified,Saxifraga cuneifolia,Plant heigh,26,1,2,0,3,0,,taxon_outlier,0,0,0,,,approve_none_grouped
2808ff6bae2a394ace02e309e831808ad7c58167451d12b98ffeee1fd6299c76,classified,Saxifraga hirsuta,Plant heigh,10,1,2,0,1,0,,taxon_outlier,0,0,0,,,approve_none_grouped
4574d34c58b3d4b9ae0113baeb15943721b59e05fe501ceb141e7d654c5048d7,classified,Saxifraga oppositifolia,Plant heigh,12,1,3,0,2,0,,taxon_outlier,1,0,1,,dafcf1b2331a12f892bcef0815ee62674a8b070e5f93b4e845cdbcd3620f3be3,approve_none_after_source_rule
7fafa9e6b4a974d3b3c723d73a798fd27a79ff8a1c38b3171b64619685724744,classified,Saxifraga rotundifolia,Plant heigh,142,1,14,0,28,0,,taxon_outlier,0,0,0,,,approve_none_grouped
e9e4036f4471c5d79e03a9297318f6c09fea19b3f8cecc924865bdd04a47b9c4,classified,Scabiosa columbaria,Plant heigh,180,1,7,1,7,0,,domain_outlier;taxon_outlier,0,0,0,,,approve_none_grouped
de7f5349138d2acec0d19698d4dacfaa0a4bfdbb097657fc1a9ca1af26fff367,classified,Scirpus sylvaticus,Plant heigh,10,1,3,0,1,0,,taxon_outlier,0,0,0,,,approve_none_grouped
3be3b44a57360e44f2c8edebca331df86c59d64adc245a7941c1291f9e53ded3,classified,Scorzonera laciniata,Plant heigh,11,1,2,9,3,0,,domain_outlier;taxon_outlier,0,0,0,,,approve_none_grouped
653153a4f803d4c15218ab245cac7097ae70aebf38cdf79332c89c3802363b8b,classified,Scorzoneroides autumnalis,Plant heigh,85,1,6,0,5,0,,taxon_outlier,2,0,2,,9ae5771978e17974f01af767bdbf52d3d2735f35c7c43938ecf74f416311ee23;dafcf1b2331a12f892bcef0815ee62674a8b070e5f93b4e845cdbcd3620f3be3,approve_none_after_source_rule
fcad7f674b792a4fba92deb930062a270d122244a2ae35d2648b474ccc0e9717,classified,Scorzoneroides helvetica,Plant heigh,72,1,13,0,6,0,,taxon_outlier,2,0,2,,17ae96fe95cc0ee56d5f617b5044589bf95c13dc2cca79d3ac73b39418314499;dafcf1b2331a12f892bcef0815ee62674a8b070e5f93b4e845cdbcd3620f3be3,approve_none_after_source_rule
24308ef9ac83a912da3f417360842efffd2ca7532db0fc7d7cc87f0a5c39ba83,classified,Sedum alpestre,Plant heigh,11,1,2,0,1,0,,taxon_outlier,1,0,1,,17ae96fe95cc0ee56d5f617b5044589bf95c13dc2cca79d3ac73b39418314499,approve_none_after_source_rule
3a168888fa25a9a1bf9a65b3578c3965fb268b09f2dcb2440bd51974696c8390,classified,Sedum atratum,Plant heigh,26,1,2,0,8,0,,taxon_outlier,0,0,0,,,approve_none_grouped
7097b9c9331e9b768c5b45d7830246e67305b95d7c3aad0c627a4e8cb0f81be7,classified,Sedum dasyphyllum,Plant heigh,27,1,3,0,4,0,,taxon_outlier,0,0,0,,,approve_none_grouped
9fbd6cf9a91cd83b56f985f9528c27ce865bc23b5c121298ca4af21dca01135c,classified,Sedum lanceolatum,Plant heigh,10,1,3,0,1,0,,taxon_outlier,1,0,1,,dafcf1b2331a12f892bcef0815ee62674a8b070e5f93b4e845cdbcd3620f3be3,approve_none_after_source_rule
04144a6676ac1607eeed9385f07b5f22ace732078ab614f8a4b5e07fb17d23b8,classified,Selaginella selaginoides,Plant heigh,17,1,6,0,1,0,,taxon_outlier,1,0,1,,dafcf1b2331a12f892bcef0815ee62674a8b070e5f93b4e845cdbcd3620f3be3,approve_none_after_source_rule
3fbc90d92d35c5b05507b22549c963423c72be24aeb338ff3bddbed555f6264d,classified,Sempervivum montanum,Plant heigh,26,1,2,0,1,0,,taxon_outlier,0,0,0,,,approve_none_grouped
e686b98ca543e7cf451ed1781605ee6690956c09d0c3f106fa816fa6a0bbc352,classified,Senecio amplectens,Plant heigh,25,1,1,0,5,0,,taxon_outlier,0,0,0,,,approve_none_grouped
135e548b48ff81724c221a06297028a50ae94d8dd83c571f70fc6838f64a128d,classified,Senecio crassulus,Plant heigh,45,1,2,0,15,0,,taxon_outlier,0,0,0,,,approve_none_grouped
fbe1ea3e03699e1a818ac185a83d11d2bcb32f70873b2e4991c352e4cb6de86a,classified,Senecio squalidus,Plant heigh,26,1,2,0,1,0,,taxon_outlier,0,0,0,,,approve_none_grouped
8cc92253554673ea1b8fc70593f97c4ae7e1cb5054ba53ae7fba2142e49eb951,classified,Sequoia sempervirens,Plant heigh,7579,2,295,1067,178,0,,domain_outlier;taxon_outlier,0,0,0,,,approve_none_grouped
139130c93000f26b513f06d7d7a47682669b0bfeac8f5a900752c2bb5c50e040,classified,Sequoiadendron giganteum,Plant heigh,40,2,12,10,3,0,,domain_outlier;taxon_outlier,0,0,0,,,approve_none_grouped
b1d9abc80a2658cc247987ca68e089be2ad634fbcd002e885df17b313d274953,classified,Sesleria caerulea,Plant heigh,42,1,11,1,6,0,,domain_outlier;taxon_outlier,0,0,0,,,approve_none_grouped
dc9c0b42285fcb15f40cb014b496dc7d81e6ceff750f851f97f227065f3c1cfe,classified,Sesleria nitida,Plant heigh,143,1,10,0,3,0,,taxon_outlier,0,0,0,,,approve_none_grouped
f587c6d31b14156434b7fa9249102ca7c3f9ef3d45cc997cc6743b3aaa63fd85,classified,Setaria italica,Plant heigh,10,1,2,10,2,0,,domain_outlier;taxon_outlier,0,0,0,,,approve_none_grouped
66c02355f2b220733eda3358ddfba3628bca5817b6e06ff922d20210285232ae,classified,Sibbaldia procumbens,Plant heigh,115,1,14,0,5,0,,taxon_outlier,2,0,2,,17ae96fe95cc0ee56d5f617b5044589bf95c13dc2cca79d3ac73b39418314499;dafcf1b2331a12f892bcef0815ee62674a8b070e5f93b4e845cdbcd3620f3be3,approve_none_after_source_rule
98f94d56ff0f1264fdcafa62cd13b70152aa887552ddc1b8e6ece0f4962e1a50,classified,Sideritis osteoxylla,Plant heigh,15,1,1,1,3,0,,domain_outlier;taxon_outlier,0,0,0,,,approve_none_grouped
b03610dd80fdf8b26cad6d2aaa878701ccb16fe3727e5de96fa2c82a2bf79992,classified,Sideroxylon lanuginosum,Plant heigh,784,1,347,0,17,0,,taxon_outlier,0,0,0,,,approve_none_grouped
2fcf551ba885c0e3ff0ddabaca2888345a3aeb839d10dfaec21b795a64d57621,classified,Silene acaulis,Plant heigh,282,1,7,0,42,0,,taxon_outlier,1,0,1,,dafcf1b2331a12f892bcef0815ee62674a8b070e5f93b4e845cdbcd3620f3be3,approve_none_after_source_rule
449c7858afb604fbf2170bfa10f816adf879062b3767e01cfec28088546c3b36,classified,Silene colorata,Plant heigh,70,1,3,0,2,0,,taxon_outlier,0,0,0,,,approve_none_grouped
5dfb964d362ee8abc5f3a9bd58be7f624e2a95690024a1dd11823a1aff7183b6,classified,Silene dioica,Plant heigh,20,1,4,1,2,0,,domain_outlier;taxon_outlier,0,0,0,,,approve_none_grouped
4d7a55cc17426eae5d88b9d5e3dd94c179b3f28df0864a13c62dc0da3d471797,classified,Silene flos-cuculi,Plant heigh,29,1,2,0,2,0,,taxon_outlier,0,0,0,,,approve_none_grouped
e4ba7d53ac5c59a810019155780c51a69c35e4c34e992347f7571c6ffddc2c6c,classified,Silene flos-jovis,Plant heigh,26,1,2,0,3,0,,taxon_outlier,0,0,0,,,approve_none_grouped
d5bce81fad21ca1878edff11311c7ab4fd94cd5df34ac5e4c3aa07e51eb3288d,classified,Silene gallica,Plant heigh,266,2,7,61,11,0,,domain_outlier;taxon_outlier,1,0,1,,9ae5771978e17974f01af767bdbf52d3d2735f35c7c43938ecf74f416311ee23,approve_none_after_source_rule
e302f29522934677481435d154114ec72a197f1201755fc32f71508fb4c6b441,classified,Silene italica,Plant heigh,27,1,3,0,2,0,,taxon_outlier,0,0,0,,,approve_none_grouped
d812d330f99df2a07cb76f55827fd8ef1240f19ac7965bd20c8737efd4c22bb3,classified,Silene latifolia,Plant heigh,22,1,3,1,2,0,,domain_outlier;taxon_outlier,1,0,1,,9ae5771978e17974f01af767bdbf52d3d2735f35c7c43938ecf74f416311ee23,approve_none_after_source_rule
ea09365a09cb1e041d189903a06c5ff226cf7898ce18104777e745cfd0b6cb73,classified,Silene stellata,Plant heigh,20,1,1,16,2,0,,domain_outlier;taxon_outlier,0,0,0,,,approve_none_grouped
db00a0e40c1debcc97fb9db391886e0634648947abbb90e7423f5f634204909a,classified,Silene vulgaris,Plant heigh,18,2,5,0,3,0,,taxon_outlier,1,0,1,,de1fd16911999d42ae36d9dbf3523f3f8df9363da29b300bd0c9b52fb4673246,approve_none_after_source_rule
9b07ffc94a56bb46f51c87d31704a7a7b3253c3f354810bcbec2e5ce4dc371d2,classified,Sisymbrium austriacum,Plant heigh,26,1,2,0,1,0,,taxon_outlier,0,0,0,,,approve_none_grouped
808653f924a047a131bb6da75dfc5de5408b7e58f51d24a90a8e68db87226333,classified,Sisymbrium cavanillesianum,Plant heigh,10,1,1,1,1,0,,domain_outlier;taxon_outlier,1,0,1,,de1fd16911999d42ae36d9dbf3523f3f8df9363da29b300bd0c9b52fb4673246,approve_none_after_source_rule
278eca06c9b0cbc8d2c30d5813357d4145cff049d8f78194c23766af3c94b37a,classified,Sitobolium punctilobum,Plant heigh,11,1,3,0,1,0,,taxon_outlier,0,0,0,,,approve_none_grouped
9d7c8b97812f382475ceb737749bcdd033a891b595760653659c01c028f76acf,classified,Sixalix atropurpurea,Plant heigh,42,1,4,1,2,0,,domain_outlier;taxon_outlier,0,0,0,,,approve_none_grouped
95c3662cbcc51cc17e7ca5ec756dc88ffa97daa6c82e40f0ce88a666fbeb2972,classified,Smilax aspera,Plant heigh,13,1,2,0,3,0,,taxon_outlier,0,0,0,,,approve_none_grouped
4cd07f693351c306a004afaf8b3bbf2726dcff1862cc94ee2662052b07dcb0b5,classified,Solanum carolinense,Plant heigh,20,1,1,0,1,0,,taxon_outlier,0,0,0,,,approve_none_grouped
c3fb46ae0e92c1683e959261f0d86e5f48ef0be6a9c1bdca357ce8f71250af26,classified,Soldanella pusilla,Plant heigh,11,1,2,0,3,0,,taxon_outlier,1,0,1,,17ae96fe95cc0ee56d5f617b5044589bf95c13dc2cca79d3ac73b39418314499,approve_none_after_source_rule
ba4dae7ca559e0333c54601850d53dfdd245e8bf601f183c0386f9a88591b67c,classified,Solidago canadensis,Plant heigh,753,2,16,583,136,0,,domain_outlier;taxon_outlier,1,0,1,,9ae5771978e17974f01af767bdbf52d3d2735f35c7c43938ecf74f416311ee23,approve_none_after_source_rule
c2bc9b6205e6fae11a9cea680fd87d5210b6e083197d20d916ac36919de1728b,classified,Solidago gigantea,Plant heigh,58,1,12,39,3,0,,domain_outlier;taxon_outlier,1,0,1,,9ae5771978e17974f01af767bdbf52d3d2735f35c7c43938ecf74f416311ee23,approve_none_after_source_rule
3960c44c88226adf36b24f088500dd97ea0cb9882248991c4d82c78037ae9196,classified,Solidago juncea,Plant heigh,51,1,9,50,5,0,,domain_outlier;taxon_outlier,1,0,1,,9ae5771978e17974f01af767bdbf52d3d2735f35c7c43938ecf74f416311ee23,approve_none_after_source_rule
f1513c83d5f827a87f486923f87adcdc136fc0f867058811ffb49b5106f501c1,classified,Solidago rugosa,Plant heigh,352,1,37,321,6,0,,domain_outlier;taxon_outlier,1,0,1,,9ae5771978e17974f01af767bdbf52d3d2735f35c7c43938ecf74f416311ee23,approve_none_after_source_rule
f1a23db10876e1d0ccc770a063674220c827fb27ca5091dd17aecdaf964eee91,classified,Solidago spathulata,Plant heigh,22,1,3,0,3,0,,taxon_outlier,1,0,1,,dafcf1b2331a12f892bcef0815ee62674a8b070e5f93b4e845cdbcd3620f3be3,approve_none_after_source_rule
409092d3d8935ccb7fe911228771cf973984049246d336a601b13f90a4b4f271,classified,Solidago velutina,Plant heigh,20,1,2,4,1,0,,domain_outlier;taxon_outlier,0,0,0,,,approve_none_grouped
d835fbc6893d1993a1c5407aadb864250967781fe20f6c285710a245cb0befec,classified,Solidago virgaurea,Plant heigh,238,1,30,0,32,0,,taxon_outlier,2,0,2,,30800ec14d04f64be96885655d4d09b23c3c8b236a95849d5a3f2b9a88ab170c;dafcf1b2331a12f892bcef0815ee62674a8b070e5f93b4e845cdbcd3620f3be3,approve_none_after_source_rule
51b79abc026450db62960dbafbb3002cef10ca6964cc40ac043ea2a119739fb1,classified,Sorbus americana,Plant heigh,381,1,124,0,15,0,,taxon_outlier,0,0,0,,,approve_none_grouped
06601911ee5cd32e7d789839627926d707cce9ff43ad7073443ce7f3750d3420,classified,Sorbus aucuparia,Plant heigh,24,2,12,11,4,0,,domain_outlier;taxon_outlier,2,0,2,,30800ec14d04f64be96885655d4d09b23c3c8b236a95849d5a3f2b9a88ab170c;dafcf1b2331a12f892bcef0815ee62674a8b070e5f93b4e845cdbcd3620f3be3,approve_none_after_source_rule
0375455fef3aa0dbcfbd22e3cded773842a0a6a88f9c79b45173d5be1c32cc37,classified,Sorghastrum nutans,Plant heigh,119,1,56,96,1,0,,domain_outlier;taxon_outlier,1,0,1,,9ae5771978e17974f01af767bdbf52d3d2735f35c7c43938ecf74f416311ee23,approve_none_after_source_rule
77c61415929758b95054f1e4934a780afddf84affe50ad54b4db681452395f64,classified,Sorghum halepense,Plant heigh,10,1,2,10,2,0,,domain_outlier;taxon_outlier,0,0,0,,,approve_none_grouped
8e5ea770f6584d5ce92f109672af2009b379efb2e5b23493b3613d435009f0d4,classified,Spergularia purpurea,Plant heigh,11,2,2,0,1,0,,taxon_outlier,1,0,1,,de1fd16911999d42ae36d9dbf3523f3f8df9363da29b300bd0c9b52fb4673246,approve_none_after_source_rule
95fe18b908aa431b65ac7d470691d5eebc801ea0f2120c2a637f6270aa1d60d3,classified,Spinulum annotinum,Plant heigh,32,1,15,0,12,0,,taxon_outlier,2,0,2,,30800ec14d04f64be96885655d4d09b23c3c8b236a95849d5a3f2b9a88ab170c;dafcf1b2331a12f892bcef0815ee62674a8b070e5f93b4e845cdbcd3620f3be3,approve_none_after_source_rule
22134218cb8b4afcb4cbceee47e4ac4e73f631f40420a730c4a36280142146e6,classified,Spiraea alba,Plant heigh,15,1,2,13,3,0,,domain_outlier;taxon_outlier,0,0,0,,,approve_none_grouped
0665d7ad3adfafd42621200a5f8ba602cbaf3b4c67b0c198b39db69963ddaad5,classified,Sporobolus alterniflorus,Plant heigh,644,1,1,0,25,0,,taxon_outlier,0,0,0,,,approve_none_grouped
9b371f2aa124723da6afb9319efce56774843997470c084afa5a0d52ffb0f749,classified,Sporobolus heterolepis,Plant heigh,86,1,53,71,10,0,,domain_outlier;taxon_outlier,1,0,1,,9ae5771978e17974f01af767bdbf52d3d2735f35c7c43938ecf74f416311ee23,approve_none_after_source_rule
c037fa0205e64ac3c471adcb81de0158b2f74b3407049799845e217d0f262515,classified,Sporobolus michauxianus,Plant heigh,19,1,3,19,2,0,,domain_outlier;taxon_outlier,1,0,1,,9ae5771978e17974f01af767bdbf52d3d2735f35c7c43938ecf74f416311ee23,approve_none_after_source_rule
76d54c8f6687f9849a6c2933da13ab0f82fb5a8a84859f76a0d37c06340d5ca4,classified,Sporobolus virginicus,Plant heigh,96,1,2,1,9,0,,domain_outlier;taxon_outlier,0,0,0,,,approve_none_grouped
2fc294e74ae0036957a28ef96a40c4b03f4f0ad1a040a72d60171e5ae33999d7,classified,Stachys cretica,Plant heigh,22,1,4,0,4,0,,taxon_outlier,0,0,0,,,approve_none_grouped
422d45dca3fa8a8943cd4b62461587741bc1fd64da61f33341b362fa6fe02dd2,classified,Stellaria media,Plant heigh,153,2,6,58,10,0,,domain_outlier;taxon_outlier,1,0,1,,9ae5771978e17974f01af767bdbf52d3d2735f35c7c43938ecf74f416311ee23,approve_none_after_source_rule
4b5a82939a304f97c9fbaf381407ce8baa1ccaac5ddd8e34f08e4483697ece01,classified,Stipa offneri,Plant heigh,51,1,8,6,3,0,,domain_outlier;taxon_outlier,0,0,0,,,approve_none_grouped
b6c1a002f35425e4b19ddc21db9cfa73b60001f3524c7fa3147f3a3523204131,classified,Streptopus amplexifolius,Plant heigh,10,1,4,2,2,0,,domain_outlier;taxon_outlier,0,0,0,,,approve_none_grouped
ab1459be8eaf7a15228632ea03453d0569e5bed0f99ee9e0a97ce976573b7dbb,classified,Streptopus lanceolatus,Plant heigh,47,1,9,2,2,0,,domain_outlier;taxon_outlier,0,0,0,,,approve_none_grouped
f87d7a17b1a7f847261a3376c551986a4ab44b1def11eb86443affec30d6bb27,classified,Succisa pratensis,Plant heigh,40,1,7,3,4,0,,domain_outlier;taxon_outlier,1,0,1,,9ae5771978e17974f01af767bdbf52d3d2735f35c7c43938ecf74f416311ee23,approve_none_after_source_rule
8aadd1a42039addc594f48fc4e0964b29a65f6d1c01f585b87996ddd1d71a446,classified,Symphoricarpos albus,Plant heigh,10,2,4,8,3,0,,domain_outlier;taxon_outlier,0,0,0,,,approve_none_grouped
46a6fb00be361d521c87a0da041ed811a81d14436e64c2cb57ebce001f9c9dad,classified,Symphoricarpos oreophilus,Plant heigh,12,1,1,0,1,0,,taxon_outlier,0,0,0,,,approve_none_grouped
44c61a125e109a5d45d8a147cf5effb1209b9277832bb5287a0f0b5c1ff0ec3e,classified,Symphyotrichum ericoides,Plant heigh,28,1,3,8,3,0,,domain_outlier;taxon_outlier,1,0,1,,9ae5771978e17974f01af767bdbf52d3d2735f35c7c43938ecf74f416311ee23,approve_none_after_source_rule
8e9096a75c04b6db0356a4100f60a200f987468bd1a29b732e5cdb10a3522633,classified,Tanacetum parthenium,Plant heigh,21,1,3,1,5,0,,domain_outlier;taxon_outlier,0,0,0,,,approve_none_grouped
47c925e1f0e1b1bf6ba0011d2f2ab407f6cba7d87cd666d182d5e09406f762f1,classified,Taraxacum campylodes,Plant heigh,454,1,41,15,25,0,,domain_outlier;taxon_outlier,2,0,2,,9ae5771978e17974f01af767bdbf52d3d2735f35c7c43938ecf74f416311ee23;dafcf1b2331a12f892bcef0815ee62674a8b070e5f93b4e845cdbcd3620f3be3,approve_none_after_source_rule
ff364032389bfded27f3838fea12e90d35dd03996ffbcc43ab702accffd1b95b,classified,Taxodium distichum,Plant heigh,57342,2,4043,2,763,0,,domain_outlier;taxon_outlier,0,0,0,,,approve_none_grouped
b32d444413e8517654662a5b1767bad6158cfc0c1223a126bd88a891f24db047,classified,Taxus brevifolia,Plant heigh,848,2,288,0,38,0,,taxon_outlier,0,0,0,,,approve_none_grouped
1382475c6299f3196a714b8f7faf6352a04243e77ab5553f3ef06187f8927fff,classified,Tetraneuris acaulis,Plant heigh,11,1,2,0,1,0,,taxon_outlier,1,0,1,,dafcf1b2331a12f892bcef0815ee62674a8b070e5f93b4e845cdbcd3620f3be3,approve_none_after_source_rule
6f0e06690c19ed0f1354c8405baba28fb346c4a4b69711f26703811ceb666ac9,classified,Teucrium canadense,Plant heigh,16,1,3,13,1,0,,domain_outlier;taxon_outlier,1,0,1,,9ae5771978e17974f01af767bdbf52d3d2735f35c7c43938ecf74f416311ee23,approve_none_after_source_rule
50e4aa0ed6a07ff10931a9510705b49918befc02d32faba16274303e835fa8d7,classified,Teucrium capitatum,Plant heigh,39,1,7,0,1,0,,taxon_outlier,0,0,0,,,approve_none_grouped
f181520a712340a34bf13126538bbc22471db84b473845180d4b96ce53f32fc7,classified,Teucrium chamaedrys,Plant heigh,17,1,5,0,3,0,,taxon_outlier,0,0,0,,,approve_none_grouped
05e3f2ddda5c4a8213cff3e15093288dc4b850bd25b93db783ee6290eaeecba9,classified,Teucrium charidemi,Plant heigh,20,1,1,0,4,0,,taxon_outlier,0,0,0,,,approve_none_grouped
d92191e076a4eb01aca6c06df0640bc2c76152bf4a20b1437df18b7ee213b42d,classified,Teucrium dunense,Plant heigh,15,1,1,2,4,0,,domain_outlier;taxon_outlier,0,0,0,,,approve_none_grouped
aa7abe04627b2139eb0b562d35968e66dcb328c27b7907f3e62595a665e36e42,classified,Teucrium polium,Plant heigh,14,1,5,1,1,0,,domain_outlier;taxon_outlier,0,0,0,,,approve_none_grouped
5bb4632dc00aa569d7a2f931a829515edc7c47cc03bcb9d33f78c9c86cdb1fc5,classified,Thinopyrum intermedium,Plant heigh,30,1,1,0,5,0,,taxon_outlier,0,0,0,,,approve_none_grouped
0ee2eae9edb3cbbe7579c8bcd8bcf211017b965e9b30e19cb506016892865d56,classified,Thinopyrum junceum,Plant heigh,296,1,35,32,36,0,,domain_outlier;taxon_outlier,0,0,0,,,approve_none_grouped
c0d33eb6931555447088272ef7b673bdb727e23c070330bf36ee4ebb11950613,classified,Thrincia saxatilis,Plant heigh,35,2,7,0,2,0,,taxon_outlier,1,0,1,,de1fd16911999d42ae36d9dbf3523f3f8df9363da29b300bd0c9b52fb4673246,approve_none_after_source_rule
848c51453d19358351abb76eb89a9fb5c74e2bb585961bbd84b475bd3897f31b,classified,Thuja occidentalis,Plant heigh,100480,1,3890,0,5913,0,,taxon_outlier,0,0,0,,,approve_none_grouped
72e4501b3aee4fa423a584b150d55d7ac8a73edb331ae2c764d8dd8a129092a3,classified,Thuja plicata,Plant heigh,20757,2,2466,603,1760,0,,domain_outlier;taxon_outlier,0,0,0,,,approve_none_grouped
19e4e3486fa86328969ca1f342ab647d0b66de5cc34ed3175b057cfedd4b4240,classified,Thymus hyemalis,Plant heigh,27,1,3,5,1,0,,domain_outlier;taxon_outlier,0,0,0,,,approve_none_grouped
34f9289365593755ac4bfd783578b7d9172406cbcb10a55fc6767291ecd16291,classified,Thymus longicaulis,Plant heigh,60,1,1,0,3,0,,taxon_outlier,0,0,0,,,approve_none_grouped
630761f6be036b36ad789ee3e241e5a1ce67c3913eeb11d19ea60c89605c3f28,classified,Thymus longiflorus,Plant heigh,11,1,2,0,1,0,,taxon_outlier,0,0,0,,,approve_none_grouped
46da5438e663f3258b734bd38d73d24b7f99f95cb4426a610844b41c14c9dc5d,classified,Thymus mastichina,Plant heigh,74,1,5,1,12,0,,domain_outlier;taxon_outlier,0,0,0,,,approve_none_grouped
cb74a9efaa4fd57d8b66eba6b9e9a20922e595a3f9c359b71d2450df80cfe980,classified,Thymus praecox,Plant heigh,130,1,8,0,14,0,,taxon_outlier,0,0,0,,,approve_none_grouped
5829c72d12021ed3c9f2a6bce5d5ff13c36063aa19ceaae09c1e02249f2eb991,classified,Thymus serpyllum,Plant heigh,22,1,19,0,4,0,,taxon_outlier,0,0,0,,,approve_none_grouped
28f23c9c5166c64ab7fd76edb26bc3400b4a974ddcfb81fbfdbdfa02244b7b36,classified,Thymus vulgaris,Plant heigh,86,1,14,2,2,0,,domain_outlier;taxon_outlier,0,0,0,,,approve_none_grouped
a369354c2f8ecc69e181f16c59e03ce74dca527b34748d49b1bd3b04b3806b8a,classified,Thymus zygis,Plant heigh,33,1,2,0,3,0,,taxon_outlier,0,0,0,,,approve_none_grouped
d9828a4a0852133c29c0dd3269487b9f491e034d7733b334e7229e57195152e9,classified,Tiarella cordifolia,Plant heigh,10,1,4,0,2,0,,taxon_outlier,0,0,0,,,approve_none_grouped
a00755be10c02ac753a77aa473c0c7aac8d0e9e8103a08bfd173f8f8b8356ea1,classified,Tilia americana,Plant heigh,34682,2,5418,2,991,0,,domain_outlier;taxon_outlier,1,0,1,,9ae5771978e17974f01af767bdbf52d3d2735f35c7c43938ecf74f416311ee23,approve_none_after_source_rule
d83c044e564a40fd79e6583b619b5513d9cdbe078cab7a0f7b0b492b77f8b087,classified,Tolpis barbata,Plant heigh,64,2,5,0,7,0,,taxon_outlier,2,0,2,,9ae5771978e17974f01af767bdbf52d3d2735f35c7c43938ecf74f416311ee23;de1fd16911999d42ae36d9dbf3523f3f8df9363da29b300bd0c9b52fb4673246,approve_none_after_source_rule
ccce5a9800f2f12f79530b5defdbe0706888cfb1df2128d93a2a7d2979884ba7,classified,Torminalis glaberrima,Plant heigh,37,1,5,4,5,0,,domain_outlier;taxon_outlier,0,0,0,,,approve_none_grouped
db0c62d086710c3fd1e6c5ceee8cab205697e452d1272d3c615865acb374aefd,classified,Torreya californica,Plant heigh,98,1,28,0,9,0,,taxon_outlier,0,0,0,,,approve_none_grouped
697be622930ee37db6c24c0aa7a88a51a10e5588bee311598590bcd66b2b2e11,classified,Townsendia exscapa,Plant heigh,10,1,2,0,2,0,,taxon_outlier,0,0,0,,,approve_none_grouped
f6f53376c51e1061f030b33099a68aa4db15fd7a1f3ce7730a40da31b67b084b,classified,Tragopogon dubius,Plant heigh,23,1,6,6,3,0,,domain_outlier;taxon_outlier,1,0,1,,9ae5771978e17974f01af767bdbf52d3d2735f35c7c43938ecf74f416311ee23,approve_none_after_source_rule
bace0f0d454735eee257f1382605a648cf53e05680e8686052db9662a0ea7cef,classified,Tragopogon pratensis,Plant heigh,49,1,5,17,3,0,,domain_outlier;taxon_outlier,0,0,0,,,approve_none_grouped
faece959e7ff8775c217871b023b194014201a34fa1ccf840818e0cdaefd9004,classified,Triadica sebifera,Plant heigh,3947,2,405,0,33,0,,taxon_outlier,0,0,0,,,approve_none_grouped
6da7ae7be3ca5ec0831548a1b05bd2990cd5bd4d6079b86c0cf04cb4a9c10eb1,classified,Trifolium alpinum,Plant heigh,44,1,6,0,3,0,,taxon_outlier,0,0,0,,,approve_none_grouped
3a4ab37caa1c7f7f86df12f042fa62a56694e9ac967855f0c655b2983bd8b8b3,classified,Trifolium arvense,Plant heigh,22,1,4,0,3,0,,taxon_outlier,0,0,0,,,approve_none_grouped
8f7cf86615c5285a8c93ded36a13f5f70a64c5ec18901d8beb5f60b48cc83745,classified,Trifolium badium,Plant heigh,26,1,2,0,2,0,,taxon_outlier,0,0,0,,,approve_none_grouped
5875eef4f4102c0de940bbe5ad08ef670b1844f89621fb94ab3b3456cdef4bc0,classified,Trifolium campestre,Plant heigh,79,1,6,0,3,0,,taxon_outlier,0,0,0,,,approve_none_grouped
4ef14ff22b0c66c91bcd0a97696bc5177f4f24d0851f6b1bc171caab72595bb1,classified,Trifolium cherleri,Plant heigh,221,2,3,0,17,0,,taxon_outlier,1,0,1,,de1fd16911999d42ae36d9dbf3523f3f8df9363da29b300bd0c9b52fb4673246,approve_none_after_source_rule
53876011e7a2848c2b88b13276498832f8a5c47bb59254106829f79a1852eebf,classified,Trifolium dasyphyllum,Plant heigh,12,1,3,0,1,0,,taxon_outlier,1,0,1,,dafcf1b2331a12f892bcef0815ee62674a8b070e5f93b4e845cdbcd3620f3be3,approve_none_after_source_rule
19b21c8d89ef57d533695400b6497374a424df0f70ac913b4b9cbe151a2637cb,classified,Trifolium dubium,Plant heigh,62,1,3,0,5,0,,taxon_outlier,0,0,0,,,approve_none_grouped
16744f72eb400c58415473c5a6a27255cc2a9712d9be6d62ce71912699081a19,classified,Trifolium fragiferum,Plant heigh,49,1,2,0,5,0,,taxon_outlier,0,0,0,,,approve_none_grouped
4127ec431906fdd6502d368d9784a78ebd96fbfe4b0201ae674ddbeae6e6fd73,classified,Trifolium glomeratum,Plant heigh,53,2,3,0,1,0,,taxon_outlier,1,0,1,,de1fd16911999d42ae36d9dbf3523f3f8df9363da29b300bd0c9b52fb4673246,approve_none_after_source_rule
e8646d7cb854853c93d0865a88c509de73c23e71eba1c9a577511768b500f444,classified,Trifolium hybridum,Plant heigh,254,1,2,28,11,0,,domain_outlier;taxon_outlier,1,0,1,,9ae5771978e17974f01af767bdbf52d3d2735f35c7c43938ecf74f416311ee23,approve_none_after_source_rule
a493f4a16eda2741a94ee68b97da093c89db5774bfb00843a3cc728d957cf8a3,classified,Trifolium longipes,Plant heigh,20,1,2,0,1,0,,taxon_outlier,0,0,0,,,approve_none_grouped
7d02ca039f3637bf8952ebac0f91afe1e31b09dd858583e49b36f5d0fbe389f0,classified,Trifolium montanum,Plant heigh,24,1,5,0,3,0,,taxon_outlier,0,0,0,,,approve_none_grouped
61fb03451e7a4ccfb20232e597226ea228bdc8637d12084981b7206092719861,classified,Trifolium pratense,Plant heigh,351,1,35,32,7,0,,domain_outlier;taxon_outlier,2,0,2,,30800ec14d04f64be96885655d4d09b23c3c8b236a95849d5a3f2b9a88ab170c;9ae5771978e17974f01af767bdbf52d3d2735f35c7c43938ecf74f416311ee23,approve_none_after_source_rule
7fd664430722614c2d8a5ab85cc726feebb40b2454ef074e71713528f920ec70,classified,Trifolium repens,Plant heigh,380,1,43,1,20,0,,domain_outlier;taxon_outlier,1,0,1,,9ae5771978e17974f01af767bdbf52d3d2735f35c7c43938ecf74f416311ee23,approve_none_after_source_rule
a799d4da94609ab2e8e4bda621c4af8c27d3e82bfa12984c6f5cbce6038bfd43,classified,Trifolium striatum,Plant heigh,31,2,2,0,2,0,,taxon_outlier,1,0,1,,de1fd16911999d42ae36d9dbf3523f3f8df9363da29b300bd0c9b52fb4673246,approve_none_after_source_rule
035a51f60c535fb42ec01b1bcf31a22945fca41d509021aa8646d32a113080cb,classified,Trifolium tomentosum,Plant heigh,12,2,3,0,3,0,,taxon_outlier,1,0,1,,de1fd16911999d42ae36d9dbf3523f3f8df9363da29b300bd0c9b52fb4673246,approve_none_after_source_rule
8566895cfc21ceb70eae09c34b6a76d7bc9443cb00f10f9dd269c0ab3f87c066,classified,Trillium grandiflorum,Plant heigh,18,1,3,1,1,0,,domain_outlier;taxon_outlier,1,0,1,,9ae5771978e17974f01af767bdbf52d3d2735f35c7c43938ecf74f416311ee23,approve_none_after_source_rule
72b4cee0e5b6e983d67fa0ea266f0d523038f474d61df7e9cd4e20f81d4ba64d,classified,Trillium undulatum,Plant heigh,10,1,5,0,2,0,,taxon_outlier,0,0,0,,,approve_none_grouped
38d7984e6aab01d771129ee9be6e6fb8be5508ddcdd4b4c0a2dd6a5cecee9301,classified,Trisetum flavescens,Plant heigh,280,1,13,177,4,0,,domain_outlier;taxon_outlier,0,0,0,,,approve_none_grouped
f652bbda0d0994f855765c3325a2168eaa4548321a362ec916f173ef7db5b8b0,classified,Triticum aestivum,Plant heigh,598,1,486,406,8,0,,domain_outlier;taxon_outlier,0,0,0,,,approve_none_grouped
b8b1d2c122d0a6a45ada2a0546a9bb27781d3c922d8a0609ba59d593a9d52dc6,classified,Tsuga canadensis,Plant heigh,65719,2,5960,0,3774,0,,taxon_outlier,0,0,0,,,approve_none_grouped
ab4e42e3c686b87a2f9ad416e57db2f93981c776e454299b9108167fea6f0d17,classified,Tsuga caroliniana,Plant heigh,130,1,43,0,4,0,,taxon_outlier,0,0,0,,,approve_none_grouped
e882177d33b7dcc4a18c843b008a13029e0894cb59faf8f9cd0a73e590538a67,classified,Tsuga heterophylla,Plant heigh,39265,2,3001,2017,3553,0,,domain_outlier;taxon_outlier,0,0,0,,,approve_none_grouped
71aba05675ef3501b4b446e06fe1c3798a4719f7060a83874ec04b5711b6e7f5,classified,Tsuga mertensiana,Plant heigh,13789,1,873,51,712,0,,domain_outlier;taxon_outlier,0,0,0,,,approve_none_grouped
4e7c65de699bc06c306bb9855be634b47d2430cf815f7cf00aba7b9b701ff2dd,classified,Tussilago farfara,Plant heigh,11,1,2,0,2,0,,taxon_outlier,0,0,0,,,approve_none_grouped
7aa386f9ea7e8e53307f85ee8ebdc2c1f61df6a5c1c8a143f9ff69c0ca4b1d77,classified,Ulex parviflorus,Plant heigh,39,1,7,1,3,0,,domain_outlier;taxon_outlier,0,0,0,,,approve_none_grouped
4522ab4a459f098c7792e780102a8b99835b26f7fc5e5111b6504558b8b09f90,classified,Ulmus alata,Plant heigh,46060,1,10538,0,950,0,,taxon_outlier,0,0,0,,,approve_none_grouped
f3c84bbbae5509ed6d16505be63ad038d3402b8c58aa59d5d699a091a8252bb6,classified,Ulmus americana,Plant heigh,51344,2,13521,3,3986,0,,domain_outlier;taxon_outlier,1,0,1,,9ae5771978e17974f01af767bdbf52d3d2735f35c7c43938ecf74f416311ee23,approve_none_after_source_rule
bbf6d5b796c846c97a131a83988bce0d9e454cd39e67ad9aa04f0b04ee08d111,classified,Ulmus crassifolia,Plant heigh,3955,1,709,0,195,0,,taxon_outlier,0,0,0,,,approve_none_grouped
c906467573cb79a79aed7cb7fd2f4c0c992a88a4a6ba114a1a0f8a7b07adbc83,classified,Ulmus pumila,Plant heigh,987,1,205,0,43,0,,taxon_outlier,0,0,0,,,approve_none_grouped
e638d0727be1638067b8b8a58660874cec2e0dfa9c96798a55c84559b3c51e95,classified,Ulmus rubra,Plant heigh,16347,1,5293,0,791,0,,taxon_outlier,0,0,0,,,approve_none_grouped
664a04f080b60fd797b045dce8b7b40604c930b013a46c84351bbb104528d1a7,classified,Ulmus serotina,Plant heigh,155,1,49,0,1,0,,taxon_outlier,0,0,0,,,approve_none_grouped
9d6645e81fa8b204717514beea1bf896ba45858a914c39c028853209a43d6577,classified,Ulmus thomasii,Plant heigh,209,1,103,0,12,0,,taxon_outlier,0,0,0,,,approve_none_grouped
5ed1ed5078513a0f8635829de31d1bf6680ce5ef15eb38b64fbd76bd62d6cd6f,classified,Umbellularia californica,Plant heigh,3181,2,388,0,195,0,,taxon_outlier,0,0,0,,,approve_none_grouped
88a97ffd1deb61812b9ba1682bcfe1ae9bf9d1b3cbce2129e06ac1f96129baf5,classified,Vaccinium myrtilloides,Plant heigh,28,1,2,2,3,0,,domain_outlier;taxon_outlier,0,0,0,,,approve_none_grouped
97bc1dfb2f178c1e147193d5f315078132399df3c46a23cb80c813cb3f1af0a8,classified,Vaccinium myrtillus,Plant heigh,816,1,96,1,70,0,,domain_outlier;taxon_outlier,3,0,3,,30800ec14d04f64be96885655d4d09b23c3c8b236a95849d5a3f2b9a88ab170c;9ae5771978e17974f01af767bdbf52d3d2735f35c7c43938ecf74f416311ee23;dafcf1b2331a12f892bcef0815ee62674a8b070e5f93b4e845cdbcd3620f3be3,approve_none_after_source_rule
9c9317dc4b6ab1efedee3419df581b920061fa007c06c014356b3d36c86b8b3e,classified,Vaccinium uliginosum,Plant heigh,1303,1,64,0,42,0,,taxon_outlier,2,0,2,,30800ec14d04f64be96885655d4d09b23c3c8b236a95849d5a3f2b9a88ab170c;dafcf1b2331a12f892bcef0815ee62674a8b070e5f93b4e845cdbcd3620f3be3,approve_none_after_source_rule
bf9d799f8c0d73a439c7461bd08677a01dca37abf3f0f137407ebede81e79b63,classified,Vaccinium vitis-idaea,Plant heigh,1941,1,139,0,144,0,,taxon_outlier,3,0,3,,30800ec14d04f64be96885655d4d09b23c3c8b236a95849d5a3f2b9a88ab170c;9ae5771978e17974f01af767bdbf52d3d2735f35c7c43938ecf74f416311ee23;dafcf1b2331a12f892bcef0815ee62674a8b070e5f93b4e845cdbcd3620f3be3,approve_none_after_source_rule
d3c515b3f19e03d6ee29b0ace328a5dae95d0a95cf4aa17a439b2fc34eb635fa,classified,Vachellia farnesiana,Plant heigh,15,1,4,0,1,0,,taxon_outlier,0,0,0,,,approve_none_grouped
dfd029825e15bfc2bdacb525641aa5ceaab05df08de8cc035b04acd15d6ecb3c,classified,Valeriana montana,Plant heigh,32,1,4,0,1,0,,taxon_outlier,0,0,0,,,approve_none_grouped
6b6663ef573e1a60a12dab88389f28298b1f5f12abcbe0150d7846bb994577f0,classified,Valeriana saliunca,Plant heigh,27,1,3,0,5,0,,taxon_outlier,0,0,0,,,approve_none_grouped
76c15f1f1c5241110191deec474a4c143aa92959a536d7d8cd702c7d29353c03,classified,Verbascum thapsus,Plant heigh,97,1,56,77,20,0,,domain_outlier;taxon_outlier,0,0,0,,,approve_none_grouped
514a7eb8efde0bfa58b74d5e7cd534e98798c5e88960d4a2eda86fa0b9b0ed38,classified,Verbena bracteata,Plant heigh,10,1,1,0,2,0,,taxon_outlier,0,0,0,,,approve_none_grouped
1a9f5513e2c7cde3582b4aaf2c691a3f8eb6298c7073e9416c4326fdedf3971c,classified,Verbesina occidentalis,Plant heigh,29,1,6,29,2,0,,domain_outlier;taxon_outlier,0,0,0,,,approve_none_grouped
834463085862a8015e491ddd4f8415ad27ab75afcc997741ce5a48747e8d6ce7,classified,Vernicia fordii,Plant heigh,24,1,9,0,3,0,,taxon_outlier,0,0,0,,,approve_none_grouped
c819589c3cf256247b0598d0674c38e74d252c39690651b14b67d3b86e214aad,classified,Vernonia fasciculata,Plant heigh,18,1,3,18,3,0,,domain_outlier;taxon_outlier,0,0,0,,,approve_none_grouped
5755ddded281130ac1d47b27a81f62f8609a6ca6bb45bc950677a7748a9dc718,classified,Veronica alpina,Plant heigh,19,1,5,0,1,0,,taxon_outlier,2,0,2,,30800ec14d04f64be96885655d4d09b23c3c8b236a95849d5a3f2b9a88ab170c;dafcf1b2331a12f892bcef0815ee62674a8b070e5f93b4e845cdbcd3620f3be3,approve_none_after_source_rule
376719f98f13cfea84c3e83d458e884176535f9a9ef49c947a1192c6382f8472,classified,Veronica aphylla,Plant heigh,27,1,3,0,3,0,,taxon_outlier,0,0,0,,,approve_none_grouped
a4122bd6b4a0af6cc51ebb8ca8c64e052176d85d38d169c7dcc4a76f1f6a452e,classified,Veronica arvensis,Plant heigh,261,1,7,15,28,0,,domain_outlier;taxon_outlier,1,0,1,,9ae5771978e17974f01af767bdbf52d3d2735f35c7c43938ecf74f416311ee23,approve_none_after_source_rule
34601d1a46525b2c6b0a96005a6d56df95cf58fdb6819951c80fa1e2d7b5212d,classified,Veronica chamaedrys,Plant heigh,227,1,50,52,32,0,,domain_outlier;taxon_outlier,0,0,0,,,approve_none_grouped
24da50119635dec9f684d008207ad5d4f3c8997dc412e92b3386c6209c618365,classified,Veronica fruticulosa,Plant heigh,16,1,2,0,2,0,,taxon_outlier,0,0,0,,,approve_none_grouped
e8a1ddeb76f8674ce6116e238854be5814ab8313e4da95d82151a1e593c2710c,classified,Veronicastrum virginicum,Plant heigh,15,1,2,14,2,0,,domain_outlier;taxon_outlier,0,0,0,,,approve_none_grouped
fcb16b924dea947b10e437970390b7414601cedefd3990c7e3724832bcf51506,classified,Viburnum acerifolium,Plant heigh,15,1,1,3,3,0,,domain_outlier;taxon_outlier,0,0,0,,,approve_none_grouped
2e2c8ed79a0847bb15e36d6c98b56ce1f07270a47e0029f588f80f4986912068,classified,Viburnum tinus,Plant heigh,31,1,3,2,5,0,,domain_outlier;taxon_outlier,0,0,0,,,approve_none_grouped
1d145a6771c47380a39eb5683f51bcc10c38b06c9a4867136bc00511dd70312e,classified,Vicia americana,Plant heigh,26,2,4,3,3,0,,domain_outlier;taxon_outlier,0,0,0,,,approve_none_grouped
fb3bb3ae19abc24aa00df97b586122ac05a79b227bfd3814d17c33bcce388b54,classified,Vicia cracca,Plant heigh,201,1,13,45,14,0,,domain_outlier;taxon_outlier,1,0,1,,30800ec14d04f64be96885655d4d09b23c3c8b236a95849d5a3f2b9a88ab170c,approve_none_after_source_rule
e09930703f65a9fa4cd0080675a1a90fd75ecb9d4a6be82ff47f8771344c68d6,classified,Vicia pulchella,Plant heigh,20,1,2,0,1,0,,taxon_outlier,0,0,0,,,approve_none_grouped
d9ae108ea3327e614ead5ffbf02d1baf84315ea109e79fd40c5318593d18f011,classified,Vicia sativa,Plant heigh,85,2,5,0,11,0,,taxon_outlier,0,0,0,,,approve_none_grouped
c3cd02e8a596da338435fc0242a3ff0f98617afdba09a854adce24f339cae822,classified,Vincetoxicum nigrum,Plant heigh,12,1,3,5,3,0,,domain_outlier;taxon_outlier,0,0,0,,,approve_none_grouped
f19eaf814dac2a45cba1fef0e864a1bea1159f38d255db12aecee1d7b7740eef,classified,Viola alba,Plant heigh,55,1,7,0,1,0,,taxon_outlier,0,0,0,,,approve_none_grouped
3ce6a9e1755e64c287110ad290758032e89416cc807c66ad293f5664eac8f3f2,classified,Viola arvensis,Plant heigh,270,1,1,241,28,0,,domain_outlier;taxon_outlier,0,0,0,,,approve_none_grouped
e802b4e6f13e6f3eb763b965269ecb699a2f9cc93efe1ec272eceda175bc5b18,classified,Viola biflora,Plant heigh,74,1,16,0,1,0,,taxon_outlier,1,0,1,,dafcf1b2331a12f892bcef0815ee62674a8b070e5f93b4e845cdbcd3620f3be3,approve_none_after_source_rule
bf1d1cd40d9e0c9950101ec9e48eaa893711c6c9c230823e23b3b8716b0162d2,classified,Viola calcarata,Plant heigh,18,1,2,0,1,0,,taxon_outlier,0,0,0,,,approve_none_grouped
89c7026958eb316109313d1b1ccecf3c6b4cc1e0026176be280da89536e1af16,classified,Viola canadensis,Plant heigh,21,1,2,0,1,0,,taxon_outlier,0,0,0,,,approve_none_grouped
638f07ef1ef25c5015de19d233e14fee5a1622c284f08960759b481f00925366,classified,Viola praemorsa,Plant heigh,25,1,1,0,5,0,,taxon_outlier,0,0,0,,,approve_none_grouped
634f24083c3c6241c1aac49c845164c7efc06e8cbbf4af4e53d4ff11e75f5c47,classified,Viola reichenbachiana,Plant heigh,122,1,16,0,2,0,,taxon_outlier,0,0,0,,,approve_none_grouped
50e0d84b1e8d19b09c9169c71ab891d40744a8d61e40b933e311c1da8f1bd5a6,classified,Wyethia amplexicaulis,Plant heigh,21,1,2,1,1,0,,domain_outlier;taxon_outlier,0,0,0,,,approve_none_grouped
48e9098b99cf19118c89d0cdb91c092d51dc60dde01b8cd78f39db4773f9d857,classified,Yucca brevifolia,Plant heigh,242,1,27,0,14,0,,taxon_outlier,0,0,0,,,approve_none_grouped
05e010282dfe2f75a5607bc7fa5e479c49e71935eb3783f01d3ad1c9f7d9116b,classified,Abies alba,Stem specific density,81,1,81,0,7,0,,taxon_outlier,0,0,0,,,approve_none_grouped
4f7f51afe47603104d9dfc38d3c8873eb98e5b9c9710852bbac28eddbcf14792,classified,Abies concolor,Stem specific density,24,1,6,0,4,0,,taxon_outlier,0,0,0,,,approve_none_grouped
caac7d90e784345293fbce3f30c408333542b613d2c8b7ec831e44ef91813e90,classified,Abies lasiocarpa,Stem specific density,28,1,9,0,4,0,,taxon_outlier,0,0,0,,,approve_none_grouped
cabfc0c11a5c343ecfee2b7534defb7a2baf41c60c1a7aaa83d79afa10f104d7,classified,Acer negundo,Stem specific density,11,2,10,0,2,0,,taxon_outlier,0,0,0,,,approve_none_grouped
67b4cb6fbaddd6170ba7a5f3b56a35b0d44fee844a05df8c025400f2295366f5,classified,Acer opalus,Stem specific density,12,1,12,0,1,0,,taxon_outlier,0,0,0,,,approve_none_grouped
41ab01a496361a667ac087a9186d1decbe006a86267b66c239da46b9bdda69f5,classified,Acer rubrum,Stem specific density,19,1,5,0,2,0,,taxon_outlier,1,0,1,,b6ad8b3f7228d9d549ac52c947ac794d2d46c0fef7942cdc9bf957a8a8a2e679,approve_none_after_source_rule
d60e474ac915fc2452b4e8db365343e9fa55eb6cdb2fc4cab56be255bf44c4ab,classified,Acer saccharum,Stem specific density,47,1,3,0,5,0,,taxon_outlier,1,0,1,,b6ad8b3f7228d9d549ac52c947ac794d2d46c0fef7942cdc9bf957a8a8a2e679,approve_none_after_source_rule
cd95c5535973d284ce67905fb7bd2d605413814e8c585fa2c223af316fb5a652,classified,Aegopodium podagraria,Stem specific density,27,1,13,0,6,0,,taxon_outlier,0,0,0,,,approve_none_grouped
255782e0d7e133b80215ee28946b06386be1d6ce070c2b5855cf71399e9f8a7b,classified,Alnus glutinosa,Stem specific density,50,2,24,0,6,0,,taxon_outlier,0,0,0,,,approve_none_grouped
58f899b70c1ae53a296d38352d8f797ad3f6bbc459457696c7bcfaad857458d4,classified,Arbutus andrachne,Stem specific density,61,1,15,0,6,0,,taxon_outlier,0,0,0,,,approve_none_grouped
20fc3a538559243e149989c3d6a77677fc287967d3f9122793e7d972c24f6fd2,classified,Arbutus unedo,Stem specific density,116,2,46,0,7,0,,taxon_outlier,0,0,0,,,approve_none_grouped
23908543aa1ee43d57b2b8e1b008270e93d3c6bf1c453a30e69bfed4958e7433,classified,Arctostaphylos uva-ursi,Stem specific density,51,1,4,0,10,0,,taxon_outlier,0,0,0,,,approve_none_grouped
198540d6554c85b6de922200148c5fbd417348fc34a72794be5e59297a55dc53,classified,Atriplex,Stem specific density,10,1,1,0,2,0,,taxon_outlier,0,0,0,,,approve_none_grouped
0f70aee95cd2acd1cf6f6c3e0ee61cd6e82dce584759978e27c7d390bda96dae,classified,Betula alleghaniensis,Stem specific density,46,1,1,0,2,0,,taxon_outlier,1,0,1,,b6ad8b3f7228d9d549ac52c947ac794d2d46c0fef7942cdc9bf957a8a8a2e679,approve_none_after_source_rule
f82e059244e25687027647f022941f0b68392403a0f85e612b1f62d7b35b8127,classified,Betula lenta,Stem specific density,11,1,2,0,1,0,,taxon_outlier,1,0,1,,b6ad8b3f7228d9d549ac52c947ac794d2d46c0fef7942cdc9bf957a8a8a2e679,approve_none_after_source_rule
4657b43158f6070678f686919eb7e5a754e59ffc4c12d66fe8b480ba1f900e52,classified,Betula nana,Stem specific density,13,1,1,0,2,0,,taxon_outlier,0,0,0,,,approve_none_grouped
0b22319d07400fd846660eaea2df1aeb363dd9f34883a11e42a9170983aaba02,classified,Betula pendula,Stem specific density,71,1,35,15,15,0,,domain_outlier;taxon_outlier,0,0,0,,,approve_none_grouped
051761b89dff95752399355c8f4ebc62962985b4dd61426f6624e2da75a1d8fa,classified,Bupleurum fruticescens,Stem specific density,10,1,1,0,2,0,,taxon_outlier,0,0,0,,,approve_none_grouped
eab02783e9ff8107e0a82e1b535e58b026567a5288b8c118830d5d76978d000a,classified,Calluna vulgaris,Stem specific density,47,1,10,0,4,0,,taxon_outlier,0,0,0,,,approve_none_grouped
5afd69e7afdc18dcb6fe369245221645aba4a50e1daee127b4a61f84cc5cc436,classified,Calystegia sepium,Stem specific density,26,1,10,0,5,0,,taxon_outlier,0,0,0,,,approve_none_grouped
95b1c471bce0ff1c7e455017297d20f095cc68b62192dba8f6aa9f91f1a803d4,classified,Carya ovata,Stem specific density,11,1,2,0,3,0,,taxon_outlier,1,0,1,,b6ad8b3f7228d9d549ac52c947ac794d2d46c0fef7942cdc9bf957a8a8a2e679,approve_none_after_source_rule
aeddd485353b8acdbdc1b7db063463e7c0f81f3a5b8dfdaeb4cb15acb0d0d92f,classified,Castanea sativa,Stem specific density,32,1,32,0,2,0,,taxon_outlier,0,0,0,,,approve_none_grouped
59301319e58c5b1aa0c9ba8546c3a650ca1b3b2b8691df3882ef828a14d7ca86,classified,Cirsium arvense,Stem specific density,27,1,14,0,1,0,,taxon_outlier,0,0,0,,,approve_none_grouped
29e05d5f195c5a823a9677dae3b0a39103f5a84f42fd81876243ab7291113ae1,classified,Cistus albidus,Stem specific density,14,2,5,0,1,0,,taxon_outlier,0,0,0,,,approve_none_grouped
056d262f76b6345d17ace59465e7bb612c2a326cf14bf87d3caeb420af741994,classified,Cistus creticus,Stem specific density,154,1,33,0,17,0,,taxon_outlier,0,0,0,,,approve_none_grouped
97d9f293ac0c5f74f5707f2c0194b5fdc71d7f7290c6c26a6c71a6e9cb6113d5,classified,Cistus salviifolius,Stem specific density,92,2,20,0,7,0,,taxon_outlier,0,0,0,,,approve_none_grouped
4a925b5c46870763d4b1e391a9019f6607427bc0f9d0905414206cef38859cb5,classified,Clinopodium obovatum,Stem specific density,20,1,2,0,3,0,,taxon_outlier,0,0,0,,,approve_none_grouped
89c08a5d977a7ef59993dc6ad4fe4174c40d4b9314b5e264de0dbbc8c8929d01,classified,Crataegus monogyna,Stem specific density,19,2,9,0,2,0,,taxon_outlier,0,0,0,,,approve_none_grouped
1f04b0824a7be3e8c427eb74070e5de8c9037b79d35d2c12ad916c167eef35c8,classified,Dryas octopetala,Stem specific density,32,1,2,0,1,0,,taxon_outlier,0,0,0,,,approve_none_grouped
d67afb0bfb93c4b2e9e548708e8ae3414cc077b168a03ffb920aec122fcbab93,classified,Epilobium hirsutum,Stem specific density,10,1,7,0,1,0,,taxon_outlier,0,0,0,,,approve_none_grouped
171c2222759f6f751f39cd3844d0827d3c56e580b5a50980fb67d31dd14e2fec,classified,Erigeron formosissimus,Stem specific density,10,1,2,0,2,0,,taxon_outlier,0,0,0,,,approve_none_grouped
8376234c7f9bbd3e5bb636021a2c406102b4acb57a7d73bca3b3adbfc2172abd,classified,Fagus sylvatica,Stem specific density,136,1,132,0,10,0,,taxon_outlier,1,0,1,,b6ad8b3f7228d9d549ac52c947ac794d2d46c0fef7942cdc9bf957a8a8a2e679,approve_none_after_source_rule
e719018208372f78796b56b1ae16aa2730a36dae7b3e9b0ff97e5e999d055d87,classified,Filipendula ulmaria,Stem specific density,27,1,10,0,3,0,,taxon_outlier,0,0,0,,,approve_none_grouped
bcb88f1a26e5b44de3a435c2b942fd1f17597ea6b3001d6348d5fb09abb0b834,classified,Fraxinus angustifolia,Stem specific density,22,2,15,0,3,0,,taxon_outlier,0,0,0,,,approve_none_grouped
a6915df972f68516615d2290bda098f3bf8f749ba12e903b47ac4f95de3528a7,classified,Fraxinus excelsior,Stem specific density,35,1,35,0,5,0,,taxon_outlier,0,0,0,,,approve_none_grouped
7d1b8fed648a59445d0fd5cbb2e2ddc94f22c48506307bff7853f20a5dda8fe2,classified,Fumana ericoides,Stem specific density,50,1,5,0,6,0,,taxon_outlier,0,0,0,,,approve_none_grouped
2a54f903a3f01cf01c5154e1d2588d9078143bb6d459d493d6a24a4748a521a9,classified,Fumana laevipes,Stem specific density,19,1,2,0,2,0,,taxon_outlier,0,0,0,,,approve_none_grouped
3f011edd9a5d2b9812229c2fdf4f7460d649c2758e97ff42a5f075150d67b684,classified,Galium aparine,Stem specific density,11,1,5,0,2,0,,taxon_outlier,0,0,0,,,approve_none_grouped
8f66a4cacb13b0b1ae01fbd7cdde75c22a494e6afee557b13f902e26f7a70203,classified,Genista,Stem specific density,10,1,1,0,1,0,,taxon_outlier,0,0,0,,,approve_none_grouped
578c21b7aab7fb7698a2b800204776f1f4dbabfc977d38dbaf8bad7e2241e050,classified,Genista balansae,Stem specific density,20,1,1,0,1,0,,taxon_outlier,0,0,0,,,approve_none_grouped
6ea7e5627d966aaba2345933f025798aedff470e75526a2d2d769251f354f726,classified,Genista scorpius,Stem specific density,30,1,3,0,5,0,,taxon_outlier,0,0,0,,,approve_none_grouped
80d66caace1a218eb60f076341184357070397327d62cbc72c4193b669bfad6f,classified,Helianthemum cinereum,Stem specific density,40,1,4,0,4,0,,taxon_outlier,0,0,0,,,approve_none_grouped
88fb6ecad45c967f72ee91814372eb81c8420f0da231393f3620f2381f8a3d35,classified,Helianthemum syriacum,Stem specific density,11,1,2,0,3,0,,taxon_outlier,0,0,0,,,approve_none_grouped
c3e4e667f26d749e9c1d8e5cd39dfd36eddb4129992382ede6e2d0ac4fbbf7a4,classified,Helichrysum italicum,Stem specific density,31,1,4,0,3,0,,taxon_outlier,0,0,0,,,approve_none_grouped
f784fda5e215bf5b054b7b432a49d33ae0c4780a8d852ab65a2f3707cac13b18,classified,Holcus lanatus,Stem specific density,22,1,15,0,4,0,,taxon_outlier,0,0,0,,,approve_none_grouped
a8a54f9523c759c03355a0adaf1b00053b97c2f80617276cf4877043d43cc71f,classified,Hormathophylla lapeyrousiana,Stem specific density,10,1,1,0,3,0,,taxon_outlier,0,0,0,,,approve_none_grouped
348a1283222d0666d501344e7ada22f9d24867695ad6b674bf8f20ac385467be,classified,Juniperus communis,Stem specific density,54,1,8,0,2,0,,taxon_outlier,0,0,0,,,approve_none_grouped
956f8f4c2d2057c1d300f1a9f6b6efe8521a2840bdf76064c994728d97756800,classified,Juniperus monosperma,Stem specific density,22,1,7,0,1,0,,taxon_outlier,0,0,0,,,approve_none_grouped
1674736ada178d1134f81a79267a306b040ff88f1b822a0ce5799092a6232a35,classified,Juniperus osteosperma,Stem specific density,28,1,10,0,3,0,,taxon_outlier,0,0,0,,,approve_none_grouped
7d64a6ce1d68a765959392d57088e19f2b08a50eb6e5fe145593ee9f5d54b518,classified,Juniperus sabina,Stem specific density,26,1,2,0,3,0,,taxon_outlier,0,0,0,,,approve_none_grouped
ff0387ee9d46387468acf94ccbb2f04e48643454b0b2923cafc285ed45df9c6c,classified,Juniperus scopulorum,Stem specific density,25,1,12,0,4,0,,taxon_outlier,0,0,0,,,approve_none_grouped
6a899bc6a171c11ffeb2405314f71b33a55e3ff5775b6445eb19be6f2a498ea9,classified,Liriodendron tulipifera,Stem specific density,11,1,2,0,1,0,,taxon_outlier,1,0,1,,b6ad8b3f7228d9d549ac52c947ac794d2d46c0fef7942cdc9bf957a8a8a2e679,approve_none_after_source_rule
8c1f0abd014bde59dba766a38f36995cc0ddebbd032f181ac4cc709b0ac6a97a,classified,Lolium perenne,Stem specific density,22,1,9,0,1,0,,taxon_outlier,0,0,0,,,approve_none_grouped
618e8a768b3e85c0ffe647593188c890b1555632513babc4bd3482955f970b3e,classified,Phagnalon saxatile,Stem specific density,10,1,1,0,1,0,,taxon_outlier,0,0,0,,,approve_none_grouped
22942c1aef279bbf4146e0c8efd277e4bde84c8f2bd11cbb5df63e813935271d,classified,Phalaris arundinacea,Stem specific density,20,1,13,0,3,0,,taxon_outlier,0,0,0,,,approve_none_grouped
f606bc5a215c36412d57aad3ed8fc44efd433968c389b0dc666b6ee23cd255be,classified,Phillyrea latifolia,Stem specific density,114,2,27,0,13,0,,taxon_outlier,0,0,0,,,approve_none_grouped
5b50eb66c1a2effc6b5ebeef3d6a37cc6d60ae5ec9a7fd9d5dc02393eb1c3139,classified,Phragmites australis,Stem specific density,24,1,11,0,3,0,,taxon_outlier,0,0,0,,,approve_none_grouped
a14a48aa4de9a547a12a9d1f7b2d3431074c052347e213c31d105873e458af57,classified,Picea abies,Stem specific density,52,2,4,0,2,0,,taxon_outlier,0,0,0,,,approve_none_grouped
c95802612e15acadebf561ffd417f6f83d07f6e8516f6013c457d0123e3d4ca9,classified,Picea glauca,Stem specific density,1126,2,4,0,31,0,,taxon_outlier,0,0,0,,,approve_none_grouped
9ec0af2ae8804d70204dd088c170387bf2a38127bec84e43e53f644042d4e536,classified,Pinus brutia,Stem specific density,75,1,16,0,10,0,,taxon_outlier,0,0,0,,,approve_none_grouped
f0efe490fedacbac406772ffb36dc2e9b0cc2127c193f4970095975bacfcf58c,classified,Pinus edulis,Stem specific density,22,1,9,0,1,0,,taxon_outlier,0,0,0,,,approve_none_grouped
010c5f9ce6d9d0b67a9e00db01c9bbdd3b1e01f581698a1a40e279f1c9a9ecb3,classified,Pinus halepensis,Stem specific density,1031,1,1014,0,64,0,,taxon_outlier,0,0,0,,,approve_none_grouped
f3e5b1c70a43f3d00fcbbf2a1b1425038175ab876d2d28593bb76d0235933ff8,classified,Pinus nigra,Stem specific density,828,1,828,0,48,0,,taxon_outlier,0,0,0,,,approve_none_grouped
1bbf5b4a6545fcfe8741a2156846e54fbcf3baaf0864063a9dcded5aa88925ed,classified,Pinus pinaster,Stem specific density,56,1,55,0,3,0,,taxon_outlier,0,0,0,,,approve_none_grouped
1acf931a8dcd63d7d32f39b2ef0ca94c01be421afa87ba68d7d01a0e5a4b180c,classified,Pinus pinea,Stem specific density,152,1,151,0,8,0,,taxon_outlier,0,0,0,,,approve_none_grouped
a2df77dedfc054ab094b2ddf0ec6ce1d7c7ce8fff4a2f17f99d9118ad7be2e4d,classified,Pinus ponderosa,Stem specific density,33,1,13,1,4,0,,domain_outlier;taxon_outlier,0,0,0,,,approve_none_grouped
a316e956b7595be506411f826c0b158503b0f7141ed432be72e35176384b7fc1,classified,Pinus strobiformis,Stem specific density,24,1,8,0,1,0,,taxon_outlier,0,0,0,,,approve_none_grouped
5e5d11e7af5ab173ba21df617c2fd5c569e77970a47de38a6fb5b227f5c1b126,classified,Pinus sylvestris,Stem specific density,1273,1,1273,0,83,0,,taxon_outlier,0,0,0,,,approve_none_grouped
acf0c164b667e32c947fdda11a0e05df1a404bdd712e544d98a42c627983bfb7,classified,Pinus uncinata,Stem specific density,345,1,345,0,26,0,,taxon_outlier,0,0,0,,,approve_none_grouped
a0d521d764e972297b8b51a838ba326b7ac6f1a154888307314aff3fa07e4997,classified,Pistacia lentiscus,Stem specific density,62,2,18,0,7,0,,taxon_outlier,0,0,0,,,approve_none_grouped
413312c2266d4a71c2c0a183ce5b25a95f4fc6dc37a69b224e4aac6136579685,classified,Populus nigra,Stem specific density,23,1,20,0,1,0,,taxon_outlier,0,0,0,,,approve_none_grouped
87bffec68bbe893ca44ba613e03b54d25b70be53ba08fb953a167b04a9076baa,classified,Populus tremula,Stem specific density,38,1,29,0,6,0,,taxon_outlier,0,0,0,,,approve_none_grouped
a3b6fda2cf0369afda72e2a276f7135ba932cf2ce93f29fe100746feb1750c64,classified,Populus tremuloides,Stem specific density,28,1,7,0,3,0,,taxon_outlier,0,0,0,,,approve_none_grouped
bdfb6882385a95bec738b496be4a34fb082730c78517b5dc94564832c60c92ad,classified,Prunus avium,Stem specific density,35,1,15,0,6,0,,taxon_outlier,0,0,0,,,approve_none_grouped
d86c071b0868d145094df1ae69eef3d114b109bb8ff7aa87872f043b9d1442e0,classified,Pseudotsuga menziesii,Stem specific density,33,2,16,1,3,0,,domain_outlier;taxon_outlier,0,0,0,,,approve_none_grouped
ad9dd0b6dfdf0b09d5a0c2b14dc39f13ea1e2d0c8938763272f4715a54a73c69,classified,Quercus,Stem specific density,100,1,100,0,6,0,,taxon_outlier,0,0,0,,,approve_none_grouped
3cc1b1aa108741c142556fa9293194a42dc22481aa1c39ce69373cba782c9eff,classified,Quercus faginea,Stem specific density,83,2,83,0,3,0,,taxon_outlier,0,0,0,,,approve_none_grouped
e07a2330423f00750d3fdc069537ef699541c2899fa5eccb6c344cfaf9c36a9d,classified,Quercus ilex,Stem specific density,746,2,723,0,80,0,,taxon_outlier,0,0,0,,,approve_none_grouped
ed8a9cfe9201c393ea1be08df061ce4f6b074267e3fad6775f27b25df6bebfd7,classified,Quercus petraea,Stem specific density,57,1,57,0,2,0,,taxon_outlier,0,0,0,,,approve_none_grouped
27d0f7b6d77b91308b2fc45cb012baf56b76e420c3f82521974e2d07d0996a8b,classified,Quercus pyrenaica,Stem specific density,296,1,296,0,20,0,,taxon_outlier,0,0,0,,,approve_none_grouped
8f0d0b42c892696fab6364900d77f07dcf634a1b86111839b9bf4caa716f1cca,classified,Quercus robur,Stem specific density,44,1,19,0,1,0,,taxon_outlier,0,0,0,,,approve_none_grouped
0c1d2bd459cf1d92e925dbf9ed1b7852f9b5b83fd54d10f5cfd494f67ff9fbc4,classified,Quercus rubra,Stem specific density,11,1,3,0,3,0,,taxon_outlier,1,0,1,,b6ad8b3f7228d9d549ac52c947ac794d2d46c0fef7942cdc9bf957a8a8a2e679,approve_none_after_source_rule
fc775910fd66e72971f88eb0484785e4c5aa79a35729d5d491c492c4f24766a6,classified,Quercus suber,Stem specific density,140,1,140,0,13,0,,taxon_outlier,0,0,0,,,approve_none_grouped
b4932c8a53b3bd51ac20e558e676170bda97661da13d6a6995fa6afaaf261ad2,classified,Rhamnus lycioides,Stem specific density,15,2,5,0,3,0,,taxon_outlier,0,0,0,,,approve_none_grouped
cbf3460e1dc3ccb8a4b9b138bb73a902ea74f5ee0255464c36db3ca83e6c4a67,classified,Rhododendron ferrugineum,Stem specific density,40,1,4,0,1,0,,taxon_outlier,0,0,0,,,approve_none_grouped
221a824b319526b8d8e059a73a02b61b8a9ce35bc95d5ba7931eeebf4b8926a4,classified,Robinia neomexicana,Stem specific density,21,1,6,0,3,0,,taxon_outlier,0,0,0,,,approve_none_grouped
8c45a0645ce654928576cc3adc276374fc25903224cab936988b3fd449672910,classified,Rubus caesius,Stem specific density,20,1,13,0,2,0,,taxon_outlier,0,0,0,,,approve_none_grouped
011ef583e8a93611d16fcd80ece5f2a10579061012d82d08098616f04c204833,classified,Rubus cochinchinensis,Stem specific density,18,1,8,0,1,0,,taxon_outlier,0,0,0,,,approve_none_grouped
d544deb359c238dc8b5c7a958b29ee4399a896a73e803f0a7d319bcbb3c1fad5,classified,Rubus idaeus,Stem specific density,26,1,12,0,4,0,,taxon_outlier,0,0,0,,,approve_none_grouped
83403db7c0c4e4596645c0594ee0b4cf23b2054968e57d4d794c4d0d43fb9185,classified,Salix,Stem specific density,15,1,5,0,1,0,,taxon_outlier,0,0,0,,,approve_none_grouped
6f458f6aee190169a89796d0940f6f1c70efab3f05f854ae7324613dfae08526,classified,Salix alba,Stem specific density,17,1,6,0,5,0,,taxon_outlier,0,0,0,,,approve_none_grouped
33cd71c38e519a322e0c198120550aca65bdc27691f9f161a03a7a46b0953502,classified,Salix repens,Stem specific density,10,1,10,0,2,0,,taxon_outlier,0,0,0,,,approve_none_grouped
5c895cffcd27b58302ac2544ab13b0f5888f73f0c843ce82aac2f46a87a139c2,classified,Salvia rosmarinus,Stem specific density,123,2,14,0,8,0,,taxon_outlier,0,0,0,,,approve_none_grouped
9aea1ba4b876d5bba04c40ff206d8d0c0dd3b8fa13a047c264ae565605e427f1,classified,Stachys recta,Stem specific density,10,1,6,0,2,0,,taxon_outlier,0,0,0,,,approve_none_grouped
c9ab6df851ac1226eae6243a06bfec30dedbc573c8e3e4a449442d8c6f36d757,classified,Teucrium capitatum,Stem specific density,20,1,2,0,1,0,,taxon_outlier,0,0,0,,,approve_none_grouped
bdad9b71b182d011c5aab7c8f8bc770fe2b7c959fe8fa5b4d2d938a0e420a7b3,classified,Teucrium polium,Stem specific density,10,1,1,0,1,0,,taxon_outlier,0,0,0,,,approve_none_grouped
698f7a4e7151e0a6900ac7917475cfff683314fa0a4eda9aa06980358fdd27cc,classified,Thymus mastichina,Stem specific density,10,1,1,0,1,0,,taxon_outlier,0,0,0,,,approve_none_grouped
f9e5866510331badd852400fc5ded1affd1a59e8ba2d45db3ea6f53995b24d9a,classified,Thymus vulgaris,Stem specific density,80,1,8,3,16,0,,domain_outlier;taxon_outlier,0,0,0,,,approve_none_grouped
3c9af53dec1056cb6706643590c5b9b2b628f7c45532d63a4d4f1f80450593b9,classified,Urtica dioica,Stem specific density,99,1,29,0,2,0,,taxon_outlier,0,0,0,,,approve_none_grouped
98337facaf69523d84f73092475696d264ca849a30df27604977fcba7880a0ca,classified,Vaccinium myrtillus,Stem specific density,47,1,9,0,2,0,,taxon_outlier,0,0,0,,,approve_none_grouped
64880de27ff88f2db9f03e96376ae83cb5b1e7bffee569c257f6428acdbba0ed,classified,Vaccinium uliginosum,Stem specific density,40,1,2,0,2,0,,taxon_outlier,0,0,0,,,approve_none_grouped
bc166b54ea180d25e54bf115936f09a1e82beafab088b5e6ba3c4d8243afac41,classified,Vaccinium vitis-idaea,Stem specific density,16,1,2,0,3,0,,taxon_outlier,0,0,0,,,approve_none_grouped
