candidate_id,trait_domain_name,low_dataset_id,low_dataset_name,low_trait_name,low_source_median,high_dataset_id,high_dataset_name,high_trait_name,high_source_median,source_median_ratio,unit_factor,unit_factor_relative_error
000ea5dc911be2d20ebc40872239ac34503fb52039561aea2a3e4e49574720e7,Leaf mass per area,97829,try_5181,"Leaf area per leaf dry mass (specific leaf area, SLA or 1/LMA): petiole included",4.9379552810985745e-5,100679,try_8031,"Leaf area per leaf dry mass (specific leaf area, SLA or 1/LMA): undefined if petiole is in- or excluded)",0.05322427877316686,1077.8606881455141,1000,0.07786068814551417
005518f290605659a121e84bce4ecd5b33834cc3c1f078662a19fb79d39cf174,Leaf nitrogen content per unit mass,101751,try_9103,Leaf nitrogen (N) content per leaf dry mass,1.92,103099,try_10451,Leaf nitrogen (N) content per leaf dry mass,20.1,10.468750000000002,10,0.04687500000000022
00aeb9d889c292d79c999f7281ae7019b12d734270849e88c2ede9b0129f7fb7,Leaf Area,102737,try_10089,"Leaf area (in case of compound leaves: leaf, petiole excluded)",11.0905,119679,try_27031,"Leaf area (in case of compound leaves: leaf, petiole included)",1333.25,120.21549975204003,100,0.20215499752040023
01008a5957bb4979ed26809ab2cb236a44e438c09613ced5c0ee795de2da2ff9,Leaf mass per area,124215,try_31567,"Leaf area per leaf dry mass (specific leaf area, SLA or 1/LMA): undefined if petiole is in- or excluded)",0.008176100628776552,125352,bien_traits_362,leaf mass per area,0.08176100629445038,10.000000000817609,10,8.176082033628518e-11
0177e803a86f85711520ab357d014cc31cf63bf7cb2eade99034f80be21ef7b6,Leaf mass per area,104630,try_11982,"Leaf area per leaf dry mass (specific leaf area, SLA or 1/LMA): undefined if petiole is in- or excluded)",0.002198381990854731,120882,try_28234,"Leaf area per leaf dry mass (specific leaf area, SLA or 1/LMA): undefined if petiole is in- or excluded)",1.6882554327903663,767.9536312676819,1000,0.2320463687323181
01869756a81352839715e9c22f55819944abcb0c74fdbf0cf1f38461edbfc7e8,Leaf Area,103944,try_11296,"Leaf area (in case of compound leaves undefined if leaf or leaflet, undefined if petiole is in- or exluded)",68.28,103952,try_11304,"Leaf area (in case of compound leaves undefined if leaf or leaflet, undefined if petiole is in- or exluded)",8328.24,121.97188049209139,100,0.21971880492091378
01cb4a8d26244a5a6057de6f7c95301c301ecc661d7a586ff34285ea8a57ab66,Leaf Area,112656,try_20008,"Leaf area (in case of compound leaves: leaf, petiole included)",1.40475,120136,try_27488,"Leaf area (in case of compound leaves: leaf, undefined if petiole in- or excluded)",111.00000000000001,79.01761879337961,100,0.20982381206620393
01d537b88d32b890a9963ce3266a80a6217fa011f189c33bd5a60aa38fe268da,Plant heigh,111638,try_18990,Plant height vegetative,0.05,112273,try_19625,Plant height vegetative,40,800,1000,0.19999999999999996
01f1bfe1d0d08adf87eb6d7857425e0b2c53352187b04b0739db23615a97ef91,Leaf nitrogen content per unit mass,101458,try_8810,Leaf nitrogen (N) content per leaf dry mass,1.5122,126346,bien_traits_1356,leaf nitrogen content per leaf dry mass,16.126,10.66393334215051,10,0.06639333421505111
0215462c891592858dbc0e850099e4e9c9882f3e2ce7a485e8422a8b846c2e20,Plant heigh,169895,bien_traits_44905,whole plant height,3.9624,207583,bien_traits_82593,whole plant height,41.7576,10.538461538461537,10,0.053846153846153655
02431ed533851f6f068f2947e3a4380a4560b91255d2a8510c534e887a52d133,Leaf Area,119866,try_27218,"Leaf area (in case of compound leaves: leaf, undefined if petiole in- or excluded)",772,120046,try_27398,"Leaf area (in case of compound leaves: leaf, undefined if petiole in- or excluded)",6075,7.869170984455959,10,0.21308290155440412
028d53f267790715db1eadf08c7c3aeea75f95bdb6e9d7cb9f3aa1b2c3457d90,Leaf mass per area,124629,try_31981,"Leaf area per leaf dry mass (specific leaf area, SLA or 1/LMA): undefined if petiole is in- or excluded)",0.010817271188840134,114838,try_22190,"Leaf area per leaf dry mass (specific leaf area, SLA or 1/LMA): undefined if petiole is in- or excluded)",0.12403870007442323,11.466727412953313,10,0.14667274129533125
028e994836fc1bde3efd23fe2618aef337113f61c9f95713384f2741931f1467,Leaf mass per area,123304,try_30656,"Leaf area per leaf dry mass (specific leaf area, SLA or 1/LMA): undefined if petiole is in- or excluded)",0.0026926759214774255,125066,bien_traits_76,leaf mass per area,0.027698529208099048,10.286618225078247,10,0.028661822507824564
0376c4ead821236cc7fecaea0da46245c0c2180c053d52d1a549aaed5c179993,Leaf mass per area,104802,try_12154,"Leaf area per leaf dry mass (specific leaf area, SLA or 1/LMA): undefined if petiole is in- or excluded)",0.002678981903255022,92741,try_93,"Leaf area per leaf dry mass (specific leaf area, SLA or 1/LMA): petiole included",0.2440397972592452,91.09423134315745,100,0.0890576865684255
041f7490a7ede56f3ba3da436b41aeac6ba21d551a00bf4be8400fa21e903871,Leaf mass per area,97821,try_5173,"Leaf area per leaf dry mass (specific leaf area, SLA or 1/LMA): petiole included",1.7458220173970196e-5,92763,try_115,"Leaf area per leaf dry mass (specific leaf area, SLA or 1/LMA): petiole included",0.019559797093973014,1120.3775012034857,1000,0.12037750120348578
0483c6a4bd1a7d8464325d20bae62ec6620cc2bdbbeea034af561282d0b0099e,Leaf nitrogen content per unit mass,101748,try_9100,Leaf nitrogen (N) content per leaf dry mass,1.03,103099,try_10451,Leaf nitrogen (N) content per leaf dry mass,11.7,11.359223300970873,10,0.13592233009708732
057b2e5c7942da05a99987620b257b7294b9027ee5908f7d071c3a9dc0a68c89,Plant heigh,149007,bien_traits_24017,whole plant height,3.048,128975,bien_traits_3985,whole plant height,24.6888,8.1,10,0.19000000000000006
05907ed2a2b0c30fd39d2d649de9a9a2974e1a910105174f4ca02b281663ec95,Plant heigh,114926,try_22278,Plant height vegetative,1.95,114910,try_22262,Plant height vegetative,16.5,8.461538461538462,10,0.15384615384615385
06601911ee5cd32e7d789839627926d707cce9ff43ad7073443ce7f3750d3420,Plant heigh,112518,try_19870,Plant height vegetative,5.2,102759,try_10111,Plant height vegetative,600,115.38461538461539,100,0.15384615384615397
066226ecd474758522a8f29f38ef8ef4c5ad8521f8fb3057e72dd7766f276698,Leaf mass per area,107515,try_14867,"Leaf area per leaf dry mass (specific leaf area, SLA or 1/LMA): undefined if petiole is in- or excluded)",0.007110995125913527,113765,try_21117,"Leaf area per leaf dry mass (specific leaf area, SLA or 1/LMA): undefined if petiole is in- or excluded)",0.0668783488572449,9.404921206250053,10,0.05950787937499469
06a79b8a8e034f73902aa9093b2f5750f2b1213f22964b1698c5e559cdb858da,Plant heigh,303630,bien_traits_178640,whole plant height,0.3048,315740,bien_traits_190750,whole plant height,24.384,80,100,0.19999999999999996
06dfc975f35abef09093991ad4ff9ce2edf0542d934368301abb1bbf1ad0c2b2,Leaf mass per area,104023,try_11375,"Leaf area per leaf dry mass (specific leaf area, SLA or 1/LMA): undefined if petiole is in- or excluded)",0.007272568006132509,115839,try_23191,"Leaf area per leaf dry mass (specific leaf area, SLA or 1/LMA): undefined if petiole is in- or excluded)",0.07550945128462429,10.382776925695548,10,0.03827769256955493
077c306457b1d339f24eb30b2695214bb9c63d335c77acd2e2ececaeb840847b,Leaf nitrogen content per unit mass,104238,try_11590,Leaf nitrogen (N) content per leaf dry mass,1.836,107885,try_15237,Leaf nitrogen (N) content per leaf dry mass,19.515012,10.629091503267972,10,0.06290915032679711
0796ca25d1eb1561ded6879eaaa908bf00b3453197229255d4b8f2bd8deaa13c,Leaf mass per area,123619,try_30971,"Leaf area per leaf dry mass (specific leaf area, SLA or 1/LMA): undefined if petiole is in- or excluded)",0.004600772684380012,102273,try_9625,"Leaf area per leaf dry mass (specific leaf area, SLA or 1/LMA): petiole included",0.054889264983270514,11.930444894533458,10,0.19304448945334585
08418fb09252a2768ac56a9975c93147731a5128fa907d5e5fa9ba1193a39821,Plant heigh,112713,try_20065,Plant height vegetative,0.1,112672,try_20024,Plant height vegetative,83.1,830.9999999999999,1000,0.16900000000000015
084f9463085f2a6fab187ff5c768e0c7059295bd8debaa3f86836561d8d3ca7b,Plant heigh,276826,bien_traits_151836,whole plant height,3.048,135986,bien_traits_10996,whole plant height,33.2232,10.899999999999999,10,0.08999999999999986
086c8f9c320c67111367faa5c65c124f29218ed6ed2f0effbb7a329db70cbca3,Plant heigh,92746,try_98,Plant height vegetative,0.11,100694,try_8046,Plant height vegetative,82.83333333499999,753.0303030454545,1000,0.24696969695454551
0879608c7893d0d2cb7d753b51d073c6eb2fadc4c4bc68c9801374e267751042,Leaf mass per area,104622,try_11974,"Leaf area per leaf dry mass (specific leaf area, SLA or 1/LMA): undefined if petiole is in- or excluded)",0.004514354144026664,125713,bien_traits_723,leaf mass per area,0.036603221083455345,8.108185560029282,10,0.18918144399707182
087fddfd414260f6b16e9e6593cc663e56dcb54b927f60fdd3e7b06651d000d6,Leaf mass per area,104628,try_11980,"Leaf area per leaf dry mass (specific leaf area, SLA or 1/LMA): undefined if petiole is in- or excluded)",0.0012898232942086935,114149,try_21501,"Leaf area per leaf dry mass (specific leaf area, SLA or 1/LMA): undefined if petiole is in- or excluded)",0.12008226913591483,93.09978326107476,100,0.06900216738925236
08da1347840550c0f4796fa2c768d7c5680a46cde0f3254bec0bc64781d9372f,Leaf mass per area,104135,try_11487,"Leaf area per leaf dry mass (specific leaf area, SLA or 1/LMA): undefined if petiole is in- or excluded)",0.004405286343612335,108361,try_15713,"Leaf area per leaf dry mass (specific leaf area, SLA or 1/LMA): undefined if petiole is in- or excluded)",0.04610419548178884,10.465652374366066,10,0.046565237436606566
09031bb991f531c0ce455c8d63398bb03ea04436d94e629242a13415d0f00302,Plant heigh,110841,try_18193,Plant height vegetative,1.275,110152,try_17504,Plant height vegetative,150,117.64705882352942,100,0.17647058823529416
0958ac08fe7f163c17cbf59472ddd98383bc0525f1232821b07c1286680cf3cd,Plant heigh,107885,try_15237,Plant height vegetative,0.8,112389,try_19741,Plant height vegetative,1000,1250,1000,0.25
096799139f871ae4a0511ab9618412425da0d277bee080fa97f66004ef7f7439,Leaf Area,98091,try_5443,"Leaf area (in case of compound leaves undefined if leaf or leaflet, undefined if petiole is in- or exluded)",0.1672,114838,try_22190,"Leaf area (in case of compound leaves: leaf, undefined if petiole in- or excluded)",20,119.61722488038278,100,0.19617224880382778
098dfdb59c00dfd088d6fd871a99dc1e5d428a2a67e0af69ed7b117cbd6f5df4,Leaf nitrogen content per unit mass,103961,try_11313,Leaf nitrogen (N) content per leaf dry mass,1.683233333,92769,try_121,Leaf nitrogen (N) content per leaf dry mass,18.8202500556022,11.181010788361213,10,0.11810107883612142
0a88e694206f950dbd0ec80f487a65e413cd490ea3860f062767b7b3d7953e69,Plant heigh,92780,try_132,Plant height vegetative,0.22,103963,try_11315,Plant height vegetative,249,1131.8181818181818,1000,0.13181818181818183
0af00a4c2415151673ff8b6a20688c70876e250a821b1726edadcc0d199138a3,Leaf nitrogen content per unit mass,109151,try_16503,Leaf nitrogen (N) content per leaf dry mass,0.609038,109235,try_16587,Leaf nitrogen (N) content per leaf dry mass,5.129972,8.42307376551217,10,0.157692623448783
0b96e05aabedd1c36bc329f34244836efbe222744dc655d64b998593dc81c7ec,Leaf mass per area,123329,try_30681,"Leaf area per leaf dry mass (specific leaf area, SLA or 1/LMA): undefined if petiole is in- or excluded)",0.005320579663341238,125089,bien_traits_99,leaf mass per area,0.05329814944827754,10.0173576603883,10,0.0017357660388299667
0c8bb470e174874c3756a209217aa7530642df43844631bed608480f044992e7,Plant heigh,92756,try_108,Plant height vegetative,0.09,101461,try_8813,Plant height vegetative,89.2,991.1111111111112,1000,0.008888888888888835
0cac290208dd9fb971de091541773a933425a1c971186fb6126577fe7bddf100,Plant heigh,110841,try_18193,Plant height vegetative,0.45999999999999996,112656,try_20008,Plant height vegetative,43,93.47826086956522,100,0.06521739130434778
0d354569ba577786113e842d24af5e5aea66149457ea432b433cb3ef1ae073aa,Leaf mass per area,103052,try_10404,"Leaf area per leaf dry mass (specific leaf area, SLA or 1/LMA): undefined if petiole is in- or excluded)",0.02359398089855001,113765,try_21117,"Leaf area per leaf dry mass (specific leaf area, SLA or 1/LMA): undefined if petiole is in- or excluded)",0.25039923277754916,10.61284375257495,10,0.06128437525749497
0de4196e29c65a3ead2fdae44403482bc8f4391f1b868979a223c8f2584b3903,Leaf mass per area,103052,try_10404,"Leaf area per leaf dry mass (specific leaf area, SLA or 1/LMA): undefined if petiole is in- or excluded)",0.03225219574724556,113765,try_21117,"Leaf area per leaf dry mass (specific leaf area, SLA or 1/LMA): undefined if petiole is in- or excluded)",0.3532648569563229,10.953203302026122,10,0.09532033020261221
0e758ac1915b2d8953bd144b8812ea85e8492bfcf9d7971cacfedc65ea0d25b4,Leaf mass per area,103543,try_10895,"Leaf area per leaf dry mass (specific leaf area, SLA or 1/LMA): undefined if petiole is in- or excluded)",0.007142857142857143,102474,try_9826,"Leaf area per leaf dry mass (specific leaf area, SLA or 1/LMA): undefined if petiole is in- or excluded)",0.07782101167315175,10.894941634241246,10,0.08949416342412464
0e981dfb0b2d89035b33ff474a5b5d2be07a80cc8e52d5e6d8aea1a06e91849b,Leaf mass per area,107515,try_14867,"Leaf area per leaf dry mass (specific leaf area, SLA or 1/LMA): undefined if petiole is in- or excluded)",0.0033865455552680307,113765,try_21117,"Leaf area per leaf dry mass (specific leaf area, SLA or 1/LMA): undefined if petiole is in- or excluded)",0.033874079581951336,10.002546556403948,10,2.546556403948408e-4
0edba6cb6965b4c1a32bb541a1d07d5b19a788773466a251bb92b0e0639cf974,Leaf Area,102739,try_10091,"Leaf area (in case of compound leaves: leaf, petiole excluded)",13.908999999999999,102522,try_9874,"Leaf area (in case of compound leaves: leaf, petiole included)",1323.904,95.18326263570351,100,0.04816737364296486
0eef2ea64ab582c8363e6d3ce6cc8b52351e081d6bfb730ccf6342ab6c6a41ef,Leaf nitrogen content per unit mass,103272,try_10624,Leaf nitrogen (N) content per leaf dry mass,0.0271640504129682,126348,bien_traits_1358,leaf nitrogen content per leaf dry mass,24.3,894.564677600477,1000,0.10543532239952302
0f6ea9a3277cc241bb7c690bdb311fe23b9e245009d2d10d6b377ea53348fa27,Leaf mass per area,107287,try_14639,"Leaf area per leaf dry mass (specific leaf area, SLA or 1/LMA): undefined if petiole is in- or excluded)",0.001993789301188306,102524,try_9876,"Leaf area per leaf dry mass (specific leaf area, SLA or 1/LMA): petiole included",0.019937893011835208,9.999999999976001,10,2.3998580900297384e-12
1012128bc1ea7d631a934abf8db3879ca6f8e50c4fd62bfb4c5cc642cbe0a039,Leaf Area,120889,try_28241,"Leaf area (in case of compound leaves undefined if leaf or leaflet, undefined if petiole is in- or exluded)",0.8417508,107804,try_15156,"Leaf area (in case of compound leaves undefined if leaf or leaflet, undefined if petiole is in- or exluded)",6.4833203665,7.702184977430375,10,0.22978150225696248
106bd6fa2775f1b0bc41118ee2e8fd233044c016abc69fcfb5154466a5b420c5,Leaf mass per area,123417,try_30769,"Leaf area per leaf dry mass (specific leaf area, SLA or 1/LMA): undefined if petiole is in- or excluded)",0.00882367594261925,110820,try_18172,"Leaf area per leaf dry mass (specific leaf area, SLA or 1/LMA): undefined if petiole is in- or excluded)",0.06977061973602555,7.9072055897957885,10,0.20927944102042118
111f720b3e54c27603c3231121542af40bfaa98bd0151c07b3a8c269023e77e6,Leaf mass per area,107366,try_14718,"Leaf area per leaf dry mass (specific leaf area, SLA or 1/LMA): undefined if petiole is in- or excluded)",0.005921035035112238,125479,bien_traits_489,leaf mass per area,0.0650000000195,10.977810405451836,10,0.09778104054518355
11539a50a8d4be59c7aa921ad4fc5fb7ee20f73ba1138c8c7c3ebff29391fb32,Plant heigh,114269,try_21621,Plant height vegetative,0.6000000000000001,112280,try_19632,Plant height vegetative,5,8.333333333333332,10,0.16666666666666674
117347343e1727a5ba70254bea566192c21acf800c89bd8822e697b8bf5c7f46,Plant heigh,237475,bien_traits_112485,whole plant height,1.8288,131421,bien_traits_6431,whole plant height,19.05,10.416666666666668,10,0.04166666666666674
126ca5aee4d68ae2a408877346896284a1095d6546f95a399d8ca901e8104db2,Leaf nitrogen content per unit mass,100915,try_8267,Leaf nitrogen (N) content per leaf dry mass,2.08,107703,try_15055,Leaf nitrogen (N) content per leaf dry mass,22.6,10.865384615384615,10,0.08653846153846145
13c8c53868b79b09717941657ee09e872c0ae4d7e024c070cde9c4849ed24548,Leaf Area,113838,try_21190,"Leaf area (in case of compound leaves undefined if leaf or leaflet, undefined if petiole is in- or exluded)",831.5237500000001,120592,try_27944,"Leaf area (in case of compound leaves: leaf, undefined if petiole in- or excluded)",9797.9,11.783066929838142,10,0.17830669298381419
13fc332b3e350c53188d6d86eee97b02868c9343a72b0dcb0bbb976f3f37cd44,Leaf mass per area,104139,try_11491,"Leaf area per leaf dry mass (specific leaf area, SLA or 1/LMA): undefined if petiole is in- or excluded)",0.003880000000043456,99613,try_6965,"Leaf area per leaf dry mass (specific leaf area, SLA or 1/LMA): undefined if petiole is in- or excluded)",0.03734704600027665,9.625527319551125,10,0.037447268044887516
142f55a3813d3614940c661fcde6a0e97adf6d4220cc335417b0071618b996af,Leaf Area,112657,try_20009,"Leaf area (in case of compound leaves: leaf, petiole included)",11.8686,120135,try_27487,"Leaf area (in case of compound leaves: leaf, undefined if petiole in- or excluded)",1366,115.09360834470787,100,0.15093608344707876
1501309b4a52394844f75f8b26f4095cf45b179094ef7d3d51783f5822dd2231,Plant heigh,92736,try_88,Plant height vegetative,0.2,113607,try_20959,Plant height vegetative,20,100,100,0
1547d89d92db927a290e2f61a0dfc2c1afd6c89fea5748c4e66ab33f7a6805d7,Plant heigh,114938,try_22290,Plant height vegetative,2.4,111614,try_18966,Plant height vegetative,30,12.5,10,0.25
15856670e776c6de157c6fddafbf0c7c6eca186fce90e9a60d47c8d3fd83f1c4,Leaf mass per area,123613,try_30965,"Leaf area per leaf dry mass (specific leaf area, SLA or 1/LMA): undefined if petiole is in- or excluded)",0.0041614648356221385,113781,try_21133,"Leaf area per leaf dry mass (specific leaf area, SLA or 1/LMA): undefined if petiole is in- or excluded)",0.03882966052203642,9.330767423445353,10,0.0669232576554647
159bc032703e430cc4fb89f9e595ec0e95ea2435c5bb9dd37a3af3fcae484b57,Leaf nitrogen content per unit mass,108638,try_15990,Leaf nitrogen (N) content per leaf dry mass,0.94,102474,try_9826,Leaf nitrogen (N) content per leaf dry mass,11.7,12.446808510638299,10,0.24468085106382986
19e44b1927527584e854b991c16ca9b1a743352f03fc194697437f39c4d15a71,Leaf mass per area,107613,try_14965,"Leaf area per leaf dry mass (specific leaf area, SLA or 1/LMA): undefined if petiole is in- or excluded)",0.006696690815634668,125514,bien_traits_524,leaf mass per area,0.06703850691837392,10.01069166309128,10,0.0010691663091280112
1a6907dfbd8b8cf454bb69e70fa82d7ea2e3aeac63ced7e3d15e38985bc36d66,Leaf nitrogen content per unit mass,104620,try_11972,Leaf nitrogen (N) content per leaf dry mass,2.1366666667,100703,try_8055,Leaf nitrogen (N) content per leaf dry mass,21.3666666666667,9.99999999984401,10,1.55990775851933e-11
1aea43835e91f3a09ac9ca053733f8172dd6f8c089b82d7d0eee976779582d49,Plant heigh,107886,try_15238,Plant height vegetative,0.33499999999999996,112322,try_19674,Plant height vegetative,300,895.5223880597016,1000,0.10447761194029836
1b074e53cfd3f24cedf0499c6131b648908a65f31bec6bfdf8d1f2e8d7666cb3,Leaf mass per area,123594,try_30946,"Leaf area per leaf dry mass (specific leaf area, SLA or 1/LMA): undefined if petiole is in- or excluded)",0.008976660682226212,107756,try_15108,"Leaf area per leaf dry mass (specific leaf area, SLA or 1/LMA): undefined if petiole is in- or excluded)",0.1012145519103791,11.275301082816233,10,0.12753010828162337
1bb45078621cfe3209493640efbaea5aa823399236aebd13a4a04615c2bca46d,Plant heigh,195870,bien_traits_70880,whole plant height,3.3528,156649,bien_traits_31659,whole plant height,33.6804,10.045454545454545,10,0.004545454545454408
1d628a859f830eda11350af4a93422769496f372abdbcb2c00c64c04798c17d0,Leaf Area,102738,try_10090,"Leaf area (in case of compound leaves: leaf, petiole excluded)",11.643333333333349,109450,try_16802,"Leaf area (in case of compound leaves: leaf, petiole excluded)",957.1185714,82.20314097337521,100,0.1779685902662479
1d7f5a7649e4fc5e2b4c990e3e668d3e6fd3e4af6c714011bc375283a3a4315d,Plant heigh,110646,try_17998,Plant height vegetative,0.096,110152,try_17504,Plant height vegetative,80,833.3333333333334,1000,0.16666666666666663
1ef2db6a727d104ca3dff4832350680c8e5ea5d520f6139d0549d79ed43323db,Leaf Area,102712,try_10064,"Leaf area (in case of compound leaves: leaf, petiole excluded)",0.429785714285714,114841,try_22193,"Leaf area (in case of compound leaves: leaf, undefined if petiole in- or excluded)",4.62,10.749542961608782,10,0.07495429616087823
1f7ecfced78cb8717a6d3b579b96998943426fa0e3d48229d3437072b354dc47,Leaf Area,120684,try_28036,"Leaf area (in case of compound leaves undefined if leaf or leaflet, undefined if petiole is in- or exluded)",423.013333333333,109426,try_16778,"Leaf area (in case of compound leaves: leaf, petiole excluded)",3980.448,9.409745949694265,10,0.05902540503057341
201950e297fd3c2b3884cd7f8e3a4adf540192408641d3e91884d77acf900f26,Leaf Area,112655,try_20007,"Leaf area (in case of compound leaves: leaf, petiole included)",87.6765,120135,try_27487,"Leaf area (in case of compound leaves: leaf, undefined if petiole in- or excluded)",10230.9,116.6891926570974,100,0.16689192657097385
202b0bc5f1adbceaf46e9f25d7e6440862960207c28c90490e10608c889f904d,Leaf Area,125066,bien_traits_76,leaf area,85.55,109441,try_16793,"Leaf area (in case of compound leaves: leaf, petiole excluded)",825.3492,9.647565166569258,10,0.035243483343074145
203914769972d981c8b678b32c095b77174c15b1f6c7deb831f06e9e82906bbf,Leaf nitrogen content per unit mass,99613,try_6965,Leaf nitrogen (N) content per leaf dry mass,0.026257,103094,try_10446,Leaf nitrogen (N) content per leaf dry mass,28.005000000000003,1066.5727234642193,1000,0.06657272346421927
20820e12b0b8116ff97adae192cc2ba8321be7552e4333b784d3ba3cd6c019a2,Plant heigh,113787,try_21139,Plant height vegetative,2.8499999999999996,113755,try_21107,Plant height vegetative,30.775000000000002,10.798245614035089,10,0.07982456140350891
2152d46e4d1abcd108d03ec811270efd8a439e2a333382ec5223d86725058a4b,Leaf mass per area,103540,try_10892,"Leaf area per leaf dry mass (specific leaf area, SLA or 1/LMA): undefined if petiole is in- or excluded)",0.009736975186652702,125719,bien_traits_729,leaf mass per area,0.09736975186652702,10,10,0
2214a4ea965a5a70d50e81d3081ebfb48aa38ee03f3555793c81ce604a0a1d8c,Leaf Area,92737,try_89,"Leaf area (in case of compound leaves: leaf, petiole included)",18.3048813333333,109416,try_16768,"Leaf area (in case of compound leaves: leaf, petiole excluded)",1819.18,99.38223399936838,100,0.0061776600063161435
228035ba45661f95a007c6c1f4046269a651187bcd9b6cd3084592560a7e3985,Plant heigh,173495,bien_traits_48505,whole plant height,3.3528,214933,bien_traits_89943,whole plant height,37.1856,11.090909090909092,10,0.10909090909090913
22e42412174c85ebade591f16739146007486922da66753ee1bed6b74e3cf852,Leaf Area,114839,try_22191,"Leaf area (in case of compound leaves: leaf, undefined if petiole in- or excluded)",142.45499999999998,110677,try_18029,"Leaf area (in case of compound leaves: leaf, undefined if petiole in- or excluded)",1125,7.89723070443298,10,0.21027692955670196
23908543aa1ee43d57b2b8e1b008270e93d3c6bf1c453a30e69bfed4958e7433,Stem specific density,98088,try_5440,"Stem specific density (SSD, stem dry mass per stem fresh volume) or wood density",0.005485098552855605,99619,try_6971,"Stem specific density (SSD, stem dry mass per stem fresh volume) or wood density",0.5654554110000001,103.08938035500155,100,0.030893803550015475
24308ef9ac83a912da3f417360842efffd2ca7532db0fc7d7cc87f0a5c39ba83,Plant heigh,115839,try_23191,Plant height vegetative,0.6,112385,try_19737,Plant height vegetative,5,8.333333333333334,10,0.16666666666666663
25389d4935597ba268bd3181c7a7199e603eb2dafc242efde5fda315a110b190,Plant heigh,189048,bien_traits_64058,whole plant height,3.048,98004,try_5356,Plant height vegetative,24,7.874015748031496,10,0.21259842519685035
2550a1c98c0d1e0b82f8a97093d7fa95be2593cc7cb391724221aca57860b5bd,Plant heigh,107857,try_15209,Plant height vegetative,4,112483,try_19835,Plant height vegetative,40,10,10,0
25dc8ec48009cbf83c5f4d58a9955bf87de1b1fee37a3a52cf58166152490d84,Leaf mass per area,121510,try_28862,"Leaf area per leaf dry mass (specific leaf area, SLA or 1/LMA): petiole included",0.008760129416894077,125029,bien_traits_39,leaf mass per area,0.08760126868699405,9.999997091144948,10,2.908855052385917e-7
269fe1940aa8bbf062150802ed83918a48741f5bf15b917ed768215384bcd189,Plant heigh,112614,try_19966,Plant height vegetative,3.6,111614,try_18966,Plant height vegetative,28,7.777777777777778,10,0.2222222222222222
273f864d2022ee7cb078aff1a9e75dfebd3e715cba14e5ccf58a7097779e18c6,Plant heigh,110836,try_18188,Plant height vegetative,0.5015000000000001,111622,try_18974,Plant height vegetative,41,81.75473579262213,100,0.18245264207377876
28025abce87346955590f23e23f06b96e55a398159ce601f2b762e4cf5764383,Leaf nitrogen content per unit mass,104069,try_11421,Leaf nitrogen (N) content per leaf dry mass,2.15,107882,try_15234,Leaf nitrogen (N) content per leaf dry mass,19.5848170631123,9.109217238656884,10,0.08907827613431163
28b0cfc07c7332ea320684e5e620adbc25e4c2158c392a8541a4cf64aceda0a6,Diaspore mass,111184,try_18536,Seed dry mass,0.0365,110165,try_17517,Seed dry mass,4.02,110.13698630136986,100,0.10136986301369855
2909a62bf1bb99731066a0ca398bf7d165e74a2a6bfaeba3f9621c006cb564ba,Leaf nitrogen content per unit mass,102049,try_9401,Leaf nitrogen (N) content per leaf dry mass,1.94,92781,try_133,Leaf nitrogen (N) content per leaf dry mass,22.9602241566942,11.835167091079484,10,0.18351670910794837
29e05d5f195c5a823a9677dae3b0a39103f5a84f42fd81876243ab7291113ae1,Stem specific density,98087,try_5439,"Stem specific density (SSD, stem dry mass per stem fresh volume) or wood density",0.0057222194264504,125083,bien_traits_93,stem wood density,0.69,120.58258318626203,100,0.20582583186262027
2a43fcac8bbcc252a763677c48782e89b05ecd0632108f9f69529fb8de1fec0d,Leaf mass per area,124237,try_31589,"Leaf area per leaf dry mass (specific leaf area, SLA or 1/LMA): undefined if petiole is in- or excluded)",0.0024906600249066002,120885,try_28237,"Leaf area per leaf dry mass (specific leaf area, SLA or 1/LMA): undefined if petiole is in- or excluded)",2.81505006046273,1130.2425992757862,1000,0.1302425992757863
2a4cd73118caca929c3360ce9a80e7f445b0809679b9b0ef7a30dd8ec16e9101,Leaf Area,120681,try_28033,"Leaf area (in case of compound leaves undefined if leaf or leaflet, undefined if petiole is in- or exluded)",0.21965,120525,try_27877,"Leaf area (in case of compound leaves: leaf, undefined if petiole in- or excluded)",17.33,78.89824721147279,100,0.21101752788527206
2af7a4891fb00f4bf5099fea528e116880b04bcc4f2998203412e5f9633f334a,Leaf mass per area,120682,try_28034,"Leaf area per leaf dry mass (specific leaf area, SLA or 1/LMA): undefined if petiole is in- or excluded)",0.026098901098901128,102516,try_9868,"Leaf area per leaf dry mass (specific leaf area, SLA or 1/LMA): petiole included",26.5850733837269,1018.6280749133243,1000,0.0186280749133243
2d98078e802f1c222a91ac1befbf92917fa02cdfe41f389c2a4436da5bdef39c,Leaf mass per area,103142,try_10494,"Leaf area per leaf dry mass (specific leaf area, SLA or 1/LMA): petiole included",0.0032701111837802484,102469,try_9821,"Leaf area per leaf dry mass (specific leaf area, SLA or 1/LMA): undefined if petiole is in- or excluded)",0.3058103975535168,93.51681957186544,100,0.0648318042813456
2e08e93d16d16626c90eec3576bb243725620a6fc5137a5f849da11a50da5a29,Plant heigh,113835,try_21187,Plant height vegetative,1.25,110619,try_17971,Plant height vegetative,11.5,9.2,10,0.08000000000000007
2e2c8ed79a0847bb15e36d6c98b56ce1f07270a47e0029f588f80f4986912068,Plant heigh,107885,try_15237,Plant height vegetative,0.25,112276,try_19628,Plant height vegetative,300,1200,1000,0.19999999999999996
2eda0c9279280516892c2b3c450c829da76e083ac99cfd82d9c712e52ac519a5,Leaf Area,120325,try_27677,"Leaf area (in case of compound leaves: leaf, undefined if petiole in- or excluded)",93,110677,try_18029,"Leaf area (in case of compound leaves: leaf, undefined if petiole in- or excluded)",1125,12.096774193548388,10,0.20967741935483875
2fc294e74ae0036957a28ef96a40c4b03f4f0ad1a040a72d60171e5ae33999d7,Plant heigh,102518,try_9870,Plant height vegetative,0.47,112286,try_19638,Plant height vegetative,40,85.1063829787234,100,0.14893617021276595
2fd6bea3017e4b4589e774dc05922695eeb6ca5206c8e7e430779635467c3d84,Plant heigh,112656,try_20008,Plant height vegetative,49,110152,try_17504,Plant height vegetative,500,10.204081632653061,10,0.020408163265306145
3021defdc186dcae2cbd3fb70ea582b41ddd4a9c209d0ff88e29e669c9e26a6c,Plant heigh,102717,try_10069,Plant height vegetative,2,111614,try_18966,Plant height vegetative,20,10,10,0
3037dcf7304a6b10470f378161e30b75e1b9db50b0a70078eded22f43473f575,Leaf mass per area,98089,try_5441,"Leaf area per leaf dry mass (specific leaf area, SLA or 1/LMA): undefined if petiole is in- or excluded)",0.008895467362476914,114838,try_22190,"Leaf area per leaf dry mass (specific leaf area, SLA or 1/LMA): undefined if petiole is in- or excluded)",0.10275380189066996,11.551253880612126,10,0.15512538806121268
30536610cd81b6e5617fc6e0433fb67f732877c6f11f9923ab95a05de09902f5,Leaf nitrogen content per unit mass,102049,try_9401,Leaf nitrogen (N) content per leaf dry mass,2.01,100703,try_8055,Leaf nitrogen (N) content per leaf dry mass,22.9666666666667,11.426202321724729,10,0.14262023217247277
3073c29182686ef387c5212c135eef12a19be278ae2c1a23183983be65b8658f,Leaf mass per area,104023,try_11375,"Leaf area per leaf dry mass (specific leaf area, SLA or 1/LMA): undefined if petiole is in- or excluded)",0.0052600000000294555,120886,try_28238,"Leaf area per leaf dry mass (specific leaf area, SLA or 1/LMA): undefined if petiole is in- or excluded)",5.49568716272487,1044.8074453791055,1000,0.044807445379105415
30cf8817bba9e5e4903935c594ea687185c7005796af13a7af6b34b0825cc952,Leaf mass per area,124270,try_31622,"Leaf area per leaf dry mass (specific leaf area, SLA or 1/LMA): undefined if petiole is in- or excluded)",0.0038249597976359254,113765,try_21117,"Leaf area per leaf dry mass (specific leaf area, SLA or 1/LMA): undefined if petiole is in- or excluded)",0.31070249885324525,81.23026522926585,100,0.18769734770734148
30f4c3188472e72be40ade68fa63095f02ce16c7a706b2a4ef36f9e21e6005e0,Leaf mass per area,124215,try_31567,"Leaf area per leaf dry mass (specific leaf area, SLA or 1/LMA): undefined if petiole is in- or excluded)",0.008088235293879758,125352,bien_traits_362,leaf mass per area,0.0808823529649654,10.000000003235295,10,3.235294254722021e-10
31cd2aab88105202b660feefe2acc1d52d7b2e61d40f630efb7e4652f9a48002,Plant heigh,150117,bien_traits_25127,whole plant height,3.9624,211581,bien_traits_86591,whole plant height,35.5092,8.961538461538462,10,0.10384615384615381
31f20a901febf756d79983f84df60f202ebd7d372d07c85e9fe8ff1db451c8e9,Leaf nitrogen content per unit mass,107638,try_14990,Leaf nitrogen (N) content per leaf dry mass,1.3702,102471,try_9823,Leaf nitrogen (N) content per leaf dry mass,16.8,12.260983797985695,10,0.2260983797985694
32c48a8023b309d303790e5ec9e60b78a68b508c9ac2c951e35be6390ac94b1d,Leaf Area,115845,try_23197,"Leaf area (in case of compound leaves: leaf, petiole included)",63.724999999999994,120046,try_27398,"Leaf area (in case of compound leaves: leaf, undefined if petiole in- or excluded)",6075,95.33150255001962,100,0.0466849744998038
33246691abad73cd776d81228a17699e4efaf27d71c5f3443d3652c34461ba04,Plant heigh,112625,try_19977,Plant height vegetative,10.95,111614,try_18966,Plant height vegetative,100,9.132420091324201,10,0.08675799086757985
33368f7be3755efe3262dcbb9a3bb8b0b3873dfd0fedf6366bc7c81267101ff3,Leaf Area,111620,try_18972,"Leaf area (in case of compound leaves: leaf, petiole included)",8.7,119689,try_27041,"Leaf area (in case of compound leaves: leaf, petiole included)",9880.05,1135.6379310344828,1000,0.13563793103448285
33cc60c29e84c1993731d8c5d5041270f113d775842483d932b8641b0e745377,Plant heigh,319021,bien_traits_194031,whole plant height,0.264,110152,try_17504,Plant height vegetative,200,757.5757575757575,1000,0.24242424242424254
34100df6c638579a54b1ae0ad2e4820975469934c8bd660afedca5a96a69aecc,Leaf Area,102753,try_10105,"Leaf area (in case of compound leaves: leaf, petiole excluded)",29.338,120096,try_27448,"Leaf area (in case of compound leaves: leaf, undefined if petiole in- or excluded)",3500.3166666666702,119.30999613697833,100,0.19309996136978325
3457241dcdbb79c8f5d4377025276ad5e875b24975dfd0eb93fafdc5103dfc81,Plant heigh,259114,bien_traits_134124,whole plant height,2.4384,131357,bien_traits_6367,whole plant height,25.6032,10.5,10,0.050000000000000044
34601d1a46525b2c6b0a96005a6d56df95cf58fdb6819951c80fa1e2d7b5212d,Plant heigh,112699,try_20051,Plant height vegetative,1.6,103969,try_11321,Plant height vegetative,190,118.75,100,0.1875
34f604474c4eb4ea15e83f9ba577d13b556b19cfc41c4c0d583847ff05982e29,Leaf Area,98089,try_5441,"Leaf area (in case of compound leaves undefined if leaf or leaflet, undefined if petiole is in- or exluded)",0.0442342657342657,114838,try_22190,"Leaf area (in case of compound leaves: leaf, undefined if petiole in- or excluded)",4,90.42763417911635,100,0.09572365820883644
36be44c1cefbea817a5f30b8a67d58caa6cefc9e8f5aaa3563f740e8b36ac03b,Leaf mass per area,121481,try_28833,"Leaf area per leaf dry mass (specific leaf area, SLA or 1/LMA): petiole included",0.003121768143205107,107819,try_15171,"Leaf area per leaf dry mass (specific leaf area, SLA or 1/LMA): undefined if petiole is in- or excluded)",0.2857142857142857,91.52322421387258,100,0.08476775786127422
37853502225a214107656f224375a0a12ae88a2bfc35ea644ab5c0ef62e1952d,Plant heigh,131309,bien_traits_6319,whole plant height,3.9624,97907,try_5259,Plant height vegetative,30,7.571168988491823,10,0.24288310115081768
37ba843683898acb34aec0ee54e5fb8819552f3ec0cc60b9b9a4d3bd4f5eb4dc,Leaf mass per area,108711,try_16063,"Leaf area per leaf dry mass (specific leaf area, SLA or 1/LMA): undefined if petiole is in- or excluded)",0.004015548262558351,110652,try_18004,"Leaf area per leaf dry mass (specific leaf area, SLA or 1/LMA): undefined if petiole is in- or excluded)",0.047687172150691466,11.875631677829576,10,0.18756316778295767
38786cf27398dde8e57010bb634b66009c777ada7f3d11beb32354aa6f55e5ee,Leaf nitrogen content per unit mass,102926,try_10278,Leaf nitrogen (N) content per leaf dry mass,0.2,100837,try_8189,Leaf nitrogen (N) content per leaf dry mass,2.4074999999999998,12.037499999999998,10,0.20374999999999988
38eca211f539a6a160e31b9d42b833475558ef1397fa97f159795e09560f04e1,Leaf Area,116488,try_23840,"Leaf area (in case of compound leaves: leaf, petiole excluded)",0.69,120046,try_27398,"Leaf area (in case of compound leaves: leaf, undefined if petiole in- or excluded)",75,108.69565217391305,100,0.08695652173913038
39d60d74e35f9541c8482b947bc4d23eb711642cbfd34412195713bf899945cf,Leaf mass per area,124621,try_31973,"Leaf area per leaf dry mass (specific leaf area, SLA or 1/LMA): undefined if petiole is in- or excluded)",0.003376354559402917,112504,try_19856,"Leaf area per leaf dry mass (specific leaf area, SLA or 1/LMA): petiole included",0.03376354559388155,9.999999999956277,10,4.3722803155787915e-12
39de09434c0bcc44bf6a81966d3f7082fa5675b58c2aaa4282c90bc761296ade,Plant heigh,102523,try_9875,Plant height vegetative,0.14500000000000002,115881,try_23233,Plant height vegetative,133,917.2413793103448,1000,0.08275862068965523
39f8be44dc8d1b79b272b1d4dd0e7138abde326c98bb5ec3bfa244708c77908a,Leaf Area,120879,try_28231,"Leaf area (in case of compound leaves undefined if leaf or leaflet, undefined if petiole is in- or exluded)",316.1,100686,try_8038,"Leaf area (in case of compound leaves undefined if leaf or leaflet, undefined if petiole is in- or exluded)",3447.4092,10.90607149636191,10,0.0906071496361911
3a03b8abb83b6d279b1a3fb004cd9b09357192e86944d5b98c5b0d0c3ed91856,Plant heigh,173315,bien_traits_48325,whole plant height,3.6576,132176,bien_traits_7186,whole plant height,28.3464,7.75,10,0.22499999999999998
3a1baed46820761643d7d45768594b658b79bcb829e3c8a8f0f47d58dfe06bde,Plant heigh,193126,bien_traits_68136,whole plant height,2.4384,175617,bien_traits_50627,whole plant height,26.2128,10.75,10,0.07499999999999996
3a2c1895cbd9292b83753ebe0af5e365f23e2184d39f621716bc53175530b3e7,Plant heigh,114935,try_22287,Plant height vegetative,2.55,112280,try_19632,Plant height vegetative,20,7.843137254901961,10,0.21568627450980382
3a4ab37caa1c7f7f86df12f042fa62a56694e9ac967855f0c655b2983bd8b8b3,Plant heigh,110837,try_18189,Plant height vegetative,0.325,111614,try_18966,Plant height vegetative,30,92.3076923076923,100,0.07692307692307698
3aeac400f205c67bbce7728544d6210d7696a31ccb82fe1ba0a81d1cc983db2d,Leaf mass per area,107293,try_14645,"Leaf area per leaf dry mass (specific leaf area, SLA or 1/LMA): undefined if petiole is in- or excluded)",0.005249999999894999,119683,try_27035,"Leaf area per leaf dry mass (specific leaf area, SLA or 1/LMA): petiole included",0.053491343815862735,10.188827393701441,10,0.018882739370144064
3b5443a1f71876a263af4ba24b78a7a6431a0c83ea4510eec55c4b24239a64b9,Plant heigh,110843,try_18195,Plant height vegetative,0.5625,110152,try_17504,Plant height vegetative,60,106.66666666666667,100,0.06666666666666665
3da1754e393d4bc5e091d6d5d355d07f810fe89563b21fd3b7e36ca3baa85f56,Leaf nitrogen content per unit mass,108613,try_15965,Leaf nitrogen (N) content per leaf dry mass,1.06,102470,try_9822,Leaf nitrogen (N) content per leaf dry mass,11.5,10.849056603773585,10,0.08490566037735858
3e3a240aa74b4448db3088e71ed9f2952409ad9cc4f7cf0535519ed82a7a2265,Plant heigh,92747,try_99,Plant height vegetative,0.08,100684,try_8036,Plant height vegetative,61.4,767.5,1000,0.23250000000000004
3e3a5f5c2e6e35607b289db4d7dabd385a7c46f22b19b633ad78019170016719,Plant heigh,113435,try_20787,Plant height vegetative,0.325,298079,bien_traits_173089,whole plant height,28.0416,86.28184615384615,100,0.13718153846153858
3eac5fdda9d79d20b1c4922f3811a3b81c5a4b3507fb66056a1d42f24abc3a39,Leaf mass per area,123304,try_30656,"Leaf area per leaf dry mass (specific leaf area, SLA or 1/LMA): undefined if petiole is in- or excluded)",0.005204890515128014,125066,bien_traits_76,leaf mass per area,0.05154457974445506,9.903105472562917,10,0.00968945274370836
3eaf7ec6fb2a423af0acfec82bcd64c480cf9ce7f2e6da9bfb41a495323664b0,Leaf Area,102764,try_10116,"Leaf area (in case of compound leaves: leaf, petiole excluded)",1.5670000000000002,120588,try_27940,"Leaf area (in case of compound leaves: leaf, undefined if petiole in- or excluded)",1318.65,841.5124441608168,1000,0.15848755583918317
3f12e2a79b6e986c126ca626ff386182f79f930b1771d39b3dcfa92a418b8f76,Leaf nitrogen content per unit mass,102969,try_10321,Leaf nitrogen (N) content per leaf dry mass,1.28,102474,try_9826,Leaf nitrogen (N) content per leaf dry mass,14.3,11.171875,10,0.1171875
3f131918a8a0354875bcd20dbb4ad59151ff0132f55f2d4ebb9693c64a5f8889,Leaf nitrogen content per unit mass,103383,try_10735,Leaf nitrogen (N) content per leaf dry mass,1.025,125785,bien_traits_795,leaf nitrogen content per leaf dry mass,10.25,10,10,0
3f9996ed9b440f92b60d988a05c32a9b76e8eea67e6eff2ecb4e8ec65474d633,Plant heigh,130625,bien_traits_5635,whole plant height,1.2192,110152,try_17504,Plant height vegetative,1250,1025.262467191601,1000,0.02526246719160108
3ff00dab45eb994db7d1d6cd75c6c00f99048c9b521eaa0aa4c890bb44e6c5ca,Leaf Area,120884,try_28236,"Leaf area (in case of compound leaves undefined if leaf or leaflet, undefined if petiole is in- or exluded)",429.6507811,100686,try_8038,"Leaf area (in case of compound leaves undefined if leaf or leaflet, undefined if petiole is in- or exluded)",3904.706364,9.088093250995838,10,0.09119067490041621
408719855356108f651b15fa763762525556110700144e35ba81350c59a72440,Leaf mass per area,124216,try_31568,"Leaf area per leaf dry mass (specific leaf area, SLA or 1/LMA): undefined if petiole is in- or excluded)",0.006142506142883446,125483,bien_traits_493,leaf mass per area,0.06142506142506142,9.999999999385748,10,6.142519826113357e-11
40e2f7a0ae361c430a08f9321e97de91a73c13918211c0b3ea175c1023f8b65c,Leaf mass per area,124473,try_31825,"Leaf area per leaf dry mass (specific leaf area, SLA or 1/LMA): undefined if petiole is in- or excluded)",0.0050943549427405685,102438,try_9790,"Leaf area per leaf dry mass (specific leaf area, SLA or 1/LMA): undefined if petiole is in- or excluded)",0.055423063642858206,10.87930940537149,10,0.08793094053714912
41714acbf7882e3f4d666d2c9abf452db1e90082882d4f3ed10940f5f605ed74,Plant heigh,92780,try_132,Plant height vegetative,0.21,103972,try_11324,Plant height vegetative,200,952.3809523809524,1000,0.04761904761904756
41a78fbde1d8e5ccea10c039f13863ecf62b8c4e1613690d49a44c0162793b13,Leaf Area,102755,try_10107,"Leaf area (in case of compound leaves: leaf, petiole excluded)",2.630166666666665,120538,try_27890,"Leaf area (in case of compound leaves: leaf, undefined if petiole in- or excluded)",258.3,98.20670426462208,100,0.0179329573537792
4251da0fcdf97907fd3368586d3ecf8ecec88d6bd5eff6aeefc8d049d92f2e23,Leaf nitrogen content per unit mass,107538,try_14890,Leaf nitrogen (N) content per leaf dry mass,0.231,125087,bien_traits_97,leaf nitrogen content per leaf dry mass,27.4,118.6147186147186,100,0.18614718614718595
4253d50cb90d40acf8d7b01f09c6ab45f82356580e924928feaf560c83be7229,Leaf mass per area,107515,try_14867,"Leaf area per leaf dry mass (specific leaf area, SLA or 1/LMA): undefined if petiole is in- or excluded)",0.0078009258832808645,120890,try_28242,"Leaf area per leaf dry mass (specific leaf area, SLA or 1/LMA): undefined if petiole is in- or excluded)",0.08787346221441124,11.264491360281193,10,0.12644913602811925
4363374ac4bc1fc0eda8670aee2dbab8577359bd2ed24e03c9481e046c54de60,Leaf mass per area,104482,try_11834,"Leaf area per leaf dry mass (specific leaf area, SLA or 1/LMA): undefined if petiole is in- or excluded)",0.002350000000019975,125520,bien_traits_530,leaf mass per area,0.02350010575047588,10.0000450001175,10,4.5000117501192705e-6
43a2b449114eef497905ccee53ee1b880854c3395e5144f3eda68aa3f462ac91,Leaf Area,120325,try_27677,"Leaf area (in case of compound leaves: leaf, undefined if petiole in- or excluded)",13.819999999999999,120483,try_27835,"Leaf area (in case of compound leaves: leaf, undefined if petiole in- or excluded)",136.2,9.855282199710565,10,0.014471780028943448
43f98070d2490d1b90e5aefb04d3f5531274b6c0efc676a0a6e8cc1887ecd970,Leaf mass per area,123376,try_30728,"Leaf area per leaf dry mass (specific leaf area, SLA or 1/LMA): undefined if petiole is in- or excluded)",0.004564125969876769,114908,try_22260,"Leaf area per leaf dry mass (specific leaf area, SLA or 1/LMA): undefined if petiole is in- or excluded)",0.05181347150259067,11.352331606217616,10,0.1352331606217616
443e6abfc62da3c9a1cbb3c1f67b2ce1711e834ce9555356d4932ee9739c88b0,Leaf mass per area,97829,try_5181,"Leaf area per leaf dry mass (specific leaf area, SLA or 1/LMA): petiole included",2.325710599540287e-4,92771,try_123,"Leaf area per leaf dry mass (specific leaf area, SLA or 1/LMA): petiole included",0.22220379736340262,955.4232474467145,1000,0.044576752553285526
44c83b12b8d80e1a3bf0860fd37a78776e00e9191b58bd6c95006ed6e3b47420,Leaf nitrogen content per unit mass,101575,try_8927,Leaf nitrogen (N) content per leaf dry mass,3.83,100703,try_8055,Leaf nitrogen (N) content per leaf dry mass,39.2666666666667,10.252393385552663,10,0.025239338555266277
44cde0965e4fb792bf7a2ea4c88877ca0b2dfc3e4bcc57d4330d1f5063c6b341,Leaf nitrogen content per unit mass,99613,try_6965,Leaf nitrogen (N) content per leaf dry mass,0.019272,102470,try_9822,Leaf nitrogen (N) content per leaf dry mass,17.3,897.6753839767538,1000,0.10232461602324627
44d21debd8fde8ab021459a884a7f9e2d0857e577c59c48eed81f2e988b28999,Leaf mass per area,112516,try_19868,"Leaf area per leaf dry mass (specific leaf area, SLA or 1/LMA): undefined if petiole is in- or excluded)",0.010500000000000004,119684,try_27036,"Leaf area per leaf dry mass (specific leaf area, SLA or 1/LMA): petiole included",0.08605858352903885,8.196055574194173,10,0.1803944425805828
44f836f31ec3c71e0dee72a314fc189a594fc0a0b426c4dcb49235b7e88be875,Leaf mass per area,120681,try_28033,"Leaf area per leaf dry mass (specific leaf area, SLA or 1/LMA): undefined if petiole is in- or excluded)",0.0018851185418782726,108551,try_15903,"Leaf area per leaf dry mass (specific leaf area, SLA or 1/LMA): undefined if petiole is in- or excluded)",0.02158894645941278,11.452301794189683,10,0.14523017941896832
4555bc0361b71e8d834bba008a227e9802030d6f65d5ff02382aaaf899d4eefb,Leaf Area,103953,try_11305,"Leaf area (in case of compound leaves undefined if leaf or leaflet, undefined if petiole is in- or exluded)",12.44,103965,try_11317,"Leaf area (in case of compound leaves undefined if leaf or leaflet, undefined if petiole is in- or exluded)",14771.505000000001,1187.4200160771707,1000,0.18742001607717063
458eb92516f0fbc3b0bea506617f9281507166407e891f486a3328100063e080,Plant heigh,127612,bien_traits_2622,whole plant height,2.7432,110224,try_17576,Plant height vegetative,3048,1111.111111111111,1000,0.11111111111111116
4595a0781c13a7a004955a394c8033ba95b7a2eb049d7119921a4deec3699dca,Leaf Area,112658,try_20010,"Leaf area (in case of compound leaves: leaf, petiole included)",64.535,120046,try_27398,"Leaf area (in case of compound leaves: leaf, undefined if petiole in- or excluded)",6075,94.13496552258465,100,0.05865034477415354
465e9ac0a6fc89c5a4f7304d772526b2c997a7d996c4ccea4a174059f6fba768,Leaf mass per area,103052,try_10404,"Leaf area per leaf dry mass (specific leaf area, SLA or 1/LMA): undefined if petiole is in- or excluded)",0.007470073104111611,113765,try_21117,"Leaf area per leaf dry mass (specific leaf area, SLA or 1/LMA): undefined if petiole is in- or excluded)",0.06897845210027394,9.233972832515848,10,0.07660271674841523
46a5b9f96ef9436f8ad3c7fd5f2151883c190235a615cc194340857fa318580d,Leaf Area,112084,try_19436,"Leaf area (in case of compound leaves: leaf, petiole included)",20.289828371875,120325,try_27677,"Leaf area (in case of compound leaves: leaf, undefined if petiole in- or excluded)",1559,76.83652968504295,100,0.23163470314957058
486e3c9739c0e14374e362588a4772548b4bc456f040bcdb19c62b74853517c2,Leaf nitrogen content per unit mass,100781,try_8133,Leaf nitrogen (N) content per leaf dry mass,1.4849999999999999,102474,try_9826,Leaf nitrogen (N) content per leaf dry mass,16.4,11.043771043771043,10,0.10437710437710424
4897bf48e7c62cebfcf092b7e194deeddcec0aa9c374e721487dda426ebcf4a1,Leaf nitrogen content per unit mass,104741,try_12093,Leaf nitrogen (N) content per leaf dry mass,1.129,102439,try_9791,Leaf nitrogen (N) content per leaf dry mass,11.29,10,10,0
48a0d6bf90e0134ee07c63458232ebf0fb99add797086aef454be7942fd8788d,Leaf mass per area,104622,try_11974,"Leaf area per leaf dry mass (specific leaf area, SLA or 1/LMA): undefined if petiole is in- or excluded)",0.004673451388707931,112647,try_19999,"Leaf area per leaf dry mass (specific leaf area, SLA or 1/LMA): petiole included",0.048638132295719845,10.407326031728946,10,0.04073260317289451
48d0c410d6c1abe24e7c2e0cc4274ef5984865d853bfbd6d878141a364a4f21e,Leaf mass per area,123474,try_30826,"Leaf area per leaf dry mass (specific leaf area, SLA or 1/LMA): undefined if petiole is in- or excluded)",0.002893435895637595,120550,try_27902,"Leaf area per leaf dry mass (specific leaf area, SLA or 1/LMA): undefined if petiole is in- or excluded)",0.032658393207054215,11.28706298843287,10,0.128706298843287
49365b326b893cc0f165d8e9f3e5bd9bc953a81e2ebdf2e47bc714feb5bf5aca,Leaf nitrogen content per unit mass,107293,try_14645,Leaf nitrogen (N) content per leaf dry mass,1.613,102530,try_9882,Leaf nitrogen (N) content per leaf dry mass,16.13,10,10,0
49f609f9472003b3a6ab018ced0108d83b0fe1e4afe9f19486cda11d61a12eda,Leaf Area,119638,try_26990,"Leaf area (in case of compound leaves: leaf, petiole included)",0.8271,120136,try_27488,"Leaf area (in case of compound leaves: leaf, undefined if petiole in- or excluded)",849,1026.4780558578166,1000,0.026478055857816596
4a8ea7175a0773a11e62099125982cb0c13aeb573c2b503c8334b7df9a007ccd,Leaf mass per area,110516,try_17868,"Leaf area per leaf dry mass (specific leaf area, SLA or 1/LMA): petiole included",0.007472744859438282,110846,try_18198,"Leaf area per leaf dry mass (specific leaf area, SLA or 1/LMA): undefined if petiole is in- or excluded)",0.09104402016796669,12.183477675271568,10,0.2183477675271568
4b252f1bfdc7ac3b620bf275b02b121ceb07020c922b06e8d2da89cacc16da7e,Leaf Area,121099,try_28451,"Leaf area (in case of compound leaves undefined if leaf or leaflet, undefined if petiole is in- or exluded)",1.975,120091,try_27443,"Leaf area (in case of compound leaves: leaf, undefined if petiole in- or excluded)",152.587238349193,77.25936118946481,100,0.22740638810535185
4b4ea5046b187c53a195d8b4c449d2950c4564a5d04e09a80b11cca0c8163e9a,Plant heigh,92743,try_95,Plant height vegetative,0.17,112276,try_19628,Plant height vegetative,150,882.3529411764705,1000,0.11764705882352955
4be87901c4fe0f17c8011a3c1efc87db17ab998e823a7a5be1255a30741eef62,Leaf mass per area,123410,try_30762,"Leaf area per leaf dry mass (specific leaf area, SLA or 1/LMA): undefined if petiole is in- or excluded)",0.005434782608695652,119684,try_27036,"Leaf area per leaf dry mass (specific leaf area, SLA or 1/LMA): petiole included",0.06048180607780883,11.128652318316824,10,0.11286523183168251
4c25df81b061037fab2e367b5d416eeb3e68df2df8211d3c3f152c3bc1915b0f,Leaf nitrogen content per unit mass,102928,try_10280,Leaf nitrogen (N) content per leaf dry mass,1.4449999999999998,92764,try_116,Leaf nitrogen (N) content per leaf dry mass,16.1715861971633,11.191409132984985,10,0.11914091329849841
4d1dfe40f8a26a450ccac3c847eb39d71d6235885c700c7c5beb5b82faaeccc0,Leaf mass per area,104630,try_11982,"Leaf area per leaf dry mass (specific leaf area, SLA or 1/LMA): undefined if petiole is in- or excluded)",0.00334235769912096,120886,try_28238,"Leaf area per leaf dry mass (specific leaf area, SLA or 1/LMA): undefined if petiole is in- or excluded)",2.870950515837073,858.9596848332939,1000,0.14104031516670612
4d8a341bdd50d9f11b337b192d5fcc143b77a4f6fb2b3bc98dbe6b1f3fc732b8,Leaf mass per area,104631,try_11983,"Leaf area per leaf dry mass (specific leaf area, SLA or 1/LMA): undefined if petiole is in- or excluded)",0.00267379679144385,120883,try_28235,"Leaf area per leaf dry mass (specific leaf area, SLA or 1/LMA): undefined if petiole is in- or excluded)",3.3195944172654497,1241.5283120572783,1000,0.2415283120572782
4e0af7241290f646af12be4fe3449e881ac03e18fa19ea29eb4d0696ffd50432,Leaf nitrogen content per unit mass,100856,try_8208,Leaf nitrogen (N) content per leaf dry mass,2.4,125520,bien_traits_530,leaf nitrogen content per leaf dry mass,25.90515,10.7938125,10,0.07938124999999996
4ed87333df8dcea28466c38d5eaa6f1d82adb22a7fd57953ad51b80d80a8223f,Leaf mass per area,107375,try_14727,"Leaf area per leaf dry mass (specific leaf area, SLA or 1/LMA): undefined if petiole is in- or excluded)",0.005562429116350353,124859,try_32211,"Leaf area per leaf dry mass (specific leaf area, SLA or 1/LMA): undefined if petiole is in- or excluded)",0.066600066600066593,11.973198256909122,10,0.1973198256909121
4f3bcbc251533a1de7fcb50a953e34958b17d8dcc4f69f506e4955b78a63e4b1,Plant heigh,114847,try_22199,Plant height vegetative,0.24167,125066,bien_traits_76,whole plant height,23.299999999999997,96.4124632763686,100,0.035875367236314015
4f629132b5e86d63c6f1cbf6ae8edd245679f788282512d51acd6cb24b311e97,Leaf mass per area,107515,try_14867,"Leaf area per leaf dry mass (specific leaf area, SLA or 1/LMA): undefined if petiole is in- or excluded)",0.008433181633936618,113765,try_21117,"Leaf area per leaf dry mass (specific leaf area, SLA or 1/LMA): undefined if petiole is in- or excluded)",0.07806728154588055,9.2571564250109315,10,0.07428435749890683
5011096eba17c56e6d2a3fa0f020fbed7f89947d4310c55c6aa0bd355ef34651,Leaf Area,103225,try_10577,"Leaf area (in case of compound leaves: leaf, petiole included)",2.378125,120040,try_27392,"Leaf area (in case of compound leaves: leaf, undefined if petiole in- or excluded)",237.753222836096,99.97507399152526,100,2.492600847473492e-4
50110fb4e528d2b17eb984b9bcb21a1ac6f882014620a2c22a8b7d15d283f72b,Leaf Area,115478,try_22830,"Leaf area (in case of compound leaves undefined if leaf or leaflet, undefined if petiole is in- or exluded)",5.99,120889,try_28241,"Leaf area (in case of compound leaves undefined if leaf or leaflet, undefined if petiole is in- or exluded)",49.9302261,8.335597011686144,10,0.16644029883138567
5069f0895fd4d9f8218f52970974c2f1d1624b5cc9ac43f02f021fc507b48e9b,Leaf mass per area,124217,try_31569,"Leaf area per leaf dry mass (specific leaf area, SLA or 1/LMA): undefined if petiole is in- or excluded)",0.004713804714090399,125507,bien_traits_517,leaf mass per area,0.04713804714756998,10.000000001414142,10,1.4141421367241946e-10
50e4aa0ed6a07ff10931a9510705b49918befc02d32faba16274303e835fa8d7,Plant heigh,114834,try_22186,Plant height vegetative,0.17125,112446,try_19798,Plant height vegetative,20,116.7883211678832,100,0.16788321167883202
50f1e0516895e4a2daa1971e72d7f2d72ede43e53c135932eb61a03fbffa4360,Leaf mass per area,103052,try_10404,"Leaf area per leaf dry mass (specific leaf area, SLA or 1/LMA): undefined if petiole is in- or excluded)",0.005792942388535419,113765,try_21117,"Leaf area per leaf dry mass (specific leaf area, SLA or 1/LMA): undefined if petiole is in- or excluded)",0.06495468276768193,11.212727213761205,10,0.12127272137612044
513adddc9ec78d283d6a0064446797abb0c1f07ca27b77277355f662460c9341,Leaf mass per area,123754,try_31106,"Leaf area per leaf dry mass (specific leaf area, SLA or 1/LMA): undefined if petiole is in- or excluded)",0.0026799387442777945,125520,bien_traits_530,leaf mass per area,0.030199619484794493,11.268772299097032,10,0.12687722990970318
516cfa623a73250d89449b160b22ad58555ffdcbbcc5fb4a834ecfc20994ec7e,Plant heigh,116195,try_23547,Plant height vegetative,1,112330,try_19682,Plant height vegetative,80,80,100,0.19999999999999996
51d50e4b9886d45c8c1b9144c701e270fc28bbee6087ce280c056a67700eee08,Leaf nitrogen content per unit mass,102926,try_10278,Leaf nitrogen (N) content per leaf dry mass,0.24,104040,try_11392,Leaf nitrogen (N) content per leaf dry mass,2.9432927376,12.26371974,10,0.2263719740000001
52d4b089aec577fc1ec4a916562b4d230fdcd6a7b946b8581a3f43b3d684dbaa,Leaf mass per area,123932,try_31284,"Leaf area per leaf dry mass (specific leaf area, SLA or 1/LMA): undefined if petiole is in- or excluded)",0.008426457919431285,112633,try_19985,"Leaf area per leaf dry mass (specific leaf area, SLA or 1/LMA): petiole included",0.0768175583158996,9.116233540875992,10,0.0883766459124008
530322c845b9664e15a50f4322e189ea743034a83793a7cbef831269fec04aae,Leaf nitrogen content per unit mass,103528,try_10880,Leaf nitrogen (N) content per leaf dry mass,2.63,103990,try_11342,Leaf nitrogen (N) content per leaf dry mass,28.49334414,10.833971155893536,10,0.08339711558935359
53424f221ce502fe3af84300a9dc688119fc1012fd886fc8a33abbdbe50d865e,Leaf nitrogen content per unit mass,104751,try_12103,Leaf nitrogen (N) content per leaf dry mass,2.128,102530,try_9882,Leaf nitrogen (N) content per leaf dry mass,24.765,11.637687969924812,10,0.16376879699248126
5356c318a8102ea40b5d35cb5d6d7baa56b223a74b2fb08a16560c59696a80d2,Leaf mass per area,107515,try_14867,"Leaf area per leaf dry mass (specific leaf area, SLA or 1/LMA): undefined if petiole is in- or excluded)",0.008715048506363825,113765,try_21117,"Leaf area per leaf dry mass (specific leaf area, SLA or 1/LMA): undefined if petiole is in- or excluded)",0.08712951910292314,9.997594280662948,10,2.4057193370519148e-4
538d8a0e0ded70bf694b5863b7ffebe3c67bb17a696334fd9e37d6ce8e0a5b47,Plant heigh,248009,bien_traits_123019,whole plant height,3.9624,112338,try_19690,Plant height vegetative,300,75.71168988491823,100,0.24288310115081768
549b70ed6951f05bba920e6e2fd9253103bea07e83bd66152480c547eea2a3d0,Leaf nitrogen content per unit mass,99613,try_6965,Leaf nitrogen (N) content per leaf dry mass,0.0253515,125747,bien_traits_757,leaf nitrogen content per leaf dry mass,25.1,990.0794824763822,1000,0.009920517523617778
549db7dbce4ab72c7d16617582281edf312b67b80b355f7da7034e094d065ffd,Leaf nitrogen content per unit mass,104626,try_11978,Leaf nitrogen (N) content per leaf dry mass,1.285,103586,try_10938,Leaf nitrogen (N) content per leaf dry mass,13.921,10.833463035019456,10,0.0833463035019455
54ba373f12d3ebf092215251db7c4906d9f20ff3c7b81283930611bc6e616567,Leaf mass per area,124644,try_31996,"Leaf area per leaf dry mass (specific leaf area, SLA or 1/LMA): undefined if petiole is in- or excluded)",0.0042639368845229985,125029,bien_traits_39,leaf mass per area,0.04263936815027576,9.999999837015828,10,1.629841717143421e-8
557c103365637d199711bd1f0dd0f8fd6b28777a76cc4e8672625361781c39d6,Plant heigh,114160,try_21512,Plant height vegetative,1.8,107682,try_15034,Plant height vegetative,15.35,8.527777777777777,10,0.14722222222222237
56567b260f3f0f69339cd1926f3c99a24af9ccbc3192b7f527c7354534ff23a7,Leaf mass per area,107626,try_14978,"Leaf area per leaf dry mass (specific leaf area, SLA or 1/LMA): undefined if petiole is in- or excluded)",0.005656108597285068,107886,try_15238,"Leaf area per leaf dry mass (specific leaf area, SLA or 1/LMA): undefined if petiole is in- or excluded)",0.04399146254497199,7.777690577951049,10,0.22223094220489514
56666f4dc70f04eb638fed8c84caaa4a3bd369bb5d7963d2dca724e3591916e1,Plant heigh,110836,try_18188,Plant height vegetative,0.71,112409,try_19761,Plant height vegetative,80,112.67605633802818,100,0.12676056338028174
566cce30c6f48f51386fda290da6cbe85cadd283433f824636996ed682f2e0dc,Diaspore mass,111182,try_18534,Seed dry mass,0.0034,111180,try_18532,Seed dry mass,0.0344,10.11764705882353,10,0.011764705882353121
56760a4bbc5da81cf28ced63413088d46d4b883d6cf4f1fd2dc72c66ebc47c97,Plant heigh,103960,try_11312,Plant height vegetative,30,103969,try_11321,Plant height vegetative,242,8.066666666666666,10,0.19333333333333336
57867c72cd2cedf4792cbaec0399cf1b5336cad727943595221adabb90dab90d,Leaf nitrogen content per unit mass,104780,try_12132,Leaf nitrogen (N) content per leaf dry mass,1.6369003616,92758,try_110,Leaf nitrogen (N) content per leaf dry mass,16.3690036162918,10.000000000178263,10,1.7826184972591363e-11
57bb495c54d3dfa329b71f9eb9642573edbcacbe22097ee68734dd9659a5b55d,Leaf mass per area,123597,try_30949,"Leaf area per leaf dry mass (specific leaf area, SLA or 1/LMA): undefined if petiole is in- or excluded)",0.007558578987150415,114169,try_21521,"Leaf area per leaf dry mass (specific leaf area, SLA or 1/LMA): undefined if petiole is in- or excluded)",0.0724059400890564,9.579305873782163,10,0.042069412621783764
5829c72d12021ed3c9f2a6bce5d5ff13c36063aa19ceaae09c1e02249f2eb991,Plant heigh,112620,try_19972,Plant height vegetative,2.45,112421,try_19773,Plant height vegetative,20,8.16326530612245,10,0.18367346938775508
584e3c255be1b48952a1dcb114f32abcd96e85463407026f1583dc1c36c58c6f,Plant heigh,238461,bien_traits_113471,whole plant height,3.9624,313752,bien_traits_188762,whole plant height,35.3568,8.923076923076923,10,0.10769230769230764
5875eef4f4102c0de940bbe5ad08ef670b1844f89621fb94ab3b3456cdef4bc0,Plant heigh,110646,try_17998,Plant height vegetative,0.043,112274,try_19626,Plant height vegetative,40,930.232558139535,1000,0.06976744186046502
594375be914099de69c67514293834433cb4831ba5533d71801b7ee1615dbe76,Leaf mass per area,112655,try_20007,"Leaf area per leaf dry mass (specific leaf area, SLA or 1/LMA): petiole included",0.0024863556496968415,121574,try_28926,"Leaf area per leaf dry mass (specific leaf area, SLA or 1/LMA): undefined if petiole is in- or excluded)",0.019646365422396856,7.901671438192004,10,0.2098328561807996
59f94c2e712810102875db666bb3b41caf117f38f3ca711ec37faaef194c140d,Leaf mass per area,107286,try_14638,"Leaf area per leaf dry mass (specific leaf area, SLA or 1/LMA): undefined if petiole is in- or excluded)",0.0020241677191772545,102528,try_9880,"Leaf area per leaf dry mass (specific leaf area, SLA or 1/LMA): petiole included",0.02511003894516002,12.405117771251819,10,0.2405117771251819
5a91ea58adf1bd5a126bcfb9d691f77e90b905ecb827d0c5694e9b60e7a17c6e,Leaf Area,114142,try_21494,"Leaf area (in case of compound leaves undefined if leaf or leaflet, undefined if petiole is in- or exluded)",53.16575,120102,try_27454,"Leaf area (in case of compound leaves: leaf, undefined if petiole in- or excluded)",484.99999999999994,9.122414336297332,10,0.0877585663702668
5b75c748cf53bb04a6f9c372cf714d8dab60548587e90001c6584a8219827a0e,Leaf mass per area,97832,try_5184,"Leaf area per leaf dry mass (specific leaf area, SLA or 1/LMA): petiole included",4.5509529240327636e-5,92763,try_115,"Leaf area per leaf dry mass (specific leaf area, SLA or 1/LMA): petiole included",0.050105631076552144,1100.9920760101322,1000,0.10099207601013216
5b80f462cafff8e2f956812162656d61d27c4addab248e741a813240f63d9c6e,Leaf Area,112657,try_20009,"Leaf area (in case of compound leaves: leaf, petiole included)",0.7312,107682,try_15034,"Leaf area (in case of compound leaves undefined if leaf or leaflet, undefined if petiole is in- or exluded)",72.5,99.15207877461707,100,0.008479212253829305
5bdbc27bd4f2e6b5f29e9d323ad17ef957a9bd398f3e0665cff0b996fb665a2b,Leaf nitrogen content per unit mass,99613,try_6965,Leaf nitrogen (N) content per leaf dry mass,0.0206715,103102,try_10454,Leaf nitrogen (N) content per leaf dry mass,18.6,899.7895653435891,1000,0.10021043465641088
5bfb10c6c28ef14b2aea534965dada3119f17f15855820caafd02189f884dcaa,Leaf mass per area,107804,try_15156,"Leaf area per leaf dry mass (specific leaf area, SLA or 1/LMA): undefined if petiole is in- or excluded)",0.05342235501105741,120889,try_28241,"Leaf area per leaf dry mass (specific leaf area, SLA or 1/LMA): undefined if petiole is in- or excluded)",0.5046608056345695,9.44662221517779,10,0.05533777848222099
5cc62d4ddfa7d55cbecc5927cde9d7cbef8b0a9d2bab57bafa1f80616db45b08,Leaf nitrogen content per unit mass,103460,try_10812,Leaf nitrogen (N) content per leaf dry mass,2.07,125709,bien_traits_719,leaf nitrogen content per leaf dry mass,20.7,10,10,0
5d6a3c54d60dbb5d1c1ae279bc619e5f5bdd8dc8ffdcbfbdc9d6414223d3e9f8,Leaf mass per area,104069,try_11421,"Leaf area per leaf dry mass (specific leaf area, SLA or 1/LMA): undefined if petiole is in- or excluded)",0.0032100000000080246,120885,try_28237,"Leaf area per leaf dry mass (specific leaf area, SLA or 1/LMA): undefined if petiole is in- or excluded)",2.4552299920042024,764.86915638569,1000,0.23513084361431003
5d8266b2e5d7e4a450e8a95b7c89d9ac3890ecf69458819af013fb0bfde1cd77,Leaf Area,112636,try_19988,"Leaf area (in case of compound leaves: leaf, petiole included)",6.615,120046,try_27398,"Leaf area (in case of compound leaves: leaf, undefined if petiole in- or excluded)",675,102.0408163265306,100,0.020408163265305923
5dd325fb3635aa51fd2e1c4638cbccc58fecd8c0a327209ee0a53d11fe5e72d3,Leaf mass per area,103052,try_10404,"Leaf area per leaf dry mass (specific leaf area, SLA or 1/LMA): undefined if petiole is in- or excluded)",0.004959698081565375,113765,try_21117,"Leaf area per leaf dry mass (specific leaf area, SLA or 1/LMA): undefined if petiole is in- or excluded)",0.051950675061034235,10.474564017138238,10,0.047456401713823926
5dfb964d362ee8abc5f3a9bd58be7f624e2a95690024a1dd11823a1aff7183b6,Plant heigh,102529,try_9881,Plant height vegetative,0.07,100686,try_8038,Plant height vegetative,80.28571429,1146.9387755714286,1000,0.14693877557142865
5e55d2ad689eb7dbea75bd445a6e045dc18e4f41a28ca91b9abfc15f7bb33c41,Plant heigh,125213,bien_traits_223,whole plant height,0.073,110516,try_17868,Plant height vegetative,81.8,1120.5479452054794,1000,0.1205479452054794
5ed1ed5078513a0f8635829de31d1bf6680ce5ef15eb38b64fbd76bd62d6cd6f,Plant heigh,301385,bien_traits_176395,whole plant height,2.4384,128578,bien_traits_3588,whole plant height,29.2608,12,10,0.19999999999999996
5efa867b3983dd016eb0ad6c955b65d346ea501e1df6c6e777a6a1b7f0ac0043,Leaf nitrogen content per unit mass,102926,try_10278,Leaf nitrogen (N) content per leaf dry mass,4.89,107682,try_15034,Leaf nitrogen (N) content per leaf dry mass,37.45,7.658486707566463,10,0.2341513292433537
5efdd8ff2b1ed252ebf5160d134c55b7dc18dd6f540da54925ef196035e51b2e,Leaf mass per area,107293,try_14645,"Leaf area per leaf dry mass (specific leaf area, SLA or 1/LMA): undefined if petiole is in- or excluded)",0.0034799999999888635,120579,try_27931,"Leaf area per leaf dry mass (specific leaf area, SLA or 1/LMA): undefined if petiole is in- or excluded)",0.033737339251166495,9.694637715883465,10,0.030536228411653488
601cb160f12625e553098015e888c4d01ada9c7d43ab28815f996a5f45b4045d,Leaf nitrogen content per unit mass,103273,try_10625,Leaf nitrogen (N) content per leaf dry mass,0.0404375460233985,126306,bien_traits_1316,leaf nitrogen content per leaf dry mass,38.685,956.6604258729147,1000,0.04333957412708522
603edfc9ca8561e4c369519b08e0daa3cf5e9463ca4275bfccbf767fe8475b8a,Plant heigh,127012,bien_traits_2022,whole plant height,3.6576,110152,try_17504,Plant height vegetative,3000,820.2099737532808,1000,0.17979002624671925
6120754b96e3dd059d4bd1d5b69c816d521dc0f418f9125b9d88c803ff3a68e5,Plant heigh,132756,bien_traits_7766,whole plant height,0.3048,161414,bien_traits_36424,whole plant height,36.7284,120.5,100,0.20500000000000007
61cd2df5f0fdb655eda71fb9e08a2f34193860d6c3b554a6246f3594a326761b,Leaf mass per area,124719,try_32071,"Leaf area per leaf dry mass (specific leaf area, SLA or 1/LMA): undefined if petiole is in- or excluded)",0.008,124865,try_32217,"Leaf area per leaf dry mass (specific leaf area, SLA or 1/LMA): undefined if petiole is in- or excluded)",0.08499243221434094,10.624054026792617,10,0.06240540267926176
61fb03451e7a4ccfb20232e597226ea228bdc8637d12084981b7206092719861,Plant heigh,92769,try_121,Plant height vegetative,0.07,110129,try_17481,Plant height vegetative,60,857.1428571428571,1000,0.1428571428571429
629828b45a979575ad8c10a00c2d3c331ba889dbb34f8a76754298d2c271abe4,Leaf mass per area,123511,try_30863,"Leaf area per leaf dry mass (specific leaf area, SLA or 1/LMA): undefined if petiole is in- or excluded)",0.005400740808103224,120599,try_27951,"Leaf area per leaf dry mass (specific leaf area, SLA or 1/LMA): undefined if petiole is in- or excluded)",0.05094243504839532,9.43249025614444,10,0.056750974385555986
62f62b347997a9f2c52761d4d13130a0cadd60af1f764ded9dbc9b4ba6bba03f,Leaf mass per area,107374,try_14726,"Leaf area per leaf dry mass (specific leaf area, SLA or 1/LMA): undefined if petiole is in- or excluded)",0.002763906631046242,120886,try_28238,"Leaf area per leaf dry mass (specific leaf area, SLA or 1/LMA): undefined if petiole is in- or excluded)",2.711660192466228,981.0968872851407,1000,0.018903112714859227
634f24083c3c6241c1aac49c845164c7efc06e8cbbf4af4e53d4ff11e75f5c47,Plant heigh,102526,try_9878,Plant height vegetative,0.06,115881,try_23233,Plant height vegetative,6,100,100,0
63924374fea4372fa0aa8d2a8d8cfa7723df990f8c758f6175b5a92d943d3c8a,Leaf mass per area,124796,try_32148,"Leaf area per leaf dry mass (specific leaf area, SLA or 1/LMA): undefined if petiole is in- or excluded)",0.007751999999895193,120584,try_27936,"Leaf area per leaf dry mass (specific leaf area, SLA or 1/LMA): undefined if petiole is in- or excluded)",0.08758078407042047,11.297830762590888,10,0.1297830762590888
641b37d063b56e3946f12b05ab12bf4969105b66f5287fded9cc4a5d1e651103,Leaf mass per area,122924,try_30276,"Leaf area per leaf dry mass (specific leaf area, SLA or 1/LMA): undefined if petiole is in- or excluded)",0.017292918422861923,125789,bien_traits_799,leaf mass per area,0.2127659574468085,12.303646628294013,10,0.23036466282940138
643097356790ebfcf64af7548cfcca484aa745aced913809264dcbd0afa58645,Leaf Area,102715,try_10067,"Leaf area (in case of compound leaves: leaf, petiole excluded)",0.6368333333333329,120859,try_28211,"Leaf area (in case of compound leaves undefined if leaf or leaflet, undefined if petiole is in- or exluded)",510.5,801.6226118817069,1000,0.19837738811829309
64749d7691b6225c13abcaf036c94586f476ecf4b275ce719f0b78cef5388fac,Leaf Area,120885,try_28237,"Leaf area (in case of compound leaves undefined if leaf or leaflet, undefined if petiole is in- or exluded)",165.72010964999998,120650,try_28002,"Leaf area (in case of compound leaves: leaf, undefined if petiole in- or excluded)",1372.7,8.283243372811757,10,0.17167566271882428
65bdeac5506dbbaf6acdb29335be79482d8a474552d7bbcc689bfe02724f9ba9,Leaf nitrogen content per unit mass,101398,try_8750,Leaf nitrogen (N) content per leaf dry mass,1.762938592,102530,try_9882,Leaf nitrogen (N) content per leaf dry mass,20.18,11.446796894443388,10,0.14467968944433873
662798917572e70fc51e6f4543f8a3e05be998dd9f35c1acd9f575e18882be7b,Plant heigh,114842,try_22194,Plant height vegetative,0.25,98097,try_5449,Plant height vegetative,30,120,100,0.19999999999999996
664a04f080b60fd797b045dce8b7b40604c930b013a46c84351bbb104528d1a7,Plant heigh,294213,bien_traits_169223,whole plant height,3.048,143356,bien_traits_18366,whole plant height,27.432,9,10,0.09999999999999998
668d48ab9ad35d79d0c28e813b4c98a7c8eea7c10b7a44040af7691380bbff32,Leaf nitrogen content per unit mass,104020,try_11372,Leaf nitrogen (N) content per leaf dry mass,2.26,100703,try_8055,Leaf nitrogen (N) content per leaf dry mass,23.58333333333335,10.435103244837766,10,0.043510324483776674
66aad7714abdd3363a827ce2b26126090ee080ec690edfce539ab99d55f65752,Leaf nitrogen content per unit mass,103466,try_10818,Leaf nitrogen (N) content per leaf dry mass,2.1,125808,bien_traits_818,leaf nitrogen content per leaf dry mass,21,10,10,0
679dbc94780bff2cec96cea54b239c287b5b55d81ce0d2a34a520f309841a26f,Leaf nitrogen content per unit mass,107293,try_14645,Leaf nitrogen (N) content per leaf dry mass,1.398,102530,try_9882,Leaf nitrogen (N) content per leaf dry mass,13.98,10.000000000000002,10,2.220446049250313e-16
67ae54740998dd11714b600b270af97f54016005c2632fd3b9e4af2decbd04df,Leaf nitrogen content per unit mass,99613,try_6965,Leaf nitrogen (N) content per leaf dry mass,0.020615,102474,try_9826,Leaf nitrogen (N) content per leaf dry mass,19.8,960.4656803298569,1000,0.03953431967014309
6894afcf02647947142f541b2a63f73cf5b0beb436f42490c35b1793c6596820,Leaf nitrogen content per unit mass,104785,try_12137,Leaf nitrogen (N) content per leaf dry mass,2.1485885895,92763,try_115,Leaf nitrogen (N) content per leaf dry mass,21.4858858952121,10.000000000098716,10,9.871659045757042e-12
68efa5c7540d1e6eca88425774e5eacbd3ab3e8a9ac3f7c27d3147f42f3ee0dd,Leaf mass per area,107382,try_14734,"Leaf area per leaf dry mass (specific leaf area, SLA or 1/LMA): undefined if petiole is in- or excluded)",0.0019381156703728727,107882,try_15234,"Leaf area per leaf dry mass (specific leaf area, SLA or 1/LMA): undefined if petiole is in- or excluded)",0.21563540155163013,111.2603364432548,100,0.11260336443254793
698d65ee16fa724cc226bb51459e6da68f5497d125c788a27debcc1b92cb8949,Plant heigh,113530,try_20882,Plant height vegetative,2.5,111614,try_18966,Plant height vegetative,30,12,10,0.19999999999999996
6a34dd55ae43b3387babc339e35f6420269a603cd02bc5714ea3a662e0a0c66a,Leaf nitrogen content per unit mass,102926,try_10278,Leaf nitrogen (N) content per leaf dry mass,0.25,100703,try_8055,Leaf nitrogen (N) content per leaf dry mass,28.2333333333333,112.9333333333332,100,0.12933333333333197
6aa4e9731f0fad9d0eed12143e89aba711323ad4a70ba938a31e459107550a5c,Leaf mass per area,124621,try_31973,"Leaf area per leaf dry mass (specific leaf area, SLA or 1/LMA): undefined if petiole is in- or excluded)",0.0038444370959122886,112504,try_19856,"Leaf area per leaf dry mass (specific leaf area, SLA or 1/LMA): petiole included",0.038444370959437105,10.000000000081734,10,8.173461907290402e-12
6b05e1225b2e7030a9e7d0790f280bfbde1ffd492279ba59a6db7e04cbfb3d5c,Plant heigh,135458,bien_traits_10468,whole plant height,2.7432,260467,bien_traits_135477,whole plant height,27.1272,9.88888888888889,10,0.011111111111111072
6b7f5ee725d870d452d2ede85e4af80a1fc6f591ba30a6dd5c7781652b609fba,Leaf mass per area,107370,try_14722,"Leaf area per leaf dry mass (specific leaf area, SLA or 1/LMA): undefined if petiole is in- or excluded)",0.014231046086190807,124867,try_32219,"Leaf area per leaf dry mass (specific leaf area, SLA or 1/LMA): undefined if petiole is in- or excluded)",0.1670285618840822,11.736913848248971,10,0.1736913848248971
6bec898942f11373fefbec802953b09dbc615a2f6d88ab3119522f57bddc0f6b,Leaf Area,97891,try_5243,"Leaf area (in case of compound leaves: leaf, petiole excluded)",0.711,120544,try_27896,"Leaf area (in case of compound leaves: leaf, undefined if petiole in- or excluded)",749.5,1054.1490857946555,1000,0.054149085794655605
6c2df1ab0e1ab5c324c775b704ffcc87eca426e4ebfec9b264c573ae8d7f3506,Plant heigh,154488,bien_traits_29498,whole plant height,2.1336,219165,bien_traits_94175,whole plant height,21.336,10,10,0
6ced1e40fa464ebb9666c5618965a917c2d457a22a2c1ba5d9f0427ddd068123,Leaf nitrogen content per unit mass,104076,try_11428,Leaf nitrogen (N) content per leaf dry mass,2.1,103099,try_10451,Leaf nitrogen (N) content per leaf dry mass,23.6,11.238095238095239,10,0.12380952380952381
6ffd9a83678cd089de2bab8102b4409fc1196f5e2cd70df395acabff7d5f6bc4,Leaf mass per area,112656,try_20008,"Leaf area per leaf dry mass (specific leaf area, SLA or 1/LMA): petiole included",0.002577930723978648,108570,try_15922,"Leaf area per leaf dry mass (specific leaf area, SLA or 1/LMA): undefined if petiole is in- or excluded)",0.03176620076238882,12.322364005717917,10,0.23223640057179162
70296be773c115cae63526d19cd16cf7cf2e183924b327b8a43d94318e556f50,Plant heigh,112571,try_19923,Plant height vegetative,0.036000000000000004,252145,bien_traits_127155,whole plant height,28.6512,795.8666666666666,1000,0.2041333333333334
709785d96d11feacd17890d2f88e90ddb564f8108474d6d28e0d194f9d6fc669,Leaf mass per area,124625,try_31977,"Leaf area per leaf dry mass (specific leaf area, SLA or 1/LMA): undefined if petiole is in- or excluded)",0.00757702449953428,114838,try_22190,"Leaf area per leaf dry mass (specific leaf area, SLA or 1/LMA): undefined if petiole is in- or excluded)",0.07340527049842178,9.687875564205134,10,0.031212443579486604
70d3ad74b9684cf530bdea6156157f190210377b0a5c45446c88b27009730e92,Leaf mass per area,104751,try_12103,"Leaf area per leaf dry mass (specific leaf area, SLA or 1/LMA): undefined if petiole is in- or excluded)",0.002432712898843981,120525,try_27877,"Leaf area per leaf dry mass (specific leaf area, SLA or 1/LMA): undefined if petiole is in- or excluded)",0.0287644630375207,11.824027015760675,10,0.18240270157606764
70f9b8ee399ed421ec8770839d9f86c1a4599c868ecabf52969d912a429b0ecd,Plant heigh,92772,try_124,Plant height vegetative,0.2,103956,try_11308,Plant height vegetative,230,1150,1000,0.1499999999999999
7234d01495be72a3e6cae5b4879b46192700f92916217d662b4ef38ec92328f4,Leaf nitrogen content per unit mass,107293,try_14645,Leaf nitrogen (N) content per leaf dry mass,2.421,126309,bien_traits_1319,leaf nitrogen content per leaf dry mass,28.824,11.905824039653037,10,0.19058240396530368
724c0bedc3601de8ce956b04cc9ff18e42f5d9b64cd7f56d3456101ee5113aa4,Leaf mass per area,123016,try_30368,"Leaf area per leaf dry mass (specific leaf area, SLA or 1/LMA): undefined if petiole is in- or excluded)",0.005089999999999989,125029,bien_traits_39,leaf mass per area,0.053611254074455314,10.532662882997139,10,0.053266288299713915
72d7f80e5efc32d0ae7254049c0023d14c09497b72ff2fa3dd813d629f7f7c00,Leaf mass per area,107515,try_14867,"Leaf area per leaf dry mass (specific leaf area, SLA or 1/LMA): undefined if petiole is in- or excluded)",0.006312513802627055,113765,try_21117,"Leaf area per leaf dry mass (specific leaf area, SLA or 1/LMA): undefined if petiole is in- or excluded)",0.06452744436412694,10.22214705293362,10,0.02221470529336189
7328797249154fe8de4416616d05c537fc3359633ca511d43606252496ad3252,Leaf nitrogen content per unit mass,103422,try_10774,Leaf nitrogen (N) content per leaf dry mass,2.97871,125520,bien_traits_530,leaf nitrogen content per leaf dry mass,29.7871,10,10,0
73a0c7227bb7f7f73574ef756119e2b7d55434bf74910cf55911d82a9f46d2c9,Leaf mass per area,107293,try_14645,"Leaf area per leaf dry mass (specific leaf area, SLA or 1/LMA): undefined if petiole is in- or excluded)",0.006032258075051176,110843,try_18195,"Leaf area per leaf dry mass (specific leaf area, SLA or 1/LMA): undefined if petiole is in- or excluded)",0.07022562448854791,11.641681044614813,10,0.16416810446148133
74da569f539fe03599208e8ee6f703b9d3186159f4af95b1bde43ce9f199fbff,Plant heigh,112517,try_19869,Plant height vegetative,1.3,114590,try_21942,Plant height vegetative,121,93.07692307692308,100,0.0692307692307692
74fa80ae6f0189d8ff45efd781e2fc43280e08c18968adc358b15919e947f036,Leaf mass per area,124621,try_31973,"Leaf area per leaf dry mass (specific leaf area, SLA or 1/LMA): undefined if petiole is in- or excluded)",0.011909215104380684,119684,try_27036,"Leaf area per leaf dry mass (specific leaf area, SLA or 1/LMA): petiole included",0.1360544217687075,11.424297955510205,10,0.14242979555102053
754a85c01758ecac0cc0e225b3e4740841787373bcf720a78aa0764d8879dd5c,Plant heigh,202646,bien_traits_77656,whole plant height,3.9624,264422,bien_traits_139432,whole plant height,31.6992,8,10,0.19999999999999996
75c2147ae2232cd4f18234bb0ababd51c95a08cc49999300452ffc72fe8c2406,Plant heigh,170302,bien_traits_45312,whole plant height,3.048,208279,bien_traits_83289,whole plant height,26.5176,8.700000000000001,10,0.1299999999999999
760e9c0c2fd2411bbb2846598e92a32a9ee1099114323f384ad9f793c45a3fc1,Plant heigh,102527,try_9879,Plant height vegetative,0.195,112384,try_19736,Plant height vegetative,20,102.56410256410255,100,0.02564102564102555
761dcc16ba0b5b3540c538c23b4cca3d2eb5db95c39013a38bc91fbd3303ac75,Leaf Area,112659,try_20011,"Leaf area (in case of compound leaves: leaf, petiole included)",4.3131,119862,try_27214,"Leaf area (in case of compound leaves: leaf, undefined if petiole in- or excluded)",4530,1050.2886554914098,1000,0.05028865549140993
76a4eda33afc81490b2ef4fde235a7499cc8e8180cc8ffdc03d4c724f1d83354,Plant heigh,114835,try_22187,Plant height vegetative,0.3256,112662,try_20014,Plant height vegetative,305.5,938.2678132678133,1000,0.06173218673218672
76c15f1f1c5241110191deec474a4c143aa92959a536d7d8cd702c7d29353c03,Plant heigh,110837,try_18189,Plant height vegetative,0.9824999999999999,102694,try_10046,Plant height vegetative,88.5,90.0763358778626,100,0.09923664122137399
7729956b7987b47b266279c02e73012fb52761f5cd885c835e79aed87c93b3dc,Plant heigh,232069,bien_traits_107079,whole plant height,2.7432,110152,try_17504,Plant height vegetative,3000,1093.6132983377079,1000,0.09361329833770782
77509034292c4dc2d0f97d458ff7e1dea23630d3479077b5b17e2e32423bbc01,Leaf nitrogen content per unit mass,103534,try_10886,Leaf nitrogen (N) content per leaf dry mass,3.76,125743,bien_traits_753,leaf nitrogen content per leaf dry mass,39.15,10.412234042553191,10,0.04122340425531901
777a363b8d3d0d93559505b4267a46ded5ccc9ba77007baf250f4b6be4fedad4,Plant heigh,317997,bien_traits_193007,whole plant height,0.615384638309479,98030,try_5382,Plant height vegetative,50,81.24999697320172,100,0.1875000302679828
779218c2148c677525fd6d14e48a610027b2750f4ca612ae27daaf4a6bb5a7af,Leaf mass per area,107293,try_14645,"Leaf area per leaf dry mass (specific leaf area, SLA or 1/LMA): undefined if petiole is in- or excluded)",0.0035999999999712,112642,try_19994,"Leaf area per leaf dry mass (specific leaf area, SLA or 1/LMA): petiole included",0.038028484082217574,10.5634678007005,10,0.05634678007005012
779604dc1e4d68af37e3f6d65ccbba5ee11c55ed2ec6bce1ba024db0715f0b89,Leaf nitrogen content per unit mass,92869,try_221,Leaf nitrogen (N) content per leaf dry mass,2.0624,109413,try_16765,Leaf nitrogen (N) content per leaf dry mass,25.24551105,12.240841277152834,10,0.2240841277152834
77bfb0589d8961945412c8b1d6794e00769bf135f71373647b1bc4d907d606da,Leaf Area,92764,try_116,"Leaf area (in case of compound leaves: leaf, petiole included)",28.6425555555556,119684,try_27036,"Leaf area (in case of compound leaves: leaf, petiole included)",2320.75,81.02454389932605,100,0.18975456100673949
77d6114d25a92c546a2c5d3d229a1bb81ae629fafe6654a111ad8b03023fdbb0,Plant heigh,113878,try_21230,Plant height vegetative,9,112423,try_19775,Plant height vegetative,80,8.88888888888889,10,0.11111111111111105
7957af7e2e8fbb669cbb4a36de3f9797602274f973dfce9ceca1a21814feeff1,Leaf mass per area,124644,try_31996,"Leaf area per leaf dry mass (specific leaf area, SLA or 1/LMA): undefined if petiole is in- or excluded)",0.0031312046725092625,121596,try_28948,"Leaf area per leaf dry mass (specific leaf area, SLA or 1/LMA): undefined if petiole is in- or excluded)",0.03618986254295533,11.55780804132288,10,0.15578080413228812
79bf8f9bf94c4fc8f8aeeeba9efcdc65242e0975ca329df411c214b3d563ab5f,Leaf nitrogen content per unit mass,107293,try_14645,Leaf nitrogen (N) content per leaf dry mass,1.429,103225,try_10577,Leaf nitrogen (N) content per leaf dry mass,15.574170565,10.89864980055983,10,0.08986498005598298
7ab971492ccea5786293a63742ebac115aa3bb9f0e40ca2791e07a0c3a1a1321,Plant heigh,191178,bien_traits_66188,whole plant height,2.1336,133245,bien_traits_8255,whole plant height,24.384,11.428571428571429,10,0.1428571428571428
7b99110bc279c3dc48e9000adab5d4872d185612968b14c0758cdb2e0cafc203,Leaf mass per area,107293,try_14645,"Leaf area per leaf dry mass (specific leaf area, SLA or 1/LMA): undefined if petiole is in- or excluded)",0.002073619631902095,92760,try_112,"Leaf area per leaf dry mass (specific leaf area, SLA or 1/LMA): petiole included",0.025502599940383543,12.298591095508897,10,0.22985910955088973
7bff0e298e6bb0d9df8d266227a980d05ea00a85a67bcbc8032937b1ce0d04dd,Leaf Area,112655,try_20007,"Leaf area (in case of compound leaves: leaf, petiole included)",55.540499999999994,120046,try_27398,"Leaf area (in case of compound leaves: leaf, undefined if petiole in- or excluded)",6075,109.3796418829503,100,0.09379641882950285
7c0b5bbd31aebe98b72829a398053a8a914231ca899ef65265396b33f758bde7,Leaf nitrogen content per unit mass,92657,try_9,Leaf nitrogen (N) content per leaf dry mass,1.61,126342,bien_traits_1352,leaf nitrogen content per leaf dry mass,18.243466665,11.331345754658384,10,0.1331345754658384
7c2bd08d0c38a61aba6e1a6d65010d91f4be8e4cdd51a894b78b5bd9fccff385,Plant heigh,175094,bien_traits_50104,whole plant height,4.1148,261171,bien_traits_136181,whole plant height,35.3568,8.592592592592593,10,0.1407407407407406
7c5ce1e3716518244367f6842fddba257a89deae059b547ad8e7d359166787fc,Leaf Area,125029,bien_traits_39,leaf area,5403.2,120046,try_27398,"Leaf area (in case of compound leaves: leaf, undefined if petiole in- or excluded)",54675,10.119003553449808,10,0.011900355344980795
7cb6e56136f6555e01b114dd3ead3c4db7d6d1d051044aad3b23e389f3ed8851,Leaf Area,98094,try_5446,"Leaf area (in case of compound leaves undefined if leaf or leaflet, undefined if petiole is in- or exluded)",0.081625,112673,try_20025,"Leaf area (in case of compound leaves: leaf, petiole included)",87.6,1073.2006125574271,1000,0.07320061255742716
7ceeb6f2606ec628241a6bfda183d08b08bbdf422a798f44df6c7df35b7c3645,Leaf Area,112633,try_19985,"Leaf area (in case of compound leaves: leaf, petiole included)",5.429,120048,try_27400,"Leaf area (in case of compound leaves: leaf, undefined if petiole in- or excluded)",675,124.33228955608767,100,0.24332289556087683
7d02ca039f3637bf8952ebac0f91afe1e31b09dd858583e49b36f5d0fbe389f0,Plant heigh,112699,try_20051,Plant height vegetative,4.699999999999999,114910,try_22262,Plant height vegetative,36,7.659574468085108,10,0.23404255319148926
7d2f97490c0bfaf55b7d16e20a6d7ac85832d0e76eb430359035278ab9c08001,Plant heigh,269801,bien_traits_144811,whole plant height,3.048,261883,bien_traits_136893,whole plant height,23.4696,7.7,10,0.22999999999999998
7de56507af80be8201bab151edd3238a038747106f3b84ef1ee04673e3c23d17,Plant heigh,114836,try_22188,Plant height vegetative,0.3075,109442,try_16794,Plant height vegetative,27.06666667,88.02168022764228,100,0.11978319772357726
7e11b7bd72cf3bf92719f2c9b7ddd024ea1525c6036490136d5667f44f9c0513,Leaf nitrogen content per unit mass,103530,try_10882,Leaf nitrogen (N) content per leaf dry mass,1.06,102471,try_9823,Leaf nitrogen (N) content per leaf dry mass,10.6,10,10,0
7e59f9bcdaf1cc3801548fbfa4c51f69d48cd5a06d14aef29a166c785f526b60,Leaf mass per area,98097,try_5449,"Leaf area per leaf dry mass (specific leaf area, SLA or 1/LMA): undefined if petiole is in- or excluded)",0.017579464409877434,114838,try_22190,"Leaf area per leaf dry mass (specific leaf area, SLA or 1/LMA): undefined if petiole is in- or excluded)",0.1716148961729878,9.762236901629493,10,0.023776309837050702
7edd643c8ea335f44606133d17b7fd253e535e70167c78194f49bb8852f53747,Plant heigh,216380,bien_traits_91390,whole plant height,0.9144,234961,bien_traits_109971,whole plant height,9.144,10,10,0
7f0227d7efcdec2f3e9e03fabafa6198ef5eed70084573d8896822c176ece2a5,Leaf mass per area,104630,try_11982,"Leaf area per leaf dry mass (specific leaf area, SLA or 1/LMA): undefined if petiole is in- or excluded)",0.002198381990854731,120883,try_28235,"Leaf area per leaf dry mass (specific leaf area, SLA or 1/LMA): undefined if petiole is in- or excluded)",2.0785168468674953,945.4757433030862,1000,0.05452425669691374
7f308276c7e015a0aec9a820840c0b086e56f84820ce97ac8558072637032abf,Leaf nitrogen content per unit mass,104028,try_11380,Leaf nitrogen (N) content per leaf dry mass,1.79328,107885,try_15237,Leaf nitrogen (N) content per leaf dry mass,21.9085,12.216999018558173,10,0.22169990185581723
804e716911df3cd6e75eb0be810bddb7ba4915b7744ae6e1149af0ee43dfc39c,Leaf nitrogen content per unit mass,108068,try_15420,Leaf nitrogen (N) content per leaf dry mass,1.98,103102,try_10454,Leaf nitrogen (N) content per leaf dry mass,22.9,11.565656565656566,10,0.15656565656565657
8099ec72052dfee58b8e2863386ca2a17c53e52738fc3b3c37acdb0ba971ca7e,Leaf Area,120136,try_27488,"Leaf area (in case of compound leaves: leaf, undefined if petiole in- or excluded)",400,119684,try_27036,"Leaf area (in case of compound leaves: leaf, petiole included)",4196,10.49,10,0.04899999999999993
80ce8fe518721b08f90f9409ad6dfcba69b2db70925c7fa04bcf9c750f50860e,Leaf Area,120681,try_28033,"Leaf area (in case of compound leaves undefined if leaf or leaflet, undefined if petiole is in- or exluded)",6.1071,120579,try_27931,"Leaf area (in case of compound leaves: leaf, undefined if petiole in- or excluded)",557.665,91.314208052922,100,0.08685791947078003
81442ad367036791f7e4717a34521dcb8dec33de357e08f540d5aef0c0bee5c6,Leaf nitrogen content per unit mass,100914,try_8266,Leaf nitrogen (N) content per leaf dry mass,1.71,107780,try_15132,Leaf nitrogen (N) content per leaf dry mass,20.189999999999998,11.807017543859647,10,0.1807017543859648
824b26ccb27a4108e24bfa2c30757dc2a7132054135f358dfda35c8800cec1ac,Leaf mass per area,103452,try_10804,"Leaf area per leaf dry mass (specific leaf area, SLA or 1/LMA): undefined if petiole is in- or excluded)",0.003650034675329415,113754,try_21106,"Leaf area per leaf dry mass (specific leaf area, SLA or 1/LMA): undefined if petiole is in- or excluded)",0.04286465631119121,11.743629889577058,10,0.17436298895770586
828801f8df0495849b9236b9d8865d9d864a31fe6d9f94fc8167ad60aeb78b01,Plant heigh,177174,bien_traits_52184,whole plant height,0.6096,98026,try_5378,Plant height vegetative,7,11.48293963254593,10,0.148293963254593
82b1bbcde05c1977c08c074edd4a5023c4799e43017492be7d5d80f89a302c07,Plant heigh,209415,bien_traits_84425,whole plant height,2.7432,128041,bien_traits_3051,whole plant height,21.0312,7.666666666666666,10,0.2333333333333334
836891e303f3feeccd2801e6b04edbf34ce642235206ced68a0957e31a8c585e,Leaf Area,92763,try_115,"Leaf area (in case of compound leaves: leaf, petiole included)",44.5836666666667,100581,try_7933,"Leaf area (in case of compound leaves: leaf, undefined if petiole in- or excluded)",5490.125,123.14206996583194,100,0.23142069965831946
8458382597d1c4db95bab6a83497c571269d248f0ec32becd5a7bf3a78f9cf22,Plant heigh,111233,try_18585,Plant height vegetative,0.157,110152,try_17504,Plant height vegetative,150,955.4140127388534,1000,0.0445859872611466
84593d7a0dc30fcd2550dcb54a5009a004eb5652383e7b073a9b4370151be209,Leaf mass per area,124225,try_31577,"Leaf area per leaf dry mass (specific leaf area, SLA or 1/LMA): undefined if petiole is in- or excluded)",0.005209418628881017,107701,try_15053,"Leaf area per leaf dry mass (specific leaf area, SLA or 1/LMA): undefined if petiole is in- or excluded)",0.0644366829244099,12.369265654169725,10,0.23692656541697255
8584302df2b6c5200003b52e8cf105fa1e301df9f6456845b18aaf3bb4e64e8a,Leaf mass per area,104169,try_11521,"Leaf area per leaf dry mass (specific leaf area, SLA or 1/LMA): undefined if petiole is in- or excluded)",0.013770000000017487,125083,bien_traits_93,leaf mass per area,0.13966480446927373,10.14268732527933,10,0.014268732527932926
85d71c65a49cea3d6285b41c02381d414e42cdac1dbd60508cd635b8b9236cc9,Plant heigh,112538,try_19890,Plant height vegetative,0.25,112276,try_19628,Plant height vegetative,300,1200,1000,0.19999999999999996
85fd9089448bbedeed90378b39e64f913758dfd619382a0ee4a61eaa7a212650,Leaf mass per area,107293,try_14645,"Leaf area per leaf dry mass (specific leaf area, SLA or 1/LMA): undefined if petiole is in- or excluded)",0.005160000000063984,112640,try_19992,"Leaf area per leaf dry mass (specific leaf area, SLA or 1/LMA): petiole included",0.05085331868757755,9.85529431917577,10,0.014470568082423085
861dd4a55b6554b7eeecd4b5882a017e2e1806a0dfa4a105bedb0468aa903fa7,Leaf mass per area,104370,try_11722,"Leaf area per leaf dry mass (specific leaf area, SLA or 1/LMA): undefined if petiole is in- or excluded)",0.008147073958496866,102439,try_9791,"Leaf area per leaf dry mass (specific leaf area, SLA or 1/LMA): undefined if petiole is in- or excluded)",0.0831255195344971,10.20311340709048,10,0.020311340709048054
863f45b3857628dcaa5e385b11e107cd0021008dab9d702473c51cc547103cce,Leaf Area,112659,try_20011,"Leaf area (in case of compound leaves: leaf, petiole included)",57.5001,120049,try_27401,"Leaf area (in case of compound leaves: leaf, undefined if petiole in- or excluded)",6075,105.65199017045187,100,0.056519901704518594
864b2b51c087ab4024cf0dbcf6cdb5c849b4d4632a3574aa5f65edd3a24f5959,Leaf mass per area,104541,try_11893,"Leaf area per leaf dry mass (specific leaf area, SLA or 1/LMA): undefined if petiole is in- or excluded)",0.003949093805077715,110652,try_18004,"Leaf area per leaf dry mass (specific leaf area, SLA or 1/LMA): undefined if petiole is in- or excluded)",0.048473097430925836,12.27448620455647,10,0.22744862045564718
86f3076623cc495042553999c889433ea4b6ad0b8bf47de11fb0ca3a3cc8ce06,Plant heigh,181642,bien_traits_56652,whole plant height,2.7432,281349,bien_traits_156359,whole plant height,21.9456,8,10,0.19999999999999996
876b51e4a4402477e496573931619318d25abc23762276c6a36745c6f21c8f42,Leaf mass per area,123338,try_30690,"Leaf area per leaf dry mass (specific leaf area, SLA or 1/LMA): undefined if petiole is in- or excluded)",0.003782148260211801,119689,try_27041,"Leaf area per leaf dry mass (specific leaf area, SLA or 1/LMA): petiole included",0.03464403360489263,9.15988248513361,10,0.08401175148663909
87c130662bb99af28b3be2fe33cf23c42c1856c1f384b7ee6268a1d7a10b1296,Plant heigh,318505,bien_traits_193515,whole plant height,3,112276,try_19628,Plant height vegetative,300,100,100,0
883219bb10fd8c086a7bcef26d93cca21a92311c1ca71927d7f931f9791ec1c9,Leaf nitrogen content per unit mass,101575,try_8927,Leaf nitrogen (N) content per leaf dry mass,2.92,100703,try_8055,Leaf nitrogen (N) content per leaf dry mass,29.216666666666647,10.005707762557071,10,5.707762557070062e-4
884bd58a83325a7008d6d08e40134c70519c65e91bfa6adf539b7aa718dead55,Leaf mass per area,123416,try_30768,"Leaf area per leaf dry mass (specific leaf area, SLA or 1/LMA): undefined if petiole is in- or excluded)",0.006648936170212766,120883,try_28235,"Leaf area per leaf dry mass (specific leaf area, SLA or 1/LMA): undefined if petiole is in- or excluded)",0.7930058721846933,119.26808317657787,100,0.19268083176577866
8889d77b302e64a4e48ed867a72ae80d1ec0f3f78ed82e26fa8532d102436ba6,Leaf nitrogen content per unit mass,104010,try_11362,Leaf nitrogen (N) content per leaf dry mass,0.02621,107747,try_15099,Leaf nitrogen (N) content per leaf dry mass,29.19,1113.6970621900039,1000,0.11369706219000397
88f3f9c2b4b5c0436001e96d9f36534595750877b342328067367c7ecac2edbb,Leaf nitrogen content per unit mass,104364,try_11716,Leaf nitrogen (N) content per leaf dry mass,1.7203333333,124994,bien_traits_4,leaf nitrogen content per leaf dry mass,17.2,9.998062391203218,10,1.9376087967815092e-4
88fb6ecad45c967f72ee91814372eb81c8420f0da231393f3620f2381f8a3d35,Stem specific density,98088,try_5440,"Stem specific density (SSD, stem dry mass per stem fresh volume) or wood density",0.0056912097112451,100344,try_7696,"Stem specific density (SSD, stem dry mass per stem fresh volume) or wood density",0.57,100.1544537840089,100,0.0015445378400888998
891bd2218e9e15464ccd0b59a51cab2a2c0d2fed52527be28cbd9d5d782d022f,Leaf nitrogen content per unit mass,102051,try_9403,Leaf nitrogen (N) content per leaf dry mass,1.66,125719,bien_traits_729,leaf nitrogen content per leaf dry mass,17.4,10.481927710843372,10,0.04819277108433728
892071f92d634c0c83939f40ebdc1056f1178e9b338be1d0e309dd2758a75ce8,Leaf mass per area,104626,try_11978,"Leaf area per leaf dry mass (specific leaf area, SLA or 1/LMA): undefined if petiole is in- or excluded)",0.005312931675698651,119684,try_27036,"Leaf area per leaf dry mass (specific leaf area, SLA or 1/LMA): petiole included",0.06455845186415135,12.151191809870568,10,0.21511918098705674
89ac9205033e9c4b0ff0b2de9de86e327e05dc05d5e8dd67a740a0d387415c80,Leaf nitrogen content per unit mass,97892,try_5244,Leaf nitrogen (N) content per leaf dry mass,2.033,102530,try_9882,Leaf nitrogen (N) content per leaf dry mass,24.24,11.923266109198229,10,0.19232661091982295
89cf21daa4c9e80a33844a3aecf894beda9bdb587ca8da9a85543b3e3b8625dd,Leaf nitrogen content per unit mass,99613,try_6965,Leaf nitrogen (N) content per leaf dry mass,0.020885,103102,try_10454,Leaf nitrogen (N) content per leaf dry mass,17.4,833.1338281062963,1000,0.16686617189370367
8a4d5e57972993a473f0a9c43276af6fa2b8f1ab70d06b3509557393ab772db6,Leaf Area,114162,try_21514,"Leaf area (in case of compound leaves undefined if leaf or leaflet, undefined if petiole is in- or exluded)",15.25065,120886,try_28238,"Leaf area (in case of compound leaves undefined if leaf or leaflet, undefined if petiole is in- or exluded)",126.3855843,8.287226072331343,10,0.1712773927668657
8a60dd3cadf48e1d233ec9101d4624098366f256c99d742c5c68bec4fc97e40b,Leaf nitrogen content per unit mass,104364,try_11716,Leaf nitrogen (N) content per leaf dry mass,3.2946666667,124994,bien_traits_4,leaf nitrogen content per leaf dry mass,32.9,9.98583569394996,10,0.00141643060500396
8aadd1a42039addc594f48fc4e0964b29a65f6d1c01f585b87996ddd1d71a446,Plant heigh,92657,try_9,Plant height vegetative,1.7,112274,try_19626,Plant height vegetative,150,88.23529411764706,100,0.11764705882352944
8b4c34d5295c9ec5aa41d9635eda52bb9e21a38c28e1bb1b24d05eefbecfa986,Leaf Area,124994,bien_traits_4,leaf area,792,102527,try_9879,"Leaf area (in case of compound leaves: leaf, petiole included)",9566.902,12.079421717171718,10,0.20794217171717166
8b8d4b1395c84ce8353a28706f907009c2df3ea32ec858eec11c531aff90abde,Leaf nitrogen content per unit mass,95193,try_2545,Leaf nitrogen (N) content per leaf dry mass,0.1909,92763,try_115,Leaf nitrogen (N) content per leaf dry mass,19.1287790420515,100.20313798874542,100,0.0020313798874542766
8ba09ea226f5a1b27f6dfaedd868408713afb6eda9a328ebf82111121ff6c1e1,Leaf mass per area,104090,try_11442,"Leaf area per leaf dry mass (specific leaf area, SLA or 1/LMA): undefined if petiole is in- or excluded)",0.012634999999968413,125408,bien_traits_418,leaf mass per area,0.13347570742124934,10.563965763481047,10,0.05639657634810469
8c20a8b76cf1062b0890d75b54c7b17eecf02fb20e54bd191f00ae27db46c533,Plant heigh,168008,bien_traits_43018,whole plant height,1.2192,97892,try_5244,Plant height vegetative,1150,943.2414698162729,1000,0.05675853018372712
8c7c76e2dca5cd37395900e6b770459bd1695bf246d4c6a61fd7cfc9291ad927,Leaf nitrogen content per unit mass,104624,try_11976,Leaf nitrogen (N) content per leaf dry mass,2.19,107882,try_15234,Leaf nitrogen (N) content per leaf dry mass,25.2936860721365,11.549628343441324,10,0.15496283434413227
8d481ce3e20dcf3dd87896171ca78ed584e1961cfad6a732f207d2510bdff722,Leaf Area,107886,try_15238,"Leaf area (in case of compound leaves undefined if leaf or leaflet, undefined if petiole is in- or exluded)",0.181150649350649,120325,try_27677,"Leaf area (in case of compound leaves: leaf, undefined if petiole in- or excluded)",19.48,107.53480636049517,100,0.07534806360495172
8e30cd7b10d11cf3a71527da97a3faf954f3c58aeeac95a3b602393de69eed68,Leaf mass per area,104024,try_11376,"Leaf area per leaf dry mass (specific leaf area, SLA or 1/LMA): undefined if petiole is in- or excluded)",0.0032,121469,try_28821,"Leaf area per leaf dry mass (specific leaf area, SLA or 1/LMA): petiole included",0.03662833230970165,11.446353846781767,10,0.14463538467817671
8e536c1f2d17e9e4f1520544907d8bde9a337e3be3d80926c8ad979e6700f869,Plant heigh,133654,bien_traits_8664,whole plant height,3.81,165417,bien_traits_40427,whole plant height,28.956,7.6,10,0.24
8e9096a75c04b6db0356a4100f60a200f987468bd1a29b732e5cdb10a3522633,Plant heigh,102518,try_9870,Plant height vegetative,0.67,112348,try_19700,Plant height vegetative,80,119.40298507462686,100,0.19402985074626855
8ea5e75149c03a9b219ed5144b3984942500f849a09ae03f202c2de4bcf302bc,Leaf nitrogen content per unit mass,107923,try_15275,Leaf nitrogen (N) content per leaf dry mass,2.55540777359377,107882,try_15234,Leaf nitrogen (N) content per leaf dry mass,22.815808515804,8.928441382847183,10,0.10715586171528169
8f18de171f98d80d78d1ab7f481b18ccee11fb5496c40bb812e670c083be927c,Leaf mass per area,124621,try_31973,"Leaf area per leaf dry mass (specific leaf area, SLA or 1/LMA): undefined if petiole is in- or excluded)",0.0027696434037266415,112504,try_19856,"Leaf area per leaf dry mass (specific leaf area, SLA or 1/LMA): petiole included",0.027696434037343124,10.000000000027697,10,2.7697844018348405e-12
8f405dfb977514fd60466c7e7fe4703627d95495feb1b28a776b0c4fb2658a73,Leaf Area,112657,try_20009,"Leaf area (in case of compound leaves: leaf, petiole included)",9.4884,120040,try_27392,"Leaf area (in case of compound leaves: leaf, undefined if petiole in- or excluded)",893.478260869565,94.1653240661824,100,0.058346759338176124
8f90e0dededfd5afd620dc60fef1384562925482fc46efe841e64c702892d220,Leaf nitrogen content per unit mass,104751,try_12103,Leaf nitrogen (N) content per leaf dry mass,1.5694,103099,try_10451,Leaf nitrogen (N) content per leaf dry mass,16,10.19497897285587,10,0.01949789728558704
8f93e9e8f910fef47082c6d02a494c86bf0fdfbf16ce0fcce6a29f6ac599eed5,Plant heigh,187230,bien_traits_62240,whole plant height,3.6576,142790,bien_traits_17800,whole plant height,28.6512,7.833333333333333,10,0.21666666666666667
90673035eacb3fb2aeac4b66cd399044720f0ee80b36906d57788c7d67c93a64,Plant heigh,112655,try_20007,Plant height vegetative,3,110152,try_17504,Plant height vegetative,30,10,10,0
90cc2f72dc0d3f426978c41f672646effb9eee1998335b15e05a422614a3b303,Leaf nitrogen content per unit mass,104028,try_11380,Leaf nitrogen (N) content per leaf dry mass,2.68992,125027,bien_traits_37,leaf nitrogen content per leaf dry mass,30.8,11.45015465143945,10,0.14501546514394503
910b81b337e03feb656775de9fec38e062ea5a323133975b901f0833c1ce957c,Leaf mass per area,103052,try_10404,"Leaf area per leaf dry mass (specific leaf area, SLA or 1/LMA): undefined if petiole is in- or excluded)",0.007019429122968778,102469,try_9821,"Leaf area per leaf dry mass (specific leaf area, SLA or 1/LMA): undefined if petiole is in- or excluded)",0.08264462809917356,11.773696500296033,10,0.17736965002960337
910c0cdc6d1c2b5be5d709912b588f351891be90a05754f2842be7cd191a75c3,Leaf nitrogen content per unit mass,103528,try_10880,Leaf nitrogen (N) content per leaf dry mass,1.03,102469,try_9821,Leaf nitrogen (N) content per leaf dry mass,10.3,10,10,0
91885feac5562170719baa573b8d3cb3949acb009478893c24c3a5a047f7ddde,Leaf Area,92772,try_124,"Leaf area (in case of compound leaves: leaf, petiole included)",0.8019,120883,try_28235,"Leaf area (in case of compound leaves undefined if leaf or leaflet, undefined if petiole is in- or exluded)",77.11900080000001,96.17034642723533,100,0.038296535727646686
91f29af7346f049090e3d0f5dc8dbe491bd96dfeb93e7cb56ff7362bc45978b1,Plant heigh,125213,bien_traits_223,whole plant height,0.072,110152,try_17504,Plant height vegetative,90,1250,1000,0.25
921d73169111aa48a300f6664aed30b886dfc2436545596904ab650ec3403f5c,Leaf Area,113838,try_21190,"Leaf area (in case of compound leaves undefined if leaf or leaflet, undefined if petiole is in- or exluded)",15.9863,120129,try_27481,"Leaf area (in case of compound leaves: leaf, undefined if petiole in- or excluded)",131,8.194516554800048,10,0.18054834451999524
93458ed11f741f850fc128203c9869f4be43ae4d2c2f36063fbbf2351078f436,Plant heigh,114142,try_21494,Plant height vegetative,4.800000000000001,113735,try_21087,Plant height vegetative,41.75,8.697916666666666,10,0.13020833333333337
94de1cab4e5dc61edb2989aa35d2e5e4038d19496380679ab695a1f79e4d3ddb,Plant heigh,125052,bien_traits_62,whole plant height,1.07,112456,try_19808,Plant height vegetative,1000,934.5794392523364,1000,0.06542056074766356
94f54ba0eb266aff8c48be9bf4b871792234ac2280e95beeb02db18900e4f1db,Leaf mass per area,107515,try_14867,"Leaf area per leaf dry mass (specific leaf area, SLA or 1/LMA): undefined if petiole is in- or excluded)",0.03394900910251971,113765,try_21117,"Leaf area per leaf dry mass (specific leaf area, SLA or 1/LMA): undefined if petiole is in- or excluded)",0.33227547965968335,9.787486835220228,10,0.021251316477977178
9586946b3c17799a9fe0cd5a37319217fa581213bb754d8966262d6a556bcfe2,Leaf mass per area,123613,try_30965,"Leaf area per leaf dry mass (specific leaf area, SLA or 1/LMA): undefined if petiole is in- or excluded)",0.003112356053532524,115839,try_23191,"Leaf area per leaf dry mass (specific leaf area, SLA or 1/LMA): undefined if petiole is in- or excluded)",0.02707428995644018,8.69896936300423,10,0.13010306369957703
95c3662cbcc51cc17e7ca5ec756dc88ffa97daa6c82e40f0ce88a666fbeb2972,Plant heigh,112713,try_20065,Plant height vegetative,0.51,110820,try_18172,Plant height vegetative,42,82.35294117647058,100,0.17647058823529416
96f7db208a0ff8a069eaf59af236e3e0b14b8802477422fcdb319f521161f903,Leaf mass per area,110516,try_17868,"Leaf area per leaf dry mass (specific leaf area, SLA or 1/LMA): petiole included",0.0054725535876373865,125739,bien_traits_749,leaf mass per area,0.0652621690973083,11.925359533205286,10,0.19253595332052864
983f91e19bb5e8107b01546dac4fd9bd728958ea95505544cbce413f828620df,Plant heigh,273797,bien_traits_148807,whole plant height,3.6576,132574,bien_traits_7584,whole plant height,32.9184,9,10,0.09999999999999998
986aebb11de92d211c1ca4453135a03bec9ac8c91f2c35c85a86162fedb40571,Leaf Area,107886,try_15238,"Leaf area (in case of compound leaves undefined if leaf or leaflet, undefined if petiole is in- or exluded)",2.1638,120479,try_27831,"Leaf area (in case of compound leaves: leaf, undefined if petiole in- or excluded)",253.8,117.29365006007949,100,0.1729365006007948
98ec47da65ebdc6eff4a6f581772589cd127f810437559dcaeff0cc5592502bd,Leaf nitrogen content per unit mass,107293,try_14645,Leaf nitrogen (N) content per leaf dry mass,1.464,102530,try_9882,Leaf nitrogen (N) content per leaf dry mass,14.64,10,10,0
99137ad25e1b1a8f519c8d371e479d9e485c0125cea769bdff0404247a9ef2bf,Leaf mass per area,124473,try_31825,"Leaf area per leaf dry mass (specific leaf area, SLA or 1/LMA): undefined if petiole is in- or excluded)",0.0030310559183950444,108585,try_15937,"Leaf area per leaf dry mass (specific leaf area, SLA or 1/LMA): undefined if petiole is in- or excluded)",0.03717472118959108,12.2646108123519,10,0.22646108123519015
992e675fd75f83b7647fbba3d625506269fe09e8b15e839f32b247e85bec2b82,Leaf mass per area,104626,try_11978,"Leaf area per leaf dry mass (specific leaf area, SLA or 1/LMA): undefined if petiole is in- or excluded)",0.004749916876454662,119684,try_27036,"Leaf area per leaf dry mass (specific leaf area, SLA or 1/LMA): petiole included",0.04037141703673799,8.499394428744449,10,0.1500605571255551
99e8ef8fbb3a5aa09d539378d91a87efb47a5e14c31482e7eda4b2ed78e61d67,Plant heigh,319021,bien_traits_194031,whole plant height,0.4,103273,try_10625,Plant height vegetative,31.75,79.375,100,0.20625000000000004
9a79254790c491c6d3a2b2f08a5382bfdb978be9dd69688a8f49b13b060ff665,Leaf mass per area,124222,try_31574,"Leaf area per leaf dry mass (specific leaf area, SLA or 1/LMA): undefined if petiole is in- or excluded)",0.003466666667045689,125506,bien_traits_516,leaf mass per area,0.03466666667406222,10.00000000104,10,1.0399991978715661e-10
9aa91eb3f5dd159d2a25875ca99fc5b18b1d5679cbd5a8834a2d71178508b092,Plant heigh,175879,bien_traits_50889,whole plant height,3.048,176070,bien_traits_51080,whole plant height,28.6512,9.4,10,0.05999999999999994
9b992ddbd3aaceeb2a11487975f772d9f7a3c585bceec6cdffc26da7eaee0922,Leaf mass per area,123304,try_30656,"Leaf area per leaf dry mass (specific leaf area, SLA or 1/LMA): undefined if petiole is in- or excluded)",0.0028747507076522676,112504,try_19856,"Leaf area per leaf dry mass (specific leaf area, SLA or 1/LMA): petiole included",0.031377662108061005,10.914915865413008,10,0.09149158654130085
9ba89d83264ef6104fa80a35e36ffb5fb6dfd525a44d2332824812b5ca9bbf15,Plant heigh,110646,try_17998,Plant height vegetative,0.107,110168,try_17520,Plant height vegetative,98.4,919.6261682242991,1000,0.0803738317757009
9bc606e349ef2f0f22927a9b58530dd9169053f44d5b30d12688d945ec9b43d1,Leaf mass per area,103052,try_10404,"Leaf area per leaf dry mass (specific leaf area, SLA or 1/LMA): undefined if petiole is in- or excluded)",0.0057773981102741834,113765,try_21117,"Leaf area per leaf dry mass (specific leaf area, SLA or 1/LMA): undefined if petiole is in- or excluded)",0.06122147244090065,10.59672040464513,10,0.05967204046451302
9bda7b0a3bc244725215f1a11d98e5b8b5370bc3c315c52bd6aa6e5e7b666b46,Leaf Area,92753,try_105,"Leaf area (in case of compound leaves: leaf, petiole included)",1.4922,107931,try_15283,"Leaf area (in case of compound leaves undefined if leaf or leaflet, undefined if petiole is in- or exluded)",1163.34134508609,779.6148941737637,1000,0.22038510582623627
9c6fba0076c9d30049d5cdb73e006de035dd599e48f28f1b2769b0f8c26b1674,Leaf mass per area,104623,try_11975,"Leaf area per leaf dry mass (specific leaf area, SLA or 1/LMA): undefined if petiole is in- or excluded)",0.006756756756756757,120527,try_27879,"Leaf area per leaf dry mass (specific leaf area, SLA or 1/LMA): undefined if petiole is in- or excluded)",0.058887730896417925,8.715384172669852,10,0.12846158273301478
9c8cb4b381b4fa682d4f8f54f62c6b704b4f11bd329f8da31603dd85bd278539,Leaf nitrogen content per unit mass,97892,try_5244,Leaf nitrogen (N) content per leaf dry mass,2.581,102530,try_9882,Leaf nitrogen (N) content per leaf dry mass,28.49,11.038357225881441,10,0.10383572258814411
9ca5ae9be75e29195f3fd546f10b5dc8796784a8a88862eee203dd6761df5d55,Leaf mass per area,123196,try_30548,"Leaf area per leaf dry mass (specific leaf area, SLA or 1/LMA): undefined if petiole is in- or excluded)",0.00285000000001995,125408,bien_traits_418,leaf mass per area,0.03384323812102342,11.874820393258426,10,0.18748203932584273
9cab5a3b2c3b2345d0a31cc672d804bf1d603026764b1a2b1aedde01600e5820,Leaf mass per area,104622,try_11974,"Leaf area per leaf dry mass (specific leaf area, SLA or 1/LMA): undefined if petiole is in- or excluded)",0.0035038350311832876,107882,try_15234,"Leaf area per leaf dry mass (specific leaf area, SLA or 1/LMA): undefined if petiole is in- or excluded)",0.03452211126961487,9.852664569643377,10,0.014733543035662322
9cc559f8d52017dd5e82361683eae755715d8747d216f890d823ea62e62e5fa9,Leaf Area,114834,try_22186,"Leaf area (in case of compound leaves: leaf, undefined if petiole in- or excluded)",154.64,120198,try_27550,"Leaf area (in case of compound leaves: leaf, undefined if petiole in- or excluded)",1565,10.12027935851009,10,0.01202793585100892
9d193da2529d560a7196a3ddf1df6d9d0fb087242a2afb5aed5f4e1407e5ad6c,Leaf mass per area,97827,try_5179,"Leaf area per leaf dry mass (specific leaf area, SLA or 1/LMA): petiole included",5.8592361973243436e-5,107705,try_15057,"Leaf area per leaf dry mass (specific leaf area, SLA or 1/LMA): undefined if petiole is in- or excluded)",0.05573059063233581,951.1579454295686,1000,0.04884205457043145
9d237bb92713bc5390fbed4a939ac6bec2ddf4452c1fb8525ce903f036f3bf31,Plant heigh,107925,try_15277,Plant height vegetative,0.186363636363636,112309,try_19661,Plant height vegetative,20,107.31707317073192,100,0.07317073170731914
9d6645e81fa8b204717514beea1bf896ba45858a914c39c028853209a43d6577,Plant heigh,181752,bien_traits_56762,whole plant height,3.048,231501,bien_traits_106511,whole plant height,28.6512,9.4,10,0.05999999999999994
9f45a3bafa4ddbb11fe8a5145ebc0608e48a7529d814eecc7c2c56002b2881f6,Plant heigh,92745,try_97,Plant height vegetative,0.05,112338,try_19690,Plant height vegetative,40,800,1000,0.19999999999999996
9fbd6cf9a91cd83b56f985f9528c27ce865bc23b5c121298ca4af21dca01135c,Plant heigh,113765,try_21117,Plant height vegetative,2.6,112471,try_19823,Plant height vegetative,20,7.692307692307692,10,0.23076923076923084
a00755be10c02ac753a77aa473c0c7aac8d0e9e8103a08bfd173f8f8b8356ea1,Plant heigh,139380,bien_traits_14390,whole plant height,3.6576,110152,try_17504,Plant height vegetative,3900,1066.272965879265,1000,0.06627296587926512
a09e261e95868b45260358380c0fba184ec23490fec84fd433164b2c483ddaf0,Leaf nitrogen content per unit mass,104622,try_11974,Leaf nitrogen (N) content per leaf dry mass,2.038333333,107765,try_15117,Leaf nitrogen (N) content per leaf dry mass,25.1622057,12.344499936605805,10,0.2344499936605806
a0ce0dabe2e8bdee25494a963464639a3b0cc85a34626995bd9e6a4832768834,Leaf Area,120683,try_28035,"Leaf area (in case of compound leaves undefined if leaf or leaflet, undefined if petiole is in- or exluded)",20.875,120470,try_27822,"Leaf area (in case of compound leaves: leaf, undefined if petiole in- or excluded)",1889,90.49101796407186,100,0.09508982035928137
a0e2d84d99a1a94555cae2966445ed1cdb55e0289c0072d50c81535d657dcdd8,Leaf mass per area,107515,try_14867,"Leaf area per leaf dry mass (specific leaf area, SLA or 1/LMA): undefined if petiole is in- or excluded)",0.006871097969168184,113765,try_21117,"Leaf area per leaf dry mass (specific leaf area, SLA or 1/LMA): undefined if petiole is in- or excluded)",0.07077155560245846,10.299890340673759,10,0.029989034067375853
a1be95975e6c5522ebf348b8a995e9997823b7d35be15335ef754912d3e15497,Leaf nitrogen content per unit mass,107859,try_15211,Leaf nitrogen (N) content per leaf dry mass,1.7,107886,try_15238,Leaf nitrogen (N) content per leaf dry mass,18.79689,11.05699411764706,10,0.10569941176470588
a228f3f489e74fdb90cdb2a46bd6bb1f36b179c90d687261597d0d5930f44022,Plant heigh,131769,bien_traits_6779,whole plant height,1.8288,110224,try_17576,Plant height vegetative,1828.8,1000,1000,0
a243e069496a2282282487728388fdcc61584f981753f1cad8208c5d26e548ab,Leaf mass per area,123399,try_30751,"Leaf area per leaf dry mass (specific leaf area, SLA or 1/LMA): undefined if petiole is in- or excluded)",0.005642126661787374,120563,try_27915,"Leaf area per leaf dry mass (specific leaf area, SLA or 1/LMA): undefined if petiole is in- or excluded)",0.06917175423008207,12.259872628979423,10,0.22598726289794224
a2ca2839b588f0049de96fcebf0d252f0e9f235017d8c52f593e9f37c56f4c24,Leaf mass per area,98133,try_5485,"Leaf area per leaf dry mass (specific leaf area, SLA or 1/LMA): petiole included",4.869787443568945e-5,125408,bien_traits_418,leaf mass per area,0.03794634386976815,779.2197156342048,1000,0.22078028436579522
a2df77dedfc054ab094b2ddf0ec6ce1d7c7ce8fff4a2f17f99d9118ad7be2e4d,Stem specific density,97898,try_5250,"Stem specific density (SSD, stem dry mass per stem fresh volume) or wood density",0.43028004791,97792,try_5144,"Stem specific density (SSD, stem dry mass per stem fresh volume) or wood density",350,813.4237264778034,1000,0.18657627352219663
a2ef197f955485f1f3537137d7ec82cdf53f5bae604df7d04b88227a6abd22c8,Leaf mass per area,124473,try_31825,"Leaf area per leaf dry mass (specific leaf area, SLA or 1/LMA): undefined if petiole is in- or excluded)",0.004084016023375683,120579,try_27931,"Leaf area per leaf dry mass (specific leaf area, SLA or 1/LMA): undefined if petiole is in- or excluded)",0.04238804490060771,10.379010429437901,10,0.03790104294379004
a36d7236106c98c0635382bd105e3c71c2fb3d5847578c28e82ab4529a7e3180,Plant heigh,208690,bien_traits_83700,whole plant height,1.524,110152,try_17504,Plant height vegetative,1200,787.4015748031496,1000,0.21259842519685035
a39dcb8251072f234b4255c3da3a96730969f0e8293f779c45a0a46e9836705b,Leaf mass per area,104626,try_11978,"Leaf area per leaf dry mass (specific leaf area, SLA or 1/LMA): undefined if petiole is in- or excluded)",0.003948355509930114,119684,try_27036,"Leaf area per leaf dry mass (specific leaf area, SLA or 1/LMA): petiole included",0.030599755201958383,7.749999999999999,10,0.2250000000000001
a40166fd06a395490b06b8d9ca79421f4cc4b5ed60d341d84752260543bcd668,Plant heigh,112713,try_20065,Plant height vegetative,0.12,112671,try_20023,Plant height vegetative,101.3,844.1666666666666,1000,0.15583333333333338
a4516b3d050e92d976935c428199d88b051282815ac78b3b3d28304e91ef2094,Leaf Area,119866,try_27218,"Leaf area (in case of compound leaves: leaf, undefined if petiole in- or excluded)",711.333333333333,120046,try_27398,"Leaf area (in case of compound leaves: leaf, undefined if petiole in- or excluded)",6075,8.54029990627929,10,0.14597000937207094
a4ae7a6167eb9d5734be9160375bdb65eede16a054ae8142947ae382dae0b2bc,Leaf nitrogen content per unit mass,107293,try_14645,Leaf nitrogen (N) content per leaf dry mass,2.16,102530,try_9882,Leaf nitrogen (N) content per leaf dry mass,21.6,10,10,0
a4d624086f0edac56103fe3837ab3078dad2e7420c3149465b17fd35676340d3,Leaf nitrogen content per unit mass,102926,try_10278,Leaf nitrogen (N) content per leaf dry mass,0.33,102273,try_9625,Leaf nitrogen (N) content per leaf dry mass,3.31710027894684,10.051819027111636,10,0.0051819027111634774
a4fc79168360029b8130335e38b039539fa9b92058bbd3d5fbf4eda70da6f995,Leaf Area,113787,try_21139,"Leaf area (in case of compound leaves undefined if leaf or leaflet, undefined if petiole is in- or exluded)",16.15025,120129,try_27481,"Leaf area (in case of compound leaves: leaf, undefined if petiole in- or excluded)",170,10.526152845931177,10,0.05261528459311782
a5a5932d7bec1ce244875e3754c472e9212a15e5cd59be5fbd49e7837b80f5d5,Plant heigh,185060,bien_traits_60070,whole plant height,2.7432,136014,bien_traits_11024,whole plant height,30.1752,11,10,0.10000000000000009
a5aebf447aa8a7672b2f5e370da733080a278ebec5d8887004b2fb81df29b72f,Plant heigh,107931,try_15283,Plant height vegetative,1.533,100679,try_8031,Plant height vegetative,173.3125,113.05446836268754,100,0.13054468362687555
a637933e50982ec8e91ed011702f5a08a85886886344883c9fb76e9b6205a6dd,Plant heigh,112620,try_19972,Plant height vegetative,15.0555555555556,112276,try_19628,Plant height vegetative,150,9.96309963099628,10,0.0036900369003719513
a63ae61bff162fa857cd8573c49e967700c685800b183a05898416405f86c85a,Leaf Area,125089,bien_traits_99,leaf area,1828.505,120325,try_27677,"Leaf area (in case of compound leaves: leaf, undefined if petiole in- or excluded)",16411.5,8.975365120686025,10,0.10246348793139748
a6a450aa747455cae8c2910132c139242c905422dd7af7e1ce020d4333314348,Leaf Area,92742,try_94,"Leaf area (in case of compound leaves: leaf, petiole included)",2.4198416,100673,try_8025,"Leaf area (in case of compound leaves undefined if leaf or leaflet, undefined if petiole is in- or exluded)",2257.991538,933.11543119186,1000,0.06688456880813998
a704a98ca186466816340b6da7088085b4ed9223894e79abec0bee7a857c09af,Leaf mass per area,123304,try_30656,"Leaf area per leaf dry mass (specific leaf area, SLA or 1/LMA): undefined if petiole is in- or excluded)",0.0027218981132346304,125066,bien_traits_76,leaf mass per area,0.02907523199056651,10.68196926593049,10,0.0681969265930491
a7cdeb535ed8ff065673a3ce53b1b413ea1745547d67c21b9b254adc46094615,Leaf mass per area,103052,try_10404,"Leaf area per leaf dry mass (specific leaf area, SLA or 1/LMA): undefined if petiole is in- or excluded)",0.02312022198267087,113765,try_21117,"Leaf area per leaf dry mass (specific leaf area, SLA or 1/LMA): undefined if petiole is in- or excluded)",0.20042194093672666,8.668685840773822,10,0.1331314159226178
a7f8ff0532ec7d73f8cdcf1869ffb6e8331ae1023dc90e11f863e11609a9f11b,Plant heigh,113574,try_20926,Plant height vegetative,2.25,112280,try_19632,Plant height vegetative,20,8.88888888888889,10,0.11111111111111105
a8e7d858b85480d78ba1ce6cb049c66da615442ba2a716907ade24407f5576d0,Leaf Area,111614,try_18966,"Leaf area (in case of compound leaves: leaf, petiole included)",98.27,107682,try_15034,"Leaf area (in case of compound leaves undefined if leaf or leaflet, undefined if petiole is in- or exluded)",1052.8,10.713340795766765,10,0.07133407957667659
a8ff9a1d5cc78e729e48dda34e32a0f2c402e6e5d0404e3c0a3d681ec2a55de2,Plant heigh,303648,bien_traits_178658,whole plant height,2.4384,280928,bien_traits_155938,whole plant height,19.812,8.125,10,0.1875
a9423424ef1dd5deb5c3fb1f079f9a030e7784d0b68bd8c200c37dd223bb23a7,Plant heigh,231224,bien_traits_106234,whole plant height,3.048,97919,try_5271,Plant height vegetative,35,11.482939632545932,10,0.1482939632545932
a9ba9054583b5e4d8e835c26eda8e5c3635c741dbcd5aa4dc318d0cc1a3df0c7,Leaf nitrogen content per unit mass,102969,try_10321,Leaf nitrogen (N) content per leaf dry mass,1.09,102474,try_9826,Leaf nitrogen (N) content per leaf dry mass,11.4,10.458715596330276,10,0.04587155963302747
aab4348bc128f867715c386ef923d53148e25c491409d63a3136e0eec034463a,Leaf mass per area,124644,try_31996,"Leaf area per leaf dry mass (specific leaf area, SLA or 1/LMA): undefined if petiole is in- or excluded)",0.0038475350125192695,125029,bien_traits_39,leaf mass per area,0.03847534519117822,9.999998717616744,10,1.282383255141184e-7
aade13ec628aa9716300640531ba8b9a605b6c85ac2a7cba4635f8698c0e3669,Plant heigh,216167,bien_traits_91177,whole plant height,1.2192,282056,bien_traits_157066,whole plant height,9.7536,8,10,0.19999999999999996
ab4e42e3c686b87a2f9ad416e57db2f93981c776e454299b9108167fea6f0d17,Plant heigh,175620,bien_traits_50630,whole plant height,3.3528,166152,bien_traits_41162,whole plant height,36.2712,10.818181818181818,10,0.08181818181818179
ab510a50b5f622e71fb6eca9d48e6a6b50281ee7e2246ce2005ef59266396234,Leaf nitrogen content per unit mass,103272,try_10624,Leaf nitrogen (N) content per leaf dry mass,0.0329479110255029,102491,try_9843,Leaf nitrogen (N) content per leaf dry mass,33.4021665,1013.7870796769328,1000,0.013787079676932823
ac181b308ab8d6e1fdf3c988f99a761171a0e3d8591d989e68ab46a25e036144,Leaf mass per area,123340,try_30692,"Leaf area per leaf dry mass (specific leaf area, SLA or 1/LMA): undefined if petiole is in- or excluded)",0.006447453255963895,120579,try_27931,"Leaf area per leaf dry mass (specific leaf area, SLA or 1/LMA): undefined if petiole is in- or excluded)",0.07662835249042145,11.885057471264366,10,0.18850574712643664
ac478e2c0f0a3f95d5a3c1607fe01c0c23fbd4588b1056af2e51b2c6ca5e069d,Leaf Area,92779,try_131,"Leaf area (in case of compound leaves: leaf, petiole included)",1.05207142857143,120130,try_27482,"Leaf area (in case of compound leaves: leaf, undefined if petiole in- or excluded)",800,760.4046438997884,1000,0.23959535610021154
ad54f6e593e1095baeec3b70ba427efa0d18be2f5d6c33b1f3431216c5f64a6b,Plant heigh,103933,try_11285,Plant height vegetative,10,103966,try_11318,Plant height vegetative,800,80,100,0.19999999999999996
add6d0c7170291aa1fb6020bbcd657f4f681636aebcf9a4afa4329a64c3a0250,Leaf mass per area,103052,try_10404,"Leaf area per leaf dry mass (specific leaf area, SLA or 1/LMA): undefined if petiole is in- or excluded)",0.03718141072601846,113765,try_21117,"Leaf area per leaf dry mass (specific leaf area, SLA or 1/LMA): undefined if petiole is in- or excluded)",0.37521414144561216,10.091444464291085,10,0.009144446429108388
ae25d3351c5161575e0c02692cd20b40c5e6dcea2b8074e636c79a613c76fb53,Leaf nitrogen content per unit mass,104622,try_11974,Leaf nitrogen (N) content per leaf dry mass,2.55,107882,try_15234,Leaf nitrogen (N) content per leaf dry mass,23.7480792548598,9.312972256807765,10,0.06870277431922356
ae38ad99539ba5027ef5924b116dc80d441b2478e84fb711e3db5eaad2001900,Plant heigh,92743,try_95,Plant height vegetative,0.08,102747,try_10099,Plant height vegetative,68,850,1000,0.15000000000000002
ae633a60e843b4b52ace1addac8d074af7708e1c9f2bec9e990012970ee48eb8,Plant heigh,112699,try_20051,Plant height vegetative,4,110159,try_17511,Plant height vegetative,40,10,10,0
aeb0ee5ff18017da0c0a7ae667ca0a8f2542e5ebc1d6b46423f41836fdf86120,Leaf Area,110677,try_18029,"Leaf area (in case of compound leaves: leaf, undefined if petiole in- or excluded)",113.9,120490,try_27842,"Leaf area (in case of compound leaves: leaf, undefined if petiole in- or excluded)",1125,9.877085162423178,10,0.012291483757682187
aff5ddb80f4ebff019037546c0de74b141dff91d0467e01ffb5f8e5ba5d44265,Leaf mass per area,104628,try_11980,"Leaf area per leaf dry mass (specific leaf area, SLA or 1/LMA): undefined if petiole is in- or excluded)",0.009025270758122744,107697,try_15049,"Leaf area per leaf dry mass (specific leaf area, SLA or 1/LMA): undefined if petiole is in- or excluded)",0.09335388984743055,10.343610995095306,10,0.03436109950953048
b0444967267d4827a0a5d1acdf7298a25cbd8f965f1f8e1125667dfe9d5e7205,Leaf Area,111619,try_18971,"Leaf area (in case of compound leaves: leaf, petiole included)",542,120129,try_27481,"Leaf area (in case of compound leaves: leaf, undefined if petiole in- or excluded)",6720,12.398523985239853,10,0.23985239852398532
b063a927e6d837754846eba4e8b17262e43e14ee78a580903a868aab8aea1a10,Leaf mass per area,110516,try_17868,"Leaf area per leaf dry mass (specific leaf area, SLA or 1/LMA): petiole included",0.008873378672553785,110834,try_18186,"Leaf area per leaf dry mass (specific leaf area, SLA or 1/LMA): undefined if petiole is in- or excluded)",0.1047878876693035,11.809243303615851,10,0.18092433036158506
b0bb9e1e6e71da15bc272b45528433e73ce89ad0eefda9b892e17d739c3bb57b,Leaf Area,114833,try_22185,"Leaf area (in case of compound leaves: leaf, undefined if petiole in- or excluded)",22.98,110681,try_18033,"Leaf area (in case of compound leaves: leaf, undefined if petiole in- or excluded)",270,11.74934725848564,10,0.17493472584856407
b10431e1813eda3ad877b3a7c30768f8c15b9e79eceb98773bff257a79abe8c7,Leaf Area,107932,try_15284,"Leaf area (in case of compound leaves undefined if leaf or leaflet, undefined if petiole is in- or exluded)",412.075140888286,100694,try_8046,"Leaf area (in case of compound leaves undefined if leaf or leaflet, undefined if petiole is in- or exluded)",3129.508519,7.594509370921778,10,0.2405490629078222
b12002d4880bb272f0f878b3ce70290bf2dfc4c074f3ff6c917213e6a768c70e,Leaf mass per area,108121,try_15473,"Leaf area per leaf dry mass (specific leaf area, SLA or 1/LMA): undefined if petiole is in- or excluded)",0.0026799592646191777,102472,try_9824,"Leaf area per leaf dry mass (specific leaf area, SLA or 1/LMA): undefined if petiole is in- or excluded)",0.25510204081632654,95.18877551020408,100,0.04811224489795918
b14215b2a45edf7062c1b1319a1df8e908c99a343c2c22ebc40c3120294324f7,Leaf nitrogen content per unit mass,103357,try_10709,Leaf nitrogen (N) content per leaf dry mass,1.77,125408,bien_traits_418,leaf nitrogen content per leaf dry mass,18.83,10.638418079096045,10,0.06384180790960459
b16e866ff95f013f9eae063043ca56123e104f0263e518a8486ac01108fa2a5a,Leaf nitrogen content per unit mass,101452,try_8804,Leaf nitrogen (N) content per leaf dry mass,1.77,125709,bien_traits_719,leaf nitrogen content per leaf dry mass,20,11.299435028248588,10,0.12994350282485878
b1a4e6f2d134cde9153d0e59402b5c83e6af7227986b680039f2d42804705617,Leaf nitrogen content per unit mass,104620,try_11972,Leaf nitrogen (N) content per leaf dry mass,1.3266666667,100703,try_8055,Leaf nitrogen (N) content per leaf dry mass,13.2666666666667,9.999999999748768,10,2.5123236824242667e-11
b1c881aea00f6634ad48f32a7d8e3977eee82cf9ec53091631d36e11cf1ffbf4,Plant heigh,114922,try_22274,Plant height vegetative,1.9,107682,try_15034,Plant height vegetative,15.1,7.947368421052632,10,0.20526315789473681
b1d9abc80a2658cc247987ca68e089be2ad634fbcd002e885df17b313d274953,Plant heigh,112699,try_20051,Plant height vegetative,4.1,115881,try_23233,Plant height vegetative,35.5,8.658536585365855,10,0.13414634146341453
b35f55925c3fa0681c1495537b16dfc1b5bb1c815cf4be7528e439269c5df74d,Leaf nitrogen content per unit mass,101575,try_8927,Leaf nitrogen (N) content per leaf dry mass,1.09,100703,try_8055,Leaf nitrogen (N) content per leaf dry mass,11.495000000000001,10.545871559633028,10,0.05458715596330288
b3c01cb2bb546643274829ff74bd620b0ea7ed480d5fd59c74a9d9fefb1cb6a7,Leaf Area,120631,try_27983,"Leaf area (in case of compound leaves: leaf, undefined if petiole in- or excluded)",122.83500000000001,120490,try_27842,"Leaf area (in case of compound leaves: leaf, undefined if petiole in- or excluded)",1125,9.158627427036267,10,0.08413725729637334
b4932c8a53b3bd51ac20e558e676170bda97661da13d6a6995fa6afaaf261ad2,Stem specific density,98089,try_5441,"Stem specific density (SSD, stem dry mass per stem fresh volume) or wood density",0.007429965435603835,97925,try_5277,"Stem specific density (SSD, stem dry mass per stem fresh volume) or wood density",0.76355816553983,102.76739133683137,100,0.027673913368313707
b51e47a607b54c30c89a868cf01cc6b548db11ec0ab454d75c8cb60a788f564e,Plant heigh,102524,try_9876,Plant height vegetative,0.10500000000000001,102744,try_10096,Plant height vegetative,9,85.71428571428571,100,0.1428571428571429
b55dd4c80f201f4456bdfe4d0f54410057f878dfe0d623987fa788b18d338ea8,Plant heigh,112713,try_20065,Plant height vegetative,0.215,112662,try_20014,Plant height vegetative,163.2,759.0697674418604,1000,0.2409302325581395
b568926aeddbd83378cc679a3bdc5fe8aa54ee56765d8015ca99101c998d0a33,Leaf mass per area,123473,try_30825,"Leaf area per leaf dry mass (specific leaf area, SLA or 1/LMA): undefined if petiole is in- or excluded)",0.004340277777777778,119677,try_27029,"Leaf area per leaf dry mass (specific leaf area, SLA or 1/LMA): petiole included",0.04552895882225404,10.48987211264733,10,0.04898721126473293
b5bd9d85bf92efda7d034b4c1678be2b98d864c0227e1dda9687049b5ac8a580,Leaf mass per area,103052,try_10404,"Leaf area per leaf dry mass (specific leaf area, SLA or 1/LMA): undefined if petiole is in- or excluded)",0.006483261906530021,113765,try_21117,"Leaf area per leaf dry mass (specific leaf area, SLA or 1/LMA): undefined if petiole is in- or excluded)",0.06974753959468606,10.75809378060687,10,0.075809378060687
b5ddcaaf3627e1dc27d7a7a8d38b7cf06fcd5ac97bfa2f0120572c81095f9efa,Leaf Area,115850,try_23202,"Leaf area (in case of compound leaves: leaf, petiole included)",6.1850000000000005,120047,try_27399,"Leaf area (in case of compound leaves: leaf, undefined if petiole in- or excluded)",675,109.13500404203718,100,0.09135004042037176
b63fbb36b6f4df6d9e0f63183883cd765534e311688d53484adf890d72b7f9e6,Plant heigh,171465,bien_traits_46475,whole plant height,2.1336,206992,bien_traits_82002,whole plant height,21.0312,9.857142857142856,10,0.014285714285714457
b6617d68427e6b5e6fc7c7af27f23a842f4b9834ffb41d2bb5e61309a3712859,Leaf mass per area,104272,try_11624,"Leaf area per leaf dry mass (specific leaf area, SLA or 1/LMA): undefined if petiole is in- or excluded)",0.006599999999788801,125719,bien_traits_729,leaf mass per area,0.06754697806201816,10.234390615784797,10,0.023439061578479636
b6b8b0dec892f68eba869ed239b906e408e8e6d19b869de19eb8390293ffecc7,Leaf mass per area,124626,try_31978,"Leaf area per leaf dry mass (specific leaf area, SLA or 1/LMA): undefined if petiole is in- or excluded)",0.020939940501827275,114838,try_22190,"Leaf area per leaf dry mass (specific leaf area, SLA or 1/LMA): undefined if petiole is in- or excluded)",0.21240441801189464,10.143506281374565,10,0.014350628137456578
b712305f2f54b65071990cc73d0b4995ecb7746d04206742d333f23aeb73c277,Plant heigh,102520,try_9872,Plant height vegetative,0.07,112290,try_19642,Plant height vegetative,80,1142.8571428571427,1000,0.14285714285714257
b7366ccecd6d50b2f9c782b282b7b9430136ff9521ad6ad50a3c28b915527270,Plant heigh,130261,bien_traits_5271,whole plant height,3.3528,276812,bien_traits_151822,whole plant height,25.6032,7.636363636363638,10,0.23636363636363622
b789c3ab8983d5a3491e8e3c4af24934304c6ba5f5b93441d47a606535e47cca,Leaf mass per area,107515,try_14867,"Leaf area per leaf dry mass (specific leaf area, SLA or 1/LMA): undefined if petiole is in- or excluded)",0.010062626777216576,113765,try_21117,"Leaf area per leaf dry mass (specific leaf area, SLA or 1/LMA): undefined if petiole is in- or excluded)",0.10427906923113195,10.36300675160056,10,0.036300675160056084
b7a85a66e32d62d4bc95d29606394c71036343b85cb9feca1b0ac006c4c5c751,Leaf nitrogen content per unit mass,104778,try_12130,Leaf nitrogen (N) content per leaf dry mass,2.1698795226,125842,bien_traits_852,leaf nitrogen content per leaf dry mass,26.3534615,12.145126595979242,10,0.21451265959792432
b809275b72777b12cb5cd1ce91f4ecb1e8db62dfe750cf589525d414ac1b643e,Plant heigh,112713,try_20065,Plant height vegetative,0.14,112663,try_20015,Plant height vegetative,142.3,1016.4285714285714,1000,0.01642857142857146
b91235de71a7b56e4a015c22409715225879a04c34b73c41e01b500001a970c9,Leaf mass per area,104748,try_12100,"Leaf area per leaf dry mass (specific leaf area, SLA or 1/LMA): undefined if petiole is in- or excluded)",0.00865051903114187,113834,try_21186,"Leaf area per leaf dry mass (specific leaf area, SLA or 1/LMA): undefined if petiole is in- or excluded)",0.10560998233292111,12.20851395768568,10,0.22085139576856805
b98ddbdcbf0a683d953523886608a5bac970d63229bebc3a5507883404fee508,Plant heigh,102521,try_9873,Plant height vegetative,0.05,112273,try_19625,Plant height vegetative,40,800,1000,0.19999999999999996
b99c805d074a83404c4e853ed4c989921cedc15740498afa125fa9cd76d31a80,Leaf Area,120897,try_28249,"Leaf area (in case of compound leaves undefined if leaf or leaflet, undefined if petiole is in- or exluded)",62.585,120046,try_27398,"Leaf area (in case of compound leaves: leaf, undefined if petiole in- or excluded)",54675,873.6118878325477,1000,0.12638811216745227
ba541e13dc2b11a2ff1a9adc61edb1a9ef18ee719da3c12e12c5a99562032da9,Leaf mass per area,122962,try_30314,"Leaf area per leaf dry mass (specific leaf area, SLA or 1/LMA): undefined if petiole is in- or excluded)",0.0035650000000000035,125029,bien_traits_39,leaf mass per area,0.041190877703460284,11.554243395080013,10,0.15542433950800127
baa6bff4e075acfa3c580a33de5c38675f2d02485ef560013671a3f4b213ee2b,Plant heigh,285843,bien_traits_160853,whole plant height,1.8288,134261,bien_traits_9271,whole plant height,21.336,11.666666666666666,10,0.16666666666666652
bb521599892393840e5b92738e3d7525e1ae77f7c868855898c021f3f8f7d31d,Leaf Area,111614,try_18966,"Leaf area (in case of compound leaves: leaf, petiole included)",138.231,120118,try_27470,"Leaf area (in case of compound leaves: leaf, undefined if petiole in- or excluded)",1241,8.977725691053381,10,0.10222743089466191
bc5721746b8b799f3dd52be0dea606f626558f4c78f052cde095bbaf38182a6b,Leaf mass per area,107515,try_14867,"Leaf area per leaf dry mass (specific leaf area, SLA or 1/LMA): undefined if petiole is in- or excluded)",0.033237902829409076,113765,try_21117,"Leaf area per leaf dry mass (specific leaf area, SLA or 1/LMA): undefined if petiole is in- or excluded)",0.3302058111437543,9.934616297499565,10,0.006538370250043557
bc760a00ba85ec83fbb4be5a66992c18e6b102cd593e8cb6bd69c8a96b33679a,Leaf nitrogen content per unit mass,99598,try_6950,Leaf nitrogen (N) content per leaf dry mass,0.02155,125541,bien_traits_551,leaf nitrogen content per leaf dry mass,21.3,988.3990719257541,1000,0.011600928074245842
bc9e9506cc064d63372383349625c911444674886f1e956c0937db622859343a,Leaf nitrogen content per unit mass,103450,try_10802,Leaf nitrogen (N) content per leaf dry mass,0.745,126424,bien_traits_1434,leaf nitrogen content per leaf dry mass,8.8,11.812080536912752,10,0.18120805369127524
bcecc3f834143025b46ea158261bc1173463f675862cecd492d9d0d165d22bef,Leaf nitrogen content per unit mass,102288,try_9640,Leaf nitrogen (N) content per leaf dry mass,1.81,100703,try_8055,Leaf nitrogen (N) content per leaf dry mass,21.7,11.988950276243093,10,0.19889502762430933
bcf93666aa625563224cb9a39909eabfcb46371d2a575409150f36a9c87e5723,Leaf mass per area,112658,try_20010,"Leaf area per leaf dry mass (specific leaf area, SLA or 1/LMA): petiole included",0.0018676626538066889,125621,bien_traits_631,leaf mass per area,0.021321961620469083,11.416388059701491,10,0.14163880597014922
bd26f5d49ca2ceb2e2f51934d98f7ceb5f4d1e61d13277413b9f93f067e8c689,Leaf mass per area,103052,try_10404,"Leaf area per leaf dry mass (specific leaf area, SLA or 1/LMA): undefined if petiole is in- or excluded)",0.006363233732152714,113765,try_21117,"Leaf area per leaf dry mass (specific leaf area, SLA or 1/LMA): undefined if petiole is in- or excluded)",0.07108111999352648,11.170597055764505,10,0.1170597055764504
bdc2743f2721f2763f2bb4485fc7e117193032bc0350695bc7c8234a8f33129a,Leaf nitrogen content per unit mass,107857,try_15209,Leaf nitrogen (N) content per leaf dry mass,0.0240077981169074,126349,bien_traits_1359,leaf nitrogen content per leaf dry mass,28.555999999999997,1189.4468564316,1000,0.18944685643160009
bea0e69a7021b4d99d34b3bc447b227b70f7e8d13f7f8df76e29e6f21e700fed,Plant heigh,282278,bien_traits_157288,whole plant height,2.4384,282332,bien_traits_157342,whole plant height,26.67,10.9375,10,0.09375
bf3fe1d9bdc3ed8d02c00de43ee421643f141d9976a47c840255c74d73e9219f,Leaf Area,120682,try_28034,"Leaf area (in case of compound leaves undefined if leaf or leaflet, undefined if petiole is in- or exluded)",0.305,120141,try_27493,"Leaf area (in case of compound leaves: leaf, undefined if petiole in- or excluded)",27.6731,90.73147540983608,100,0.09268524590163918
bf418d8cbaf5f312c52375f3bb605a9abd8bc59408f49458eea80f20b5b97bf9,Leaf mass per area,124794,try_32146,"Leaf area per leaf dry mass (specific leaf area, SLA or 1/LMA): undefined if petiole is in- or excluded)",0.006072000000062177,120557,try_27909,"Leaf area per leaf dry mass (specific leaf area, SLA or 1/LMA): undefined if petiole is in- or excluded)",0.0560148312494501,9.225103960618661,10,0.07748960393813387
bf6a84143a483bb691f80e6335cdd9c1c9629e3e4d7fe5091738348bfe27181a,Leaf nitrogen content per unit mass,104741,try_12093,Leaf nitrogen (N) content per leaf dry mass,1.382,100703,try_8055,Leaf nitrogen (N) content per leaf dry mass,14.941666666666649,10.811625663289906,10,0.08116256632899055
c041abe762b5e6621748b68f7c252b03edd353bc8cf76d2fba8279ea55f0d9b0,Leaf nitrogen content per unit mass,104751,try_12103,Leaf nitrogen (N) content per leaf dry mass,2.7566499999999996,102530,try_9882,Leaf nitrogen (N) content per leaf dry mass,33.63,12.19959008216495,10,0.21995900821649483
c13a4283d7d0857ce78a9c93059dc5896899f366b40e9731d3d41d6e2135f94e,Leaf mass per area,124479,try_31831,"Leaf area per leaf dry mass (specific leaf area, SLA or 1/LMA): undefined if petiole is in- or excluded)",0.006103515625,120684,try_28036,"Leaf area per leaf dry mass (specific leaf area, SLA or 1/LMA): petiole included",0.06103515625,10,10,0
c15f0d73f80d3a2547e865a96431b68df7c26fa91231af99ed155216f3c20107,Leaf mass per area,107515,try_14867,"Leaf area per leaf dry mass (specific leaf area, SLA or 1/LMA): undefined if petiole is in- or excluded)",0.006636220531438095,113765,try_21117,"Leaf area per leaf dry mass (specific leaf area, SLA or 1/LMA): undefined if petiole is in- or excluded)",0.06850527241370817,10.32293488276569,10,0.03229348827656908
c24110d1259eb8e44bcf0791d60df6a85bfc38d41f57c0fae5140d820c08f486,Leaf mass per area,107415,try_14767,"Leaf area per leaf dry mass (specific leaf area, SLA or 1/LMA): undefined if petiole is in- or excluded)",0.008011508585561284,124808,try_32160,"Leaf area per leaf dry mass (specific leaf area, SLA or 1/LMA): undefined if petiole is in- or excluded)",0.0639654219508771,7.98419189940813,10,0.20158081005918693
c38a10702d99517fc698a2dfaaf778f20ec4d51ddf3182b2fb54aa1e6dc8e08b,Plant heigh,114087,try_21439,Plant height vegetative,0.6499999999999999,114232,try_21584,Plant height vegetative,6.5,10.000000000000002,10,2.220446049250313e-16
c532816592bbb3e2cadf5e229e04951703b7747ea9625ee171b953983cf4036c,Leaf mass per area,104739,try_12091,"Leaf area per leaf dry mass (specific leaf area, SLA or 1/LMA): undefined if petiole is in- or excluded)",0.002801591303860593,125408,bien_traits_418,leaf mass per area,0.028015128169211374,9.999719848718307,10,2.801512816930085e-5
c580b8efb7bf426a4ea0774c57d6b0f8726135448db5d3ba41c32830e8492e51,Plant heigh,261621,bien_traits_136631,whole plant height,2.4384,110152,try_17504,Plant height vegetative,3000,1230.3149606299212,1000,0.2303149606299213
c66b92e1e537d671a578364eedf5a6c12997fd3acc4ff489a34732fad059527e,Leaf mass per area,122931,try_30283,"Leaf area per leaf dry mass (specific leaf area, SLA or 1/LMA): undefined if petiole is in- or excluded)",0.016181229773462785,120894,try_28246,"Leaf area per leaf dry mass (specific leaf area, SLA or 1/LMA): undefined if petiole is in- or excluded)",0.16315875346712352,10.083210964268233,10,0.008321096426823216
c6d42a66966d1a3a8aa4352e67adb4504c0e745f76c81b594eb4a0366de7a3f9,Plant heigh,150029,bien_traits_25039,whole plant height,3.3528,214857,bien_traits_89867,whole plant height,33.528,10,10,0
c6eb9903ab7a299ac3a2be6cb632100a1ab37e003f7c3f2ec4c2f1c37ba56239,Plant heigh,112516,try_19868,Plant height vegetative,0.48,112408,try_19760,Plant height vegetative,40,83.33333333333334,100,0.16666666666666652
c714247345a9d26daf7a3b93e577c967caf788caf66a3fc55c66858fa299734a,Leaf Area,112655,try_20007,"Leaf area (in case of compound leaves: leaf, petiole included)",11.865,120136,try_27488,"Leaf area (in case of compound leaves: leaf, undefined if petiole in- or excluded)",976,82.25874420564686,100,0.1774125579435314
c8bae8eec38273d8e703bdecbbbdfc1199ed94ff12e0c67260a519a73b0009c7,Leaf Area,112655,try_20007,"Leaf area (in case of compound leaves: leaf, petiole included)",24.479,119862,try_27214,"Leaf area (in case of compound leaves: leaf, undefined if petiole in- or excluded)",2720,111.1156501491074,100,0.11115650149107403
c8bde5b92d41e7ad56b6a98346ab0d8a1bca15dcd712d58ece08b896a7d7f33d,Leaf nitrogen content per unit mass,99613,try_6965,Leaf nitrogen (N) content per leaf dry mass,0.026117,125750,bien_traits_760,leaf nitrogen content per leaf dry mass,31.25,1196.538652984646,1000,0.196538652984646
c906467573cb79a79aed7cb7fd2f4c0c992a88a4a6ba114a1a0f8a7b07adbc83,Plant heigh,289949,bien_traits_164959,whole plant height,3.6576,286187,bien_traits_161197,whole plant height,29.1084,7.958333333333333,10,0.20416666666666672
c922d818b8304a81abaedee16aac7c205d0ee28b3af85d4a71b74fcb083c1b7a,Leaf mass per area,123613,try_30965,"Leaf area per leaf dry mass (specific leaf area, SLA or 1/LMA): undefined if petiole is in- or excluded)",0.004869096308341832,120886,try_28238,"Leaf area per leaf dry mass (specific leaf area, SLA or 1/LMA): undefined if petiole is in- or excluded)",4.499433348927942,924.0797601845386,1000,0.07592023981546137
c95dac2dc7338e3bc075b0e1ef37e14d835ef1a53705b849d6b9ed78d7982b76,Leaf nitrogen content per unit mass,107293,try_14645,Leaf nitrogen (N) content per leaf dry mass,1.193,102530,try_9882,Leaf nitrogen (N) content per leaf dry mass,11.93,10,10,0
c95eb4f8bd2db3fe2349e447b59af69466b381ab9027cc27d8f1a93c8e9b3f1d,Leaf mass per area,124236,try_31588,"Leaf area per leaf dry mass (specific leaf area, SLA or 1/LMA): undefined if petiole is in- or excluded)",0.002241245172104552,120883,try_28235,"Leaf area per leaf dry mass (specific leaf area, SLA or 1/LMA): undefined if petiole is in- or excluded)",2.5824843700040225,1152.2542924561185,1000,0.15225429245611855
c989b6ce2bce4fa80d568accbcbfd7e69d538ed09b0d1f99ef59e0f0c55175ff,Leaf mass per area,104069,try_11421,"Leaf area per leaf dry mass (specific leaf area, SLA or 1/LMA): undefined if petiole is in- or excluded)",0.00508000000002032,120533,try_27885,"Leaf area per leaf dry mass (specific leaf area, SLA or 1/LMA): undefined if petiole is in- or excluded)",0.04248088360237893,8.362378661852166,10,0.16376213381478344
ca791e09817017ada301137b18c5d6fd68cff7c086e90307caf3582d80d8c19c,Leaf nitrogen content per unit mass,107538,try_14890,Leaf nitrogen (N) content per leaf dry mass,0.239,125712,bien_traits_722,leaf nitrogen content per leaf dry mass,28.2,117.99163179916319,100,0.17991631799163188
ca95c637d07df5ed43c50dc692d1dbbc82bfdbbb1cd77d210ffa8606983ec844,Leaf nitrogen content per unit mass,103547,try_10899,Leaf nitrogen (N) content per leaf dry mass,1.89,126424,bien_traits_1434,leaf nitrogen content per leaf dry mass,20.2,10.687830687830688,10,0.06878306878306883
cad36ae31d36a048f1ab76f19117a8a2cd23dd8757af431ef1a5240746eb9eb0,Plant heigh,294861,bien_traits_169871,whole plant height,2.5907999999999998,146375,bien_traits_21385,whole plant height,25.2984,9.764705882352942,10,0.0235294117647058
cadcbd916782b69d4837181ff106e0e05073ea05c7f341e1ebcf8386eb2de0dc,Leaf mass per area,97830,try_5182,"Leaf area per leaf dry mass (specific leaf area, SLA or 1/LMA): petiole included",3.095901428975222e-5,100684,try_8036,"Leaf area per leaf dry mass (specific leaf area, SLA or 1/LMA): undefined if petiole is in- or excluded)",0.028767896148235515,929.2251968680414,1000,0.07077480313195861
caf6ce8247dd0daa213cfea55884f212f7ebed34dc46c151c5532e2caf00e393,Leaf Area,114170,try_21522,"Leaf area (in case of compound leaves undefined if leaf or leaflet, undefined if petiole is in- or exluded)",208.01080000000002,120102,try_27454,"Leaf area (in case of compound leaves: leaf, undefined if petiole in- or excluded)",2260,10.864820480475052,10,0.08648204804750526
cc59895fad5af333361f206786e75f56fe135df9383ddb1944294d7da469c403,Leaf mass per area,123304,try_30656,"Leaf area per leaf dry mass (specific leaf area, SLA or 1/LMA): undefined if petiole is in- or excluded)",0.005435493232687303,125066,bien_traits_76,leaf mass per area,0.054544616121513054,10.034897255229632,10,0.0034897255229631163
cc939d1942537a510bcd69a2e37b761474e08c12957a24613f26706feea52c7a,Leaf mass per area,104739,try_12091,"Leaf area per leaf dry mass (specific leaf area, SLA or 1/LMA): undefined if petiole is in- or excluded)",0.003457934230090944,125408,bien_traits_418,leaf mass per area,0.03457814661134163,9.999654218533884,10,3.4578146611563554e-5
cd6944a32409cfbecde73cabfdc7e36681143fb306f3dfe301c6a6bf3ff8dcf2,Leaf nitrogen content per unit mass,104069,try_11421,Leaf nitrogen (N) content per leaf dry mass,1.89,103927,try_11279,Leaf nitrogen (N) content per leaf dry mass,16.3,8.624338624338625,10,0.13756613756613745
cdf770e710fdc55840aa9cac8849594198756d08d5b63d2d291726ee08bbcfbd,Leaf mass per area,112656,try_20008,"Leaf area per leaf dry mass (specific leaf area, SLA or 1/LMA): petiole included",0.0019605440509741453,120885,try_28237,"Leaf area per leaf dry mass (specific leaf area, SLA or 1/LMA): undefined if petiole is in- or excluded)",1.7408406760208686,887.9375473128943,1000,0.1120624526871058
ce1775869996046c7b1b20a5b754693d0aaba67abc9d7d2874702cbeccdad580,Leaf nitrogen content per unit mass,104620,try_11972,Leaf nitrogen (N) content per leaf dry mass,3.24333333335,107819,try_15171,Leaf nitrogen (N) content per leaf dry mass,39.9,12.302158273318078,10,0.2302158273318078
ce9865202a332f9d8fc6e75a3a7115f183f5979da88b0bcabac00811f922417b,Plant heigh,112415,try_19767,Plant height vegetative,5,107682,try_15034,Plant height vegetative,43.7,8.74,10,0.126
ceed901a54c4b28ab6c567d4b3111700c517b27e04e025b700a986a84b4c4878,Leaf mass per area,103052,try_10404,"Leaf area per leaf dry mass (specific leaf area, SLA or 1/LMA): undefined if petiole is in- or excluded)",0.02271647749778909,113765,try_21117,"Leaf area per leaf dry mass (specific leaf area, SLA or 1/LMA): undefined if petiole is in- or excluded)",0.2325457055374217,10.236873457165817,10,0.02368734571658182
d0dd2795a60de214f7ae53a5ccda7631549fe551f57e0070cc39f55ab4598a73,Leaf nitrogen content per unit mass,107285,try_14637,Leaf nitrogen (N) content per leaf dry mass,1.26886616665,92735,try_87,Leaf nitrogen (N) content per leaf dry mass,12.9659039167911,10.21849605386127,10,0.021849605386127013
d30ec7255bcacaa5c9fa5244bc088585a6e7f6919a083b986c66817de88ce144,Plant heigh,133893,bien_traits_8903,whole plant height,2.4384,149939,bien_traits_24949,whole plant height,27.432,11.249999999999998,10,0.12499999999999978
d31bfb6a1b2e7c529c05ed6b5c95446037cb2dcaab18f21d68ccc72dd51ee79e,Plant heigh,184506,bien_traits_59516,whole plant height,3.048,184049,bien_traits_59059,whole plant height,31.851599999999998,10.45,10,0.04499999999999993
d37d80ea18e33c7be22769bfc7cd3dbece7b34990fec9350fca1a808d717da6e,Leaf mass per area,97830,try_5182,"Leaf area per leaf dry mass (specific leaf area, SLA or 1/LMA): petiole included",3.558613749131253e-5,119684,try_27036,"Leaf area per leaf dry mass (specific leaf area, SLA or 1/LMA): petiole included",0.03429836816678662,963.8126131322825,1000,0.0361873868677175
d43802e8af9b614c33d460c52ecc3d7c9482b30a16fff12898a98803f9f1c6ac,Leaf Area,98089,try_5441,"Leaf area (in case of compound leaves undefined if leaf or leaflet, undefined if petiole is in- or exluded)",6.63114346573111,110677,try_18029,"Leaf area (in case of compound leaves: leaf, undefined if petiole in- or excluded)",6550,987.7632770048712,1000,0.01223672299512879
d48589c6eae85d038e54015daa9a123d454840c808a82de5d3ae1183b2784f72,Leaf nitrogen content per unit mass,92657,try_9,Leaf nitrogen (N) content per leaf dry mass,1.05,125721,bien_traits_731,leaf nitrogen content per leaf dry mass,11.5611224,11.010592761904762,10,0.10105927619047628
d4a49447ab8f3ba6950dca33193ae07739a015aa0b1d1413b4003414ee7502db,Leaf mass per area,124794,try_32146,"Leaf area per leaf dry mass (specific leaf area, SLA or 1/LMA): undefined if petiole is in- or excluded)",0.006020999999967005,119684,try_27036,"Leaf area per leaf dry mass (specific leaf area, SLA or 1/LMA): petiole included",0.06878128921869849,11.423565723148215,10,0.14235657231482146
d534b68fb04619aca150edc9d1afada19c09edcecf908818a5e29b72c7b5bd36,Leaf nitrogen content per unit mass,103532,try_10884,Leaf nitrogen (N) content per leaf dry mass,2.1,102474,try_9826,Leaf nitrogen (N) content per leaf dry mass,21,10,10,0
d53ba850a9d2f91d632e766f4b9da56d06810a5b65cefb8636b8f7bfc65ad598,Plant heigh,149515,bien_traits_24525,whole plant height,2.1336,300394,bien_traits_175404,whole plant height,21.0312,9.857142857142856,10,0.014285714285714457
d577fe7740245be122f9146f723bbfd2da0eb6e0d5d9db35cad78dda39b79bfa,Plant heigh,263117,bien_traits_138127,whole plant height,2.1336,97892,try_5244,Plant height vegetative,2500,1171.7285339332584,1000,0.17172853393325838
d5a9f11142038db03c93f1e779a846fa144969e6432419017db84fa6b1b73aa0,Leaf mass per area,123464,try_30816,"Leaf area per leaf dry mass (specific leaf area, SLA or 1/LMA): undefined if petiole is in- or excluded)",0.005231168681934274,110652,try_18004,"Leaf area per leaf dry mass (specific leaf area, SLA or 1/LMA): undefined if petiole is in- or excluded)",0.061387354205033766,11.734921570591604,10,0.17349215705916032
d605eef5a66d35c4126ace5ae1cdbfd2591c0d7fe81e4fb38349112b6f20e902,Leaf Area,119638,try_26990,"Leaf area (in case of compound leaves: leaf, petiole included)",0.18785,107925,try_15277,"Leaf area (in case of compound leaves undefined if leaf or leaflet, undefined if petiole is in- or exluded)",179.497087320687,955.5341353243919,1000,0.04446586467560809
d67c15a30f754c1f1b0d1baed97f9dbdbe768c9ac519f2486f5d5978d01c259b,Leaf mass per area,107515,try_14867,"Leaf area per leaf dry mass (specific leaf area, SLA or 1/LMA): undefined if petiole is in- or excluded)",0.028517320506581127,113765,try_21117,"Leaf area per leaf dry mass (specific leaf area, SLA or 1/LMA): undefined if petiole is in- or excluded)",0.28162155326026217,9.875456328208344,10,0.012454367179165593
d6ec46861e8c3be8d27c87f7db8f872fc6c48f226aa813f5e19eb64ee29aa188,Leaf nitrogen content per unit mass,104040,try_11392,Leaf nitrogen (N) content per leaf dry mass,2.3697743569,103585,try_10937,Leaf nitrogen (N) content per leaf dry mass,27.195,11.475776130675541,10,0.14757761306755413
d7644fb8b66af1237e634d09b13680c1b255ff2b7c524ba76c00f7128bd9dbd8,Leaf mass per area,124479,try_31831,"Leaf area per leaf dry mass (specific leaf area, SLA or 1/LMA): undefined if petiole is in- or excluded)",0.005775005775005775,120684,try_28036,"Leaf area per leaf dry mass (specific leaf area, SLA or 1/LMA): petiole included",0.05775005775005775,10,10,0
d7b16a768c30ad0d51b388b51aa60d923e699d4869d853fec77e90e153dd522e,Leaf mass per area,124644,try_31996,"Leaf area per leaf dry mass (specific leaf area, SLA or 1/LMA): undefined if petiole is in- or excluded)",0.004303114560311152,125029,bien_traits_39,leaf mass per area,0.0430311404836469,9.999998810288561,10,1.1897114382541929e-7
d86c071b0868d145094df1ae69eef3d114b109bb8ff7aa87872f043b9d1442e0,Stem specific density,98070,try_5422,"Stem specific density (SSD, stem dry mass per stem fresh volume) or wood density",0.39,97793,try_5145,"Stem specific density (SSD, stem dry mass per stem fresh volume) or wood density",450,1153.8461538461538,1000,0.15384615384615374
d8b5f563d3927200db07becdfceca5c1abf5a67d5521cf610dc955d7fc81c7d1,Leaf nitrogen content per unit mass,104751,try_12103,Leaf nitrogen (N) content per leaf dry mass,1.186,102530,try_9882,Leaf nitrogen (N) content per leaf dry mass,13.64,11.500843170320406,10,0.15008431703204073
d94473092b5f7be26da5ace4f15e104ece3dec535662de26188de368618fad52,Leaf Area,92769,try_121,"Leaf area (in case of compound leaves: leaf, petiole included)",1.02338461538462,120525,try_27877,"Leaf area (in case of compound leaves: leaf, undefined if petiole in- or excluded)",108,105.53217077570608,100,0.05532170775706069
d96c928db6e89c8670f34c33451e86b8b9d4ab190c0f39a31fc266923a2076c9,Leaf Area,98088,try_5440,"Leaf area (in case of compound leaves undefined if leaf or leaflet, undefined if petiole is in- or exluded)",2.9365,114833,try_22185,"Leaf area (in case of compound leaves: leaf, undefined if petiole in- or excluded)",36.6,12.463817469776945,10,0.24638174697769455
da6fcae9073b7beec4ef136a3fad9ddae1162344e73bb392e84cfebc506c08dd,Plant heigh,110646,try_17998,Plant height vegetative,0.036,114928,try_22280,Plant height vegetative,41.5,1152.7777777777778,1000,0.1527777777777779
da73f5728c49f495d101446804459a441da7e58b4ce1dc14e9a4ef27af288b3e,Leaf mass per area,112656,try_20008,"Leaf area per leaf dry mass (specific leaf area, SLA or 1/LMA): petiole included",0.0021306955890126847,121607,try_28959,"Leaf area per leaf dry mass (specific leaf area, SLA or 1/LMA): undefined if petiole is in- or excluded)",0.025543478260869543,11.98832831521738,10,0.19883283152173803
db0c62d086710c3fd1e6c5ceee8cab205697e452d1272d3c615865acb374aefd,Plant heigh,146434,bien_traits_21444,whole plant height,2.4384,216870,bien_traits_91880,whole plant height,28.6512,11.75,10,0.17500000000000004
db914ccf6590f114ec505eb66cf2f772a8192301ddf6a6af263023323d8c4178,Leaf Area,103588,try_10940,"Leaf area (in case of compound leaves: leaf, petiole included)",69.9,120525,try_27877,"Leaf area (in case of compound leaves: leaf, undefined if petiole in- or excluded)",737.335,10.548426323319028,10,0.054842632331902674
dbf7a3697e0d6a06a14046633b39144fb4d13ab8db62c2877b25e5300227c4f1,Leaf nitrogen content per unit mass,97892,try_5244,Leaf nitrogen (N) content per leaf dry mass,1.991,126309,bien_traits_1319,leaf nitrogen content per leaf dry mass,20.101,10.095931692616775,10,0.009593169261677525
dc3e5b4490e240177029114dc6a40eaa7018a76bdde1db7127cbe02fac73d822,Plant heigh,113838,try_21190,Plant height vegetative,0.85,107682,try_15034,Plant height vegetative,10.6,12.470588235294118,10,0.24705882352941178
dd035a796159b71b036ea219af79b41b4fa381b2c6a44b2d6cc4fe34508de9f4,Leaf mass per area,103052,try_10404,"Leaf area per leaf dry mass (specific leaf area, SLA or 1/LMA): undefined if petiole is in- or excluded)",0.026387110933791966,113765,try_21117,"Leaf area per leaf dry mass (specific leaf area, SLA or 1/LMA): undefined if petiole is in- or excluded)",0.23739203118132932,8.996514691470804,10,0.10034853085291962
dd16b630796897854bcf6a48171cd6bbcd2569ddb204e69c0d2b3042d1cd93fd,Leaf Area,120141,try_27493,"Leaf area (in case of compound leaves: leaf, undefined if petiole in- or excluded)",15.049499999999998,120830,try_28182,"Leaf area (in case of compound leaves undefined if leaf or leaflet, undefined if petiole is in- or exluded)",151,10.033555932090769,10,0.003355593209076968
dd6b6482100234a01dbd51527dfdfe144d035673c67a7561edb417c0ce2961a1,Leaf mass per area,103052,try_10404,"Leaf area per leaf dry mass (specific leaf area, SLA or 1/LMA): undefined if petiole is in- or excluded)",0.007328237842256266,113765,try_21117,"Leaf area per leaf dry mass (specific leaf area, SLA or 1/LMA): undefined if petiole is in- or excluded)",0.07656286583651369,10.44765023796512,10,0.04476502379651204
dd963d66276b3f323bb76ccf5c07d9c915103d8525b93b9d4e0fd5f8d8e6b442,Leaf nitrogen content per unit mass,107381,try_14733,Leaf nitrogen (N) content per leaf dry mass,2.861,107750,try_15102,Leaf nitrogen (N) content per leaf dry mass,29.54540253,10.326949503670045,10,0.03269495036700443
dde8df3d80798845af852d6b4c88380cd175eaaec8cda244da56013763682cae,Leaf mass per area,123304,try_30656,"Leaf area per leaf dry mass (specific leaf area, SLA or 1/LMA): undefined if petiole is in- or excluded)",0.0025601892130833834,114834,try_22186,"Leaf area per leaf dry mass (specific leaf area, SLA or 1/LMA): undefined if petiole is in- or excluded)",0.02987839493262422,11.670385446488131,10,0.16703854464881318
de56c951e200d9457a654d04ac249eece20264fd93163ff343e92e507ad0bf7c,Leaf mass per area,124644,try_31996,"Leaf area per leaf dry mass (specific leaf area, SLA or 1/LMA): undefined if petiole is in- or excluded)",0.00534117018199072,125029,bien_traits_39,leaf mass per area,0.05341169879156175,9.999999433018354,10,5.669816460773802e-8
de87fb89c35722aaee1ca804c85e72639e2e8546c380ad881dbc0cc395589554,Plant heigh,113435,try_20787,Plant height vegetative,0.36,269217,bien_traits_144227,whole plant height,41.7576,115.99333333333333,100,0.15993333333333326
de9442805dfd80de2587f6913ca1a306e44a6dbfee0989ad79c68cc449261ff1,Leaf nitrogen content per unit mass,101575,try_8927,Leaf nitrogen (N) content per leaf dry mass,1,100703,try_8055,Leaf nitrogen (N) content per leaf dry mass,10.155000000000015,10.155000000000015,10,0.015500000000001624
e06ec8bfcbc5218eddfb5d2f0e19ec43ca239ff3f6ddd0d467a9c2323ded3820,Plant heigh,111638,try_18990,Plant height vegetative,0.065,112282,try_19634,Plant height vegetative,5,76.92307692307692,100,0.23076923076923084
e09592af8601b041a0aae44cf6650286ae8f092157a9cfd529e9c1fd088f65e1,Plant heigh,113831,try_21183,Plant height vegetative,2.35,112282,try_19634,Plant height vegetative,20,8.51063829787234,10,0.14893617021276595
e09a195f3b654e726452bdc84fbee4d954da2ec9cfcd7e775c6119059574296b,Leaf Area,111614,try_18966,"Leaf area (in case of compound leaves: leaf, petiole included)",26.866,119684,try_27036,"Leaf area (in case of compound leaves: leaf, petiole included)",216.25,8.049207176356733,10,0.1950792823643267
e11d36388b59deed00785a199d0597e866b519e07b55ba09c63fb46a64e4a4a5,Plant heigh,112628,try_19980,Plant height vegetative,6.75,111614,try_18966,Plant height vegetative,60,8.88888888888889,10,0.11111111111111105
e21ac1956371476a2c8dd0c9feff27178e1b55a2dbb95742d2c144e8264f9bd1,Leaf mass per area,124221,try_31573,"Leaf area per leaf dry mass (specific leaf area, SLA or 1/LMA): undefined if petiole is in- or excluded)",0.007740585774009996,125433,bien_traits_443,leaf mass per area,0.0774058577341083,9.999999999225942,10,7.740585949989054e-11
e297b3bca76fe7e6408f2cd4a219b62517e94e08ef60e96fd70a750603b4b9af,Leaf nitrogen content per unit mass,104020,try_11372,Leaf nitrogen (N) content per leaf dry mass,1.6275,107699,try_15051,Leaf nitrogen (N) content per leaf dry mass,17.28537917,10.620816694316435,10,0.062081669431643505
e3389621a8491ffc78f517c7108940f8e05c67a49f7e8f636b221fe5901c4b6b,Leaf mass per area,123613,try_30965,"Leaf area per leaf dry mass (specific leaf area, SLA or 1/LMA): undefined if petiole is in- or excluded)",0.0078003167585728945,104001,try_11353,"Leaf area per leaf dry mass (specific leaf area, SLA or 1/LMA): petiole included",0.08295275886421465,10.634537215818304,10,0.06345372158183027
e3422ea89d5e71988cf41f1f8721f1ee1bf6efa8dda859b707598c24a1d4ce3d,Leaf mass per area,123512,try_30864,"Leaf area per leaf dry mass (specific leaf area, SLA or 1/LMA): undefined if petiole is in- or excluded)",0.0025075980844190674,120884,try_28236,"Leaf area per leaf dry mass (specific leaf area, SLA or 1/LMA): undefined if petiole is in- or excluded)",2.9716552526874236,1185.0604254133748,1000,0.18506042541337475
e3789b11067035ba1f640dfc1ecfafe190f9d0e3d92d0161af396aa21286df8f,Leaf mass per area,123050,try_30402,"Leaf area per leaf dry mass (specific leaf area, SLA or 1/LMA): undefined if petiole is in- or excluded)",7.199994240004607e-4,124885,try_32237,"Leaf area per leaf dry mass (specific leaf area, SLA or 1/LMA): undefined if petiole is in- or excluded)",0.6131207847946045,851.5573267933784,1000,0.14844267320662163
e40cf6196e59059ee5c6603a7900ed0b4c6ffb4359c95a75685f3fe4ce3a6a04,Leaf mass per area,121510,try_28862,"Leaf area per leaf dry mass (specific leaf area, SLA or 1/LMA): petiole included",0.0037154015364351707,125029,bien_traits_39,leaf mass per area,0.03715401536435171,10,10,0
e4485f90da99a16766623da95b32a493367d3f13d34778ceae0bc3e0a244fa0d,Leaf nitrogen content per unit mass,102926,try_10278,Leaf nitrogen (N) content per leaf dry mass,0.11,107691,try_15043,Leaf nitrogen (N) content per leaf dry mass,10.8,98.18181818181819,100,0.018181818181818077
e4847f09f51ba98b22fe364a12c7f9f5c4bab1ecf5cbfbb7e8ad7ba9f6ae41e1,Leaf mass per area,123440,try_30792,"Leaf area per leaf dry mass (specific leaf area, SLA or 1/LMA): undefined if petiole is in- or excluded)",0.007490781655072922,120882,try_28234,"Leaf area per leaf dry mass (specific leaf area, SLA or 1/LMA): undefined if petiole is in- or excluded)",0.8373580241990122,111.78513308179726,100,0.1178513308179725
e5251b75b76c3d19f91cbd28f8d97211bd108a42753b53eb718003ad8e3abf21,Leaf mass per area,107388,try_14740,"Leaf area per leaf dry mass (specific leaf area, SLA or 1/LMA): undefined if petiole is in- or excluded)",0.0028247252097994315,120883,try_28235,"Leaf area per leaf dry mass (specific leaf area, SLA or 1/LMA): undefined if petiole is in- or excluded)",2.129518222503576,753.885091235045,1000,0.246114908764955
e597bbbccc80a1b3b41f32efa63d619ce09e4e8bec9bfb7b5df54c7873e52d7d,Leaf mass per area,123563,try_30915,"Leaf area per leaf dry mass (specific leaf area, SLA or 1/LMA): undefined if petiole is in- or excluded)",0.004892367906066536,120616,try_27968,"Leaf area per leaf dry mass (specific leaf area, SLA or 1/LMA): undefined if petiole is in- or excluded)",0.05184101443916031,10.596303351364368,10,0.059630335136436674
e5cb878dc8a07db1c5e57591ac5de32efb3b30d19863a44b23689970fe5eda1b,Leaf Area,113843,try_21195,"Leaf area (in case of compound leaves undefined if leaf or leaflet, undefined if petiole is in- or exluded)",262.98833335,119684,try_27036,"Leaf area (in case of compound leaves: leaf, petiole included)",2123,8.072601445686907,10,0.19273985543130934
e6ba86290e2b0d65b1338853a68110b350bffe48f14a6ca63ad8c548496b6d40,Leaf mass per area,121510,try_28862,"Leaf area per leaf dry mass (specific leaf area, SLA or 1/LMA): petiole included",0.003305785123966942,125029,bien_traits_39,leaf mass per area,0.03305785123966942,10,10,0
e77e3b075ff5d99e4f0c6e11fceeb2c4bb42b54e4eb2925805c11642399ec784,Leaf nitrogen content per unit mass,103052,try_10404,Leaf nitrogen (N) content per leaf dry mass,3.3456,103225,try_10577,Leaf nitrogen (N) content per leaf dry mass,27.98223689,8.363891944643711,10,0.1636108055356289
e79256c59b7d0e214dc5884880688449065fbd10ec2b6c9218be244905f4b824,Leaf nitrogen content per unit mass,104045,try_11397,Leaf nitrogen (N) content per leaf dry mass,2.25465211,103100,try_10452,Leaf nitrogen (N) content per leaf dry mass,22.5,9.979366617229477,10,0.0020633382770522957
e7f072dcadb4ae0b26a649ee0efdabe0c9334475799b73779382b87b755a1377,Plant heigh,112657,try_20009,Plant height vegetative,36,110152,try_17504,Plant height vegetative,300,8.333333333333334,10,0.16666666666666663
e82ca70a1382ebf66be9289880f0d855106913808527cf579b4cb6fc8cf4536f,Plant heigh,127538,bien_traits_2548,whole plant height,3.048,110152,try_17504,Plant height vegetative,3000,984.251968503937,1000,0.015748031496063075
e86775a8e684cbf9aac807d53065665f2333ee5e37a9ab8796b8b6cae5a46676,Leaf mass per area,124225,try_31577,"Leaf area per leaf dry mass (specific leaf area, SLA or 1/LMA): undefined if petiole is in- or excluded)",0.011184431271669836,111614,try_18966,"Leaf area per leaf dry mass (specific leaf area, SLA or 1/LMA): petiole included",0.11184431271669834,9.999999999999998,10,2.220446049250313e-16
e88ac5f183fd3ef2aaa8e58d79bb888acd7934ef18d12b8ef6407c8fb747fbb5,Leaf mass per area,97818,try_5170,"Leaf area per leaf dry mass (specific leaf area, SLA or 1/LMA): petiole included",2.1474026751681794e-5,120522,try_27874,"Leaf area per leaf dry mass (specific leaf area, SLA or 1/LMA): undefined if petiole is in- or excluded)",0.019251278484240558,896.4913151527505,1000,0.10350868484724951
e8d18140b04a1dbed1d9915572c3158163159fe41f6a9406e00500d7fe96153e,Leaf nitrogen content per unit mass,102518,try_9870,Leaf nitrogen (N) content per leaf dry mass,2.03,102734,try_10086,Leaf nitrogen (N) content per leaf dry mass,24.23,11.935960591133007,10,0.1935960591133008
e94658746b8df5709a74bc9333033c485f695cd16909d5788a9f5dc98e9229f5,Leaf nitrogen content per unit mass,104362,try_11714,Leaf nitrogen (N) content per leaf dry mass,2.5278333333,125083,bien_traits_93,leaf nitrogen content per leaf dry mass,25.3,10.008571240324503,10,8.571240324504181e-4
e98ec580025c01053752e70906343f8b3c64f1c8e727e4b705d06e789bacbb28,Leaf mass per area,104626,try_11978,"Leaf area per leaf dry mass (specific leaf area, SLA or 1/LMA): undefined if petiole is in- or excluded)",0.01096130658774526,120892,try_28244,"Leaf area per leaf dry mass (specific leaf area, SLA or 1/LMA): undefined if petiole is in- or excluded)",0.12842387521120166,11.716110135517928,10,0.17161101355179276
e9a7e9c9c67155c1a472b25227cf9201f1b20caa59a4653fe20ecca49a5aaabb,Plant heigh,110834,try_18186,Plant height vegetative,2.035,109407,try_16759,Plant height vegetative,219,107.61670761670761,100,0.07616707616707608
ea21525ce806e55ee24650cc06bb9da80ffd6c6ca530edf0441363af0437411d,Leaf Area,107885,try_15237,"Leaf area (in case of compound leaves undefined if leaf or leaflet, undefined if petiole is in- or exluded)",2.6286,110677,try_18029,"Leaf area (in case of compound leaves: leaf, undefined if petiole in- or excluded)",3250,1236.3996043521265,1000,0.2363996043521266
ea2c4fb9092466ec40bbf3ea7cb31d54b4e37f47ca38fa5f222620b4de9a352f,Leaf mass per area,107367,try_14719,"Leaf area per leaf dry mass (specific leaf area, SLA or 1/LMA): undefined if petiole is in- or excluded)",0.0027175874912305454,120879,try_28231,"Leaf area per leaf dry mass (specific leaf area, SLA or 1/LMA): undefined if petiole is in- or excluded)",0.031756113051762465,11.685405954449342,10,0.16854059544493416
eb4f27dd849721de67cfb1d09ceb99dd2eff90cb2bd79f9eb6daea8574be4890,Leaf mass per area,124793,try_32145,"Leaf area per leaf dry mass (specific leaf area, SLA or 1/LMA): undefined if petiole is in- or excluded)",0.006635999999906299,119684,try_27036,"Leaf area per leaf dry mass (specific leaf area, SLA or 1/LMA): petiole included",0.08258742093328558,12.445361804468313,10,0.24453618044683134
eb79a46ff0b5aa8261e883268264c1c4294532a667ed4dd3edbba5d559c0aba4,Leaf Area,125052,bien_traits_62,leaf area,138.21,110677,try_18029,"Leaf area (in case of compound leaves: leaf, undefined if petiole in- or excluded)",1125,8.139787280225743,10,0.18602127197742568
ebe5518ea0810fcb514a3519d3b8d22f04cb96b0f94d72de1c84b24d0cba5a2a,Leaf mass per area,103052,try_10404,"Leaf area per leaf dry mass (specific leaf area, SLA or 1/LMA): undefined if petiole is in- or excluded)",0.004622473415332424,113765,try_21117,"Leaf area per leaf dry mass (specific leaf area, SLA or 1/LMA): undefined if petiole is in- or excluded)",0.046184733166265354,9.991346410576163,10,8.653589423837094e-4
ecb4c7137be8f75db597416ad876cbb24b28ec229c4d155024a16ef7d47c874e,Leaf nitrogen content per unit mass,107382,try_14734,Leaf nitrogen (N) content per leaf dry mass,2.502,102718,try_10070,Leaf nitrogen (N) content per leaf dry mass,25.02,10,10,0
ee7e7c39876a60cadee7c379bfe67b81451f95a7ea2872e21e4d71cbf763568e,Leaf nitrogen content per unit mass,104620,try_11972,Leaf nitrogen (N) content per leaf dry mass,1.57666666665,92742,try_94,Leaf nitrogen (N) content per leaf dry mass,18.217489303134,11.554432961940744,10,0.15544329619407438
f02edefb0dea7037a0e1921b7b38a3fb2c05246de6065ec9358c8dced57243d2,Plant heigh,146167,bien_traits_21177,whole plant height,2.1336,171027,bien_traits_46037,whole plant height,19.05,8.928571428571429,10,0.1071428571428571
f03ee0989a007fa5971946342b2bac0b5f6384dd53425c353439d62ff7db6bf0,Leaf mass per area,104631,try_11983,"Leaf area per leaf dry mass (specific leaf area, SLA or 1/LMA): undefined if petiole is in- or excluded)",0.003703703703703704,120883,try_28235,"Leaf area per leaf dry mass (specific leaf area, SLA or 1/LMA): undefined if petiole is in- or excluded)",3.212717756563817,867.4337942722306,1000,0.13256620572776945
f221d64bf8ce8b142acfbc35c2ad074ff0019d2af1ea9a7f1b78bff50baf12d1,Leaf Area,102518,try_9870,"Leaf area (in case of compound leaves: leaf, petiole included)",203.2935,102525,try_9877,"Leaf area (in case of compound leaves: leaf, petiole included)",2110.9705,10.383856345628365,10,0.03838563456283639
f259092932e254ec7339e5ad03db29570ef930ffcf91c249461fcb9bd70897b8,Leaf mass per area,105684,try_13036,"Leaf area per leaf dry mass (specific leaf area, SLA or 1/LMA): undefined if petiole is in- or excluded)",0.007419999999882764,102450,try_9802,"Leaf area per leaf dry mass (specific leaf area, SLA or 1/LMA): undefined if petiole is in- or excluded)",0.05743825387708214,7.741004565766801,10,0.22589954342331997
f2e85824ce5218d32072bd4b7231d3598d4ffef8bf3278cdb0914b4c706257bc,Leaf mass per area,103396,try_10748,"Leaf area per leaf dry mass (specific leaf area, SLA or 1/LMA): undefined if petiole is in- or excluded)",0.0037510285078166594,125015,bien_traits_25,leaf mass per area,0.037510285078166596,10,10,0
f2fc1e52dbf095cd4724b45a863617bff66b518ecf10d32e03f9d4ef5f02535b,Leaf mass per area,107380,try_14732,"Leaf area per leaf dry mass (specific leaf area, SLA or 1/LMA): undefined if petiole is in- or excluded)",0.0020942906586933208,125520,bien_traits_530,leaf mass per area,0.022799817601459188,10.886653916359705,10,0.08866539163597054
f304d28f632a071be5ef40e0126e9b239897b2833eb2b7a82e67ba6847a8c345,Leaf Area,119638,try_26990,"Leaf area (in case of compound leaves: leaf, petiole included)",0.4865,111614,try_18966,"Leaf area (in case of compound leaves: leaf, petiole included)",48.704,100.11099691675231,100,0.0011099691675231504
f33c24747e9d1b9f3cc3fbe2b1fb4de9efdaa3db63a572615a46432a41f54b5a,Leaf mass per area,124621,try_31973,"Leaf area per leaf dry mass (specific leaf area, SLA or 1/LMA): undefined if petiole is in- or excluded)",0.0038577553033526594,125066,bien_traits_76,leaf mass per area,0.040884185691757544,10.597920935064575,10,0.05979209350645753
f3fa69e89a3442e6f10dbd0fd33c05514dd61348b3ac7fe935a7804f2b606796,Plant heigh,295622,bien_traits_170632,whole plant height,0.3048,293155,bien_traits_168165,whole plant height,23.7744,78,100,0.21999999999999997
f40d325a5049c048f7efa9ed1478ae0fefc420b37e6d250fff1aebb0e1391854,Leaf nitrogen content per unit mass,103274,try_10626,Leaf nitrogen (N) content per leaf dry mass,0.02919630593207405,126349,bien_traits_1359,leaf nitrogen content per leaf dry mass,29.66,1015.8819430446011,1000,0.01588194304460111
f4a28ba624df3894f3b02ffa7ac1af9f2a5efece5578a9efc6451d30f960a400,Leaf nitrogen content per unit mass,101311,try_8663,Leaf nitrogen (N) content per leaf dry mass,0.8546,102469,try_9821,Leaf nitrogen (N) content per leaf dry mass,10.3,12.052422185817926,10,0.2052422185817926
f4ee2a20283de2574345b84293df59f8ddf343daba67d99b7dd5a66c7da9f69b,Leaf nitrogen content per unit mass,100915,try_8267,Leaf nitrogen (N) content per leaf dry mass,2.81,107682,try_15034,Leaf nitrogen (N) content per leaf dry mass,29.6,10.533807829181494,10,0.053380782918149405
f520fcc41c368b58d75bddb15ea077ef1f1c2d11789ad9b3c94cbff2e4ccfb71,Plant heigh,112699,try_20051,Plant height vegetative,5.550000000000001,110129,try_17481,Plant height vegetative,50,9.009009009009008,10,0.0990990990990992
f6427616c8678bd9fef89675cb84c053a5084cf01e676342c1ab5cbb2fa8d111,Plant heigh,114921,try_22273,Plant height vegetative,5.6,114928,try_22280,Plant height vegetative,48.9,8.732142857142858,10,0.12678571428571428
f709a37ca1dc42a82fc97c80260bd0426b646d228924427dec1f4a0e5364726a,Leaf mass per area,124499,try_31851,"Leaf area per leaf dry mass (specific leaf area, SLA or 1/LMA): undefined if petiole is in- or excluded)",0.0071301247771836,125443,bien_traits_453,leaf mass per area,0.07130124777183601,10.000000000000002,10,2.220446049250313e-16
f71eb116905f6bcfa9ad624f3430d24549859c9b8a3d052e71efeb120f34f522,Plant heigh,225455,bien_traits_100465,whole plant height,2.1336,175343,bien_traits_50353,whole plant height,23.1648,10.857142857142858,10,0.08571428571428585
f7a73e22aaba09b1f209489a313379c1d65d698707e59e137ff76bdd33ff5ed5,Leaf Area,100674,try_8026,"Leaf area (in case of compound leaves undefined if leaf or leaflet, undefined if petiole is in- or exluded)",29.12613636,120120,try_27472,"Leaf area (in case of compound leaves: leaf, undefined if petiole in- or excluded)",252.3,8.662322969362078,10,0.13376770306379215
f7b4cde74f371545146677b1b7f943c7b519925b575dad2cd4a7dc34a7e45d9f,Leaf Area,107886,try_15238,"Leaf area (in case of compound leaves undefined if leaf or leaflet, undefined if petiole is in- or exluded)",3.9974,110648,try_18000,"Leaf area (in case of compound leaves: leaf, undefined if petiole in- or excluded)",3250,813.028468504528,1000,0.18697153149547208
f8230d8e68597703496b5f77df06fb1ea59057111779a5aa8f46b34f98f80b8f,Leaf Area,102526,try_9878,"Leaf area (in case of compound leaves: leaf, petiole included)",800.9445000000001,120129,try_27481,"Leaf area (in case of compound leaves: leaf, undefined if petiole in- or excluded)",6640.000000000001,8.290212368023003,10,0.17097876319769978
f836b4afeaea5fcbb6f5779afd04281e677c3b9620e2019419588284cad49bd5,Leaf mass per area,124263,try_31615,"Leaf area per leaf dry mass (specific leaf area, SLA or 1/LMA): undefined if petiole is in- or excluded)",0.006887547477993879,120886,try_28238,"Leaf area per leaf dry mass (specific leaf area, SLA or 1/LMA): undefined if petiole is in- or excluded)",0.6286766313907742,91.27728460666634,100,0.08722715393333658
f85ff48b21046f00ac8b1a45e294587d1573ecb68d787e180c2330ae706e7ff2,Leaf mass per area,124213,try_31565,"Leaf area per leaf dry mass (specific leaf area, SLA or 1/LMA): undefined if petiole is in- or excluded)",0.010542797489947395,125429,bien_traits_439,leaf mass per area,0.10542797490169696,10.000000000210855,10,2.1085577728285898e-11
f9392f7844f2bfeaf3296f8cf223aa119f7d57709ffcc9a55ee3c29064b6ada3,Leaf nitrogen content per unit mass,104541,try_11893,Leaf nitrogen (N) content per leaf dry mass,2.142405648,107882,try_15234,Leaf nitrogen (N) content per leaf dry mass,20.9014910283069,9.756084730181266,10,0.024391526981873413
fab6e9032e178019468b103a70f61d366a7fb166e3b1d5fd6adda21f2ed4fb3f,Leaf mass per area,107515,try_14867,"Leaf area per leaf dry mass (specific leaf area, SLA or 1/LMA): undefined if petiole is in- or excluded)",0.005823267008331135,113765,try_21117,"Leaf area per leaf dry mass (specific leaf area, SLA or 1/LMA): undefined if petiole is in- or excluded)",0.06498545102473186,11.159620696038761,10,0.11596206960387612
fad2b598e4234b059164ce95021f22aa923ec52a49b3baf63795a9c69f1e74b7,Plant heigh,114834,try_22186,Plant height vegetative,0.0575,110469,try_17821,Plant height vegetative,4.85,84.34782608695652,100,0.15652173913043488
faece959e7ff8775c217871b023b194014201a34fa1ccf840818e0cdaefd9004,Plant heigh,166349,bien_traits_41359,whole plant height,2.7432,136524,bien_traits_11534,whole plant height,21.7932,7.944444444444445,10,0.2055555555555555
fafae47f33073058dcaa01d7ea04c85a87d16578f53eb80bec04e21cc35b959d,Plant heigh,127524,bien_traits_2534,whole plant height,3.048,216904,bien_traits_91914,whole plant height,34.4424,11.299999999999999,10,0.1299999999999999
fb3bb3ae19abc24aa00df97b586122ac05a79b227bfd3814d17c33bcce388b54,Plant heigh,101574,try_8926,Plant height vegetative,15,112382,try_19734,Plant height vegetative,150,10,10,0
fba2e200139398c3d3c0f66d9d0c6b8d33bc440aeba5dd186b5a0a2c7842e657,Leaf mass per area,123379,try_30731,"Leaf area per leaf dry mass (specific leaf area, SLA or 1/LMA): undefined if petiole is in- or excluded)",0.009560229445506692,120579,try_27931,"Leaf area per leaf dry mass (specific leaf area, SLA or 1/LMA): undefined if petiole is in- or excluded)",0.08344089794520262,8.727917925068194,10,0.12720820749318063
fbb4d9c75ef75319a6254b45ccf7603f38c6df0e5929bdf1e447d2d982e0c77c,Leaf mass per area,123361,try_30713,"Leaf area per leaf dry mass (specific leaf area, SLA or 1/LMA): undefined if petiole is in- or excluded)",0.003968594868899839,119690,try_27042,"Leaf area per leaf dry mass (specific leaf area, SLA or 1/LMA): petiole included",0.030972382207829195,7.804369866661461,10,0.21956301333385386
fbe89e21500c88545bb83dc4212d1fe817ca9c6f3ea138440f53a5212d0df5ac,Leaf Area,112659,try_20011,"Leaf area (in case of compound leaves: leaf, petiole included)",9.6281,103052,try_10404,"Leaf area (in case of compound leaves undefined if leaf or leaflet, undefined if petiole is in- or exluded)",778.12,80.81760679677195,100,0.19182393203228043
fbf01dc00566bb8560aef360337a67bf07d901d9ccf0f012a563d0c2cc8337ce,Leaf mass per area,123505,try_30857,"Leaf area per leaf dry mass (specific leaf area, SLA or 1/LMA): undefined if petiole is in- or excluded)",0.003952569169960474,110652,try_18004,"Leaf area per leaf dry mass (specific leaf area, SLA or 1/LMA): undefined if petiole is in- or excluded)",0.03979307600477517,10.06764822920812,10,0.00676482292081193
fc091e6aeb14843c19830f11de7f7c4884b3303117bf813b705450257c02b214,Plant heigh,208688,bien_traits_83698,whole plant height,2.7432,199925,bien_traits_74935,whole plant height,29.870400000000004,10.888888888888891,10,0.08888888888888902
fc799b3feb6be12e135bfbf6d247cbd3e0948398d7f605ad2f081ec28dc65ac8,Plant heigh,110681,try_18033,Plant height vegetative,0.05,101461,try_8813,Plant height vegetative,42.8,855.9999999999999,1000,0.14400000000000013
fcad7f674b792a4fba92deb930062a270d122244a2ae35d2648b474ccc0e9717,Plant heigh,115839,try_23191,Plant height vegetative,2,112280,try_19632,Plant height vegetative,20,10,10,0
fe0674d71d7c4f32fdf223c9267c808cabe3dc5e637db7112efd407576c19897,Leaf mass per area,123475,try_30827,"Leaf area per leaf dry mass (specific leaf area, SLA or 1/LMA): undefined if petiole is in- or excluded)",0.002583311805734952,119684,try_27036,"Leaf area per leaf dry mass (specific leaf area, SLA or 1/LMA): petiole included",0.027659304669630964,10.706916837614148,10,0.07069168376141488
fe1cb3c537aecaf8237cf149463f88536b7fbc7c28fa6d7e231a4c43a72cd577,Leaf mass per area,121510,try_28862,"Leaf area per leaf dry mass (specific leaf area, SLA or 1/LMA): petiole included",0.005020731343791207,125029,bien_traits_39,leaf mass per area,0.050207314653909624,10.000000242195304,10,2.4219530381230925e-8
ff53076b1e3c10b85e25a3e4db642a91bd074213411bfe7260e02ce8f7652f21,Leaf nitrogen content per unit mass,102518,try_9870,Leaf nitrogen (N) content per leaf dry mass,2.142,107679,try_15031,Leaf nitrogen (N) content per leaf dry mass,26.77313566,12.499129626517275,10,0.24991296265172758
