data_source_id,trait_domain_name,trait_name,dataset_id,dataset_name,n_records,n_taxa,value_minimum,value_median,value_maximum
121,Leaf nitrogen content per unit mass,Leaf nitrogen (N) content per leaf dry mass,92734,try_86,4,4,16.26072,18.80938937749125,28.4013066086463
121,Leaf nitrogen content per unit mass,Leaf nitrogen (N) content per leaf dry mass,92735,try_87,5,5,12.9659039167911,15.3151549914509,21.9609156029874
121,Leaf nitrogen content per unit mass,Leaf nitrogen (N) content per leaf dry mass,92736,try_88,4,4,16.57435,25.206961569082452,31.0863805193285
121,Leaf nitrogen content per unit mass,Leaf nitrogen (N) content per leaf dry mass,92737,try_89,5,5,14.1390870635101,15.724600331892,21.070718607922
121,Leaf nitrogen content per unit mass,Leaf nitrogen (N) content per leaf dry mass,92738,try_90,3,3,13.2627497591972,14.2067181131902,24.7929195531097
121,Leaf nitrogen content per unit mass,Leaf nitrogen (N) content per leaf dry mass,92739,try_91,3,3,13.8383847885564,26.9554495364435,28.719011983085
121,Leaf nitrogen content per unit mass,Leaf nitrogen (N) content per leaf dry mass,92740,try_92,6,6,12.2893626205172,14.137620192901,21.9958716577845
121,Leaf nitrogen content per unit mass,Leaf nitrogen (N) content per leaf dry mass,92741,try_93,4,4,14.6048131260069,19.09415159913085,23.5839331427738
121,Leaf nitrogen content per unit mass,Leaf nitrogen (N) content per leaf dry mass,92742,try_94,6,6,16.0883742357982,18.28303688331325,27.0909580814673
121,Leaf nitrogen content per unit mass,Leaf nitrogen (N) content per leaf dry mass,92743,try_95,3,3,13.7874860310566,23.9950533531783,31.1806919982743
121,Leaf nitrogen content per unit mass,Leaf nitrogen (N) content per leaf dry mass,92744,try_96,3,3,11.2671355419138,15.3691649212595,39.6211368715
121,Leaf nitrogen content per unit mass,Leaf nitrogen (N) content per leaf dry mass,92745,try_97,5,5,11.6659694976016,17.1818459195155,23.7185311007198
121,Leaf nitrogen content per unit mass,Leaf nitrogen (N) content per leaf dry mass,92746,try_98,7,7,9.53684962588294,14.3185612651639,28.9456637361501
121,Leaf nitrogen content per unit mass,Leaf nitrogen (N) content per leaf dry mass,92747,try_99,10,10,12.7898392820813,17.2747491736272,29.0523876413938
121,Leaf nitrogen content per unit mass,Leaf nitrogen (N) content per leaf dry mass,92748,try_100,4,4,13.1978317795164,22.0390431714496,33.3351535854865
121,Leaf nitrogen content per unit mass,Leaf nitrogen (N) content per leaf dry mass,92749,try_101,8,8,19.0346746376217,23.84832096079125,38.7109276306773
121,Leaf nitrogen content per unit mass,Leaf nitrogen (N) content per leaf dry mass,92750,try_102,3,3,17.9387343605817,17.9932755409747,21.275533263056
121,Leaf nitrogen content per unit mass,Leaf nitrogen (N) content per leaf dry mass,92751,try_103,3,3,28.8068282270192,34.5025290370341,38.4285049496675
121,Leaf nitrogen content per unit mass,Leaf nitrogen (N) content per leaf dry mass,92752,try_104,3,3,16.0900848896488,20.3046243655957,22.1421494410058
121,Leaf nitrogen content per unit mass,Leaf nitrogen (N) content per leaf dry mass,92753,try_105,6,6,14.5396149944015,20.082564023332,29.3579710096247
121,Leaf nitrogen content per unit mass,Leaf nitrogen (N) content per leaf dry mass,92754,try_106,9,9,15.5,19.6260238491862,33.1782972061362
121,Leaf nitrogen content per unit mass,Leaf nitrogen (N) content per leaf dry mass,92755,try_107,5,5,18.8901654715177,23.6040259867086,25.6805250057842
121,Leaf nitrogen content per unit mass,Leaf nitrogen (N) content per leaf dry mass,92756,try_108,6,6,14.8314130044598,21.296876400198,39.4239091174725
121,Leaf nitrogen content per unit mass,Leaf nitrogen (N) content per leaf dry mass,92757,try_109,6,6,12.3046648031959,21.7457398731278,31.7778059319583
121,Leaf nitrogen content per unit mass,Leaf nitrogen (N) content per leaf dry mass,92758,try_110,7,7,8.42419821538625,16.3690036162918,19.3092387291887
121,Leaf nitrogen content per unit mass,Leaf nitrogen (N) content per leaf dry mass,92759,try_111,5,5,18.3249662257082,36.0933798214705,45.0873190388536
121,Leaf nitrogen content per unit mass,Leaf nitrogen (N) content per leaf dry mass,92760,try_112,7,7,21.7694836013604,23.6235015339124,37.2231760332339
121,Leaf nitrogen content per unit mass,Leaf nitrogen (N) content per leaf dry mass,92761,try_113,7,7,27.3717573250751,29.5279434836312,39.3479729900737
121,Leaf nitrogen content per unit mass,Leaf nitrogen (N) content per leaf dry mass,92762,try_114,8,8,24.222442344669,33.59940979745095,44.7172926351316
121,Leaf nitrogen content per unit mass,Leaf nitrogen (N) content per leaf dry mass,92763,try_115,30,25,11.7588462266751,24.28098177027545,54.6215921053223
121,Leaf nitrogen content per unit mass,Leaf nitrogen (N) content per leaf dry mass,92764,try_116,6,6,8.87408118993809,15.489990657889251,20.3207574863403
121,Leaf nitrogen content per unit mass,Leaf nitrogen (N) content per leaf dry mass,92765,try_117,3,3,17.2575034057957,21.4946057583554,22.1458159572626
121,Leaf nitrogen content per unit mass,Leaf nitrogen (N) content per leaf dry mass,92766,try_118,3,3,10.8893563868331,13.6869995917495,23.47886735606
121,Leaf nitrogen content per unit mass,Leaf nitrogen (N) content per leaf dry mass,92767,try_119,5,5,17.5858027971002,25.7716895074387,26.6731233146794
121,Leaf nitrogen content per unit mass,Leaf nitrogen (N) content per leaf dry mass,92768,try_120,3,3,25.5434756172344,28.6768877103106,31.7576857733781
121,Leaf nitrogen content per unit mass,Leaf nitrogen (N) content per leaf dry mass,92769,try_121,11,11,18.1432134349938,25.472902307318,37.2218598006224
121,Leaf nitrogen content per unit mass,Leaf nitrogen (N) content per leaf dry mass,92770,try_122,7,7,18.3896354986427,30.6001704257526,48.7021245210656
121,Leaf nitrogen content per unit mass,Leaf nitrogen (N) content per leaf dry mass,92771,try_123,7,7,11.5077832376168,16.472079721367,42.4397702320918
121,Leaf nitrogen content per unit mass,Leaf nitrogen (N) content per leaf dry mass,92772,try_124,7,7,25.4964190140493,42.4867291835316,52.7002788901738
121,Leaf nitrogen content per unit mass,Leaf nitrogen (N) content per leaf dry mass,92773,try_125,5,5,19.459507597737,21.969358951016,31.595124746701
121,Leaf nitrogen content per unit mass,Leaf nitrogen (N) content per leaf dry mass,92774,try_126,2,2,23.7699115215923,25.097250839556047,26.4245901575198
121,Leaf nitrogen content per unit mass,Leaf nitrogen (N) content per leaf dry mass,92775,try_127,5,5,17.1381652715729,22.6670432143803,37.813809797563
121,Leaf nitrogen content per unit mass,Leaf nitrogen (N) content per leaf dry mass,92776,try_128,3,3,22.7103825578526,23.9654952695858,25.9677146661739
121,Leaf nitrogen content per unit mass,Leaf nitrogen (N) content per leaf dry mass,92777,try_129,7,7,14.468288645606,17.2443552228987,20.9630116986133
121,Leaf nitrogen content per unit mass,Leaf nitrogen (N) content per leaf dry mass,92778,try_130,5,5,18.1537257397679,35.0366046500189,59.1282803118388
121,Leaf nitrogen content per unit mass,Leaf nitrogen (N) content per leaf dry mass,92779,try_131,6,6,12.6620795878983,16.7435113711307,21.4063305485425
121,Leaf nitrogen content per unit mass,Leaf nitrogen (N) content per leaf dry mass,92780,try_132,8,8,22.6751159374598,35.43055863903945,42.8797672814445
121,Leaf nitrogen content per unit mass,Leaf nitrogen (N) content per leaf dry mass,92781,try_133,4,4,22.9602241566942,26.78629818888725,35.7285898486516
123,Leaf mass per area,"Leaf area per leaf dry mass (specific leaf area, SLA or 1/LMA): petiole included",97792,try_5144,1,1,0.027502750275027504,0.027502750275027504,0.027502750275027504
123,Leaf mass per area,"Leaf area per leaf dry mass (specific leaf area, SLA or 1/LMA): petiole included",97793,try_5145,1,1,0.0177999288002848,0.0177999288002848,0.0177999288002848
123,Leaf mass per area,"Leaf area per leaf dry mass (specific leaf area, SLA or 1/LMA): petiole included",97794,try_5146,1,1,0.012512512512512512,0.012512512512512512,0.012512512512512512
123,Leaf mass per area,"Leaf area per leaf dry mass (specific leaf area, SLA or 1/LMA): petiole included",97795,try_5147,15,1,0.004795140556617188,0.0069899822210913514,0.008059802044583663
123,Leaf mass per area,"Leaf area per leaf dry mass (specific leaf area, SLA or 1/LMA): petiole included",102254,try_9606,18,18,0.0014275517487508922,0.00614707470563663,0.03717472118959108
123,Leaf nitrogen content per unit mass,Leaf nitrogen (N) content per leaf dry mass,97792,try_5144,1,1,1.48,1.48,1.48
123,Leaf nitrogen content per unit mass,Leaf nitrogen (N) content per leaf dry mass,97793,try_5145,1,1,1.25,1.25,1.25
123,Leaf nitrogen content per unit mass,Leaf nitrogen (N) content per leaf dry mass,97794,try_5146,1,1,1.57,1.57,1.57
123,Leaf nitrogen content per unit mass,Leaf nitrogen (N) content per leaf dry mass,97795,try_5147,15,1,2.49,3.13,3.45
123,Leaf nitrogen content per unit mass,Leaf nitrogen (N) content per leaf dry mass,102254,try_9606,18,18,1,2.56,4.79
123,Stem specific density,"Stem specific density (SSD, stem dry mass per stem fresh volume) or wood density",97792,try_5144,1,1,350,350,350
123,Stem specific density,"Stem specific density (SSD, stem dry mass per stem fresh volume) or wood density",97793,try_5145,1,1,450,450,450
123,Stem specific density,"Stem specific density (SSD, stem dry mass per stem fresh volume) or wood density",97794,try_5146,1,1,450,450,450
123,Stem specific density,"Stem specific density (SSD, stem dry mass per stem fresh volume) or wood density",97795,try_5147,15,1,650,650,650
125,Leaf mass per area,"Leaf area per leaf dry mass (specific leaf area, SLA or 1/LMA): petiole included",97818,try_5170,14,7,1.9106741120516722e-5,3.413949179204582e-5,1.2135282013401566e-4
125,Leaf mass per area,"Leaf area per leaf dry mass (specific leaf area, SLA or 1/LMA): petiole included",97819,try_5171,10,5,5.0731122776267905e-5,7.752300899600777e-5,9.205621645551068e-5
125,Leaf mass per area,"Leaf area per leaf dry mass (specific leaf area, SLA or 1/LMA): petiole included",97820,try_5172,10,5,2.9039664069571865e-5,4.457554125149996e-5,7.53711472087353e-5
125,Leaf mass per area,"Leaf area per leaf dry mass (specific leaf area, SLA or 1/LMA): petiole included",97821,try_5173,14,7,1.7458220173970196e-5,3.345769662968362e-5,1.1380590857516141e-4
125,Leaf mass per area,"Leaf area per leaf dry mass (specific leaf area, SLA or 1/LMA): petiole included",97822,try_5174,12,6,1.5849970289533463e-5,2.6076409138848586e-5,8.740609591002043e-5
125,Leaf mass per area,"Leaf area per leaf dry mass (specific leaf area, SLA or 1/LMA): petiole included",97823,try_5175,14,7,3.176981317146334e-5,4.7487950189716515e-5,5.587830386084132e-5
125,Leaf mass per area,"Leaf area per leaf dry mass (specific leaf area, SLA or 1/LMA): petiole included",97824,try_5176,10,5,3.690163536977468e-5,5.4180308816924194e-5,6.76869343910545e-5
125,Leaf mass per area,"Leaf area per leaf dry mass (specific leaf area, SLA or 1/LMA): petiole included",97825,try_5177,12,6,2.3527738108916988e-5,5.5323594409302255e-5,9.197544637599372e-5
125,Leaf mass per area,"Leaf area per leaf dry mass (specific leaf area, SLA or 1/LMA): petiole included",97826,try_5178,12,6,2.0283109608708376e-5,3.272571001840588e-5,7.654104653890752e-5
125,Leaf mass per area,"Leaf area per leaf dry mass (specific leaf area, SLA or 1/LMA): petiole included",97827,try_5179,10,5,1.8263706959149446e-5,4.890273734653086e-5,5.8592361973243436e-5
125,Leaf mass per area,"Leaf area per leaf dry mass (specific leaf area, SLA or 1/LMA): petiole included",97828,try_5180,10,5,6.333171746235272e-5,8.751641622561583e-5,9.55359266915856e-5
125,Leaf mass per area,"Leaf area per leaf dry mass (specific leaf area, SLA or 1/LMA): petiole included",97829,try_5181,10,5,2.8093390629381506e-5,5.1091161229107474e-5,2.325710599540287e-4
125,Leaf mass per area,"Leaf area per leaf dry mass (specific leaf area, SLA or 1/LMA): petiole included",97830,try_5182,10,5,3.095901428975222e-5,3.9433202914586894e-5,6.394745054304175e-5
125,Leaf mass per area,"Leaf area per leaf dry mass (specific leaf area, SLA or 1/LMA): petiole included",97831,try_5183,10,5,2.338754019441127e-5,2.739286240619999e-5,8.055174724794956e-5
125,Leaf mass per area,"Leaf area per leaf dry mass (specific leaf area, SLA or 1/LMA): petiole included",97832,try_5184,10,5,2.9365945194336483e-5,4.5509529240327636e-5,9.01376762867604e-5
125,Leaf mass per area,"Leaf area per leaf dry mass (specific leaf area, SLA or 1/LMA): petiole included",97833,try_5185,12,7,3.242940703650808e-5,6.808570314104785e-5,8.806660682868446e-5
125,Leaf mass per area,"Leaf area per leaf dry mass (specific leaf area, SLA or 1/LMA): petiole included",97834,try_5186,12,6,2.1043610478718434e-5,3.118165458623054e-5,6.531922367878878e-5
125,Leaf mass per area,"Leaf area per leaf dry mass (specific leaf area, SLA or 1/LMA): petiole included",97835,try_5187,12,6,2.9430115542810635e-5,4.555053065678616e-5,7.023244400443375e-5
125,Leaf mass per area,"Leaf area per leaf dry mass (specific leaf area, SLA or 1/LMA): petiole included",97836,try_5188,10,5,2.0066677942203407e-5,3.0414001519814657e-5,4.097897123112304e-5
137,Leaf mass per area,"Leaf area per leaf dry mass (specific leaf area, SLA or 1/LMA): undefined if petiole is in- or excluded)",98087,try_5439,80,8,0.006413043478260891,0.015229310455412015,0.03589160115846095
137,Leaf mass per area,"Leaf area per leaf dry mass (specific leaf area, SLA or 1/LMA): undefined if petiole is in- or excluded)",98088,try_5440,110,11,0.009289520426287775,0.022191454245369523,0.09887039239001236
137,Leaf mass per area,"Leaf area per leaf dry mass (specific leaf area, SLA or 1/LMA): undefined if petiole is in- or excluded)",98089,try_5441,86,9,0.0036667015378177665,0.01644093870776431,0.07070516844528121
137,Leaf mass per area,"Leaf area per leaf dry mass (specific leaf area, SLA or 1/LMA): undefined if petiole is in- or excluded)",98090,try_5442,92,9,0.00758980582524272,0.01857643222593265,0.03603995901639349
137,Leaf mass per area,"Leaf area per leaf dry mass (specific leaf area, SLA or 1/LMA): undefined if petiole is in- or excluded)",98091,try_5443,109,11,0.003761467889908262,0.0211033274956217,0.1723298284449363
137,Leaf mass per area,"Leaf area per leaf dry mass (specific leaf area, SLA or 1/LMA): undefined if petiole is in- or excluded)",98092,try_5444,100,10,0.004081632653061225,0.020391061929523453,0.03697661772702559
137,Leaf mass per area,"Leaf area per leaf dry mass (specific leaf area, SLA or 1/LMA): undefined if petiole is in- or excluded)",98093,try_5445,76,8,0.007583656216977803,0.01785328111804739,0.08618468146027194
137,Leaf mass per area,"Leaf area per leaf dry mass (specific leaf area, SLA or 1/LMA): undefined if petiole is in- or excluded)",98094,try_5446,80,9,0.004358180519171237,0.013495024805369628,0.03893314859715971
137,Leaf mass per area,"Leaf area per leaf dry mass (specific leaf area, SLA or 1/LMA): undefined if petiole is in- or excluded)",98095,try_5447,60,6,0.010815047021943577,0.01958684020590885,0.03988028432472876
137,Leaf mass per area,"Leaf area per leaf dry mass (specific leaf area, SLA or 1/LMA): undefined if petiole is in- or excluded)",98096,try_5448,50,5,0.002451900516189583,0.007333662012229666,0.01417777777777777
137,Leaf mass per area,"Leaf area per leaf dry mass (specific leaf area, SLA or 1/LMA): undefined if petiole is in- or excluded)",98097,try_5449,40,4,0.00805258033106137,0.020398294882851806,0.03460936388216879
137,Leaf mass per area,"Leaf area per leaf dry mass (specific leaf area, SLA or 1/LMA): undefined if petiole is in- or excluded)",98098,try_5450,40,4,0.004598060681889269,0.023565613490986626,0.03857002295834703
137,Stem specific density,"Stem specific density (SSD, stem dry mass per stem fresh volume) or wood density",98087,try_5439,70,7,6.06494405771475e-4,0.00575735772871092,0.0111429327395177
137,Stem specific density,"Stem specific density (SSD, stem dry mass per stem fresh volume) or wood density",98088,try_5440,89,9,4.22505724690171e-4,0.00534930939911006,0.0083568417137278
137,Stem specific density,"Stem specific density (SSD, stem dry mass per stem fresh volume) or wood density",98089,try_5441,76,8,0.00247250263621826,0.005885011427338455,0.467593333459403
137,Stem specific density,"Stem specific density (SSD, stem dry mass per stem fresh volume) or wood density",98090,try_5442,64,6,0.00332495916281772,0.006331637776768895,0.0214200858094779
137,Stem specific density,"Stem specific density (SSD, stem dry mass per stem fresh volume) or wood density",98091,try_5443,89,9,0.00235435755797747,0.00582429203000239,2.95764460772953
137,Stem specific density,"Stem specific density (SSD, stem dry mass per stem fresh volume) or wood density",98092,try_5444,70,7,0.00175142404740051,0.00640454379568196,0.153087695797087
137,Stem specific density,"Stem specific density (SSD, stem dry mass per stem fresh volume) or wood density",98093,try_5445,65,7,0.00341914429997552,0.00615973164085946,0.0333917409694119
137,Stem specific density,"Stem specific density (SSD, stem dry mass per stem fresh volume) or wood density",98094,try_5446,60,6,5.51061212011983e-4,0.005381303674172645,0.0551079798474357
137,Stem specific density,"Stem specific density (SSD, stem dry mass per stem fresh volume) or wood density",98095,try_5447,30,3,0.0042308025442113,0.006417245338787495,0.0111588609790012
137,Stem specific density,"Stem specific density (SSD, stem dry mass per stem fresh volume) or wood density",98096,try_5448,40,4,0.00281623342171392,0.00478566487447952,0.00951554357828157
137,Stem specific density,"Stem specific density (SSD, stem dry mass per stem fresh volume) or wood density",98097,try_5449,40,4,0.00286488530864476,0.005209521053177155,0.0110978470198422
137,Stem specific density,"Stem specific density (SSD, stem dry mass per stem fresh volume) or wood density",98098,try_5450,20,2,0.00483079804407394,0.005955644880892379,0.010151155188638
142,Leaf mass per area,"Leaf area per leaf dry mass (specific leaf area, SLA or 1/LMA): petiole included",98104,try_5456,2,2,2.076054698887103e-5,2.440949478730629e-5,2.805844258574155e-5
142,Leaf mass per area,"Leaf area per leaf dry mass (specific leaf area, SLA or 1/LMA): petiole included",98105,try_5457,1,1,5.361591473537665e-5,5.361591473537665e-5,5.361591473537665e-5
142,Leaf mass per area,"Leaf area per leaf dry mass (specific leaf area, SLA or 1/LMA): petiole included",98106,try_5458,2,2,4.233493139859553e-5,5.2300351535284644e-5,6.226577167197376e-5
142,Leaf mass per area,"Leaf area per leaf dry mass (specific leaf area, SLA or 1/LMA): petiole included",98107,try_5459,2,2,1.6942480113503785e-5,2.8385494472261575e-5,3.9828508831019364e-5
142,Leaf mass per area,"Leaf area per leaf dry mass (specific leaf area, SLA or 1/LMA): petiole included",98108,try_5460,1,1,5.42438302996043e-5,5.42438302996043e-5,5.42438302996043e-5
142,Leaf mass per area,"Leaf area per leaf dry mass (specific leaf area, SLA or 1/LMA): petiole included",98109,try_5461,1,1,1.9303645239475468e-5,1.9303645239475468e-5,1.9303645239475468e-5
142,Leaf mass per area,"Leaf area per leaf dry mass (specific leaf area, SLA or 1/LMA): petiole included",98110,try_5462,2,2,2.2477137562819915e-5,3.170318145563185e-5,4.0929225348443784e-5
142,Leaf mass per area,"Leaf area per leaf dry mass (specific leaf area, SLA or 1/LMA): petiole included",98111,try_5463,2,2,1.3325613307298028e-5,5.640770941855754e-5,9.948980552981705e-5
142,Leaf mass per area,"Leaf area per leaf dry mass (specific leaf area, SLA or 1/LMA): petiole included",98112,try_5464,3,3,1.5869241541321334e-5,3.7133386393002865e-5,8.30203543834712e-5
142,Leaf mass per area,"Leaf area per leaf dry mass (specific leaf area, SLA or 1/LMA): petiole included",98113,try_5465,1,1,5.857017455205372e-5,5.857017455205372e-5,5.857017455205372e-5
142,Leaf mass per area,"Leaf area per leaf dry mass (specific leaf area, SLA or 1/LMA): petiole included",98114,try_5466,1,1,6.354385423478062e-5,6.354385423478062e-5,6.354385423478062e-5
142,Leaf mass per area,"Leaf area per leaf dry mass (specific leaf area, SLA or 1/LMA): petiole included",98115,try_5467,1,1,6.248240433543391e-5,6.248240433543391e-5,6.248240433543391e-5
142,Leaf mass per area,"Leaf area per leaf dry mass (specific leaf area, SLA or 1/LMA): petiole included",98116,try_5468,1,1,7.127853930140877e-5,7.127853930140877e-5,7.127853930140877e-5
142,Leaf mass per area,"Leaf area per leaf dry mass (specific leaf area, SLA or 1/LMA): petiole included",98117,try_5469,1,1,7.138690833746863e-5,7.138690833746863e-5,7.138690833746863e-5
142,Leaf mass per area,"Leaf area per leaf dry mass (specific leaf area, SLA or 1/LMA): petiole included",98118,try_5470,3,3,7.380275275891677e-5,8.08211657383518e-5,8.401992260402669e-5
142,Leaf mass per area,"Leaf area per leaf dry mass (specific leaf area, SLA or 1/LMA): petiole included",98119,try_5471,6,6,1.846591557425163e-5,4.6751935353781245e-5,6.063523089858219e-5
142,Leaf mass per area,"Leaf area per leaf dry mass (specific leaf area, SLA or 1/LMA): petiole included",98120,try_5472,3,3,3.5779747019333663e-5,5.884506226580517e-5,6.719805010565857e-5
142,Leaf mass per area,"Leaf area per leaf dry mass (specific leaf area, SLA or 1/LMA): petiole included",98121,try_5473,5,5,2.2243270697256647e-5,5.090154012385353e-5,6.471240413163033e-5
142,Leaf mass per area,"Leaf area per leaf dry mass (specific leaf area, SLA or 1/LMA): petiole included",98122,try_5474,1,1,9.6028784083536e-6,9.6028784083536e-6,9.6028784083536e-6
142,Leaf mass per area,"Leaf area per leaf dry mass (specific leaf area, SLA or 1/LMA): petiole included",98123,try_5475,1,1,8.96301939678883e-6,8.96301939678883e-6,8.96301939678883e-6
142,Leaf mass per area,"Leaf area per leaf dry mass (specific leaf area, SLA or 1/LMA): petiole included",98124,try_5476,3,3,8.031582526475287e-6,3.933473034817521e-5,4.7733037526639455e-5
142,Leaf mass per area,"Leaf area per leaf dry mass (specific leaf area, SLA or 1/LMA): petiole included",98125,try_5477,1,1,1.69449543331748e-5,1.69449543331748e-5,1.69449543331748e-5
142,Leaf mass per area,"Leaf area per leaf dry mass (specific leaf area, SLA or 1/LMA): petiole included",98126,try_5478,1,1,8.462999947708303e-6,8.462999947708303e-6,8.462999947708303e-6
142,Leaf mass per area,"Leaf area per leaf dry mass (specific leaf area, SLA or 1/LMA): petiole included",98127,try_5479,1,1,2.624072392074426e-5,2.624072392074426e-5,2.624072392074426e-5
142,Leaf mass per area,"Leaf area per leaf dry mass (specific leaf area, SLA or 1/LMA): petiole included",98128,try_5480,3,3,9.091990104042276e-6,4.5952834065820496e-05,5.9366863848837074e-5
142,Leaf mass per area,"Leaf area per leaf dry mass (specific leaf area, SLA or 1/LMA): petiole included",98129,try_5481,2,2,3.212866802709307e-5,3.393702499294297e-5,3.5745381958792866e-5
142,Leaf mass per area,"Leaf area per leaf dry mass (specific leaf area, SLA or 1/LMA): petiole included",98130,try_5482,2,2,5.833312460472016e-5,6.90536467566778e-5,7.977416890863544e-5
142,Leaf mass per area,"Leaf area per leaf dry mass (specific leaf area, SLA or 1/LMA): petiole included",98131,try_5483,1,1,5.646039276786051e-5,5.646039276786051e-5,5.646039276786051e-5
142,Leaf mass per area,"Leaf area per leaf dry mass (specific leaf area, SLA or 1/LMA): petiole included",98132,try_5484,1,1,5.1163738233887274e-5,5.1163738233887274e-5,5.1163738233887274e-5
142,Leaf mass per area,"Leaf area per leaf dry mass (specific leaf area, SLA or 1/LMA): petiole included",98133,try_5485,3,3,3.828340161006238e-5,4.869787443568945e-5,8.30203543834712e-5
142,Leaf mass per area,"Leaf area per leaf dry mass (specific leaf area, SLA or 1/LMA): petiole included",98134,try_5486,2,2,5.2343128769818935e-5,6.306292781354697e-5,7.3782726857275e-5
142,Leaf mass per area,"Leaf area per leaf dry mass (specific leaf area, SLA or 1/LMA): petiole included",98135,try_5487,3,3,3.07517345639842e-5,3.6065213498682195e-5,5.3651086818053e-5
142,Leaf mass per area,"Leaf area per leaf dry mass (specific leaf area, SLA or 1/LMA): petiole included",98136,try_5488,2,2,3.951006639978158e-5,3.955506423093206e-5,3.960006206208254e-5
142,Leaf mass per area,"Leaf area per leaf dry mass (specific leaf area, SLA or 1/LMA): petiole included",98137,try_5489,1,1,6.181066946653567e-5,6.181066946653567e-5,6.181066946653567e-5
142,Leaf mass per area,"Leaf area per leaf dry mass (specific leaf area, SLA or 1/LMA): petiole included",98138,try_5490,1,1,5.5641650959697975e-5,5.5641650959697975e-5,5.5641650959697975e-5
142,Leaf mass per area,"Leaf area per leaf dry mass (specific leaf area, SLA or 1/LMA): petiole included",98139,try_5491,1,1,4.4476628030493766e-5,4.4476628030493766e-5,4.4476628030493766e-5
142,Leaf mass per area,"Leaf area per leaf dry mass (specific leaf area, SLA or 1/LMA): petiole included",98140,try_5492,1,1,8.202496688244648e-5,8.202496688244648e-5,8.202496688244648e-5
142,Leaf mass per area,"Leaf area per leaf dry mass (specific leaf area, SLA or 1/LMA): petiole included",98141,try_5493,2,2,3.9612562895165835e-5,5.214041000841544e-5,6.466825712166505e-5
142,Leaf mass per area,"Leaf area per leaf dry mass (specific leaf area, SLA or 1/LMA): petiole included",98142,try_5494,2,2,5.562394473931356e-5,7.890711004041739e-5,1.0219027534152124e-4
142,Leaf mass per area,"Leaf area per leaf dry mass (specific leaf area, SLA or 1/LMA): petiole included",98143,try_5495,1,1,6.700527336710524e-5,6.700527336710524e-5,6.700527336710524e-5
142,Leaf mass per area,"Leaf area per leaf dry mass (specific leaf area, SLA or 1/LMA): petiole included",98144,try_5496,1,1,4.437693353798682e-5,4.437693353798682e-5,4.437693353798682e-5
142,Leaf mass per area,"Leaf area per leaf dry mass (specific leaf area, SLA or 1/LMA): petiole included",98145,try_5497,1,1,4.789406484508921e-5,4.789406484508921e-5,4.789406484508921e-5
142,Leaf mass per area,"Leaf area per leaf dry mass (specific leaf area, SLA or 1/LMA): petiole included",98146,try_5498,1,1,2.8328019396702483e-5,2.8328019396702483e-5,2.8328019396702483e-5
142,Leaf mass per area,"Leaf area per leaf dry mass (specific leaf area, SLA or 1/LMA): petiole included",98147,try_5499,1,1,4.401294134478046e-5,4.401294134478046e-5,4.401294134478046e-5
142,Leaf mass per area,"Leaf area per leaf dry mass (specific leaf area, SLA or 1/LMA): petiole included",98148,try_5500,1,1,6.732409394396451e-5,6.732409394396451e-5,6.732409394396451e-5
142,Leaf mass per area,"Leaf area per leaf dry mass (specific leaf area, SLA or 1/LMA): petiole included",98149,try_5501,1,1,7.14886538856935e-5,7.14886538856935e-5,7.14886538856935e-5
142,Leaf mass per area,"Leaf area per leaf dry mass (specific leaf area, SLA or 1/LMA): petiole included",98150,try_5502,1,1,4.9813901592736875e-5,4.9813901592736875e-5,4.9813901592736875e-5
142,Leaf nitrogen content per unit mass,Leaf nitrogen (N) content per leaf dry mass,98104,try_5456,2,2,40.2,44.2,48.2
142,Leaf nitrogen content per unit mass,Leaf nitrogen (N) content per leaf dry mass,98105,try_5457,1,1,36.9,36.9,36.9
142,Leaf nitrogen content per unit mass,Leaf nitrogen (N) content per leaf dry mass,98106,try_5458,2,2,27.3,42.1,56.9
142,Leaf nitrogen content per unit mass,Leaf nitrogen (N) content per leaf dry mass,98107,try_5459,2,2,40.7,45.7,50.7
142,Leaf nitrogen content per unit mass,Leaf nitrogen (N) content per leaf dry mass,98108,try_5460,1,1,49.6,49.6,49.6
142,Leaf nitrogen content per unit mass,Leaf nitrogen (N) content per leaf dry mass,98109,try_5461,1,1,30.2,30.2,30.2
142,Leaf nitrogen content per unit mass,Leaf nitrogen (N) content per leaf dry mass,98110,try_5462,2,2,24.5,27.8,31.1
142,Leaf nitrogen content per unit mass,Leaf nitrogen (N) content per leaf dry mass,98111,try_5463,2,2,37.1,38.150000000000006,39.2
142,Leaf nitrogen content per unit mass,Leaf nitrogen (N) content per leaf dry mass,98112,try_5464,3,3,24.5,38.8,52.5
142,Leaf nitrogen content per unit mass,Leaf nitrogen (N) content per leaf dry mass,98113,try_5465,1,1,29,29,29
142,Leaf nitrogen content per unit mass,Leaf nitrogen (N) content per leaf dry mass,98114,try_5466,1,1,28.3,28.3,28.3
142,Leaf nitrogen content per unit mass,Leaf nitrogen (N) content per leaf dry mass,98115,try_5467,1,1,30.2,30.2,30.2
142,Leaf nitrogen content per unit mass,Leaf nitrogen (N) content per leaf dry mass,98116,try_5468,1,1,24.8,24.8,24.8
142,Leaf nitrogen content per unit mass,Leaf nitrogen (N) content per leaf dry mass,98117,try_5469,1,1,29.7,29.7,29.7
142,Leaf nitrogen content per unit mass,Leaf nitrogen (N) content per leaf dry mass,98118,try_5470,3,3,13.5,26.6,28.5
142,Leaf nitrogen content per unit mass,Leaf nitrogen (N) content per leaf dry mass,98119,try_5471,6,6,24.4,28.85,35.1
142,Leaf nitrogen content per unit mass,Leaf nitrogen (N) content per leaf dry mass,98120,try_5472,3,3,18.2,26.8,37.3
142,Leaf nitrogen content per unit mass,Leaf nitrogen (N) content per leaf dry mass,98121,try_5473,5,5,24.4,34.9,45.5
142,Leaf nitrogen content per unit mass,Leaf nitrogen (N) content per leaf dry mass,98122,try_5474,1,1,51.1,51.1,51.1
142,Leaf nitrogen content per unit mass,Leaf nitrogen (N) content per leaf dry mass,98123,try_5475,1,1,50.9,50.9,50.9
142,Leaf nitrogen content per unit mass,Leaf nitrogen (N) content per leaf dry mass,98124,try_5476,3,3,26.5,32.3,50.8
142,Leaf nitrogen content per unit mass,Leaf nitrogen (N) content per leaf dry mass,98125,try_5477,1,1,41.5,41.5,41.5
142,Leaf nitrogen content per unit mass,Leaf nitrogen (N) content per leaf dry mass,98126,try_5478,1,1,49.4,49.4,49.4
142,Leaf nitrogen content per unit mass,Leaf nitrogen (N) content per leaf dry mass,98127,try_5479,1,1,55.2,55.2,55.2
142,Leaf nitrogen content per unit mass,Leaf nitrogen (N) content per leaf dry mass,98128,try_5480,3,3,24.1,31.8,43
142,Leaf nitrogen content per unit mass,Leaf nitrogen (N) content per leaf dry mass,98129,try_5481,2,2,31.7,35.05,38.4
142,Leaf nitrogen content per unit mass,Leaf nitrogen (N) content per leaf dry mass,98130,try_5482,2,2,27.6,29.35,31.1
142,Leaf nitrogen content per unit mass,Leaf nitrogen (N) content per leaf dry mass,98131,try_5483,1,1,27.2,27.2,27.2
142,Leaf nitrogen content per unit mass,Leaf nitrogen (N) content per leaf dry mass,98132,try_5484,1,1,32.2,32.2,32.2
142,Leaf nitrogen content per unit mass,Leaf nitrogen (N) content per leaf dry mass,98133,try_5485,3,3,31.1,32.8,38.8
142,Leaf nitrogen content per unit mass,Leaf nitrogen (N) content per leaf dry mass,98134,try_5486,2,2,21.1,23.5,25.9
142,Leaf nitrogen content per unit mass,Leaf nitrogen (N) content per leaf dry mass,98135,try_5487,3,3,34.7,35.3,39.1
142,Leaf nitrogen content per unit mass,Leaf nitrogen (N) content per leaf dry mass,98136,try_5488,2,2,45.3,46.2,47.1
142,Leaf nitrogen content per unit mass,Leaf nitrogen (N) content per leaf dry mass,98137,try_5489,1,1,24.2,24.2,24.2
142,Leaf nitrogen content per unit mass,Leaf nitrogen (N) content per leaf dry mass,98138,try_5490,1,1,28.2,28.2,28.2
142,Leaf nitrogen content per unit mass,Leaf nitrogen (N) content per leaf dry mass,98139,try_5491,1,1,32.7,32.7,32.7
142,Leaf nitrogen content per unit mass,Leaf nitrogen (N) content per leaf dry mass,98140,try_5492,1,1,34.8,34.8,34.8
142,Leaf nitrogen content per unit mass,Leaf nitrogen (N) content per leaf dry mass,98141,try_5493,2,2,30.3,35.2,40.1
142,Leaf nitrogen content per unit mass,Leaf nitrogen (N) content per leaf dry mass,98142,try_5494,2,2,23.5,25.65,27.8
142,Leaf nitrogen content per unit mass,Leaf nitrogen (N) content per leaf dry mass,98143,try_5495,1,1,24.3,24.3,24.3
142,Leaf nitrogen content per unit mass,Leaf nitrogen (N) content per leaf dry mass,98144,try_5496,1,1,44.5,44.5,44.5
142,Leaf nitrogen content per unit mass,Leaf nitrogen (N) content per leaf dry mass,98145,try_5497,1,1,31.6,31.6,31.6
142,Leaf nitrogen content per unit mass,Leaf nitrogen (N) content per leaf dry mass,98146,try_5498,1,1,43.6,43.6,43.6
142,Leaf nitrogen content per unit mass,Leaf nitrogen (N) content per leaf dry mass,98147,try_5499,1,1,29.8,29.8,29.8
142,Leaf nitrogen content per unit mass,Leaf nitrogen (N) content per leaf dry mass,98148,try_5500,1,1,30.1,30.1,30.1
142,Leaf nitrogen content per unit mass,Leaf nitrogen (N) content per leaf dry mass,98149,try_5501,1,1,32.4,32.4,32.4
142,Leaf nitrogen content per unit mass,Leaf nitrogen (N) content per leaf dry mass,98150,try_5502,1,1,37.7,37.7,37.7
154,Leaf nitrogen content per unit mass,Leaf nitrogen (N) content per leaf dry mass,99598,try_6950,90,2,0.0117,0.02555,0.0402
154,Leaf nitrogen content per unit mass,Leaf nitrogen (N) content per leaf dry mass,99613,try_6965,87,10,0.008976,0.02442,0.035795
154,Leaf nitrogen content per unit mass,Leaf nitrogen (N) content per leaf dry mass,104008,try_11360,26,1,0.00439,0.008875000000000001,0.01138
154,Leaf nitrogen content per unit mass,Leaf nitrogen (N) content per leaf dry mass,104009,try_11361,26,1,0.00526,0.00826,0.01252
154,Leaf nitrogen content per unit mass,Leaf nitrogen (N) content per leaf dry mass,104010,try_11362,297,2,0.0127,0.02426,0.0349
155,Leaf nitrogen content per unit mass,Leaf nitrogen (N) content per leaf dry mass,107679,try_15031,18,18,10.91828465,25.63288808,48.13047409
155,Leaf nitrogen content per unit mass,Leaf nitrogen (N) content per leaf dry mass,107681,try_15033,13,13,16.1712122,26.69187069,51.24022484
155,Leaf nitrogen content per unit mass,Leaf nitrogen (N) content per leaf dry mass,107682,try_15034,49,49,10.7,20.45,40.75
155,Leaf nitrogen content per unit mass,Leaf nitrogen (N) content per leaf dry mass,107685,try_15037,10,10,13.61912489,24.788835050000003,35.78909397
155,Leaf nitrogen content per unit mass,Leaf nitrogen (N) content per leaf dry mass,107687,try_15039,3,3,18.97308588,22.09981918,23.45126629
155,Leaf nitrogen content per unit mass,Leaf nitrogen (N) content per leaf dry mass,107688,try_15040,3,3,18.99891853,21.64658785,22.45078325
155,Leaf nitrogen content per unit mass,Leaf nitrogen (N) content per leaf dry mass,107689,try_15041,34,7,25.06,30.13,44.3
155,Leaf nitrogen content per unit mass,Leaf nitrogen (N) content per leaf dry mass,107691,try_15043,170,26,9,25.05,69.3
155,Leaf nitrogen content per unit mass,Leaf nitrogen (N) content per leaf dry mass,107692,try_15044,5,1,21.58,24.47,27.24
155,Leaf nitrogen content per unit mass,Leaf nitrogen (N) content per leaf dry mass,107696,try_15048,126,20,6.8,16.2,32.1
155,Leaf nitrogen content per unit mass,Leaf nitrogen (N) content per leaf dry mass,107697,try_15049,25,5,11.98,21.7,49.52
155,Leaf nitrogen content per unit mass,Leaf nitrogen (N) content per leaf dry mass,107698,try_15050,2,2,12.40577817,20.570616125,28.73545408
155,Leaf nitrogen content per unit mass,Leaf nitrogen (N) content per leaf dry mass,107699,try_15051,5,5,17.28537917,27.07934618,35.38933277
155,Leaf nitrogen content per unit mass,Leaf nitrogen (N) content per leaf dry mass,107700,try_15052,96,20,7.06,30.395,55.01
155,Leaf nitrogen content per unit mass,Leaf nitrogen (N) content per leaf dry mass,107701,try_15053,15,3,12.3,22.54,31
155,Leaf nitrogen content per unit mass,Leaf nitrogen (N) content per leaf dry mass,107703,try_15055,96,16,9,17.05,53.7
155,Leaf nitrogen content per unit mass,Leaf nitrogen (N) content per leaf dry mass,107704,try_15056,2,1,13.41,13.65,13.89
155,Leaf nitrogen content per unit mass,Leaf nitrogen (N) content per leaf dry mass,107705,try_15057,8,2,14.15,18.11,25.39
155,Leaf nitrogen content per unit mass,Leaf nitrogen (N) content per leaf dry mass,107709,try_15061,2,2,34.71324205,36.499512194999994,38.28578234
155,Leaf nitrogen content per unit mass,Leaf nitrogen (N) content per leaf dry mass,107710,try_15062,13,13,11.49891257,25.07696152,40.52056313
155,Leaf nitrogen content per unit mass,Leaf nitrogen (N) content per leaf dry mass,107712,try_15064,20,1,24.63,28.085,31.6
155,Leaf nitrogen content per unit mass,Leaf nitrogen (N) content per leaf dry mass,107713,try_15065,36,1,17.1,22.47942448,25.81607342
155,Leaf nitrogen content per unit mass,Leaf nitrogen (N) content per leaf dry mass,107715,try_15067,3,1,28.49158287,31.47019863,32.9461956
155,Leaf nitrogen content per unit mass,Leaf nitrogen (N) content per leaf dry mass,107716,try_15068,3,1,25.44411182,26.72364473,26.81343079
155,Leaf nitrogen content per unit mass,Leaf nitrogen (N) content per leaf dry mass,107717,try_15069,3,1,18.96506667,20.35042048,22.93049812
155,Leaf nitrogen content per unit mass,Leaf nitrogen (N) content per leaf dry mass,107718,try_15070,3,1,20.6369853,23.31257343,24.64887619
155,Leaf nitrogen content per unit mass,Leaf nitrogen (N) content per leaf dry mass,107719,try_15071,3,1,19.36834574,19.54980135,23.0397296
155,Leaf nitrogen content per unit mass,Leaf nitrogen (N) content per leaf dry mass,107721,try_15073,78,12,11,19.75,43.8
155,Leaf nitrogen content per unit mass,Leaf nitrogen (N) content per leaf dry mass,107745,try_15097,29,6,8.39,34.35,50.3
155,Leaf nitrogen content per unit mass,Leaf nitrogen (N) content per leaf dry mass,107746,try_15098,40,8,7.98,24.32,35.79
155,Leaf nitrogen content per unit mass,Leaf nitrogen (N) content per leaf dry mass,107747,try_15099,20,4,6.26,19.84,37.17
155,Leaf nitrogen content per unit mass,Leaf nitrogen (N) content per leaf dry mass,107749,try_15101,5,1,17,18.97,23.21
155,Leaf nitrogen content per unit mass,Leaf nitrogen (N) content per leaf dry mass,107750,try_15102,15,15,19.48775411,30.24299383,44.3691349
155,Leaf nitrogen content per unit mass,Leaf nitrogen (N) content per leaf dry mass,107754,try_15106,13,13,8.83800387,24.7503826,40.8821249
155,Leaf nitrogen content per unit mass,Leaf nitrogen (N) content per leaf dry mass,107755,try_15107,2,2,24.7503826,30.19859736,35.64681212
155,Leaf nitrogen content per unit mass,Leaf nitrogen (N) content per leaf dry mass,107756,try_15108,10,2,16.59,18.305,22.15
155,Leaf nitrogen content per unit mass,Leaf nitrogen (N) content per leaf dry mass,107760,try_15112,2,2,21.37471199,27.74331093,34.11190987
155,Leaf nitrogen content per unit mass,Leaf nitrogen (N) content per leaf dry mass,107762,try_15114,5,5,27.09058285,30.96157789,39.89390612
155,Leaf nitrogen content per unit mass,Leaf nitrogen (N) content per leaf dry mass,107765,try_15117,3,3,25.1622057,25.84298849,28.28318834
155,Leaf nitrogen content per unit mass,Leaf nitrogen (N) content per leaf dry mass,107769,try_15121,2,2,19.48775411,21.86628759,24.24482107
155,Leaf nitrogen content per unit mass,Leaf nitrogen (N) content per leaf dry mass,107770,try_15122,3,1,21.6,22.65,25.95
155,Leaf nitrogen content per unit mass,Leaf nitrogen (N) content per leaf dry mass,107771,try_15123,3,1,19.45,23.65,24.35
155,Leaf nitrogen content per unit mass,Leaf nitrogen (N) content per leaf dry mass,107772,try_15124,3,1,22.15,23.35,26.1
155,Leaf nitrogen content per unit mass,Leaf nitrogen (N) content per leaf dry mass,107773,try_15125,5,1,11.46,14.17,15
155,Leaf nitrogen content per unit mass,Leaf nitrogen (N) content per leaf dry mass,107778,try_15130,5,1,19.92,22.74,30.67
155,Leaf nitrogen content per unit mass,Leaf nitrogen (N) content per leaf dry mass,107780,try_15132,25,4,8.39,17.59,26.8
155,Leaf nitrogen content per unit mass,Leaf nitrogen (N) content per leaf dry mass,107781,try_15133,10,2,23.7,32.38,39.65
155,Leaf nitrogen content per unit mass,Leaf nitrogen (N) content per leaf dry mass,107782,try_15134,10,2,16.41,20.465,26.51
155,Leaf nitrogen content per unit mass,Leaf nitrogen (N) content per leaf dry mass,107784,try_15136,5,1,33.87,36.44,39.03
155,Leaf nitrogen content per unit mass,Leaf nitrogen (N) content per leaf dry mass,107785,try_15137,3,3,20.86555566,27.47628927,32.96784401
155,Leaf nitrogen content per unit mass,Leaf nitrogen (N) content per leaf dry mass,107786,try_15138,10,2,19.12,23.195,24.21
155,Leaf nitrogen content per unit mass,Leaf nitrogen (N) content per leaf dry mass,107787,try_15139,20,4,22.02,26.695,33.62
155,Leaf nitrogen content per unit mass,Leaf nitrogen (N) content per leaf dry mass,107788,try_15140,8,2,15.54,23.240000000000002,28.09
155,Leaf nitrogen content per unit mass,Leaf nitrogen (N) content per leaf dry mass,107789,try_15141,5,1,15.45,16.87,19.7
155,Leaf nitrogen content per unit mass,Leaf nitrogen (N) content per leaf dry mass,107790,try_15142,1,1,48.96557808,48.96557808,48.96557808
155,Leaf nitrogen content per unit mass,Leaf nitrogen (N) content per leaf dry mass,107791,try_15143,5,1,17.8,20.54,21.73
155,Leaf nitrogen content per unit mass,Leaf nitrogen (N) content per leaf dry mass,107792,try_15144,3,3,11.43921614,12.95209408,35.64681212
155,Leaf nitrogen content per unit mass,Leaf nitrogen (N) content per leaf dry mass,107793,try_15145,4,4,24.06562805,26.042498350000002,27.89461613
155,Leaf nitrogen content per unit mass,Leaf nitrogen (N) content per leaf dry mass,107794,try_15146,5,1,10.52,12.31,14.97
155,Leaf nitrogen content per unit mass,Leaf nitrogen (N) content per leaf dry mass,107795,try_15147,5,1,16.29,21.2,23.87
155,Leaf nitrogen content per unit mass,Leaf nitrogen (N) content per leaf dry mass,107796,try_15148,1,1,35.64681212,35.64681212,35.64681212
155,Leaf nitrogen content per unit mass,Leaf nitrogen (N) content per leaf dry mass,107797,try_15149,5,1,13.25,13.64,17.15
155,Leaf nitrogen content per unit mass,Leaf nitrogen (N) content per leaf dry mass,107798,try_15150,5,1,8.27,8.84,10.18
155,Leaf nitrogen content per unit mass,Leaf nitrogen (N) content per leaf dry mass,107800,try_15152,6,2,26.59,34.04,42.16
155,Leaf nitrogen content per unit mass,Leaf nitrogen (N) content per leaf dry mass,107804,try_15156,5,1,14.54,19.06,21.35
157,Leaf nitrogen content per unit mass,Leaf nitrogen (N) content per leaf dry mass,100349,try_7701,12,12,10.03,12.23,23.14
157,Leaf nitrogen content per unit mass,Leaf nitrogen (N) content per leaf dry mass,107815,try_15167,34,34,8.84,13.49,31.67
157,Leaf nitrogen content per unit mass,Leaf nitrogen (N) content per leaf dry mass,107816,try_15168,11,11,9,15.5,28.1
157,Leaf nitrogen content per unit mass,Leaf nitrogen (N) content per leaf dry mass,107817,try_15169,30,30,9.43,17.01,35.55
157,Leaf nitrogen content per unit mass,Leaf nitrogen (N) content per leaf dry mass,107818,try_15170,14,14,9.88,17.92,29.38
157,Leaf nitrogen content per unit mass,Leaf nitrogen (N) content per leaf dry mass,107819,try_15171,18,18,10,19.950000000000003,39.9
157,Leaf nitrogen content per unit mass,Leaf nitrogen (N) content per leaf dry mass,107820,try_15172,15,15,12.95,22.45,40.5
157,Leaf nitrogen content per unit mass,Leaf nitrogen (N) content per leaf dry mass,107821,try_15173,1,1,15.34,15.34,15.34
157,Leaf nitrogen content per unit mass,Leaf nitrogen (N) content per leaf dry mass,107822,try_15174,7,7,15.41,21.71,30.53
157,Leaf nitrogen content per unit mass,Leaf nitrogen (N) content per leaf dry mass,107823,try_15175,14,14,16.25,20.729999999999997,28.29
157,Leaf nitrogen content per unit mass,Leaf nitrogen (N) content per leaf dry mass,107824,try_15176,1,1,20.567,20.567,20.567
160,Leaf nitrogen content per unit mass,Leaf nitrogen (N) content per leaf dry mass,100500,try_7852,35,7,6.3788,11.093,16.685
160,Leaf nitrogen content per unit mass,Leaf nitrogen (N) content per leaf dry mass,100501,try_7853,25,5,7.1445,13.935,19.813
160,Leaf nitrogen content per unit mass,Leaf nitrogen (N) content per leaf dry mass,100502,try_7854,15,3,8.8331,12.17291578,18.687
160,Leaf nitrogen content per unit mass,Leaf nitrogen (N) content per leaf dry mass,100503,try_7855,25,5,11.758,16.52741758,30.96644559
160,Leaf nitrogen content per unit mass,Leaf nitrogen (N) content per leaf dry mass,100504,try_7856,15,3,8.4937,12.89,16.305
160,Leaf nitrogen content per unit mass,Leaf nitrogen (N) content per leaf dry mass,100505,try_7857,15,3,9.1341,11.945,13.357
160,Leaf nitrogen content per unit mass,Leaf nitrogen (N) content per leaf dry mass,100506,try_7858,15,3,8.1027,10.269,14.282
160,Leaf nitrogen content per unit mass,Leaf nitrogen (N) content per leaf dry mass,100507,try_7859,15,3,9.0291,11.614,13.747
160,Leaf nitrogen content per unit mass,Leaf nitrogen (N) content per leaf dry mass,100508,try_7860,15,5,11.317,14.278,20.309
160,Leaf nitrogen content per unit mass,Leaf nitrogen (N) content per leaf dry mass,100509,try_7861,1,1,6.5953,6.5953,6.5953
160,Leaf nitrogen content per unit mass,Leaf nitrogen (N) content per leaf dry mass,100510,try_7862,20,5,8.8317,13.255500000000001,19.141
160,Leaf nitrogen content per unit mass,Leaf nitrogen (N) content per leaf dry mass,100511,try_7863,15,3,7.8243,13.264,21.058
160,Leaf nitrogen content per unit mass,Leaf nitrogen (N) content per leaf dry mass,100512,try_7864,15,3,8.3978,13.862,22.739
160,Leaf nitrogen content per unit mass,Leaf nitrogen (N) content per leaf dry mass,100513,try_7865,21,5,7.5541,13.004,19.369
160,Leaf nitrogen content per unit mass,Leaf nitrogen (N) content per leaf dry mass,100514,try_7866,25,5,7.0945,12.14284562,20.94377188
160,Leaf nitrogen content per unit mass,Leaf nitrogen (N) content per leaf dry mass,100515,try_7867,25,5,11.794,16.0159038,25.4896098
160,Leaf nitrogen content per unit mass,Leaf nitrogen (N) content per leaf dry mass,100516,try_7868,15,3,8.3987,13.306,17.55686581
160,Leaf nitrogen content per unit mass,Leaf nitrogen (N) content per leaf dry mass,100517,try_7869,25,5,8.2027,11.329,16.711
160,Leaf nitrogen content per unit mass,Leaf nitrogen (N) content per leaf dry mass,100518,try_7870,15,3,7.855225853,11.58788528,15.06885424
160,Leaf nitrogen content per unit mass,Leaf nitrogen (N) content per leaf dry mass,100519,try_7871,30,6,7.7535,12.289,22.30174465
160,Leaf nitrogen content per unit mass,Leaf nitrogen (N) content per leaf dry mass,100520,try_7872,10,2,6.8981,9.046,10.52
160,Leaf nitrogen content per unit mass,Leaf nitrogen (N) content per leaf dry mass,100521,try_7873,25,5,6.8188,10.986,19.883
160,Leaf nitrogen content per unit mass,Leaf nitrogen (N) content per leaf dry mass,100522,try_7874,15,3,7.6884,12.18866667,17.3815
160,Leaf nitrogen content per unit mass,Leaf nitrogen (N) content per leaf dry mass,100523,try_7875,25,5,7.7764,12.37,19.606
160,Leaf nitrogen content per unit mass,Leaf nitrogen (N) content per leaf dry mass,100524,try_7876,10,2,11.794,15.01725,16.946
160,Leaf nitrogen content per unit mass,Leaf nitrogen (N) content per leaf dry mass,100525,try_7877,25,5,7.7681,12.082,21.5526659
160,Leaf nitrogen content per unit mass,Leaf nitrogen (N) content per leaf dry mass,100526,try_7878,10,2,10.63794641,14.667508545,16.99719697
160,Leaf nitrogen content per unit mass,Leaf nitrogen (N) content per leaf dry mass,100527,try_7879,12,3,14.17959075,18.76980083,24.18621277
160,Leaf nitrogen content per unit mass,Leaf nitrogen (N) content per leaf dry mass,100528,try_7880,17,4,8.4881,10.152,20.0795
160,Leaf nitrogen content per unit mass,Leaf nitrogen (N) content per leaf dry mass,100529,try_7881,5,1,14.411,15.428,16.278
160,Leaf nitrogen content per unit mass,Leaf nitrogen (N) content per leaf dry mass,100530,try_7882,5,1,19.425,19.955,21.953
160,Leaf nitrogen content per unit mass,Leaf nitrogen (N) content per leaf dry mass,100531,try_7883,5,1,17.501,18.406,18.956
160,Leaf nitrogen content per unit mass,Leaf nitrogen (N) content per leaf dry mass,100532,try_7884,5,1,14.368,17.667,19.278
160,Leaf nitrogen content per unit mass,Leaf nitrogen (N) content per leaf dry mass,100533,try_7885,5,1,13.871,16.379,17.438
160,Leaf nitrogen content per unit mass,Leaf nitrogen (N) content per leaf dry mass,100534,try_7886,15,3,7.1206,10.177,12.896
160,Leaf nitrogen content per unit mass,Leaf nitrogen (N) content per leaf dry mass,100535,try_7887,5,1,10.119,13.932,16.165
160,Leaf nitrogen content per unit mass,Leaf nitrogen (N) content per leaf dry mass,100536,try_7888,10,2,14.278,16.396,17.653
160,Leaf nitrogen content per unit mass,Leaf nitrogen (N) content per leaf dry mass,100537,try_7889,5,1,14.256,15.846,16.448
160,Leaf nitrogen content per unit mass,Leaf nitrogen (N) content per leaf dry mass,100538,try_7890,20,4,7.6088,11.0435,15.29250775
160,Leaf nitrogen content per unit mass,Leaf nitrogen (N) content per leaf dry mass,100539,try_7891,10,2,9.2962,14.967500000000001,19.329
160,Leaf nitrogen content per unit mass,Leaf nitrogen (N) content per leaf dry mass,100540,try_7892,10,2,11.3115,13.564250000000001,18.687
160,Leaf nitrogen content per unit mass,Leaf nitrogen (N) content per leaf dry mass,100541,try_7893,5,1,16.663,17.364,21.463
160,Leaf nitrogen content per unit mass,Leaf nitrogen (N) content per leaf dry mass,100542,try_7894,5,1,16.074,18.151,21.545
160,Leaf nitrogen content per unit mass,Leaf nitrogen (N) content per leaf dry mass,100543,try_7895,15,3,12.2539233,18.219,28.63092505
160,Leaf nitrogen content per unit mass,Leaf nitrogen (N) content per leaf dry mass,100544,try_7896,15,3,10.679,15.95811773,20.35628012
160,Leaf nitrogen content per unit mass,Leaf nitrogen (N) content per leaf dry mass,100545,try_7897,10,2,8.79215,9.883575,12.278
160,Leaf nitrogen content per unit mass,Leaf nitrogen (N) content per leaf dry mass,100546,try_7898,10,2,10.106,11.7925,19.747
160,Leaf nitrogen content per unit mass,Leaf nitrogen (N) content per leaf dry mass,100547,try_7899,10,2,10.592,11.992,14.495
160,Leaf nitrogen content per unit mass,Leaf nitrogen (N) content per leaf dry mass,100548,try_7900,10,2,9.7128,15.593,17.902
160,Leaf nitrogen content per unit mass,Leaf nitrogen (N) content per leaf dry mass,100549,try_7901,4,1,10.534,14.6061911,18.71793788
160,Leaf nitrogen content per unit mass,Leaf nitrogen (N) content per leaf dry mass,100550,try_7902,5,1,12.659,13.618,15.167
160,Leaf nitrogen content per unit mass,Leaf nitrogen (N) content per leaf dry mass,100551,try_7903,10,2,13.78241849,16.744115360000002,19.84048589
160,Leaf nitrogen content per unit mass,Leaf nitrogen (N) content per leaf dry mass,100552,try_7904,10,2,9.0057,11.6905,15.13734144
160,Leaf nitrogen content per unit mass,Leaf nitrogen (N) content per leaf dry mass,100553,try_7905,5,1,13.57979269,16.76284233,17.69812066
160,Leaf nitrogen content per unit mass,Leaf nitrogen (N) content per leaf dry mass,100554,try_7906,5,1,11.448,14.954,18.287
160,Leaf nitrogen content per unit mass,Leaf nitrogen (N) content per leaf dry mass,100555,try_7907,10,2,10.31,11.867,13.265
160,Leaf nitrogen content per unit mass,Leaf nitrogen (N) content per leaf dry mass,100556,try_7908,10,2,8.6235,9.750399999999999,11.171
160,Leaf nitrogen content per unit mass,Leaf nitrogen (N) content per leaf dry mass,100557,try_7909,5,1,9.7275,10.197,11.93
160,Leaf nitrogen content per unit mass,Leaf nitrogen (N) content per leaf dry mass,100558,try_7910,5,1,9.1921,11.499,12.55
160,Leaf nitrogen content per unit mass,Leaf nitrogen (N) content per leaf dry mass,100559,try_7911,5,1,8.2447,9.2437,10.642
160,Leaf nitrogen content per unit mass,Leaf nitrogen (N) content per leaf dry mass,100560,try_7912,5,1,9.9218,11.64,14.214
160,Leaf nitrogen content per unit mass,Leaf nitrogen (N) content per leaf dry mass,100561,try_7913,5,1,10.598,11.218,13.46
160,Leaf nitrogen content per unit mass,Leaf nitrogen (N) content per leaf dry mass,100562,try_7914,5,1,10.727,12.447,12.943
160,Leaf nitrogen content per unit mass,Leaf nitrogen (N) content per leaf dry mass,100563,try_7915,5,1,9.5959,12.012,12.248
160,Leaf nitrogen content per unit mass,Leaf nitrogen (N) content per leaf dry mass,100564,try_7916,5,1,9.2091,10.459,11.501
184,Leaf nitrogen content per unit mass,Leaf nitrogen (N) content per leaf dry mass,101461,try_8813,12,12,9,16.35,28.1
206,Leaf nitrogen content per unit mass,Leaf nitrogen (N) content per leaf dry mass,102345,try_9697,27,19,0.58,1,2.14
206,Leaf nitrogen content per unit mass,Leaf nitrogen (N) content per leaf dry mass,102346,try_9698,6,6,0.8,1.03,1.73
206,Leaf nitrogen content per unit mass,Leaf nitrogen (N) content per leaf dry mass,102347,try_9699,5,5,0.84,1.01,1.1
206,Leaf nitrogen content per unit mass,Leaf nitrogen (N) content per leaf dry mass,102391,try_9743,7,7,0.876,1.197,2.4163
208,Leaf mass per area,"Leaf area per leaf dry mass (specific leaf area, SLA or 1/LMA): undefined if petiole is in- or excluded)",102438,try_9790,57,13,0.02312500173437513,0.06896152222905708,0.6821980420916192
208,Leaf mass per area,"Leaf area per leaf dry mass (specific leaf area, SLA or 1/LMA): undefined if petiole is in- or excluded)",102439,try_9791,20,7,0.05339028296849973,0.0831255195344971,0.16
208,Leaf mass per area,"Leaf area per leaf dry mass (specific leaf area, SLA or 1/LMA): undefined if petiole is in- or excluded)",102440,try_9792,5,1,0.03333333333333333,0.03333333333333333,0.03333333333333333
208,Leaf mass per area,"Leaf area per leaf dry mass (specific leaf area, SLA or 1/LMA): undefined if petiole is in- or excluded)",102442,try_9794,11,2,0.058105752469494475,0.0646830530401035,0.1631321370309951
208,Leaf mass per area,"Leaf area per leaf dry mass (specific leaf area, SLA or 1/LMA): undefined if petiole is in- or excluded)",102443,try_9795,11,1,0.038834951456310676,0.07401924500370097,0.09337068160597571
208,Leaf mass per area,"Leaf area per leaf dry mass (specific leaf area, SLA or 1/LMA): undefined if petiole is in- or excluded)",102444,try_9796,23,2,0.054824561403508776,0.0791765637371338,0.4081632653061224
208,Leaf mass per area,"Leaf area per leaf dry mass (specific leaf area, SLA or 1/LMA): undefined if petiole is in- or excluded)",102445,try_9797,4,1,0.2610966057441253,0.32969242818737965,0.38910505836575876
208,Leaf mass per area,"Leaf area per leaf dry mass (specific leaf area, SLA or 1/LMA): undefined if petiole is in- or excluded)",102446,try_9798,10,1,0.24937655860349128,0.3044711378044711,0.3546099290780142
208,Leaf mass per area,"Leaf area per leaf dry mass (specific leaf area, SLA or 1/LMA): undefined if petiole is in- or excluded)",102447,try_9799,30,3,0.03652300949598247,0.0637357950217835,0.08680555555555555
208,Leaf mass per area,"Leaf area per leaf dry mass (specific leaf area, SLA or 1/LMA): undefined if petiole is in- or excluded)",102448,try_9800,10,4,0.07042253521126761,0.18524871355060035,0.2331002331002331
208,Leaf mass per area,"Leaf area per leaf dry mass (specific leaf area, SLA or 1/LMA): undefined if petiole is in- or excluded)",102450,try_9802,5,1,0.05099439061703213,0.05743825387708214,0.11961722488038279
208,Leaf mass per area,"Leaf area per leaf dry mass (specific leaf area, SLA or 1/LMA): undefined if petiole is in- or excluded)",102451,try_9803,8,1,0.0338409475465313,0.04222499364717473,0.05047955577990914
208,Leaf mass per area,"Leaf area per leaf dry mass (specific leaf area, SLA or 1/LMA): undefined if petiole is in- or excluded)",102452,try_9804,3,1,0.1388888888888889,0.14124293785310735,0.1923076923076923
208,Leaf mass per area,"Leaf area per leaf dry mass (specific leaf area, SLA or 1/LMA): undefined if petiole is in- or excluded)",102453,try_9805,10,10,0.05500550055005501,0.09651162790697675,0.11001100110011001
208,Leaf mass per area,"Leaf area per leaf dry mass (specific leaf area, SLA or 1/LMA): undefined if petiole is in- or excluded)",102454,try_9806,4,1,0.03409478349812479,0.0507266369349786,0.07987220447284345
208,Leaf mass per area,"Leaf area per leaf dry mass (specific leaf area, SLA or 1/LMA): undefined if petiole is in- or excluded)",102460,try_9812,22,11,0.04399999999472,0.07099999998661999,0.5624999999296876
208,Leaf mass per area,"Leaf area per leaf dry mass (specific leaf area, SLA or 1/LMA): undefined if petiole is in- or excluded)",102469,try_9821,20,10,0.05847953216374269,0.08333912077227584,0.3663003663003663
208,Leaf mass per area,"Leaf area per leaf dry mass (specific leaf area, SLA or 1/LMA): undefined if petiole is in- or excluded)",102470,try_9822,28,14,0.02178649237472767,0.07125000000000001,0.20449897750511248
208,Leaf mass per area,"Leaf area per leaf dry mass (specific leaf area, SLA or 1/LMA): undefined if petiole is in- or excluded)",102471,try_9823,20,10,0.08064516129032258,0.22360083438287154,0.8264462809917356
208,Leaf mass per area,"Leaf area per leaf dry mass (specific leaf area, SLA or 1/LMA): undefined if petiole is in- or excluded)",102472,try_9824,20,10,0.08090614886731393,0.1265245366368962,0.2785515320334262
208,Leaf mass per area,"Leaf area per leaf dry mass (specific leaf area, SLA or 1/LMA): undefined if petiole is in- or excluded)",102474,try_9826,85,43,0.023529411764705882,0.08703220191470844,0.3333333333333333
208,Leaf mass per area,"Leaf area per leaf dry mass (specific leaf area, SLA or 1/LMA): undefined if petiole is in- or excluded)",102482,try_9834,37,1,0.03666666667033333,0.056666666677999994,0.07042253521126761
208,Leaf mass per area,"Leaf area per leaf dry mass (specific leaf area, SLA or 1/LMA): undefined if petiole is in- or excluded)",102486,try_9838,95,5,0.0444000000049728,0.0817999999685888,0.364000000033488
208,Leaf mass per area,"Leaf area per leaf dry mass (specific leaf area, SLA or 1/LMA): undefined if petiole is in- or excluded)",102491,try_9843,13,13,0.03672420124862284,0.06253908692933083,0.08650519031141868
208,Leaf mass per area,"Leaf area per leaf dry mass (specific leaf area, SLA or 1/LMA): undefined if petiole is in- or excluded)",102492,try_9844,7,7,0.04288164665523156,0.061919504643962855,0.07473841554559042
208,Leaf mass per area,"Leaf area per leaf dry mass (specific leaf area, SLA or 1/LMA): undefined if petiole is in- or excluded)",102493,try_9845,13,13,0.03702332469455757,0.05714285714285714,0.08517887563884156
208,Leaf nitrogen content per unit mass,Leaf nitrogen (N) content per leaf dry mass,102438,try_9790,56,13,9,24.6,56
208,Leaf nitrogen content per unit mass,Leaf nitrogen (N) content per leaf dry mass,102439,try_9791,20,7,11.29,13.82,22.78
208,Leaf nitrogen content per unit mass,Leaf nitrogen (N) content per leaf dry mass,102440,try_9792,5,1,28.2,37.5,42.3
208,Leaf nitrogen content per unit mass,Leaf nitrogen (N) content per leaf dry mass,102442,try_9794,17,2,8.7,22.2,36.8
208,Leaf nitrogen content per unit mass,Leaf nitrogen (N) content per leaf dry mass,102443,try_9795,11,1,20,23.8,29.8
208,Leaf nitrogen content per unit mass,Leaf nitrogen (N) content per leaf dry mass,102444,try_9796,23,2,8.2,18.2,29.9
208,Leaf nitrogen content per unit mass,Leaf nitrogen (N) content per leaf dry mass,102445,try_9797,4,1,13.8,15.05,16
208,Leaf nitrogen content per unit mass,Leaf nitrogen (N) content per leaf dry mass,102446,try_9798,22,1,8.9,10.9,13.9
208,Leaf nitrogen content per unit mass,Leaf nitrogen (N) content per leaf dry mass,102447,try_9799,30,3,12.8,24.9,34.4
208,Leaf nitrogen content per unit mass,Leaf nitrogen (N) content per leaf dry mass,102448,try_9800,10,4,10.1,12.25,31.1
208,Leaf nitrogen content per unit mass,Leaf nitrogen (N) content per leaf dry mass,102450,try_9802,5,1,25.3,26.7,28.9
208,Leaf nitrogen content per unit mass,Leaf nitrogen (N) content per leaf dry mass,102451,try_9803,8,1,17.9,22.95,26.3
208,Leaf nitrogen content per unit mass,Leaf nitrogen (N) content per leaf dry mass,102452,try_9804,4,1,11.9,13.25,16.5
208,Leaf nitrogen content per unit mass,Leaf nitrogen (N) content per leaf dry mass,102453,try_9805,10,10,16.06,24.35,32.94
208,Leaf nitrogen content per unit mass,Leaf nitrogen (N) content per leaf dry mass,102454,try_9806,4,1,17.5,18.5,19.5
208,Leaf nitrogen content per unit mass,Leaf nitrogen (N) content per leaf dry mass,102460,try_9812,22,11,8.5,15.5,26.5
208,Leaf nitrogen content per unit mass,Leaf nitrogen (N) content per leaf dry mass,102469,try_9821,20,10,10.3,24.2,39
208,Leaf nitrogen content per unit mass,Leaf nitrogen (N) content per leaf dry mass,102470,try_9822,26,13,8.6,17.3,43.3
208,Leaf nitrogen content per unit mass,Leaf nitrogen (N) content per leaf dry mass,102471,try_9823,18,9,10.6,19.4,39.8
208,Leaf nitrogen content per unit mass,Leaf nitrogen (N) content per leaf dry mass,102472,try_9824,20,10,8.2,12,19.7
208,Leaf nitrogen content per unit mass,Leaf nitrogen (N) content per leaf dry mass,102474,try_9826,85,43,7.6,19.3,63.6
208,Leaf nitrogen content per unit mass,Leaf nitrogen (N) content per leaf dry mass,102482,try_9834,37,1,32,40.5,47.5
208,Leaf nitrogen content per unit mass,Leaf nitrogen (N) content per leaf dry mass,102486,try_9838,95,5,7.1,15.4,25.7
208,Leaf nitrogen content per unit mass,Leaf nitrogen (N) content per leaf dry mass,102491,try_9843,12,12,17.47053,33.05048325,47.4414675
208,Leaf nitrogen content per unit mass,Leaf nitrogen (N) content per leaf dry mass,102492,try_9844,7,7,23.487741,26.8388775,58.000338
208,Leaf nitrogen content per unit mass,Leaf nitrogen (N) content per leaf dry mass,102493,try_9845,13,13,21.88923,30.01284,44.51664
209,Leaf nitrogen content per unit mass,Leaf nitrogen (N) content per leaf dry mass,102461,try_9813,70,3,6.67,25.915,34
209,Leaf nitrogen content per unit mass,Leaf nitrogen (N) content per leaf dry mass,102462,try_9814,5,1,15.26,19.05,22.58
210,Leaf nitrogen content per unit mass,Leaf nitrogen (N) content per leaf dry mass,102497,try_9849,6,6,8,10.3,17.3
210,Leaf nitrogen content per unit mass,Leaf nitrogen (N) content per leaf dry mass,102498,try_9850,5,5,8.4,10.1,11
210,Leaf nitrogen content per unit mass,Leaf nitrogen (N) content per leaf dry mass,102499,try_9851,12,12,6.1,10,15.2
210,Leaf nitrogen content per unit mass,Leaf nitrogen (N) content per leaf dry mass,103083,try_10435,1,1,20.7,20.7,20.7
210,Leaf nitrogen content per unit mass,Leaf nitrogen (N) content per leaf dry mass,103084,try_10436,2,2,19.9,20,20.1
210,Leaf nitrogen content per unit mass,Leaf nitrogen (N) content per leaf dry mass,103087,try_10439,1,1,14.3031355932203,14.3031355932203,14.3031355932203
210,Leaf nitrogen content per unit mass,Leaf nitrogen (N) content per leaf dry mass,103091,try_10443,1,1,11.1170833333333,11.1170833333333,11.1170833333333
210,Leaf nitrogen content per unit mass,Leaf nitrogen (N) content per leaf dry mass,103092,try_10444,1,1,10.2878571428571,10.2878571428571,10.2878571428571
210,Leaf nitrogen content per unit mass,Leaf nitrogen (N) content per leaf dry mass,103094,try_10446,6,3,26.6483333333333,28.005000000000003,31.0733333333333
210,Leaf nitrogen content per unit mass,Leaf nitrogen (N) content per leaf dry mass,103097,try_10449,7,7,15.42,19.1882352941176,26.590625
210,Leaf nitrogen content per unit mass,Leaf nitrogen (N) content per leaf dry mass,103098,try_10450,9,9,12.7,16.8,24.7
210,Leaf nitrogen content per unit mass,Leaf nitrogen (N) content per leaf dry mass,103099,try_10451,23,23,11.2,18.9,41.3
210,Leaf nitrogen content per unit mass,Leaf nitrogen (N) content per leaf dry mass,103100,try_10452,3,3,15.9,22.5,23.8
210,Leaf nitrogen content per unit mass,Leaf nitrogen (N) content per leaf dry mass,103101,try_10453,7,7,8.23214285714286,12.3440336134454,22.99375
210,Leaf nitrogen content per unit mass,Leaf nitrogen (N) content per leaf dry mass,103102,try_10454,15,15,13.2208333333333,21.3,31.7
210,Leaf nitrogen content per unit mass,Leaf nitrogen (N) content per leaf dry mass,103103,try_10455,13,13,8.6,17.3,43.3
210,Leaf nitrogen content per unit mass,Leaf nitrogen (N) content per leaf dry mass,103130,try_10482,10,10,8.2,12,19.7
210,Leaf nitrogen content per unit mass,Leaf nitrogen (N) content per leaf dry mass,103131,try_10483,11,11,8.75,16,25.25
210,Leaf nitrogen content per unit mass,Leaf nitrogen (N) content per leaf dry mass,103132,try_10484,1,1,18.5,18.5,18.5
210,Leaf nitrogen content per unit mass,Leaf nitrogen (N) content per leaf dry mass,103133,try_10485,3,3,17.8,20.1166666666667,20.64
210,Leaf nitrogen content per unit mass,Leaf nitrogen (N) content per leaf dry mass,103134,try_10486,9,9,10.5,19.6,23.9
210,Leaf nitrogen content per unit mass,Leaf nitrogen (N) content per leaf dry mass,103141,try_10493,1,1,11.3270085470085,11.3270085470085,11.3270085470085
210,Leaf nitrogen content per unit mass,Leaf nitrogen (N) content per leaf dry mass,103142,try_10494,10,10,10.3,24.2,39
210,Leaf nitrogen content per unit mass,Leaf nitrogen (N) content per leaf dry mass,103143,try_10495,9,9,11.7,19.4,39.8
210,Leaf nitrogen content per unit mass,Leaf nitrogen (N) content per leaf dry mass,103145,try_10497,15,15,12.4,18.5,53.6
210,Leaf nitrogen content per unit mass,Leaf nitrogen (N) content per leaf dry mass,103148,try_10500,3,3,10.87,11.635,17.13125
210,Leaf nitrogen content per unit mass,Leaf nitrogen (N) content per leaf dry mass,103149,try_10501,2,2,10.788,13.612,16.436
210,Leaf nitrogen content per unit mass,Leaf nitrogen (N) content per leaf dry mass,103152,try_10504,3,3,17.7202777777778,19.8769444444444,20.1716666666667
211,Leaf mass per area,"Leaf area per leaf dry mass (specific leaf area, SLA or 1/LMA): petiole included",102513,try_9865,52,5,45.26935264825713,163.59837937321709,2021.3239033253958
211,Leaf mass per area,"Leaf area per leaf dry mass (specific leaf area, SLA or 1/LMA): petiole included",102514,try_9866,107,12,44.33745850230894,72.7689078407334,1148.1711872718718
211,Leaf mass per area,"Leaf area per leaf dry mass (specific leaf area, SLA or 1/LMA): petiole included",102515,try_9867,235,22,6.520278588031063,628.7410090035712,3241.3563829787186
211,Leaf mass per area,"Leaf area per leaf dry mass (specific leaf area, SLA or 1/LMA): petiole included",102516,try_9868,119,11,15.030441400304404,110.7505214767411,11138.211382113825
211,Leaf mass per area,"Leaf area per leaf dry mass (specific leaf area, SLA or 1/LMA): petiole included",102517,try_9869,55,5,7.675021183058466,363.19077305945564,4023.883696780894
211,Leaf nitrogen content per unit mass,Leaf nitrogen (N) content per leaf dry mass,102513,try_9865,5,5,3.494,3.85,4.319
211,Leaf nitrogen content per unit mass,Leaf nitrogen (N) content per leaf dry mass,102514,try_9866,11,11,1.56,2.441,4.098
211,Leaf nitrogen content per unit mass,Leaf nitrogen (N) content per leaf dry mass,102515,try_9867,22,22,1.659,2.624,4.058
211,Leaf nitrogen content per unit mass,Leaf nitrogen (N) content per leaf dry mass,102516,try_9868,11,11,1.663,3.34,5.628
211,Leaf nitrogen content per unit mass,Leaf nitrogen (N) content per leaf dry mass,102517,try_9869,5,5,2.488,3.47,4.627
213,Leaf nitrogen content per unit mass,Leaf nitrogen (N) content per leaf dry mass,102530,try_9882,411,367,8.82,22.23,61.35
217,Leaf mass per area,"Leaf area per leaf dry mass (specific leaf area, SLA or 1/LMA): petiole included",102535,try_9887,32,1,0.0032161569774470794,0.005109536624284067,0.0174551241247893
217,Leaf mass per area,"Leaf area per leaf dry mass (specific leaf area, SLA or 1/LMA): petiole included",102536,try_9888,12,1,0.0025037138612729972,0.003212820690954324,0.005290833549727348
217,Leaf mass per area,"Leaf area per leaf dry mass (specific leaf area, SLA or 1/LMA): petiole included",102537,try_9889,12,1,0.0026283545197740136,0.0034449782668795554,0.006008014247551205
224,Leaf nitrogen content per unit mass,Leaf nitrogen (N) content per leaf dry mass,102705,try_10057,1,1,41.25,41.25,41.25
224,Leaf nitrogen content per unit mass,Leaf nitrogen (N) content per leaf dry mass,102706,try_10058,10,10,12.25,22.77,38.79
224,Leaf nitrogen content per unit mass,Leaf nitrogen (N) content per leaf dry mass,102707,try_10059,1,1,20.82,20.82,20.82
224,Leaf nitrogen content per unit mass,Leaf nitrogen (N) content per leaf dry mass,102708,try_10060,1,1,29.31,29.31,29.31
224,Leaf nitrogen content per unit mass,Leaf nitrogen (N) content per leaf dry mass,102709,try_10061,1,1,31.11,31.11,31.11
224,Leaf nitrogen content per unit mass,Leaf nitrogen (N) content per leaf dry mass,102710,try_10062,5,5,18.21,24.82,31.33
224,Leaf nitrogen content per unit mass,Leaf nitrogen (N) content per leaf dry mass,102711,try_10063,9,9,15,25.8,45.85
224,Leaf nitrogen content per unit mass,Leaf nitrogen (N) content per leaf dry mass,102712,try_10064,1,1,26.68,26.68,26.68
224,Leaf nitrogen content per unit mass,Leaf nitrogen (N) content per leaf dry mass,102713,try_10065,3,3,12.44,16.06,28.46
224,Leaf nitrogen content per unit mass,Leaf nitrogen (N) content per leaf dry mass,102714,try_10066,2,2,26.02,28.54,31.06
224,Leaf nitrogen content per unit mass,Leaf nitrogen (N) content per leaf dry mass,102715,try_10067,2,2,13.65,21.37,29.09
224,Leaf nitrogen content per unit mass,Leaf nitrogen (N) content per leaf dry mass,102716,try_10068,4,4,20,20.955,24.49
224,Leaf nitrogen content per unit mass,Leaf nitrogen (N) content per leaf dry mass,102717,try_10069,5,5,18.48,29.74,41.32
224,Leaf nitrogen content per unit mass,Leaf nitrogen (N) content per leaf dry mass,102718,try_10070,1,1,25.02,25.02,25.02
224,Leaf nitrogen content per unit mass,Leaf nitrogen (N) content per leaf dry mass,102719,try_10071,1,1,11.38,11.38,11.38
224,Leaf nitrogen content per unit mass,Leaf nitrogen (N) content per leaf dry mass,102720,try_10072,1,1,53.34,53.34,53.34
224,Leaf nitrogen content per unit mass,Leaf nitrogen (N) content per leaf dry mass,102721,try_10073,2,2,24.27,32.93,41.59
224,Leaf nitrogen content per unit mass,Leaf nitrogen (N) content per leaf dry mass,102722,try_10074,1,1,27.87,27.87,27.87
224,Leaf nitrogen content per unit mass,Leaf nitrogen (N) content per leaf dry mass,102723,try_10075,3,3,20.39,25.74,34.01
224,Leaf nitrogen content per unit mass,Leaf nitrogen (N) content per leaf dry mass,102724,try_10076,2,2,24.81,26.72,28.63
224,Leaf nitrogen content per unit mass,Leaf nitrogen (N) content per leaf dry mass,102725,try_10077,4,4,26.94,29.94,36.77
224,Leaf nitrogen content per unit mass,Leaf nitrogen (N) content per leaf dry mass,102726,try_10078,1,1,20.44,20.44,20.44
224,Leaf nitrogen content per unit mass,Leaf nitrogen (N) content per leaf dry mass,102727,try_10079,2,2,23.05,25.37,27.69
224,Leaf nitrogen content per unit mass,Leaf nitrogen (N) content per leaf dry mass,102728,try_10080,1,1,41.82,41.82,41.82
224,Leaf nitrogen content per unit mass,Leaf nitrogen (N) content per leaf dry mass,102729,try_10081,2,2,17.46,19.265,21.07
224,Leaf nitrogen content per unit mass,Leaf nitrogen (N) content per leaf dry mass,102730,try_10082,3,3,19.81,20.22,35.21
224,Leaf nitrogen content per unit mass,Leaf nitrogen (N) content per leaf dry mass,102731,try_10083,1,1,30.43,30.43,30.43
224,Leaf nitrogen content per unit mass,Leaf nitrogen (N) content per leaf dry mass,102732,try_10084,3,3,20.44,22.11,30.7
224,Leaf nitrogen content per unit mass,Leaf nitrogen (N) content per leaf dry mass,102733,try_10085,1,1,10.68,10.68,10.68
224,Leaf nitrogen content per unit mass,Leaf nitrogen (N) content per leaf dry mass,102734,try_10086,1,1,24.23,24.23,24.23
224,Leaf nitrogen content per unit mass,Leaf nitrogen (N) content per leaf dry mass,102735,try_10087,1,1,10.66,10.66,10.66
224,Leaf nitrogen content per unit mass,Leaf nitrogen (N) content per leaf dry mass,102736,try_10088,1,1,15.31,15.31,15.31
224,Leaf nitrogen content per unit mass,Leaf nitrogen (N) content per leaf dry mass,102737,try_10089,1,1,26.27,26.27,26.27
224,Leaf nitrogen content per unit mass,Leaf nitrogen (N) content per leaf dry mass,102738,try_10090,1,1,15.27,15.27,15.27
224,Leaf nitrogen content per unit mass,Leaf nitrogen (N) content per leaf dry mass,102739,try_10091,2,2,18.71,18.955,19.2
224,Leaf nitrogen content per unit mass,Leaf nitrogen (N) content per leaf dry mass,102740,try_10092,2,2,25.25,28.94,32.63
224,Leaf nitrogen content per unit mass,Leaf nitrogen (N) content per leaf dry mass,102741,try_10093,1,1,30.83,30.83,30.83
224,Leaf nitrogen content per unit mass,Leaf nitrogen (N) content per leaf dry mass,102742,try_10094,1,1,36.12,36.12,36.12
224,Leaf nitrogen content per unit mass,Leaf nitrogen (N) content per leaf dry mass,102743,try_10095,1,1,34.49,34.49,34.49
224,Leaf nitrogen content per unit mass,Leaf nitrogen (N) content per leaf dry mass,102744,try_10096,3,3,23.69,28.53,29.57
224,Leaf nitrogen content per unit mass,Leaf nitrogen (N) content per leaf dry mass,102745,try_10097,1,1,21.42,21.42,21.42
224,Leaf nitrogen content per unit mass,Leaf nitrogen (N) content per leaf dry mass,102746,try_10098,1,1,38.59,38.59,38.59
224,Leaf nitrogen content per unit mass,Leaf nitrogen (N) content per leaf dry mass,102747,try_10099,2,2,10.83,15.655000000000001,20.48
224,Leaf nitrogen content per unit mass,Leaf nitrogen (N) content per leaf dry mass,102748,try_10100,1,1,30.33,30.33,30.33
224,Leaf nitrogen content per unit mass,Leaf nitrogen (N) content per leaf dry mass,102749,try_10101,1,1,17.03,17.03,17.03
224,Leaf nitrogen content per unit mass,Leaf nitrogen (N) content per leaf dry mass,102750,try_10102,2,2,24.52,28.060000000000002,31.6
224,Leaf nitrogen content per unit mass,Leaf nitrogen (N) content per leaf dry mass,102751,try_10103,2,2,25.85,29.98,34.11
224,Leaf nitrogen content per unit mass,Leaf nitrogen (N) content per leaf dry mass,102752,try_10104,2,2,15.84,18.935000000000002,22.03
224,Leaf nitrogen content per unit mass,Leaf nitrogen (N) content per leaf dry mass,102753,try_10105,1,1,20.68,20.68,20.68
224,Leaf nitrogen content per unit mass,Leaf nitrogen (N) content per leaf dry mass,102754,try_10106,1,1,23.99,23.99,23.99
224,Leaf nitrogen content per unit mass,Leaf nitrogen (N) content per leaf dry mass,102755,try_10107,1,1,47.5,47.5,47.5
224,Leaf nitrogen content per unit mass,Leaf nitrogen (N) content per leaf dry mass,102756,try_10108,1,1,21.48,21.48,21.48
224,Leaf nitrogen content per unit mass,Leaf nitrogen (N) content per leaf dry mass,102757,try_10109,1,1,23.24,23.24,23.24
224,Leaf nitrogen content per unit mass,Leaf nitrogen (N) content per leaf dry mass,102758,try_10110,1,1,21.54,21.54,21.54
224,Leaf nitrogen content per unit mass,Leaf nitrogen (N) content per leaf dry mass,102759,try_10111,1,1,27.43,27.43,27.43
224,Leaf nitrogen content per unit mass,Leaf nitrogen (N) content per leaf dry mass,102760,try_10112,1,1,17.68,17.68,17.68
224,Leaf nitrogen content per unit mass,Leaf nitrogen (N) content per leaf dry mass,102761,try_10113,1,1,30.38,30.38,30.38
224,Leaf nitrogen content per unit mass,Leaf nitrogen (N) content per leaf dry mass,102762,try_10114,1,1,32.33,32.33,32.33
224,Leaf nitrogen content per unit mass,Leaf nitrogen (N) content per leaf dry mass,102763,try_10115,1,1,20.62,20.62,20.62
224,Leaf nitrogen content per unit mass,Leaf nitrogen (N) content per leaf dry mass,102764,try_10116,1,1,38.93,38.93,38.93
224,Leaf nitrogen content per unit mass,Leaf nitrogen (N) content per leaf dry mass,102765,try_10117,1,1,32.97,32.97,32.97
243,Leaf mass per area,"Leaf area per leaf dry mass (specific leaf area, SLA or 1/LMA): undefined if petiole is in- or excluded)",103052,try_10404,110,110,0.001487802877563361,0.008785288937754722,0.05035388118456908
253,Leaf nitrogen content per unit mass,Leaf nitrogen (N) content per leaf dry mass,103225,try_10577,140,14,9.8672592,17.11157994,43.38644558
256,Leaf mass per area,"Leaf area per leaf dry mass (specific leaf area, SLA or 1/LMA): undefined if petiole is in- or excluded)",103262,try_10614,6,1,0.04676240134882251,0.05663413542416419,0.06787049895954232
256,Leaf mass per area,"Leaf area per leaf dry mass (specific leaf area, SLA or 1/LMA): undefined if petiole is in- or excluded)",103263,try_10615,8,1,0.0481056685900671,0.055387274563462,0.07622079048253697
256,Leaf mass per area,"Leaf area per leaf dry mass (specific leaf area, SLA or 1/LMA): undefined if petiole is in- or excluded)",103264,try_10616,6,1,0.053278200451659055,0.059187973765880836,0.07670329270061055
256,Leaf mass per area,"Leaf area per leaf dry mass (specific leaf area, SLA or 1/LMA): undefined if petiole is in- or excluded)",103265,try_10617,6,1,0.20113413837321686,0.25488591970005336,0.2858876838620082
256,Leaf mass per area,"Leaf area per leaf dry mass (specific leaf area, SLA or 1/LMA): undefined if petiole is in- or excluded)",103266,try_10618,6,1,0.18724359157839351,0.23443270117289067,0.26723664361557287
256,Leaf mass per area,"Leaf area per leaf dry mass (specific leaf area, SLA or 1/LMA): undefined if petiole is in- or excluded)",103267,try_10619,8,1,0.20330772245148523,0.22138005225773905,0.26025217094717124
256,Leaf mass per area,"Leaf area per leaf dry mass (specific leaf area, SLA or 1/LMA): undefined if petiole is in- or excluded)",103268,try_10620,12,1,0.06085814763400201,0.21871711960342927,0.295032616059204
256,Leaf mass per area,"Leaf area per leaf dry mass (specific leaf area, SLA or 1/LMA): undefined if petiole is in- or excluded)",103269,try_10621,9,1,0.10998870148183426,0.17247908542188434,0.2806593248097654
256,Leaf mass per area,"Leaf area per leaf dry mass (specific leaf area, SLA or 1/LMA): undefined if petiole is in- or excluded)",103270,try_10622,9,1,0.08964655021924106,0.13533702778072537,0.2630033535248051
258,Leaf mass per area,"Leaf area per leaf dry mass (specific leaf area, SLA or 1/LMA): undefined if petiole is in- or excluded)",103272,try_10624,255,10,42.977011494252814,133.77862595419845,364.57142857142856
258,Leaf mass per area,"Leaf area per leaf dry mass (specific leaf area, SLA or 1/LMA): undefined if petiole is in- or excluded)",103273,try_10625,98,5,101.32212410835284,193.33231376719883,372.59146343015124
258,Leaf mass per area,"Leaf area per leaf dry mass (specific leaf area, SLA or 1/LMA): undefined if petiole is in- or excluded)",103274,try_10626,209,9,60.500544063847606,190.72625698324038,361.5000000000001
258,Leaf mass per area,"Leaf area per leaf dry mass (specific leaf area, SLA or 1/LMA): undefined if petiole is in- or excluded)",112629,try_19981,50,5,55.66666666666674,131.20682771107298,234.00000000000023
258,Leaf nitrogen content per unit mass,Leaf nitrogen (N) content per leaf dry mass,103272,try_10624,39,4,3.9070427471566e-4,0.0306152790123294,0.0853335359656947
258,Leaf nitrogen content per unit mass,Leaf nitrogen (N) content per leaf dry mass,103273,try_10625,45,5,0.00554973786614173,0.0456298633717949,0.0798191094784657
258,Leaf nitrogen content per unit mass,Leaf nitrogen (N) content per leaf dry mass,103274,try_10626,38,6,0.0160326384758065,0.02903722298646295,0.0548078883930481
261,Leaf nitrogen content per unit mass,Leaf nitrogen (N) content per leaf dry mass,103277,try_10629,4,4,10.2209771893411,15.05376449776065,24.6250132417304
261,Leaf nitrogen content per unit mass,Leaf nitrogen (N) content per leaf dry mass,103278,try_10630,1,1,18.1848451734863,18.1848451734863,18.1848451734863
261,Leaf nitrogen content per unit mass,Leaf nitrogen (N) content per leaf dry mass,103279,try_10631,4,4,9.10180018832107,17.925798267532,23.6161932125134
261,Leaf nitrogen content per unit mass,Leaf nitrogen (N) content per leaf dry mass,103280,try_10632,1,1,12.820874671619,12.820874671619,12.820874671619
261,Leaf nitrogen content per unit mass,Leaf nitrogen (N) content per leaf dry mass,103281,try_10633,1,1,14.3323342948438,14.3323342948438,14.3323342948438
261,Leaf nitrogen content per unit mass,Leaf nitrogen (N) content per leaf dry mass,103282,try_10634,1,1,13.8222281799636,13.8222281799636,13.8222281799636
261,Leaf nitrogen content per unit mass,Leaf nitrogen (N) content per leaf dry mass,103283,try_10635,1,1,14.0935312624945,14.0935312624945,14.0935312624945
261,Leaf nitrogen content per unit mass,Leaf nitrogen (N) content per leaf dry mass,103284,try_10636,1,1,14.8443351248587,14.8443351248587,14.8443351248587
261,Leaf nitrogen content per unit mass,Leaf nitrogen (N) content per leaf dry mass,103285,try_10637,1,1,12.5934015465399,12.5934015465399,12.5934015465399
261,Leaf nitrogen content per unit mass,Leaf nitrogen (N) content per leaf dry mass,103286,try_10638,1,1,14.2877129876602,14.2877129876602,14.2877129876602
261,Leaf nitrogen content per unit mass,Leaf nitrogen (N) content per leaf dry mass,103287,try_10639,1,1,15.0454038441461,15.0454038441461,15.0454038441461
261,Leaf nitrogen content per unit mass,Leaf nitrogen (N) content per leaf dry mass,103288,try_10640,1,1,14.8526515273328,14.8526515273328,14.8526515273328
261,Leaf nitrogen content per unit mass,Leaf nitrogen (N) content per leaf dry mass,103289,try_10641,1,1,14.7433980467641,14.7433980467641,14.7433980467641
261,Leaf nitrogen content per unit mass,Leaf nitrogen (N) content per leaf dry mass,103290,try_10642,1,1,12.8484976348645,12.8484976348645,12.8484976348645
261,Leaf nitrogen content per unit mass,Leaf nitrogen (N) content per leaf dry mass,103291,try_10643,1,1,13.5741528063396,13.5741528063396,13.5741528063396
261,Leaf nitrogen content per unit mass,Leaf nitrogen (N) content per leaf dry mass,103292,try_10644,1,1,14.0656874598763,14.0656874598763,14.0656874598763
261,Leaf nitrogen content per unit mass,Leaf nitrogen (N) content per leaf dry mass,103293,try_10645,1,1,13.0895967627778,13.0895967627778,13.0895967627778
261,Leaf nitrogen content per unit mass,Leaf nitrogen (N) content per leaf dry mass,103294,try_10646,1,1,12.170109796658,12.170109796658,12.170109796658
261,Leaf nitrogen content per unit mass,Leaf nitrogen (N) content per leaf dry mass,103295,try_10647,1,1,11.6310053809279,11.6310053809279,11.6310053809279
261,Leaf nitrogen content per unit mass,Leaf nitrogen (N) content per leaf dry mass,103296,try_10648,1,1,13.4739896206939,13.4739896206939,13.4739896206939
261,Leaf nitrogen content per unit mass,Leaf nitrogen (N) content per leaf dry mass,103297,try_10649,1,1,13.4643334393646,13.4643334393646,13.4643334393646
261,Leaf nitrogen content per unit mass,Leaf nitrogen (N) content per leaf dry mass,103298,try_10650,1,1,12.8855742182109,12.8855742182109,12.8855742182109
261,Leaf nitrogen content per unit mass,Leaf nitrogen (N) content per leaf dry mass,103299,try_10651,1,1,13.3419402144547,13.3419402144547,13.3419402144547
261,Leaf nitrogen content per unit mass,Leaf nitrogen (N) content per leaf dry mass,103300,try_10652,4,4,10.0671091856098,16.2969046139406,23.4278610548548
261,Leaf nitrogen content per unit mass,Leaf nitrogen (N) content per leaf dry mass,103301,try_10653,1,1,13.9696225668336,13.9696225668336,13.9696225668336
261,Leaf nitrogen content per unit mass,Leaf nitrogen (N) content per leaf dry mass,103302,try_10654,1,1,14.0740179755286,14.0740179755286,14.0740179755286
261,Leaf nitrogen content per unit mass,Leaf nitrogen (N) content per leaf dry mass,103303,try_10655,1,1,11.9336488734343,11.9336488734343,11.9336488734343
261,Leaf nitrogen content per unit mass,Leaf nitrogen (N) content per leaf dry mass,103304,try_10656,1,1,13.4228441280878,13.4228441280878,13.4228441280878
261,Leaf nitrogen content per unit mass,Leaf nitrogen (N) content per leaf dry mass,103305,try_10657,1,1,13.6950123958107,13.6950123958107,13.6950123958107
261,Leaf nitrogen content per unit mass,Leaf nitrogen (N) content per leaf dry mass,103306,try_10658,1,1,12.0497413716822,12.0497413716822,12.0497413716822
261,Leaf nitrogen content per unit mass,Leaf nitrogen (N) content per leaf dry mass,103307,try_10659,1,1,13.3335875029343,13.3335875029343,13.3335875029343
261,Leaf nitrogen content per unit mass,Leaf nitrogen (N) content per leaf dry mass,103308,try_10660,1,1,13.1405460018321,13.1405460018321,13.1405460018321
261,Leaf nitrogen content per unit mass,Leaf nitrogen (N) content per leaf dry mass,103309,try_10661,1,1,13.2189451912009,13.2189451912009,13.2189451912009
261,Leaf nitrogen content per unit mass,Leaf nitrogen (N) content per leaf dry mass,103310,try_10662,1,1,15.4150094405723,15.4150094405723,15.4150094405723
261,Leaf nitrogen content per unit mass,Leaf nitrogen (N) content per leaf dry mass,103311,try_10663,1,1,14.49232088001,14.49232088001,14.49232088001
261,Leaf nitrogen content per unit mass,Leaf nitrogen (N) content per leaf dry mass,103312,try_10664,1,1,12.6460402143256,12.6460402143256,12.6460402143256
261,Leaf nitrogen content per unit mass,Leaf nitrogen (N) content per leaf dry mass,103313,try_10665,1,1,13.6576959077783,13.6576959077783,13.6576959077783
261,Leaf nitrogen content per unit mass,Leaf nitrogen (N) content per leaf dry mass,103314,try_10666,1,1,12.474111494214,12.474111494214,12.474111494214
261,Leaf nitrogen content per unit mass,Leaf nitrogen (N) content per leaf dry mass,103315,try_10667,1,1,13.7670745958753,13.7670745958753,13.7670745958753
261,Leaf nitrogen content per unit mass,Leaf nitrogen (N) content per leaf dry mass,103316,try_10668,1,1,14.1074775116955,14.1074775116955,14.1074775116955
261,Leaf nitrogen content per unit mass,Leaf nitrogen (N) content per leaf dry mass,103317,try_10669,1,1,12.4931593166169,12.4931593166169,12.4931593166169
261,Leaf nitrogen content per unit mass,Leaf nitrogen (N) content per leaf dry mass,103318,try_10670,1,1,13.9021039901915,13.9021039901915,13.9021039901915
261,Leaf nitrogen content per unit mass,Leaf nitrogen (N) content per leaf dry mass,103319,try_10671,3,3,11.4159844187634,15.4334669486414,24.9806870982648
261,Leaf nitrogen content per unit mass,Leaf nitrogen (N) content per leaf dry mass,103320,try_10672,3,3,9.44172843983425,19.5554289327209,22.9497730252244
261,Leaf nitrogen content per unit mass,Leaf nitrogen (N) content per leaf dry mass,103321,try_10673,3,3,9.22558551370065,14.5514509375281,22.6064220225638
274,Leaf nitrogen content per unit mass,Leaf nitrogen (N) content per leaf dry mass,103583,try_10935,98,10,16.237,29.0335,45.638
274,Leaf nitrogen content per unit mass,Leaf nitrogen (N) content per leaf dry mass,103584,try_10936,64,6,9.89,21.9765,35.733
274,Leaf nitrogen content per unit mass,Leaf nitrogen (N) content per leaf dry mass,103585,try_10937,100,10,18.428,30.756,58.388
274,Leaf nitrogen content per unit mass,Leaf nitrogen (N) content per leaf dry mass,103586,try_10938,59,6,9.197,20.102,29.475
274,Leaf nitrogen content per unit mass,Leaf nitrogen (N) content per leaf dry mass,103587,try_10939,100,10,9.129,26.7825,45.235
274,Leaf nitrogen content per unit mass,Leaf nitrogen (N) content per leaf dry mass,103588,try_10940,59,6,8.525,18.88,29.201
274,Leaf nitrogen content per unit mass,Leaf nitrogen (N) content per leaf dry mass,103589,try_10941,100,10,17.698,29.054000000000002,54.944
274,Leaf nitrogen content per unit mass,Leaf nitrogen (N) content per leaf dry mass,103590,try_10942,59,6,9.641,18.33,38.222
274,Leaf nitrogen content per unit mass,Leaf nitrogen (N) content per leaf dry mass,103591,try_10943,70,7,13.05,25.301000000000002,39.641
274,Leaf nitrogen content per unit mass,Leaf nitrogen (N) content per leaf dry mass,103592,try_10944,56,6,6.944,15.627500000000001,31.302
292,Leaf mass per area,"Leaf area per leaf dry mass (specific leaf area, SLA or 1/LMA): petiole included",121539,try_28891,10,10,37.000000000000036,69,103.10000000000002
292,Leaf mass per area,"Leaf area per leaf dry mass (specific leaf area, SLA or 1/LMA): petiole included",121541,try_28893,15,15,31.000000000000036,61.19999999999982,222.9999999999998
293,Leaf nitrogen content per unit mass,Leaf nitrogen (N) content per leaf dry mass,103926,try_11278,20,20,8.8,16.85,33
293,Leaf nitrogen content per unit mass,Leaf nitrogen (N) content per leaf dry mass,103927,try_11279,20,20,8.3,16.35,37
293,Leaf nitrogen content per unit mass,Leaf nitrogen (N) content per leaf dry mass,103928,try_11280,20,20,11.1,16,27.1
294,Leaf nitrogen content per unit mass,Leaf nitrogen (N) content per leaf dry mass,103930,try_11282,6,6,1.9332,2.6999166665,3.439266667
294,Leaf nitrogen content per unit mass,Leaf nitrogen (N) content per leaf dry mass,103931,try_11283,9,9,2.294266667,3.203,3.651333333
294,Leaf nitrogen content per unit mass,Leaf nitrogen (N) content per leaf dry mass,103932,try_11284,8,8,2.2154,2.8097,3.612066667
294,Leaf nitrogen content per unit mass,Leaf nitrogen (N) content per leaf dry mass,103933,try_11285,7,7,1.221366667,1.346766667,1.519566667
294,Leaf nitrogen content per unit mass,Leaf nitrogen (N) content per leaf dry mass,103934,try_11286,15,15,0.864106667,1.656566667,2.4946
294,Leaf nitrogen content per unit mass,Leaf nitrogen (N) content per leaf dry mass,103935,try_11287,10,10,1.101366667,1.3801666670000001,1.813133333
294,Leaf nitrogen content per unit mass,Leaf nitrogen (N) content per leaf dry mass,103936,try_11288,7,7,1.393766667,1.619466667,2.0707
294,Leaf nitrogen content per unit mass,Leaf nitrogen (N) content per leaf dry mass,103937,try_11289,5,5,2.0042,2.301133333,2.365466667
294,Leaf nitrogen content per unit mass,Leaf nitrogen (N) content per leaf dry mass,103938,try_11290,26,17,1.538766667,1.9768,2.690266667
294,Leaf nitrogen content per unit mass,Leaf nitrogen (N) content per leaf dry mass,103939,try_11291,12,12,1.7722,2.2772333335,2.8476
294,Leaf nitrogen content per unit mass,Leaf nitrogen (N) content per leaf dry mass,103940,try_11292,11,11,1.4631,2.018766667,2.6254
294,Leaf nitrogen content per unit mass,Leaf nitrogen (N) content per leaf dry mass,103941,try_11293,7,7,1.4868,2.3384,3.207433333
294,Leaf nitrogen content per unit mass,Leaf nitrogen (N) content per leaf dry mass,103942,try_11294,7,7,1.578833333,2.627,3.258433333
294,Leaf nitrogen content per unit mass,Leaf nitrogen (N) content per leaf dry mass,103943,try_11295,10,10,1.137066667,1.9294333335,2.2187
294,Leaf nitrogen content per unit mass,Leaf nitrogen (N) content per leaf dry mass,103944,try_11296,6,6,1.4641,2.378483333,2.838466667
294,Leaf nitrogen content per unit mass,Leaf nitrogen (N) content per leaf dry mass,103945,try_11297,10,10,1.2805,1.9260333335,2.679866667
294,Leaf nitrogen content per unit mass,Leaf nitrogen (N) content per leaf dry mass,103946,try_11298,3,3,1.005656667,1.195333333,1.514966667
294,Leaf nitrogen content per unit mass,Leaf nitrogen (N) content per leaf dry mass,103947,try_11299,10,10,1.821866667,2.42435,2.762333333
294,Leaf nitrogen content per unit mass,Leaf nitrogen (N) content per leaf dry mass,103948,try_11300,14,14,1.674,2.3280666665,2.645066667
294,Leaf nitrogen content per unit mass,Leaf nitrogen (N) content per leaf dry mass,103949,try_11301,8,8,2.074133333,2.3049666665,2.674366667
294,Leaf nitrogen content per unit mass,Leaf nitrogen (N) content per leaf dry mass,103950,try_11302,12,12,1.2606,1.6544333335,2.150266667
294,Leaf nitrogen content per unit mass,Leaf nitrogen (N) content per leaf dry mass,103951,try_11303,9,9,1.058066667,1.483966667,2.343966667
294,Leaf nitrogen content per unit mass,Leaf nitrogen (N) content per leaf dry mass,103952,try_11304,6,6,1.797366667,2.3639,2.941033333
294,Leaf nitrogen content per unit mass,Leaf nitrogen (N) content per leaf dry mass,103953,try_11305,16,16,1.507266667,1.9586833335,2.766666667
294,Leaf nitrogen content per unit mass,Leaf nitrogen (N) content per leaf dry mass,103954,try_11306,9,9,1.550066667,2.0973,2.811166667
294,Leaf nitrogen content per unit mass,Leaf nitrogen (N) content per leaf dry mass,103955,try_11307,11,11,1.498166667,2.273733333,3.103033333
294,Leaf nitrogen content per unit mass,Leaf nitrogen (N) content per leaf dry mass,103956,try_11308,4,4,2.060566667,2.6590333335,3.657233333
294,Leaf nitrogen content per unit mass,Leaf nitrogen (N) content per leaf dry mass,103957,try_11309,13,13,1.1717,1.584966667,2.040933333
294,Leaf nitrogen content per unit mass,Leaf nitrogen (N) content per leaf dry mass,103958,try_11310,15,15,1.236766667,1.876633333,2.2264
294,Leaf nitrogen content per unit mass,Leaf nitrogen (N) content per leaf dry mass,103959,try_11311,6,6,1.2287,1.7760833335,2.694166667
294,Leaf nitrogen content per unit mass,Leaf nitrogen (N) content per leaf dry mass,103960,try_11312,14,14,1.824266667,2.2673166665,3.536066667
294,Leaf nitrogen content per unit mass,Leaf nitrogen (N) content per leaf dry mass,103961,try_11313,5,5,1.441133333,1.9496,2.075633333
294,Leaf nitrogen content per unit mass,Leaf nitrogen (N) content per leaf dry mass,103962,try_11314,8,8,1.389533333,1.9344333335,2.925266667
294,Leaf nitrogen content per unit mass,Leaf nitrogen (N) content per leaf dry mass,103963,try_11315,10,10,1.0185,1.7642,2.2544
294,Leaf nitrogen content per unit mass,Leaf nitrogen (N) content per leaf dry mass,103964,try_11316,8,7,2.0102,2.4468833334999998,3.135933333
294,Leaf nitrogen content per unit mass,Leaf nitrogen (N) content per leaf dry mass,103965,try_11317,17,17,1.4933,1.995066667,2.613766667
294,Leaf nitrogen content per unit mass,Leaf nitrogen (N) content per leaf dry mass,103966,try_11318,5,5,1.732333333,2.197466667,2.491433333
294,Leaf nitrogen content per unit mass,Leaf nitrogen (N) content per leaf dry mass,103967,try_11319,1,1,2.180366667,2.180366667,2.180366667
294,Leaf nitrogen content per unit mass,Leaf nitrogen (N) content per leaf dry mass,103968,try_11320,11,11,1.428966667,2.226133333,3.295566667
294,Leaf nitrogen content per unit mass,Leaf nitrogen (N) content per leaf dry mass,103969,try_11321,2,2,2.218,2.2374833335,2.256966667
294,Leaf nitrogen content per unit mass,Leaf nitrogen (N) content per leaf dry mass,103970,try_11322,1,1,2.685166667,2.685166667,2.685166667
294,Leaf nitrogen content per unit mass,Leaf nitrogen (N) content per leaf dry mass,103971,try_11323,8,8,1.426,1.7658999999999998,2.719733333
294,Leaf nitrogen content per unit mass,Leaf nitrogen (N) content per leaf dry mass,103972,try_11324,11,11,1.2456,2.193166667,3.034833333
294,Leaf nitrogen content per unit mass,Leaf nitrogen (N) content per leaf dry mass,103973,try_11325,15,15,1.250666667,1.881266667,2.4041
294,Leaf nitrogen content per unit mass,Leaf nitrogen (N) content per leaf dry mass,103974,try_11326,3,3,1.8359,1.8709,2.5197
294,Leaf nitrogen content per unit mass,Leaf nitrogen (N) content per leaf dry mass,103975,try_11327,17,17,1.4079,1.714166667,2.9185
294,Leaf nitrogen content per unit mass,Leaf nitrogen (N) content per leaf dry mass,103976,try_11328,12,12,1.387966667,1.9227666665,2.6576
294,Leaf nitrogen content per unit mass,Leaf nitrogen (N) content per leaf dry mass,103977,try_11329,14,14,1.932966667,2.6941166665000003,4.025433333
296,Leaf nitrogen content per unit mass,Leaf nitrogen (N) content per leaf dry mass,103979,try_11331,4,4,8.489917507,9.488658534999999,9.8129280820000009
296,Leaf nitrogen content per unit mass,Leaf nitrogen (N) content per leaf dry mass,103980,try_11332,4,4,8.66613567,9.650750742,11.42298671
296,Leaf nitrogen content per unit mass,Leaf nitrogen (N) content per leaf dry mass,103981,try_11333,4,4,8.20204019,9.571581873500001,10.22509117
296,Leaf nitrogen content per unit mass,Leaf nitrogen (N) content per leaf dry mass,103982,try_11334,4,4,8.476416176,9.649455304,11.33387711
296,Leaf nitrogen content per unit mass,Leaf nitrogen (N) content per leaf dry mass,103983,try_11335,4,4,8.120935505,8.6492059205,10.28747608
296,Leaf nitrogen content per unit mass,Leaf nitrogen (N) content per leaf dry mass,103984,try_11336,4,4,8.3686872,9.219979912500001,11.61078794
296,Leaf nitrogen content per unit mass,Leaf nitrogen (N) content per leaf dry mass,103985,try_11337,4,4,8.822327084,9.1187879545,10.29043969
296,Leaf nitrogen content per unit mass,Leaf nitrogen (N) content per leaf dry mass,103986,try_11338,4,4,8.891897632,9.857598302,10.74897086
296,Leaf nitrogen content per unit mass,Leaf nitrogen (N) content per leaf dry mass,103987,try_11339,3,3,14.12672259,26.77169003,27.13266417
296,Leaf nitrogen content per unit mass,Leaf nitrogen (N) content per leaf dry mass,103988,try_11340,3,3,13.10902644,22.51282839,23.57052288
296,Leaf nitrogen content per unit mass,Leaf nitrogen (N) content per leaf dry mass,103989,try_11341,3,3,13.28780488,22.61261261,23.48731068
296,Leaf nitrogen content per unit mass,Leaf nitrogen (N) content per leaf dry mass,103990,try_11342,3,3,11.40852372,22.61632287,28.49334414
296,Leaf nitrogen content per unit mass,Leaf nitrogen (N) content per leaf dry mass,103991,try_11343,3,3,10.60287694,21.84126231,23.90773266
296,Leaf nitrogen content per unit mass,Leaf nitrogen (N) content per leaf dry mass,103992,try_11344,3,3,11.68156892,22.98899852,27.09487011
296,Leaf nitrogen content per unit mass,Leaf nitrogen (N) content per leaf dry mass,103993,try_11345,3,3,12.24220793,22.13654111,23.66963949
296,Leaf nitrogen content per unit mass,Leaf nitrogen (N) content per leaf dry mass,103994,try_11346,3,3,11.52144811,24.15324165,25.71784985
296,Leaf nitrogen content per unit mass,Leaf nitrogen (N) content per leaf dry mass,103995,try_11347,3,3,10.55644407,12.53801112,19.28315753
296,Leaf nitrogen content per unit mass,Leaf nitrogen (N) content per leaf dry mass,103996,try_11348,3,3,11.64593207,12.88122646,17.02326972
296,Leaf nitrogen content per unit mass,Leaf nitrogen (N) content per leaf dry mass,103997,try_11349,3,3,10.14805097,10.95620087,19.21317545
296,Leaf nitrogen content per unit mass,Leaf nitrogen (N) content per leaf dry mass,103998,try_11350,3,3,9.687188848,14.0622783,14.78438831
296,Leaf nitrogen content per unit mass,Leaf nitrogen (N) content per leaf dry mass,103999,try_11351,3,3,8.895976952,12.05495153,14.55095308
296,Leaf nitrogen content per unit mass,Leaf nitrogen (N) content per leaf dry mass,104000,try_11352,3,3,10.63168952,11.82740227,17.21252829
296,Leaf nitrogen content per unit mass,Leaf nitrogen (N) content per leaf dry mass,104001,try_11353,3,3,11.10245062,14.96170317,15.97731439
296,Leaf nitrogen content per unit mass,Leaf nitrogen (N) content per leaf dry mass,104002,try_11354,3,3,8.883058471,14.29283653,14.31438006
297,Leaf mass per area,"Leaf area per leaf dry mass (specific leaf area, SLA or 1/LMA): undefined if petiole is in- or excluded)",104012,try_11364,33,29,0.005675446054122929,0.012050359403782195,0.028444611074341458
297,Leaf mass per area,"Leaf area per leaf dry mass (specific leaf area, SLA or 1/LMA): undefined if petiole is in- or excluded)",104015,try_11367,10,10,0.005600044800358403,0.009549820957364655,0.01099989000109999
297,Leaf mass per area,"Leaf area per leaf dry mass (specific leaf area, SLA or 1/LMA): undefined if petiole is in- or excluded)",104020,try_11372,65,65,0.0026712854694051287,0.007513333604161461,0.015995972320638853
297,Leaf mass per area,"Leaf area per leaf dry mass (specific leaf area, SLA or 1/LMA): undefined if petiole is in- or excluded)",104021,try_11373,7,7,0.010672358591248666,0.03089999999992893,0.07483999999994312
297,Leaf mass per area,"Leaf area per leaf dry mass (specific leaf area, SLA or 1/LMA): undefined if petiole is in- or excluded)",104022,try_11374,5,4,0.00712000000011392,0.0088800000002060165,0.01721999999985811
297,Leaf mass per area,"Leaf area per leaf dry mass (specific leaf area, SLA or 1/LMA): undefined if petiole is in- or excluded)",104023,try_11375,31,31,0.0025499633442769257,0.005273493294341838,0.01
297,Leaf mass per area,"Leaf area per leaf dry mass (specific leaf area, SLA or 1/LMA): undefined if petiole is in- or excluded)",104024,try_11376,25,25,0.0027000000000027002,0.004500000000045,0.01
297,Leaf mass per area,"Leaf area per leaf dry mass (specific leaf area, SLA or 1/LMA): undefined if petiole is in- or excluded)",104026,try_11378,38,38,0.002702702702702703,0.005335192351468245,0.01639344262295082
297,Leaf mass per area,"Leaf area per leaf dry mass (specific leaf area, SLA or 1/LMA): undefined if petiole is in- or excluded)",104027,try_11379,18,18,0.003436426116838488,0.006134969325153374,0.009433962264150943
297,Leaf mass per area,"Leaf area per leaf dry mass (specific leaf area, SLA or 1/LMA): undefined if petiole is in- or excluded)",104028,try_11380,63,63,0.0025,0.0055248618784530384,0.016835016835016835
297,Leaf mass per area,"Leaf area per leaf dry mass (specific leaf area, SLA or 1/LMA): undefined if petiole is in- or excluded)",104029,try_11381,8,8,0.010107881683916284,0.01232766910633995,0.02081773734851091
297,Leaf mass per area,"Leaf area per leaf dry mass (specific leaf area, SLA or 1/LMA): undefined if petiole is in- or excluded)",104030,try_11382,6,6,0.010966564162116506,0.015762398838931768,0.019493000418829023
297,Leaf mass per area,"Leaf area per leaf dry mass (specific leaf area, SLA or 1/LMA): undefined if petiole is in- or excluded)",104031,try_11383,19,19,0.003880000000043456,0.007758968622944726,0.015693113045365324
297,Leaf mass per area,"Leaf area per leaf dry mass (specific leaf area, SLA or 1/LMA): undefined if petiole is in- or excluded)",104032,try_11384,21,21,0.003501447407162923,0.007944335922586913,0.025236636560574142
297,Leaf mass per area,"Leaf area per leaf dry mass (specific leaf area, SLA or 1/LMA): undefined if petiole is in- or excluded)",104036,try_11388,8,8,0.006518904823989569,0.007765327931366077,0.010515247108307046
297,Leaf mass per area,"Leaf area per leaf dry mass (specific leaf area, SLA or 1/LMA): undefined if petiole is in- or excluded)",104040,try_11392,96,77,0.0016445693515076845,0.006757342847435857,0.03014405804221881
297,Leaf mass per area,"Leaf area per leaf dry mass (specific leaf area, SLA or 1/LMA): undefined if petiole is in- or excluded)",104042,try_11394,5,5,0.006493506493506494,0.009009009009009009,0.01098901098901099
297,Leaf mass per area,"Leaf area per leaf dry mass (specific leaf area, SLA or 1/LMA): undefined if petiole is in- or excluded)",104045,try_11397,13,13,0.004759275375575837,0.0062363911810294275,0.009359707378857284
297,Leaf mass per area,"Leaf area per leaf dry mass (specific leaf area, SLA or 1/LMA): undefined if petiole is in- or excluded)",104059,try_11411,5,5,0.006666666666666667,0.007142857142857143,0.007692307692307693
297,Leaf mass per area,"Leaf area per leaf dry mass (specific leaf area, SLA or 1/LMA): undefined if petiole is in- or excluded)",104060,try_11412,4,4,0.004,0.005753968253968254,0.006535947712418301
297,Leaf mass per area,"Leaf area per leaf dry mass (specific leaf area, SLA or 1/LMA): undefined if petiole is in- or excluded)",104063,try_11415,92,86,0.002549999999968125,0.00748499999990795,0.013160000000050008
297,Leaf mass per area,"Leaf area per leaf dry mass (specific leaf area, SLA or 1/LMA): undefined if petiole is in- or excluded)",104069,try_11421,93,93,0.001440000000009216,0.003820000000029796,0.02
297,Leaf mass per area,"Leaf area per leaf dry mass (specific leaf area, SLA or 1/LMA): undefined if petiole is in- or excluded)",104070,try_11422,10,10,0.005847953216374269,0.008333912077227584,0.03663003663003663
297,Leaf mass per area,"Leaf area per leaf dry mass (specific leaf area, SLA or 1/LMA): undefined if petiole is in- or excluded)",104071,try_11423,14,14,0.0021321961620469083,0.007125,0.02044989775051125
297,Leaf mass per area,"Leaf area per leaf dry mass (specific leaf area, SLA or 1/LMA): undefined if petiole is in- or excluded)",104072,try_11424,10,10,0.008064516129032258,0.022360083438287152,0.078125
297,Leaf mass per area,"Leaf area per leaf dry mass (specific leaf area, SLA or 1/LMA): undefined if petiole is in- or excluded)",104073,try_11425,10,10,0.008090614886731393,0.012652453663689618,0.02785515320334262
297,Leaf mass per area,"Leaf area per leaf dry mass (specific leaf area, SLA or 1/LMA): undefined if petiole is in- or excluded)",104075,try_11427,43,43,0.002352941176470588,0.008699999904300001,0.03333333333333333
297,Leaf mass per area,"Leaf area per leaf dry mass (specific leaf area, SLA or 1/LMA): undefined if petiole is in- or excluded)",104076,try_11428,34,34,0.003003003003003003,0.005988023952095809,0.009615384615384616
297,Leaf mass per area,"Leaf area per leaf dry mass (specific leaf area, SLA or 1/LMA): undefined if petiole is in- or excluded)",104082,try_11434,23,23,0.005206718346249866,0.008759571209865308,0.023593033914058925
297,Leaf mass per area,"Leaf area per leaf dry mass (specific leaf area, SLA or 1/LMA): undefined if petiole is in- or excluded)",104087,try_11439,36,36,0.006172839506172839,0.00956959706959707,0.015151515151515152
297,Leaf mass per area,"Leaf area per leaf dry mass (specific leaf area, SLA or 1/LMA): undefined if petiole is in- or excluded)",104090,try_11442,10,10,0.0071849999997722356,0.01237599999997347,0.019284000000029698
297,Leaf mass per area,"Leaf area per leaf dry mass (specific leaf area, SLA or 1/LMA): undefined if petiole is in- or excluded)",104091,try_11443,6,6,0.011300000000030511,0.021771634999876777,0.027759000000203805
297,Leaf mass per area,"Leaf area per leaf dry mass (specific leaf area, SLA or 1/LMA): undefined if petiole is in- or excluded)",104094,try_11446,8,8,0.0034539999999958554,0.004306499999962949,0.013585000000071864
297,Leaf mass per area,"Leaf area per leaf dry mass (specific leaf area, SLA or 1/LMA): undefined if petiole is in- or excluded)",104095,try_11447,4,4,0.004432225000061869,0.008197077499896238,0.008453138999646342
297,Leaf mass per area,"Leaf area per leaf dry mass (specific leaf area, SLA or 1/LMA): undefined if petiole is in- or excluded)",104097,try_11449,40,40,0.0063371356147021544,0.015759596716846094,0.03184713375796178
297,Leaf mass per area,"Leaf area per leaf dry mass (specific leaf area, SLA or 1/LMA): undefined if petiole is in- or excluded)",104106,try_11458,14,14,0.004505756394415153,0.006877584868263882,0.03248959279555496
297,Leaf mass per area,"Leaf area per leaf dry mass (specific leaf area, SLA or 1/LMA): undefined if petiole is in- or excluded)",104135,try_11487,18,18,0.003816793893129771,0.007519222071460878,0.011764705882352941
297,Leaf mass per area,"Leaf area per leaf dry mass (specific leaf area, SLA or 1/LMA): undefined if petiole is in- or excluded)",104137,try_11489,28,28,0.0027099999999772363,0.005644999999935378,0.012919999999992247
297,Leaf mass per area,"Leaf area per leaf dry mass (specific leaf area, SLA or 1/LMA): undefined if petiole is in- or excluded)",104138,try_11490,25,25,0.002409999999977346,0.005659999999989812,0.01505000000005719
297,Leaf mass per area,"Leaf area per leaf dry mass (specific leaf area, SLA or 1/LMA): undefined if petiole is in- or excluded)",104139,try_11491,26,26,0.00285000000001995,0.0052899999999988425,0.011029999999999228
297,Leaf mass per area,"Leaf area per leaf dry mass (specific leaf area, SLA or 1/LMA): undefined if petiole is in- or excluded)",104140,try_11492,22,22,0.00206000000001648,0.004370000000029522,0.01942000000008933
297,Leaf mass per area,"Leaf area per leaf dry mass (specific leaf area, SLA or 1/LMA): undefined if petiole is in- or excluded)",104141,try_11493,15,15,0.00251000000001255,0.004870000000116393,0.009689999999681198
297,Leaf mass per area,"Leaf area per leaf dry mass (specific leaf area, SLA or 1/LMA): undefined if petiole is in- or excluded)",104142,try_11494,21,21,0.002660000000028728,0.005270000000086428,0.011419999999959803
297,Leaf mass per area,"Leaf area per leaf dry mass (specific leaf area, SLA or 1/LMA): undefined if petiole is in- or excluded)",104143,try_11495,23,23,0.0033199999999681284,0.005670000000112832,0.012179999999961024
297,Leaf mass per area,"Leaf area per leaf dry mass (specific leaf area, SLA or 1/LMA): undefined if petiole is in- or excluded)",104144,try_11496,24,24,0.001709999999992476,0.005364999999977097,0.013949999999926065
297,Leaf mass per area,"Leaf area per leaf dry mass (specific leaf area, SLA or 1/LMA): undefined if petiole is in- or excluded)",104145,try_11497,29,20,0.002210000000013702,0.005270000000086428,0.008629999999734196
297,Leaf mass per area,"Leaf area per leaf dry mass (specific leaf area, SLA or 1/LMA): undefined if petiole is in- or excluded)",104147,try_11499,26,26,0.002239999999992832,0.004674999999904884,0.012980000000055815
297,Leaf mass per area,"Leaf area per leaf dry mass (specific leaf area, SLA or 1/LMA): undefined if petiole is in- or excluded)",104149,try_11501,21,21,0.004180000000013376,0.008629999999734196,0.01633999999997778
297,Leaf mass per area,"Leaf area per leaf dry mass (specific leaf area, SLA or 1/LMA): undefined if petiole is in- or excluded)",104150,try_11502,5,5,0.003409999847378978,0.0059000000001298005,0.011419999694785434
297,Leaf mass per area,"Leaf area per leaf dry mass (specific leaf area, SLA or 1/LMA): undefined if petiole is in- or excluded)",104163,try_11515,7,7,0.003919999999943552,0.007139999999947164,0.016870000000085362
297,Leaf mass per area,"Leaf area per leaf dry mass (specific leaf area, SLA or 1/LMA): undefined if petiole is in- or excluded)",104164,try_11516,6,6,0.003959999999925553,0.005685000000108704,0.010430000000035983
297,Leaf mass per area,"Leaf area per leaf dry mass (specific leaf area, SLA or 1/LMA): undefined if petiole is in- or excluded)",104167,try_11519,17,17,0.0026899999999704096,0.006130000000037393,0.0095000000004275
297,Leaf mass per area,"Leaf area per leaf dry mass (specific leaf area, SLA or 1/LMA): undefined if petiole is in- or excluded)",104168,try_11520,1,1,0.00806999999991123,0.00806999999991123,0.00806999999991123
297,Leaf mass per area,"Leaf area per leaf dry mass (specific leaf area, SLA or 1/LMA): undefined if petiole is in- or excluded)",104169,try_11521,8,8,0.003880000000043456,0.00832499999990251,0.015020000000108745
297,Leaf mass per area,"Leaf area per leaf dry mass (specific leaf area, SLA or 1/LMA): undefined if petiole is in- or excluded)",104170,try_11522,3,3,0.008680000305279082,0.0105000000000105,0.01063000030523206
297,Leaf mass per area,"Leaf area per leaf dry mass (specific leaf area, SLA or 1/LMA): undefined if petiole is in- or excluded)",104171,try_11523,50,26,0.001939999999984092,0.00416500000001575,0.008819999999786556
297,Leaf mass per area,"Leaf area per leaf dry mass (specific leaf area, SLA or 1/LMA): undefined if petiole is in- or excluded)",104172,try_11524,1,1,0.0030499999999908495,0.0030499999999908495,0.0030499999999908495
297,Leaf mass per area,"Leaf area per leaf dry mass (specific leaf area, SLA or 1/LMA): undefined if petiole is in- or excluded)",104173,try_11525,5,5,0.01029999999997631,0.012179999999961024,0.01424000000002506
297,Leaf mass per area,"Leaf area per leaf dry mass (specific leaf area, SLA or 1/LMA): undefined if petiole is in- or excluded)",104175,try_11527,20,9,0.002660000000028728,0.005239999999903584,0.007509999999828771
297,Leaf mass per area,"Leaf area per leaf dry mass (specific leaf area, SLA or 1/LMA): undefined if petiole is in- or excluded)",104238,try_11590,28,28,0.007930214115781126,0.012484773716397033,0.02444987775061125
297,Leaf mass per area,"Leaf area per leaf dry mass (specific leaf area, SLA or 1/LMA): undefined if petiole is in- or excluded)",104266,try_11618,2,1,0.003659999999944368,0.0047449999999879255,0.005830000000031483
297,Leaf mass per area,"Leaf area per leaf dry mass (specific leaf area, SLA or 1/LMA): undefined if petiole is in- or excluded)",104272,try_11624,3,3,0.006599999999788801,0.0072999999999926995,0.0089000000001424
297,Leaf mass per area,"Leaf area per leaf dry mass (specific leaf area, SLA or 1/LMA): undefined if petiole is in- or excluded)",104357,try_11709,4,1,0.007719999999790017,0.00911499999983335,0.00998000000015968
297,Leaf mass per area,"Leaf area per leaf dry mass (specific leaf area, SLA or 1/LMA): undefined if petiole is in- or excluded)",104359,try_11711,18,18,0.002810000000007868,0.005060000000067128,0.009719999999642303
297,Leaf mass per area,"Leaf area per leaf dry mass (specific leaf area, SLA or 1/LMA): undefined if petiole is in- or excluded)",104362,try_11714,9,9,0.00890079975239855,0.017351056379681647,0.02697113072028686
297,Leaf mass per area,"Leaf area per leaf dry mass (specific leaf area, SLA or 1/LMA): undefined if petiole is in- or excluded)",104363,try_11715,8,8,0.006774963716427755,0.011573698689443317,0.018147175649796374
297,Leaf mass per area,"Leaf area per leaf dry mass (specific leaf area, SLA or 1/LMA): undefined if petiole is in- or excluded)",104364,try_11716,8,8,0.00307435108974747,0.00535593942826238,0.011272531698401407
297,Leaf mass per area,"Leaf area per leaf dry mass (specific leaf area, SLA or 1/LMA): undefined if petiole is in- or excluded)",104365,try_11717,8,8,0.008146006175977997,0.015684326874872163,0.018169046606949485
297,Leaf mass per area,"Leaf area per leaf dry mass (specific leaf area, SLA or 1/LMA): undefined if petiole is in- or excluded)",104366,try_11718,17,16,0.002776819559671907,0.008062232158478323,0.014134104302841866
297,Leaf mass per area,"Leaf area per leaf dry mass (specific leaf area, SLA or 1/LMA): undefined if petiole is in- or excluded)",104367,try_11719,20,16,0.006960719043028903,0.011380514707011461,0.04149331353281263
297,Leaf mass per area,"Leaf area per leaf dry mass (specific leaf area, SLA or 1/LMA): undefined if petiole is in- or excluded)",104368,try_11720,5,5,0.004248397842485041,0.007064539111235931,0.010994187770860173
297,Leaf mass per area,"Leaf area per leaf dry mass (specific leaf area, SLA or 1/LMA): undefined if petiole is in- or excluded)",104370,try_11722,1062,24,0.0027792446010083943,0.0062959620954532,0.013789927800039853
297,Leaf mass per area,"Leaf area per leaf dry mass (specific leaf area, SLA or 1/LMA): undefined if petiole is in- or excluded)",104440,try_11792,2,2,0.024852042023936323,0.038325471094973945,0.05179890016601156
297,Leaf mass per area,"Leaf area per leaf dry mass (specific leaf area, SLA or 1/LMA): undefined if petiole is in- or excluded)",104441,try_11793,6,6,0.006949270326615705,0.008087386805922275,0.009017132551848512
297,Leaf mass per area,"Leaf area per leaf dry mass (specific leaf area, SLA or 1/LMA): undefined if petiole is in- or excluded)",104443,try_11795,3,3,0.012512512512512512,0.0177999288002848,0.027502750275027504
297,Leaf mass per area,"Leaf area per leaf dry mass (specific leaf area, SLA or 1/LMA): undefined if petiole is in- or excluded)",104444,try_11796,1,1,0.013003901170351105,0.013003901170351105,0.013003901170351105
297,Leaf mass per area,"Leaf area per leaf dry mass (specific leaf area, SLA or 1/LMA): undefined if petiole is in- or excluded)",104445,try_11797,3,1,0.01996007984031936,0.02,0.02
297,Leaf mass per area,"Leaf area per leaf dry mass (specific leaf area, SLA or 1/LMA): undefined if petiole is in- or excluded)",104453,try_11805,8,4,0.002887669650591972,0.0037236669821316152,0.004329004329004329
297,Leaf mass per area,"Leaf area per leaf dry mass (specific leaf area, SLA or 1/LMA): undefined if petiole is in- or excluded)",104461,try_11813,4,3,0.0036603221083455345,0.012693025468384075,0.02487562189054726
297,Leaf mass per area,"Leaf area per leaf dry mass (specific leaf area, SLA or 1/LMA): undefined if petiole is in- or excluded)",104462,try_11814,3,3,0.0067613252197430695,0.008726003490401396,0.009124087591240877
297,Leaf mass per area,"Leaf area per leaf dry mass (specific leaf area, SLA or 1/LMA): undefined if petiole is in- or excluded)",104463,try_11815,7,7,0.005,0.005630630630630631,0.0091324200913242
297,Leaf mass per area,"Leaf area per leaf dry mass (specific leaf area, SLA or 1/LMA): undefined if petiole is in- or excluded)",104464,try_11816,5,5,0.011363636363636364,0.014992503748125937,0.021505376344086023
297,Leaf mass per area,"Leaf area per leaf dry mass (specific leaf area, SLA or 1/LMA): undefined if petiole is in- or excluded)",104465,try_11817,3,3,0.006176652254478073,0.007283321194464675,0.010857763300760045
297,Leaf mass per area,"Leaf area per leaf dry mass (specific leaf area, SLA or 1/LMA): undefined if petiole is in- or excluded)",104466,try_11818,1,1,0.01026694045174538,0.01026694045174538,0.01026694045174538
297,Leaf mass per area,"Leaf area per leaf dry mass (specific leaf area, SLA or 1/LMA): undefined if petiole is in- or excluded)",104470,try_11822,2,1,0.021367521367521368,0.02261693490810436,0.02386634844868735
297,Leaf mass per area,"Leaf area per leaf dry mass (specific leaf area, SLA or 1/LMA): undefined if petiole is in- or excluded)",104478,try_11830,16,5,0.0020491803278688526,0.004464112040459055,0.00980392156862745
297,Leaf mass per area,"Leaf area per leaf dry mass (specific leaf area, SLA or 1/LMA): undefined if petiole is in- or excluded)",104482,try_11834,20,20,0.00182000000000182,0.002695000000015055,0.005480000000144672
297,Leaf mass per area,"Leaf area per leaf dry mass (specific leaf area, SLA or 1/LMA): undefined if petiole is in- or excluded)",104483,try_11835,5,3,0.002809778027535825,0.0069998600027999435,0.008010253123998718
297,Leaf mass per area,"Leaf area per leaf dry mass (specific leaf area, SLA or 1/LMA): undefined if petiole is in- or excluded)",104484,try_11836,2,2,0.0055248618784530384,0.01276243093922652,0.02
297,Leaf mass per area,"Leaf area per leaf dry mass (specific leaf area, SLA or 1/LMA): undefined if petiole is in- or excluded)",104485,try_11837,2,2,0.008771929824561403,0.015024262784621127,0.02127659574468085
297,Leaf mass per area,"Leaf area per leaf dry mass (specific leaf area, SLA or 1/LMA): undefined if petiole is in- or excluded)",104486,try_11838,2,2,0.007042253521126761,0.014159424632903806,0.02127659574468085
297,Leaf mass per area,"Leaf area per leaf dry mass (specific leaf area, SLA or 1/LMA): undefined if petiole is in- or excluded)",104490,try_11842,1,1,0.008298755186721992,0.008298755186721992,0.008298755186721992
297,Leaf mass per area,"Leaf area per leaf dry mass (specific leaf area, SLA or 1/LMA): undefined if petiole is in- or excluded)",104491,try_11843,1,1,0.0211864406779661,0.0211864406779661,0.0211864406779661
297,Leaf mass per area,"Leaf area per leaf dry mass (specific leaf area, SLA or 1/LMA): undefined if petiole is in- or excluded)",104492,try_11844,6,3,0.0021000021000021,0.004500040200399605,0.008700191404210893
297,Leaf mass per area,"Leaf area per leaf dry mass (specific leaf area, SLA or 1/LMA): undefined if petiole is in- or excluded)",104493,try_11845,13,13,0.004759275375575837,0.0062363911810294275,0.009359707378857284
297,Leaf mass per area,"Leaf area per leaf dry mass (specific leaf area, SLA or 1/LMA): undefined if petiole is in- or excluded)",104494,try_11846,2,1,0.00753012048192771,0.008005942344441378,0.008481764206955046
297,Leaf mass per area,"Leaf area per leaf dry mass (specific leaf area, SLA or 1/LMA): undefined if petiole is in- or excluded)",104495,try_11847,2,2,0.023094688221709007,0.02555294635175086,0.028011204481792715
297,Leaf mass per area,"Leaf area per leaf dry mass (specific leaf area, SLA or 1/LMA): undefined if petiole is in- or excluded)",104498,try_11850,19,19,0.004784688995215311,0.013513513513513514,0.041666666666666664
297,Leaf mass per area,"Leaf area per leaf dry mass (specific leaf area, SLA or 1/LMA): undefined if petiole is in- or excluded)",104499,try_11851,6,6,0.012099999999879,0.0137999999991885,0.024199999970476
297,Leaf mass per area,"Leaf area per leaf dry mass (specific leaf area, SLA or 1/LMA): undefined if petiole is in- or excluded)",104500,try_11852,6,2,0.008431703204047217,0.011740369335306044,0.014534883720930232
297,Leaf mass per area,"Leaf area per leaf dry mass (specific leaf area, SLA or 1/LMA): undefined if petiole is in- or excluded)",104501,try_11853,8,2,0.009233610341643583,0.013038708982745163,0.01644736842105263
297,Leaf mass per area,"Leaf area per leaf dry mass (specific leaf area, SLA or 1/LMA): undefined if petiole is in- or excluded)",104502,try_11854,6,3,0.0060716454159077116,0.009550955095509552,0.01095290251916758
297,Leaf mass per area,"Leaf area per leaf dry mass (specific leaf area, SLA or 1/LMA): undefined if petiole is in- or excluded)",104503,try_11855,3,3,0.004829984544049459,0.0057405281285878304,0.006579813133307014
297,Leaf mass per area,"Leaf area per leaf dry mass (specific leaf area, SLA or 1/LMA): undefined if petiole is in- or excluded)",104509,try_11861,17,1,0.004367765887748417,0.006887052341597796,0.008059966148142179
297,Leaf mass per area,"Leaf area per leaf dry mass (specific leaf area, SLA or 1/LMA): undefined if petiole is in- or excluded)",104510,try_11862,3,3,0.005988023952095809,0.005988023952095809,0.00847457627118644
297,Leaf mass per area,"Leaf area per leaf dry mass (specific leaf area, SLA or 1/LMA): undefined if petiole is in- or excluded)",104512,try_11864,6,1,0.013054830287206267,0.015988446398445887,0.01692047377326565
297,Leaf mass per area,"Leaf area per leaf dry mass (specific leaf area, SLA or 1/LMA): undefined if petiole is in- or excluded)",104513,try_11865,6,1,0.005221932114882507,0.006984433719496208,0.011160714285714286
297,Leaf mass per area,"Leaf area per leaf dry mass (specific leaf area, SLA or 1/LMA): undefined if petiole is in- or excluded)",104515,try_11867,1,1,0.013793103448275862,0.013793103448275862,0.013793103448275862
297,Leaf mass per area,"Leaf area per leaf dry mass (specific leaf area, SLA or 1/LMA): undefined if petiole is in- or excluded)",104517,try_11869,5,5,0.0017537706068046297,0.008795074758135443,0.012135922330097087
297,Leaf mass per area,"Leaf area per leaf dry mass (specific leaf area, SLA or 1/LMA): undefined if petiole is in- or excluded)",104519,try_11871,36,4,0.0023799890520503604,0.00355484862543118,0.00884016973125884
297,Leaf mass per area,"Leaf area per leaf dry mass (specific leaf area, SLA or 1/LMA): undefined if petiole is in- or excluded)",104520,try_11872,6,1,0.026153482475589684,0.026153482475589684,0.026153482475589684
297,Leaf mass per area,"Leaf area per leaf dry mass (specific leaf area, SLA or 1/LMA): undefined if petiole is in- or excluded)",104521,try_11873,6,1,0.025169896803423106,0.025169896803423106,0.025169896803423106
297,Leaf mass per area,"Leaf area per leaf dry mass (specific leaf area, SLA or 1/LMA): undefined if petiole is in- or excluded)",104522,try_11874,6,1,0.014942552564709688,0.014942552564709688,0.014942552564709688
297,Leaf mass per area,"Leaf area per leaf dry mass (specific leaf area, SLA or 1/LMA): undefined if petiole is in- or excluded)",104529,try_11881,18,3,0.0043859649122807015,0.007067932067932068,0.010869565217391304
297,Leaf mass per area,"Leaf area per leaf dry mass (specific leaf area, SLA or 1/LMA): undefined if petiole is in- or excluded)",104532,try_11884,2,1,0.013888888888888888,0.016944444444444443,0.02
297,Leaf mass per area,"Leaf area per leaf dry mass (specific leaf area, SLA or 1/LMA): undefined if petiole is in- or excluded)",104541,try_11893,200,200,0.001574057619152641,0.004433665435947306,0.0337592068302983
297,Leaf mass per area,"Leaf area per leaf dry mass (specific leaf area, SLA or 1/LMA): undefined if petiole is in- or excluded)",104546,try_11898,172,70,0.0016445693515076845,0.005564999527941124,0.03014405804221881
297,Leaf mass per area,"Leaf area per leaf dry mass (specific leaf area, SLA or 1/LMA): undefined if petiole is in- or excluded)",104547,try_11899,7,7,0.003408772494838709,0.0036817302391578704,0.0061739269500339705
297,Leaf mass per area,"Leaf area per leaf dry mass (specific leaf area, SLA or 1/LMA): undefined if petiole is in- or excluded)",104548,try_11900,62,62,0.0016445693515076845,0.005555015269735411,0.03014405804221881
297,Leaf mass per area,"Leaf area per leaf dry mass (specific leaf area, SLA or 1/LMA): undefined if petiole is in- or excluded)",104549,try_11901,1,1,0.030091874964414386,0.030091874964414386,0.030091874964414386
297,Leaf mass per area,"Leaf area per leaf dry mass (specific leaf area, SLA or 1/LMA): undefined if petiole is in- or excluded)",104550,try_11902,60,2,0.005376344086021506,0.023629646464618865,0.03204266792637861
297,Leaf mass per area,"Leaf area per leaf dry mass (specific leaf area, SLA or 1/LMA): undefined if petiole is in- or excluded)",104551,try_11903,27,1,0.0026226068712300026,0.006980972869775327,0.009174311926605505
297,Leaf mass per area,"Leaf area per leaf dry mass (specific leaf area, SLA or 1/LMA): undefined if petiole is in- or excluded)",104552,try_11904,57,2,0.005299417064122946,0.018765760978651586,0.04734067453379046
297,Leaf mass per area,"Leaf area per leaf dry mass (specific leaf area, SLA or 1/LMA): undefined if petiole is in- or excluded)",104553,try_11905,48,1,0.020563438206868186,0.029643351857755493,0.042265426880811495
297,Leaf mass per area,"Leaf area per leaf dry mass (specific leaf area, SLA or 1/LMA): undefined if petiole is in- or excluded)",104554,try_11906,6,1,0.0032546051931196473,0.0055346243302861866,0.010355625647032435
297,Leaf mass per area,"Leaf area per leaf dry mass (specific leaf area, SLA or 1/LMA): undefined if petiole is in- or excluded)",104555,try_11907,15,2,0.0071999999999424,0.012271444348999879,0.01929999999984753
297,Leaf mass per area,"Leaf area per leaf dry mass (specific leaf area, SLA or 1/LMA): undefined if petiole is in- or excluded)",104557,try_11909,16,2,0.005743495491356039,0.006488270914866364,0.008471704506946797
297,Leaf mass per area,"Leaf area per leaf dry mass (specific leaf area, SLA or 1/LMA): undefined if petiole is in- or excluded)",104558,try_11910,22,1,0.024691358024691357,0.033358568790517386,0.044678819603457605
297,Leaf mass per area,"Leaf area per leaf dry mass (specific leaf area, SLA or 1/LMA): undefined if petiole is in- or excluded)",104559,try_11911,69,1,0.01639344262295082,0.02857142857142857,0.04
297,Leaf mass per area,"Leaf area per leaf dry mass (specific leaf area, SLA or 1/LMA): undefined if petiole is in- or excluded)",104560,try_11912,12,1,0.0027793218454697055,0.005752361977896858,0.007569449701006736
297,Leaf mass per area,"Leaf area per leaf dry mass (specific leaf area, SLA or 1/LMA): undefined if petiole is in- or excluded)",104561,try_11913,6,3,0.018214936247723135,0.02000800320128051,0.023364485981308414
297,Leaf mass per area,"Leaf area per leaf dry mass (specific leaf area, SLA or 1/LMA): undefined if petiole is in- or excluded)",104619,try_11971,291,91,0.00240442414041837,0.006854009595613434,0.017182130584192438
297,Leaf mass per area,"Leaf area per leaf dry mass (specific leaf area, SLA or 1/LMA): undefined if petiole is in- or excluded)",104620,try_11972,2662,65,0.0019047414071321474,0.008234528549630096,0.026356677819119302
297,Leaf mass per area,"Leaf area per leaf dry mass (specific leaf area, SLA or 1/LMA): undefined if petiole is in- or excluded)",104621,try_11973,176,54,0.0014914243102162564,0.004218977808559421,0.02002002002002002
297,Leaf mass per area,"Leaf area per leaf dry mass (specific leaf area, SLA or 1/LMA): undefined if petiole is in- or excluded)",104622,try_11974,161,66,0.002181446230798623,0.0041269654482074935,0.012891193214942798
297,Leaf mass per area,"Leaf area per leaf dry mass (specific leaf area, SLA or 1/LMA): undefined if petiole is in- or excluded)",104623,try_11975,41,39,0.0030257186081694403,0.004636785162215815,0.02
297,Leaf mass per area,"Leaf area per leaf dry mass (specific leaf area, SLA or 1/LMA): undefined if petiole is in- or excluded)",104624,try_11976,62,38,0.0037299515106303614,0.006713790156533403,0.015360983102918589
297,Leaf mass per area,"Leaf area per leaf dry mass (specific leaf area, SLA or 1/LMA): undefined if petiole is in- or excluded)",104625,try_11977,181,59,0.0022346368715083797,0.004022526146419952,0.01455604075691412
297,Leaf mass per area,"Leaf area per leaf dry mass (specific leaf area, SLA or 1/LMA): undefined if petiole is in- or excluded)",104626,try_11978,62,40,0.00241750271969056,0.004812782750986621,0.01939111886755866
297,Leaf mass per area,"Leaf area per leaf dry mass (specific leaf area, SLA or 1/LMA): undefined if petiole is in- or excluded)",104628,try_11980,235,72,0.0012898232942086935,0.005361930294906166,0.020491803278688527
297,Leaf mass per area,"Leaf area per leaf dry mass (specific leaf area, SLA or 1/LMA): undefined if petiole is in- or excluded)",104629,try_11981,51,32,0.0019758940920766646,0.004661787329262039,0.02615062761506276
297,Leaf mass per area,"Leaf area per leaf dry mass (specific leaf area, SLA or 1/LMA): undefined if petiole is in- or excluded)",104630,try_11982,98,52,0.0015295197308045276,0.003828606475186216,0.01760253476500616
297,Leaf mass per area,"Leaf area per leaf dry mass (specific leaf area, SLA or 1/LMA): undefined if petiole is in- or excluded)",104631,try_11983,404,150,0.0018796992481203006,0.004672897196261682,0.03333333333333333
297,Leaf mass per area,"Leaf area per leaf dry mass (specific leaf area, SLA or 1/LMA): undefined if petiole is in- or excluded)",104739,try_12091,54,54,0.002225387217375823,0.007007326459383916,0.022401433691756272
297,Leaf mass per area,"Leaf area per leaf dry mass (specific leaf area, SLA or 1/LMA): undefined if petiole is in- or excluded)",104740,try_12092,57,13,0.0023125001734375134,0.006896152222905708,0.06821980420916192
297,Leaf mass per area,"Leaf area per leaf dry mass (specific leaf area, SLA or 1/LMA): undefined if petiole is in- or excluded)",104741,try_12093,20,7,0.0053390282968499726,0.00831255195344971,0.016
297,Leaf mass per area,"Leaf area per leaf dry mass (specific leaf area, SLA or 1/LMA): undefined if petiole is in- or excluded)",104744,try_12096,37,1,0.003666666667033333,0.0056666666678,0.007042253521126761
297,Leaf mass per area,"Leaf area per leaf dry mass (specific leaf area, SLA or 1/LMA): undefined if petiole is in- or excluded)",104746,try_12098,95,5,0.00444000000049728,0.00817999999685888,0.0364000000033488
297,Leaf mass per area,"Leaf area per leaf dry mass (specific leaf area, SLA or 1/LMA): undefined if petiole is in- or excluded)",104748,try_12100,13,13,0.003672420124862284,0.006253908692933083,0.00865051903114187
297,Leaf mass per area,"Leaf area per leaf dry mass (specific leaf area, SLA or 1/LMA): undefined if petiole is in- or excluded)",104749,try_12101,7,7,0.004288164665523156,0.006191950464396285,0.007473841554559043
297,Leaf mass per area,"Leaf area per leaf dry mass (specific leaf area, SLA or 1/LMA): undefined if petiole is in- or excluded)",104750,try_12102,13,13,0.003702332469455757,0.005714285714285714,0.008517887563884156
297,Leaf mass per area,"Leaf area per leaf dry mass (specific leaf area, SLA or 1/LMA): undefined if petiole is in- or excluded)",104751,try_12103,900,87,0.001206836523972983,0.005254889070419676,0.025275639692262892
297,Leaf mass per area,"Leaf area per leaf dry mass (specific leaf area, SLA or 1/LMA): undefined if petiole is in- or excluded)",104755,try_12107,43,15,0.0021591544679246946,0.0036458637856004914,0.0066168605865587525
297,Leaf mass per area,"Leaf area per leaf dry mass (specific leaf area, SLA or 1/LMA): undefined if petiole is in- or excluded)",104756,try_12108,4,4,0.007077984677144465,0.007356955973902067,0.013285049290030987
297,Leaf mass per area,"Leaf area per leaf dry mass (specific leaf area, SLA or 1/LMA): undefined if petiole is in- or excluded)",104757,try_12109,6,6,0.004755657592629933,0.00795652371444562,0.013062846774483326
297,Leaf mass per area,"Leaf area per leaf dry mass (specific leaf area, SLA or 1/LMA): undefined if petiole is in- or excluded)",104758,try_12110,5,5,0.003397172285825471,0.006718858919978357,0.012234039244365426
297,Leaf mass per area,"Leaf area per leaf dry mass (specific leaf area, SLA or 1/LMA): undefined if petiole is in- or excluded)",104759,try_12111,5,5,0.008690076065700082,0.01068692888457046,0.023418161465033605
297,Leaf mass per area,"Leaf area per leaf dry mass (specific leaf area, SLA or 1/LMA): undefined if petiole is in- or excluded)",104760,try_12112,3,3,0.005236728837865344,0.007133619970201925,0.011721274320376793
297,Leaf mass per area,"Leaf area per leaf dry mass (specific leaf area, SLA or 1/LMA): undefined if petiole is in- or excluded)",104761,try_12113,3,3,0.004957507082258303,0.005053925383845632,0.009468020731043747
297,Leaf mass per area,"Leaf area per leaf dry mass (specific leaf area, SLA or 1/LMA): undefined if petiole is in- or excluded)",104762,try_12114,6,6,0.005307420494753284,0.007973890117941142,0.012072600497030687
297,Leaf mass per area,"Leaf area per leaf dry mass (specific leaf area, SLA or 1/LMA): undefined if petiole is in- or excluded)",104763,try_12115,4,4,0.009286854035903933,0.011533465981433386,0.02440397972587872
297,Leaf mass per area,"Leaf area per leaf dry mass (specific leaf area, SLA or 1/LMA): undefined if petiole is in- or excluded)",104764,try_12116,7,7,0.002965403624401749,0.0070786206896403326,0.015466197399685782
297,Leaf mass per area,"Leaf area per leaf dry mass (specific leaf area, SLA or 1/LMA): undefined if petiole is in- or excluded)",104765,try_12117,3,3,0.008580363360917,0.010907810741489912,0.013760179724750035
297,Leaf mass per area,"Leaf area per leaf dry mass (specific leaf area, SLA or 1/LMA): undefined if petiole is in- or excluded)",104766,try_12118,3,3,0.007056740981538551,0.009311271439566211,0.013563422765849474
297,Leaf mass per area,"Leaf area per leaf dry mass (specific leaf area, SLA or 1/LMA): undefined if petiole is in- or excluded)",104767,try_12119,5,5,0.0039732097895609116,0.007041614123720571,0.009614923224803435
297,Leaf mass per area,"Leaf area per leaf dry mass (specific leaf area, SLA or 1/LMA): undefined if petiole is in- or excluded)",104768,try_12120,7,7,0.004175123224103566,0.005480321625084209,0.011322463768115944
297,Leaf mass per area,"Leaf area per leaf dry mass (specific leaf area, SLA or 1/LMA): undefined if petiole is in- or excluded)",104769,try_12121,10,10,0.004261437908444369,0.007242321767680074,0.012447698744736021
297,Leaf mass per area,"Leaf area per leaf dry mass (specific leaf area, SLA or 1/LMA): undefined if petiole is in- or excluded)",104770,try_12122,4,4,0.0033668611793544584,0.005983572808568165,0.009137477502372213
297,Leaf mass per area,"Leaf area per leaf dry mass (specific leaf area, SLA or 1/LMA): undefined if petiole is in- or excluded)",104771,try_12123,8,8,0.004241213044000347,0.005005261818104484,0.007974709361446182
297,Leaf mass per area,"Leaf area per leaf dry mass (specific leaf area, SLA or 1/LMA): undefined if petiole is in- or excluded)",104772,try_12124,3,3,0.00404290953811228,0.004972530030824504,0.006685466513611263
297,Leaf mass per area,"Leaf area per leaf dry mass (specific leaf area, SLA or 1/LMA): undefined if petiole is in- or excluded)",104773,try_12125,3,3,0.0033188936217283267,0.0036777431637642537,0.0049987609236381595
297,Leaf mass per area,"Leaf area per leaf dry mass (specific leaf area, SLA or 1/LMA): undefined if petiole is in- or excluded)",104774,try_12126,3,3,0.01182853357731062,0.014108061749484672,0.015518474374193288
297,Leaf mass per area,"Leaf area per leaf dry mass (specific leaf area, SLA or 1/LMA): undefined if petiole is in- or excluded)",104775,try_12127,6,6,0.003614320027448878,0.007288036618089824,0.0088457784286636
297,Leaf mass per area,"Leaf area per leaf dry mass (specific leaf area, SLA or 1/LMA): undefined if petiole is in- or excluded)",104776,try_12128,9,9,0.004375197347624217,0.0067878407083063344,0.009145757517392843
297,Leaf mass per area,"Leaf area per leaf dry mass (specific leaf area, SLA or 1/LMA): undefined if petiole is in- or excluded)",104777,try_12129,5,5,0.0037055908101347908,0.005470276304742002,0.009765848368985341
297,Leaf mass per area,"Leaf area per leaf dry mass (specific leaf area, SLA or 1/LMA): undefined if petiole is in- or excluded)",104778,try_12130,6,6,0.0036867389118863747,0.0045652248474822126,0.011799747966483401
297,Leaf mass per area,"Leaf area per leaf dry mass (specific leaf area, SLA or 1/LMA): undefined if petiole is in- or excluded)",104779,try_12131,6,6,0.00316750840265131,0.0052426098689823675,0.007826526405294486
297,Leaf mass per area,"Leaf area per leaf dry mass (specific leaf area, SLA or 1/LMA): undefined if petiole is in- or excluded)",104780,try_12132,7,7,0.0034650377688773765,0.0050024852659456545,0.011471947229985829
297,Leaf mass per area,"Leaf area per leaf dry mass (specific leaf area, SLA or 1/LMA): undefined if petiole is in- or excluded)",104781,try_12133,5,5,0.0018953523540633642,0.00355541058468448,0.009572267600621432
297,Leaf mass per area,"Leaf area per leaf dry mass (specific leaf area, SLA or 1/LMA): undefined if petiole is in- or excluded)",104782,try_12134,7,7,0.0025502599940180814,0.0033992893372218973,0.009565916398352413
297,Leaf mass per area,"Leaf area per leaf dry mass (specific leaf area, SLA or 1/LMA): undefined if petiole is in- or excluded)",104783,try_12135,7,7,0.0024905804968563742,0.004760228400777854,0.006478434667658731
297,Leaf mass per area,"Leaf area per leaf dry mass (specific leaf area, SLA or 1/LMA): undefined if petiole is in- or excluded)",104784,try_12136,9,9,0.00393301751681977,0.004508169389740077,0.008748128919896216
297,Leaf mass per area,"Leaf area per leaf dry mass (specific leaf area, SLA or 1/LMA): undefined if petiole is in- or excluded)",104785,try_12137,33,28,0.0019559797094078108,0.00606208304158167,0.017150063051823507
297,Leaf mass per area,"Leaf area per leaf dry mass (specific leaf area, SLA or 1/LMA): undefined if petiole is in- or excluded)",104786,try_12138,6,6,0.0031658092599920855,0.00681597132468084,0.018729804694496862
297,Leaf mass per area,"Leaf area per leaf dry mass (specific leaf area, SLA or 1/LMA): undefined if petiole is in- or excluded)",104787,try_12139,3,3,0.00501080172816226,0.005523778725565641,0.010148627701240887
297,Leaf mass per area,"Leaf area per leaf dry mass (specific leaf area, SLA or 1/LMA): undefined if petiole is in- or excluded)",104788,try_12140,3,3,0.0062886661535165814,0.008289656003501546,0.012669108781938916
297,Leaf mass per area,"Leaf area per leaf dry mass (specific leaf area, SLA or 1/LMA): undefined if petiole is in- or excluded)",104789,try_12141,5,5,0.004441479842518174,0.006842420902485579,0.008157483323895244
297,Leaf mass per area,"Leaf area per leaf dry mass (specific leaf area, SLA or 1/LMA): undefined if petiole is in- or excluded)",104790,try_12142,3,3,0.004849306905812937,0.005201916495422814,0.005981526320343084
297,Leaf mass per area,"Leaf area per leaf dry mass (specific leaf area, SLA or 1/LMA): undefined if petiole is in- or excluded)",104791,try_12143,11,11,0.002950922369328407,0.005364283293909596,0.009580372761754254
297,Leaf mass per area,"Leaf area per leaf dry mass (specific leaf area, SLA or 1/LMA): undefined if petiole is in- or excluded)",104792,try_12144,7,7,0.002357100766057749,0.00393638898765524,0.022083075015606406
297,Leaf mass per area,"Leaf area per leaf dry mass (specific leaf area, SLA or 1/LMA): undefined if petiole is in- or excluded)",104793,try_12145,7,7,0.0018661023470558423,0.005160759529073827,0.02222037973648029
297,Leaf mass per area,"Leaf area per leaf dry mass (specific leaf area, SLA or 1/LMA): undefined if petiole is in- or excluded)",104794,try_12146,7,7,0.0028080607862477434,0.003871355247312012,0.0066196542309535575
297,Leaf mass per area,"Leaf area per leaf dry mass (specific leaf area, SLA or 1/LMA): undefined if petiole is in- or excluded)",104795,try_12147,5,5,0.002924338709553947,0.005443055607420845,0.008928164369643091
297,Leaf mass per area,"Leaf area per leaf dry mass (specific leaf area, SLA or 1/LMA): undefined if petiole is in- or excluded)",104796,try_12148,2,2,0.0032409888186737813,0.00601949705246584,0.008798005286257899
297,Leaf mass per area,"Leaf area per leaf dry mass (specific leaf area, SLA or 1/LMA): undefined if petiole is in- or excluded)",104797,try_12149,5,5,0.0032660167130912398,0.005376640562075966,0.012206670482390318
297,Leaf mass per area,"Leaf area per leaf dry mass (specific leaf area, SLA or 1/LMA): undefined if petiole is in- or excluded)",104798,try_12150,3,3,0.0034026535480522232,0.0036858876876223463,0.008354248144830803
297,Leaf mass per area,"Leaf area per leaf dry mass (specific leaf area, SLA or 1/LMA): undefined if petiole is in- or excluded)",104799,try_12151,7,7,0.00451518170845072,0.009261045458534452,0.01074149447601105
297,Leaf mass per area,"Leaf area per leaf dry mass (specific leaf area, SLA or 1/LMA): undefined if petiole is in- or excluded)",104800,try_12152,5,5,0.0025131427105742777,0.004572722127939731,0.01453010250136737
297,Leaf mass per area,"Leaf area per leaf dry mass (specific leaf area, SLA or 1/LMA): undefined if petiole is in- or excluded)",104801,try_12153,6,6,0.005316043180174627,0.010541723967843343,0.014608667183951672
297,Leaf mass per area,"Leaf area per leaf dry mass (specific leaf area, SLA or 1/LMA): undefined if petiole is in- or excluded)",104802,try_12154,8,8,0.0019680913007870384,0.003150135077816245,0.004685348933170871
297,Leaf mass per area,"Leaf area per leaf dry mass (specific leaf area, SLA or 1/LMA): undefined if petiole is in- or excluded)",104803,try_12155,4,4,0.004171860206920714,0.004967941525610637,0.006965182964254666
297,Leaf mass per area,"Leaf area per leaf dry mass (specific leaf area, SLA or 1/LMA): undefined if petiole is in- or excluded)",104804,try_12156,1,1,0.021630000000017087,0.021630000000017087,0.021630000000017087
297,Leaf mass per area,"Leaf area per leaf dry mass (specific leaf area, SLA or 1/LMA): undefined if petiole is in- or excluded)",104807,try_12159,1,1,0.022989999999881373,0.022989999999881373,0.022989999999881373
297,Leaf mass per area,"Leaf area per leaf dry mass (specific leaf area, SLA or 1/LMA): undefined if petiole is in- or excluded)",104808,try_12160,1,1,0.023490000000067884,0.023490000000067884,0.023490000000067884
297,Leaf mass per area,"Leaf area per leaf dry mass (specific leaf area, SLA or 1/LMA): undefined if petiole is in- or excluded)",104810,try_12162,1,1,0.017030000000043597,0.017030000000043597,0.017030000000043597
297,Leaf mass per area,"Leaf area per leaf dry mass (specific leaf area, SLA or 1/LMA): undefined if petiole is in- or excluded)",104812,try_12164,1,1,0.01717000000013856,0.01717000000013856,0.01717000000013856
297,Leaf mass per area,"Leaf area per leaf dry mass (specific leaf area, SLA or 1/LMA): undefined if petiole is in- or excluded)",104817,try_12169,1,1,0.019630000000152328,0.019630000000152328,0.019630000000152328
297,Leaf mass per area,"Leaf area per leaf dry mass (specific leaf area, SLA or 1/LMA): undefined if petiole is in- or excluded)",104818,try_12170,1,1,0.016120000000024504,0.016120000000024504,0.016120000000024504
297,Leaf mass per area,"Leaf area per leaf dry mass (specific leaf area, SLA or 1/LMA): undefined if petiole is in- or excluded)",104826,try_12178,1,1,0.022480000000062943,0.022480000000062943,0.022480000000062943
297,Leaf mass per area,"Leaf area per leaf dry mass (specific leaf area, SLA or 1/LMA): undefined if petiole is in- or excluded)",104827,try_12179,1,1,0.022319999999757156,0.022319999999757156,0.022319999999757156
297,Leaf mass per area,"Leaf area per leaf dry mass (specific leaf area, SLA or 1/LMA): undefined if petiole is in- or excluded)",104829,try_12181,1,1,0.024580000000061945,0.024580000000061945,0.024580000000061945
297,Leaf mass per area,"Leaf area per leaf dry mass (specific leaf area, SLA or 1/LMA): undefined if petiole is in- or excluded)",104833,try_12185,1,1,0.01631999999997911,0.01631999999997911,0.01631999999997911
297,Leaf mass per area,"Leaf area per leaf dry mass (specific leaf area, SLA or 1/LMA): undefined if petiole is in- or excluded)",104837,try_12189,1,1,0.018180000000018178,0.018180000000018178,0.018180000000018178
297,Leaf mass per area,"Leaf area per leaf dry mass (specific leaf area, SLA or 1/LMA): undefined if petiole is in- or excluded)",104848,try_12200,1,1,0.008469999999812813,0.008469999999812813,0.008469999999812813
297,Leaf mass per area,"Leaf area per leaf dry mass (specific leaf area, SLA or 1/LMA): undefined if petiole is in- or excluded)",104850,try_12202,1,1,0.023769999999796527,0.023769999999796527,0.023769999999796527
297,Leaf mass per area,"Leaf area per leaf dry mass (specific leaf area, SLA or 1/LMA): undefined if petiole is in- or excluded)",104851,try_12203,1,1,0.024779999999931114,0.024779999999931114,0.024779999999931114
297,Leaf mass per area,"Leaf area per leaf dry mass (specific leaf area, SLA or 1/LMA): undefined if petiole is in- or excluded)",104861,try_12213,1,1,0.022579999999994584,0.022579999999994584,0.022579999999994584
297,Leaf mass per area,"Leaf area per leaf dry mass (specific leaf area, SLA or 1/LMA): undefined if petiole is in- or excluded)",104863,try_12215,1,1,0.024110000000207348,0.024110000000207348,0.024110000000207348
297,Leaf mass per area,"Leaf area per leaf dry mass (specific leaf area, SLA or 1/LMA): undefined if petiole is in- or excluded)",104880,try_12232,1,1,0.024189999999889935,0.024189999999889935,0.024189999999889935
297,Leaf mass per area,"Leaf area per leaf dry mass (specific leaf area, SLA or 1/LMA): undefined if petiole is in- or excluded)",104882,try_12234,1,1,0.01929000000004591,0.01929000000004591,0.01929000000004591
297,Leaf mass per area,"Leaf area per leaf dry mass (specific leaf area, SLA or 1/LMA): undefined if petiole is in- or excluded)",104884,try_12236,1,1,0.020610000000161582,0.020610000000161582,0.020610000000161582
297,Leaf mass per area,"Leaf area per leaf dry mass (specific leaf area, SLA or 1/LMA): undefined if petiole is in- or excluded)",104897,try_12249,1,1,0.01717000000013856,0.01717000000013856,0.01717000000013856
297,Leaf mass per area,"Leaf area per leaf dry mass (specific leaf area, SLA or 1/LMA): undefined if petiole is in- or excluded)",104967,try_12319,1,1,0.022420000000122862,0.022420000000122862,0.022420000000122862
297,Leaf mass per area,"Leaf area per leaf dry mass (specific leaf area, SLA or 1/LMA): undefined if petiole is in- or excluded)",104973,try_12325,2,2,0.010179999999998371,0.011549999999995309,0.012919999999992247
297,Leaf mass per area,"Leaf area per leaf dry mass (specific leaf area, SLA or 1/LMA): undefined if petiole is in- or excluded)",104977,try_12329,1,1,0.023669999999821292,0.023669999999821292,0.023669999999821292
297,Leaf mass per area,"Leaf area per leaf dry mass (specific leaf area, SLA or 1/LMA): undefined if petiole is in- or excluded)",104979,try_12331,1,1,0.021250000000185936,0.021250000000185936,0.021250000000185936
297,Leaf mass per area,"Leaf area per leaf dry mass (specific leaf area, SLA or 1/LMA): undefined if petiole is in- or excluded)",104981,try_12333,1,1,0.021999999999779998,0.021999999999779998,0.021999999999779998
297,Leaf mass per area,"Leaf area per leaf dry mass (specific leaf area, SLA or 1/LMA): undefined if petiole is in- or excluded)",104982,try_12334,1,1,0.02869999999992825,0.02869999999992825,0.02869999999992825
297,Leaf mass per area,"Leaf area per leaf dry mass (specific leaf area, SLA or 1/LMA): undefined if petiole is in- or excluded)",104983,try_12335,1,1,0.02298000000018706,0.02298000000018706,0.02298000000018706
297,Leaf mass per area,"Leaf area per leaf dry mass (specific leaf area, SLA or 1/LMA): undefined if petiole is in- or excluded)",104984,try_12336,1,1,0.022410000000101068,0.022410000000101068,0.022410000000101068
297,Leaf mass per area,"Leaf area per leaf dry mass (specific leaf area, SLA or 1/LMA): undefined if petiole is in- or excluded)",104985,try_12337,1,1,0.02427999999985432,0.02427999999985432,0.02427999999985432
297,Leaf mass per area,"Leaf area per leaf dry mass (specific leaf area, SLA or 1/LMA): undefined if petiole is in- or excluded)",104986,try_12338,1,1,0.022889999999739282,0.022889999999739282,0.022889999999739282
297,Leaf mass per area,"Leaf area per leaf dry mass (specific leaf area, SLA or 1/LMA): undefined if petiole is in- or excluded)",104987,try_12339,1,1,0.02003999999991904,0.02003999999991904,0.02003999999991904
297,Leaf mass per area,"Leaf area per leaf dry mass (specific leaf area, SLA or 1/LMA): undefined if petiole is in- or excluded)",104988,try_12340,1,1,0.024290000000197723,0.024290000000197723,0.024290000000197723
297,Leaf mass per area,"Leaf area per leaf dry mass (specific leaf area, SLA or 1/LMA): undefined if petiole is in- or excluded)",104989,try_12341,1,1,0.02095000000016446,0.02095000000016446,0.02095000000016446
297,Leaf mass per area,"Leaf area per leaf dry mass (specific leaf area, SLA or 1/LMA): undefined if petiole is in- or excluded)",104990,try_12342,1,1,0.02207000000005915,0.02207000000005915,0.02207000000005915
297,Leaf mass per area,"Leaf area per leaf dry mass (specific leaf area, SLA or 1/LMA): undefined if petiole is in- or excluded)",104991,try_12343,1,1,0.023210000000053847,0.023210000000053847,0.023210000000053847
297,Leaf mass per area,"Leaf area per leaf dry mass (specific leaf area, SLA or 1/LMA): undefined if petiole is in- or excluded)",104992,try_12344,1,1,0.02135999999988551,0.02135999999988551,0.02135999999988551
297,Leaf mass per area,"Leaf area per leaf dry mass (specific leaf area, SLA or 1/LMA): undefined if petiole is in- or excluded)",104994,try_12346,1,1,0.022360000000161886,0.022360000000161886,0.022360000000161886
297,Leaf mass per area,"Leaf area per leaf dry mass (specific leaf area, SLA or 1/LMA): undefined if petiole is in- or excluded)",104995,try_12347,1,1,0.021750000000119625,0.021750000000119625,0.021750000000119625
297,Leaf mass per area,"Leaf area per leaf dry mass (specific leaf area, SLA or 1/LMA): undefined if petiole is in- or excluded)",104996,try_12348,1,1,0.02071999999980606,0.02071999999980606,0.02071999999980606
297,Leaf mass per area,"Leaf area per leaf dry mass (specific leaf area, SLA or 1/LMA): undefined if petiole is in- or excluded)",104997,try_12349,1,1,0.02580000000031992,0.02580000000031992,0.02580000000031992
297,Leaf mass per area,"Leaf area per leaf dry mass (specific leaf area, SLA or 1/LMA): undefined if petiole is in- or excluded)",104998,try_12350,1,1,0.01978000000007516,0.01978000000007516,0.01978000000007516
297,Leaf mass per area,"Leaf area per leaf dry mass (specific leaf area, SLA or 1/LMA): undefined if petiole is in- or excluded)",104999,try_12351,1,1,0.029230000000418577,0.029230000000418577,0.029230000000418577
297,Leaf mass per area,"Leaf area per leaf dry mass (specific leaf area, SLA or 1/LMA): undefined if petiole is in- or excluded)",105001,try_12353,1,1,0.025179999999877627,0.025179999999877627,0.025179999999877627
297,Leaf mass per area,"Leaf area per leaf dry mass (specific leaf area, SLA or 1/LMA): undefined if petiole is in- or excluded)",105002,try_12354,1,1,0.019149999999935847,0.019149999999935847,0.019149999999935847
297,Leaf mass per area,"Leaf area per leaf dry mass (specific leaf area, SLA or 1/LMA): undefined if petiole is in- or excluded)",105004,try_12356,1,1,0.02447999999976891,0.02447999999976891,0.02447999999976891
297,Leaf mass per area,"Leaf area per leaf dry mass (specific leaf area, SLA or 1/LMA): undefined if petiole is in- or excluded)",105005,try_12357,1,1,0.022689999999897213,0.022689999999897213,0.022689999999897213
297,Leaf mass per area,"Leaf area per leaf dry mass (specific leaf area, SLA or 1/LMA): undefined if petiole is in- or excluded)",105006,try_12358,1,1,0.020060000000015246,0.020060000000015246,0.020060000000015246
297,Leaf mass per area,"Leaf area per leaf dry mass (specific leaf area, SLA or 1/LMA): undefined if petiole is in- or excluded)",105012,try_12364,1,1,0.02645999999982642,0.02645999999982642,0.02645999999982642
297,Leaf mass per area,"Leaf area per leaf dry mass (specific leaf area, SLA or 1/LMA): undefined if petiole is in- or excluded)",105014,try_12366,1,1,0.022350000000243616,0.022350000000243616,0.022350000000243616
297,Leaf mass per area,"Leaf area per leaf dry mass (specific leaf area, SLA or 1/LMA): undefined if petiole is in- or excluded)",105015,try_12367,1,1,0.01773999999994146,0.01773999999994146,0.01773999999994146
297,Leaf mass per area,"Leaf area per leaf dry mass (specific leaf area, SLA or 1/LMA): undefined if petiole is in- or excluded)",105016,try_12368,1,1,0.021630000000017087,0.021630000000017087,0.021630000000017087
297,Leaf mass per area,"Leaf area per leaf dry mass (specific leaf area, SLA or 1/LMA): undefined if petiole is in- or excluded)",105018,try_12370,1,1,0.02601999999968568,0.02601999999968568,0.02601999999968568
297,Leaf mass per area,"Leaf area per leaf dry mass (specific leaf area, SLA or 1/LMA): undefined if petiole is in- or excluded)",105020,try_12372,1,1,0.02787999999990744,0.02787999999990744,0.02787999999990744
297,Leaf mass per area,"Leaf area per leaf dry mass (specific leaf area, SLA or 1/LMA): undefined if petiole is in- or excluded)",105021,try_12373,1,1,0.028889999999701276,0.028889999999701276,0.028889999999701276
297,Leaf mass per area,"Leaf area per leaf dry mass (specific leaf area, SLA or 1/LMA): undefined if petiole is in- or excluded)",105022,try_12374,1,1,0.021070000000016645,0.021070000000016645,0.021070000000016645
297,Leaf mass per area,"Leaf area per leaf dry mass (specific leaf area, SLA or 1/LMA): undefined if petiole is in- or excluded)",105023,try_12375,2,2,0.023480000000231985,0.02540500000004439,0.027329999999856792
297,Leaf mass per area,"Leaf area per leaf dry mass (specific leaf area, SLA or 1/LMA): undefined if petiole is in- or excluded)",105026,try_12378,1,1,0.02700999999967723,0.02700999999967723,0.02700999999967723
297,Leaf mass per area,"Leaf area per leaf dry mass (specific leaf area, SLA or 1/LMA): undefined if petiole is in- or excluded)",105027,try_12379,1,1,0.02016999999981827,0.02016999999981827,0.02016999999981827
297,Leaf mass per area,"Leaf area per leaf dry mass (specific leaf area, SLA or 1/LMA): undefined if petiole is in- or excluded)",105029,try_12381,1,1,0.022829999999835853,0.022829999999835853,0.022829999999835853
297,Leaf mass per area,"Leaf area per leaf dry mass (specific leaf area, SLA or 1/LMA): undefined if petiole is in- or excluded)",105030,try_12382,1,1,0.014040000000014041,0.014040000000014041,0.014040000000014041
297,Leaf mass per area,"Leaf area per leaf dry mass (specific leaf area, SLA or 1/LMA): undefined if petiole is in- or excluded)",105033,try_12385,1,1,0.0220800000002261,0.0220800000002261,0.0220800000002261
297,Leaf mass per area,"Leaf area per leaf dry mass (specific leaf area, SLA or 1/LMA): undefined if petiole is in- or excluded)",105038,try_12390,1,1,0.019800000000019802,0.019800000000019802,0.019800000000019802
297,Leaf mass per area,"Leaf area per leaf dry mass (specific leaf area, SLA or 1/LMA): undefined if petiole is in- or excluded)",105040,try_12392,1,1,0.025840000000318348,0.025840000000318348,0.025840000000318348
297,Leaf mass per area,"Leaf area per leaf dry mass (specific leaf area, SLA or 1/LMA): undefined if petiole is in- or excluded)",105042,try_12394,1,1,0.024880000000009953,0.024880000000009953,0.024880000000009953
297,Leaf mass per area,"Leaf area per leaf dry mass (specific leaf area, SLA or 1/LMA): undefined if petiole is in- or excluded)",105044,try_12396,1,1,0.023349999999741983,0.023349999999741983,0.023349999999741983
297,Leaf mass per area,"Leaf area per leaf dry mass (specific leaf area, SLA or 1/LMA): undefined if petiole is in- or excluded)",105045,try_12397,1,1,0.02411999999975494,0.02411999999975494,0.02411999999975494
297,Leaf mass per area,"Leaf area per leaf dry mass (specific leaf area, SLA or 1/LMA): undefined if petiole is in- or excluded)",105048,try_12400,1,1,0.030009999999722408,0.030009999999722408,0.030009999999722408
297,Leaf mass per area,"Leaf area per leaf dry mass (specific leaf area, SLA or 1/LMA): undefined if petiole is in- or excluded)",105049,try_12401,1,1,0.030330000000052166,0.030330000000052166,0.030330000000052166
297,Leaf mass per area,"Leaf area per leaf dry mass (specific leaf area, SLA or 1/LMA): undefined if petiole is in- or excluded)",105050,try_12402,1,1,0.020739999999811264,0.020739999999811264,0.020739999999811264
297,Leaf mass per area,"Leaf area per leaf dry mass (specific leaf area, SLA or 1/LMA): undefined if petiole is in- or excluded)",105051,try_12403,1,1,0.02197999999976657,0.02197999999976657,0.02197999999976657
297,Leaf mass per area,"Leaf area per leaf dry mass (specific leaf area, SLA or 1/LMA): undefined if petiole is in- or excluded)",105052,try_12404,1,1,0.019350000000115133,0.019350000000115133,0.019350000000115133
297,Leaf mass per area,"Leaf area per leaf dry mass (specific leaf area, SLA or 1/LMA): undefined if petiole is in- or excluded)",105053,try_12405,1,1,0.02200999999984923,0.02200999999984923,0.02200999999984923
297,Leaf mass per area,"Leaf area per leaf dry mass (specific leaf area, SLA or 1/LMA): undefined if petiole is in- or excluded)",105054,try_12406,1,1,0.02139999999982452,0.02139999999982452,0.02139999999982452
297,Leaf mass per area,"Leaf area per leaf dry mass (specific leaf area, SLA or 1/LMA): undefined if petiole is in- or excluded)",105056,try_12408,1,1,0.021739999999809557,0.021739999999809557,0.021739999999809557
297,Leaf mass per area,"Leaf area per leaf dry mass (specific leaf area, SLA or 1/LMA): undefined if petiole is in- or excluded)",105057,try_12409,1,1,0.024440000000138816,0.024440000000138816,0.024440000000138816
297,Leaf mass per area,"Leaf area per leaf dry mass (specific leaf area, SLA or 1/LMA): undefined if petiole is in- or excluded)",105060,try_12412,1,1,0.009610000000246977,0.009610000000246977,0.009610000000246977
297,Leaf mass per area,"Leaf area per leaf dry mass (specific leaf area, SLA or 1/LMA): undefined if petiole is in- or excluded)",105061,try_12413,1,1,0.02884999999971583,0.02884999999971583,0.02884999999971583
297,Leaf mass per area,"Leaf area per leaf dry mass (specific leaf area, SLA or 1/LMA): undefined if petiole is in- or excluded)",105064,try_12416,1,1,0.024199999999758,0.024199999999758,0.024199999999758
297,Leaf mass per area,"Leaf area per leaf dry mass (specific leaf area, SLA or 1/LMA): undefined if petiole is in- or excluded)",105066,try_12418,1,1,0.019690000000073836,0.019690000000073836,0.019690000000073836
297,Leaf mass per area,"Leaf area per leaf dry mass (specific leaf area, SLA or 1/LMA): undefined if petiole is in- or excluded)",105067,try_12419,1,1,0.023939999999812788,0.023939999999812788,0.023939999999812788
297,Leaf mass per area,"Leaf area per leaf dry mass (specific leaf area, SLA or 1/LMA): undefined if petiole is in- or excluded)",105068,try_12420,1,1,0.026820000000292336,0.026820000000292336,0.026820000000292336
297,Leaf mass per area,"Leaf area per leaf dry mass (specific leaf area, SLA or 1/LMA): undefined if petiole is in- or excluded)",105070,try_12422,1,1,0.0109600000000491,0.0109600000000491,0.0109600000000491
297,Leaf mass per area,"Leaf area per leaf dry mass (specific leaf area, SLA or 1/LMA): undefined if petiole is in- or excluded)",105071,try_12423,1,1,0.021280000000003407,0.021280000000003407,0.021280000000003407
297,Leaf mass per area,"Leaf area per leaf dry mass (specific leaf area, SLA or 1/LMA): undefined if petiole is in- or excluded)",105072,try_12424,1,1,0.020690000000087107,0.020690000000087107,0.020690000000087107
297,Leaf mass per area,"Leaf area per leaf dry mass (specific leaf area, SLA or 1/LMA): undefined if petiole is in- or excluded)",105073,try_12425,1,1,0.019959999999920958,0.019959999999920958,0.019959999999920958
297,Leaf mass per area,"Leaf area per leaf dry mass (specific leaf area, SLA or 1/LMA): undefined if petiole is in- or excluded)",105074,try_12426,1,1,0.0215900000001412,0.0215900000001412,0.0215900000001412
297,Leaf mass per area,"Leaf area per leaf dry mass (specific leaf area, SLA or 1/LMA): undefined if petiole is in- or excluded)",105076,try_12428,1,1,0.00826000000018172,0.00826000000018172,0.00826000000018172
297,Leaf mass per area,"Leaf area per leaf dry mass (specific leaf area, SLA or 1/LMA): undefined if petiole is in- or excluded)",105077,try_12429,2,2,0.019040000000130994,0.019760000000065496,0.02048
297,Leaf mass per area,"Leaf area per leaf dry mass (specific leaf area, SLA or 1/LMA): undefined if petiole is in- or excluded)",105078,try_12430,1,1,0.024189999999889935,0.024189999999889935,0.024189999999889935
297,Leaf mass per area,"Leaf area per leaf dry mass (specific leaf area, SLA or 1/LMA): undefined if petiole is in- or excluded)",105080,try_12432,1,1,0.01760000000005632,0.01760000000005632,0.01760000000005632
297,Leaf mass per area,"Leaf area per leaf dry mass (specific leaf area, SLA or 1/LMA): undefined if petiole is in- or excluded)",105081,try_12433,1,1,0.02172999999991004,0.02172999999991004,0.02172999999991004
297,Leaf mass per area,"Leaf area per leaf dry mass (specific leaf area, SLA or 1/LMA): undefined if petiole is in- or excluded)",105082,try_12434,1,1,0.025420000000290804,0.025420000000290804,0.025420000000290804
297,Leaf mass per area,"Leaf area per leaf dry mass (specific leaf area, SLA or 1/LMA): undefined if petiole is in- or excluded)",105084,try_12436,1,1,0.033969999999574015,0.033969999999574015,0.033969999999574015
297,Leaf mass per area,"Leaf area per leaf dry mass (specific leaf area, SLA or 1/LMA): undefined if petiole is in- or excluded)",105085,try_12437,1,1,0.017949999999898582,0.017949999999898582,0.017949999999898582
297,Leaf mass per area,"Leaf area per leaf dry mass (specific leaf area, SLA or 1/LMA): undefined if petiole is in- or excluded)",105086,try_12438,1,1,0.020659999999910746,0.020659999999910746,0.020659999999910746
297,Leaf mass per area,"Leaf area per leaf dry mass (specific leaf area, SLA or 1/LMA): undefined if petiole is in- or excluded)",105087,try_12439,1,1,0.017909999999859944,0.017909999999859944,0.017909999999859944
297,Leaf mass per area,"Leaf area per leaf dry mass (specific leaf area, SLA or 1/LMA): undefined if petiole is in- or excluded)",105088,try_12440,1,1,0.009010000000239667,0.009010000000239667,0.009010000000239667
297,Leaf mass per area,"Leaf area per leaf dry mass (specific leaf area, SLA or 1/LMA): undefined if petiole is in- or excluded)",105090,try_12442,1,1,0.022520000000008106,0.022520000000008106,0.022520000000008106
297,Leaf mass per area,"Leaf area per leaf dry mass (specific leaf area, SLA or 1/LMA): undefined if petiole is in- or excluded)",105091,try_12443,1,1,0.02161000000004668,0.02161000000004668,0.02161000000004668
297,Leaf mass per area,"Leaf area per leaf dry mass (specific leaf area, SLA or 1/LMA): undefined if petiole is in- or excluded)",105092,try_12444,1,1,0.02295999999981081,0.02295999999981081,0.02295999999981081
297,Leaf mass per area,"Leaf area per leaf dry mass (specific leaf area, SLA or 1/LMA): undefined if petiole is in- or excluded)",105095,try_12447,1,1,0.019610000000012354,0.019610000000012354,0.019610000000012354
297,Leaf mass per area,"Leaf area per leaf dry mass (specific leaf area, SLA or 1/LMA): undefined if petiole is in- or excluded)",105096,try_12448,1,1,0.0199700000000014,0.0199700000000014,0.0199700000000014
297,Leaf mass per area,"Leaf area per leaf dry mass (specific leaf area, SLA or 1/LMA): undefined if petiole is in- or excluded)",105097,try_12449,1,1,0.022820000000198532,0.022820000000198532,0.022820000000198532
297,Leaf mass per area,"Leaf area per leaf dry mass (specific leaf area, SLA or 1/LMA): undefined if petiole is in- or excluded)",105098,try_12450,1,1,0.020580000000167523,0.020580000000167523,0.020580000000167523
297,Leaf mass per area,"Leaf area per leaf dry mass (specific leaf area, SLA or 1/LMA): undefined if petiole is in- or excluded)",105099,try_12451,1,1,0.012559999999984927,0.012559999999984927,0.012559999999984927
297,Leaf mass per area,"Leaf area per leaf dry mass (specific leaf area, SLA or 1/LMA): undefined if petiole is in- or excluded)",105100,try_12452,1,1,0.02197999999976657,0.02197999999976657,0.02197999999976657
297,Leaf mass per area,"Leaf area per leaf dry mass (specific leaf area, SLA or 1/LMA): undefined if petiole is in- or excluded)",105101,try_12453,1,1,0.022410000000101068,0.022410000000101068,0.022410000000101068
297,Leaf mass per area,"Leaf area per leaf dry mass (specific leaf area, SLA or 1/LMA): undefined if petiole is in- or excluded)",105103,try_12455,1,1,0.017130000000135325,0.017130000000135325,0.017130000000135325
297,Leaf mass per area,"Leaf area per leaf dry mass (specific leaf area, SLA or 1/LMA): undefined if petiole is in- or excluded)",105104,try_12456,1,1,0.023069999999735847,0.023069999999735847,0.023069999999735847
297,Leaf mass per area,"Leaf area per leaf dry mass (specific leaf area, SLA or 1/LMA): undefined if petiole is in- or excluded)",105105,try_12457,1,1,0.023329999999936308,0.023329999999936308,0.023329999999936308
297,Leaf mass per area,"Leaf area per leaf dry mass (specific leaf area, SLA or 1/LMA): undefined if petiole is in- or excluded)",105109,try_12461,1,1,0.017659999999954438,0.017659999999954438,0.017659999999954438
297,Leaf mass per area,"Leaf area per leaf dry mass (specific leaf area, SLA or 1/LMA): undefined if petiole is in- or excluded)",105110,try_12462,1,1,0.02639999999985216,0.02639999999985216,0.02639999999985216
297,Leaf mass per area,"Leaf area per leaf dry mass (specific leaf area, SLA or 1/LMA): undefined if petiole is in- or excluded)",105111,try_12463,1,1,0.02115000000003067,0.02115000000003067,0.02115000000003067
297,Leaf mass per area,"Leaf area per leaf dry mass (specific leaf area, SLA or 1/LMA): undefined if petiole is in- or excluded)",105112,try_12464,1,1,0.02115000000003067,0.02115000000003067,0.02115000000003067
297,Leaf mass per area,"Leaf area per leaf dry mass (specific leaf area, SLA or 1/LMA): undefined if petiole is in- or excluded)",105113,try_12465,1,1,0.023449999999965995,0.023449999999965995,0.023449999999965995
297,Leaf mass per area,"Leaf area per leaf dry mass (specific leaf area, SLA or 1/LMA): undefined if petiole is in- or excluded)",105114,try_12466,1,1,0.021620000000082153,0.021620000000082153,0.021620000000082153
297,Leaf mass per area,"Leaf area per leaf dry mass (specific leaf area, SLA or 1/LMA): undefined if petiole is in- or excluded)",105115,try_12467,1,1,0.014450000000028176,0.014450000000028176,0.014450000000028176
297,Leaf mass per area,"Leaf area per leaf dry mass (specific leaf area, SLA or 1/LMA): undefined if petiole is in- or excluded)",105117,try_12469,1,1,0.0202399999997976,0.0202399999997976,0.0202399999997976
297,Leaf mass per area,"Leaf area per leaf dry mass (specific leaf area, SLA or 1/LMA): undefined if petiole is in- or excluded)",105118,try_12470,1,1,0.019280000000004627,0.019280000000004627,0.019280000000004627
297,Leaf mass per area,"Leaf area per leaf dry mass (specific leaf area, SLA or 1/LMA): undefined if petiole is in- or excluded)",105119,try_12471,1,1,0.01868999999984992,0.01868999999984992,0.01868999999984992
297,Leaf mass per area,"Leaf area per leaf dry mass (specific leaf area, SLA or 1/LMA): undefined if petiole is in- or excluded)",105120,try_12472,1,1,0.022469999999767662,0.022469999999767662,0.022469999999767662
297,Leaf mass per area,"Leaf area per leaf dry mass (specific leaf area, SLA or 1/LMA): undefined if petiole is in- or excluded)",105121,try_12473,1,1,0.023780000000213544,0.023780000000213544,0.023780000000213544
297,Leaf mass per area,"Leaf area per leaf dry mass (specific leaf area, SLA or 1/LMA): undefined if petiole is in- or excluded)",105122,try_12474,1,1,0.020820000000169474,0.020820000000169474,0.020820000000169474
297,Leaf mass per area,"Leaf area per leaf dry mass (specific leaf area, SLA or 1/LMA): undefined if petiole is in- or excluded)",105123,try_12475,1,1,0.01888999999996921,0.01888999999996921,0.01888999999996921
297,Leaf mass per area,"Leaf area per leaf dry mass (specific leaf area, SLA or 1/LMA): undefined if petiole is in- or excluded)",105124,try_12476,1,1,0.024869999999826406,0.024869999999826406,0.024869999999826406
297,Leaf mass per area,"Leaf area per leaf dry mass (specific leaf area, SLA or 1/LMA): undefined if petiole is in- or excluded)",105125,try_12477,1,1,0.012240000000034272,0.012240000000034272,0.012240000000034272
297,Leaf mass per area,"Leaf area per leaf dry mass (specific leaf area, SLA or 1/LMA): undefined if petiole is in- or excluded)",105126,try_12478,1,1,0.019430000000180116,0.019430000000180116,0.019430000000180116
297,Leaf mass per area,"Leaf area per leaf dry mass (specific leaf area, SLA or 1/LMA): undefined if petiole is in- or excluded)",105127,try_12479,1,1,0.024199999999758,0.024199999999758,0.024199999999758
297,Leaf mass per area,"Leaf area per leaf dry mass (specific leaf area, SLA or 1/LMA): undefined if petiole is in- or excluded)",105128,try_12480,1,1,0.01221000000001221,0.01221000000001221,0.01221000000001221
297,Leaf mass per area,"Leaf area per leaf dry mass (specific leaf area, SLA or 1/LMA): undefined if petiole is in- or excluded)",105129,try_12481,1,1,0.02115000000003067,0.02115000000003067,0.02115000000003067
297,Leaf mass per area,"Leaf area per leaf dry mass (specific leaf area, SLA or 1/LMA): undefined if petiole is in- or excluded)",105130,try_12482,1,1,0.022209999999995556,0.022209999999995556,0.022209999999995556
297,Leaf mass per area,"Leaf area per leaf dry mass (specific leaf area, SLA or 1/LMA): undefined if petiole is in- or excluded)",105131,try_12483,1,1,0.022880000000153757,0.022880000000153757,0.022880000000153757
297,Leaf mass per area,"Leaf area per leaf dry mass (specific leaf area, SLA or 1/LMA): undefined if petiole is in- or excluded)",105132,try_12484,1,1,0.011149999999963764,0.011149999999963764,0.011149999999963764
297,Leaf mass per area,"Leaf area per leaf dry mass (specific leaf area, SLA or 1/LMA): undefined if petiole is in- or excluded)",105134,try_12486,1,1,0.020470000000054247,0.020470000000054247,0.020470000000054247
297,Leaf mass per area,"Leaf area per leaf dry mass (specific leaf area, SLA or 1/LMA): undefined if petiole is in- or excluded)",105135,try_12487,1,1,0.02772999999992291,0.02772999999992291,0.02772999999992291
297,Leaf mass per area,"Leaf area per leaf dry mass (specific leaf area, SLA or 1/LMA): undefined if petiole is in- or excluded)",105137,try_12489,1,1,0.01977000000016686,0.01977000000016686,0.01977000000016686
297,Leaf mass per area,"Leaf area per leaf dry mass (specific leaf area, SLA or 1/LMA): undefined if petiole is in- or excluded)",105140,try_12492,1,1,0.029490000000156887,0.029490000000156887,0.029490000000156887
297,Leaf mass per area,"Leaf area per leaf dry mass (specific leaf area, SLA or 1/LMA): undefined if petiole is in- or excluded)",105142,try_12494,1,1,0.026220000000123755,0.026220000000123755,0.026220000000123755
297,Leaf mass per area,"Leaf area per leaf dry mass (specific leaf area, SLA or 1/LMA): undefined if petiole is in- or excluded)",105143,try_12495,1,1,0.017949999999898582,0.017949999999898582,0.017949999999898582
297,Leaf mass per area,"Leaf area per leaf dry mass (specific leaf area, SLA or 1/LMA): undefined if petiole is in- or excluded)",105144,try_12496,1,1,0.022789999999929807,0.022789999999929807,0.022789999999929807
297,Leaf mass per area,"Leaf area per leaf dry mass (specific leaf area, SLA or 1/LMA): undefined if petiole is in- or excluded)",105146,try_12498,1,1,0.023730000000198145,0.023730000000198145,0.023730000000198145
297,Leaf mass per area,"Leaf area per leaf dry mass (specific leaf area, SLA or 1/LMA): undefined if petiole is in- or excluded)",105147,try_12499,1,1,0.015059999999999697,0.015059999999999697,0.015059999999999697
297,Leaf mass per area,"Leaf area per leaf dry mass (specific leaf area, SLA or 1/LMA): undefined if petiole is in- or excluded)",105148,try_12500,1,1,0.01735000000002082,0.01735000000002082,0.01735000000002082
297,Leaf mass per area,"Leaf area per leaf dry mass (specific leaf area, SLA or 1/LMA): undefined if petiole is in- or excluded)",105150,try_12502,1,1,0.019809999999964342,0.019809999999964342,0.019809999999964342
297,Leaf mass per area,"Leaf area per leaf dry mass (specific leaf area, SLA or 1/LMA): undefined if petiole is in- or excluded)",105151,try_12503,1,1,0.01559999999989392,0.01559999999989392,0.01559999999989392
297,Leaf mass per area,"Leaf area per leaf dry mass (specific leaf area, SLA or 1/LMA): undefined if petiole is in- or excluded)",105152,try_12504,2,2,0.018419999999932213,0.01866500000001272,0.018910000000093227
297,Leaf mass per area,"Leaf area per leaf dry mass (specific leaf area, SLA or 1/LMA): undefined if petiole is in- or excluded)",105153,try_12505,1,1,0.020889999999949865,0.020889999999949865,0.020889999999949865
297,Leaf mass per area,"Leaf area per leaf dry mass (specific leaf area, SLA or 1/LMA): undefined if petiole is in- or excluded)",105155,try_12507,1,1,0.02136999999984827,0.02136999999984827,0.02136999999984827
297,Leaf mass per area,"Leaf area per leaf dry mass (specific leaf area, SLA or 1/LMA): undefined if petiole is in- or excluded)",105157,try_12509,1,1,0.021859999999930487,0.021859999999930487,0.021859999999930487
297,Leaf mass per area,"Leaf area per leaf dry mass (specific leaf area, SLA or 1/LMA): undefined if petiole is in- or excluded)",105158,try_12510,1,1,0.022769999999887516,0.022769999999887516,0.022769999999887516
297,Leaf mass per area,"Leaf area per leaf dry mass (specific leaf area, SLA or 1/LMA): undefined if petiole is in- or excluded)",105159,try_12511,1,1,0.03398000000001835,0.03398000000001835,0.03398000000001835
297,Leaf mass per area,"Leaf area per leaf dry mass (specific leaf area, SLA or 1/LMA): undefined if petiole is in- or excluded)",105160,try_12512,1,1,0.017469999999979908,0.017469999999979908,0.017469999999979908
297,Leaf mass per area,"Leaf area per leaf dry mass (specific leaf area, SLA or 1/LMA): undefined if petiole is in- or excluded)",105161,try_12513,1,1,0.023029999999860207,0.023029999999860207,0.023029999999860207
297,Leaf mass per area,"Leaf area per leaf dry mass (specific leaf area, SLA or 1/LMA): undefined if petiole is in- or excluded)",105162,try_12514,1,1,0.030259999999837806,0.030259999999837806,0.030259999999837806
297,Leaf mass per area,"Leaf area per leaf dry mass (specific leaf area, SLA or 1/LMA): undefined if petiole is in- or excluded)",105163,try_12515,1,1,0.02610000000014355,0.02610000000014355,0.02610000000014355
297,Leaf mass per area,"Leaf area per leaf dry mass (specific leaf area, SLA or 1/LMA): undefined if petiole is in- or excluded)",105164,try_12516,1,1,0.02398000000011894,0.02398000000011894,0.02398000000011894
297,Leaf mass per area,"Leaf area per leaf dry mass (specific leaf area, SLA or 1/LMA): undefined if petiole is in- or excluded)",105165,try_12517,1,1,0.02245999999983784,0.02245999999983784,0.02245999999983784
297,Leaf mass per area,"Leaf area per leaf dry mass (specific leaf area, SLA or 1/LMA): undefined if petiole is in- or excluded)",105166,try_12518,1,1,0.026339999999748186,0.026339999999748186,0.026339999999748186
297,Leaf mass per area,"Leaf area per leaf dry mass (specific leaf area, SLA or 1/LMA): undefined if petiole is in- or excluded)",105167,try_12519,1,1,0.024290000000197723,0.024290000000197723,0.024290000000197723
297,Leaf mass per area,"Leaf area per leaf dry mass (specific leaf area, SLA or 1/LMA): undefined if petiole is in- or excluded)",105168,try_12520,1,1,0.022839999999919605,0.022839999999919605,0.022839999999919605
297,Leaf mass per area,"Leaf area per leaf dry mass (specific leaf area, SLA or 1/LMA): undefined if petiole is in- or excluded)",105169,try_12521,1,1,0.02136999999984827,0.02136999999984827,0.02136999999984827
297,Leaf mass per area,"Leaf area per leaf dry mass (specific leaf area, SLA or 1/LMA): undefined if petiole is in- or excluded)",105170,try_12522,1,1,0.020619999999844114,0.020619999999844114,0.020619999999844114
297,Leaf mass per area,"Leaf area per leaf dry mass (specific leaf area, SLA or 1/LMA): undefined if petiole is in- or excluded)",105172,try_12524,1,1,0.01839000000011218,0.01839000000011218,0.01839000000011218
297,Leaf mass per area,"Leaf area per leaf dry mass (specific leaf area, SLA or 1/LMA): undefined if petiole is in- or excluded)",105174,try_12526,1,1,0.023210000000053847,0.023210000000053847,0.023210000000053847
297,Leaf mass per area,"Leaf area per leaf dry mass (specific leaf area, SLA or 1/LMA): undefined if petiole is in- or excluded)",105175,try_12527,1,1,0.02272999999975406,0.02272999999975406,0.02272999999975406
297,Leaf mass per area,"Leaf area per leaf dry mass (specific leaf area, SLA or 1/LMA): undefined if petiole is in- or excluded)",105176,try_12528,1,1,0.02579000000019162,0.02579000000019162,0.02579000000019162
297,Leaf mass per area,"Leaf area per leaf dry mass (specific leaf area, SLA or 1/LMA): undefined if petiole is in- or excluded)",105177,try_12529,1,1,0.029470000000173874,0.029470000000173874,0.029470000000173874
297,Leaf mass per area,"Leaf area per leaf dry mass (specific leaf area, SLA or 1/LMA): undefined if petiole is in- or excluded)",105178,try_12530,1,1,0.02032000000008128,0.02032000000008128,0.02032000000008128
297,Leaf mass per area,"Leaf area per leaf dry mass (specific leaf area, SLA or 1/LMA): undefined if petiole is in- or excluded)",105181,try_12533,1,1,0.03270000000037605,0.03270000000037605,0.03270000000037605
297,Leaf mass per area,"Leaf area per leaf dry mass (specific leaf area, SLA or 1/LMA): undefined if petiole is in- or excluded)",105182,try_12534,1,1,0.01724999999992669,0.01724999999992669,0.01724999999992669
297,Leaf mass per area,"Leaf area per leaf dry mass (specific leaf area, SLA or 1/LMA): undefined if petiole is in- or excluded)",105184,try_12536,1,1,0.01631999999997911,0.01631999999997911,0.01631999999997911
297,Leaf mass per area,"Leaf area per leaf dry mass (specific leaf area, SLA or 1/LMA): undefined if petiole is in- or excluded)",105185,try_12537,2,2,0.019850000000058557,0.020320000000039674,0.02079000000002079
297,Leaf mass per area,"Leaf area per leaf dry mass (specific leaf area, SLA or 1/LMA): undefined if petiole is in- or excluded)",105187,try_12539,1,1,0.022700000000063558,0.022700000000063558,0.022700000000063558
297,Leaf mass per area,"Leaf area per leaf dry mass (specific leaf area, SLA or 1/LMA): undefined if petiole is in- or excluded)",105188,try_12540,1,1,0.024719999999790375,0.024719999999790375,0.024719999999790375
297,Leaf mass per area,"Leaf area per leaf dry mass (specific leaf area, SLA or 1/LMA): undefined if petiole is in- or excluded)",105189,try_12541,1,1,0.022480000000062943,0.022480000000062943,0.022480000000062943
297,Leaf mass per area,"Leaf area per leaf dry mass (specific leaf area, SLA or 1/LMA): undefined if petiole is in- or excluded)",105190,try_12542,1,1,0.029370000000077834,0.029370000000077834,0.029370000000077834
297,Leaf mass per area,"Leaf area per leaf dry mass (specific leaf area, SLA or 1/LMA): undefined if petiole is in- or excluded)",105191,try_12543,1,1,0.02573000000015875,0.02573000000015875,0.02573000000015875
297,Leaf mass per area,"Leaf area per leaf dry mass (specific leaf area, SLA or 1/LMA): undefined if petiole is in- or excluded)",105192,try_12544,1,1,0.024410000000195765,0.024410000000195765,0.024410000000195765
297,Leaf mass per area,"Leaf area per leaf dry mass (specific leaf area, SLA or 1/LMA): undefined if petiole is in- or excluded)",105194,try_12546,1,1,0.02373999999974076,0.02373999999974076,0.02373999999974076
297,Leaf mass per area,"Leaf area per leaf dry mass (specific leaf area, SLA or 1/LMA): undefined if petiole is in- or excluded)",105195,try_12547,1,1,0.018829999999843524,0.018829999999843524,0.018829999999843524
297,Leaf mass per area,"Leaf area per leaf dry mass (specific leaf area, SLA or 1/LMA): undefined if petiole is in- or excluded)",105196,try_12548,1,1,0.022469999999767662,0.022469999999767662,0.022469999999767662
297,Leaf mass per area,"Leaf area per leaf dry mass (specific leaf area, SLA or 1/LMA): undefined if petiole is in- or excluded)",105198,try_12550,1,1,0.019950000000082794,0.019950000000082794,0.019950000000082794
297,Leaf mass per area,"Leaf area per leaf dry mass (specific leaf area, SLA or 1/LMA): undefined if petiole is in- or excluded)",105199,try_12551,1,1,0.023710000000073263,0.023710000000073263,0.023710000000073263
297,Leaf mass per area,"Leaf area per leaf dry mass (specific leaf area, SLA or 1/LMA): undefined if petiole is in- or excluded)",105203,try_12555,2,2,0.01858999999988567,0.021584999999973806,0.024580000000061945
297,Leaf mass per area,"Leaf area per leaf dry mass (specific leaf area, SLA or 1/LMA): undefined if petiole is in- or excluded)",105205,try_12557,1,1,0.020109999999900055,0.020109999999900055,0.020109999999900055
297,Leaf mass per area,"Leaf area per leaf dry mass (specific leaf area, SLA or 1/LMA): undefined if petiole is in- or excluded)",105207,try_12559,1,1,0.020430000000057204,0.020430000000057204,0.020430000000057204
297,Leaf mass per area,"Leaf area per leaf dry mass (specific leaf area, SLA or 1/LMA): undefined if petiole is in- or excluded)",105208,try_12560,1,1,0.017110000000113954,0.017110000000113954,0.017110000000113954
297,Leaf mass per area,"Leaf area per leaf dry mass (specific leaf area, SLA or 1/LMA): undefined if petiole is in- or excluded)",105209,try_12561,1,1,0.01721999999985811,0.01721999999985811,0.01721999999985811
297,Leaf mass per area,"Leaf area per leaf dry mass (specific leaf area, SLA or 1/LMA): undefined if petiole is in- or excluded)",105210,try_12562,1,1,0.0189199999998441,0.0189199999998441,0.0189199999998441
297,Leaf mass per area,"Leaf area per leaf dry mass (specific leaf area, SLA or 1/LMA): undefined if petiole is in- or excluded)",105211,try_12563,1,1,0.02141999999999443,0.02141999999999443,0.02141999999999443
297,Leaf mass per area,"Leaf area per leaf dry mass (specific leaf area, SLA or 1/LMA): undefined if petiole is in- or excluded)",105212,try_12564,1,1,0.02175999999997215,0.02175999999997215,0.02175999999997215
297,Leaf mass per area,"Leaf area per leaf dry mass (specific leaf area, SLA or 1/LMA): undefined if petiole is in- or excluded)",105213,try_12565,1,1,0.017670000000103547,0.017670000000103547,0.017670000000103547
297,Leaf mass per area,"Leaf area per leaf dry mass (specific leaf area, SLA or 1/LMA): undefined if petiole is in- or excluded)",105214,try_12566,1,1,0.030570000000033317,0.030570000000033317,0.030570000000033317
297,Leaf mass per area,"Leaf area per leaf dry mass (specific leaf area, SLA or 1/LMA): undefined if petiole is in- or excluded)",105215,try_12567,1,1,0.0261199999997785,0.0261199999997785,0.0261199999997785
297,Leaf mass per area,"Leaf area per leaf dry mass (specific leaf area, SLA or 1/LMA): undefined if petiole is in- or excluded)",105217,try_12569,1,1,0.024890000000259354,0.024890000000259354,0.024890000000259354
297,Leaf mass per area,"Leaf area per leaf dry mass (specific leaf area, SLA or 1/LMA): undefined if petiole is in- or excluded)",105219,try_12571,1,1,0.021999999999779998,0.021999999999779998,0.021999999999779998
297,Leaf mass per area,"Leaf area per leaf dry mass (specific leaf area, SLA or 1/LMA): undefined if petiole is in- or excluded)",105221,try_12573,1,1,0.021319999999999145,0.021319999999999145,0.021319999999999145
297,Leaf mass per area,"Leaf area per leaf dry mass (specific leaf area, SLA or 1/LMA): undefined if petiole is in- or excluded)",105223,try_12575,1,1,0.02916000000006065,0.02916000000006065,0.02916000000006065
297,Leaf mass per area,"Leaf area per leaf dry mass (specific leaf area, SLA or 1/LMA): undefined if petiole is in- or excluded)",105224,try_12576,1,1,0.023559999999860526,0.023559999999860526,0.023559999999860526
297,Leaf mass per area,"Leaf area per leaf dry mass (specific leaf area, SLA or 1/LMA): undefined if petiole is in- or excluded)",105226,try_12578,1,1,0.028359999999658544,0.028359999999658544,0.028359999999658544
297,Leaf mass per area,"Leaf area per leaf dry mass (specific leaf area, SLA or 1/LMA): undefined if petiole is in- or excluded)",105228,try_12580,1,1,0.02692999999985081,0.02692999999985081,0.02692999999985081
297,Leaf mass per area,"Leaf area per leaf dry mass (specific leaf area, SLA or 1/LMA): undefined if petiole is in- or excluded)",105229,try_12581,1,1,0.02475000000002475,0.02475000000002475,0.02475000000002475
297,Leaf mass per area,"Leaf area per leaf dry mass (specific leaf area, SLA or 1/LMA): undefined if petiole is in- or excluded)",105230,try_12582,1,1,0.02731000000020291,0.02731000000020291,0.02731000000020291
297,Leaf mass per area,"Leaf area per leaf dry mass (specific leaf area, SLA or 1/LMA): undefined if petiole is in- or excluded)",105233,try_12585,1,1,0.01910000000014898,0.01910000000014898,0.01910000000014898
297,Leaf mass per area,"Leaf area per leaf dry mass (specific leaf area, SLA or 1/LMA): undefined if petiole is in- or excluded)",105234,try_12586,1,1,0.019620000000097317,0.019620000000097317,0.019620000000097317
297,Leaf mass per area,"Leaf area per leaf dry mass (specific leaf area, SLA or 1/LMA): undefined if petiole is in- or excluded)",105237,try_12589,1,1,0.02847999999964457,0.02847999999964457,0.02847999999964457
297,Leaf mass per area,"Leaf area per leaf dry mass (specific leaf area, SLA or 1/LMA): undefined if petiole is in- or excluded)",105238,try_12590,1,1,0.02296999999989342,0.02296999999989342,0.02296999999989342
297,Leaf mass per area,"Leaf area per leaf dry mass (specific leaf area, SLA or 1/LMA): undefined if petiole is in- or excluded)",105239,try_12591,1,1,0.02350000000019975,0.02350000000019975,0.02350000000019975
297,Leaf mass per area,"Leaf area per leaf dry mass (specific leaf area, SLA or 1/LMA): undefined if petiole is in- or excluded)",105240,try_12592,1,1,0.015169999999930978,0.015169999999930978,0.015169999999930978
297,Leaf mass per area,"Leaf area per leaf dry mass (specific leaf area, SLA or 1/LMA): undefined if petiole is in- or excluded)",105241,try_12593,2,2,0.019649999999895855,0.02037999999986887,0.021109999999841884
297,Leaf mass per area,"Leaf area per leaf dry mass (specific leaf area, SLA or 1/LMA): undefined if petiole is in- or excluded)",105242,try_12594,1,1,0.022640000000215533,0.022640000000215533,0.022640000000215533
297,Leaf mass per area,"Leaf area per leaf dry mass (specific leaf area, SLA or 1/LMA): undefined if petiole is in- or excluded)",105245,try_12597,1,1,0.04183999999959164,0.04183999999959164,0.04183999999959164
297,Leaf mass per area,"Leaf area per leaf dry mass (specific leaf area, SLA or 1/LMA): undefined if petiole is in- or excluded)",105246,try_12598,1,1,0.01945000000002723,0.01945000000002723,0.01945000000002723
297,Leaf mass per area,"Leaf area per leaf dry mass (specific leaf area, SLA or 1/LMA): undefined if petiole is in- or excluded)",105247,try_12599,1,1,0.022020000000056373,0.022020000000056373,0.022020000000056373
297,Leaf mass per area,"Leaf area per leaf dry mass (specific leaf area, SLA or 1/LMA): undefined if petiole is in- or excluded)",105248,try_12600,1,1,0.02732000000033986,0.02732000000033986,0.02732000000033986
297,Leaf mass per area,"Leaf area per leaf dry mass (specific leaf area, SLA or 1/LMA): undefined if petiole is in- or excluded)",105249,try_12601,1,1,0.009959999999573713,0.009959999999573713,0.009959999999573713
297,Leaf mass per area,"Leaf area per leaf dry mass (specific leaf area, SLA or 1/LMA): undefined if petiole is in- or excluded)",105254,try_12606,1,1,0.025909999999823036,0.025909999999823036,0.025909999999823036
297,Leaf mass per area,"Leaf area per leaf dry mass (specific leaf area, SLA or 1/LMA): undefined if petiole is in- or excluded)",105255,try_12607,1,1,0.02759999999997792,0.02759999999997792,0.02759999999997792
297,Leaf mass per area,"Leaf area per leaf dry mass (specific leaf area, SLA or 1/LMA): undefined if petiole is in- or excluded)",105256,try_12608,1,1,0.02869999999992825,0.02869999999992825,0.02869999999992825
297,Leaf mass per area,"Leaf area per leaf dry mass (specific leaf area, SLA or 1/LMA): undefined if petiole is in- or excluded)",105258,try_12610,1,1,0.021510000000000216,0.021510000000000216,0.021510000000000216
297,Leaf mass per area,"Leaf area per leaf dry mass (specific leaf area, SLA or 1/LMA): undefined if petiole is in- or excluded)",105261,try_12613,1,1,0.021280000000003407,0.021280000000003407,0.021280000000003407
297,Leaf mass per area,"Leaf area per leaf dry mass (specific leaf area, SLA or 1/LMA): undefined if petiole is in- or excluded)",105264,try_12616,1,1,0.023180000000241535,0.023180000000241535,0.023180000000241535
297,Leaf mass per area,"Leaf area per leaf dry mass (specific leaf area, SLA or 1/LMA): undefined if petiole is in- or excluded)",105272,try_12624,1,1,0.02834000000026413,0.02834000000026413,0.02834000000026413
297,Leaf mass per area,"Leaf area per leaf dry mass (specific leaf area, SLA or 1/LMA): undefined if petiole is in- or excluded)",105273,try_12625,1,1,0.02010000000003819,0.02010000000003819,0.02010000000003819
297,Leaf mass per area,"Leaf area per leaf dry mass (specific leaf area, SLA or 1/LMA): undefined if petiole is in- or excluded)",105274,try_12626,1,1,0.029770000000165227,0.029770000000165227,0.029770000000165227
297,Leaf mass per area,"Leaf area per leaf dry mass (specific leaf area, SLA or 1/LMA): undefined if petiole is in- or excluded)",105275,try_12627,1,1,0.011090000000059663,0.011090000000059663,0.011090000000059663
297,Leaf mass per area,"Leaf area per leaf dry mass (specific leaf area, SLA or 1/LMA): undefined if petiole is in- or excluded)",105278,try_12630,1,1,0.022620000000163766,0.022620000000163766,0.022620000000163766
297,Leaf mass per area,"Leaf area per leaf dry mass (specific leaf area, SLA or 1/LMA): undefined if petiole is in- or excluded)",105279,try_12631,1,1,0.013689999999993428,0.013689999999993428,0.013689999999993428
297,Leaf mass per area,"Leaf area per leaf dry mass (specific leaf area, SLA or 1/LMA): undefined if petiole is in- or excluded)",105281,try_12633,2,2,0.022139999999926493,0.024114999999898412,0.02608999999987033
297,Leaf mass per area,"Leaf area per leaf dry mass (specific leaf area, SLA or 1/LMA): undefined if petiole is in- or excluded)",105282,try_12634,1,1,0.021319999999999145,0.021319999999999145,0.021319999999999145
297,Leaf mass per area,"Leaf area per leaf dry mass (specific leaf area, SLA or 1/LMA): undefined if petiole is in- or excluded)",105283,try_12635,1,1,0.008599999999810799,0.008599999999810799,0.008599999999810799
297,Leaf mass per area,"Leaf area per leaf dry mass (specific leaf area, SLA or 1/LMA): undefined if petiole is in- or excluded)",105284,try_12636,1,1,0.021620000000082153,0.021620000000082153,0.021620000000082153
297,Leaf mass per area,"Leaf area per leaf dry mass (specific leaf area, SLA or 1/LMA): undefined if petiole is in- or excluded)",105287,try_12639,1,1,0.02915000000015741,0.02915000000015741,0.02915000000015741
297,Leaf mass per area,"Leaf area per leaf dry mass (specific leaf area, SLA or 1/LMA): undefined if petiole is in- or excluded)",105292,try_12644,1,1,0.02604999999993357,0.02604999999993357,0.02604999999993357
297,Leaf mass per area,"Leaf area per leaf dry mass (specific leaf area, SLA or 1/LMA): undefined if petiole is in- or excluded)",105294,try_12646,1,1,0.015189999999952455,0.015189999999952455,0.015189999999952455
297,Leaf mass per area,"Leaf area per leaf dry mass (specific leaf area, SLA or 1/LMA): undefined if petiole is in- or excluded)",105295,try_12647,1,1,0.02810000000007868,0.02810000000007868,0.02810000000007868
297,Leaf mass per area,"Leaf area per leaf dry mass (specific leaf area, SLA or 1/LMA): undefined if petiole is in- or excluded)",105296,try_12648,1,1,0.0199700000000014,0.0199700000000014,0.0199700000000014
297,Leaf mass per area,"Leaf area per leaf dry mass (specific leaf area, SLA or 1/LMA): undefined if petiole is in- or excluded)",105298,try_12650,1,1,0.02043999999986019,0.02043999999986019,0.02043999999986019
297,Leaf mass per area,"Leaf area per leaf dry mass (specific leaf area, SLA or 1/LMA): undefined if petiole is in- or excluded)",105303,try_12655,1,1,0.02684000000005046,0.02684000000005046,0.02684000000005046
297,Leaf mass per area,"Leaf area per leaf dry mass (specific leaf area, SLA or 1/LMA): undefined if petiole is in- or excluded)",105304,try_12656,1,1,0.018600000000074397,0.018600000000074397,0.018600000000074397
297,Leaf mass per area,"Leaf area per leaf dry mass (specific leaf area, SLA or 1/LMA): undefined if petiole is in- or excluded)",105307,try_12659,1,1,0.018180000000018178,0.018180000000018178,0.018180000000018178
297,Leaf mass per area,"Leaf area per leaf dry mass (specific leaf area, SLA or 1/LMA): undefined if petiole is in- or excluded)",105308,try_12660,2,2,0.017770000000099158,0.02131500000011123,0.024860000000123308
297,Leaf mass per area,"Leaf area per leaf dry mass (specific leaf area, SLA or 1/LMA): undefined if petiole is in- or excluded)",105314,try_12666,1,1,0.017359999999983333,0.017359999999983333,0.017359999999983333
297,Leaf mass per area,"Leaf area per leaf dry mass (specific leaf area, SLA or 1/LMA): undefined if petiole is in- or excluded)",105315,try_12667,1,1,0.020310000000083678,0.020310000000083678,0.020310000000083678
297,Leaf mass per area,"Leaf area per leaf dry mass (specific leaf area, SLA or 1/LMA): undefined if petiole is in- or excluded)",105316,try_12668,1,1,0.028989999999776486,0.028989999999776486,0.028989999999776486
297,Leaf mass per area,"Leaf area per leaf dry mass (specific leaf area, SLA or 1/LMA): undefined if petiole is in- or excluded)",105317,try_12669,1,1,0.020329999999833294,0.020329999999833294,0.020329999999833294
297,Leaf mass per area,"Leaf area per leaf dry mass (specific leaf area, SLA or 1/LMA): undefined if petiole is in- or excluded)",105318,try_12670,1,1,0.022209999999995556,0.022209999999995556,0.022209999999995556
297,Leaf mass per area,"Leaf area per leaf dry mass (specific leaf area, SLA or 1/LMA): undefined if petiole is in- or excluded)",105320,try_12672,1,1,0.02617999999974396,0.02617999999974396,0.02617999999974396
297,Leaf mass per area,"Leaf area per leaf dry mass (specific leaf area, SLA or 1/LMA): undefined if petiole is in- or excluded)",105322,try_12674,1,1,0.025299999999746997,0.025299999999746997,0.025299999999746997
297,Leaf mass per area,"Leaf area per leaf dry mass (specific leaf area, SLA or 1/LMA): undefined if petiole is in- or excluded)",105326,try_12678,1,1,0.01786999999984453,0.01786999999984453,0.01786999999984453
297,Leaf mass per area,"Leaf area per leaf dry mass (specific leaf area, SLA or 1/LMA): undefined if petiole is in- or excluded)",105327,try_12679,1,1,0.024040000000221166,0.024040000000221166,0.024040000000221166
297,Leaf mass per area,"Leaf area per leaf dry mass (specific leaf area, SLA or 1/LMA): undefined if petiole is in- or excluded)",105328,try_12680,1,1,0.016440000000073653,0.016440000000073653,0.016440000000073653
297,Leaf mass per area,"Leaf area per leaf dry mass (specific leaf area, SLA or 1/LMA): undefined if petiole is in- or excluded)",105329,try_12681,1,1,0.011959999999968426,0.011959999999968426,0.011959999999968426
297,Leaf mass per area,"Leaf area per leaf dry mass (specific leaf area, SLA or 1/LMA): undefined if petiole is in- or excluded)",105330,try_12682,1,1,0.024670000000211422,0.024670000000211422,0.024670000000211422
297,Leaf mass per area,"Leaf area per leaf dry mass (specific leaf area, SLA or 1/LMA): undefined if petiole is in- or excluded)",105337,try_12689,1,1,0.023409999999761687,0.023409999999761687,0.023409999999761687
297,Leaf mass per area,"Leaf area per leaf dry mass (specific leaf area, SLA or 1/LMA): undefined if petiole is in- or excluded)",105338,try_12690,1,1,0.021120000000216268,0.021120000000216268,0.021120000000216268
297,Leaf mass per area,"Leaf area per leaf dry mass (specific leaf area, SLA or 1/LMA): undefined if petiole is in- or excluded)",105339,try_12691,1,1,0.02398000000011894,0.02398000000011894,0.02398000000011894
297,Leaf mass per area,"Leaf area per leaf dry mass (specific leaf area, SLA or 1/LMA): undefined if petiole is in- or excluded)",105340,try_12692,1,1,0.02003999999991904,0.02003999999991904,0.02003999999991904
297,Leaf mass per area,"Leaf area per leaf dry mass (specific leaf area, SLA or 1/LMA): undefined if petiole is in- or excluded)",105342,try_12694,1,1,0.014369999999957464,0.014369999999957464,0.014369999999957464
297,Leaf mass per area,"Leaf area per leaf dry mass (specific leaf area, SLA or 1/LMA): undefined if petiole is in- or excluded)",105343,try_12695,1,1,0.02248999999995817,0.02248999999995817,0.02248999999995817
297,Leaf mass per area,"Leaf area per leaf dry mass (specific leaf area, SLA or 1/LMA): undefined if petiole is in- or excluded)",105351,try_12703,1,1,0.027740000000215266,0.027740000000215266,0.027740000000215266
297,Leaf mass per area,"Leaf area per leaf dry mass (specific leaf area, SLA or 1/LMA): undefined if petiole is in- or excluded)",105352,try_12704,1,1,0.009570000000135893,0.009570000000135893,0.009570000000135893
297,Leaf mass per area,"Leaf area per leaf dry mass (specific leaf area, SLA or 1/LMA): undefined if petiole is in- or excluded)",105353,try_12705,1,1,0.023039999999882033,0.023039999999882033,0.023039999999882033
297,Leaf mass per area,"Leaf area per leaf dry mass (specific leaf area, SLA or 1/LMA): undefined if petiole is in- or excluded)",105354,try_12706,1,1,0.02178999999980171,0.02178999999980171,0.02178999999980171
297,Leaf mass per area,"Leaf area per leaf dry mass (specific leaf area, SLA or 1/LMA): undefined if petiole is in- or excluded)",105356,try_12708,1,1,0.0185000000000185,0.0185000000000185,0.0185000000000185
297,Leaf mass per area,"Leaf area per leaf dry mass (specific leaf area, SLA or 1/LMA): undefined if petiole is in- or excluded)",105357,try_12709,1,1,0.01839000000011218,0.01839000000011218,0.01839000000011218
297,Leaf mass per area,"Leaf area per leaf dry mass (specific leaf area, SLA or 1/LMA): undefined if petiole is in- or excluded)",105359,try_12711,1,1,0.020049999999878696,0.020049999999878696,0.020049999999878696
297,Leaf mass per area,"Leaf area per leaf dry mass (specific leaf area, SLA or 1/LMA): undefined if petiole is in- or excluded)",105361,try_12713,1,1,0.021810000000030316,0.021810000000030316,0.021810000000030316
297,Leaf mass per area,"Leaf area per leaf dry mass (specific leaf area, SLA or 1/LMA): undefined if petiole is in- or excluded)",105363,try_12715,1,1,0.025900000000025902,0.025900000000025902,0.025900000000025902
297,Leaf mass per area,"Leaf area per leaf dry mass (specific leaf area, SLA or 1/LMA): undefined if petiole is in- or excluded)",105364,try_12716,1,1,0.01863999999983597,0.01863999999983597,0.01863999999983597
297,Leaf mass per area,"Leaf area per leaf dry mass (specific leaf area, SLA or 1/LMA): undefined if petiole is in- or excluded)",105365,try_12717,1,1,0.02040000000005712,0.02040000000005712,0.02040000000005712
297,Leaf mass per area,"Leaf area per leaf dry mass (specific leaf area, SLA or 1/LMA): undefined if petiole is in- or excluded)",105368,try_12720,1,1,0.023490000000067884,0.023490000000067884,0.023490000000067884
297,Leaf mass per area,"Leaf area per leaf dry mass (specific leaf area, SLA or 1/LMA): undefined if petiole is in- or excluded)",105370,try_12722,1,1,0.02075000000014525,0.02075000000014525,0.02075000000014525
297,Leaf mass per area,"Leaf area per leaf dry mass (specific leaf area, SLA or 1/LMA): undefined if petiole is in- or excluded)",105371,try_12723,1,1,0.016420000000128405,0.016420000000128405,0.016420000000128405
297,Leaf mass per area,"Leaf area per leaf dry mass (specific leaf area, SLA or 1/LMA): undefined if petiole is in- or excluded)",105376,try_12728,1,1,0.02178999999980171,0.02178999999980171,0.02178999999980171
297,Leaf mass per area,"Leaf area per leaf dry mass (specific leaf area, SLA or 1/LMA): undefined if petiole is in- or excluded)",105381,try_12733,1,1,0.020290000000169825,0.020290000000169825,0.020290000000169825
297,Leaf mass per area,"Leaf area per leaf dry mass (specific leaf area, SLA or 1/LMA): undefined if petiole is in- or excluded)",105382,try_12734,1,1,0.021539999999955626,0.021539999999955626,0.021539999999955626
297,Leaf mass per area,"Leaf area per leaf dry mass (specific leaf area, SLA or 1/LMA): undefined if petiole is in- or excluded)",105384,try_12736,1,1,0.018959999999912026,0.018959999999912026,0.018959999999912026
297,Leaf mass per area,"Leaf area per leaf dry mass (specific leaf area, SLA or 1/LMA): undefined if petiole is in- or excluded)",105386,try_12738,1,1,0.022589999999829444,0.022589999999829444,0.022589999999829444
297,Leaf mass per area,"Leaf area per leaf dry mass (specific leaf area, SLA or 1/LMA): undefined if petiole is in- or excluded)",105387,try_12739,1,1,0.02289999999986489,0.02289999999986489,0.02289999999986489
297,Leaf mass per area,"Leaf area per leaf dry mass (specific leaf area, SLA or 1/LMA): undefined if petiole is in- or excluded)",105388,try_12740,1,1,0.02576000000026378,0.02576000000026378,0.02576000000026378
297,Leaf mass per area,"Leaf area per leaf dry mass (specific leaf area, SLA or 1/LMA): undefined if petiole is in- or excluded)",105391,try_12743,1,1,0.022289999999808307,0.022289999999808307,0.022289999999808307
297,Leaf mass per area,"Leaf area per leaf dry mass (specific leaf area, SLA or 1/LMA): undefined if petiole is in- or excluded)",105398,try_12750,1,1,0.021160000000022005,0.021160000000022005,0.021160000000022005
297,Leaf mass per area,"Leaf area per leaf dry mass (specific leaf area, SLA or 1/LMA): undefined if petiole is in- or excluded)",105399,try_12751,1,1,0.016710000000048793,0.016710000000048793,0.016710000000048793
297,Leaf mass per area,"Leaf area per leaf dry mass (specific leaf area, SLA or 1/LMA): undefined if petiole is in- or excluded)",105404,try_12756,1,1,0.019809999999964342,0.019809999999964342,0.019809999999964342
297,Leaf mass per area,"Leaf area per leaf dry mass (specific leaf area, SLA or 1/LMA): undefined if petiole is in- or excluded)",105405,try_12757,1,1,0.023449999999965995,0.023449999999965995,0.023449999999965995
297,Leaf mass per area,"Leaf area per leaf dry mass (specific leaf area, SLA or 1/LMA): undefined if petiole is in- or excluded)",105411,try_12763,1,1,0.021739999999809557,0.021739999999809557,0.021739999999809557
297,Leaf mass per area,"Leaf area per leaf dry mass (specific leaf area, SLA or 1/LMA): undefined if petiole is in- or excluded)",105413,try_12765,1,1,0.031019999999826287,0.031019999999826287,0.031019999999826287
297,Leaf mass per area,"Leaf area per leaf dry mass (specific leaf area, SLA or 1/LMA): undefined if petiole is in- or excluded)",105419,try_12771,1,1,0.021869999999886057,0.021869999999886057,0.021869999999886057
297,Leaf mass per area,"Leaf area per leaf dry mass (specific leaf area, SLA or 1/LMA): undefined if petiole is in- or excluded)",105421,try_12773,1,1,0.02296999999989342,0.02296999999989342,0.02296999999989342
297,Leaf mass per area,"Leaf area per leaf dry mass (specific leaf area, SLA or 1/LMA): undefined if petiole is in- or excluded)",105423,try_12775,1,1,0.017830000000114647,0.017830000000114647,0.017830000000114647
297,Leaf mass per area,"Leaf area per leaf dry mass (specific leaf area, SLA or 1/LMA): undefined if petiole is in- or excluded)",105425,try_12777,1,1,0.018620000000151567,0.018620000000151567,0.018620000000151567
297,Leaf mass per area,"Leaf area per leaf dry mass (specific leaf area, SLA or 1/LMA): undefined if petiole is in- or excluded)",105426,try_12778,1,1,0.022859999999743055,0.022859999999743055,0.022859999999743055
297,Leaf mass per area,"Leaf area per leaf dry mass (specific leaf area, SLA or 1/LMA): undefined if petiole is in- or excluded)",105431,try_12783,1,1,0.02141999999999443,0.02141999999999443,0.02141999999999443
297,Leaf mass per area,"Leaf area per leaf dry mass (specific leaf area, SLA or 1/LMA): undefined if petiole is in- or excluded)",105432,try_12784,1,1,0.021650000000195933,0.021650000000195933,0.021650000000195933
297,Leaf mass per area,"Leaf area per leaf dry mass (specific leaf area, SLA or 1/LMA): undefined if petiole is in- or excluded)",105433,try_12785,1,1,0.031119999999559344,0.031119999999559344,0.031119999999559344
297,Leaf mass per area,"Leaf area per leaf dry mass (specific leaf area, SLA or 1/LMA): undefined if petiole is in- or excluded)",105435,try_12787,1,1,0.02141999999999443,0.02141999999999443,0.02141999999999443
297,Leaf mass per area,"Leaf area per leaf dry mass (specific leaf area, SLA or 1/LMA): undefined if petiole is in- or excluded)",105437,try_12789,1,1,0.021289999999798383,0.021289999999798383,0.021289999999798383
297,Leaf mass per area,"Leaf area per leaf dry mass (specific leaf area, SLA or 1/LMA): undefined if petiole is in- or excluded)",105439,try_12791,1,1,0.02233000000024585,0.02233000000024585,0.02233000000024585
297,Leaf mass per area,"Leaf area per leaf dry mass (specific leaf area, SLA or 1/LMA): undefined if petiole is in- or excluded)",105440,try_12792,1,1,0.018479999999847726,0.018479999999847726,0.018479999999847726
297,Leaf mass per area,"Leaf area per leaf dry mass (specific leaf area, SLA or 1/LMA): undefined if petiole is in- or excluded)",105443,try_12795,1,1,0.018180000000018178,0.018180000000018178,0.018180000000018178
297,Leaf mass per area,"Leaf area per leaf dry mass (specific leaf area, SLA or 1/LMA): undefined if petiole is in- or excluded)",105444,try_12796,1,1,0.016489999999880777,0.016489999999880777,0.016489999999880777
297,Leaf mass per area,"Leaf area per leaf dry mass (specific leaf area, SLA or 1/LMA): undefined if petiole is in- or excluded)",105446,try_12798,1,1,0.026060000000180335,0.026060000000180335,0.026060000000180335
297,Leaf mass per area,"Leaf area per leaf dry mass (specific leaf area, SLA or 1/LMA): undefined if petiole is in- or excluded)",105447,try_12799,2,2,0.02757000000020457,0.028745000000123824,0.029920000000043082
297,Leaf mass per area,"Leaf area per leaf dry mass (specific leaf area, SLA or 1/LMA): undefined if petiole is in- or excluded)",105453,try_12805,1,1,0.018320000000143628,0.018320000000143628,0.018320000000143628
297,Leaf mass per area,"Leaf area per leaf dry mass (specific leaf area, SLA or 1/LMA): undefined if petiole is in- or excluded)",105454,try_12806,2,2,0.02082999999999854,0.023660000000082053,0.02649000000016556
297,Leaf mass per area,"Leaf area per leaf dry mass (specific leaf area, SLA or 1/LMA): undefined if petiole is in- or excluded)",105455,try_12807,1,1,0.0231000000000231,0.0231000000000231,0.0231000000000231
297,Leaf mass per area,"Leaf area per leaf dry mass (specific leaf area, SLA or 1/LMA): undefined if petiole is in- or excluded)",105457,try_12809,1,1,0.024490000000234616,0.024490000000234616,0.024490000000234616
297,Leaf mass per area,"Leaf area per leaf dry mass (specific leaf area, SLA or 1/LMA): undefined if petiole is in- or excluded)",105458,try_12810,1,1,0.025420000000290804,0.025420000000290804,0.025420000000290804
297,Leaf mass per area,"Leaf area per leaf dry mass (specific leaf area, SLA or 1/LMA): undefined if petiole is in- or excluded)",105460,try_12812,1,1,0.017709999999867707,0.017709999999867707,0.017709999999867707
297,Leaf mass per area,"Leaf area per leaf dry mass (specific leaf area, SLA or 1/LMA): undefined if petiole is in- or excluded)",105463,try_12815,1,1,0.0206000000001648,0.0206000000001648,0.0206000000001648
297,Leaf mass per area,"Leaf area per leaf dry mass (specific leaf area, SLA or 1/LMA): undefined if petiole is in- or excluded)",105464,try_12816,1,1,0.023230000000093617,0.023230000000093617,0.023230000000093617
297,Leaf mass per area,"Leaf area per leaf dry mass (specific leaf area, SLA or 1/LMA): undefined if petiole is in- or excluded)",105465,try_12817,1,1,0.028939999999808418,0.028939999999808418,0.028939999999808418
297,Leaf mass per area,"Leaf area per leaf dry mass (specific leaf area, SLA or 1/LMA): undefined if petiole is in- or excluded)",105466,try_12818,1,1,0.016540000000072774,0.016540000000072774,0.016540000000072774
297,Leaf mass per area,"Leaf area per leaf dry mass (specific leaf area, SLA or 1/LMA): undefined if petiole is in- or excluded)",105468,try_12820,1,1,0.02373999999974076,0.02373999999974076,0.02373999999974076
297,Leaf mass per area,"Leaf area per leaf dry mass (specific leaf area, SLA or 1/LMA): undefined if petiole is in- or excluded)",105469,try_12821,1,1,0.02299999999977,0.02299999999977,0.02299999999977
297,Leaf mass per area,"Leaf area per leaf dry mass (specific leaf area, SLA or 1/LMA): undefined if petiole is in- or excluded)",105473,try_12825,1,1,0.02393000000018163,0.02393000000018163,0.02393000000018163
297,Leaf mass per area,"Leaf area per leaf dry mass (specific leaf area, SLA or 1/LMA): undefined if petiole is in- or excluded)",105474,try_12826,1,1,0.023430000000255385,0.023430000000255385,0.023430000000255385
297,Leaf mass per area,"Leaf area per leaf dry mass (specific leaf area, SLA or 1/LMA): undefined if petiole is in- or excluded)",105476,try_12828,1,1,0.019280000000004627,0.019280000000004627,0.019280000000004627
297,Leaf mass per area,"Leaf area per leaf dry mass (specific leaf area, SLA or 1/LMA): undefined if petiole is in- or excluded)",105477,try_12829,1,1,0.025230000000270467,0.025230000000270467,0.025230000000270467
297,Leaf mass per area,"Leaf area per leaf dry mass (specific leaf area, SLA or 1/LMA): undefined if petiole is in- or excluded)",105478,try_12830,1,1,0.024309999999989545,0.024309999999989545,0.024309999999989545
297,Leaf mass per area,"Leaf area per leaf dry mass (specific leaf area, SLA or 1/LMA): undefined if petiole is in- or excluded)",105479,try_12831,1,1,0.026229999999761305,0.026229999999761305,0.026229999999761305
297,Leaf mass per area,"Leaf area per leaf dry mass (specific leaf area, SLA or 1/LMA): undefined if petiole is in- or excluded)",105481,try_12833,1,1,0.019690000000073836,0.019690000000073836,0.019690000000073836
297,Leaf mass per area,"Leaf area per leaf dry mass (specific leaf area, SLA or 1/LMA): undefined if petiole is in- or excluded)",105482,try_12834,1,1,0.015500000000062,0.015500000000062,0.015500000000062
297,Leaf mass per area,"Leaf area per leaf dry mass (specific leaf area, SLA or 1/LMA): undefined if petiole is in- or excluded)",105483,try_12835,2,2,0.021719999999894008,0.023195000000052715,0.024670000000211422
297,Leaf mass per area,"Leaf area per leaf dry mass (specific leaf area, SLA or 1/LMA): undefined if petiole is in- or excluded)",105484,try_12836,1,1,0.027990000000272342,0.027990000000272342,0.027990000000272342
297,Leaf mass per area,"Leaf area per leaf dry mass (specific leaf area, SLA or 1/LMA): undefined if petiole is in- or excluded)",105485,try_12837,1,1,0.02029999999993504,0.02029999999993504,0.02029999999993504
297,Leaf mass per area,"Leaf area per leaf dry mass (specific leaf area, SLA or 1/LMA): undefined if petiole is in- or excluded)",105486,try_12838,1,1,0.019220000000124547,0.019220000000124547,0.019220000000124547
297,Leaf mass per area,"Leaf area per leaf dry mass (specific leaf area, SLA or 1/LMA): undefined if petiole is in- or excluded)",105487,try_12839,1,1,0.017809999999908992,0.017809999999908992,0.017809999999908992
297,Leaf mass per area,"Leaf area per leaf dry mass (specific leaf area, SLA or 1/LMA): undefined if petiole is in- or excluded)",105489,try_12841,1,1,0.022820000000198532,0.022820000000198532,0.022820000000198532
297,Leaf mass per area,"Leaf area per leaf dry mass (specific leaf area, SLA or 1/LMA): undefined if petiole is in- or excluded)",105490,try_12842,1,1,0.028999999999739,0.028999999999739,0.028999999999739
297,Leaf mass per area,"Leaf area per leaf dry mass (specific leaf area, SLA or 1/LMA): undefined if petiole is in- or excluded)",105491,try_12843,1,1,0.022789999999929807,0.022789999999929807,0.022789999999929807
297,Leaf mass per area,"Leaf area per leaf dry mass (specific leaf area, SLA or 1/LMA): undefined if petiole is in- or excluded)",105492,try_12844,1,1,0.022559999999873667,0.022559999999873667,0.022559999999873667
297,Leaf mass per area,"Leaf area per leaf dry mass (specific leaf area, SLA or 1/LMA): undefined if petiole is in- or excluded)",105493,try_12845,1,1,0.02215999999981031,0.02215999999981031,0.02215999999981031
297,Leaf mass per area,"Leaf area per leaf dry mass (specific leaf area, SLA or 1/LMA): undefined if petiole is in- or excluded)",105494,try_12846,1,1,0.03120000000027456,0.03120000000027456,0.03120000000027456
297,Leaf mass per area,"Leaf area per leaf dry mass (specific leaf area, SLA or 1/LMA): undefined if petiole is in- or excluded)",105495,try_12847,1,1,0.02138000000004789,0.02138000000004789,0.02138000000004789
297,Leaf mass per area,"Leaf area per leaf dry mass (specific leaf area, SLA or 1/LMA): undefined if petiole is in- or excluded)",105496,try_12848,1,1,0.026220000000123755,0.026220000000123755,0.026220000000123755
297,Leaf mass per area,"Leaf area per leaf dry mass (specific leaf area, SLA or 1/LMA): undefined if petiole is in- or excluded)",105497,try_12849,1,1,0.025549999999694678,0.025549999999694678,0.025549999999694678
297,Leaf mass per area,"Leaf area per leaf dry mass (specific leaf area, SLA or 1/LMA): undefined if petiole is in- or excluded)",105498,try_12850,1,1,0.019430000000180116,0.019430000000180116,0.019430000000180116
297,Leaf mass per area,"Leaf area per leaf dry mass (specific leaf area, SLA or 1/LMA): undefined if petiole is in- or excluded)",105499,try_12851,1,1,0.0189199999998441,0.0189199999998441,0.0189199999998441
297,Leaf mass per area,"Leaf area per leaf dry mass (specific leaf area, SLA or 1/LMA): undefined if petiole is in- or excluded)",105500,try_12852,1,1,0.020820000000169474,0.020820000000169474,0.020820000000169474
297,Leaf mass per area,"Leaf area per leaf dry mass (specific leaf area, SLA or 1/LMA): undefined if petiole is in- or excluded)",105501,try_12853,1,1,0.014369999999957464,0.014369999999957464,0.014369999999957464
297,Leaf mass per area,"Leaf area per leaf dry mass (specific leaf area, SLA or 1/LMA): undefined if petiole is in- or excluded)",105502,try_12854,1,1,0.01871999999993111,0.01871999999993111,0.01871999999993111
297,Leaf mass per area,"Leaf area per leaf dry mass (specific leaf area, SLA or 1/LMA): undefined if petiole is in- or excluded)",105503,try_12855,1,1,0.029130000000133997,0.029130000000133997,0.029130000000133997
297,Leaf mass per area,"Leaf area per leaf dry mass (specific leaf area, SLA or 1/LMA): undefined if petiole is in- or excluded)",105504,try_12856,1,1,0.028320000000222025,0.028320000000222025,0.028320000000222025
297,Leaf mass per area,"Leaf area per leaf dry mass (specific leaf area, SLA or 1/LMA): undefined if petiole is in- or excluded)",105505,try_12857,1,1,0.022820000000198532,0.022820000000198532,0.022820000000198532
297,Leaf mass per area,"Leaf area per leaf dry mass (specific leaf area, SLA or 1/LMA): undefined if petiole is in- or excluded)",105507,try_12859,1,1,0.021139999999908676,0.021139999999908676,0.021139999999908676
297,Leaf mass per area,"Leaf area per leaf dry mass (specific leaf area, SLA or 1/LMA): undefined if petiole is in- or excluded)",105508,try_12860,1,1,0.025420000000290804,0.025420000000290804,0.025420000000290804
297,Leaf mass per area,"Leaf area per leaf dry mass (specific leaf area, SLA or 1/LMA): undefined if petiole is in- or excluded)",105509,try_12861,1,1,0.02255000000022099,0.02255000000022099,0.02255000000022099
297,Leaf mass per area,"Leaf area per leaf dry mass (specific leaf area, SLA or 1/LMA): undefined if petiole is in- or excluded)",105510,try_12862,1,1,0.022939999999921086,0.022939999999921086,0.022939999999921086
297,Leaf mass per area,"Leaf area per leaf dry mass (specific leaf area, SLA or 1/LMA): undefined if petiole is in- or excluded)",105511,try_12863,1,1,0.023329999999936308,0.023329999999936308,0.023329999999936308
297,Leaf mass per area,"Leaf area per leaf dry mass (specific leaf area, SLA or 1/LMA): undefined if petiole is in- or excluded)",105512,try_12864,1,1,0.025439999999759846,0.025439999999759846,0.025439999999759846
297,Leaf mass per area,"Leaf area per leaf dry mass (specific leaf area, SLA or 1/LMA): undefined if petiole is in- or excluded)",105513,try_12865,1,1,0.023020000000238027,0.023020000000238027,0.023020000000238027
297,Leaf mass per area,"Leaf area per leaf dry mass (specific leaf area, SLA or 1/LMA): undefined if petiole is in- or excluded)",105514,try_12866,1,1,0.01801000000009095,0.01801000000009095,0.01801000000009095
297,Leaf mass per area,"Leaf area per leaf dry mass (specific leaf area, SLA or 1/LMA): undefined if petiole is in- or excluded)",105515,try_12867,1,1,0.024199999999758,0.024199999999758,0.024199999999758
297,Leaf mass per area,"Leaf area per leaf dry mass (specific leaf area, SLA or 1/LMA): undefined if petiole is in- or excluded)",105516,try_12868,1,1,0.01831000000009155,0.01831000000009155,0.01831000000009155
297,Leaf mass per area,"Leaf area per leaf dry mass (specific leaf area, SLA or 1/LMA): undefined if petiole is in- or excluded)",105517,try_12869,1,1,0.024099999999773462,0.024099999999773462,0.024099999999773462
297,Leaf mass per area,"Leaf area per leaf dry mass (specific leaf area, SLA or 1/LMA): undefined if petiole is in- or excluded)",105518,try_12870,2,2,0.025750000000206,0.025834999999961996,0.02591999999971799
297,Leaf mass per area,"Leaf area per leaf dry mass (specific leaf area, SLA or 1/LMA): undefined if petiole is in- or excluded)",105519,try_12871,1,1,0.02263000000007649,0.02263000000007649,0.02263000000007649
297,Leaf mass per area,"Leaf area per leaf dry mass (specific leaf area, SLA or 1/LMA): undefined if petiole is in- or excluded)",105520,try_12872,1,1,0.023780000000213544,0.023780000000213544,0.023780000000213544
297,Leaf mass per area,"Leaf area per leaf dry mass (specific leaf area, SLA or 1/LMA): undefined if petiole is in- or excluded)",105521,try_12873,2,2,0.015379999999942173,0.019589999999883027,0.02379999999982388
297,Leaf mass per area,"Leaf area per leaf dry mass (specific leaf area, SLA or 1/LMA): undefined if petiole is in- or excluded)",105523,try_12875,1,1,0.022579999999994584,0.022579999999994584,0.022579999999994584
297,Leaf mass per area,"Leaf area per leaf dry mass (specific leaf area, SLA or 1/LMA): undefined if petiole is in- or excluded)",105525,try_12877,2,2,0.019139999999905448,0.02183999999995837,0.02454000000001129
297,Leaf mass per area,"Leaf area per leaf dry mass (specific leaf area, SLA or 1/LMA): undefined if petiole is in- or excluded)",105526,try_12878,1,1,0.02457000000002457,0.02457000000002457,0.02457000000002457
297,Leaf mass per area,"Leaf area per leaf dry mass (specific leaf area, SLA or 1/LMA): undefined if petiole is in- or excluded)",105527,try_12879,1,1,0.018479999999847726,0.018479999999847726,0.018479999999847726
297,Leaf mass per area,"Leaf area per leaf dry mass (specific leaf area, SLA or 1/LMA): undefined if petiole is in- or excluded)",105528,try_12880,1,1,0.015010000000025217,0.015010000000025217,0.015010000000025217
297,Leaf mass per area,"Leaf area per leaf dry mass (specific leaf area, SLA or 1/LMA): undefined if petiole is in- or excluded)",105529,try_12881,1,1,0.020540000000196772,0.020540000000196772,0.020540000000196772
297,Leaf mass per area,"Leaf area per leaf dry mass (specific leaf area, SLA or 1/LMA): undefined if petiole is in- or excluded)",105534,try_12886,1,1,0.00819000000000819,0.00819000000000819,0.00819000000000819
297,Leaf mass per area,"Leaf area per leaf dry mass (specific leaf area, SLA or 1/LMA): undefined if petiole is in- or excluded)",105535,try_12887,1,1,0.02382999999972095,0.02382999999972095,0.02382999999972095
297,Leaf mass per area,"Leaf area per leaf dry mass (specific leaf area, SLA or 1/LMA): undefined if petiole is in- or excluded)",105536,try_12888,1,1,0.015059999999999697,0.015059999999999697,0.015059999999999697
297,Leaf mass per area,"Leaf area per leaf dry mass (specific leaf area, SLA or 1/LMA): undefined if petiole is in- or excluded)",105538,try_12890,1,1,0.020820000000169474,0.020820000000169474,0.020820000000169474
297,Leaf mass per area,"Leaf area per leaf dry mass (specific leaf area, SLA or 1/LMA): undefined if petiole is in- or excluded)",105539,try_12891,1,1,0.01871999999993111,0.01871999999993111,0.01871999999993111
297,Leaf mass per area,"Leaf area per leaf dry mass (specific leaf area, SLA or 1/LMA): undefined if petiole is in- or excluded)",105540,try_12892,1,1,0.009419999999692907,0.009419999999692907,0.009419999999692907
297,Leaf mass per area,"Leaf area per leaf dry mass (specific leaf area, SLA or 1/LMA): undefined if petiole is in- or excluded)",105541,try_12893,1,1,0.025740000000025742,0.025740000000025742,0.025740000000025742
297,Leaf mass per area,"Leaf area per leaf dry mass (specific leaf area, SLA or 1/LMA): undefined if petiole is in- or excluded)",105542,try_12894,1,1,0.029639999999937165,0.029639999999937165,0.029639999999937165
297,Leaf mass per area,"Leaf area per leaf dry mass (specific leaf area, SLA or 1/LMA): undefined if petiole is in- or excluded)",105543,try_12895,1,1,0.02032000000008128,0.02032000000008128,0.02032000000008128
297,Leaf mass per area,"Leaf area per leaf dry mass (specific leaf area, SLA or 1/LMA): undefined if petiole is in- or excluded)",105544,try_12896,1,1,0.013179999999937528,0.013179999999937528,0.013179999999937528
297,Leaf mass per area,"Leaf area per leaf dry mass (specific leaf area, SLA or 1/LMA): undefined if petiole is in- or excluded)",105546,try_12898,1,1,0.02462999999978818,0.02462999999978818,0.02462999999978818
297,Leaf mass per area,"Leaf area per leaf dry mass (specific leaf area, SLA or 1/LMA): undefined if petiole is in- or excluded)",105547,try_12899,1,1,0.017049999999988918,0.017049999999988918,0.017049999999988918
297,Leaf mass per area,"Leaf area per leaf dry mass (specific leaf area, SLA or 1/LMA): undefined if petiole is in- or excluded)",105548,try_12900,1,1,0.022579999999994584,0.022579999999994584,0.022579999999994584
297,Leaf mass per area,"Leaf area per leaf dry mass (specific leaf area, SLA or 1/LMA): undefined if petiole is in- or excluded)",105558,try_12910,1,1,0.008969999999869038,0.008969999999869038,0.008969999999869038
297,Leaf mass per area,"Leaf area per leaf dry mass (specific leaf area, SLA or 1/LMA): undefined if petiole is in- or excluded)",105560,try_12912,1,1,0.02552999999999719,0.02552999999999719,0.02552999999999719
297,Leaf mass per area,"Leaf area per leaf dry mass (specific leaf area, SLA or 1/LMA): undefined if petiole is in- or excluded)",105562,try_12914,1,1,0.030830000000413124,0.030830000000413124,0.030830000000413124
297,Leaf mass per area,"Leaf area per leaf dry mass (specific leaf area, SLA or 1/LMA): undefined if petiole is in- or excluded)",105563,try_12915,1,1,0.018870000000081707,0.018870000000081707,0.018870000000081707
297,Leaf mass per area,"Leaf area per leaf dry mass (specific leaf area, SLA or 1/LMA): undefined if petiole is in- or excluded)",105564,try_12916,1,1,0.03519000000004469,0.03519000000004469,0.03519000000004469
297,Leaf mass per area,"Leaf area per leaf dry mass (specific leaf area, SLA or 1/LMA): undefined if petiole is in- or excluded)",105573,try_12925,1,1,0.008290000000079584,0.008290000000079584,0.008290000000079584
297,Leaf mass per area,"Leaf area per leaf dry mass (specific leaf area, SLA or 1/LMA): undefined if petiole is in- or excluded)",105574,try_12926,1,1,0.00789000000025169,0.00789000000025169,0.00789000000025169
297,Leaf mass per area,"Leaf area per leaf dry mass (specific leaf area, SLA or 1/LMA): undefined if petiole is in- or excluded)",105575,try_12927,1,1,0.006959999999977727,0.006959999999977727,0.006959999999977727
297,Leaf mass per area,"Leaf area per leaf dry mass (specific leaf area, SLA or 1/LMA): undefined if petiole is in- or excluded)",105576,try_12928,1,1,0.0282500000003955,0.0282500000003955,0.0282500000003955
297,Leaf mass per area,"Leaf area per leaf dry mass (specific leaf area, SLA or 1/LMA): undefined if petiole is in- or excluded)",105577,try_12929,1,1,0.01724999999992669,0.01724999999992669,0.01724999999992669
297,Leaf mass per area,"Leaf area per leaf dry mass (specific leaf area, SLA or 1/LMA): undefined if petiole is in- or excluded)",105579,try_12931,1,1,0.021579999999864475,0.021579999999864475,0.021579999999864475
297,Leaf mass per area,"Leaf area per leaf dry mass (specific leaf area, SLA or 1/LMA): undefined if petiole is in- or excluded)",105582,try_12934,1,1,0.024860000000123308,0.024860000000123308,0.024860000000123308
297,Leaf mass per area,"Leaf area per leaf dry mass (specific leaf area, SLA or 1/LMA): undefined if petiole is in- or excluded)",105583,try_12935,1,1,0.015349999999896387,0.015349999999896387,0.015349999999896387
297,Leaf mass per area,"Leaf area per leaf dry mass (specific leaf area, SLA or 1/LMA): undefined if petiole is in- or excluded)",105584,try_12936,1,1,0.018879999999969792,0.018879999999969792,0.018879999999969792
297,Leaf mass per area,"Leaf area per leaf dry mass (specific leaf area, SLA or 1/LMA): undefined if petiole is in- or excluded)",105585,try_12937,1,1,0.025959999999774667,0.025959999999774667,0.025959999999774667
297,Leaf mass per area,"Leaf area per leaf dry mass (specific leaf area, SLA or 1/LMA): undefined if petiole is in- or excluded)",105586,try_12938,1,1,0.02039000000019717,0.02039000000019717,0.02039000000019717
297,Leaf mass per area,"Leaf area per leaf dry mass (specific leaf area, SLA or 1/LMA): undefined if petiole is in- or excluded)",105587,try_12939,1,1,0.017280000000110592,0.017280000000110592,0.017280000000110592
297,Leaf mass per area,"Leaf area per leaf dry mass (specific leaf area, SLA or 1/LMA): undefined if petiole is in- or excluded)",105588,try_12940,2,2,0.024779999999931114,0.03015000000006217,0.03552000000019322
297,Leaf mass per area,"Leaf area per leaf dry mass (specific leaf area, SLA or 1/LMA): undefined if petiole is in- or excluded)",105589,try_12941,1,1,0.006120000000017136,0.006120000000017136,0.006120000000017136
297,Leaf mass per area,"Leaf area per leaf dry mass (specific leaf area, SLA or 1/LMA): undefined if petiole is in- or excluded)",105590,try_12942,1,1,0.025679999999899335,0.025679999999899335,0.025679999999899335
297,Leaf mass per area,"Leaf area per leaf dry mass (specific leaf area, SLA or 1/LMA): undefined if petiole is in- or excluded)",105591,try_12943,1,1,0.03686999999963978,0.03686999999963978,0.03686999999963978
297,Leaf mass per area,"Leaf area per leaf dry mass (specific leaf area, SLA or 1/LMA): undefined if petiole is in- or excluded)",105592,try_12944,1,1,0.030750000000238312,0.030750000000238312,0.030750000000238312
297,Leaf mass per area,"Leaf area per leaf dry mass (specific leaf area, SLA or 1/LMA): undefined if petiole is in- or excluded)",105593,try_12945,1,1,0.026559999999745027,0.026559999999745027,0.026559999999745027
297,Leaf mass per area,"Leaf area per leaf dry mass (specific leaf area, SLA or 1/LMA): undefined if petiole is in- or excluded)",105595,try_12947,1,1,0.024429999999778174,0.024429999999778174,0.024429999999778174
297,Leaf mass per area,"Leaf area per leaf dry mass (specific leaf area, SLA or 1/LMA): undefined if petiole is in- or excluded)",105596,try_12948,2,2,0.022989999999881373,0.02334999999997732,0.023710000000073263
297,Leaf mass per area,"Leaf area per leaf dry mass (specific leaf area, SLA or 1/LMA): undefined if petiole is in- or excluded)",105597,try_12949,1,1,0.020549999999838683,0.020549999999838683,0.020549999999838683
297,Leaf mass per area,"Leaf area per leaf dry mass (specific leaf area, SLA or 1/LMA): undefined if petiole is in- or excluded)",105598,try_12950,1,1,0.02537999999992944,0.02537999999992944,0.02537999999992944
297,Leaf mass per area,"Leaf area per leaf dry mass (specific leaf area, SLA or 1/LMA): undefined if petiole is in- or excluded)",105599,try_12951,1,1,0.03174000000036882,0.03174000000036882,0.03174000000036882
297,Leaf mass per area,"Leaf area per leaf dry mass (specific leaf area, SLA or 1/LMA): undefined if petiole is in- or excluded)",105600,try_12952,1,1,0.027029999999744835,0.027029999999744835,0.027029999999744835
297,Leaf mass per area,"Leaf area per leaf dry mass (specific leaf area, SLA or 1/LMA): undefined if petiole is in- or excluded)",105601,try_12953,1,1,0.02506000000022855,0.02506000000022855,0.02506000000022855
297,Leaf mass per area,"Leaf area per leaf dry mass (specific leaf area, SLA or 1/LMA): undefined if petiole is in- or excluded)",105602,try_12954,1,1,0.03162999999998767,0.03162999999998767,0.03162999999998767
297,Leaf mass per area,"Leaf area per leaf dry mass (specific leaf area, SLA or 1/LMA): undefined if petiole is in- or excluded)",105603,try_12955,1,1,0.023389999999883518,0.023389999999883518,0.023389999999883518
297,Leaf mass per area,"Leaf area per leaf dry mass (specific leaf area, SLA or 1/LMA): undefined if petiole is in- or excluded)",105604,try_12956,1,1,0.020570000000068086,0.020570000000068086,0.020570000000068086
297,Leaf mass per area,"Leaf area per leaf dry mass (specific leaf area, SLA or 1/LMA): undefined if petiole is in- or excluded)",105605,try_12957,1,1,0.019870000000034374,0.019870000000034374,0.019870000000034374
297,Leaf mass per area,"Leaf area per leaf dry mass (specific leaf area, SLA or 1/LMA): undefined if petiole is in- or excluded)",105606,try_12958,1,1,0.020900000000066882,0.020900000000066882,0.020900000000066882
297,Leaf mass per area,"Leaf area per leaf dry mass (specific leaf area, SLA or 1/LMA): undefined if petiole is in- or excluded)",105607,try_12959,1,1,0.017629999999854727,0.017629999999854727,0.017629999999854727
297,Leaf mass per area,"Leaf area per leaf dry mass (specific leaf area, SLA or 1/LMA): undefined if petiole is in- or excluded)",105608,try_12960,1,1,0.023409999999761687,0.023409999999761687,0.023409999999761687
297,Leaf mass per area,"Leaf area per leaf dry mass (specific leaf area, SLA or 1/LMA): undefined if petiole is in- or excluded)",105609,try_12961,1,1,0.021579999999864475,0.021579999999864475,0.021579999999864475
297,Leaf mass per area,"Leaf area per leaf dry mass (specific leaf area, SLA or 1/LMA): undefined if petiole is in- or excluded)",105610,try_12962,1,1,0.024659999999705064,0.024659999999705064,0.024659999999705064
297,Leaf mass per area,"Leaf area per leaf dry mass (specific leaf area, SLA or 1/LMA): undefined if petiole is in- or excluded)",105611,try_12963,1,1,0.021280000000003407,0.021280000000003407,0.021280000000003407
297,Leaf mass per area,"Leaf area per leaf dry mass (specific leaf area, SLA or 1/LMA): undefined if petiole is in- or excluded)",105612,try_12964,1,1,0.02156000000015437,0.02156000000015437,0.02156000000015437
297,Leaf mass per area,"Leaf area per leaf dry mass (specific leaf area, SLA or 1/LMA): undefined if petiole is in- or excluded)",105613,try_12965,1,1,0.012369999999975878,0.012369999999975878,0.012369999999975878
297,Leaf mass per area,"Leaf area per leaf dry mass (specific leaf area, SLA or 1/LMA): undefined if petiole is in- or excluded)",105615,try_12967,1,1,0.023999999999807998,0.023999999999807998,0.023999999999807998
297,Leaf mass per area,"Leaf area per leaf dry mass (specific leaf area, SLA or 1/LMA): undefined if petiole is in- or excluded)",105616,try_12968,1,1,0.02383999999990464,0.02383999999990464,0.02383999999990464
297,Leaf mass per area,"Leaf area per leaf dry mass (specific leaf area, SLA or 1/LMA): undefined if petiole is in- or excluded)",105617,try_12969,1,1,0.024180000000231645,0.024180000000231645,0.024180000000231645
297,Leaf mass per area,"Leaf area per leaf dry mass (specific leaf area, SLA or 1/LMA): undefined if petiole is in- or excluded)",105618,try_12970,1,1,0.01779999999996796,0.01779999999996796,0.01779999999996796
297,Leaf mass per area,"Leaf area per leaf dry mass (specific leaf area, SLA or 1/LMA): undefined if petiole is in- or excluded)",105619,try_12971,1,1,0.023290000000168155,0.023290000000168155,0.023290000000168155
297,Leaf mass per area,"Leaf area per leaf dry mass (specific leaf area, SLA or 1/LMA): undefined if petiole is in- or excluded)",105621,try_12973,1,1,0.02139999999982452,0.02139999999982452,0.02139999999982452
297,Leaf mass per area,"Leaf area per leaf dry mass (specific leaf area, SLA or 1/LMA): undefined if petiole is in- or excluded)",105622,try_12974,1,1,0.023880000000098385,0.023880000000098385,0.023880000000098385
297,Leaf mass per area,"Leaf area per leaf dry mass (specific leaf area, SLA or 1/LMA): undefined if petiole is in- or excluded)",105625,try_12977,1,1,0.020889999999949865,0.020889999999949865,0.020889999999949865
297,Leaf mass per area,"Leaf area per leaf dry mass (specific leaf area, SLA or 1/LMA): undefined if petiole is in- or excluded)",105626,try_12978,1,1,0.01760000000005632,0.01760000000005632,0.01760000000005632
297,Leaf mass per area,"Leaf area per leaf dry mass (specific leaf area, SLA or 1/LMA): undefined if petiole is in- or excluded)",105627,try_12979,1,1,0.02732000000033986,0.02732000000033986,0.02732000000033986
297,Leaf mass per area,"Leaf area per leaf dry mass (specific leaf area, SLA or 1/LMA): undefined if petiole is in- or excluded)",105628,try_12980,1,1,0.008529999999677566,0.008529999999677566,0.008529999999677566
297,Leaf mass per area,"Leaf area per leaf dry mass (specific leaf area, SLA or 1/LMA): undefined if petiole is in- or excluded)",105630,try_12982,2,2,0.019620000000097317,0.02358500000018434,0.027550000000271364
297,Leaf mass per area,"Leaf area per leaf dry mass (specific leaf area, SLA or 1/LMA): undefined if petiole is in- or excluded)",105631,try_12983,1,1,0.012990000000061312,0.012990000000061312,0.012990000000061312
297,Leaf mass per area,"Leaf area per leaf dry mass (specific leaf area, SLA or 1/LMA): undefined if petiole is in- or excluded)",105632,try_12984,1,1,0.014999999999925,0.014999999999925,0.014999999999925
297,Leaf mass per area,"Leaf area per leaf dry mass (specific leaf area, SLA or 1/LMA): undefined if petiole is in- or excluded)",105633,try_12985,1,1,0.02040000000005712,0.02040000000005712,0.02040000000005712
297,Leaf mass per area,"Leaf area per leaf dry mass (specific leaf area, SLA or 1/LMA): undefined if petiole is in- or excluded)",105635,try_12987,1,1,0.01579999999987676,0.01579999999987676,0.01579999999987676
297,Leaf mass per area,"Leaf area per leaf dry mass (specific leaf area, SLA or 1/LMA): undefined if petiole is in- or excluded)",105636,try_12988,1,1,0.018809999999981567,0.018809999999981567,0.018809999999981567
297,Leaf mass per area,"Leaf area per leaf dry mass (specific leaf area, SLA or 1/LMA): undefined if petiole is in- or excluded)",105637,try_12989,1,1,0.018970000000149104,0.018970000000149104,0.018970000000149104
297,Leaf mass per area,"Leaf area per leaf dry mass (specific leaf area, SLA or 1/LMA): undefined if petiole is in- or excluded)",105638,try_12990,1,1,0.01039999999998336,0.01039999999998336,0.01039999999998336
297,Leaf mass per area,"Leaf area per leaf dry mass (specific leaf area, SLA or 1/LMA): undefined if petiole is in- or excluded)",105639,try_12991,1,1,0.02035000000002035,0.02035000000002035,0.02035000000002035
297,Leaf mass per area,"Leaf area per leaf dry mass (specific leaf area, SLA or 1/LMA): undefined if petiole is in- or excluded)",105640,try_12992,1,1,0.008310000000113017,0.008310000000113017,0.008310000000113017
297,Leaf mass per area,"Leaf area per leaf dry mass (specific leaf area, SLA or 1/LMA): undefined if petiole is in- or excluded)",105641,try_12993,1,1,0.023010000000139672,0.023010000000139672,0.023010000000139672
297,Leaf mass per area,"Leaf area per leaf dry mass (specific leaf area, SLA or 1/LMA): undefined if petiole is in- or excluded)",105642,try_12994,1,1,0.010729999999974999,0.010729999999974999,0.010729999999974999
297,Leaf mass per area,"Leaf area per leaf dry mass (specific leaf area, SLA or 1/LMA): undefined if petiole is in- or excluded)",105643,try_12995,1,1,0.023250000000093002,0.023250000000093002,0.023250000000093002
297,Leaf mass per area,"Leaf area per leaf dry mass (specific leaf area, SLA or 1/LMA): undefined if petiole is in- or excluded)",105644,try_12996,1,1,0.012179999999961024,0.012179999999961024,0.012179999999961024
297,Leaf mass per area,"Leaf area per leaf dry mass (specific leaf area, SLA or 1/LMA): undefined if petiole is in- or excluded)",105645,try_12997,1,1,0.01760000000005632,0.01760000000005632,0.01760000000005632
297,Leaf mass per area,"Leaf area per leaf dry mass (specific leaf area, SLA or 1/LMA): undefined if petiole is in- or excluded)",105646,try_12998,1,1,0.012169999999927223,0.012169999999927223,0.012169999999927223
297,Leaf mass per area,"Leaf area per leaf dry mass (specific leaf area, SLA or 1/LMA): undefined if petiole is in- or excluded)",105648,try_13000,1,1,0.019500000000019502,0.019500000000019502,0.019500000000019502
297,Leaf mass per area,"Leaf area per leaf dry mass (specific leaf area, SLA or 1/LMA): undefined if petiole is in- or excluded)",105650,try_13002,1,1,0.028189999999777015,0.028189999999777015,0.028189999999777015
297,Leaf mass per area,"Leaf area per leaf dry mass (specific leaf area, SLA or 1/LMA): undefined if petiole is in- or excluded)",105651,try_13003,1,1,0.037429999999629066,0.037429999999629066,0.037429999999629066
297,Leaf mass per area,"Leaf area per leaf dry mass (specific leaf area, SLA or 1/LMA): undefined if petiole is in- or excluded)",105652,try_13004,1,1,0.02239999999992832,0.02239999999992832,0.02239999999992832
297,Leaf mass per area,"Leaf area per leaf dry mass (specific leaf area, SLA or 1/LMA): undefined if petiole is in- or excluded)",105653,try_13005,1,1,0.02375999999974149,0.02375999999974149,0.02375999999974149
297,Leaf mass per area,"Leaf area per leaf dry mass (specific leaf area, SLA or 1/LMA): undefined if petiole is in- or excluded)",105654,try_13006,1,1,0.024319999999782092,0.024319999999782092,0.024319999999782092
297,Leaf mass per area,"Leaf area per leaf dry mass (specific leaf area, SLA or 1/LMA): undefined if petiole is in- or excluded)",105655,try_13007,1,1,0.02828000000002828,0.02828000000002828,0.02828000000002828
297,Leaf mass per area,"Leaf area per leaf dry mass (specific leaf area, SLA or 1/LMA): undefined if petiole is in- or excluded)",105656,try_13008,1,1,0.023039999999882033,0.023039999999882033,0.023039999999882033
297,Leaf mass per area,"Leaf area per leaf dry mass (specific leaf area, SLA or 1/LMA): undefined if petiole is in- or excluded)",105657,try_13009,1,1,0.01999000000010115,0.01999000000010115,0.01999000000010115
297,Leaf mass per area,"Leaf area per leaf dry mass (specific leaf area, SLA or 1/LMA): undefined if petiole is in- or excluded)",105658,try_13010,1,1,0.01079999999995248,0.01079999999995248,0.01079999999995248
297,Leaf mass per area,"Leaf area per leaf dry mass (specific leaf area, SLA or 1/LMA): undefined if petiole is in- or excluded)",105659,try_13011,1,1,0.02197999999976657,0.02197999999976657,0.02197999999976657
297,Leaf mass per area,"Leaf area per leaf dry mass (specific leaf area, SLA or 1/LMA): undefined if petiole is in- or excluded)",105660,try_13012,1,1,0.018809999999981567,0.018809999999981567,0.018809999999981567
297,Leaf mass per area,"Leaf area per leaf dry mass (specific leaf area, SLA or 1/LMA): undefined if petiole is in- or excluded)",105661,try_13013,1,1,0.025140000000302684,0.025140000000302684,0.025140000000302684
297,Leaf mass per area,"Leaf area per leaf dry mass (specific leaf area, SLA or 1/LMA): undefined if petiole is in- or excluded)",105663,try_13015,1,1,0.04857000000061393,0.04857000000061393,0.04857000000061393
297,Leaf mass per area,"Leaf area per leaf dry mass (specific leaf area, SLA or 1/LMA): undefined if petiole is in- or excluded)",105665,try_13017,1,1,0.025840000000318348,0.025840000000318348,0.025840000000318348
297,Leaf mass per area,"Leaf area per leaf dry mass (specific leaf area, SLA or 1/LMA): undefined if petiole is in- or excluded)",105666,try_13018,1,1,0.022849999999893747,0.022849999999893747,0.022849999999893747
297,Leaf mass per area,"Leaf area per leaf dry mass (specific leaf area, SLA or 1/LMA): undefined if petiole is in- or excluded)",105667,try_13019,1,1,0.022769999999887516,0.022769999999887516,0.022769999999887516
297,Leaf mass per area,"Leaf area per leaf dry mass (specific leaf area, SLA or 1/LMA): undefined if petiole is in- or excluded)",105668,try_13020,1,1,0.021829999999900672,0.021829999999900672,0.021829999999900672
297,Leaf mass per area,"Leaf area per leaf dry mass (specific leaf area, SLA or 1/LMA): undefined if petiole is in- or excluded)",105669,try_13021,1,1,0.02455999999990962,0.02455999999990962,0.02455999999990962
297,Leaf mass per area,"Leaf area per leaf dry mass (specific leaf area, SLA or 1/LMA): undefined if petiole is in- or excluded)",105670,try_13022,1,1,0.01957000000009609,0.01957000000009609,0.01957000000009609
297,Leaf mass per area,"Leaf area per leaf dry mass (specific leaf area, SLA or 1/LMA): undefined if petiole is in- or excluded)",105671,try_13023,2,2,0.02196000000014845,0.02383999999993945,0.025719999999730455
297,Leaf mass per area,"Leaf area per leaf dry mass (specific leaf area, SLA or 1/LMA): undefined if petiole is in- or excluded)",105672,try_13024,1,1,0.01964000000000393,0.01964000000000393,0.01964000000000393
297,Leaf mass per area,"Leaf area per leaf dry mass (specific leaf area, SLA or 1/LMA): undefined if petiole is in- or excluded)",105673,try_13025,1,1,0.02475000000002475,0.02475000000002475,0.02475000000002475
297,Leaf mass per area,"Leaf area per leaf dry mass (specific leaf area, SLA or 1/LMA): undefined if petiole is in- or excluded)",105674,try_13026,1,1,0.024740000000257792,0.024740000000257792,0.024740000000257792
297,Leaf mass per area,"Leaf area per leaf dry mass (specific leaf area, SLA or 1/LMA): undefined if petiole is in- or excluded)",105675,try_13027,1,1,0.01657999999988427,0.01657999999988427,0.01657999999988427
297,Leaf mass per area,"Leaf area per leaf dry mass (specific leaf area, SLA or 1/LMA): undefined if petiole is in- or excluded)",105677,try_13029,1,1,0.026620000000055904,0.026620000000055904,0.026620000000055904
297,Leaf mass per area,"Leaf area per leaf dry mass (specific leaf area, SLA or 1/LMA): undefined if petiole is in- or excluded)",105678,try_13030,1,1,0.01951999999989381,0.01951999999989381,0.01951999999989381
297,Leaf mass per area,"Leaf area per leaf dry mass (specific leaf area, SLA or 1/LMA): undefined if petiole is in- or excluded)",105679,try_13031,1,1,0.02034000000010089,0.02034000000010089,0.02034000000010089
297,Leaf mass per area,"Leaf area per leaf dry mass (specific leaf area, SLA or 1/LMA): undefined if petiole is in- or excluded)",105680,try_13032,1,1,0.023549999999786873,0.023549999999786873,0.023549999999786873
297,Leaf mass per area,"Leaf area per leaf dry mass (specific leaf area, SLA or 1/LMA): undefined if petiole is in- or excluded)",105681,try_13033,1,1,0.02207000000005915,0.02207000000005915,0.02207000000005915
297,Leaf mass per area,"Leaf area per leaf dry mass (specific leaf area, SLA or 1/LMA): undefined if petiole is in- or excluded)",105682,try_13034,1,1,0.02682999999965765,0.02682999999965765,0.02682999999965765
297,Leaf mass per area,"Leaf area per leaf dry mass (specific leaf area, SLA or 1/LMA): undefined if petiole is in- or excluded)",105684,try_13036,1,1,0.007419999999882764,0.007419999999882764,0.007419999999882764
297,Leaf mass per area,"Leaf area per leaf dry mass (specific leaf area, SLA or 1/LMA): undefined if petiole is in- or excluded)",105686,try_13038,1,1,0.023439999999975623,0.023439999999975623,0.023439999999975623
297,Leaf mass per area,"Leaf area per leaf dry mass (specific leaf area, SLA or 1/LMA): undefined if petiole is in- or excluded)",105687,try_13039,1,1,0.026319999999753645,0.026319999999753645,0.026319999999753645
297,Leaf mass per area,"Leaf area per leaf dry mass (specific leaf area, SLA or 1/LMA): undefined if petiole is in- or excluded)",105688,try_13040,1,1,0.03209000000010718,0.03209000000010718,0.03209000000010718
297,Leaf mass per area,"Leaf area per leaf dry mass (specific leaf area, SLA or 1/LMA): undefined if petiole is in- or excluded)",105689,try_13041,1,1,0.02379999999982388,0.02379999999982388,0.02379999999982388
297,Leaf mass per area,"Leaf area per leaf dry mass (specific leaf area, SLA or 1/LMA): undefined if petiole is in- or excluded)",105690,try_13042,1,1,0.02029999999993504,0.02029999999993504,0.02029999999993504
297,Leaf mass per area,"Leaf area per leaf dry mass (specific leaf area, SLA or 1/LMA): undefined if petiole is in- or excluded)",105692,try_13044,1,1,0.021839999999783345,0.021839999999783345,0.021839999999783345
297,Leaf mass per area,"Leaf area per leaf dry mass (specific leaf area, SLA or 1/LMA): undefined if petiole is in- or excluded)",105694,try_13046,1,1,0.019610000000012354,0.019610000000012354,0.019610000000012354
297,Leaf mass per area,"Leaf area per leaf dry mass (specific leaf area, SLA or 1/LMA): undefined if petiole is in- or excluded)",105695,try_13047,1,1,0.02796000000001454,0.02796000000001454,0.02796000000001454
297,Leaf mass per area,"Leaf area per leaf dry mass (specific leaf area, SLA or 1/LMA): undefined if petiole is in- or excluded)",105696,try_13048,1,1,0.02700999999967723,0.02700999999967723,0.02700999999967723
297,Leaf mass per area,"Leaf area per leaf dry mass (specific leaf area, SLA or 1/LMA): undefined if petiole is in- or excluded)",105697,try_13049,1,1,0.023050000000139452,0.023050000000139452,0.023050000000139452
297,Leaf mass per area,"Leaf area per leaf dry mass (specific leaf area, SLA or 1/LMA): undefined if petiole is in- or excluded)",105698,try_13050,1,1,0.025980000000122624,0.025980000000122624,0.025980000000122624
297,Leaf mass per area,"Leaf area per leaf dry mass (specific leaf area, SLA or 1/LMA): undefined if petiole is in- or excluded)",105699,try_13051,1,1,0.02222999999978815,0.02222999999978815,0.02222999999978815
297,Leaf mass per area,"Leaf area per leaf dry mass (specific leaf area, SLA or 1/LMA): undefined if petiole is in- or excluded)",105701,try_13053,1,1,0.02275000000002275,0.02275000000002275,0.02275000000002275
297,Leaf mass per area,"Leaf area per leaf dry mass (specific leaf area, SLA or 1/LMA): undefined if petiole is in- or excluded)",105704,try_13056,1,1,0.024159999999895626,0.024159999999895626,0.024159999999895626
297,Leaf mass per area,"Leaf area per leaf dry mass (specific leaf area, SLA or 1/LMA): undefined if petiole is in- or excluded)",105706,try_13058,1,1,0.024640000000252314,0.024640000000252314,0.024640000000252314
297,Leaf mass per area,"Leaf area per leaf dry mass (specific leaf area, SLA or 1/LMA): undefined if petiole is in- or excluded)",105707,try_13059,1,1,0.03758000000054266,0.03758000000054266,0.03758000000054266
297,Leaf mass per area,"Leaf area per leaf dry mass (specific leaf area, SLA or 1/LMA): undefined if petiole is in- or excluded)",105708,try_13060,1,1,0.022390000000011418,0.022390000000011418,0.022390000000011418
297,Leaf mass per area,"Leaf area per leaf dry mass (specific leaf area, SLA or 1/LMA): undefined if petiole is in- or excluded)",105709,try_13061,1,1,0.024290000000197723,0.024290000000197723,0.024290000000197723
297,Leaf mass per area,"Leaf area per leaf dry mass (specific leaf area, SLA or 1/LMA): undefined if petiole is in- or excluded)",105710,try_13062,1,1,0.02795000000004612,0.02795000000004612,0.02795000000004612
297,Leaf mass per area,"Leaf area per leaf dry mass (specific leaf area, SLA or 1/LMA): undefined if petiole is in- or excluded)",105711,try_13063,1,1,0.020359999999996742,0.020359999999996742,0.020359999999996742
297,Leaf mass per area,"Leaf area per leaf dry mass (specific leaf area, SLA or 1/LMA): undefined if petiole is in- or excluded)",105713,try_13065,1,1,0.02245000000004939,0.02245000000004939,0.02245000000004939
297,Leaf mass per area,"Leaf area per leaf dry mass (specific leaf area, SLA or 1/LMA): undefined if petiole is in- or excluded)",105715,try_13067,1,1,0.0335899999996201,0.0335899999996201,0.0335899999996201
297,Leaf mass per area,"Leaf area per leaf dry mass (specific leaf area, SLA or 1/LMA): undefined if petiole is in- or excluded)",105717,try_13069,1,1,0.020529999999975367,0.020529999999975367,0.020529999999975367
297,Leaf mass per area,"Leaf area per leaf dry mass (specific leaf area, SLA or 1/LMA): undefined if petiole is in- or excluded)",105719,try_13071,1,1,0.01619999999992872,0.01619999999992872,0.01619999999992872
297,Leaf mass per area,"Leaf area per leaf dry mass (specific leaf area, SLA or 1/LMA): undefined if petiole is in- or excluded)",105722,try_13074,1,1,0.02468999999970693,0.02468999999970693,0.02468999999970693
297,Leaf mass per area,"Leaf area per leaf dry mass (specific leaf area, SLA or 1/LMA): undefined if petiole is in- or excluded)",105723,try_13075,1,1,0.01893000000003256,0.01893000000003256,0.01893000000003256
297,Leaf mass per area,"Leaf area per leaf dry mass (specific leaf area, SLA or 1/LMA): undefined if petiole is in- or excluded)",105725,try_13077,1,1,0.024220000000122553,0.024220000000122553,0.024220000000122553
297,Leaf mass per area,"Leaf area per leaf dry mass (specific leaf area, SLA or 1/LMA): undefined if petiole is in- or excluded)",105726,try_13078,1,1,0.02764000000027419,0.02764000000027419,0.02764000000027419
297,Leaf mass per area,"Leaf area per leaf dry mass (specific leaf area, SLA or 1/LMA): undefined if petiole is in- or excluded)",105731,try_13083,1,1,0.01665000000001665,0.01665000000001665,0.01665000000001665
297,Leaf mass per area,"Leaf area per leaf dry mass (specific leaf area, SLA or 1/LMA): undefined if petiole is in- or excluded)",105734,try_13086,1,1,0.018139999999910388,0.018139999999910388,0.018139999999910388
297,Leaf mass per area,"Leaf area per leaf dry mass (specific leaf area, SLA or 1/LMA): undefined if petiole is in- or excluded)",105735,try_13087,1,1,0.0063099999999312205,0.0063099999999312205,0.0063099999999312205
297,Leaf mass per area,"Leaf area per leaf dry mass (specific leaf area, SLA or 1/LMA): undefined if petiole is in- or excluded)",105736,try_13088,1,1,0.01871999999993111,0.01871999999993111,0.01871999999993111
297,Leaf mass per area,"Leaf area per leaf dry mass (specific leaf area, SLA or 1/LMA): undefined if petiole is in- or excluded)",105738,try_13090,1,1,0.02199000000013348,0.02199000000013348,0.02199000000013348
297,Leaf mass per area,"Leaf area per leaf dry mass (specific leaf area, SLA or 1/LMA): undefined if petiole is in- or excluded)",105739,try_13091,1,1,0.025019999999709767,0.025019999999709767,0.025019999999709767
297,Leaf mass per area,"Leaf area per leaf dry mass (specific leaf area, SLA or 1/LMA): undefined if petiole is in- or excluded)",105741,try_13093,1,1,0.0190500000000762,0.0190500000000762,0.0190500000000762
297,Leaf mass per area,"Leaf area per leaf dry mass (specific leaf area, SLA or 1/LMA): undefined if petiole is in- or excluded)",105742,try_13094,1,1,0.020549999999838683,0.020549999999838683,0.020549999999838683
297,Leaf mass per area,"Leaf area per leaf dry mass (specific leaf area, SLA or 1/LMA): undefined if petiole is in- or excluded)",105743,try_13095,1,1,0.022950000000239827,0.022950000000239827,0.022950000000239827
297,Leaf mass per area,"Leaf area per leaf dry mass (specific leaf area, SLA or 1/LMA): undefined if petiole is in- or excluded)",105745,try_13097,1,1,0.020820000000169474,0.020820000000169474,0.020820000000169474
297,Leaf mass per area,"Leaf area per leaf dry mass (specific leaf area, SLA or 1/LMA): undefined if petiole is in- or excluded)",105746,try_13098,1,1,0.025559999999951948,0.025559999999951948,0.025559999999951948
297,Leaf mass per area,"Leaf area per leaf dry mass (specific leaf area, SLA or 1/LMA): undefined if petiole is in- or excluded)",105747,try_13099,1,1,0.015080000000109178,0.015080000000109178,0.015080000000109178
297,Leaf mass per area,"Leaf area per leaf dry mass (specific leaf area, SLA or 1/LMA): undefined if petiole is in- or excluded)",105748,try_13100,1,1,0.022579999999994584,0.022579999999994584,0.022579999999994584
297,Leaf mass per area,"Leaf area per leaf dry mass (specific leaf area, SLA or 1/LMA): undefined if petiole is in- or excluded)",105753,try_13105,1,1,0.018109999999863995,0.018109999999863995,0.018109999999863995
297,Leaf mass per area,"Leaf area per leaf dry mass (specific leaf area, SLA or 1/LMA): undefined if petiole is in- or excluded)",105756,try_13108,1,1,0.01912000000004589,0.01912000000004589,0.01912000000004589
297,Leaf mass per area,"Leaf area per leaf dry mass (specific leaf area, SLA or 1/LMA): undefined if petiole is in- or excluded)",105757,try_13109,1,1,0.018879999999969792,0.018879999999969792,0.018879999999969792
297,Leaf mass per area,"Leaf area per leaf dry mass (specific leaf area, SLA or 1/LMA): undefined if petiole is in- or excluded)",105758,try_13110,1,1,0.02141999999999443,0.02141999999999443,0.02141999999999443
297,Leaf mass per area,"Leaf area per leaf dry mass (specific leaf area, SLA or 1/LMA): undefined if petiole is in- or excluded)",105760,try_13112,1,1,0.01940999999982201,0.01940999999982201,0.01940999999982201
297,Leaf mass per area,"Leaf area per leaf dry mass (specific leaf area, SLA or 1/LMA): undefined if petiole is in- or excluded)",105762,try_13114,1,1,0.021630000000017087,0.021630000000017087,0.021630000000017087
297,Leaf mass per area,"Leaf area per leaf dry mass (specific leaf area, SLA or 1/LMA): undefined if petiole is in- or excluded)",105763,try_13115,1,1,0.022139999999926493,0.022139999999926493,0.022139999999926493
297,Leaf mass per area,"Leaf area per leaf dry mass (specific leaf area, SLA or 1/LMA): undefined if petiole is in- or excluded)",105765,try_13117,1,1,0.00599999999988,0.00599999999988,0.00599999999988
297,Leaf mass per area,"Leaf area per leaf dry mass (specific leaf area, SLA or 1/LMA): undefined if petiole is in- or excluded)",105768,try_13120,1,1,0.024339999999854447,0.024339999999854447,0.024339999999854447
297,Leaf mass per area,"Leaf area per leaf dry mass (specific leaf area, SLA or 1/LMA): undefined if petiole is in- or excluded)",105769,try_13121,1,1,0.02136999999984827,0.02136999999984827,0.02136999999984827
297,Leaf mass per area,"Leaf area per leaf dry mass (specific leaf area, SLA or 1/LMA): undefined if petiole is in- or excluded)",105770,try_13122,1,1,0.025689999999782918,0.025689999999782918,0.025689999999782918
297,Leaf mass per area,"Leaf area per leaf dry mass (specific leaf area, SLA or 1/LMA): undefined if petiole is in- or excluded)",105772,try_13124,1,1,0.018059999999851185,0.018059999999851185,0.018059999999851185
297,Leaf mass per area,"Leaf area per leaf dry mass (specific leaf area, SLA or 1/LMA): undefined if petiole is in- or excluded)",105773,try_13125,1,1,0.00787999999996848,0.00787999999996848,0.00787999999996848
297,Leaf mass per area,"Leaf area per leaf dry mass (specific leaf area, SLA or 1/LMA): undefined if petiole is in- or excluded)",105775,try_13127,1,1,0.02040000000005712,0.02040000000005712,0.02040000000005712
297,Leaf mass per area,"Leaf area per leaf dry mass (specific leaf area, SLA or 1/LMA): undefined if petiole is in- or excluded)",105779,try_13131,1,1,0.014950000000005233,0.014950000000005233,0.014950000000005233
297,Leaf mass per area,"Leaf area per leaf dry mass (specific leaf area, SLA or 1/LMA): undefined if petiole is in- or excluded)",105781,try_13133,1,1,0.016600000000116202,0.016600000000116202,0.016600000000116202
297,Leaf mass per area,"Leaf area per leaf dry mass (specific leaf area, SLA or 1/LMA): undefined if petiole is in- or excluded)",105782,try_13134,1,1,0.01668999999988584,0.01668999999988584,0.01668999999988584
297,Leaf mass per area,"Leaf area per leaf dry mass (specific leaf area, SLA or 1/LMA): undefined if petiole is in- or excluded)",105783,try_13135,1,1,0.025900000000025902,0.025900000000025902,0.025900000000025902
297,Leaf mass per area,"Leaf area per leaf dry mass (specific leaf area, SLA or 1/LMA): undefined if petiole is in- or excluded)",105784,try_13136,1,1,0.026740000000004274,0.026740000000004274,0.026740000000004274
297,Leaf mass per area,"Leaf area per leaf dry mass (specific leaf area, SLA or 1/LMA): undefined if petiole is in- or excluded)",105785,try_13137,1,1,0.019500000000019502,0.019500000000019502,0.019500000000019502
297,Leaf mass per area,"Leaf area per leaf dry mass (specific leaf area, SLA or 1/LMA): undefined if petiole is in- or excluded)",105786,try_13138,1,1,0.006290000000145928,0.006290000000145928,0.006290000000145928
297,Leaf mass per area,"Leaf area per leaf dry mass (specific leaf area, SLA or 1/LMA): undefined if petiole is in- or excluded)",105791,try_13143,1,1,0.02087999999978786,0.02087999999978786,0.02087999999978786
297,Leaf mass per area,"Leaf area per leaf dry mass (specific leaf area, SLA or 1/LMA): undefined if petiole is in- or excluded)",105795,try_13147,1,1,0.026920000000002154,0.026920000000002154,0.026920000000002154
297,Leaf mass per area,"Leaf area per leaf dry mass (specific leaf area, SLA or 1/LMA): undefined if petiole is in- or excluded)",105797,try_13149,1,1,0.029270000000313483,0.029270000000313483,0.029270000000313483
297,Leaf mass per area,"Leaf area per leaf dry mass (specific leaf area, SLA or 1/LMA): undefined if petiole is in- or excluded)",105799,try_13151,1,1,0.022350000000243616,0.022350000000243616,0.022350000000243616
297,Leaf mass per area,"Leaf area per leaf dry mass (specific leaf area, SLA or 1/LMA): undefined if petiole is in- or excluded)",105800,try_13152,1,1,0.012529999999957271,0.012529999999957271,0.012529999999957271
297,Leaf mass per area,"Leaf area per leaf dry mass (specific leaf area, SLA or 1/LMA): undefined if petiole is in- or excluded)",105802,try_13154,1,1,0.025310000000091367,0.025310000000091367,0.025310000000091367
297,Leaf mass per area,"Leaf area per leaf dry mass (specific leaf area, SLA or 1/LMA): undefined if petiole is in- or excluded)",105803,try_13155,1,1,0.0268999999997041,0.0268999999997041,0.0268999999997041
297,Leaf mass per area,"Leaf area per leaf dry mass (specific leaf area, SLA or 1/LMA): undefined if petiole is in- or excluded)",105809,try_13161,1,1,0.024319999999782092,0.024319999999782092,0.024319999999782092
297,Leaf mass per area,"Leaf area per leaf dry mass (specific leaf area, SLA or 1/LMA): undefined if petiole is in- or excluded)",105811,try_13163,1,1,0.012300000000019679,0.012300000000019679,0.012300000000019679
297,Leaf mass per area,"Leaf area per leaf dry mass (specific leaf area, SLA or 1/LMA): undefined if petiole is in- or excluded)",105812,try_13164,1,1,0.012589999999938813,0.012589999999938813,0.012589999999938813
297,Leaf mass per area,"Leaf area per leaf dry mass (specific leaf area, SLA or 1/LMA): undefined if petiole is in- or excluded)",105821,try_13173,1,1,0.01732000000008175,0.01732000000008175,0.01732000000008175
297,Leaf mass per area,"Leaf area per leaf dry mass (specific leaf area, SLA or 1/LMA): undefined if petiole is in- or excluded)",105825,try_13177,1,1,0.02124000000016652,0.02124000000016652,0.02124000000016652
297,Leaf mass per area,"Leaf area per leaf dry mass (specific leaf area, SLA or 1/LMA): undefined if petiole is in- or excluded)",105829,try_13181,1,1,0.02172999999991004,0.02172999999991004,0.02172999999991004
297,Leaf mass per area,"Leaf area per leaf dry mass (specific leaf area, SLA or 1/LMA): undefined if petiole is in- or excluded)",105831,try_13183,1,1,0.005429999999855562,0.005429999999855562,0.005429999999855562
297,Leaf mass per area,"Leaf area per leaf dry mass (specific leaf area, SLA or 1/LMA): undefined if petiole is in- or excluded)",105832,try_13184,1,1,0.02071999999980606,0.02071999999980606,0.02071999999980606
297,Leaf mass per area,"Leaf area per leaf dry mass (specific leaf area, SLA or 1/LMA): undefined if petiole is in- or excluded)",105834,try_13186,1,1,0.015099999999980369,0.015099999999980369,0.015099999999980369
297,Leaf mass per area,"Leaf area per leaf dry mass (specific leaf area, SLA or 1/LMA): undefined if petiole is in- or excluded)",105839,try_13191,1,1,0.024290000000197723,0.024290000000197723,0.024290000000197723
297,Leaf mass per area,"Leaf area per leaf dry mass (specific leaf area, SLA or 1/LMA): undefined if petiole is in- or excluded)",105841,try_13193,1,1,0.019880000000075546,0.019880000000075546,0.019880000000075546
297,Leaf mass per area,"Leaf area per leaf dry mass (specific leaf area, SLA or 1/LMA): undefined if petiole is in- or excluded)",105844,try_13196,1,1,0.02617999999974396,0.02617999999974396,0.02617999999974396
297,Leaf mass per area,"Leaf area per leaf dry mass (specific leaf area, SLA or 1/LMA): undefined if petiole is in- or excluded)",105845,try_13197,1,1,0.02169999999988499,0.02169999999988499,0.02169999999988499
297,Leaf mass per area,"Leaf area per leaf dry mass (specific leaf area, SLA or 1/LMA): undefined if petiole is in- or excluded)",105850,try_13202,1,1,0.03094999999997834,0.03094999999997834,0.03094999999997834
297,Leaf mass per area,"Leaf area per leaf dry mass (specific leaf area, SLA or 1/LMA): undefined if petiole is in- or excluded)",105853,try_13205,1,1,0.00804000000017688,0.00804000000017688,0.00804000000017688
297,Leaf mass per area,"Leaf area per leaf dry mass (specific leaf area, SLA or 1/LMA): undefined if petiole is in- or excluded)",105854,try_13206,1,1,0.018760000000060784,0.018760000000060784,0.018760000000060784
297,Leaf mass per area,"Leaf area per leaf dry mass (specific leaf area, SLA or 1/LMA): undefined if petiole is in- or excluded)",105855,try_13207,1,1,0.02239999999992832,0.02239999999992832,0.02239999999992832
297,Leaf mass per area,"Leaf area per leaf dry mass (specific leaf area, SLA or 1/LMA): undefined if petiole is in- or excluded)",105858,try_13210,1,1,0.025019999999709767,0.025019999999709767,0.025019999999709767
297,Leaf mass per area,"Leaf area per leaf dry mass (specific leaf area, SLA or 1/LMA): undefined if petiole is in- or excluded)",105863,try_13215,1,1,0.01929999999984753,0.01929999999984753,0.01929999999984753
297,Leaf mass per area,"Leaf area per leaf dry mass (specific leaf area, SLA or 1/LMA): undefined if petiole is in- or excluded)",105865,try_13217,1,1,0.0071999999999424,0.0071999999999424,0.0071999999999424
297,Leaf mass per area,"Leaf area per leaf dry mass (specific leaf area, SLA or 1/LMA): undefined if petiole is in- or excluded)",105866,try_13218,1,1,0.01910000000014898,0.01910000000014898,0.01910000000014898
297,Leaf mass per area,"Leaf area per leaf dry mass (specific leaf area, SLA or 1/LMA): undefined if petiole is in- or excluded)",105871,try_13223,1,1,0.011789999999937512,0.011789999999937512,0.011789999999937512
297,Leaf mass per area,"Leaf area per leaf dry mass (specific leaf area, SLA or 1/LMA): undefined if petiole is in- or excluded)",105873,try_13225,1,1,0.02100999999996323,0.02100999999996323,0.02100999999996323
297,Leaf mass per area,"Leaf area per leaf dry mass (specific leaf area, SLA or 1/LMA): undefined if petiole is in- or excluded)",105874,try_13226,1,1,0.02411999999975494,0.02411999999975494,0.02411999999975494
297,Leaf mass per area,"Leaf area per leaf dry mass (specific leaf area, SLA or 1/LMA): undefined if petiole is in- or excluded)",105875,try_13227,1,1,0.02203999999985277,0.02203999999985277,0.02203999999985277
297,Leaf mass per area,"Leaf area per leaf dry mass (specific leaf area, SLA or 1/LMA): undefined if petiole is in- or excluded)",105877,try_13229,1,1,0.023620000000122824,0.023620000000122824,0.023620000000122824
297,Leaf mass per area,"Leaf area per leaf dry mass (specific leaf area, SLA or 1/LMA): undefined if petiole is in- or excluded)",105881,try_13233,1,1,0.02516999999978958,0.02516999999978958,0.02516999999978958
297,Leaf mass per area,"Leaf area per leaf dry mass (specific leaf area, SLA or 1/LMA): undefined if petiole is in- or excluded)",105885,try_13237,1,1,0.01119999999996416,0.01119999999996416,0.01119999999996416
297,Leaf mass per area,"Leaf area per leaf dry mass (specific leaf area, SLA or 1/LMA): undefined if petiole is in- or excluded)",105886,try_13238,1,1,0.025190000000255175,0.025190000000255175,0.025190000000255175
297,Leaf mass per area,"Leaf area per leaf dry mass (specific leaf area, SLA or 1/LMA): undefined if petiole is in- or excluded)",105888,try_13240,1,1,0.026750000000066873,0.026750000000066873,0.026750000000066873
297,Leaf mass per area,"Leaf area per leaf dry mass (specific leaf area, SLA or 1/LMA): undefined if petiole is in- or excluded)",105891,try_13243,1,1,0.02040000000005712,0.02040000000005712,0.02040000000005712
297,Leaf mass per area,"Leaf area per leaf dry mass (specific leaf area, SLA or 1/LMA): undefined if petiole is in- or excluded)",105892,try_13244,1,1,0.018840000000095707,0.018840000000095707,0.018840000000095707
297,Leaf mass per area,"Leaf area per leaf dry mass (specific leaf area, SLA or 1/LMA): undefined if petiole is in- or excluded)",105893,try_13245,1,1,0.01527000000007528,0.01527000000007528,0.01527000000007528
297,Leaf mass per area,"Leaf area per leaf dry mass (specific leaf area, SLA or 1/LMA): undefined if petiole is in- or excluded)",105895,try_13247,1,1,0.0189000000000189,0.0189000000000189,0.0189000000000189
297,Leaf mass per area,"Leaf area per leaf dry mass (specific leaf area, SLA or 1/LMA): undefined if petiole is in- or excluded)",105896,try_13248,1,1,0.02570999999986605,0.02570999999986605,0.02570999999986605
297,Leaf mass per area,"Leaf area per leaf dry mass (specific leaf area, SLA or 1/LMA): undefined if petiole is in- or excluded)",105901,try_13253,1,1,0.021070000000016645,0.021070000000016645,0.021070000000016645
297,Leaf mass per area,"Leaf area per leaf dry mass (specific leaf area, SLA or 1/LMA): undefined if petiole is in- or excluded)",105905,try_13257,1,1,0.0348799999995647,0.0348799999995647,0.0348799999995647
297,Leaf mass per area,"Leaf area per leaf dry mass (specific leaf area, SLA or 1/LMA): undefined if petiole is in- or excluded)",105910,try_13262,1,1,0.02139999999982452,0.02139999999982452,0.02139999999982452
297,Leaf mass per area,"Leaf area per leaf dry mass (specific leaf area, SLA or 1/LMA): undefined if petiole is in- or excluded)",105919,try_13271,2,2,0.012400000000049599,0.01655000000001652,0.02069999999998344
297,Leaf mass per area,"Leaf area per leaf dry mass (specific leaf area, SLA or 1/LMA): undefined if petiole is in- or excluded)",105923,try_13275,1,1,0.016970000000127786,0.016970000000127786,0.016970000000127786
297,Leaf mass per area,"Leaf area per leaf dry mass (specific leaf area, SLA or 1/LMA): undefined if petiole is in- or excluded)",105926,try_13278,1,1,0.016720000000053505,0.016720000000053505,0.016720000000053505
297,Leaf mass per area,"Leaf area per leaf dry mass (specific leaf area, SLA or 1/LMA): undefined if petiole is in- or excluded)",105934,try_13286,1,1,0.014709999999936746,0.014709999999936746,0.014709999999936746
297,Leaf mass per area,"Leaf area per leaf dry mass (specific leaf area, SLA or 1/LMA): undefined if petiole is in- or excluded)",105940,try_13292,1,1,0.03269000000009676,0.03269000000009676,0.03269000000009676
297,Leaf mass per area,"Leaf area per leaf dry mass (specific leaf area, SLA or 1/LMA): undefined if petiole is in- or excluded)",105941,try_13293,1,1,0.021350000000066184,0.021350000000066184,0.021350000000066184
297,Leaf mass per area,"Leaf area per leaf dry mass (specific leaf area, SLA or 1/LMA): undefined if petiole is in- or excluded)",105949,try_13301,1,1,0.022410000000101068,0.022410000000101068,0.022410000000101068
297,Leaf mass per area,"Leaf area per leaf dry mass (specific leaf area, SLA or 1/LMA): undefined if petiole is in- or excluded)",105952,try_13304,1,1,0.015419999999990438,0.015419999999990438,0.015419999999990438
297,Leaf mass per area,"Leaf area per leaf dry mass (specific leaf area, SLA or 1/LMA): undefined if petiole is in- or excluded)",105953,try_13305,1,1,0.009680000000371712,0.009680000000371712,0.009680000000371712
297,Leaf mass per area,"Leaf area per leaf dry mass (specific leaf area, SLA or 1/LMA): undefined if petiole is in- or excluded)",105959,try_13311,2,2,0.01365000000001365,0.017474999999896063,0.02129999999977848
297,Leaf mass per area,"Leaf area per leaf dry mass (specific leaf area, SLA or 1/LMA): undefined if petiole is in- or excluded)",105967,try_13319,1,1,0.021899999999818228,0.021899999999818228,0.021899999999818228
297,Leaf mass per area,"Leaf area per leaf dry mass (specific leaf area, SLA or 1/LMA): undefined if petiole is in- or excluded)",105970,try_13322,1,1,0.03539999999952564,0.03539999999952564,0.03539999999952564
297,Leaf mass per area,"Leaf area per leaf dry mass (specific leaf area, SLA or 1/LMA): undefined if petiole is in- or excluded)",105971,try_13323,1,1,0.007250000000145001,0.007250000000145001,0.007250000000145001
297,Leaf mass per area,"Leaf area per leaf dry mass (specific leaf area, SLA or 1/LMA): undefined if petiole is in- or excluded)",105974,try_13326,1,1,0.002789999999985213,0.002789999999985213,0.002789999999985213
297,Leaf mass per area,"Leaf area per leaf dry mass (specific leaf area, SLA or 1/LMA): undefined if petiole is in- or excluded)",105976,try_13328,1,1,0.01465999999998153,0.01465999999998153,0.01465999999998153
297,Leaf mass per area,"Leaf area per leaf dry mass (specific leaf area, SLA or 1/LMA): undefined if petiole is in- or excluded)",105978,try_13330,1,1,0.015500000000062,0.015500000000062,0.015500000000062
297,Leaf mass per area,"Leaf area per leaf dry mass (specific leaf area, SLA or 1/LMA): undefined if petiole is in- or excluded)",105982,try_13334,1,1,0.02928000000041226,0.02928000000041226,0.02928000000041226
297,Leaf mass per area,"Leaf area per leaf dry mass (specific leaf area, SLA or 1/LMA): undefined if petiole is in- or excluded)",105989,try_13341,1,1,0.009959999999573713,0.009959999999573713,0.009959999999573713
297,Leaf mass per area,"Leaf area per leaf dry mass (specific leaf area, SLA or 1/LMA): undefined if petiole is in- or excluded)",105994,try_13346,1,1,0.01159999999996288,0.01159999999996288,0.01159999999996288
297,Leaf mass per area,"Leaf area per leaf dry mass (specific leaf area, SLA or 1/LMA): undefined if petiole is in- or excluded)",106002,try_13354,1,1,0.01355000000006978,0.01355000000006978,0.01355000000006978
297,Leaf mass per area,"Leaf area per leaf dry mass (specific leaf area, SLA or 1/LMA): undefined if petiole is in- or excluded)",106003,try_13355,1,1,0.013530000000071575,0.013530000000071575,0.013530000000071575
297,Leaf mass per area,"Leaf area per leaf dry mass (specific leaf area, SLA or 1/LMA): undefined if petiole is in- or excluded)",106005,try_13357,1,1,0.004970000000018886,0.004970000000018886,0.004970000000018886
297,Leaf mass per area,"Leaf area per leaf dry mass (specific leaf area, SLA or 1/LMA): undefined if petiole is in- or excluded)",106014,try_13366,1,1,0.020900000000066882,0.020900000000066882,0.020900000000066882
297,Leaf mass per area,"Leaf area per leaf dry mass (specific leaf area, SLA or 1/LMA): undefined if petiole is in- or excluded)",106023,try_13375,1,1,0.018910000000093227,0.018910000000093227,0.018910000000093227
297,Leaf mass per area,"Leaf area per leaf dry mass (specific leaf area, SLA or 1/LMA): undefined if petiole is in- or excluded)",106025,try_13377,1,1,0.007339999999803288,0.007339999999803288,0.007339999999803288
297,Leaf mass per area,"Leaf area per leaf dry mass (specific leaf area, SLA or 1/LMA): undefined if petiole is in- or excluded)",106027,try_13379,1,1,0.004310000000091372,0.004310000000091372,0.004310000000091372
297,Leaf mass per area,"Leaf area per leaf dry mass (specific leaf area, SLA or 1/LMA): undefined if petiole is in- or excluded)",106033,try_13385,1,1,0.013379999999926678,0.013379999999926678,0.013379999999926678
297,Leaf mass per area,"Leaf area per leaf dry mass (specific leaf area, SLA or 1/LMA): undefined if petiole is in- or excluded)",106034,try_13386,1,1,0.006430000000180683,0.006430000000180683,0.006430000000180683
297,Leaf mass per area,"Leaf area per leaf dry mass (specific leaf area, SLA or 1/LMA): undefined if petiole is in- or excluded)",106035,try_13387,1,1,0.006099999999981699,0.006099999999981699,0.006099999999981699
297,Leaf mass per area,"Leaf area per leaf dry mass (specific leaf area, SLA or 1/LMA): undefined if petiole is in- or excluded)",106037,try_13389,1,1,0.006760000000129792,0.006760000000129792,0.006760000000129792
297,Leaf mass per area,"Leaf area per leaf dry mass (specific leaf area, SLA or 1/LMA): undefined if petiole is in- or excluded)",106039,try_13391,1,1,0.004359999999907568,0.004359999999907568,0.004359999999907568
297,Leaf mass per area,"Leaf area per leaf dry mass (specific leaf area, SLA or 1/LMA): undefined if petiole is in- or excluded)",106045,try_13397,1,1,0.026009999999674877,0.026009999999674877,0.026009999999674877
297,Leaf mass per area,"Leaf area per leaf dry mass (specific leaf area, SLA or 1/LMA): undefined if petiole is in- or excluded)",106051,try_13403,1,1,0.01227999999995481,0.01227999999995481,0.01227999999995481
297,Leaf mass per area,"Leaf area per leaf dry mass (specific leaf area, SLA or 1/LMA): undefined if petiole is in- or excluded)",106052,try_13404,1,1,0.0128,0.0128,0.0128
297,Leaf mass per area,"Leaf area per leaf dry mass (specific leaf area, SLA or 1/LMA): undefined if petiole is in- or excluded)",106053,try_13405,1,1,0.0037000000000036995,0.0037000000000036995,0.0037000000000036995
297,Leaf mass per area,"Leaf area per leaf dry mass (specific leaf area, SLA or 1/LMA): undefined if petiole is in- or excluded)",106059,try_13411,1,1,0.012199999999963398,0.012199999999963398,0.012199999999963398
297,Leaf mass per area,"Leaf area per leaf dry mass (specific leaf area, SLA or 1/LMA): undefined if petiole is in- or excluded)",106062,try_13414,1,1,0.00782000000010166,0.00782000000010166,0.00782000000010166
297,Leaf mass per area,"Leaf area per leaf dry mass (specific leaf area, SLA or 1/LMA): undefined if petiole is in- or excluded)",106067,try_13419,1,1,0.013019999999930993,0.013019999999930993,0.013019999999930993
297,Leaf mass per area,"Leaf area per leaf dry mass (specific leaf area, SLA or 1/LMA): undefined if petiole is in- or excluded)",106068,try_13420,2,2,0.023469999999988264,0.025475000000101854,0.027480000000215447
297,Leaf mass per area,"Leaf area per leaf dry mass (specific leaf area, SLA or 1/LMA): undefined if petiole is in- or excluded)",106075,try_13427,2,2,0.00412000000003296,0.004754999999977672,0.005389999999922384
297,Leaf mass per area,"Leaf area per leaf dry mass (specific leaf area, SLA or 1/LMA): undefined if petiole is in- or excluded)",106079,try_13431,1,1,0.0053999999998596004,0.0053999999998596004,0.0053999999998596004
297,Leaf mass per area,"Leaf area per leaf dry mass (specific leaf area, SLA or 1/LMA): undefined if petiole is in- or excluded)",106081,try_13433,1,1,0.012189999999981837,0.012189999999981837,0.012189999999981837
297,Leaf mass per area,"Leaf area per leaf dry mass (specific leaf area, SLA or 1/LMA): undefined if petiole is in- or excluded)",106088,try_13440,1,1,0.010259999999954856,0.010259999999954856,0.010259999999954856
297,Leaf mass per area,"Leaf area per leaf dry mass (specific leaf area, SLA or 1/LMA): undefined if petiole is in- or excluded)",106091,try_13443,2,2,0.0125,0.016815000000054516,0.02113000000010903
297,Leaf mass per area,"Leaf area per leaf dry mass (specific leaf area, SLA or 1/LMA): undefined if petiole is in- or excluded)",106093,try_13445,1,1,0.01289999999999355,0.01289999999999355,0.01289999999999355
297,Leaf mass per area,"Leaf area per leaf dry mass (specific leaf area, SLA or 1/LMA): undefined if petiole is in- or excluded)",106096,try_13448,1,1,0.003130000000013459,0.003130000000013459,0.003130000000013459
297,Leaf mass per area,"Leaf area per leaf dry mass (specific leaf area, SLA or 1/LMA): undefined if petiole is in- or excluded)",106097,try_13449,1,1,0.01947999999989637,0.01947999999989637,0.01947999999989637
297,Leaf mass per area,"Leaf area per leaf dry mass (specific leaf area, SLA or 1/LMA): undefined if petiole is in- or excluded)",106103,try_13455,2,2,0.009649999999551274,0.015369999999669133,0.02108999999978699
297,Leaf mass per area,"Leaf area per leaf dry mass (specific leaf area, SLA or 1/LMA): undefined if petiole is in- or excluded)",106106,try_13458,1,1,0.024019999999732897,0.024019999999732897,0.024019999999732897
297,Leaf mass per area,"Leaf area per leaf dry mass (specific leaf area, SLA or 1/LMA): undefined if petiole is in- or excluded)",106108,try_13460,1,1,0.014639999999991802,0.014639999999991802,0.014639999999991802
297,Leaf mass per area,"Leaf area per leaf dry mass (specific leaf area, SLA or 1/LMA): undefined if petiole is in- or excluded)",106110,try_13462,1,1,0.0087999999997184,0.0087999999997184,0.0087999999997184
297,Leaf mass per area,"Leaf area per leaf dry mass (specific leaf area, SLA or 1/LMA): undefined if petiole is in- or excluded)",106125,try_13477,1,1,0.01492000000007281,0.01492000000007281,0.01492000000007281
297,Leaf mass per area,"Leaf area per leaf dry mass (specific leaf area, SLA or 1/LMA): undefined if petiole is in- or excluded)",106128,try_13480,1,1,0.014200000000053961,0.014200000000053961,0.014200000000053961
297,Leaf mass per area,"Leaf area per leaf dry mass (specific leaf area, SLA or 1/LMA): undefined if petiole is in- or excluded)",106129,try_13481,1,1,0.02069999999998344,0.02069999999998344,0.02069999999998344
297,Leaf mass per area,"Leaf area per leaf dry mass (specific leaf area, SLA or 1/LMA): undefined if petiole is in- or excluded)",106130,try_13482,2,2,0.014440000000068157,0.015155000000000356,0.015869999999932553
297,Leaf mass per area,"Leaf area per leaf dry mass (specific leaf area, SLA or 1/LMA): undefined if petiole is in- or excluded)",106133,try_13485,1,1,0.009159999999736192,0.009159999999736192,0.009159999999736192
297,Leaf mass per area,"Leaf area per leaf dry mass (specific leaf area, SLA or 1/LMA): undefined if petiole is in- or excluded)",106137,try_13489,2,2,0.0092000000003312,0.0130100000001143,0.0168199999998974
297,Leaf mass per area,"Leaf area per leaf dry mass (specific leaf area, SLA or 1/LMA): undefined if petiole is in- or excluded)",106144,try_13496,1,1,0.01425999999999515,0.01425999999999515,0.01425999999999515
297,Leaf mass per area,"Leaf area per leaf dry mass (specific leaf area, SLA or 1/LMA): undefined if petiole is in- or excluded)",106145,try_13497,1,1,0.01563999999995871,0.01563999999995871,0.01563999999995871
297,Leaf mass per area,"Leaf area per leaf dry mass (specific leaf area, SLA or 1/LMA): undefined if petiole is in- or excluded)",106146,try_13498,2,2,0.013269999999956475,0.013989999999946611,0.014709999999936746
297,Leaf mass per area,"Leaf area per leaf dry mass (specific leaf area, SLA or 1/LMA): undefined if petiole is in- or excluded)",106158,try_13510,1,1,0.011529999999977864,0.011529999999977864,0.011529999999977864
297,Leaf mass per area,"Leaf area per leaf dry mass (specific leaf area, SLA or 1/LMA): undefined if petiole is in- or excluded)",106162,try_13514,1,1,0.011910000000035136,0.011910000000035136,0.011910000000035136
297,Leaf mass per area,"Leaf area per leaf dry mass (specific leaf area, SLA or 1/LMA): undefined if petiole is in- or excluded)",106163,try_13515,1,1,0.011529999999977864,0.011529999999977864,0.011529999999977864
297,Leaf mass per area,"Leaf area per leaf dry mass (specific leaf area, SLA or 1/LMA): undefined if petiole is in- or excluded)",106165,try_13517,2,2,0.015780000000005366,0.018930000000115733,0.0220800000002261
297,Leaf mass per area,"Leaf area per leaf dry mass (specific leaf area, SLA or 1/LMA): undefined if petiole is in- or excluded)",106167,try_13519,1,1,0.01304000000007094,0.01304000000007094,0.01304000000007094
297,Leaf mass per area,"Leaf area per leaf dry mass (specific leaf area, SLA or 1/LMA): undefined if petiole is in- or excluded)",106176,try_13528,1,1,0.013560000000067258,0.013560000000067258,0.013560000000067258
297,Leaf mass per area,"Leaf area per leaf dry mass (specific leaf area, SLA or 1/LMA): undefined if petiole is in- or excluded)",106179,try_13531,1,1,0.0192600000001718,0.0192600000001718,0.0192600000001718
297,Leaf mass per area,"Leaf area per leaf dry mass (specific leaf area, SLA or 1/LMA): undefined if petiole is in- or excluded)",106180,try_13532,1,1,0.0119299999999901,0.0119299999999901,0.0119299999999901
297,Leaf mass per area,"Leaf area per leaf dry mass (specific leaf area, SLA or 1/LMA): undefined if petiole is in- or excluded)",106187,try_13539,1,1,0.013949999999926065,0.013949999999926065,0.013949999999926065
297,Leaf mass per area,"Leaf area per leaf dry mass (specific leaf area, SLA or 1/LMA): undefined if petiole is in- or excluded)",106188,try_13540,2,2,0.003759999999978944,0.009134999999964442,0.014509999999949941
297,Leaf mass per area,"Leaf area per leaf dry mass (specific leaf area, SLA or 1/LMA): undefined if petiole is in- or excluded)",106191,try_13543,1,1,0.012860000000030607,0.012860000000030607,0.012860000000030607
297,Leaf mass per area,"Leaf area per leaf dry mass (specific leaf area, SLA or 1/LMA): undefined if petiole is in- or excluded)",106193,try_13545,1,1,0.0050200000000251,0.0050200000000251,0.0050200000000251
297,Leaf mass per area,"Leaf area per leaf dry mass (specific leaf area, SLA or 1/LMA): undefined if petiole is in- or excluded)",106195,try_13547,1,1,0.01745999999999232,0.01745999999999232,0.01745999999999232
297,Leaf mass per area,"Leaf area per leaf dry mass (specific leaf area, SLA or 1/LMA): undefined if petiole is in- or excluded)",106199,try_13551,1,1,0.01657999999988427,0.01657999999988427,0.01657999999988427
297,Leaf mass per area,"Leaf area per leaf dry mass (specific leaf area, SLA or 1/LMA): undefined if petiole is in- or excluded)",106207,try_13559,1,1,0.01163999999999488,0.01163999999999488,0.01163999999999488
297,Leaf mass per area,"Leaf area per leaf dry mass (specific leaf area, SLA or 1/LMA): undefined if petiole is in- or excluded)",106215,try_13567,1,1,0.01688999999991099,0.01688999999991099,0.01688999999991099
297,Leaf mass per area,"Leaf area per leaf dry mass (specific leaf area, SLA or 1/LMA): undefined if petiole is in- or excluded)",106220,try_13572,1,1,0.013250000000036437,0.013250000000036437,0.013250000000036437
297,Leaf mass per area,"Leaf area per leaf dry mass (specific leaf area, SLA or 1/LMA): undefined if petiole is in- or excluded)",106226,try_13578,1,1,0.013470000000029634,0.013470000000029634,0.013470000000029634
297,Leaf mass per area,"Leaf area per leaf dry mass (specific leaf area, SLA or 1/LMA): undefined if petiole is in- or excluded)",106227,try_13579,1,1,0.012750000000003188,0.012750000000003188,0.012750000000003188
297,Leaf mass per area,"Leaf area per leaf dry mass (specific leaf area, SLA or 1/LMA): undefined if petiole is in- or excluded)",106228,try_13580,1,1,0.013240000000060375,0.013240000000060375,0.013240000000060375
297,Leaf mass per area,"Leaf area per leaf dry mass (specific leaf area, SLA or 1/LMA): undefined if petiole is in- or excluded)",106229,try_13581,1,1,0.01191999999995232,0.01191999999995232,0.01191999999995232
297,Leaf mass per area,"Leaf area per leaf dry mass (specific leaf area, SLA or 1/LMA): undefined if petiole is in- or excluded)",106238,try_13590,1,1,0.02141999999999443,0.02141999999999443,0.02141999999999443
297,Leaf mass per area,"Leaf area per leaf dry mass (specific leaf area, SLA or 1/LMA): undefined if petiole is in- or excluded)",106241,try_13593,1,1,0.012810000000039711,0.012810000000039711,0.012810000000039711
297,Leaf mass per area,"Leaf area per leaf dry mass (specific leaf area, SLA or 1/LMA): undefined if petiole is in- or excluded)",106242,try_13594,1,1,0.014109999999969945,0.014109999999969945,0.014109999999969945
297,Leaf mass per area,"Leaf area per leaf dry mass (specific leaf area, SLA or 1/LMA): undefined if petiole is in- or excluded)",106248,try_13600,1,1,0.023389999999883518,0.023389999999883518,0.023389999999883518
297,Leaf mass per area,"Leaf area per leaf dry mass (specific leaf area, SLA or 1/LMA): undefined if petiole is in- or excluded)",106254,try_13606,2,2,0.010430000000035983,0.012604999999998333,0.014779999999960684
297,Leaf mass per area,"Leaf area per leaf dry mass (specific leaf area, SLA or 1/LMA): undefined if petiole is in- or excluded)",106256,try_13608,2,2,0.013140000000006043,0.018344999999896458,0.023549999999786873
297,Leaf mass per area,"Leaf area per leaf dry mass (specific leaf area, SLA or 1/LMA): undefined if petiole is in- or excluded)",106257,try_13609,1,1,0.007960000000222879,0.007960000000222879,0.007960000000222879
297,Leaf mass per area,"Leaf area per leaf dry mass (specific leaf area, SLA or 1/LMA): undefined if petiole is in- or excluded)",106259,try_13611,1,1,0.01283000000003554,0.01283000000003554,0.01283000000003554
297,Leaf mass per area,"Leaf area per leaf dry mass (specific leaf area, SLA or 1/LMA): undefined if petiole is in- or excluded)",106265,try_13617,1,1,0.014639999999991802,0.014639999999991802,0.014639999999991802
297,Leaf mass per area,"Leaf area per leaf dry mass (specific leaf area, SLA or 1/LMA): undefined if petiole is in- or excluded)",106267,try_13619,1,1,0.01485000000001485,0.01485000000001485,0.01485000000001485
297,Leaf mass per area,"Leaf area per leaf dry mass (specific leaf area, SLA or 1/LMA): undefined if petiole is in- or excluded)",106282,try_13634,2,2,0.012729999999973013,0.015209999999976158,0.017689999999979302
297,Leaf mass per area,"Leaf area per leaf dry mass (specific leaf area, SLA or 1/LMA): undefined if petiole is in- or excluded)",106290,try_13642,1,1,0.015970000000082564,0.015970000000082564,0.015970000000082564
297,Leaf mass per area,"Leaf area per leaf dry mass (specific leaf area, SLA or 1/LMA): undefined if petiole is in- or excluded)",106291,try_13643,1,1,0.012729999999973013,0.012729999999973013,0.012729999999973013
297,Leaf mass per area,"Leaf area per leaf dry mass (specific leaf area, SLA or 1/LMA): undefined if petiole is in- or excluded)",106298,try_13650,1,1,0.01419000000008443,0.01419000000008443,0.01419000000008443
297,Leaf mass per area,"Leaf area per leaf dry mass (specific leaf area, SLA or 1/LMA): undefined if petiole is in- or excluded)",106305,try_13657,1,1,0.013260000000023602,0.013260000000023602,0.013260000000023602
297,Leaf mass per area,"Leaf area per leaf dry mass (specific leaf area, SLA or 1/LMA): undefined if petiole is in- or excluded)",106317,try_13669,1,1,0.04374000000072871,0.04374000000072871,0.04374000000072871
297,Leaf mass per area,"Leaf area per leaf dry mass (specific leaf area, SLA or 1/LMA): undefined if petiole is in- or excluded)",106319,try_13671,1,1,0.012270000000005644,0.012270000000005644,0.012270000000005644
297,Leaf mass per area,"Leaf area per leaf dry mass (specific leaf area, SLA or 1/LMA): undefined if petiole is in- or excluded)",106332,try_13684,1,1,0.018580000000014862,0.018580000000014862,0.018580000000014862
297,Leaf mass per area,"Leaf area per leaf dry mass (specific leaf area, SLA or 1/LMA): undefined if petiole is in- or excluded)",106520,try_13872,22,2,0.01210000000002541,0.016044999999953295,0.02118000000016224
297,Leaf mass per area,"Leaf area per leaf dry mass (specific leaf area, SLA or 1/LMA): undefined if petiole is in- or excluded)",106521,try_13873,2,2,0.023094688221709007,0.02555294635175086,0.028011204481792715
297,Leaf mass per area,"Leaf area per leaf dry mass (specific leaf area, SLA or 1/LMA): undefined if petiole is in- or excluded)",106522,try_13874,468,1,0.006818181818026859,0.013953488372028124,0.016967706622869748
297,Leaf mass per area,"Leaf area per leaf dry mass (specific leaf area, SLA or 1/LMA): undefined if petiole is in- or excluded)",106523,try_13875,13,13,0.0021321961620469083,0.008,0.02044989775051125
297,Leaf mass per area,"Leaf area per leaf dry mass (specific leaf area, SLA or 1/LMA): undefined if petiole is in- or excluded)",107275,try_14627,44,2,0.004144641862968797,0.007014056732943264,0.012507187800626679
297,Leaf mass per area,"Leaf area per leaf dry mass (specific leaf area, SLA or 1/LMA): undefined if petiole is in- or excluded)",107276,try_14628,52,5,4.947252631641107e-4,0.006120160821053201,0.02209000000012547
297,Leaf mass per area,"Leaf area per leaf dry mass (specific leaf area, SLA or 1/LMA): undefined if petiole is in- or excluded)",107277,try_14629,106,12,8.709502651356074e-4,0.013721057501425216,0.022554292324962456
297,Leaf mass per area,"Leaf area per leaf dry mass (specific leaf area, SLA or 1/LMA): undefined if petiole is in- or excluded)",107278,try_14630,229,22,4.398272500028026e-4,0.001590480000009034,0.15336768000073067
297,Leaf mass per area,"Leaf area per leaf dry mass (specific leaf area, SLA or 1/LMA): undefined if petiole is in- or excluded)",107279,try_14631,110,11,3.8560792626242136e-4,0.009811842380901312,0.06653164557096773
297,Leaf mass per area,"Leaf area per leaf dry mass (specific leaf area, SLA or 1/LMA): undefined if petiole is in- or excluded)",107280,try_14632,53,5,3.5897812499914106e-4,0.0031278000000111786,0.13029279999929488
297,Leaf mass per area,"Leaf area per leaf dry mass (specific leaf area, SLA or 1/LMA): undefined if petiole is in- or excluded)",107281,try_14633,360,18,0.002774961615074288,0.005915950325279155,0.013708639266336382
297,Leaf mass per area,"Leaf area per leaf dry mass (specific leaf area, SLA or 1/LMA): undefined if petiole is in- or excluded)",107282,try_14634,260,13,0.0016766407935867756,0.003952781652667156,0.007480138874950824
297,Leaf mass per area,"Leaf area per leaf dry mass (specific leaf area, SLA or 1/LMA): undefined if petiole is in- or excluded)",107283,try_14635,356,18,0.001882727367966012,0.0039337161763881735,0.014036776354132047
297,Leaf mass per area,"Leaf area per leaf dry mass (specific leaf area, SLA or 1/LMA): undefined if petiole is in- or excluded)",107284,try_14636,200,10,0.002040951083199873,0.005525821868418188,0.012348924359825418
297,Leaf mass per area,"Leaf area per leaf dry mass (specific leaf area, SLA or 1/LMA): undefined if petiole is in- or excluded)",107285,try_14637,370,19,0.0018436250858638722,0.004076382705065581,0.02099683220517462
297,Leaf mass per area,"Leaf area per leaf dry mass (specific leaf area, SLA or 1/LMA): undefined if petiole is in- or excluded)",107286,try_14638,278,14,0.00126827996576359,0.0029019773883699734,0.008572941935967585
297,Leaf mass per area,"Leaf area per leaf dry mass (specific leaf area, SLA or 1/LMA): undefined if petiole is in- or excluded)",107287,try_14639,338,17,0.0013885333303603243,0.0028663493305831375,0.0066079671578344115
297,Leaf mass per area,"Leaf area per leaf dry mass (specific leaf area, SLA or 1/LMA): undefined if petiole is in- or excluded)",107288,try_14640,274,14,0.0010809334039594322,0.0024476227233280806,0.006540930534730542
297,Leaf mass per area,"Leaf area per leaf dry mass (specific leaf area, SLA or 1/LMA): undefined if petiole is in- or excluded)",107289,try_14641,416,20,0.001659607801484353,0.003317857560462329,0.00790298175864011
297,Leaf mass per area,"Leaf area per leaf dry mass (specific leaf area, SLA or 1/LMA): undefined if petiole is in- or excluded)",107290,try_14642,290,15,0.001266632939463936,0.002937421895934547,0.038600723763570564
297,Leaf mass per area,"Leaf area per leaf dry mass (specific leaf area, SLA or 1/LMA): undefined if petiole is in- or excluded)",107291,try_14643,200,10,0.0015419064240202813,0.0028053065677786032,0.005877100459990504
297,Leaf mass per area,"Leaf area per leaf dry mass (specific leaf area, SLA or 1/LMA): undefined if petiole is in- or excluded)",107292,try_14644,182,10,8.09862755744784e-4,0.00214206091272864,0.006021827168439183
297,Leaf mass per area,"Leaf area per leaf dry mass (specific leaf area, SLA or 1/LMA): undefined if petiole is in- or excluded)",107293,try_14645,392,391,8.399999999832e-4,0.006250201932136905,0.020900000000066882
297,Leaf mass per area,"Leaf area per leaf dry mass (specific leaf area, SLA or 1/LMA): undefined if petiole is in- or excluded)",107308,try_14660,32,1,0.005728976733930845,0.01957139867013039,0.031093009670455148
297,Leaf mass per area,"Leaf area per leaf dry mass (specific leaf area, SLA or 1/LMA): undefined if petiole is in- or excluded)",107309,try_14661,12,1,0.018900613497030195,0.031126715260889698,0.03994066636196084
297,Leaf mass per area,"Leaf area per leaf dry mass (specific leaf area, SLA or 1/LMA): undefined if petiole is in- or excluded)",107310,try_14662,12,1,0.01664443456337452,0.029065162286469548,0.03804661785412773
297,Leaf mass per area,"Leaf area per leaf dry mass (specific leaf area, SLA or 1/LMA): undefined if petiole is in- or excluded)",107326,try_14678,12,3,0.0212598592597317,0.029946236804723917,0.045326806273229985
297,Leaf mass per area,"Leaf area per leaf dry mass (specific leaf area, SLA or 1/LMA): undefined if petiole is in- or excluded)",107327,try_14679,34,6,0.007056963811889572,0.020553540363099955,0.03320714617785747
297,Leaf mass per area,"Leaf area per leaf dry mass (specific leaf area, SLA or 1/LMA): undefined if petiole is in- or excluded)",107328,try_14680,6,2,0.024720045484883692,0.02925390373312029,0.031053007483774802
297,Leaf mass per area,"Leaf area per leaf dry mass (specific leaf area, SLA or 1/LMA): undefined if petiole is in- or excluded)",107329,try_14681,9,3,0.014057382234280331,0.023834493278672892,0.029268007141393743
297,Leaf mass per area,"Leaf area per leaf dry mass (specific leaf area, SLA or 1/LMA): undefined if petiole is in- or excluded)",107330,try_14682,46,6,0.007055967937681692,0.02089616625300065,0.03397431541754434
297,Leaf mass per area,"Leaf area per leaf dry mass (specific leaf area, SLA or 1/LMA): undefined if petiole is in- or excluded)",107331,try_14683,12,4,0.022735023303398886,0.028207192251606193,0.042452029206996096
297,Leaf mass per area,"Leaf area per leaf dry mass (specific leaf area, SLA or 1/LMA): undefined if petiole is in- or excluded)",107332,try_14684,6,2,0.005650898775450236,0.017320601345607593,0.03293482198728716
297,Leaf mass per area,"Leaf area per leaf dry mass (specific leaf area, SLA or 1/LMA): undefined if petiole is in- or excluded)",107333,try_14685,6,2,0.027332112498975044,0.028192561726095536,0.03765627353517096
297,Leaf mass per area,"Leaf area per leaf dry mass (specific leaf area, SLA or 1/LMA): undefined if petiole is in- or excluded)",107334,try_14686,6,2,0.022272707024811794,0.029812307427405354,0.040866366979975484
297,Leaf mass per area,"Leaf area per leaf dry mass (specific leaf area, SLA or 1/LMA): undefined if petiole is in- or excluded)",107335,try_14687,8,3,0.013380253421999814,0.02479283679483066,0.032286184741549095
297,Leaf mass per area,"Leaf area per leaf dry mass (specific leaf area, SLA or 1/LMA): undefined if petiole is in- or excluded)",107336,try_14688,7,2,0.0229363058785752,0.02890507573129842,0.03775009437523594
297,Leaf mass per area,"Leaf area per leaf dry mass (specific leaf area, SLA or 1/LMA): undefined if petiole is in- or excluded)",107337,try_14689,6,2,0.023586018208406057,0.03244699042227632,0.04095004095004095
297,Leaf mass per area,"Leaf area per leaf dry mass (specific leaf area, SLA or 1/LMA): undefined if petiole is in- or excluded)",107338,try_14690,6,2,0.01592584924591104,0.031022763416966852,0.04481290611696168
297,Leaf mass per area,"Leaf area per leaf dry mass (specific leaf area, SLA or 1/LMA): undefined if petiole is in- or excluded)",107339,try_14691,1,1,0.01870592416618343,0.01870592416618343,0.01870592416618343
297,Leaf mass per area,"Leaf area per leaf dry mass (specific leaf area, SLA or 1/LMA): undefined if petiole is in- or excluded)",107340,try_14692,10,4,0.0032941657031231985,0.00648168713893278,0.03051478441304812
297,Leaf mass per area,"Leaf area per leaf dry mass (specific leaf area, SLA or 1/LMA): undefined if petiole is in- or excluded)",107341,try_14693,3,1,0.017368347922745588,0.019503061980730974,0.02439381372883837
297,Leaf mass per area,"Leaf area per leaf dry mass (specific leaf area, SLA or 1/LMA): undefined if petiole is in- or excluded)",107343,try_14695,3,1,0.025172431153400798,0.025387798623981314,0.02538908777007642
297,Leaf mass per area,"Leaf area per leaf dry mass (specific leaf area, SLA or 1/LMA): undefined if petiole is in- or excluded)",107344,try_14696,6,2,0.015339070145567776,0.018806027150268013,0.02254893118066204
297,Leaf mass per area,"Leaf area per leaf dry mass (specific leaf area, SLA or 1/LMA): undefined if petiole is in- or excluded)",107345,try_14697,4,1,0.005237439311171982,0.0065205020360280825,0.00851324661172785
297,Leaf mass per area,"Leaf area per leaf dry mass (specific leaf area, SLA or 1/LMA): undefined if petiole is in- or excluded)",107346,try_14698,3,1,0.00502245035307826,0.007014393535534918,0.007287673628824208
297,Leaf mass per area,"Leaf area per leaf dry mass (specific leaf area, SLA or 1/LMA): undefined if petiole is in- or excluded)",107347,try_14699,4,1,0.004905086574778045,0.0066989839581306524,0.007783070265558357
297,Leaf mass per area,"Leaf area per leaf dry mass (specific leaf area, SLA or 1/LMA): undefined if petiole is in- or excluded)",107348,try_14700,3,1,0.006478236364932011,0.0065172903713552055,0.006970389784196732
297,Leaf mass per area,"Leaf area per leaf dry mass (specific leaf area, SLA or 1/LMA): undefined if petiole is in- or excluded)",107349,try_14701,6,2,0.006394311620382507,0.018481509263129782,0.03315320094155091
297,Leaf mass per area,"Leaf area per leaf dry mass (specific leaf area, SLA or 1/LMA): undefined if petiole is in- or excluded)",107350,try_14702,9,2,0.00413576902557146,0.0051377956801413925,0.006835597055224788
297,Leaf mass per area,"Leaf area per leaf dry mass (specific leaf area, SLA or 1/LMA): undefined if petiole is in- or excluded)",107351,try_14703,6,2,0.0030690474290589686,0.012034534575487085,0.02674726509214433
297,Leaf mass per area,"Leaf area per leaf dry mass (specific leaf area, SLA or 1/LMA): undefined if petiole is in- or excluded)",107352,try_14704,47,34,0.003473659995423098,0.006543786220102529,0.021446887870168702
297,Leaf mass per area,"Leaf area per leaf dry mass (specific leaf area, SLA or 1/LMA): undefined if petiole is in- or excluded)",107353,try_14705,188,23,0.0024518388791421935,0.00729837846992277,0.017754418389873867
297,Leaf mass per area,"Leaf area per leaf dry mass (specific leaf area, SLA or 1/LMA): undefined if petiole is in- or excluded)",107354,try_14706,376,35,0.0016705974842882217,0.006725532123367561,0.026340482573956048
297,Leaf mass per area,"Leaf area per leaf dry mass (specific leaf area, SLA or 1/LMA): undefined if petiole is in- or excluded)",107355,try_14707,45,5,0.004023718763227395,0.007715778042140155,0.051999999999376
297,Leaf mass per area,"Leaf area per leaf dry mass (specific leaf area, SLA or 1/LMA): undefined if petiole is in- or excluded)",107356,try_14708,69,8,0.0030510798765740273,0.005766062602917907,0.02087198515774785
297,Leaf mass per area,"Leaf area per leaf dry mass (specific leaf area, SLA or 1/LMA): undefined if petiole is in- or excluded)",107357,try_14709,156,13,0.003755596353929064,0.0068756552997780405,0.010282428547235342
297,Leaf mass per area,"Leaf area per leaf dry mass (specific leaf area, SLA or 1/LMA): undefined if petiole is in- or excluded)",107358,try_14710,38,4,0.006031363088057901,0.008249583594418679,0.05555555555555555
297,Leaf mass per area,"Leaf area per leaf dry mass (specific leaf area, SLA or 1/LMA): undefined if petiole is in- or excluded)",107359,try_14711,69,6,0.0019493350221733102,0.003937975642227476,0.00894640309728383
297,Leaf mass per area,"Leaf area per leaf dry mass (specific leaf area, SLA or 1/LMA): undefined if petiole is in- or excluded)",107360,try_14712,180,22,0.0020861833105121114,0.006621511347101472,0.016392745820266508
297,Leaf mass per area,"Leaf area per leaf dry mass (specific leaf area, SLA or 1/LMA): undefined if petiole is in- or excluded)",107361,try_14713,237,26,0.002898550724637681,0.007211377205436525,0.026018175698708786
297,Leaf mass per area,"Leaf area per leaf dry mass (specific leaf area, SLA or 1/LMA): undefined if petiole is in- or excluded)",107362,try_14714,142,15,0.0018774799187048748,0.008421732970783878,0.0808510638273789
297,Leaf mass per area,"Leaf area per leaf dry mass (specific leaf area, SLA or 1/LMA): undefined if petiole is in- or excluded)",107363,try_14715,20,2,0.0057306590257879654,0.01022162374292203,0.021310512627077026
297,Leaf mass per area,"Leaf area per leaf dry mass (specific leaf area, SLA or 1/LMA): undefined if petiole is in- or excluded)",107364,try_14716,199,20,0.0026521796046935567,0.0068438363375019524,0.013523406888028956
297,Leaf mass per area,"Leaf area per leaf dry mass (specific leaf area, SLA or 1/LMA): undefined if petiole is in- or excluded)",107365,try_14717,21,2,0.0033326485424882354,0.006449455379400552,0.008394010286583443
297,Leaf mass per area,"Leaf area per leaf dry mass (specific leaf area, SLA or 1/LMA): undefined if petiole is in- or excluded)",107366,try_14718,87,10,0.0033644138932885106,0.007424786908615723,0.01918088955764525
297,Leaf mass per area,"Leaf area per leaf dry mass (specific leaf area, SLA or 1/LMA): undefined if petiole is in- or excluded)",107367,try_14719,25,3,0.0024543378995139607,0.0031661626514556908,0.007115489874032672
297,Leaf mass per area,"Leaf area per leaf dry mass (specific leaf area, SLA or 1/LMA): undefined if petiole is in- or excluded)",107369,try_14721,5,1,0.007250268528249858,0.009143364402920798,0.009577963103712107
297,Leaf mass per area,"Leaf area per leaf dry mass (specific leaf area, SLA or 1/LMA): undefined if petiole is in- or excluded)",107370,try_14722,78,10,0.0013814989358498335,0.004400184659758632,0.04615214994447021
297,Leaf mass per area,"Leaf area per leaf dry mass (specific leaf area, SLA or 1/LMA): undefined if petiole is in- or excluded)",107371,try_14723,5,1,0.005333974050865281,0.012746234067133568,0.01834319526635902
297,Leaf mass per area,"Leaf area per leaf dry mass (specific leaf area, SLA or 1/LMA): undefined if petiole is in- or excluded)",107372,try_14724,5,1,0.003699927166804224,0.003809966314251412,0.004657293497408814
297,Leaf mass per area,"Leaf area per leaf dry mass (specific leaf area, SLA or 1/LMA): undefined if petiole is in- or excluded)",107373,try_14725,5,1,0.0029729729730051135,0.003592314118671923,0.003962152572465773
297,Leaf mass per area,"Leaf area per leaf dry mass (specific leaf area, SLA or 1/LMA): undefined if petiole is in- or excluded)",107374,try_14726,44,5,0.0025619834710426197,0.004045664729005138,0.04097253489350924
297,Leaf mass per area,"Leaf area per leaf dry mass (specific leaf area, SLA or 1/LMA): undefined if petiole is in- or excluded)",107375,try_14727,64,9,0.0015549597855127831,0.006087821909020833,0.014080765143370878
297,Leaf mass per area,"Leaf area per leaf dry mass (specific leaf area, SLA or 1/LMA): undefined if petiole is in- or excluded)",107376,try_14728,10,1,0.0031480241125061404,0.0036023665044047325,0.004937775993656166
297,Leaf mass per area,"Leaf area per leaf dry mass (specific leaf area, SLA or 1/LMA): undefined if petiole is in- or excluded)",107377,try_14729,28,3,0.0058823529411764705,0.009776271926477391,0.018518518518518517
297,Leaf mass per area,"Leaf area per leaf dry mass (specific leaf area, SLA or 1/LMA): undefined if petiole is in- or excluded)",107378,try_14730,20,2,0.005166572557831687,0.006523548462216111,0.011942809083291372
297,Leaf mass per area,"Leaf area per leaf dry mass (specific leaf area, SLA or 1/LMA): undefined if petiole is in- or excluded)",107379,try_14731,15,2,0.0022493350294676253,0.019738406658899192,0.023026792179566675
297,Leaf mass per area,"Leaf area per leaf dry mass (specific leaf area, SLA or 1/LMA): undefined if petiole is in- or excluded)",107380,try_14732,19,4,0.0012562478282882622,0.0029810371412177846,0.004458312081835831
297,Leaf mass per area,"Leaf area per leaf dry mass (specific leaf area, SLA or 1/LMA): undefined if petiole is in- or excluded)",107381,try_14733,45,5,0.002173913043478261,0.004846938775596756,0.010485436893244604
297,Leaf mass per area,"Leaf area per leaf dry mass (specific leaf area, SLA or 1/LMA): undefined if petiole is in- or excluded)",107382,try_14734,10,1,0.001522746018661368,0.0019381156703728727,0.002232383001608367
297,Leaf mass per area,"Leaf area per leaf dry mass (specific leaf area, SLA or 1/LMA): undefined if petiole is in- or excluded)",107383,try_14735,5,1,0.0026255049047833223,0.0038757732608912265,0.007724611346701011
297,Leaf mass per area,"Leaf area per leaf dry mass (specific leaf area, SLA or 1/LMA): undefined if petiole is in- or excluded)",107384,try_14736,6,1,0.003168662674661767,0.0038909798820445374,0.004671280276905509
297,Leaf mass per area,"Leaf area per leaf dry mass (specific leaf area, SLA or 1/LMA): undefined if petiole is in- or excluded)",107385,try_14737,13,2,0.0031728172817738656,0.003889712422238838,0.006365623500359561
297,Leaf mass per area,"Leaf area per leaf dry mass (specific leaf area, SLA or 1/LMA): undefined if petiole is in- or excluded)",107386,try_14738,5,1,0.0026510989010908896,0.004473876316609053,0.004978193809071802
297,Leaf mass per area,"Leaf area per leaf dry mass (specific leaf area, SLA or 1/LMA): undefined if petiole is in- or excluded)",107387,try_14739,30,3,0.003056768558978662,0.004447741510023031,0.005900525177653663
297,Leaf mass per area,"Leaf area per leaf dry mass (specific leaf area, SLA or 1/LMA): undefined if petiole is in- or excluded)",107388,try_14740,12,2,0.0026705988367382726,0.0029724457748758633,0.04311805317451139
297,Leaf mass per area,"Leaf area per leaf dry mass (specific leaf area, SLA or 1/LMA): undefined if petiole is in- or excluded)",107389,try_14741,24,4,0.003269916765735613,0.004517385641423045,0.00608666887201369
297,Leaf mass per area,"Leaf area per leaf dry mass (specific leaf area, SLA or 1/LMA): undefined if petiole is in- or excluded)",107390,try_14742,5,1,0.0038632071599160943,0.0046469968388677604,0.005405273437553578
297,Leaf mass per area,"Leaf area per leaf dry mass (specific leaf area, SLA or 1/LMA): undefined if petiole is in- or excluded)",107391,try_14743,19,2,0.004276114844175002,0.005118212522730518,0.006273764258710187
297,Leaf mass per area,"Leaf area per leaf dry mass (specific leaf area, SLA or 1/LMA): undefined if petiole is in- or excluded)",107392,try_14744,10,1,0.0054566123531309945,0.0074789932738511585,0.08320000000159744
297,Leaf mass per area,"Leaf area per leaf dry mass (specific leaf area, SLA or 1/LMA): undefined if petiole is in- or excluded)",107393,try_14745,20,2,0.0025793650793804325,0.0036695578571115596,0.0058823529411764705
297,Leaf mass per area,"Leaf area per leaf dry mass (specific leaf area, SLA or 1/LMA): undefined if petiole is in- or excluded)",107394,try_14746,20,3,0.003660853047812615,0.004803154946950377,0.010297239915059006
297,Leaf mass per area,"Leaf area per leaf dry mass (specific leaf area, SLA or 1/LMA): undefined if petiole is in- or excluded)",107395,try_14747,10,1,0.0015915208613605499,0.0018180171651403414,0.002241072017961564
297,Leaf mass per area,"Leaf area per leaf dry mass (specific leaf area, SLA or 1/LMA): undefined if petiole is in- or excluded)",107396,try_14748,15,3,0.003352675693092579,0.0048864418445539026,0.010182923519562955
297,Leaf mass per area,"Leaf area per leaf dry mass (specific leaf area, SLA or 1/LMA): undefined if petiole is in- or excluded)",107397,try_14749,5,1,0.008456809235245333,0.011279244098886495,0.014894493253793498
297,Leaf mass per area,"Leaf area per leaf dry mass (specific leaf area, SLA or 1/LMA): undefined if petiole is in- or excluded)",107398,try_14750,8,1,0.0023404255319298324,0.003840757920646467,0.004085365853708358
297,Leaf mass per area,"Leaf area per leaf dry mass (specific leaf area, SLA or 1/LMA): undefined if petiole is in- or excluded)",107399,try_14751,5,1,0.004397900423040053,0.004473184072584955,0.005011349127449265
297,Leaf mass per area,"Leaf area per leaf dry mass (specific leaf area, SLA or 1/LMA): undefined if petiole is in- or excluded)",107400,try_14752,5,1,0.004102526689540399,0.01708554234141266,0.01883312721049698
297,Leaf mass per area,"Leaf area per leaf dry mass (specific leaf area, SLA or 1/LMA): undefined if petiole is in- or excluded)",107401,try_14753,9,1,0.004978719631193027,0.0054924668314489545,0.006655038239820776
297,Leaf mass per area,"Leaf area per leaf dry mass (specific leaf area, SLA or 1/LMA): undefined if petiole is in- or excluded)",107402,try_14754,10,1,0.005605458036104126,0.006061876829635228,0.0075029495231272265
297,Leaf mass per area,"Leaf area per leaf dry mass (specific leaf area, SLA or 1/LMA): undefined if petiole is in- or excluded)",107403,try_14755,20,2,0.0018881462180431253,0.003335109746561366,0.004483947996801856
297,Leaf mass per area,"Leaf area per leaf dry mass (specific leaf area, SLA or 1/LMA): undefined if petiole is in- or excluded)",107404,try_14756,18,2,0.004012008733628834,0.005809791416620582,0.007126673532194175
297,Leaf mass per area,"Leaf area per leaf dry mass (specific leaf area, SLA or 1/LMA): undefined if petiole is in- or excluded)",107405,try_14757,10,1,0.004954780861118678,0.0070193373939022325,0.009809991460449521
297,Leaf mass per area,"Leaf area per leaf dry mass (specific leaf area, SLA or 1/LMA): undefined if petiole is in- or excluded)",107406,try_14758,9,1,0.0035643843336633104,0.004151014274904809,0.005
297,Leaf mass per area,"Leaf area per leaf dry mass (specific leaf area, SLA or 1/LMA): undefined if petiole is in- or excluded)",107407,try_14759,5,1,0.004646752015230354,0.005025553662627442,0.00553935860056694
297,Leaf mass per area,"Leaf area per leaf dry mass (specific leaf area, SLA or 1/LMA): undefined if petiole is in- or excluded)",107408,try_14760,15,3,0.0013895114298614266,0.002802893309209752,0.007745460388725624
297,Leaf mass per area,"Leaf area per leaf dry mass (specific leaf area, SLA or 1/LMA): undefined if petiole is in- or excluded)",107409,try_14761,8,1,0.0014601923745536404,0.0020876442083500265,0.0034280841386738624
297,Leaf mass per area,"Leaf area per leaf dry mass (specific leaf area, SLA or 1/LMA): undefined if petiole is in- or excluded)",107410,try_14762,10,1,0.0032565789473759195,0.0039220999247383094,0.006645008859962751
297,Leaf mass per area,"Leaf area per leaf dry mass (specific leaf area, SLA or 1/LMA): undefined if petiole is in- or excluded)",107411,try_14763,20,2,0.004009575104802093,0.01566967938929229,0.02951091461752592
297,Leaf mass per area,"Leaf area per leaf dry mass (specific leaf area, SLA or 1/LMA): undefined if petiole is in- or excluded)",107412,try_14764,10,1,0.0019212295869356388,0.002283558092020221,0.0029298380879267676
297,Leaf mass per area,"Leaf area per leaf dry mass (specific leaf area, SLA or 1/LMA): undefined if petiole is in- or excluded)",107413,try_14765,5,1,0.003700724054765901,0.004023972602705274,0.004561101549029805
297,Leaf mass per area,"Leaf area per leaf dry mass (specific leaf area, SLA or 1/LMA): undefined if petiole is in- or excluded)",107414,try_14766,15,2,0.00457809694791482,0.006873879258795953,0.009278350515272612
297,Leaf mass per area,"Leaf area per leaf dry mass (specific leaf area, SLA or 1/LMA): undefined if petiole is in- or excluded)",107415,try_14767,20,2,0.004221635883905013,0.006281501415966504,0.008898678414394845
297,Leaf mass per area,"Leaf area per leaf dry mass (specific leaf area, SLA or 1/LMA): undefined if petiole is in- or excluded)",107416,try_14768,20,2,0.002497194163874844,0.004056670638135133,0.004415691106985354
297,Leaf mass per area,"Leaf area per leaf dry mass (specific leaf area, SLA or 1/LMA): undefined if petiole is in- or excluded)",107417,try_14769,10,1,0.008897479209716772,0.010784039745331245,0.012388451443577357
297,Leaf mass per area,"Leaf area per leaf dry mass (specific leaf area, SLA or 1/LMA): undefined if petiole is in- or excluded)",107418,try_14770,8,1,0.006275321868961617,0.007560179423016477,0.00997471199742987
297,Leaf mass per area,"Leaf area per leaf dry mass (specific leaf area, SLA or 1/LMA): undefined if petiole is in- or excluded)",107419,try_14771,10,1,0.002559055118105199,0.002980210141885978,0.003892965041011712
297,Leaf mass per area,"Leaf area per leaf dry mass (specific leaf area, SLA or 1/LMA): undefined if petiole is in- or excluded)",107420,try_14772,10,1,0.005445366029451075,0.006517939167862982,0.007806367204487881
297,Leaf mass per area,"Leaf area per leaf dry mass (specific leaf area, SLA or 1/LMA): undefined if petiole is in- or excluded)",107421,try_14773,10,1,0.005619916194270978,0.007270334354314983,0.0093131666800624
297,Leaf mass per area,"Leaf area per leaf dry mass (specific leaf area, SLA or 1/LMA): undefined if petiole is in- or excluded)",107422,try_14774,10,1,0.003984323971218975,0.004475117538496902,0.005842598648282715
297,Leaf mass per area,"Leaf area per leaf dry mass (specific leaf area, SLA or 1/LMA): undefined if petiole is in- or excluded)",107423,try_14775,10,1,0.006943797805202668,0.008366753565348953,0.009491950658356245
297,Leaf mass per area,"Leaf area per leaf dry mass (specific leaf area, SLA or 1/LMA): undefined if petiole is in- or excluded)",107424,try_14776,6,1,0.007261722109105288,0.009482067314307514,0.010100930035937157
297,Leaf mass per area,"Leaf area per leaf dry mass (specific leaf area, SLA or 1/LMA): undefined if petiole is in- or excluded)",107425,try_14777,10,1,0.003735881841941544,0.005800603682218753,0.010499359795137133
297,Leaf mass per area,"Leaf area per leaf dry mass (specific leaf area, SLA or 1/LMA): undefined if petiole is in- or excluded)",107426,try_14778,10,1,0.003747699514846889,0.004566108144325121,0.005457254609770555
297,Leaf mass per area,"Leaf area per leaf dry mass (specific leaf area, SLA or 1/LMA): undefined if petiole is in- or excluded)",107427,try_14779,5,1,0.0036084644943447496,0.004127167024644388,0.00517653778885522
297,Leaf mass per area,"Leaf area per leaf dry mass (specific leaf area, SLA or 1/LMA): undefined if petiole is in- or excluded)",107428,try_14780,10,1,0.0015306122449057686,0.0019909703920467934,0.002433528616469789
297,Leaf mass per area,"Leaf area per leaf dry mass (specific leaf area, SLA or 1/LMA): undefined if petiole is in- or excluded)",107429,try_14781,10,1,0.0025957170668397143,0.0028172157897645017,0.0029959146618057458
297,Leaf mass per area,"Leaf area per leaf dry mass (specific leaf area, SLA or 1/LMA): undefined if petiole is in- or excluded)",107430,try_14782,84,16,0.004204785176998237,0.020833333333333332,0.0625
297,Leaf mass per area,"Leaf area per leaf dry mass (specific leaf area, SLA or 1/LMA): undefined if petiole is in- or excluded)",107431,try_14783,51,8,0.005174304038809082,0.009433962264150943,0.03454264002263878
297,Leaf mass per area,"Leaf area per leaf dry mass (specific leaf area, SLA or 1/LMA): undefined if petiole is in- or excluded)",107514,try_14866,3300,5,0.001066833566855141,0.002475061696599656,0.006737007145655944
297,Leaf mass per area,"Leaf area per leaf dry mass (specific leaf area, SLA or 1/LMA): undefined if petiole is in- or excluded)",107515,try_14867,110,110,0.0014878028775679008,0.008785288937701852,0.05035388118556807
297,Leaf mass per area,"Leaf area per leaf dry mass (specific leaf area, SLA or 1/LMA): undefined if petiole is in- or excluded)",107524,try_14876,70,3,0.0025,0.010752650895341633,0.028985507246376812
297,Leaf mass per area,"Leaf area per leaf dry mass (specific leaf area, SLA or 1/LMA): undefined if petiole is in- or excluded)",107525,try_14877,5,1,0.00949667616334283,0.010504201680672268,0.015503875968992248
297,Leaf mass per area,"Leaf area per leaf dry mass (specific leaf area, SLA or 1/LMA): undefined if petiole is in- or excluded)",107537,try_14889,24,2,0.002836396641706376,0.014950815557536305,0.03041362530413625
297,Leaf mass per area,"Leaf area per leaf dry mass (specific leaf area, SLA or 1/LMA): undefined if petiole is in- or excluded)",107538,try_14890,18,6,0.011149999999963764,0.015024999999982741,0.026559999999745027
297,Leaf mass per area,"Leaf area per leaf dry mass (specific leaf area, SLA or 1/LMA): undefined if petiole is in- or excluded)",107539,try_14891,22,11,0.002350000000019975,0.011880000000059983,0.022839999999919605
297,Leaf mass per area,"Leaf area per leaf dry mass (specific leaf area, SLA or 1/LMA): undefined if petiole is in- or excluded)",107545,try_14897,1,1,0.01733102253032929,0.01733102253032929,0.01733102253032929
297,Leaf mass per area,"Leaf area per leaf dry mass (specific leaf area, SLA or 1/LMA): undefined if petiole is in- or excluded)",107546,try_14898,1,1,0.018796992481203006,0.018796992481203006,0.018796992481203006
297,Leaf mass per area,"Leaf area per leaf dry mass (specific leaf area, SLA or 1/LMA): undefined if petiole is in- or excluded)",107547,try_14899,1,1,0.015552099533437015,0.015552099533437015,0.015552099533437015
297,Leaf mass per area,"Leaf area per leaf dry mass (specific leaf area, SLA or 1/LMA): undefined if petiole is in- or excluded)",107548,try_14900,1,1,0.01443001443001443,0.01443001443001443,0.01443001443001443
297,Leaf mass per area,"Leaf area per leaf dry mass (specific leaf area, SLA or 1/LMA): undefined if petiole is in- or excluded)",107549,try_14901,1,1,0.015408320493066254,0.015408320493066254,0.015408320493066254
297,Leaf mass per area,"Leaf area per leaf dry mass (specific leaf area, SLA or 1/LMA): undefined if petiole is in- or excluded)",107550,try_14902,1,1,0.014925373134328358,0.014925373134328358,0.014925373134328358
297,Leaf mass per area,"Leaf area per leaf dry mass (specific leaf area, SLA or 1/LMA): undefined if petiole is in- or excluded)",107551,try_14903,1,1,0.01644736842105263,0.01644736842105263,0.01644736842105263
297,Leaf mass per area,"Leaf area per leaf dry mass (specific leaf area, SLA or 1/LMA): undefined if petiole is in- or excluded)",107552,try_14904,1,1,0.015503875968992248,0.015503875968992248,0.015503875968992248
297,Leaf mass per area,"Leaf area per leaf dry mass (specific leaf area, SLA or 1/LMA): undefined if petiole is in- or excluded)",107553,try_14905,1,1,0.017825311942959002,0.017825311942959002,0.017825311942959002
297,Leaf mass per area,"Leaf area per leaf dry mass (specific leaf area, SLA or 1/LMA): undefined if petiole is in- or excluded)",107554,try_14906,1,1,0.014513788098693758,0.014513788098693758,0.014513788098693758
297,Leaf mass per area,"Leaf area per leaf dry mass (specific leaf area, SLA or 1/LMA): undefined if petiole is in- or excluded)",107555,try_14907,1,1,0.016835016835016835,0.016835016835016835,0.016835016835016835
297,Leaf mass per area,"Leaf area per leaf dry mass (specific leaf area, SLA or 1/LMA): undefined if petiole is in- or excluded)",107556,try_14908,1,1,0.015174506828528072,0.015174506828528072,0.015174506828528072
297,Leaf mass per area,"Leaf area per leaf dry mass (specific leaf area, SLA or 1/LMA): undefined if petiole is in- or excluded)",107557,try_14909,1,1,0.014265335235378032,0.014265335235378032,0.014265335235378032
297,Leaf mass per area,"Leaf area per leaf dry mass (specific leaf area, SLA or 1/LMA): undefined if petiole is in- or excluded)",107558,try_14910,1,1,0.016339869281045753,0.016339869281045753,0.016339869281045753
297,Leaf mass per area,"Leaf area per leaf dry mass (specific leaf area, SLA or 1/LMA): undefined if petiole is in- or excluded)",107559,try_14911,1,1,0.016286644951140065,0.016286644951140065,0.016286644951140065
297,Leaf mass per area,"Leaf area per leaf dry mass (specific leaf area, SLA or 1/LMA): undefined if petiole is in- or excluded)",107560,try_14912,1,1,0.014771048744460856,0.014771048744460856,0.014771048744460856
297,Leaf mass per area,"Leaf area per leaf dry mass (specific leaf area, SLA or 1/LMA): undefined if petiole is in- or excluded)",107561,try_14913,1,1,0.015873015873015872,0.015873015873015872,0.015873015873015872
297,Leaf mass per area,"Leaf area per leaf dry mass (specific leaf area, SLA or 1/LMA): undefined if petiole is in- or excluded)",107562,try_14914,1,1,0.017152658662092625,0.017152658662092625,0.017152658662092625
297,Leaf mass per area,"Leaf area per leaf dry mass (specific leaf area, SLA or 1/LMA): undefined if petiole is in- or excluded)",107563,try_14915,1,1,0.017391304347826087,0.017391304347826087,0.017391304347826087
297,Leaf mass per area,"Leaf area per leaf dry mass (specific leaf area, SLA or 1/LMA): undefined if petiole is in- or excluded)",107564,try_14916,1,1,0.01779359430604982,0.01779359430604982,0.01779359430604982
297,Leaf mass per area,"Leaf area per leaf dry mass (specific leaf area, SLA or 1/LMA): undefined if petiole is in- or excluded)",107565,try_14917,1,1,0.014285714285714285,0.014285714285714285,0.014285714285714285
297,Leaf mass per area,"Leaf area per leaf dry mass (specific leaf area, SLA or 1/LMA): undefined if petiole is in- or excluded)",107566,try_14918,1,1,0.014836795252225518,0.014836795252225518,0.014836795252225518
297,Leaf mass per area,"Leaf area per leaf dry mass (specific leaf area, SLA or 1/LMA): undefined if petiole is in- or excluded)",107567,try_14919,1,1,0.014970059880239521,0.014970059880239521,0.014970059880239521
297,Leaf mass per area,"Leaf area per leaf dry mass (specific leaf area, SLA or 1/LMA): undefined if petiole is in- or excluded)",107568,try_14920,1,1,0.015197568389057751,0.015197568389057751,0.015197568389057751
297,Leaf mass per area,"Leaf area per leaf dry mass (specific leaf area, SLA or 1/LMA): undefined if petiole is in- or excluded)",107569,try_14921,1,1,0.014388489208633094,0.014388489208633094,0.014388489208633094
297,Leaf mass per area,"Leaf area per leaf dry mass (specific leaf area, SLA or 1/LMA): undefined if petiole is in- or excluded)",107570,try_14922,1,1,0.013586956521739132,0.013586956521739132,0.013586956521739132
297,Leaf mass per area,"Leaf area per leaf dry mass (specific leaf area, SLA or 1/LMA): undefined if petiole is in- or excluded)",107571,try_14923,1,1,0.014326647564469915,0.014326647564469915,0.014326647564469915
297,Leaf mass per area,"Leaf area per leaf dry mass (specific leaf area, SLA or 1/LMA): undefined if petiole is in- or excluded)",107572,try_14924,1,1,0.015105740181268881,0.015105740181268881,0.015105740181268881
297,Leaf mass per area,"Leaf area per leaf dry mass (specific leaf area, SLA or 1/LMA): undefined if petiole is in- or excluded)",107573,try_14925,1,1,0.014367816091954025,0.014367816091954025,0.014367816091954025
297,Leaf mass per area,"Leaf area per leaf dry mass (specific leaf area, SLA or 1/LMA): undefined if petiole is in- or excluded)",107574,try_14926,1,1,0.014641288433382138,0.014641288433382138,0.014641288433382138
297,Leaf mass per area,"Leaf area per leaf dry mass (specific leaf area, SLA or 1/LMA): undefined if petiole is in- or excluded)",107575,try_14927,1,1,0.012578616352201259,0.012578616352201259,0.012578616352201259
297,Leaf mass per area,"Leaf area per leaf dry mass (specific leaf area, SLA or 1/LMA): undefined if petiole is in- or excluded)",107576,try_14928,1,1,0.0121654501216545,0.0121654501216545,0.0121654501216545
297,Leaf mass per area,"Leaf area per leaf dry mass (specific leaf area, SLA or 1/LMA): undefined if petiole is in- or excluded)",107577,try_14929,10,5,0.0034025178632187823,0.008274787910922588,0.012626262626262626
297,Leaf mass per area,"Leaf area per leaf dry mass (specific leaf area, SLA or 1/LMA): undefined if petiole is in- or excluded)",107613,try_14965,105,105,0.0012548067192418811,0.005304938135615141,0.012753126387964591
297,Leaf mass per area,"Leaf area per leaf dry mass (specific leaf area, SLA or 1/LMA): undefined if petiole is in- or excluded)",107625,try_14977,9,9,0.013640000000037646,0.022769999999887516,0.02915000000015741
297,Leaf mass per area,"Leaf area per leaf dry mass (specific leaf area, SLA or 1/LMA): undefined if petiole is in- or excluded)",107626,try_14978,78,78,0.0035014005602240893,0.007961828862517091,0.025252525252525252
297,Leaf mass per area,"Leaf area per leaf dry mass (specific leaf area, SLA or 1/LMA): undefined if petiole is in- or excluded)",107631,try_14983,18,18,0.0021340162185232605,0.0052645261971353535,0.014074595355383534
297,Leaf mass per area,"Leaf area per leaf dry mass (specific leaf area, SLA or 1/LMA): undefined if petiole is in- or excluded)",107632,try_14984,3,3,0.002698909640505236,0.006364157067396423,0.0072811999417504
297,Leaf mass per area,"Leaf area per leaf dry mass (specific leaf area, SLA or 1/LMA): undefined if petiole is in- or excluded)",107633,try_14985,8,8,0.003480682213713888,0.006374753312793198,0.01516070345664039
297,Leaf mass per area,"Leaf area per leaf dry mass (specific leaf area, SLA or 1/LMA): undefined if petiole is in- or excluded)",107634,try_14986,5,5,0.0021178364183150494,0.0046950561059204655,0.01884303749764462
297,Leaf mass per area,"Leaf area per leaf dry mass (specific leaf area, SLA or 1/LMA): undefined if petiole is in- or excluded)",107635,try_14987,3,3,0.004675956233049659,0.005019072475406544,0.0146756677428823
297,Leaf mass per area,"Leaf area per leaf dry mass (specific leaf area, SLA or 1/LMA): undefined if petiole is in- or excluded)",107636,try_14988,5,5,0.0032562683165092803,0.00962186086789185,0.04636068613815485
297,Leaf mass per area,"Leaf area per leaf dry mass (specific leaf area, SLA or 1/LMA): undefined if petiole is in- or excluded)",107637,try_14989,1,1,0.011788282447247436,0.011788282447247436,0.011788282447247436
297,Leaf mass per area,"Leaf area per leaf dry mass (specific leaf area, SLA or 1/LMA): undefined if petiole is in- or excluded)",107638,try_14990,6,6,0.003236036502491748,0.006681876660561692,0.014952153110047849
297,Leaf mass per area,"Leaf area per leaf dry mass (specific leaf area, SLA or 1/LMA): undefined if petiole is in- or excluded)",107639,try_14991,2,2,0.004822996045143243,0.007560828609595309,0.010298661174047374
297,Leaf mass per area,"Leaf area per leaf dry mass (specific leaf area, SLA or 1/LMA): undefined if petiole is in- or excluded)",107640,try_14992,2,2,0.0037988147697918247,0.00407653879654792,0.004354262823304015
297,Leaf mass per area,"Leaf area per leaf dry mass (specific leaf area, SLA or 1/LMA): undefined if petiole is in- or excluded)",107641,try_14993,1,1,0.0036691861745064944,0.0036691861745064944,0.0036691861745064944
297,Leaf mass per area,"Leaf area per leaf dry mass (specific leaf area, SLA or 1/LMA): undefined if petiole is in- or excluded)",107642,try_14994,4,4,0.0035190203047471584,0.0058436269352098065,0.009446438692612885
297,Leaf mass per area,"Leaf area per leaf dry mass (specific leaf area, SLA or 1/LMA): undefined if petiole is in- or excluded)",107643,try_14995,2,2,0.0038108303799397887,0.0057750847201920134,0.007739339060444238
297,Leaf mass per area,"Leaf area per leaf dry mass (specific leaf area, SLA or 1/LMA): undefined if petiole is in- or excluded)",107644,try_14996,3,3,0.00508440105755542,0.007783918424534911,0.011012003083360863
297,Leaf mass per area,"Leaf area per leaf dry mass (specific leaf area, SLA or 1/LMA): undefined if petiole is in- or excluded)",107645,try_14997,3,3,0.00535475234270415,0.006672449456195369,0.010444955086693127
297,Leaf mass per area,"Leaf area per leaf dry mass (specific leaf area, SLA or 1/LMA): undefined if petiole is in- or excluded)",107646,try_14998,3,3,0.005074081591231986,0.005310110450297366,0.0058868546535586035
297,Leaf mass per area,"Leaf area per leaf dry mass (specific leaf area, SLA or 1/LMA): undefined if petiole is in- or excluded)",107647,try_14999,1,1,0.005894141223623718,0.005894141223623718,0.005894141223623718
297,Leaf mass per area,"Leaf area per leaf dry mass (specific leaf area, SLA or 1/LMA): undefined if petiole is in- or excluded)",107648,try_15000,2,2,0.003590664272890485,0.005780030893219231,0.007969397513547976
297,Leaf mass per area,"Leaf area per leaf dry mass (specific leaf area, SLA or 1/LMA): undefined if petiole is in- or excluded)",107649,try_15001,1,1,0.014492753623188406,0.014492753623188406,0.014492753623188406
297,Leaf mass per area,"Leaf area per leaf dry mass (specific leaf area, SLA or 1/LMA): undefined if petiole is in- or excluded)",107650,try_15002,1,1,0.010297600659046443,0.010297600659046443,0.010297600659046443
297,Leaf mass per area,"Leaf area per leaf dry mass (specific leaf area, SLA or 1/LMA): undefined if petiole is in- or excluded)",107651,try_15003,2,2,0.006019020103527146,0.008090810864771703,0.01016260162601626
297,Leaf mass per area,"Leaf area per leaf dry mass (specific leaf area, SLA or 1/LMA): undefined if petiole is in- or excluded)",107652,try_15004,1,1,0.00895736295234683,0.00895736295234683,0.00895736295234683
297,Leaf mass per area,"Leaf area per leaf dry mass (specific leaf area, SLA or 1/LMA): undefined if petiole is in- or excluded)",107653,try_15005,2,2,0.005217300568685762,0.005482213502733686,0.005747126436781609
297,Leaf mass per area,"Leaf area per leaf dry mass (specific leaf area, SLA or 1/LMA): undefined if petiole is in- or excluded)",123174,try_30526,11,11,0.004366812227074236,0.004901960784313725,0.008130081300813009
297,Leaf mass per area,"Leaf area per leaf dry mass (specific leaf area, SLA or 1/LMA): undefined if petiole is in- or excluded)",123175,try_30527,5,5,0.0059000000001298005,0.0071999999999424,0.011000000000011
297,Leaf mass per area,"Leaf area per leaf dry mass (specific leaf area, SLA or 1/LMA): undefined if petiole is in- or excluded)",123176,try_30528,4,4,0.004292689731508895,0.005259491055908528,0.006239163695710017
297,Leaf mass per area,"Leaf area per leaf dry mass (specific leaf area, SLA or 1/LMA): undefined if petiole is in- or excluded)",123177,try_30529,12,12,0.002642195537055031,0.004348397115898472,0.01255461503737258
297,Leaf mass per area,"Leaf area per leaf dry mass (specific leaf area, SLA or 1/LMA): undefined if petiole is in- or excluded)",123178,try_30530,5,5,0.0042655340027279555,0.006401890092801836,0.013234512330519848
297,Leaf mass per area,"Leaf area per leaf dry mass (specific leaf area, SLA or 1/LMA): undefined if petiole is in- or excluded)",123179,try_30531,5,5,0.002095602038963113,0.0035601199389369478,0.005152322684339262
297,Leaf mass per area,"Leaf area per leaf dry mass (specific leaf area, SLA or 1/LMA): undefined if petiole is in- or excluded)",123180,try_30532,7,7,0.003697271312399664,0.004563603170496053,0.0066826887640423745
297,Leaf mass per area,"Leaf area per leaf dry mass (specific leaf area, SLA or 1/LMA): undefined if petiole is in- or excluded)",123181,try_30533,6,6,0.0040326725600008766,0.005287903942959072,0.012521225349830243
297,Leaf mass per area,"Leaf area per leaf dry mass (specific leaf area, SLA or 1/LMA): undefined if petiole is in- or excluded)",123182,try_30534,5,5,0.004325586956703677,0.006062426146065917,0.007717527514925197
297,Leaf mass per area,"Leaf area per leaf dry mass (specific leaf area, SLA or 1/LMA): undefined if petiole is in- or excluded)",123184,try_30536,34,34,0.0017331022530329288,0.004588024834262865,0.00684931506849315
297,Leaf mass per area,"Leaf area per leaf dry mass (specific leaf area, SLA or 1/LMA): undefined if petiole is in- or excluded)",123190,try_30542,7,7,0.002259999999980564,0.008980000000019755,0.023010000000139672
297,Leaf mass per area,"Leaf area per leaf dry mass (specific leaf area, SLA or 1/LMA): undefined if petiole is in- or excluded)",123191,try_30543,8,8,0.0030799999999556477,0.005980000000019784,0.011049999999946408
297,Leaf mass per area,"Leaf area per leaf dry mass (specific leaf area, SLA or 1/LMA): undefined if petiole is in- or excluded)",123192,try_30544,10,10,0.003220000000012236,0.00693000000003912,0.00945000000000945
297,Leaf mass per area,"Leaf area per leaf dry mass (specific leaf area, SLA or 1/LMA): undefined if petiole is in- or excluded)",123193,try_30545,8,8,0.004470000000048723,0.007540000000019182,0.014450000000028176
297,Leaf mass per area,"Leaf area per leaf dry mass (specific leaf area, SLA or 1/LMA): undefined if petiole is in- or excluded)",123194,try_30546,12,12,0.003089999999992893,0.006335000000102327,0.025740000000025742
297,Leaf mass per area,"Leaf area per leaf dry mass (specific leaf area, SLA or 1/LMA): undefined if petiole is in- or excluded)",123195,try_30547,5,5,0.003270000000037605,0.0097800000002445,0.012419999999938645
297,Leaf mass per area,"Leaf area per leaf dry mass (specific leaf area, SLA or 1/LMA): undefined if petiole is in- or excluded)",123196,try_30548,9,9,0.0027000000000027002,0.0036099999999909746,0.012070000000003018
297,Leaf mass per area,"Leaf area per leaf dry mass (specific leaf area, SLA or 1/LMA): undefined if petiole is in- or excluded)",123197,try_30549,7,7,0.0028999999999739,0.0045500000000045495,0.009719999999642303
297,Leaf mass per area,"Leaf area per leaf dry mass (specific leaf area, SLA or 1/LMA): undefined if petiole is in- or excluded)",123198,try_30550,5,5,0.004110000000052197,0.00462000000000462,0.009300000000037199
297,Leaf mass per area,"Leaf area per leaf dry mass (specific leaf area, SLA or 1/LMA): undefined if petiole is in- or excluded)",123201,try_30553,1,1,0.003820000000029796,0.003820000000029796,0.003820000000029796
297,Leaf mass per area,"Leaf area per leaf dry mass (specific leaf area, SLA or 1/LMA): undefined if petiole is in- or excluded)",123202,try_30554,2,2,0.005409999999970245,0.012845000000042718,0.020280000000115192
297,Leaf mass per area,"Leaf area per leaf dry mass (specific leaf area, SLA or 1/LMA): undefined if petiole is in- or excluded)",123212,try_30564,7,7,0.00372000000001488,0.006690000000052852,0.01427000000005551
297,Leaf mass per area,"Leaf area per leaf dry mass (specific leaf area, SLA or 1/LMA): undefined if petiole is in- or excluded)",123214,try_30566,4,4,0.009920000000285697,0.010790000000018375,0.011620000000062051
297,Leaf mass per area,"Leaf area per leaf dry mass (specific leaf area, SLA or 1/LMA): undefined if petiole is in- or excluded)",123222,try_30574,5,5,0.004470000000048723,0.009589999999727645,0.015069999999902347
297,Leaf mass per area,"Leaf area per leaf dry mass (specific leaf area, SLA or 1/LMA): undefined if petiole is in- or excluded)",123224,try_30576,2,2,0.007309999999933479,0.008864999999980598,0.010420000000027718
297,Leaf mass per area,"Leaf area per leaf dry mass (specific leaf area, SLA or 1/LMA): undefined if petiole is in- or excluded)",123225,try_30577,4,4,0.003989999999936958,0.0062549999999338074,0.013699999999986301
297,Leaf mass per area,"Leaf area per leaf dry mass (specific leaf area, SLA or 1/LMA): undefined if petiole is in- or excluded)",123226,try_30578,3,3,0.010179999999998371,0.010599999999944881,0.013069999999939486
297,Leaf mass per area,"Leaf area per leaf dry mass (specific leaf area, SLA or 1/LMA): undefined if petiole is in- or excluded)",123228,try_30580,2,2,0.0038299999236355462,0.004049999999931154,0.0042700000762267605
297,Leaf mass per area,"Leaf area per leaf dry mass (specific leaf area, SLA or 1/LMA): undefined if petiole is in- or excluded)",123229,try_30581,2,2,0.004159999847444485,0.004679999923691043,0.0051999999999376
297,Leaf mass per area,"Leaf area per leaf dry mass (specific leaf area, SLA or 1/LMA): undefined if petiole is in- or excluded)",123230,try_30582,3,3,0.004690000152536158,0.011450000000063548,0.017860000000118233
297,Leaf mass per area,"Leaf area per leaf dry mass (specific leaf area, SLA or 1/LMA): undefined if petiole is in- or excluded)",123231,try_30583,3,3,0.002720000000026112,0.003060000000008568,0.00334000000005344
297,Leaf mass per area,"Leaf area per leaf dry mass (specific leaf area, SLA or 1/LMA): undefined if petiole is in- or excluded)",123232,try_30584,2,2,0.002319999999992576,0.0024949999999820034,0.002669999999971431
297,Leaf mass per area,"Leaf area per leaf dry mass (specific leaf area, SLA or 1/LMA): undefined if petiole is in- or excluded)",123233,try_30585,11,4,0.0025,0.0055599999999355046,0.00769000000020763
297,Leaf mass per area,"Leaf area per leaf dry mass (specific leaf area, SLA or 1/LMA): undefined if petiole is in- or excluded)",123234,try_30586,1,1,0.0025199999999707683,0.0025199999999707683,0.0025199999999707683
297,Leaf mass per area,"Leaf area per leaf dry mass (specific leaf area, SLA or 1/LMA): undefined if petiole is in- or excluded)",123239,try_30591,11,11,0.002460000000003936,0.008589999999999142,0.01666999999986664
297,Leaf mass per area,"Leaf area per leaf dry mass (specific leaf area, SLA or 1/LMA): undefined if petiole is in- or excluded)",123241,try_30593,8,8,0.0125,0.021799999999959116,0.02289999999986489
297,Leaf mass per area,"Leaf area per leaf dry mass (specific leaf area, SLA or 1/LMA): undefined if petiole is in- or excluded)",123242,try_30594,6,1,0.0095999999996928,0.01719999999997558,0.02109999999995991
297,Leaf mass per area,"Leaf area per leaf dry mass (specific leaf area, SLA or 1/LMA): undefined if petiole is in- or excluded)",123243,try_30595,2,1,0.0022500000000225,0.0025250000000224503,0.0028000000000224
297,Leaf mass per area,"Leaf area per leaf dry mass (specific leaf area, SLA or 1/LMA): undefined if petiole is in- or excluded)",123246,try_30598,5,1,0.0030499999999908495,0.004420000000027404,0.006099999999981699
297,Leaf mass per area,"Leaf area per leaf dry mass (specific leaf area, SLA or 1/LMA): undefined if petiole is in- or excluded)",123247,try_30599,6,1,0.004220000000081024,0.0050200000000042355,0.005519999999995584
297,Leaf mass per area,"Leaf area per leaf dry mass (specific leaf area, SLA or 1/LMA): undefined if petiole is in- or excluded)",123252,try_30604,4,1,0.004889999999883129,0.005205000000030017,0.0058000000001160006
297,Leaf mass per area,"Leaf area per leaf dry mass (specific leaf area, SLA or 1/LMA): undefined if petiole is in- or excluded)",123265,try_30617,13,1,0.004930000000055708,0.0083500000001336,0.01245999999997757
297,Leaf mass per area,"Leaf area per leaf dry mass (specific leaf area, SLA or 1/LMA): undefined if petiole is in- or excluded)",123266,try_30618,12,2,0.0022999999999769997,0.004534999999934135,0.01022999999999335
297,Leaf mass per area,"Leaf area per leaf dry mass (specific leaf area, SLA or 1/LMA): undefined if petiole is in- or excluded)",123267,try_30619,4,1,0.002449999999976725,0.005684999999924479,0.008610000000225583
297,Leaf mass per area,"Leaf area per leaf dry mass (specific leaf area, SLA or 1/LMA): undefined if petiole is in- or excluded)",123271,try_30623,2,1,0.008659999999890883,0.009924999999951875,0.011190000000012868
297,Leaf mass per area,"Leaf area per leaf dry mass (specific leaf area, SLA or 1/LMA): undefined if petiole is in- or excluded)",123273,try_30625,1,1,0.016,0.016,0.016
297,Leaf mass per area,"Leaf area per leaf dry mass (specific leaf area, SLA or 1/LMA): undefined if petiole is in- or excluded)",123275,try_30627,1,1,0.014290000000022578,0.014290000000022578,0.014290000000022578
297,Leaf mass per area,"Leaf area per leaf dry mass (specific leaf area, SLA or 1/LMA): undefined if petiole is in- or excluded)",123277,try_30629,3,1,0.004169999999951628,0.005670000000112832,0.006779999999941691
297,Leaf mass per area,"Leaf area per leaf dry mass (specific leaf area, SLA or 1/LMA): undefined if petiole is in- or excluded)",123289,try_30641,3,3,0.0125,0.02040000000005712,0.0206000000001648
297,Leaf mass per area,"Leaf area per leaf dry mass (specific leaf area, SLA or 1/LMA): undefined if petiole is in- or excluded)",123290,try_30642,2,1,0.012270000000005644,0.013449999999965077,0.01462999999992451
297,Leaf mass per area,"Leaf area per leaf dry mass (specific leaf area, SLA or 1/LMA): undefined if petiole is in- or excluded)",123291,try_30643,2,1,0.02109999999995991,0.022849999999999634,0.024600000000039358
297,Leaf mass per area,"Leaf area per leaf dry mass (specific leaf area, SLA or 1/LMA): undefined if petiole is in- or excluded)",123292,try_30644,2,1,0.01079999999995248,0.01484999999998569,0.0189000000000189
297,Leaf mass per area,"Leaf area per leaf dry mass (specific leaf area, SLA or 1/LMA): undefined if petiole is in- or excluded)",123293,try_30645,4,2,0.0166400000000426,0.020660000000045683,0.023079999999905832
297,Leaf mass per area,"Leaf area per leaf dry mass (specific leaf area, SLA or 1/LMA): undefined if petiole is in- or excluded)",123294,try_30646,3,1,0.005710000000045109,0.00625,0.0072999999999926995
297,Leaf mass per area,"Leaf area per leaf dry mass (specific leaf area, SLA or 1/LMA): undefined if petiole is in- or excluded)",123297,try_30649,4,4,0.00900000000009,0.019000000000133,0.02
297,Leaf mass per area,"Leaf area per leaf dry mass (specific leaf area, SLA or 1/LMA): undefined if petiole is in- or excluded)",123300,try_30652,724,27,0.002263023056974485,0.0051481172607764115,0.015597484275709346
297,Leaf mass per area,"Leaf area per leaf dry mass (specific leaf area, SLA or 1/LMA): undefined if petiole is in- or excluded)",123301,try_30653,57,57,0.0022485047443450107,0.005915409642117717,0.016826518593303044
297,Leaf mass per area,"Leaf area per leaf dry mass (specific leaf area, SLA or 1/LMA): undefined if petiole is in- or excluded)",123302,try_30654,53,53,0.002886002886002886,0.006293266205160478,0.019120458891013385
297,Leaf mass per area,"Leaf area per leaf dry mass (specific leaf area, SLA or 1/LMA): undefined if petiole is in- or excluded)",123304,try_30656,257,51,9.745904770815304e-4,0.0037956426022925684,0.014890258792697817
297,Leaf mass per area,"Leaf area per leaf dry mass (specific leaf area, SLA or 1/LMA): undefined if petiole is in- or excluded)",123329,try_30681,234,4,0.003339523946907372,0.006942064316317094,0.11179619047726223
297,Leaf mass per area,"Leaf area per leaf dry mass (specific leaf area, SLA or 1/LMA): undefined if petiole is in- or excluded)",123330,try_30682,19,1,0.010422701544944901,0.022936819141131094,0.042795184572766994
297,Leaf mass per area,"Leaf area per leaf dry mass (specific leaf area, SLA or 1/LMA): undefined if petiole is in- or excluded)",123331,try_30683,20,1,0.01030378190937924,0.022394071493137636,0.037956252646727695
297,Leaf mass per area,"Leaf area per leaf dry mass (specific leaf area, SLA or 1/LMA): undefined if petiole is in- or excluded)",123332,try_30684,2,2,0.002583979328165375,0.0035564824177058757,0.004528985507246377
297,Leaf mass per area,"Leaf area per leaf dry mass (specific leaf area, SLA or 1/LMA): undefined if petiole is in- or excluded)",123333,try_30685,1,1,0.00211954217888936,0.00211954217888936,0.00211954217888936
297,Leaf mass per area,"Leaf area per leaf dry mass (specific leaf area, SLA or 1/LMA): undefined if petiole is in- or excluded)",123334,try_30686,1,1,0.006150061500615006,0.006150061500615006,0.006150061500615006
297,Leaf mass per area,"Leaf area per leaf dry mass (specific leaf area, SLA or 1/LMA): undefined if petiole is in- or excluded)",123335,try_30687,1,1,0.01095290251916758,0.01095290251916758,0.01095290251916758
297,Leaf mass per area,"Leaf area per leaf dry mass (specific leaf area, SLA or 1/LMA): undefined if petiole is in- or excluded)",123336,try_30688,6,4,0.0024919013207077,0.002833829808966626,0.0036153289949385392
297,Leaf mass per area,"Leaf area per leaf dry mass (specific leaf area, SLA or 1/LMA): undefined if petiole is in- or excluded)",123337,try_30689,3,3,0.0031928480204342275,0.004454342984409799,0.0068775790921595595
297,Leaf mass per area,"Leaf area per leaf dry mass (specific leaf area, SLA or 1/LMA): undefined if petiole is in- or excluded)",123338,try_30690,4,4,0.0029282576866764276,0.00358423445478791,0.003782148260211801
297,Leaf mass per area,"Leaf area per leaf dry mass (specific leaf area, SLA or 1/LMA): undefined if petiole is in- or excluded)",123339,try_30691,1,1,0.005202913631633715,0.005202913631633715,0.005202913631633715
297,Leaf mass per area,"Leaf area per leaf dry mass (specific leaf area, SLA or 1/LMA): undefined if petiole is in- or excluded)",123340,try_30692,5,5,0.0045662100456621,0.005313496280552604,0.023310023310023312
297,Leaf mass per area,"Leaf area per leaf dry mass (specific leaf area, SLA or 1/LMA): undefined if petiole is in- or excluded)",123341,try_30693,4,4,0.003703703703703704,0.010066945961466567,0.038314176245210725
297,Leaf mass per area,"Leaf area per leaf dry mass (specific leaf area, SLA or 1/LMA): undefined if petiole is in- or excluded)",123342,try_30694,3,3,0.0024783147459727386,0.0032626427406199023,0.004578754578754579
297,Leaf mass per area,"Leaf area per leaf dry mass (specific leaf area, SLA or 1/LMA): undefined if petiole is in- or excluded)",123343,try_30695,5,5,0.0036469730123997084,0.004230118443316413,0.009380863039399626
297,Leaf mass per area,"Leaf area per leaf dry mass (specific leaf area, SLA or 1/LMA): undefined if petiole is in- or excluded)",123344,try_30696,2,2,0.005271481286241434,0.007265370272750347,0.009259259259259259
297,Leaf mass per area,"Leaf area per leaf dry mass (specific leaf area, SLA or 1/LMA): undefined if petiole is in- or excluded)",123345,try_30697,6,3,0.0061462814996926865,0.009283783061899354,0.018281535648994516
297,Leaf mass per area,"Leaf area per leaf dry mass (specific leaf area, SLA or 1/LMA): undefined if petiole is in- or excluded)",123346,try_30698,3,3,0.004132231404958678,0.00473260766682442,0.0049261083743842365
297,Leaf mass per area,"Leaf area per leaf dry mass (specific leaf area, SLA or 1/LMA): undefined if petiole is in- or excluded)",123347,try_30699,2,2,0.003755163349605708,0.004007960882301789,0.00426075841499787
297,Leaf mass per area,"Leaf area per leaf dry mass (specific leaf area, SLA or 1/LMA): undefined if petiole is in- or excluded)",123348,try_30700,1,1,0.0018268176835951773,0.0018268176835951773,0.0018268176835951773
297,Leaf mass per area,"Leaf area per leaf dry mass (specific leaf area, SLA or 1/LMA): undefined if petiole is in- or excluded)",123349,try_30701,4,3,0.0028653295128939827,0.006017825995388245,0.008888888888888889
297,Leaf mass per area,"Leaf area per leaf dry mass (specific leaf area, SLA or 1/LMA): undefined if petiole is in- or excluded)",123350,try_30702,2,1,0.0053676865271068165,0.005449329989217125,0.0055309734513274336
297,Leaf mass per area,"Leaf area per leaf dry mass (specific leaf area, SLA or 1/LMA): undefined if petiole is in- or excluded)",123351,try_30703,1,1,0.004945598417408507,0.004945598417408507,0.004945598417408507
297,Leaf mass per area,"Leaf area per leaf dry mass (specific leaf area, SLA or 1/LMA): undefined if petiole is in- or excluded)",123352,try_30704,2,1,0.005920663114268798,0.005963334560137402,0.006006006006006006
297,Leaf mass per area,"Leaf area per leaf dry mass (specific leaf area, SLA or 1/LMA): undefined if petiole is in- or excluded)",123353,try_30705,8,7,0.002905287623474724,0.004425059464184039,0.00589622641509434
297,Leaf mass per area,"Leaf area per leaf dry mass (specific leaf area, SLA or 1/LMA): undefined if petiole is in- or excluded)",123354,try_30706,1,1,0.004177109440267335,0.004177109440267335,0.004177109440267335
297,Leaf mass per area,"Leaf area per leaf dry mass (specific leaf area, SLA or 1/LMA): undefined if petiole is in- or excluded)",123355,try_30707,3,3,0.003620564808110065,0.004593477262287552,0.005991611743559017
297,Leaf mass per area,"Leaf area per leaf dry mass (specific leaf area, SLA or 1/LMA): undefined if petiole is in- or excluded)",123356,try_30708,3,2,0.005952380952380952,0.005963029218843173,0.006662225183211193
297,Leaf mass per area,"Leaf area per leaf dry mass (specific leaf area, SLA or 1/LMA): undefined if petiole is in- or excluded)",123357,try_30709,2,1,0.00259000259000259,0.0027272556633771185,0.002864508736751647
297,Leaf mass per area,"Leaf area per leaf dry mass (specific leaf area, SLA or 1/LMA): undefined if petiole is in- or excluded)",123358,try_30710,2,1,0.00419639110365086,0.005158171072021269,0.006119951040391676
297,Leaf mass per area,"Leaf area per leaf dry mass (specific leaf area, SLA or 1/LMA): undefined if petiole is in- or excluded)",123359,try_30711,1,1,0.00404040404040404,0.00404040404040404,0.00404040404040404
297,Leaf mass per area,"Leaf area per leaf dry mass (specific leaf area, SLA or 1/LMA): undefined if petiole is in- or excluded)",123360,try_30712,5,3,0.0025252525252525255,0.004403346543372964,0.0059031877213695395
297,Leaf mass per area,"Leaf area per leaf dry mass (specific leaf area, SLA or 1/LMA): undefined if petiole is in- or excluded)",123361,try_30713,5,3,0.00243427458617332,0.004608294930875576,0.005178663904712584
297,Leaf mass per area,"Leaf area per leaf dry mass (specific leaf area, SLA or 1/LMA): undefined if petiole is in- or excluded)",123362,try_30714,2,1,0.0028113578858588698,0.003094868132118624,0.0033783783783783786
297,Leaf mass per area,"Leaf area per leaf dry mass (specific leaf area, SLA or 1/LMA): undefined if petiole is in- or excluded)",123363,try_30715,1,1,0.0076103500761035,0.0076103500761035,0.0076103500761035
297,Leaf mass per area,"Leaf area per leaf dry mass (specific leaf area, SLA or 1/LMA): undefined if petiole is in- or excluded)",123364,try_30716,5,3,0.0029691211401425177,0.00308546744831842,0.003429355281207133
297,Leaf mass per area,"Leaf area per leaf dry mass (specific leaf area, SLA or 1/LMA): undefined if petiole is in- or excluded)",123365,try_30717,2,1,0.006027727546714888,0.006898867658361329,0.007770007770007771
297,Leaf mass per area,"Leaf area per leaf dry mass (specific leaf area, SLA or 1/LMA): undefined if petiole is in- or excluded)",123366,try_30718,1,1,0.004655493482309124,0.004655493482309124,0.004655493482309124
297,Leaf mass per area,"Leaf area per leaf dry mass (specific leaf area, SLA or 1/LMA): undefined if petiole is in- or excluded)",123367,try_30719,2,1,0.001832172957127153,0.0018699208929092458,0.001907668828691339
297,Leaf mass per area,"Leaf area per leaf dry mass (specific leaf area, SLA or 1/LMA): undefined if petiole is in- or excluded)",123368,try_30720,9,5,0.00187863986473793,0.0030525030525030525,0.005599104143337066
297,Leaf mass per area,"Leaf area per leaf dry mass (specific leaf area, SLA or 1/LMA): undefined if petiole is in- or excluded)",123369,try_30721,1,1,0.0018089725036179451,0.0018089725036179451,0.0018089725036179451
297,Leaf mass per area,"Leaf area per leaf dry mass (specific leaf area, SLA or 1/LMA): undefined if petiole is in- or excluded)",123370,try_30722,2,1,0.0015840329478853162,0.0016267410148441607,0.001669449081803005
297,Leaf mass per area,"Leaf area per leaf dry mass (specific leaf area, SLA or 1/LMA): undefined if petiole is in- or excluded)",123371,try_30723,1,1,0.0032938076416337285,0.0032938076416337285,0.0032938076416337285
297,Leaf mass per area,"Leaf area per leaf dry mass (specific leaf area, SLA or 1/LMA): undefined if petiole is in- or excluded)",123372,try_30724,1,1,0.0030703101013202336,0.0030703101013202336,0.0030703101013202336
297,Leaf mass per area,"Leaf area per leaf dry mass (specific leaf area, SLA or 1/LMA): undefined if petiole is in- or excluded)",123373,try_30725,5,4,0.0015183723048891587,0.0025793139025019345,0.01243781094527363
297,Leaf mass per area,"Leaf area per leaf dry mass (specific leaf area, SLA or 1/LMA): undefined if petiole is in- or excluded)",123374,try_30726,3,2,0.0025100401606425703,0.0026102845210127902,0.004096681687832855
297,Leaf mass per area,"Leaf area per leaf dry mass (specific leaf area, SLA or 1/LMA): undefined if petiole is in- or excluded)",123375,try_30727,9,5,0.0017516202487300753,0.0031007751937984496,0.004098360655737705
297,Leaf mass per area,"Leaf area per leaf dry mass (specific leaf area, SLA or 1/LMA): undefined if petiole is in- or excluded)",123376,try_30728,1,1,0.004564125969876769,0.004564125969876769,0.004564125969876769
297,Leaf mass per area,"Leaf area per leaf dry mass (specific leaf area, SLA or 1/LMA): undefined if petiole is in- or excluded)",123377,try_30729,2,2,0.002257336343115124,0.0038313708742602646,0.005405405405405406
297,Leaf mass per area,"Leaf area per leaf dry mass (specific leaf area, SLA or 1/LMA): undefined if petiole is in- or excluded)",123378,try_30730,5,5,0.0030721966205837174,0.0032113037893384717,0.00449034575662326
297,Leaf mass per area,"Leaf area per leaf dry mass (specific leaf area, SLA or 1/LMA): undefined if petiole is in- or excluded)",123379,try_30731,24,18,0.0035460992907801418,0.005484992009944516,0.0121654501216545
297,Leaf mass per area,"Leaf area per leaf dry mass (specific leaf area, SLA or 1/LMA): undefined if petiole is in- or excluded)",123380,try_30732,2,2,0.004271678769756515,0.004391139339772259,0.0045105999097880024
297,Leaf mass per area,"Leaf area per leaf dry mass (specific leaf area, SLA or 1/LMA): undefined if petiole is in- or excluded)",123381,try_30733,3,3,0.0024125452352231603,0.0032701111837802484,0.0034554250172771253
297,Leaf mass per area,"Leaf area per leaf dry mass (specific leaf area, SLA or 1/LMA): undefined if petiole is in- or excluded)",123382,try_30734,2,2,0.0047984644913627635,0.006056876722638222,0.00731528895391368
297,Leaf mass per area,"Leaf area per leaf dry mass (specific leaf area, SLA or 1/LMA): undefined if petiole is in- or excluded)",123383,try_30735,1,1,0.004690431519699813,0.004690431519699813,0.004690431519699813
297,Leaf mass per area,"Leaf area per leaf dry mass (specific leaf area, SLA or 1/LMA): undefined if petiole is in- or excluded)",123384,try_30736,1,1,0.0024582104228121925,0.0024582104228121925,0.0024582104228121925
297,Leaf mass per area,"Leaf area per leaf dry mass (specific leaf area, SLA or 1/LMA): undefined if petiole is in- or excluded)",123385,try_30737,2,1,0.003668378576669112,0.003736776807360431,0.00380517503805175
297,Leaf mass per area,"Leaf area per leaf dry mass (specific leaf area, SLA or 1/LMA): undefined if petiole is in- or excluded)",123386,try_30738,1,1,0.003935458480913027,0.003935458480913027,0.003935458480913027
297,Leaf mass per area,"Leaf area per leaf dry mass (specific leaf area, SLA or 1/LMA): undefined if petiole is in- or excluded)",123387,try_30739,1,1,0.005701254275940707,0.005701254275940707,0.005701254275940707
297,Leaf mass per area,"Leaf area per leaf dry mass (specific leaf area, SLA or 1/LMA): undefined if petiole is in- or excluded)",123388,try_30740,2,1,0.004557885141294439,0.004888545910939495,0.005219206680584551
297,Leaf mass per area,"Leaf area per leaf dry mass (specific leaf area, SLA or 1/LMA): undefined if petiole is in- or excluded)",123389,try_30741,2,1,0.00392156862745098,0.004145144296250611,0.00436871996505024
297,Leaf mass per area,"Leaf area per leaf dry mass (specific leaf area, SLA or 1/LMA): undefined if petiole is in- or excluded)",123390,try_30742,8,8,0.0034470872113064456,0.005156885225517243,0.011806375442739079
297,Leaf mass per area,"Leaf area per leaf dry mass (specific leaf area, SLA or 1/LMA): undefined if petiole is in- or excluded)",123391,try_30743,1,1,0.0038925652004671084,0.0038925652004671084,0.0038925652004671084
297,Leaf mass per area,"Leaf area per leaf dry mass (specific leaf area, SLA or 1/LMA): undefined if petiole is in- or excluded)",123392,try_30744,2,1,0.00663129973474801,0.006997534992558099,0.0073637702503681875
297,Leaf mass per area,"Leaf area per leaf dry mass (specific leaf area, SLA or 1/LMA): undefined if petiole is in- or excluded)",123393,try_30745,2,2,0.004249893752656183,0.005469428481679263,0.006688963210702341
297,Leaf mass per area,"Leaf area per leaf dry mass (specific leaf area, SLA or 1/LMA): undefined if petiole is in- or excluded)",123394,try_30746,5,5,0.001918649270913277,0.0036127167630057803,0.007012622720897616
297,Leaf mass per area,"Leaf area per leaf dry mass (specific leaf area, SLA or 1/LMA): undefined if petiole is in- or excluded)",123395,try_30747,3,3,0.0045024763619991,0.0054466230936819175,0.009345794392523364
297,Leaf mass per area,"Leaf area per leaf dry mass (specific leaf area, SLA or 1/LMA): undefined if petiole is in- or excluded)",123396,try_30748,1,1,0.005672149744753261,0.005672149744753261,0.005672149744753261
297,Leaf mass per area,"Leaf area per leaf dry mass (specific leaf area, SLA or 1/LMA): undefined if petiole is in- or excluded)",123397,try_30749,1,1,0.0019179133103183737,0.0019179133103183737,0.0019179133103183737
297,Leaf mass per area,"Leaf area per leaf dry mass (specific leaf area, SLA or 1/LMA): undefined if petiole is in- or excluded)",123398,try_30750,2,1,0.008576329331046312,0.008744492651262908,0.008912655971479501
297,Leaf mass per area,"Leaf area per leaf dry mass (specific leaf area, SLA or 1/LMA): undefined if petiole is in- or excluded)",123399,try_30751,25,15,0.004458314757021846,0.007331378299120234,0.01757469244288225
297,Leaf mass per area,"Leaf area per leaf dry mass (specific leaf area, SLA or 1/LMA): undefined if petiole is in- or excluded)",123400,try_30752,2,2,0.004006410256410257,0.0056369260584376865,0.007267441860465116
297,Leaf mass per area,"Leaf area per leaf dry mass (specific leaf area, SLA or 1/LMA): undefined if petiole is in- or excluded)",123401,try_30753,1,1,0.003883495145631068,0.003883495145631068,0.003883495145631068
297,Leaf mass per area,"Leaf area per leaf dry mass (specific leaf area, SLA or 1/LMA): undefined if petiole is in- or excluded)",123402,try_30754,2,2,0.0029985007496251873,0.0043019409577722345,0.005605381165919282
297,Leaf mass per area,"Leaf area per leaf dry mass (specific leaf area, SLA or 1/LMA): undefined if petiole is in- or excluded)",123403,try_30755,1,1,0.006934812760055479,0.006934812760055479,0.006934812760055479
297,Leaf mass per area,"Leaf area per leaf dry mass (specific leaf area, SLA or 1/LMA): undefined if petiole is in- or excluded)",123404,try_30756,1,1,0.008183306055646482,0.008183306055646482,0.008183306055646482
297,Leaf mass per area,"Leaf area per leaf dry mass (specific leaf area, SLA or 1/LMA): undefined if petiole is in- or excluded)",123405,try_30757,3,3,0.0033200531208499337,0.003566333808844508,0.0052328623757195184
297,Leaf mass per area,"Leaf area per leaf dry mass (specific leaf area, SLA or 1/LMA): undefined if petiole is in- or excluded)",123406,try_30758,1,1,0.002343566908835247,0.002343566908835247,0.002343566908835247
297,Leaf mass per area,"Leaf area per leaf dry mass (specific leaf area, SLA or 1/LMA): undefined if petiole is in- or excluded)",123407,try_30759,1,1,0.0010964912280701754,0.0010964912280701754,0.0010964912280701754
297,Leaf mass per area,"Leaf area per leaf dry mass (specific leaf area, SLA or 1/LMA): undefined if petiole is in- or excluded)",123408,try_30760,1,1,0.004614674665436087,0.004614674665436087,0.004614674665436087
297,Leaf mass per area,"Leaf area per leaf dry mass (specific leaf area, SLA or 1/LMA): undefined if petiole is in- or excluded)",123409,try_30761,6,3,0.004537205081669692,0.0061907572281635626,0.007905138339920948
297,Leaf mass per area,"Leaf area per leaf dry mass (specific leaf area, SLA or 1/LMA): undefined if petiole is in- or excluded)",123410,try_30762,4,4,0.0032916392363396972,0.0045806968365395065,0.005434782608695652
297,Leaf mass per area,"Leaf area per leaf dry mass (specific leaf area, SLA or 1/LMA): undefined if petiole is in- or excluded)",123411,try_30763,1,1,0.004861448711716091,0.004861448711716091,0.004861448711716091
297,Leaf mass per area,"Leaf area per leaf dry mass (specific leaf area, SLA or 1/LMA): undefined if petiole is in- or excluded)",123412,try_30764,9,7,0.003621876131836291,0.005906674542232723,0.00749063670411985
297,Leaf mass per area,"Leaf area per leaf dry mass (specific leaf area, SLA or 1/LMA): undefined if petiole is in- or excluded)",123413,try_30765,6,4,0.004035512510088781,0.004654774997233289,0.005208333333333333
297,Leaf mass per area,"Leaf area per leaf dry mass (specific leaf area, SLA or 1/LMA): undefined if petiole is in- or excluded)",123414,try_30766,5,5,0.0018796992481203006,0.002376990729736154,0.0051466803911477095
297,Leaf mass per area,"Leaf area per leaf dry mass (specific leaf area, SLA or 1/LMA): undefined if petiole is in- or excluded)",123415,try_30767,14,9,0.0028272547356516823,0.004913886314488724,0.009541984732824428
297,Leaf mass per area,"Leaf area per leaf dry mass (specific leaf area, SLA or 1/LMA): undefined if petiole is in- or excluded)",123416,try_30768,11,8,0.004101722723543888,0.005737234652897303,0.006648936170212766
297,Leaf mass per area,"Leaf area per leaf dry mass (specific leaf area, SLA or 1/LMA): undefined if petiole is in- or excluded)",123417,try_30769,10,6,0.0026780931976432784,0.003614335695236511,0.008936550491510277
297,Leaf mass per area,"Leaf area per leaf dry mass (specific leaf area, SLA or 1/LMA): undefined if petiole is in- or excluded)",123418,try_30770,6,4,0.0034399724802201583,0.004924757417506677,0.0065061808718282375
297,Leaf mass per area,"Leaf area per leaf dry mass (specific leaf area, SLA or 1/LMA): undefined if petiole is in- or excluded)",123419,try_30771,3,2,0.002738225629791895,0.0032690421706440017,0.0037299515106303614
297,Leaf mass per area,"Leaf area per leaf dry mass (specific leaf area, SLA or 1/LMA): undefined if petiole is in- or excluded)",123420,try_30772,6,5,0.002258355916892502,0.002956901254773595,0.00408997955010225
297,Leaf mass per area,"Leaf area per leaf dry mass (specific leaf area, SLA or 1/LMA): undefined if petiole is in- or excluded)",123421,try_30773,2,1,0.0029770765108663296,0.00406187845100702,0.0051466803911477095
297,Leaf mass per area,"Leaf area per leaf dry mass (specific leaf area, SLA or 1/LMA): undefined if petiole is in- or excluded)",123422,try_30774,1,1,0.0048828125,0.0048828125,0.0048828125
297,Leaf mass per area,"Leaf area per leaf dry mass (specific leaf area, SLA or 1/LMA): undefined if petiole is in- or excluded)",123423,try_30775,4,3,0.005479452054794521,0.00872220664554116,0.012484394506866418
297,Leaf mass per area,"Leaf area per leaf dry mass (specific leaf area, SLA or 1/LMA): undefined if petiole is in- or excluded)",123424,try_30776,1,1,0.0024108003857280617,0.0024108003857280617,0.0024108003857280617
297,Leaf mass per area,"Leaf area per leaf dry mass (specific leaf area, SLA or 1/LMA): undefined if petiole is in- or excluded)",123425,try_30777,2,1,0.008488964346349746,0.010581617787877027,0.012674271229404309
297,Leaf mass per area,"Leaf area per leaf dry mass (specific leaf area, SLA or 1/LMA): undefined if petiole is in- or excluded)",123426,try_30778,2,2,9.402030838661151e-4,0.012017445652787562,0.023094688221709007
297,Leaf mass per area,"Leaf area per leaf dry mass (specific leaf area, SLA or 1/LMA): undefined if petiole is in- or excluded)",123427,try_30779,2,1,0.00423728813559322,0.004499596448748991,0.004761904761904762
297,Leaf mass per area,"Leaf area per leaf dry mass (specific leaf area, SLA or 1/LMA): undefined if petiole is in- or excluded)",123428,try_30780,2,1,0.005417118093174431,0.0070945239588679175,0.008771929824561403
297,Leaf mass per area,"Leaf area per leaf dry mass (specific leaf area, SLA or 1/LMA): undefined if petiole is in- or excluded)",123429,try_30781,1,1,0.0023073373327180437,0.0023073373327180437,0.0023073373327180437
297,Leaf mass per area,"Leaf area per leaf dry mass (specific leaf area, SLA or 1/LMA): undefined if petiole is in- or excluded)",123430,try_30782,1,1,0.0015035333032626672,0.0015035333032626672,0.0015035333032626672
297,Leaf mass per area,"Leaf area per leaf dry mass (specific leaf area, SLA or 1/LMA): undefined if petiole is in- or excluded)",123431,try_30783,3,3,0.004621072088724584,0.00980392156862745,0.010626992561105207
297,Leaf mass per area,"Leaf area per leaf dry mass (specific leaf area, SLA or 1/LMA): undefined if petiole is in- or excluded)",123432,try_30784,4,4,0.0036140224069389233,0.004679239936332994,0.03861003861003861
297,Leaf mass per area,"Leaf area per leaf dry mass (specific leaf area, SLA or 1/LMA): undefined if petiole is in- or excluded)",123433,try_30785,1,1,0.0043535045711798,0.0043535045711798,0.0043535045711798
297,Leaf mass per area,"Leaf area per leaf dry mass (specific leaf area, SLA or 1/LMA): undefined if petiole is in- or excluded)",123434,try_30786,1,1,0.008865248226950355,0.008865248226950355,0.008865248226950355
297,Leaf mass per area,"Leaf area per leaf dry mass (specific leaf area, SLA or 1/LMA): undefined if petiole is in- or excluded)",123435,try_30787,3,2,0.0013145786775338503,0.0013486176668914363,0.0038476337052712585
297,Leaf mass per area,"Leaf area per leaf dry mass (specific leaf area, SLA or 1/LMA): undefined if petiole is in- or excluded)",123436,try_30788,2,1,0.005411255411255411,0.005572600182691925,0.00573394495412844
297,Leaf mass per area,"Leaf area per leaf dry mass (specific leaf area, SLA or 1/LMA): undefined if petiole is in- or excluded)",123437,try_30789,5,3,0.0053533190578158455,0.008375209380234505,0.01053740779768177
297,Leaf mass per area,"Leaf area per leaf dry mass (specific leaf area, SLA or 1/LMA): undefined if petiole is in- or excluded)",123438,try_30790,2,2,0.005688282138794084,0.0076750589437931775,0.00966183574879227
297,Leaf mass per area,"Leaf area per leaf dry mass (specific leaf area, SLA or 1/LMA): undefined if petiole is in- or excluded)",123439,try_30791,7,4,0.0049504950495049506,0.00649772579597141,0.017006802721088437
297,Leaf mass per area,"Leaf area per leaf dry mass (specific leaf area, SLA or 1/LMA): undefined if petiole is in- or excluded)",123440,try_30792,8,4,0.0022192632046160675,0.0034615506074867483,0.007639419404125286
297,Leaf mass per area,"Leaf area per leaf dry mass (specific leaf area, SLA or 1/LMA): undefined if petiole is in- or excluded)",123441,try_30793,1,1,0.0045045045045045045,0.0045045045045045045,0.0045045045045045045
297,Leaf mass per area,"Leaf area per leaf dry mass (specific leaf area, SLA or 1/LMA): undefined if petiole is in- or excluded)",123442,try_30794,1,1,0.0037979491074819596,0.0037979491074819596,0.0037979491074819596
297,Leaf mass per area,"Leaf area per leaf dry mass (specific leaf area, SLA or 1/LMA): undefined if petiole is in- or excluded)",123443,try_30795,2,1,0.004053506282934739,0.004130244937849364,0.004206983592763988
297,Leaf mass per area,"Leaf area per leaf dry mass (specific leaf area, SLA or 1/LMA): undefined if petiole is in- or excluded)",123444,try_30796,1,1,0.003004807692307692,0.003004807692307692,0.003004807692307692
297,Leaf mass per area,"Leaf area per leaf dry mass (specific leaf area, SLA or 1/LMA): undefined if petiole is in- or excluded)",123445,try_30797,6,5,0.003165558721114277,0.005472659074410557,0.018018018018018018
297,Leaf mass per area,"Leaf area per leaf dry mass (specific leaf area, SLA or 1/LMA): undefined if petiole is in- or excluded)",123446,try_30798,2,1,0.005104645227156712,0.005988748730416844,0.006872852233676976
297,Leaf mass per area,"Leaf area per leaf dry mass (specific leaf area, SLA or 1/LMA): undefined if petiole is in- or excluded)",123447,try_30799,7,4,0.0021891418563922942,0.00477326968973747,0.005488474204171241
297,Leaf mass per area,"Leaf area per leaf dry mass (specific leaf area, SLA or 1/LMA): undefined if petiole is in- or excluded)",123448,try_30800,1,1,0.004468275245755138,0.004468275245755138,0.004468275245755138
297,Leaf mass per area,"Leaf area per leaf dry mass (specific leaf area, SLA or 1/LMA): undefined if petiole is in- or excluded)",123449,try_30801,2,1,0.0027739251040221915,0.003616119930522019,0.004458314757021846
297,Leaf mass per area,"Leaf area per leaf dry mass (specific leaf area, SLA or 1/LMA): undefined if petiole is in- or excluded)",123450,try_30802,2,1,0.0016215339711366952,0.0016645921221803694,0.0017076502732240437
297,Leaf mass per area,"Leaf area per leaf dry mass (specific leaf area, SLA or 1/LMA): undefined if petiole is in- or excluded)",123451,try_30803,3,2,0.0025220680958385876,0.0027427317608337905,0.005717552887364208
297,Leaf mass per area,"Leaf area per leaf dry mass (specific leaf area, SLA or 1/LMA): undefined if petiole is in- or excluded)",123452,try_30804,3,2,0.003067484662576687,0.0035323207347227126,0.006349206349206349
297,Leaf mass per area,"Leaf area per leaf dry mass (specific leaf area, SLA or 1/LMA): undefined if petiole is in- or excluded)",123453,try_30805,1,1,0.005213764337851929,0.005213764337851929,0.005213764337851929
297,Leaf mass per area,"Leaf area per leaf dry mass (specific leaf area, SLA or 1/LMA): undefined if petiole is in- or excluded)",123454,try_30806,5,2,0.0022331397945511387,0.0028595939376608523,0.0035932446999640674
297,Leaf mass per area,"Leaf area per leaf dry mass (specific leaf area, SLA or 1/LMA): undefined if petiole is in- or excluded)",123455,try_30807,1,1,0.004755111745126011,0.004755111745126011,0.004755111745126011
297,Leaf mass per area,"Leaf area per leaf dry mass (specific leaf area, SLA or 1/LMA): undefined if petiole is in- or excluded)",123456,try_30808,1,1,0.005035246727089627,0.005035246727089627,0.005035246727089627
297,Leaf mass per area,"Leaf area per leaf dry mass (specific leaf area, SLA or 1/LMA): undefined if petiole is in- or excluded)",123457,try_30809,3,3,0.004262574595055414,0.005344735435595938,0.007616146230007615
297,Leaf mass per area,"Leaf area per leaf dry mass (specific leaf area, SLA or 1/LMA): undefined if petiole is in- or excluded)",123458,try_30810,4,4,0.004631773969430292,0.015309941520467836,0.01818181818181818
297,Leaf mass per area,"Leaf area per leaf dry mass (specific leaf area, SLA or 1/LMA): undefined if petiole is in- or excluded)",123459,try_30811,2,1,0.002698327037236913,0.0027258155009973113,0.0027533039647577094
297,Leaf mass per area,"Leaf area per leaf dry mass (specific leaf area, SLA or 1/LMA): undefined if petiole is in- or excluded)",123460,try_30812,2,1,0.0030931023816888337,0.00439717832881477,0.005701254275940707
297,Leaf mass per area,"Leaf area per leaf dry mass (specific leaf area, SLA or 1/LMA): undefined if petiole is in- or excluded)",123461,try_30813,2,1,0.00771604938271605,0.00802122202691173,0.00832639467110741
297,Leaf mass per area,"Leaf area per leaf dry mass (specific leaf area, SLA or 1/LMA): undefined if petiole is in- or excluded)",123462,try_30814,1,1,0.0030807147258163892,0.0030807147258163892,0.0030807147258163892
297,Leaf mass per area,"Leaf area per leaf dry mass (specific leaf area, SLA or 1/LMA): undefined if petiole is in- or excluded)",123463,try_30815,2,2,0.004219409282700422,0.004899883212778782,0.005580357142857143
297,Leaf mass per area,"Leaf area per leaf dry mass (specific leaf area, SLA or 1/LMA): undefined if petiole is in- or excluded)",123464,try_30816,8,6,0.0045620437956204385,0.005735133950619303,0.010193679918450561
297,Leaf mass per area,"Leaf area per leaf dry mass (specific leaf area, SLA or 1/LMA): undefined if petiole is in- or excluded)",123465,try_30817,2,1,0.004755111745126011,0.0053187323431512406,0.0058823529411764705
297,Leaf mass per area,"Leaf area per leaf dry mass (specific leaf area, SLA or 1/LMA): undefined if petiole is in- or excluded)",123466,try_30818,6,3,0.002687449610319806,0.002976896733137864,0.003923107100823852
297,Leaf mass per area,"Leaf area per leaf dry mass (specific leaf area, SLA or 1/LMA): undefined if petiole is in- or excluded)",123467,try_30819,2,1,0.0017787264318747775,0.0017927055826943896,0.0018066847335140017
297,Leaf mass per area,"Leaf area per leaf dry mass (specific leaf area, SLA or 1/LMA): undefined if petiole is in- or excluded)",123468,try_30820,3,1,0.0012348728081007657,0.001508523155830442,0.0015605493133583022
297,Leaf mass per area,"Leaf area per leaf dry mass (specific leaf area, SLA or 1/LMA): undefined if petiole is in- or excluded)",123469,try_30821,3,3,0.0027685492801771874,0.0048756704046806435,0.005159958720330237
297,Leaf mass per area,"Leaf area per leaf dry mass (specific leaf area, SLA or 1/LMA): undefined if petiole is in- or excluded)",123470,try_30822,2,2,9.333582228859436e-4,0.0010800255294998902,0.001226692836113837
297,Leaf mass per area,"Leaf area per leaf dry mass (specific leaf area, SLA or 1/LMA): undefined if petiole is in- or excluded)",123471,try_30823,2,1,0.0017972681524083393,0.0019656421854658,0.0021340162185232605
297,Leaf mass per area,"Leaf area per leaf dry mass (specific leaf area, SLA or 1/LMA): undefined if petiole is in- or excluded)",123472,try_30824,2,1,0.005737234652897303,0.00592859284664449,0.006119951040391676
297,Leaf mass per area,"Leaf area per leaf dry mass (specific leaf area, SLA or 1/LMA): undefined if petiole is in- or excluded)",123473,try_30825,1,1,0.004340277777777778,0.004340277777777778,0.004340277777777778
297,Leaf mass per area,"Leaf area per leaf dry mass (specific leaf area, SLA or 1/LMA): undefined if petiole is in- or excluded)",123474,try_30826,2,1,0.0027427317608337905,0.002893435895637595,0.0030441400304414
297,Leaf mass per area,"Leaf area per leaf dry mass (specific leaf area, SLA or 1/LMA): undefined if petiole is in- or excluded)",123475,try_30827,2,2,0.002583311805734952,0.0034477576708709257,0.004312203536006899
297,Leaf mass per area,"Leaf area per leaf dry mass (specific leaf area, SLA or 1/LMA): undefined if petiole is in- or excluded)",123476,try_30828,2,2,0.0032562683165092803,0.010477691680378534,0.017699115044247787
297,Leaf mass per area,"Leaf area per leaf dry mass (specific leaf area, SLA or 1/LMA): undefined if petiole is in- or excluded)",123477,try_30829,1,1,0.0033921302578018993,0.0033921302578018993,0.0033921302578018993
297,Leaf mass per area,"Leaf area per leaf dry mass (specific leaf area, SLA or 1/LMA): undefined if petiole is in- or excluded)",123478,try_30830,3,2,0.0021123785382340518,0.0024102193299590266,0.0025974025974025974
297,Leaf mass per area,"Leaf area per leaf dry mass (specific leaf area, SLA or 1/LMA): undefined if petiole is in- or excluded)",123479,try_30831,3,2,0.005633802816901409,0.0058309037900874635,0.005847953216374269
297,Leaf mass per area,"Leaf area per leaf dry mass (specific leaf area, SLA or 1/LMA): undefined if petiole is in- or excluded)",123480,try_30832,4,3,0.007153075822603719,0.007656272873664178,0.007936507936507936
297,Leaf mass per area,"Leaf area per leaf dry mass (specific leaf area, SLA or 1/LMA): undefined if petiole is in- or excluded)",123481,try_30833,2,2,0.005506607929515419,0.005582958746874291,0.005659309564233164
297,Leaf mass per area,"Leaf area per leaf dry mass (specific leaf area, SLA or 1/LMA): undefined if petiole is in- or excluded)",123482,try_30834,2,2,0.0022629554197782305,0.002369101472265353,0.0024752475247524753
297,Leaf mass per area,"Leaf area per leaf dry mass (specific leaf area, SLA or 1/LMA): undefined if petiole is in- or excluded)",123483,try_30835,1,1,0.002144542140253056,0.002144542140253056,0.002144542140253056
297,Leaf mass per area,"Leaf area per leaf dry mass (specific leaf area, SLA or 1/LMA): undefined if petiole is in- or excluded)",123484,try_30836,1,1,0.0014710208884966167,0.0014710208884966167,0.0014710208884966167
297,Leaf mass per area,"Leaf area per leaf dry mass (specific leaf area, SLA or 1/LMA): undefined if petiole is in- or excluded)",123485,try_30837,3,2,9.613535858488751e-4,0.0017452006980802793,0.001971220185294697
297,Leaf mass per area,"Leaf area per leaf dry mass (specific leaf area, SLA or 1/LMA): undefined if petiole is in- or excluded)",123486,try_30838,1,1,0.008333333333333333,0.008333333333333333,0.008333333333333333
297,Leaf mass per area,"Leaf area per leaf dry mass (specific leaf area, SLA or 1/LMA): undefined if petiole is in- or excluded)",123487,try_30839,1,1,0.0044603033006244425,0.0044603033006244425,0.0044603033006244425
297,Leaf mass per area,"Leaf area per leaf dry mass (specific leaf area, SLA or 1/LMA): undefined if petiole is in- or excluded)",123488,try_30840,2,1,0.0034554250172771253,0.003879175503475051,0.004302925989672977
297,Leaf mass per area,"Leaf area per leaf dry mass (specific leaf area, SLA or 1/LMA): undefined if petiole is in- or excluded)",123489,try_30841,2,1,0.0058411214953271035,0.005886159798671855,0.005931198102016607
297,Leaf mass per area,"Leaf area per leaf dry mass (specific leaf area, SLA or 1/LMA): undefined if petiole is in- or excluded)",123490,try_30842,6,4,0.0018964536317087049,0.0026719427679957556,0.008968609865470852
297,Leaf mass per area,"Leaf area per leaf dry mass (specific leaf area, SLA or 1/LMA): undefined if petiole is in- or excluded)",123491,try_30843,1,1,0.001725327812284334,0.001725327812284334,0.001725327812284334
297,Leaf mass per area,"Leaf area per leaf dry mass (specific leaf area, SLA or 1/LMA): undefined if petiole is in- or excluded)",123492,try_30844,2,1,0.005070993914807302,0.00529792789663017,0.0055248618784530384
297,Leaf mass per area,"Leaf area per leaf dry mass (specific leaf area, SLA or 1/LMA): undefined if petiole is in- or excluded)",123493,try_30845,1,1,0.0038182512409316535,0.0038182512409316535,0.0038182512409316535
297,Leaf mass per area,"Leaf area per leaf dry mass (specific leaf area, SLA or 1/LMA): undefined if petiole is in- or excluded)",123494,try_30846,2,2,0.002560163850486431,0.0028100696853411346,0.003059975520195838
297,Leaf mass per area,"Leaf area per leaf dry mass (specific leaf area, SLA or 1/LMA): undefined if petiole is in- or excluded)",123495,try_30847,2,2,0.0030432136335970784,0.0039128071993906,0.004782400765184123
297,Leaf mass per area,"Leaf area per leaf dry mass (specific leaf area, SLA or 1/LMA): undefined if petiole is in- or excluded)",123496,try_30848,3,3,0.00419639110365086,0.004708097928436911,0.006418485237483953
297,Leaf mass per area,"Leaf area per leaf dry mass (specific leaf area, SLA or 1/LMA): undefined if petiole is in- or excluded)",123497,try_30849,2,1,0.003290556103981573,0.0035356372202327525,0.003780718336483932
297,Leaf mass per area,"Leaf area per leaf dry mass (specific leaf area, SLA or 1/LMA): undefined if petiole is in- or excluded)",123498,try_30850,13,8,0.002752546105147261,0.0047169811320754715,0.007501875468867216
297,Leaf mass per area,"Leaf area per leaf dry mass (specific leaf area, SLA or 1/LMA): undefined if petiole is in- or excluded)",123499,try_30851,2,1,0.0032690421706440017,0.003610024838779133,0.0039510075069142635
297,Leaf mass per area,"Leaf area per leaf dry mass (specific leaf area, SLA or 1/LMA): undefined if petiole is in- or excluded)",123500,try_30852,3,3,0.0017205781142463866,0.0061312078479460455,0.01680672268907563
297,Leaf mass per area,"Leaf area per leaf dry mass (specific leaf area, SLA or 1/LMA): undefined if petiole is in- or excluded)",123501,try_30853,1,1,0.005254860746190226,0.005254860746190226,0.005254860746190226
297,Leaf mass per area,"Leaf area per leaf dry mass (specific leaf area, SLA or 1/LMA): undefined if petiole is in- or excluded)",123502,try_30854,2,1,0.005494505494505495,0.005719904352484614,0.005945303210463734
297,Leaf mass per area,"Leaf area per leaf dry mass (specific leaf area, SLA or 1/LMA): undefined if petiole is in- or excluded)",123503,try_30855,1,1,0.004721435316336166,0.004721435316336166,0.004721435316336166
297,Leaf mass per area,"Leaf area per leaf dry mass (specific leaf area, SLA or 1/LMA): undefined if petiole is in- or excluded)",123504,try_30856,1,1,0.004201680672268907,0.004201680672268907,0.004201680672268907
297,Leaf mass per area,"Leaf area per leaf dry mass (specific leaf area, SLA or 1/LMA): undefined if petiole is in- or excluded)",123505,try_30857,10,9,0.0024894199651481204,0.004642788487944197,0.009727626459143969
297,Leaf mass per area,"Leaf area per leaf dry mass (specific leaf area, SLA or 1/LMA): undefined if petiole is in- or excluded)",123506,try_30858,2,2,0.0021272069772388853,0.0031288657769300583,0.004130524576621231
297,Leaf mass per area,"Leaf area per leaf dry mass (specific leaf area, SLA or 1/LMA): undefined if petiole is in- or excluded)",123507,try_30859,14,8,0.002266032177656923,0.003761549591471802,0.005515719801434087
297,Leaf mass per area,"Leaf area per leaf dry mass (specific leaf area, SLA or 1/LMA): undefined if petiole is in- or excluded)",123508,try_30860,2,1,0.0038774718883288098,0.003941941072369533,0.004006410256410257
297,Leaf mass per area,"Leaf area per leaf dry mass (specific leaf area, SLA or 1/LMA): undefined if petiole is in- or excluded)",123509,try_30861,16,12,0.002799552071668533,0.004003233997681073,0.0074962518740629685
297,Leaf mass per area,"Leaf area per leaf dry mass (specific leaf area, SLA or 1/LMA): undefined if petiole is in- or excluded)",123510,try_30862,2,1,0.0033932813030200207,0.0035464371738925483,0.0036995930447650755
297,Leaf mass per area,"Leaf area per leaf dry mass (specific leaf area, SLA or 1/LMA): undefined if petiole is in- or excluded)",123511,try_30863,6,1,0.0037778617302606727,0.005400740808103224,0.006887052341597796
297,Leaf mass per area,"Leaf area per leaf dry mass (specific leaf area, SLA or 1/LMA): undefined if petiole is in- or excluded)",123512,try_30864,3,2,0.0021944261575597983,0.00225123818099955,0.002763957987838585
297,Leaf mass per area,"Leaf area per leaf dry mass (specific leaf area, SLA or 1/LMA): undefined if petiole is in- or excluded)",123513,try_30865,1,1,0.01107419712070875,0.01107419712070875,0.01107419712070875
297,Leaf mass per area,"Leaf area per leaf dry mass (specific leaf area, SLA or 1/LMA): undefined if petiole is in- or excluded)",123514,try_30866,1,1,0.0015651901706057287,0.0015651901706057287,0.0015651901706057287
297,Leaf mass per area,"Leaf area per leaf dry mass (specific leaf area, SLA or 1/LMA): undefined if petiole is in- or excluded)",123515,try_30867,2,1,0.0025233409033560434,0.0032026642404978972,0.003881987577639751
297,Leaf mass per area,"Leaf area per leaf dry mass (specific leaf area, SLA or 1/LMA): undefined if petiole is in- or excluded)",123516,try_30868,4,3,0.00129315918789603,0.0016435570706142362,0.0020412329046744235
297,Leaf mass per area,"Leaf area per leaf dry mass (specific leaf area, SLA or 1/LMA): undefined if petiole is in- or excluded)",123517,try_30869,1,1,0.0013034410844629822,0.0013034410844629822,0.0013034410844629822
297,Leaf mass per area,"Leaf area per leaf dry mass (specific leaf area, SLA or 1/LMA): undefined if petiole is in- or excluded)",123518,try_30870,1,1,0.0064808813998703816,0.0064808813998703816,0.0064808813998703816
297,Leaf mass per area,"Leaf area per leaf dry mass (specific leaf area, SLA or 1/LMA): undefined if petiole is in- or excluded)",123519,try_30871,1,1,0.005889281507656065,0.005889281507656065,0.005889281507656065
297,Leaf mass per area,"Leaf area per leaf dry mass (specific leaf area, SLA or 1/LMA): undefined if petiole is in- or excluded)",123520,try_30872,2,2,0.005420054200542005,0.012872628726287264,0.02032520325203252
297,Leaf mass per area,"Leaf area per leaf dry mass (specific leaf area, SLA or 1/LMA): undefined if petiole is in- or excluded)",123521,try_30873,1,1,0.002340276152586005,0.002340276152586005,0.002340276152586005
297,Leaf mass per area,"Leaf area per leaf dry mass (specific leaf area, SLA or 1/LMA): undefined if petiole is in- or excluded)",123522,try_30874,2,2,0.0011303266644060134,0.0031032343981928544,0.005076142131979695
297,Leaf mass per area,"Leaf area per leaf dry mass (specific leaf area, SLA or 1/LMA): undefined if petiole is in- or excluded)",123523,try_30875,4,3,0.003134796238244514,0.005907657606686734,0.01107419712070875
297,Leaf mass per area,"Leaf area per leaf dry mass (specific leaf area, SLA or 1/LMA): undefined if petiole is in- or excluded)",123524,try_30876,2,2,0.004253509145044662,0.007474348155410031,0.0106951871657754
297,Leaf mass per area,"Leaf area per leaf dry mass (specific leaf area, SLA or 1/LMA): undefined if petiole is in- or excluded)",123525,try_30877,2,1,6.75310642895732e-4,6.910871444492091e-4,7.068636460026861e-4
297,Leaf mass per area,"Leaf area per leaf dry mass (specific leaf area, SLA or 1/LMA): undefined if petiole is in- or excluded)",123526,try_30878,1,1,0.0013274923669188902,0.0013274923669188902,0.0013274923669188902
297,Leaf mass per area,"Leaf area per leaf dry mass (specific leaf area, SLA or 1/LMA): undefined if petiole is in- or excluded)",123527,try_30879,4,2,0.002064409578860446,0.003973034612896367,0.00580046403712297
297,Leaf mass per area,"Leaf area per leaf dry mass (specific leaf area, SLA or 1/LMA): undefined if petiole is in- or excluded)",123528,try_30880,4,2,0.0028320589068252617,0.003862795784905784,0.0049504950495049506
297,Leaf mass per area,"Leaf area per leaf dry mass (specific leaf area, SLA or 1/LMA): undefined if petiole is in- or excluded)",123529,try_30881,4,2,0.0011093854004881297,0.001896123587946717,0.0026130128037627387
297,Leaf mass per area,"Leaf area per leaf dry mass (specific leaf area, SLA or 1/LMA): undefined if petiole is in- or excluded)",123530,try_30882,4,2,0.00258732212160414,0.0027934021447372126,0.0029129041654529565
297,Leaf mass per area,"Leaf area per leaf dry mass (specific leaf area, SLA or 1/LMA): undefined if petiole is in- or excluded)",123531,try_30883,1,1,0.03367003367003367,0.03367003367003367,0.03367003367003367
297,Leaf mass per area,"Leaf area per leaf dry mass (specific leaf area, SLA or 1/LMA): undefined if petiole is in- or excluded)",123532,try_30884,2,1,0.001896813353566009,0.0020485166877841046,0.0022002200220022
297,Leaf mass per area,"Leaf area per leaf dry mass (specific leaf area, SLA or 1/LMA): undefined if petiole is in- or excluded)",123533,try_30885,1,1,0.0017828489926903191,0.0017828489926903191,0.0017828489926903191
297,Leaf mass per area,"Leaf area per leaf dry mass (specific leaf area, SLA or 1/LMA): undefined if petiole is in- or excluded)",123534,try_30886,1,1,0.004522840343735866,0.004522840343735866,0.004522840343735866
297,Leaf mass per area,"Leaf area per leaf dry mass (specific leaf area, SLA or 1/LMA): undefined if petiole is in- or excluded)",123535,try_30887,2,2,0.002702702702702703,0.006028619826561828,0.009354536950420954
297,Leaf mass per area,"Leaf area per leaf dry mass (specific leaf area, SLA or 1/LMA): undefined if petiole is in- or excluded)",123536,try_30888,1,1,0.0038774718883288098,0.0038774718883288098,0.0038774718883288098
297,Leaf mass per area,"Leaf area per leaf dry mass (specific leaf area, SLA or 1/LMA): undefined if petiole is in- or excluded)",123537,try_30889,2,2,0.005659309564233164,0.0058710173125302075,0.00608272506082725
297,Leaf mass per area,"Leaf area per leaf dry mass (specific leaf area, SLA or 1/LMA): undefined if petiole is in- or excluded)",123538,try_30890,2,1,0.0041841004184100415,0.004688104207128178,0.005192107995846314
297,Leaf mass per area,"Leaf area per leaf dry mass (specific leaf area, SLA or 1/LMA): undefined if petiole is in- or excluded)",123539,try_30891,2,1,0.0025119316754584273,0.0025703717262675944,0.0026288117770767614
297,Leaf mass per area,"Leaf area per leaf dry mass (specific leaf area, SLA or 1/LMA): undefined if petiole is in- or excluded)",123540,try_30892,4,3,0.0011603620329542817,0.004561311473239478,0.005350454788657036
297,Leaf mass per area,"Leaf area per leaf dry mass (specific leaf area, SLA or 1/LMA): undefined if petiole is in- or excluded)",123541,try_30893,2,2,0.006844626967830254,0.006865839654714025,0.006887052341597796
297,Leaf mass per area,"Leaf area per leaf dry mass (specific leaf area, SLA or 1/LMA): undefined if petiole is in- or excluded)",123542,try_30894,1,1,0.0036509675063891934,0.0036509675063891934,0.0036509675063891934
297,Leaf mass per area,"Leaf area per leaf dry mass (specific leaf area, SLA or 1/LMA): undefined if petiole is in- or excluded)",123543,try_30895,1,1,0.0051813471502590676,0.0051813471502590676,0.0051813471502590676
297,Leaf mass per area,"Leaf area per leaf dry mass (specific leaf area, SLA or 1/LMA): undefined if petiole is in- or excluded)",123544,try_30896,2,1,0.005963029218843173,0.00757288283715345,0.009182736455463728
297,Leaf mass per area,"Leaf area per leaf dry mass (specific leaf area, SLA or 1/LMA): undefined if petiole is in- or excluded)",123545,try_30897,4,2,0.005192107995846314,0.0056039983453218,0.006024096385542169
297,Leaf mass per area,"Leaf area per leaf dry mass (specific leaf area, SLA or 1/LMA): undefined if petiole is in- or excluded)",123546,try_30898,1,1,0.0032808398950131233,0.0032808398950131233,0.0032808398950131233
297,Leaf mass per area,"Leaf area per leaf dry mass (specific leaf area, SLA or 1/LMA): undefined if petiole is in- or excluded)",123547,try_30899,1,1,0.0038744672607516463,0.0038744672607516463,0.0038744672607516463
297,Leaf mass per area,"Leaf area per leaf dry mass (specific leaf area, SLA or 1/LMA): undefined if petiole is in- or excluded)",123548,try_30900,1,1,0.0032520325203252032,0.0032520325203252032,0.0032520325203252032
297,Leaf mass per area,"Leaf area per leaf dry mass (specific leaf area, SLA or 1/LMA): undefined if petiole is in- or excluded)",123549,try_30901,6,4,0.00228675966155957,0.0030974188969702166,0.007836990595611286
297,Leaf mass per area,"Leaf area per leaf dry mass (specific leaf area, SLA or 1/LMA): undefined if petiole is in- or excluded)",123550,try_30902,2,1,0.0063613231552162855,0.0063613231552162855,0.0063613231552162855
297,Leaf mass per area,"Leaf area per leaf dry mass (specific leaf area, SLA or 1/LMA): undefined if petiole is in- or excluded)",123551,try_30903,1,1,0.004214075010535188,0.004214075010535188,0.004214075010535188
297,Leaf mass per area,"Leaf area per leaf dry mass (specific leaf area, SLA or 1/LMA): undefined if petiole is in- or excluded)",123552,try_30904,4,3,0.005053057099545225,0.007141965034448129,0.01107419712070875
297,Leaf mass per area,"Leaf area per leaf dry mass (specific leaf area, SLA or 1/LMA): undefined if petiole is in- or excluded)",123553,try_30905,1,1,0.00413393964448119,0.00413393964448119,0.00413393964448119
297,Leaf mass per area,"Leaf area per leaf dry mass (specific leaf area, SLA or 1/LMA): undefined if petiole is in- or excluded)",123554,try_30906,10,5,0.006333122229259024,0.007918927239291423,0.014513788098693758
297,Leaf mass per area,"Leaf area per leaf dry mass (specific leaf area, SLA or 1/LMA): undefined if petiole is in- or excluded)",123555,try_30907,1,1,0.0053705692803437165,0.0053705692803437165,0.0053705692803437165
297,Leaf mass per area,"Leaf area per leaf dry mass (specific leaf area, SLA or 1/LMA): undefined if petiole is in- or excluded)",123556,try_30908,4,3,0.006349206349206349,0.007425094220765585,0.009140767824497258
297,Leaf mass per area,"Leaf area per leaf dry mass (specific leaf area, SLA or 1/LMA): undefined if petiole is in- or excluded)",123557,try_30909,2,1,0.004679457182966776,0.00508547268813358,0.0054914881933003845
297,Leaf mass per area,"Leaf area per leaf dry mass (specific leaf area, SLA or 1/LMA): undefined if petiole is in- or excluded)",123558,try_30910,3,3,0.002409058058299205,0.005254860746190226,0.025773195876288662
297,Leaf mass per area,"Leaf area per leaf dry mass (specific leaf area, SLA or 1/LMA): undefined if petiole is in- or excluded)",123559,try_30911,4,3,0.003247807729782397,0.004951415907478003,0.005773672055427252
297,Leaf mass per area,"Leaf area per leaf dry mass (specific leaf area, SLA or 1/LMA): undefined if petiole is in- or excluded)",123560,try_30912,1,1,0.008051529790660225,0.008051529790660225,0.008051529790660225
297,Leaf mass per area,"Leaf area per leaf dry mass (specific leaf area, SLA or 1/LMA): undefined if petiole is in- or excluded)",123561,try_30913,9,7,0.003937007874015748,0.004593477262287552,0.011376564277588168
297,Leaf mass per area,"Leaf area per leaf dry mass (specific leaf area, SLA or 1/LMA): undefined if petiole is in- or excluded)",123562,try_30914,3,3,0.005747126436781609,0.005793742757821553,0.02915451895043732
297,Leaf mass per area,"Leaf area per leaf dry mass (specific leaf area, SLA or 1/LMA): undefined if petiole is in- or excluded)",123563,try_30915,1,1,0.004892367906066536,0.004892367906066536,0.004892367906066536
297,Leaf mass per area,"Leaf area per leaf dry mass (specific leaf area, SLA or 1/LMA): undefined if petiole is in- or excluded)",123564,try_30916,1,1,0.0026089225150013043,0.0026089225150013043,0.0026089225150013043
297,Leaf mass per area,"Leaf area per leaf dry mass (specific leaf area, SLA or 1/LMA): undefined if petiole is in- or excluded)",123565,try_30917,1,1,0.006872852233676976,0.006872852233676976,0.006872852233676976
297,Leaf mass per area,"Leaf area per leaf dry mass (specific leaf area, SLA or 1/LMA): undefined if petiole is in- or excluded)",123566,try_30918,3,2,0.004608294930875576,0.0059031877213695395,0.006381620931716656
297,Leaf mass per area,"Leaf area per leaf dry mass (specific leaf area, SLA or 1/LMA): undefined if petiole is in- or excluded)",123567,try_30919,1,1,0.005934718100890208,0.005934718100890208,0.005934718100890208
297,Leaf mass per area,"Leaf area per leaf dry mass (specific leaf area, SLA or 1/LMA): undefined if petiole is in- or excluded)",123568,try_30920,5,3,0.0032605151613955006,0.003881987577639751,0.004830917874396135
297,Leaf mass per area,"Leaf area per leaf dry mass (specific leaf area, SLA or 1/LMA): undefined if petiole is in- or excluded)",123569,try_30921,2,1,0.008382229673093043,0.008389267649308906,0.008396305625524769
297,Leaf mass per area,"Leaf area per leaf dry mass (specific leaf area, SLA or 1/LMA): undefined if petiole is in- or excluded)",123570,try_30922,1,1,0.0026055237102657635,0.0026055237102657635,0.0026055237102657635
297,Leaf mass per area,"Leaf area per leaf dry mass (specific leaf area, SLA or 1/LMA): undefined if petiole is in- or excluded)",123571,try_30923,2,1,0.004113533525298231,0.004195346745540476,0.00427715996578272
297,Leaf mass per area,"Leaf area per leaf dry mass (specific leaf area, SLA or 1/LMA): undefined if petiole is in- or excluded)",123572,try_30924,7,6,0.0011189437171310282,0.0036363636363636364,0.007541478129713424
297,Leaf mass per area,"Leaf area per leaf dry mass (specific leaf area, SLA or 1/LMA): undefined if petiole is in- or excluded)",123573,try_30925,4,4,0.0021399529210357373,0.005616220324669823,0.007936507936507936
297,Leaf mass per area,"Leaf area per leaf dry mass (specific leaf area, SLA or 1/LMA): undefined if petiole is in- or excluded)",123574,try_30926,3,2,0.001232589670898558,0.002261931689662972,0.00426075841499787
297,Leaf mass per area,"Leaf area per leaf dry mass (specific leaf area, SLA or 1/LMA): undefined if petiole is in- or excluded)",123575,try_30927,1,1,0.007147962830593281,0.007147962830593281,0.007147962830593281
297,Leaf mass per area,"Leaf area per leaf dry mass (specific leaf area, SLA or 1/LMA): undefined if petiole is in- or excluded)",123576,try_30928,1,1,0.011976047904191617,0.011976047904191617,0.011976047904191617
297,Leaf mass per area,"Leaf area per leaf dry mass (specific leaf area, SLA or 1/LMA): undefined if petiole is in- or excluded)",123577,try_30929,6,4,0.0012840267077555215,0.002994512271972471,0.0054466230936819175
297,Leaf mass per area,"Leaf area per leaf dry mass (specific leaf area, SLA or 1/LMA): undefined if petiole is in- or excluded)",123578,try_30930,2,1,0.004705882352941176,0.005659819483348896,0.006613756613756614
297,Leaf mass per area,"Leaf area per leaf dry mass (specific leaf area, SLA or 1/LMA): undefined if petiole is in- or excluded)",123579,try_30931,5,4,0.00259000259000259,0.0044603033006244425,0.021052631578947368
297,Leaf mass per area,"Leaf area per leaf dry mass (specific leaf area, SLA or 1/LMA): undefined if petiole is in- or excluded)",123580,try_30932,1,1,0.006997900629811056,0.006997900629811056,0.006997900629811056
297,Leaf mass per area,"Leaf area per leaf dry mass (specific leaf area, SLA or 1/LMA): undefined if petiole is in- or excluded)",123581,try_30933,1,1,0.0028785261945883708,0.0028785261945883708,0.0028785261945883708
297,Leaf mass per area,"Leaf area per leaf dry mass (specific leaf area, SLA or 1/LMA): undefined if petiole is in- or excluded)",123582,try_30934,2,1,0.0043859649122807015,0.005217785843920145,0.006049606775559588
297,Leaf mass per area,"Leaf area per leaf dry mass (specific leaf area, SLA or 1/LMA): undefined if petiole is in- or excluded)",123583,try_30935,1,1,0.01,0.01,0.01
297,Leaf mass per area,"Leaf area per leaf dry mass (specific leaf area, SLA or 1/LMA): undefined if petiole is in- or excluded)",123584,try_30936,2,2,0.005050505050505051,0.00518341307814992,0.00531632110579479
297,Leaf mass per area,"Leaf area per leaf dry mass (specific leaf area, SLA or 1/LMA): undefined if petiole is in- or excluded)",123585,try_30937,1,1,0.009970089730807577,0.009970089730807577,0.009970089730807577
297,Leaf mass per area,"Leaf area per leaf dry mass (specific leaf area, SLA or 1/LMA): undefined if petiole is in- or excluded)",123586,try_30938,1,1,0.008591065292096219,0.008591065292096219,0.008591065292096219
297,Leaf mass per area,"Leaf area per leaf dry mass (specific leaf area, SLA or 1/LMA): undefined if petiole is in- or excluded)",123587,try_30939,1,1,0.004688232536333802,0.004688232536333802,0.004688232536333802
297,Leaf mass per area,"Leaf area per leaf dry mass (specific leaf area, SLA or 1/LMA): undefined if petiole is in- or excluded)",123588,try_30940,1,1,0.007836990595611286,0.007836990595611286,0.007836990595611286
297,Leaf mass per area,"Leaf area per leaf dry mass (specific leaf area, SLA or 1/LMA): undefined if petiole is in- or excluded)",123589,try_30941,1,1,0.007326007326007326,0.007326007326007326,0.007326007326007326
297,Leaf mass per area,"Leaf area per leaf dry mass (specific leaf area, SLA or 1/LMA): undefined if petiole is in- or excluded)",123590,try_30942,1,1,0.00778816199376947,0.00778816199376947,0.00778816199376947
297,Leaf mass per area,"Leaf area per leaf dry mass (specific leaf area, SLA or 1/LMA): undefined if petiole is in- or excluded)",123591,try_30943,2,2,0.0019743336623889436,0.002822029216515573,0.003669724770642202
297,Leaf mass per area,"Leaf area per leaf dry mass (specific leaf area, SLA or 1/LMA): undefined if petiole is in- or excluded)",123592,try_30944,1,1,0.00681663258350375,0.00681663258350375,0.00681663258350375
297,Leaf mass per area,"Leaf area per leaf dry mass (specific leaf area, SLA or 1/LMA): undefined if petiole is in- or excluded)",123593,try_30945,1,1,0.008257638315441783,0.008257638315441783,0.008257638315441783
297,Leaf mass per area,"Leaf area per leaf dry mass (specific leaf area, SLA or 1/LMA): undefined if petiole is in- or excluded)",123594,try_30946,2,2,0.00874125874125874,0.008858959711742477,0.008976660682226212
297,Leaf mass per area,"Leaf area per leaf dry mass (specific leaf area, SLA or 1/LMA): undefined if petiole is in- or excluded)",123595,try_30947,1,1,0.004618937644341801,0.004618937644341801,0.004618937644341801
297,Leaf mass per area,"Leaf area per leaf dry mass (specific leaf area, SLA or 1/LMA): undefined if petiole is in- or excluded)",123596,try_30948,1,1,0.004438526409232135,0.004438526409232135,0.004438526409232135
297,Leaf mass per area,"Leaf area per leaf dry mass (specific leaf area, SLA or 1/LMA): undefined if petiole is in- or excluded)",123597,try_30949,1,1,0.007558578987150415,0.007558578987150415,0.007558578987150415
297,Leaf mass per area,"Leaf area per leaf dry mass (specific leaf area, SLA or 1/LMA): undefined if petiole is in- or excluded)",123598,try_30950,1,1,0.009099181073703366,0.009099181073703366,0.009099181073703366
297,Leaf mass per area,"Leaf area per leaf dry mass (specific leaf area, SLA or 1/LMA): undefined if petiole is in- or excluded)",123599,try_30951,1,1,0.003955696202531645,0.003955696202531645,0.003955696202531645
297,Leaf mass per area,"Leaf area per leaf dry mass (specific leaf area, SLA or 1/LMA): undefined if petiole is in- or excluded)",123600,try_30952,1,1,0.004219409282700422,0.004219409282700422,0.004219409282700422
297,Leaf mass per area,"Leaf area per leaf dry mass (specific leaf area, SLA or 1/LMA): undefined if petiole is in- or excluded)",123601,try_30953,1,1,0.00904977375565611,0.00904977375565611,0.00904977375565611
297,Leaf mass per area,"Leaf area per leaf dry mass (specific leaf area, SLA or 1/LMA): undefined if petiole is in- or excluded)",123602,try_30954,1,1,0.0023408239700374533,0.0023408239700374533,0.0023408239700374533
297,Leaf mass per area,"Leaf area per leaf dry mass (specific leaf area, SLA or 1/LMA): undefined if petiole is in- or excluded)",123603,try_30955,1,1,0.00363901018922853,0.00363901018922853,0.00363901018922853
297,Leaf mass per area,"Leaf area per leaf dry mass (specific leaf area, SLA or 1/LMA): undefined if petiole is in- or excluded)",123604,try_30956,1,1,0.005988023952095809,0.005988023952095809,0.005988023952095809
297,Leaf mass per area,"Leaf area per leaf dry mass (specific leaf area, SLA or 1/LMA): undefined if petiole is in- or excluded)",123605,try_30957,1,1,0.0053792361484669175,0.0053792361484669175,0.0053792361484669175
297,Leaf mass per area,"Leaf area per leaf dry mass (specific leaf area, SLA or 1/LMA): undefined if petiole is in- or excluded)",123606,try_30958,2,2,0.004288164665523156,0.004825047480214661,0.005361930294906166
297,Leaf mass per area,"Leaf area per leaf dry mass (specific leaf area, SLA or 1/LMA): undefined if petiole is in- or excluded)",123607,try_30959,1,1,0.006273525721455458,0.006273525721455458,0.006273525721455458
297,Leaf mass per area,"Leaf area per leaf dry mass (specific leaf area, SLA or 1/LMA): undefined if petiole is in- or excluded)",123608,try_30960,2,2,0.0035676061362825543,0.0051104830415278375,0.00665335994677312
297,Leaf mass per area,"Leaf area per leaf dry mass (specific leaf area, SLA or 1/LMA): undefined if petiole is in- or excluded)",123609,try_30961,1,1,0.009615384615384616,0.009615384615384616,0.009615384615384616
297,Leaf mass per area,"Leaf area per leaf dry mass (specific leaf area, SLA or 1/LMA): undefined if petiole is in- or excluded)",123610,try_30962,1,1,0.004321521175453759,0.004321521175453759,0.004321521175453759
297,Leaf mass per area,"Leaf area per leaf dry mass (specific leaf area, SLA or 1/LMA): undefined if petiole is in- or excluded)",123611,try_30963,1,1,0.0019036740909956218,0.0019036740909956218,0.0019036740909956218
297,Leaf mass per area,"Leaf area per leaf dry mass (specific leaf area, SLA or 1/LMA): undefined if petiole is in- or excluded)",123612,try_30964,1,1,0.0030788177339901475,0.0030788177339901475,0.0030788177339901475
297,Leaf mass per area,"Leaf area per leaf dry mass (specific leaf area, SLA or 1/LMA): undefined if petiole is in- or excluded)",123613,try_30965,74,48,0.0027041644131963224,0.005970899216352887,0.021231422505307854
297,Leaf mass per area,"Leaf area per leaf dry mass (specific leaf area, SLA or 1/LMA): undefined if petiole is in- or excluded)",123614,try_30966,1,1,0.004906771344455348,0.004906771344455348,0.004906771344455348
297,Leaf mass per area,"Leaf area per leaf dry mass (specific leaf area, SLA or 1/LMA): undefined if petiole is in- or excluded)",123615,try_30967,1,1,0.012330456226880395,0.012330456226880395,0.012330456226880395
297,Leaf mass per area,"Leaf area per leaf dry mass (specific leaf area, SLA or 1/LMA): undefined if petiole is in- or excluded)",123616,try_30968,1,1,0.0035971223021582736,0.0035971223021582736,0.0035971223021582736
297,Leaf mass per area,"Leaf area per leaf dry mass (specific leaf area, SLA or 1/LMA): undefined if petiole is in- or excluded)",123617,try_30969,1,1,0.008547008547008548,0.008547008547008548,0.008547008547008548
297,Leaf mass per area,"Leaf area per leaf dry mass (specific leaf area, SLA or 1/LMA): undefined if petiole is in- or excluded)",123618,try_30970,1,1,0.00404040404040404,0.00404040404040404,0.00404040404040404
297,Leaf mass per area,"Leaf area per leaf dry mass (specific leaf area, SLA or 1/LMA): undefined if petiole is in- or excluded)",123619,try_30971,2,1,0.0045045045045045045,0.004600772684380012,0.004697040864255519
297,Leaf mass per area,"Leaf area per leaf dry mass (specific leaf area, SLA or 1/LMA): undefined if petiole is in- or excluded)",123620,try_30972,1,1,0.00423908435777872,0.00423908435777872,0.00423908435777872
297,Leaf mass per area,"Leaf area per leaf dry mass (specific leaf area, SLA or 1/LMA): undefined if petiole is in- or excluded)",123621,try_30973,1,1,0.0042247570764681035,0.0042247570764681035,0.0042247570764681035
297,Leaf mass per area,"Leaf area per leaf dry mass (specific leaf area, SLA or 1/LMA): undefined if petiole is in- or excluded)",123622,try_30974,2,2,0.004488330341113106,0.008654421580812963,0.01282051282051282
297,Leaf mass per area,"Leaf area per leaf dry mass (specific leaf area, SLA or 1/LMA): undefined if petiole is in- or excluded)",123623,try_30975,1,1,0.009950248756218905,0.009950248756218905,0.009950248756218905
297,Leaf mass per area,"Leaf area per leaf dry mass (specific leaf area, SLA or 1/LMA): undefined if petiole is in- or excluded)",123624,try_30976,1,1,0.0028993911278631487,0.0028993911278631487,0.0028993911278631487
297,Leaf mass per area,"Leaf area per leaf dry mass (specific leaf area, SLA or 1/LMA): undefined if petiole is in- or excluded)",123625,try_30977,3,3,0.005025125628140704,0.007564296520423602,0.010604453870625663
297,Leaf mass per area,"Leaf area per leaf dry mass (specific leaf area, SLA or 1/LMA): undefined if petiole is in- or excluded)",123626,try_30978,1,1,0.003672420124862284,0.003672420124862284,0.003672420124862284
297,Leaf mass per area,"Leaf area per leaf dry mass (specific leaf area, SLA or 1/LMA): undefined if petiole is in- or excluded)",123627,try_30979,1,1,0.004173622704507512,0.004173622704507512,0.004173622704507512
297,Leaf mass per area,"Leaf area per leaf dry mass (specific leaf area, SLA or 1/LMA): undefined if petiole is in- or excluded)",123628,try_30980,1,1,0.007446016381236038,0.007446016381236038,0.007446016381236038
297,Leaf mass per area,"Leaf area per leaf dry mass (specific leaf area, SLA or 1/LMA): undefined if petiole is in- or excluded)",123629,try_30981,1,1,0.004201680672268907,0.004201680672268907,0.004201680672268907
297,Leaf mass per area,"Leaf area per leaf dry mass (specific leaf area, SLA or 1/LMA): undefined if petiole is in- or excluded)",123630,try_30982,1,1,0.002071251035625518,0.002071251035625518,0.002071251035625518
297,Leaf mass per area,"Leaf area per leaf dry mass (specific leaf area, SLA or 1/LMA): undefined if petiole is in- or excluded)",123631,try_30983,1,1,0.0020044097013429546,0.0020044097013429546,0.0020044097013429546
297,Leaf mass per area,"Leaf area per leaf dry mass (specific leaf area, SLA or 1/LMA): undefined if petiole is in- or excluded)",123632,try_30984,3,3,0.003263707571801567,0.0037105751391465678,0.006016847172081829
297,Leaf mass per area,"Leaf area per leaf dry mass (specific leaf area, SLA or 1/LMA): undefined if petiole is in- or excluded)",123633,try_30985,1,1,0.0060716454159077116,0.0060716454159077116,0.0060716454159077116
297,Leaf mass per area,"Leaf area per leaf dry mass (specific leaf area, SLA or 1/LMA): undefined if petiole is in- or excluded)",123634,try_30986,1,1,0.00516795865633075,0.00516795865633075,0.00516795865633075
297,Leaf mass per area,"Leaf area per leaf dry mass (specific leaf area, SLA or 1/LMA): undefined if petiole is in- or excluded)",123635,try_30987,1,1,0.004636068613815485,0.004636068613815485,0.004636068613815485
297,Leaf mass per area,"Leaf area per leaf dry mass (specific leaf area, SLA or 1/LMA): undefined if petiole is in- or excluded)",123636,try_30988,1,1,0.0028702640642939152,0.0028702640642939152,0.0028702640642939152
297,Leaf mass per area,"Leaf area per leaf dry mass (specific leaf area, SLA or 1/LMA): undefined if petiole is in- or excluded)",123642,try_30994,6,6,0.0058823529411764705,0.006666666666666667,0.0125
297,Leaf mass per area,"Leaf area per leaf dry mass (specific leaf area, SLA or 1/LMA): undefined if petiole is in- or excluded)",123643,try_30995,5,5,0.004649000464900047,0.01091703056768559,0.01675041876046901
297,Leaf mass per area,"Leaf area per leaf dry mass (specific leaf area, SLA or 1/LMA): undefined if petiole is in- or excluded)",123646,try_30998,5,5,0.007194244604316547,0.013513513513513514,0.025
297,Leaf mass per area,"Leaf area per leaf dry mass (specific leaf area, SLA or 1/LMA): undefined if petiole is in- or excluded)",123647,try_30999,3,3,0.01240694789081886,0.020197939810139367,0.025906735751295335
297,Leaf mass per area,"Leaf area per leaf dry mass (specific leaf area, SLA or 1/LMA): undefined if petiole is in- or excluded)",123648,try_31000,5,5,0.014300014300014298,0.018698578908002993,0.02089864158829676
297,Leaf mass per area,"Leaf area per leaf dry mass (specific leaf area, SLA or 1/LMA): undefined if petiole is in- or excluded)",123651,try_31003,5,5,0.0059000000147500006,0.00719999999424,0.011000000001100001
297,Leaf mass per area,"Leaf area per leaf dry mass (specific leaf area, SLA or 1/LMA): undefined if petiole is in- or excluded)",123654,try_31006,1,1,0.007874015748031496,0.007874015748031496,0.007874015748031496
297,Leaf mass per area,"Leaf area per leaf dry mass (specific leaf area, SLA or 1/LMA): undefined if petiole is in- or excluded)",123659,try_31011,6,6,0.006850722751250257,0.007953969089339014,0.01299193980054774
297,Leaf mass per area,"Leaf area per leaf dry mass (specific leaf area, SLA or 1/LMA): undefined if petiole is in- or excluded)",123661,try_31013,44,19,0.005988023952095809,0.013342821561999644,0.027777777777777776
297,Leaf mass per area,"Leaf area per leaf dry mass (specific leaf area, SLA or 1/LMA): undefined if petiole is in- or excluded)",123662,try_31014,1,1,0.007379548423182647,0.007379548423182647,0.007379548423182647
297,Leaf mass per area,"Leaf area per leaf dry mass (specific leaf area, SLA or 1/LMA): undefined if petiole is in- or excluded)",123663,try_31015,53,53,0.002760806486790921,0.0056353584933305535,0.018619914296258477
297,Leaf mass per area,"Leaf area per leaf dry mass (specific leaf area, SLA or 1/LMA): undefined if petiole is in- or excluded)",123690,try_31042,3,1,0.006960985626241916,0.010116092851504537,0.011788345612796847
297,Leaf mass per area,"Leaf area per leaf dry mass (specific leaf area, SLA or 1/LMA): undefined if petiole is in- or excluded)",123691,try_31043,3,1,0.0052063789869229585,0.005398069963754845,0.01254488039112475
297,Leaf mass per area,"Leaf area per leaf dry mass (specific leaf area, SLA or 1/LMA): undefined if petiole is in- or excluded)",123746,try_31098,5,1,0.002169378389660974,0.0022502611910455695,0.003138731952291274
297,Leaf mass per area,"Leaf area per leaf dry mass (specific leaf area, SLA or 1/LMA): undefined if petiole is in- or excluded)",123752,try_31104,2,1,0.00543843158318421,0.00564414266849623,0.0058498537538082505
297,Leaf mass per area,"Leaf area per leaf dry mass (specific leaf area, SLA or 1/LMA): undefined if petiole is in- or excluded)",123753,try_31105,1,1,0.0027195467422342847,0.0027195467422342847,0.0027195467422342847
297,Leaf mass per area,"Leaf area per leaf dry mass (specific leaf area, SLA or 1/LMA): undefined if petiole is in- or excluded)",123754,try_31106,3,1,0.002574370709411606,0.0026799387442777945,0.0029686174724090873
297,Leaf mass per area,"Leaf area per leaf dry mass (specific leaf area, SLA or 1/LMA): undefined if petiole is in- or excluded)",123755,try_31107,4,2,0.004431909750130025,0.005948769801145939,0.009302325581395349
297,Leaf mass per area,"Leaf area per leaf dry mass (specific leaf area, SLA or 1/LMA): undefined if petiole is in- or excluded)",123774,try_31126,1,1,0.005699404761906459,0.005699404761906459,0.005699404761906459
297,Leaf mass per area,"Leaf area per leaf dry mass (specific leaf area, SLA or 1/LMA): undefined if petiole is in- or excluded)",123775,try_31127,11,3,0.0035539317446185077,0.011709601873536299,0.036036036036036036
297,Leaf mass per area,"Leaf area per leaf dry mass (specific leaf area, SLA or 1/LMA): undefined if petiole is in- or excluded)",123776,try_31128,3,2,0.0034054845207584553,0.007766990291262136,0.009339153385139728
297,Leaf mass per area,"Leaf area per leaf dry mass (specific leaf area, SLA or 1/LMA): undefined if petiole is in- or excluded)",123777,try_31129,4,2,0.0030058535041590875,0.004014993210849075,0.005305897958386078
297,Leaf mass per area,"Leaf area per leaf dry mass (specific leaf area, SLA or 1/LMA): undefined if petiole is in- or excluded)",123782,try_31134,10,2,0.005600176847805471,0.010207381454745985,0.014814814814814815
297,Leaf mass per area,"Leaf area per leaf dry mass (specific leaf area, SLA or 1/LMA): undefined if petiole is in- or excluded)",123784,try_31136,2,1,0.0029455081001472753,0.0035303672187979177,0.00411522633744856
297,Leaf mass per area,"Leaf area per leaf dry mass (specific leaf area, SLA or 1/LMA): undefined if petiole is in- or excluded)",123785,try_31137,5,1,0.0014150943396159664,0.002682403433476395,0.005319148936170213
297,Leaf mass per area,"Leaf area per leaf dry mass (specific leaf area, SLA or 1/LMA): undefined if petiole is in- or excluded)",123788,try_31140,2,1,0.0014530358069628627,0.001819336523981222,0.0021856372409995817
297,Leaf mass per area,"Leaf area per leaf dry mass (specific leaf area, SLA or 1/LMA): undefined if petiole is in- or excluded)",123791,try_31143,3,1,0.007923608289007419,0.008106543138202513,0.011014975958537454
297,Leaf mass per area,"Leaf area per leaf dry mass (specific leaf area, SLA or 1/LMA): undefined if petiole is in- or excluded)",123792,try_31144,2,1,0.006831489915464096,0.007147907416437394,0.007464324917410693
297,Leaf mass per area,"Leaf area per leaf dry mass (specific leaf area, SLA or 1/LMA): undefined if petiole is in- or excluded)",123793,try_31145,1,1,0.005800898203733929,0.005800898203733929,0.005800898203733929
297,Leaf mass per area,"Leaf area per leaf dry mass (specific leaf area, SLA or 1/LMA): undefined if petiole is in- or excluded)",123794,try_31146,2,1,0.003043625295866843,0.003765977818489975,0.004488330341113106
297,Leaf mass per area,"Leaf area per leaf dry mass (specific leaf area, SLA or 1/LMA): undefined if petiole is in- or excluded)",123795,try_31147,6,3,0.0010940919037199124,0.0021880276604143685,0.006589147286923862
297,Leaf mass per area,"Leaf area per leaf dry mass (specific leaf area, SLA or 1/LMA): undefined if petiole is in- or excluded)",123796,try_31148,2,1,0.0038431975403535744,0.004509590488603288,0.005175983436853002
297,Leaf mass per area,"Leaf area per leaf dry mass (specific leaf area, SLA or 1/LMA): undefined if petiole is in- or excluded)",123797,try_31149,3,1,0.003140265177992188,0.003169572107765452,0.0034554250172771253
297,Leaf mass per area,"Leaf area per leaf dry mass (specific leaf area, SLA or 1/LMA): undefined if petiole is in- or excluded)",123798,try_31150,2,1,0.0033303057826521067,0.0033898314739484285,0.00344935716524475
297,Leaf mass per area,"Leaf area per leaf dry mass (specific leaf area, SLA or 1/LMA): undefined if petiole is in- or excluded)",123799,try_31151,2,1,0.0037180249851279,0.003891744693162883,0.004065464401197866
297,Leaf mass per area,"Leaf area per leaf dry mass (specific leaf area, SLA or 1/LMA): undefined if petiole is in- or excluded)",123808,try_31160,17,4,0.0015360983102918587,0.009675190048108495,0.012799888088428062
297,Leaf mass per area,"Leaf area per leaf dry mass (specific leaf area, SLA or 1/LMA): undefined if petiole is in- or excluded)",123809,try_31161,3,2,7.183908045977011e-4,8.503401360544217e-4,0.003249390739236393
297,Leaf mass per area,"Leaf area per leaf dry mass (specific leaf area, SLA or 1/LMA): undefined if petiole is in- or excluded)",123810,try_31162,3,2,0.0010559662090813093,0.002295473326599945,0.0023014959723820483
297,Leaf mass per area,"Leaf area per leaf dry mass (specific leaf area, SLA or 1/LMA): undefined if petiole is in- or excluded)",123811,try_31163,4,1,0.0014641288433382138,0.005163672960900319,0.009446254071261234
297,Leaf mass per area,"Leaf area per leaf dry mass (specific leaf area, SLA or 1/LMA): undefined if petiole is in- or excluded)",123812,try_31164,1,1,0.025,0.025,0.025
297,Leaf mass per area,"Leaf area per leaf dry mass (specific leaf area, SLA or 1/LMA): undefined if petiole is in- or excluded)",123813,try_31165,3,1,0.020895522388122076,0.022222222222222223,0.025766871165328012
297,Leaf mass per area,"Leaf area per leaf dry mass (specific leaf area, SLA or 1/LMA): undefined if petiole is in- or excluded)",123817,try_31169,3,1,0.007220216606498195,0.007594936708668482,0.008
297,Leaf mass per area,"Leaf area per leaf dry mass (specific leaf area, SLA or 1/LMA): undefined if petiole is in- or excluded)",123826,try_31178,3,1,0.003498630970447233,0.003534163581315501,0.005427041893784625
297,Leaf mass per area,"Leaf area per leaf dry mass (specific leaf area, SLA or 1/LMA): undefined if petiole is in- or excluded)",123836,try_31188,8,2,0.007547169811320755,0.011395219566403082,0.014883921062508867
297,Leaf mass per area,"Leaf area per leaf dry mass (specific leaf area, SLA or 1/LMA): undefined if petiole is in- or excluded)",123837,try_31189,6,1,0.0068689181455493745,0.008596657826136691,0.0117428662353068
297,Leaf mass per area,"Leaf area per leaf dry mass (specific leaf area, SLA or 1/LMA): undefined if petiole is in- or excluded)",123838,try_31190,8,1,0.005864626796548638,0.0084002556335025,0.01021074127878741
297,Leaf mass per area,"Leaf area per leaf dry mass (specific leaf area, SLA or 1/LMA): undefined if petiole is in- or excluded)",123839,try_31191,4,1,0.005706179066982317,0.006233118038708204,0.0071603008693925324
297,Leaf mass per area,"Leaf area per leaf dry mass (specific leaf area, SLA or 1/LMA): undefined if petiole is in- or excluded)",123840,try_31192,5,1,0.007096774193502601,0.009594243453620812,0.010097504544747575
297,Leaf mass per area,"Leaf area per leaf dry mass (specific leaf area, SLA or 1/LMA): undefined if petiole is in- or excluded)",123841,try_31193,4,1,0.004139433551171202,0.0045294174978257155,0.011672883554936463
297,Leaf mass per area,"Leaf area per leaf dry mass (specific leaf area, SLA or 1/LMA): undefined if petiole is in- or excluded)",123842,try_31194,2,1,0.007936507936507936,0.008077843009237267,0.008219178081966597
297,Leaf mass per area,"Leaf area per leaf dry mass (specific leaf area, SLA or 1/LMA): undefined if petiole is in- or excluded)",123843,try_31195,2,1,0.009216589861751152,0.009816628264208909,0.010416666666666666
297,Leaf mass per area,"Leaf area per leaf dry mass (specific leaf area, SLA or 1/LMA): undefined if petiole is in- or excluded)",123859,try_31211,11,1,0.0035562310029962764,0.00424000000006784,0.005336463223659393
297,Leaf mass per area,"Leaf area per leaf dry mass (specific leaf area, SLA or 1/LMA): undefined if petiole is in- or excluded)",123932,try_31284,90,90,0.0015997910317886858,0.007193223138437042,0.0475424029468855
297,Leaf mass per area,"Leaf area per leaf dry mass (specific leaf area, SLA or 1/LMA): undefined if petiole is in- or excluded)",123933,try_31285,1150,114,8.541644876592481e-4,0.0051690822604247705,0.08200000000147599
297,Leaf mass per area,"Leaf area per leaf dry mass (specific leaf area, SLA or 1/LMA): undefined if petiole is in- or excluded)",123934,try_31286,113,24,0.0015544041450857742,0.0028946422150248397,0.00831441337782002
297,Leaf mass per area,"Leaf area per leaf dry mass (specific leaf area, SLA or 1/LMA): undefined if petiole is in- or excluded)",123935,try_31287,63,17,0.003072937065019764,0.008409785932657418,0.015186483558681694
297,Leaf mass per area,"Leaf area per leaf dry mass (specific leaf area, SLA or 1/LMA): undefined if petiole is in- or excluded)",123936,try_31288,33,9,0.004224433021585252,0.006151425199323258,0.013296312696737592
297,Leaf mass per area,"Leaf area per leaf dry mass (specific leaf area, SLA or 1/LMA): undefined if petiole is in- or excluded)",123937,try_31289,243,44,0.0011158798283309693,0.004239543726269593,0.04087719298296531
297,Leaf mass per area,"Leaf area per leaf dry mass (specific leaf area, SLA or 1/LMA): undefined if petiole is in- or excluded)",123938,try_31290,6,1,0.007779886147756625,0.010591703631826516,0.012186629526483611
297,Leaf mass per area,"Leaf area per leaf dry mass (specific leaf area, SLA or 1/LMA): undefined if petiole is in- or excluded)",123939,try_31291,11,2,0.005915492957663162,0.0076296296293414,0.011301115241669298
297,Leaf mass per area,"Leaf area per leaf dry mass (specific leaf area, SLA or 1/LMA): undefined if petiole is in- or excluded)",123940,try_31292,115,37,8.365019011088783e-4,0.005293788472285132,0.012818239392035852
297,Leaf mass per area,"Leaf area per leaf dry mass (specific leaf area, SLA or 1/LMA): undefined if petiole is in- or excluded)",123941,try_31293,165,48,0.0014851485148588374,0.005317647058685896,0.020535714285677614
297,Leaf mass per area,"Leaf area per leaf dry mass (specific leaf area, SLA or 1/LMA): undefined if petiole is in- or excluded)",123943,try_31295,7,7,0.00496031746031746,0.008067118425298484,0.01791472590469366
297,Leaf mass per area,"Leaf area per leaf dry mass (specific leaf area, SLA or 1/LMA): undefined if petiole is in- or excluded)",123944,try_31296,75,24,0.0026109660574412533,0.008547008547008548,0.022222222222222223
297,Leaf mass per area,"Leaf area per leaf dry mass (specific leaf area, SLA or 1/LMA): undefined if petiole is in- or excluded)",123945,try_31297,12,12,0.0036363636363636364,0.009216785592932382,0.01639344262295082
297,Leaf mass per area,"Leaf area per leaf dry mass (specific leaf area, SLA or 1/LMA): undefined if petiole is in- or excluded)",123946,try_31298,12,12,0.003436426116838488,0.00682983682983683,0.009433962264150943
297,Leaf mass per area,"Leaf area per leaf dry mass (specific leaf area, SLA or 1/LMA): undefined if petiole is in- or excluded)",123947,try_31299,12,2,0.014124293785310734,0.0184337267670601,0.029411764705882353
297,Leaf mass per area,"Leaf area per leaf dry mass (specific leaf area, SLA or 1/LMA): undefined if petiole is in- or excluded)",123948,try_31300,1,1,0.02288329519450801,0.02288329519450801,0.02288329519450801
297,Leaf mass per area,"Leaf area per leaf dry mass (specific leaf area, SLA or 1/LMA): undefined if petiole is in- or excluded)",123949,try_31301,1,1,0.022831050228310504,0.022831050228310504,0.022831050228310504
297,Leaf mass per area,"Leaf area per leaf dry mass (specific leaf area, SLA or 1/LMA): undefined if petiole is in- or excluded)",123950,try_31302,1,1,0.020491803278688527,0.020491803278688527,0.020491803278688527
297,Leaf mass per area,"Leaf area per leaf dry mass (specific leaf area, SLA or 1/LMA): undefined if petiole is in- or excluded)",123951,try_31303,2,2,0.008071025020177562,0.014281414149433045,0.020491803278688527
297,Leaf mass per area,"Leaf area per leaf dry mass (specific leaf area, SLA or 1/LMA): undefined if petiole is in- or excluded)",123952,try_31304,2,2,0.004166666666666667,0.012721631205673758,0.02127659574468085
297,Leaf mass per area,"Leaf area per leaf dry mass (specific leaf area, SLA or 1/LMA): undefined if petiole is in- or excluded)",123953,try_31305,13,4,0.0022999999999769997,0.0043000000000903,0.02127659574468085
297,Leaf mass per area,"Leaf area per leaf dry mass (specific leaf area, SLA or 1/LMA): undefined if petiole is in- or excluded)",123954,try_31306,2,2,0.005154639175257732,0.018202319587628867,0.03125
297,Leaf mass per area,"Leaf area per leaf dry mass (specific leaf area, SLA or 1/LMA): undefined if petiole is in- or excluded)",123955,try_31307,1,1,0.03125,0.03125,0.03125
297,Leaf mass per area,"Leaf area per leaf dry mass (specific leaf area, SLA or 1/LMA): undefined if petiole is in- or excluded)",123956,try_31308,1,1,0.029411764705882353,0.029411764705882353,0.029411764705882353
297,Leaf mass per area,"Leaf area per leaf dry mass (specific leaf area, SLA or 1/LMA): undefined if petiole is in- or excluded)",123957,try_31309,3,3,0.003979999999953036,0.004229999999916669,0.005689999999961877
297,Leaf mass per area,"Leaf area per leaf dry mass (specific leaf area, SLA or 1/LMA): undefined if petiole is in- or excluded)",123958,try_31310,9,3,0.006229999999988785,0.006749999999915625,0.009110000000284233
297,Leaf mass per area,"Leaf area per leaf dry mass (specific leaf area, SLA or 1/LMA): undefined if petiole is in- or excluded)",123959,try_31311,1,1,0.008399999999832,0.008399999999832,0.008399999999832
297,Leaf mass per area,"Leaf area per leaf dry mass (specific leaf area, SLA or 1/LMA): undefined if petiole is in- or excluded)",123960,try_31312,1,1,0.008599999999810799,0.008599999999810799,0.008599999999810799
297,Leaf mass per area,"Leaf area per leaf dry mass (specific leaf area, SLA or 1/LMA): undefined if petiole is in- or excluded)",123961,try_31313,58,55,0.002549999999968125,0.00706999999981419,0.013160000000050008
297,Leaf mass per area,"Leaf area per leaf dry mass (specific leaf area, SLA or 1/LMA): undefined if petiole is in- or excluded)",123962,try_31314,6,6,0.004019999999926836,0.008534999999950008,0.010749999999994625
297,Leaf mass per area,"Leaf area per leaf dry mass (specific leaf area, SLA or 1/LMA): undefined if petiole is in- or excluded)",123963,try_31315,5,5,0.0026799999999871362,0.005780000000094792,0.008669999999891626
297,Leaf mass per area,"Leaf area per leaf dry mass (specific leaf area, SLA or 1/LMA): undefined if petiole is in- or excluded)",123964,try_31316,1,1,0.01014999999996752,0.01014999999996752,0.01014999999996752
297,Leaf mass per area,"Leaf area per leaf dry mass (specific leaf area, SLA or 1/LMA): undefined if petiole is in- or excluded)",123965,try_31317,12,12,0.004059999999987008,0.007804999999894364,0.011360000000010907
297,Leaf mass per area,"Leaf area per leaf dry mass (specific leaf area, SLA or 1/LMA): undefined if petiole is in- or excluded)",123966,try_31318,1,1,0.00945000000000945,0.00945000000000945,0.00945000000000945
297,Leaf mass per area,"Leaf area per leaf dry mass (specific leaf area, SLA or 1/LMA): undefined if petiole is in- or excluded)",123967,try_31319,1,1,0.006539999999861352,0.006539999999861352,0.006539999999861352
297,Leaf mass per area,"Leaf area per leaf dry mass (specific leaf area, SLA or 1/LMA): undefined if petiole is in- or excluded)",123968,try_31320,1,1,0.01053000000004749,0.01053000000004749,0.01053000000004749
297,Leaf mass per area,"Leaf area per leaf dry mass (specific leaf area, SLA or 1/LMA): undefined if petiole is in- or excluded)",123969,try_31321,1,1,0.0030200000000416764,0.0030200000000416764,0.0030200000000416764
297,Leaf mass per area,"Leaf area per leaf dry mass (specific leaf area, SLA or 1/LMA): undefined if petiole is in- or excluded)",123970,try_31322,4,3,0.0053400000000854405,0.00830262106271873,0.01020000000002856
297,Leaf mass per area,"Leaf area per leaf dry mass (specific leaf area, SLA or 1/LMA): undefined if petiole is in- or excluded)",123971,try_31323,3,3,0.0125,0.02040000000005712,0.0206000000001648
297,Leaf mass per area,"Leaf area per leaf dry mass (specific leaf area, SLA or 1/LMA): undefined if petiole is in- or excluded)",123973,try_31325,37,36,0.0063371356147021544,0.0154320987654321,0.03184713375796178
297,Leaf mass per area,"Leaf area per leaf dry mass (specific leaf area, SLA or 1/LMA): undefined if petiole is in- or excluded)",123974,try_31326,10,10,0.007183908045977012,0.012381718576408842,0.01926782273603083
297,Leaf mass per area,"Leaf area per leaf dry mass (specific leaf area, SLA or 1/LMA): undefined if petiole is in- or excluded)",123975,try_31327,4,4,0.004432624113475178,0.008197272055365183,0.0084530853761623
297,Leaf mass per area,"Leaf area per leaf dry mass (specific leaf area, SLA or 1/LMA): undefined if petiole is in- or excluded)",123976,try_31328,8,8,0.0034542314335060447,0.004306660968965333,0.013586956521739132
297,Leaf mass per area,"Leaf area per leaf dry mass (specific leaf area, SLA or 1/LMA): undefined if petiole is in- or excluded)",123977,try_31329,30,1,0.0070921985815602835,0.008403361344537815,0.009708737864077669
297,Leaf mass per area,"Leaf area per leaf dry mass (specific leaf area, SLA or 1/LMA): undefined if petiole is in- or excluded)",123978,try_31330,12,12,0.006099999999981699,0.01319999999992608,0.025
297,Leaf mass per area,"Leaf area per leaf dry mass (specific leaf area, SLA or 1/LMA): undefined if petiole is in- or excluded)",123979,try_31331,26,15,0.0072999999999926995,0.011049999999981065,0.025499999999681246
297,Leaf mass per area,"Leaf area per leaf dry mass (specific leaf area, SLA or 1/LMA): undefined if petiole is in- or excluded)",123981,try_31333,17,3,0.004739336492890996,0.005434782608695652,0.00625
297,Leaf mass per area,"Leaf area per leaf dry mass (specific leaf area, SLA or 1/LMA): undefined if petiole is in- or excluded)",123982,try_31334,3,3,0.00330392837083292,0.006893223960846488,0.0073308408474452025
297,Leaf mass per area,"Leaf area per leaf dry mass (specific leaf area, SLA or 1/LMA): undefined if petiole is in- or excluded)",123983,try_31335,4,2,0.006578947368421052,0.009771126760563381,0.013333333333333334
297,Leaf mass per area,"Leaf area per leaf dry mass (specific leaf area, SLA or 1/LMA): undefined if petiole is in- or excluded)",123984,try_31336,4,2,0.005681818181818182,0.007771260997067448,0.0125
297,Leaf mass per area,"Leaf area per leaf dry mass (specific leaf area, SLA or 1/LMA): undefined if petiole is in- or excluded)",123985,try_31337,6,1,0.030030030030030033,0.03372921074784429,0.034722222222222224
297,Leaf mass per area,"Leaf area per leaf dry mass (specific leaf area, SLA or 1/LMA): undefined if petiole is in- or excluded)",123986,try_31338,21,1,0.01904761904761905,0.022271714922048998,0.02531645569620253
297,Leaf mass per area,"Leaf area per leaf dry mass (specific leaf area, SLA or 1/LMA): undefined if petiole is in- or excluded)",123987,try_31339,2,1,0.008347245409015025,0.009614319113647882,0.010881392818280738
297,Leaf mass per area,"Leaf area per leaf dry mass (specific leaf area, SLA or 1/LMA): undefined if petiole is in- or excluded)",123988,try_31340,3,1,0.00249000000001743,0.00316000000002528,0.004529999999925708
297,Leaf mass per area,"Leaf area per leaf dry mass (specific leaf area, SLA or 1/LMA): undefined if petiole is in- or excluded)",123989,try_31341,6,1,0.00444247001332741,0.005571279634474395,0.006489292667099286
297,Leaf mass per area,"Leaf area per leaf dry mass (specific leaf area, SLA or 1/LMA): undefined if petiole is in- or excluded)",123990,try_31342,6,1,0.002652519893899204,0.004463684463684463,0.007575757575757576
297,Leaf mass per area,"Leaf area per leaf dry mass (specific leaf area, SLA or 1/LMA): undefined if petiole is in- or excluded)",123991,try_31343,6,1,0.00228310502283105,0.0037508042326593748,0.006211180124223602
297,Leaf mass per area,"Leaf area per leaf dry mass (specific leaf area, SLA or 1/LMA): undefined if petiole is in- or excluded)",123992,try_31344,6,1,0.002631578947368421,0.004856885282848771,0.007633587786259542
297,Leaf mass per area,"Leaf area per leaf dry mass (specific leaf area, SLA or 1/LMA): undefined if petiole is in- or excluded)",123993,try_31345,6,1,0.00273224043715847,0.003833571130038768,0.006172839506172839
297,Leaf mass per area,"Leaf area per leaf dry mass (specific leaf area, SLA or 1/LMA): undefined if petiole is in- or excluded)",123994,try_31346,11,1,0.0017857142857142857,0.002,0.0022222222222222222
297,Leaf mass per area,"Leaf area per leaf dry mass (specific leaf area, SLA or 1/LMA): undefined if petiole is in- or excluded)",123995,try_31347,4,1,0.004879999999925824,0.0060049999999552475,0.01074000000002105
297,Leaf mass per area,"Leaf area per leaf dry mass (specific leaf area, SLA or 1/LMA): undefined if petiole is in- or excluded)",123996,try_31348,2,1,0.01079999999995248,0.01484999999998569,0.0189000000000189
297,Leaf mass per area,"Leaf area per leaf dry mass (specific leaf area, SLA or 1/LMA): undefined if petiole is in- or excluded)",123997,try_31349,2,1,0.02109999999995991,0.022849999999999634,0.024600000000039358
297,Leaf mass per area,"Leaf area per leaf dry mass (specific leaf area, SLA or 1/LMA): undefined if petiole is in- or excluded)",123998,try_31350,3,2,0.01194743130227001,0.0617283950617284,0.06622516556291391
297,Leaf mass per area,"Leaf area per leaf dry mass (specific leaf area, SLA or 1/LMA): undefined if petiole is in- or excluded)",123999,try_31351,5,1,0.08203445447087777,0.08873114463176575,0.09950248756218905
297,Leaf mass per area,"Leaf area per leaf dry mass (specific leaf area, SLA or 1/LMA): undefined if petiole is in- or excluded)",124000,try_31352,8,2,0.002209993591018586,0.00419514916950762,0.019120458891013385
297,Leaf mass per area,"Leaf area per leaf dry mass (specific leaf area, SLA or 1/LMA): undefined if petiole is in- or excluded)",124001,try_31353,4,1,0.007102272727272727,0.011300415076538315,0.01589825119236884
297,Leaf mass per area,"Leaf area per leaf dry mass (specific leaf area, SLA or 1/LMA): undefined if petiole is in- or excluded)",124002,try_31354,8,2,0.002284669865204478,0.004073789091968743,0.006858710562414266
297,Leaf mass per area,"Leaf area per leaf dry mass (specific leaf area, SLA or 1/LMA): undefined if petiole is in- or excluded)",124003,try_31355,98,81,0.0017400382808421785,0.004008016675919643,0.011098779134295229
297,Leaf mass per area,"Leaf area per leaf dry mass (specific leaf area, SLA or 1/LMA): undefined if petiole is in- or excluded)",124004,try_31356,93,1,0.004749999999988125,0.017115384615424112,0.028633879781533426
297,Leaf mass per area,"Leaf area per leaf dry mass (specific leaf area, SLA or 1/LMA): undefined if petiole is in- or excluded)",124005,try_31357,21,1,0.004750593824228029,0.006119951040391676,0.021141649048625793
297,Leaf mass per area,"Leaf area per leaf dry mass (specific leaf area, SLA or 1/LMA): undefined if petiole is in- or excluded)",124006,try_31358,9,2,0.002569999999971987,0.004930000000055708,0.00606000000000606
297,Leaf mass per area,"Leaf area per leaf dry mass (specific leaf area, SLA or 1/LMA): undefined if petiole is in- or excluded)",124007,try_31359,28,5,5.996390173115784e-4,0.004311363270125131,0.05417118093174431
297,Leaf mass per area,"Leaf area per leaf dry mass (specific leaf area, SLA or 1/LMA): undefined if petiole is in- or excluded)",124008,try_31360,24,6,0.002660000000028728,0.004679999999968272,0.009020000000088397
297,Leaf mass per area,"Leaf area per leaf dry mass (specific leaf area, SLA or 1/LMA): undefined if petiole is in- or excluded)",124009,try_31361,11,1,0.011715500779080802,0.01751160143595132,0.019730092336832136
297,Leaf mass per area,"Leaf area per leaf dry mass (specific leaf area, SLA or 1/LMA): undefined if petiole is in- or excluded)",124010,try_31362,6,1,0.0035000000000524997,0.005350000000022051,0.007399999999733601
297,Leaf mass per area,"Leaf area per leaf dry mass (specific leaf area, SLA or 1/LMA): undefined if petiole is in- or excluded)",124011,try_31363,25,1,0.003056234718826406,0.005194805194805195,0.007479431563201197
297,Leaf mass per area,"Leaf area per leaf dry mass (specific leaf area, SLA or 1/LMA): undefined if petiole is in- or excluded)",124012,try_31364,1,1,0.0037999999999543998,0.0037999999999543998,0.0037999999999543998
297,Leaf mass per area,"Leaf area per leaf dry mass (specific leaf area, SLA or 1/LMA): undefined if petiole is in- or excluded)",124018,try_31370,60,31,0.001939999999984092,0.004489999999959292,0.023702299123014935
297,Leaf mass per area,"Leaf area per leaf dry mass (specific leaf area, SLA or 1/LMA): undefined if petiole is in- or excluded)",124019,try_31371,6,1,0.0034799999999888635,0.004694999999955411,0.0067300000001817096
297,Leaf mass per area,"Leaf area per leaf dry mass (specific leaf area, SLA or 1/LMA): undefined if petiole is in- or excluded)",124020,try_31372,10,1,0.016129032258064516,0.020442219440967878,0.029411764705882353
297,Leaf mass per area,"Leaf area per leaf dry mass (specific leaf area, SLA or 1/LMA): undefined if petiole is in- or excluded)",124021,try_31373,2,1,0.002920000000039712,0.005494999999975471,0.00806999999991123
297,Leaf mass per area,"Leaf area per leaf dry mass (specific leaf area, SLA or 1/LMA): undefined if petiole is in- or excluded)",124022,try_31374,5,1,0.003048780487804878,0.004424778761061947,0.006097560975609756
297,Leaf mass per area,"Leaf area per leaf dry mass (specific leaf area, SLA or 1/LMA): undefined if petiole is in- or excluded)",124023,try_31375,18,1,0.00300000000003,0.0111000000000805,0.020900000000066882
297,Leaf mass per area,"Leaf area per leaf dry mass (specific leaf area, SLA or 1/LMA): undefined if petiole is in- or excluded)",124025,try_31377,11,1,0.00425531914893617,0.007407407407407408,0.010869565217391304
297,Leaf mass per area,"Leaf area per leaf dry mass (specific leaf area, SLA or 1/LMA): undefined if petiole is in- or excluded)",124026,try_31378,2,1,0.009302325581395349,0.011547714514835605,0.013793103448275862
297,Leaf mass per area,"Leaf area per leaf dry mass (specific leaf area, SLA or 1/LMA): undefined if petiole is in- or excluded)",124027,try_31379,8,5,0.002040025296313674,0.00387497008738452,0.005930142916444286
297,Leaf mass per area,"Leaf area per leaf dry mass (specific leaf area, SLA or 1/LMA): undefined if petiole is in- or excluded)",124028,try_31380,8,1,0.006799999999972799,0.014549999999879774,0.02230000000017617
297,Leaf mass per area,"Leaf area per leaf dry mass (specific leaf area, SLA or 1/LMA): undefined if petiole is in- or excluded)",124029,try_31381,18,3,0.002600036400509607,0.0072503983224702995,0.01750087504375219
297,Leaf mass per area,"Leaf area per leaf dry mass (specific leaf area, SLA or 1/LMA): undefined if petiole is in- or excluded)",124030,try_31382,3,3,0.002720000000026112,0.003060000000008568,0.00334000000005344
297,Leaf mass per area,"Leaf area per leaf dry mass (specific leaf area, SLA or 1/LMA): undefined if petiole is in- or excluded)",124058,try_31410,6,1,0.006639999999936257,0.008344999999971039,0.010090000000025225
297,Leaf mass per area,"Leaf area per leaf dry mass (specific leaf area, SLA or 1/LMA): undefined if petiole is in- or excluded)",124059,try_31411,60,17,0.0013553808620222283,0.005675368898978434,0.011312217194570135
297,Leaf mass per area,"Leaf area per leaf dry mass (specific leaf area, SLA or 1/LMA): undefined if petiole is in- or excluded)",124060,try_31412,28,1,0.016778523489932886,0.020790380234875106,0.03215434083601286
297,Leaf mass per area,"Leaf area per leaf dry mass (specific leaf area, SLA or 1/LMA): undefined if petiole is in- or excluded)",124062,try_31414,6,5,0.002636000000022248,0.0028824999999942347,0.00560500000015638
297,Leaf mass per area,"Leaf area per leaf dry mass (specific leaf area, SLA or 1/LMA): undefined if petiole is in- or excluded)",124070,try_31422,6,1,0.009596928982725527,0.01719459802809885,0.02110149820637265
297,Leaf mass per area,"Leaf area per leaf dry mass (specific leaf area, SLA or 1/LMA): undefined if petiole is in- or excluded)",124072,try_31424,36,3,0.0026300000000147278,0.0076999999998062,0.14598540145985403
297,Leaf mass per area,"Leaf area per leaf dry mass (specific leaf area, SLA or 1/LMA): undefined if petiole is in- or excluded)",124073,try_31425,7,7,0.006559139784664123,0.010535714285413266,0.014333333333428887
297,Leaf mass per area,"Leaf area per leaf dry mass (specific leaf area, SLA or 1/LMA): undefined if petiole is in- or excluded)",124074,try_31426,7,7,0.008453038673659534,0.01,0.01260869565179017
297,Leaf mass per area,"Leaf area per leaf dry mass (specific leaf area, SLA or 1/LMA): undefined if petiole is in- or excluded)",124075,try_31427,10,10,0.006778664424599005,0.008936403508865251,0.01499999999925
297,Leaf mass per area,"Leaf area per leaf dry mass (specific leaf area, SLA or 1/LMA): undefined if petiole is in- or excluded)",124076,try_31428,11,11,0.0045503522591951555,0.00615486432748549,0.011238938053445453
297,Leaf mass per area,"Leaf area per leaf dry mass (specific leaf area, SLA or 1/LMA): undefined if petiole is in- or excluded)",124077,try_31429,3,3,0.003470000000004164,0.004019999999926836,0.004599999999953999
297,Leaf mass per area,"Leaf area per leaf dry mass (specific leaf area, SLA or 1/LMA): undefined if petiole is in- or excluded)",124078,try_31430,3,3,0.0039500000000316,0.005090000000102818,0.006879999999966976
297,Leaf mass per area,"Leaf area per leaf dry mass (specific leaf area, SLA or 1/LMA): undefined if petiole is in- or excluded)",124079,try_31431,3,1,0.005714285714285714,0.00625,0.0072992700729927005
297,Leaf mass per area,"Leaf area per leaf dry mass (specific leaf area, SLA or 1/LMA): undefined if petiole is in- or excluded)",124080,try_31432,16,4,0.005578489345085351,0.009252028297027988,0.020916126333403052
297,Leaf mass per area,"Leaf area per leaf dry mass (specific leaf area, SLA or 1/LMA): undefined if petiole is in- or excluded)",124081,try_31433,8,2,0.003472222222222222,0.005614465988081462,0.007552870090634441
297,Leaf mass per area,"Leaf area per leaf dry mass (specific leaf area, SLA or 1/LMA): undefined if petiole is in- or excluded)",124082,try_31434,4,2,0.02881844380403458,0.05224234129908411,0.06993006993006992
297,Leaf mass per area,"Leaf area per leaf dry mass (specific leaf area, SLA or 1/LMA): undefined if petiole is in- or excluded)",124086,try_31438,4,1,0.023702299123014935,0.02535250659924977,0.02720348204570185
297,Leaf mass per area,"Leaf area per leaf dry mass (specific leaf area, SLA or 1/LMA): undefined if petiole is in- or excluded)",124087,try_31439,1,1,0.009599692809830085,0.009599692809830085,0.009599692809830085
297,Leaf mass per area,"Leaf area per leaf dry mass (specific leaf area, SLA or 1/LMA): undefined if petiole is in- or excluded)",124088,try_31440,2,1,0.008,0.008350095702105447,0.008700191404210893
297,Leaf mass per area,"Leaf area per leaf dry mass (specific leaf area, SLA or 1/LMA): undefined if petiole is in- or excluded)",124089,try_31441,2,1,0.008697921196833956,0.014948918198586576,0.021199915200339196
297,Leaf mass per area,"Leaf area per leaf dry mass (specific leaf area, SLA or 1/LMA): undefined if petiole is in- or excluded)",124090,try_31442,3,1,0.010299721907508497,0.013999720005599887,0.01590077913817777
297,Leaf mass per area,"Leaf area per leaf dry mass (specific leaf area, SLA or 1/LMA): undefined if petiole is in- or excluded)",124091,try_31443,5,2,0.01060108131029365,0.012899896800825594,0.013700506918755994
297,Leaf mass per area,"Leaf area per leaf dry mass (specific leaf area, SLA or 1/LMA): undefined if petiole is in- or excluded)",124092,try_31444,6,2,0.003989945337748873,0.00496501811235461,0.008389965601141035
297,Leaf mass per area,"Leaf area per leaf dry mass (specific leaf area, SLA or 1/LMA): undefined if petiole is in- or excluded)",124093,try_31445,12,7,0.011709601873536299,0.020263611727026364,0.0259000259000259
297,Leaf mass per area,"Leaf area per leaf dry mass (specific leaf area, SLA or 1/LMA): undefined if petiole is in- or excluded)",124096,try_31448,6,1,0.01256281407035176,0.017621361005396543,0.020491803278688527
297,Leaf mass per area,"Leaf area per leaf dry mass (specific leaf area, SLA or 1/LMA): undefined if petiole is in- or excluded)",124099,try_31451,8,3,0.0033333333333333335,0.00879477838494232,0.02631578947368421
297,Leaf mass per area,"Leaf area per leaf dry mass (specific leaf area, SLA or 1/LMA): undefined if petiole is in- or excluded)",124100,try_31452,2,1,0.015540015540015542,0.019360179304546483,0.023180343069077423
297,Leaf mass per area,"Leaf area per leaf dry mass (specific leaf area, SLA or 1/LMA): undefined if petiole is in- or excluded)",124101,try_31453,20,5,0.00259000259000259,0.004970064760888572,0.007410151908114117
297,Leaf mass per area,"Leaf area per leaf dry mass (specific leaf area, SLA or 1/LMA): undefined if petiole is in- or excluded)",124102,try_31454,4,2,0.0032199896960329725,0.003620067945729384,0.0039799410968717665
297,Leaf mass per area,"Leaf area per leaf dry mass (specific leaf area, SLA or 1/LMA): undefined if petiole is in- or excluded)",124103,try_31455,6,1,0.001990049751243781,0.00315997769471934,0.004540006537609414
297,Leaf mass per area,"Leaf area per leaf dry mass (specific leaf area, SLA or 1/LMA): undefined if petiole is in- or excluded)",124104,try_31456,2,2,0.002320024128250934,0.0024950186056575206,0.0026700130830641074
297,Leaf mass per area,"Leaf area per leaf dry mass (specific leaf area, SLA or 1/LMA): undefined if petiole is in- or excluded)",124105,try_31457,1,1,0.0025199707683390875,0.0025199707683390875,0.0025199707683390875
297,Leaf mass per area,"Leaf area per leaf dry mass (specific leaf area, SLA or 1/LMA): undefined if petiole is in- or excluded)",124106,try_31458,3,3,0.014970059880239521,0.025,0.025974025974025976
297,Leaf mass per area,"Leaf area per leaf dry mass (specific leaf area, SLA or 1/LMA): undefined if petiole is in- or excluded)",124107,try_31459,8,1,0.002717391304347826,0.0035909536335035326,0.005988023952095809
297,Leaf mass per area,"Leaf area per leaf dry mass (specific leaf area, SLA or 1/LMA): undefined if petiole is in- or excluded)",124108,try_31460,4,1,0.0035298270384751147,0.004667348628102762,0.007264802034144569
297,Leaf mass per area,"Leaf area per leaf dry mass (specific leaf area, SLA or 1/LMA): undefined if petiole is in- or excluded)",124109,try_31461,3,3,0.0117000117000117,0.016199578810950917,0.02089864158829676
297,Leaf mass per area,"Leaf area per leaf dry mass (specific leaf area, SLA or 1/LMA): undefined if petiole is in- or excluded)",124112,try_31464,18,6,0.0019801980198019802,0.0065348217567070925,0.013037809647979138
297,Leaf mass per area,"Leaf area per leaf dry mass (specific leaf area, SLA or 1/LMA): undefined if petiole is in- or excluded)",124113,try_31465,16,7,0.0028735632183908046,0.009784075573549256,0.016666666666666666
297,Leaf mass per area,"Leaf area per leaf dry mass (specific leaf area, SLA or 1/LMA): undefined if petiole is in- or excluded)",124114,try_31466,4,2,0.0056179775280898875,0.006074886786200802,0.006944444444444444
297,Leaf mass per area,"Leaf area per leaf dry mass (specific leaf area, SLA or 1/LMA): undefined if petiole is in- or excluded)",124115,try_31467,12,2,0.004672897196261682,0.007095410628019324,0.008771929824561403
297,Leaf mass per area,"Leaf area per leaf dry mass (specific leaf area, SLA or 1/LMA): undefined if petiole is in- or excluded)",124118,try_31470,2,2,0.011599582415033059,0.01499942322223594,0.01839926402943882
297,Leaf mass per area,"Leaf area per leaf dry mass (specific leaf area, SLA or 1/LMA): undefined if petiole is in- or excluded)",124119,try_31471,8,1,0.005104645227156712,0.005281234450550799,0.0057405281285878304
297,Leaf mass per area,"Leaf area per leaf dry mass (specific leaf area, SLA or 1/LMA): undefined if petiole is in- or excluded)",124120,try_31472,8,4,0.018083182640144666,0.021148211669703793,0.026737967914438502
297,Leaf mass per area,"Leaf area per leaf dry mass (specific leaf area, SLA or 1/LMA): undefined if petiole is in- or excluded)",124121,try_31473,4,1,0.005263157894736842,0.007088122605363985,0.008620689655172414
297,Leaf mass per area,"Leaf area per leaf dry mass (specific leaf area, SLA or 1/LMA): undefined if petiole is in- or excluded)",124122,try_31474,1,1,0.010551862403714257,0.010551862403714257,0.010551862403714257
297,Leaf mass per area,"Leaf area per leaf dry mass (specific leaf area, SLA or 1/LMA): undefined if petiole is in- or excluded)",124123,try_31475,1,1,0.009160025648071814,0.009160025648071814,0.009160025648071814
297,Leaf mass per area,"Leaf area per leaf dry mass (specific leaf area, SLA or 1/LMA): undefined if petiole is in- or excluded)",124124,try_31476,1,1,0.010909884355225835,0.010909884355225835,0.010909884355225835
297,Leaf mass per area,"Leaf area per leaf dry mass (specific leaf area, SLA or 1/LMA): undefined if petiole is in- or excluded)",124125,try_31477,1,1,0.00896057347670251,0.00896057347670251,0.00896057347670251
297,Leaf mass per area,"Leaf area per leaf dry mass (specific leaf area, SLA or 1/LMA): undefined if petiole is in- or excluded)",124126,try_31478,1,1,7.199994240004607e-4,7.199994240004607e-4,7.199994240004607e-4
297,Leaf mass per area,"Leaf area per leaf dry mass (specific leaf area, SLA or 1/LMA): undefined if petiole is in- or excluded)",124127,try_31479,1,1,8.600005160003096e-4,8.600005160003096e-4,8.600005160003096e-4
297,Leaf mass per area,"Leaf area per leaf dry mass (specific leaf area, SLA or 1/LMA): undefined if petiole is in- or excluded)",124128,try_31480,24,2,0.0011441647597254005,0.0030218375693835814,0.009345794392523364
297,Leaf mass per area,"Leaf area per leaf dry mass (specific leaf area, SLA or 1/LMA): undefined if petiole is in- or excluded)",124129,try_31481,3,2,0.006702412868632708,0.009643201542912247,0.010030090270812437
297,Leaf mass per area,"Leaf area per leaf dry mass (specific leaf area, SLA or 1/LMA): undefined if petiole is in- or excluded)",124130,try_31482,21,1,0.018518518518518517,0.022779043280182234,0.027548209366391185
297,Leaf mass per area,"Leaf area per leaf dry mass (specific leaf area, SLA or 1/LMA): undefined if petiole is in- or excluded)",124131,try_31483,8,1,0.004299965600275198,0.007199796806194999,0.0111000111000111
297,Leaf mass per area,"Leaf area per leaf dry mass (specific leaf area, SLA or 1/LMA): undefined if petiole is in- or excluded)",124132,try_31484,24,4,0.002943600612268927,0.007136857383313056,0.01639344262295082
297,Leaf mass per area,"Leaf area per leaf dry mass (specific leaf area, SLA or 1/LMA): undefined if petiole is in- or excluded)",124133,try_31485,15,15,0.003111678128014438,0.004970178926441352,0.0071260600014252115
297,Leaf mass per area,"Leaf area per leaf dry mass (specific leaf area, SLA or 1/LMA): undefined if petiole is in- or excluded)",124134,try_31486,2,1,0.015770383220312253,0.01787121118275449,0.019972039145196723
297,Leaf mass per area,"Leaf area per leaf dry mass (specific leaf area, SLA or 1/LMA): undefined if petiole is in- or excluded)",124137,try_31489,1,1,0.020929999999944746,0.020929999999944746,0.020929999999944746
297,Leaf mass per area,"Leaf area per leaf dry mass (specific leaf area, SLA or 1/LMA): undefined if petiole is in- or excluded)",124138,try_31490,1,1,0.024940000000180568,0.024940000000180568,0.024940000000180568
297,Leaf mass per area,"Leaf area per leaf dry mass (specific leaf area, SLA or 1/LMA): undefined if petiole is in- or excluded)",124139,try_31491,1,1,0.020770000000192537,0.020770000000192537,0.020770000000192537
297,Leaf mass per area,"Leaf area per leaf dry mass (specific leaf area, SLA or 1/LMA): undefined if petiole is in- or excluded)",124140,try_31492,1,1,0.029849999999944775,0.029849999999944775,0.029849999999944775
297,Leaf mass per area,"Leaf area per leaf dry mass (specific leaf area, SLA or 1/LMA): undefined if petiole is in- or excluded)",124141,try_31493,1,1,0.023529999999757405,0.023529999999757405,0.023529999999757405
297,Leaf mass per area,"Leaf area per leaf dry mass (specific leaf area, SLA or 1/LMA): undefined if petiole is in- or excluded)",124142,try_31494,1,1,0.011789999999937512,0.011789999999937512,0.011789999999937512
297,Leaf mass per area,"Leaf area per leaf dry mass (specific leaf area, SLA or 1/LMA): undefined if petiole is in- or excluded)",124143,try_31495,1,1,0.02206000000024178,0.02206000000024178,0.02206000000024178
297,Leaf mass per area,"Leaf area per leaf dry mass (specific leaf area, SLA or 1/LMA): undefined if petiole is in- or excluded)",124144,try_31496,1,1,0.0219500000001756,0.0219500000001756,0.0219500000001756
297,Leaf mass per area,"Leaf area per leaf dry mass (specific leaf area, SLA or 1/LMA): undefined if petiole is in- or excluded)",124145,try_31497,1,1,0.02222000000002222,0.02222000000002222,0.02222000000002222
297,Leaf mass per area,"Leaf area per leaf dry mass (specific leaf area, SLA or 1/LMA): undefined if petiole is in- or excluded)",124146,try_31498,1,1,0.013520000000076794,0.013520000000076794,0.013520000000076794
297,Leaf mass per area,"Leaf area per leaf dry mass (specific leaf area, SLA or 1/LMA): undefined if petiole is in- or excluded)",124147,try_31499,1,1,0.021319999999999145,0.021319999999999145,0.021319999999999145
297,Leaf mass per area,"Leaf area per leaf dry mass (specific leaf area, SLA or 1/LMA): undefined if petiole is in- or excluded)",124148,try_31500,1,1,0.020869999999814672,0.020869999999814672,0.020869999999814672
297,Leaf mass per area,"Leaf area per leaf dry mass (specific leaf area, SLA or 1/LMA): undefined if petiole is in- or excluded)",124149,try_31501,1,1,0.02169999999988499,0.02169999999988499,0.02169999999988499
297,Leaf mass per area,"Leaf area per leaf dry mass (specific leaf area, SLA or 1/LMA): undefined if petiole is in- or excluded)",124150,try_31502,1,1,0.026270000000230387,0.026270000000230387,0.026270000000230387
297,Leaf mass per area,"Leaf area per leaf dry mass (specific leaf area, SLA or 1/LMA): undefined if petiole is in- or excluded)",124151,try_31503,1,1,0.019280000000004627,0.019280000000004627,0.019280000000004627
297,Leaf mass per area,"Leaf area per leaf dry mass (specific leaf area, SLA or 1/LMA): undefined if petiole is in- or excluded)",124152,try_31504,1,1,0.020570000000068086,0.020570000000068086,0.020570000000068086
297,Leaf mass per area,"Leaf area per leaf dry mass (specific leaf area, SLA or 1/LMA): undefined if petiole is in- or excluded)",124153,try_31505,1,1,0.023949999999814387,0.023949999999814387,0.023949999999814387
297,Leaf mass per area,"Leaf area per leaf dry mass (specific leaf area, SLA or 1/LMA): undefined if petiole is in- or excluded)",124154,try_31506,1,1,0.020780000000074808,0.020780000000074808,0.020780000000074808
297,Leaf mass per area,"Leaf area per leaf dry mass (specific leaf area, SLA or 1/LMA): undefined if petiole is in- or excluded)",124155,try_31507,1,1,0.01942000000008933,0.01942000000008933,0.01942000000008933
297,Leaf mass per area,"Leaf area per leaf dry mass (specific leaf area, SLA or 1/LMA): undefined if petiole is in- or excluded)",124156,try_31508,1,1,0.01960000000010192,0.01960000000010192,0.01960000000010192
297,Leaf mass per area,"Leaf area per leaf dry mass (specific leaf area, SLA or 1/LMA): undefined if petiole is in- or excluded)",124157,try_31509,1,1,0.025230000000270467,0.025230000000270467,0.025230000000270467
297,Leaf mass per area,"Leaf area per leaf dry mass (specific leaf area, SLA or 1/LMA): undefined if petiole is in- or excluded)",124158,try_31510,1,1,0.031489999999764456,0.031489999999764456,0.031489999999764456
297,Leaf mass per area,"Leaf area per leaf dry mass (specific leaf area, SLA or 1/LMA): undefined if petiole is in- or excluded)",124159,try_31511,1,1,0.009119999999751936,0.009119999999751936,0.009119999999751936
297,Leaf mass per area,"Leaf area per leaf dry mass (specific leaf area, SLA or 1/LMA): undefined if petiole is in- or excluded)",124160,try_31512,1,1,0.008440000000162049,0.008440000000162049,0.008440000000162049
297,Leaf mass per area,"Leaf area per leaf dry mass (specific leaf area, SLA or 1/LMA): undefined if petiole is in- or excluded)",124161,try_31513,1,1,0.024600000000039358,0.024600000000039358,0.024600000000039358
297,Leaf mass per area,"Leaf area per leaf dry mass (specific leaf area, SLA or 1/LMA): undefined if petiole is in- or excluded)",124162,try_31514,1,1,0.00606000000000606,0.00606000000000606,0.00606000000000606
297,Leaf mass per area,"Leaf area per leaf dry mass (specific leaf area, SLA or 1/LMA): undefined if petiole is in- or excluded)",124163,try_31515,1,1,0.025219999999939978,0.025219999999939978,0.025219999999939978
297,Leaf mass per area,"Leaf area per leaf dry mass (specific leaf area, SLA or 1/LMA): undefined if petiole is in- or excluded)",124164,try_31516,1,1,0.02,0.02,0.02
297,Leaf mass per area,"Leaf area per leaf dry mass (specific leaf area, SLA or 1/LMA): undefined if petiole is in- or excluded)",124165,try_31517,1,1,0.016459999999940085,0.016459999999940085,0.016459999999940085
297,Leaf mass per area,"Leaf area per leaf dry mass (specific leaf area, SLA or 1/LMA): undefined if petiole is in- or excluded)",124166,try_31518,1,1,0.007159999999962767,0.007159999999962767,0.007159999999962767
297,Leaf mass per area,"Leaf area per leaf dry mass (specific leaf area, SLA or 1/LMA): undefined if petiole is in- or excluded)",124167,try_31519,1,1,0.021339999999866414,0.021339999999866414,0.021339999999866414
297,Leaf mass per area,"Leaf area per leaf dry mass (specific leaf area, SLA or 1/LMA): undefined if petiole is in- or excluded)",124168,try_31520,1,1,0.01409999999992104,0.01409999999992104,0.01409999999992104
297,Leaf mass per area,"Leaf area per leaf dry mass (specific leaf area, SLA or 1/LMA): undefined if petiole is in- or excluded)",124169,try_31521,1,1,0.024290000000197723,0.024290000000197723,0.024290000000197723
297,Leaf mass per area,"Leaf area per leaf dry mass (specific leaf area, SLA or 1/LMA): undefined if petiole is in- or excluded)",124170,try_31522,1,1,0.028149999999693167,0.028149999999693167,0.028149999999693167
297,Leaf mass per area,"Leaf area per leaf dry mass (specific leaf area, SLA or 1/LMA): undefined if petiole is in- or excluded)",124171,try_31523,1,1,0.01784999999986791,0.01784999999986791,0.01784999999986791
297,Leaf mass per area,"Leaf area per leaf dry mass (specific leaf area, SLA or 1/LMA): undefined if petiole is in- or excluded)",124172,try_31524,1,1,0.015939999999886826,0.015939999999886826,0.015939999999886826
297,Leaf mass per area,"Leaf area per leaf dry mass (specific leaf area, SLA or 1/LMA): undefined if petiole is in- or excluded)",124173,try_31525,1,1,0.014529999999969486,0.014529999999969486,0.014529999999969486
297,Leaf mass per area,"Leaf area per leaf dry mass (specific leaf area, SLA or 1/LMA): undefined if petiole is in- or excluded)",124174,try_31526,1,1,0.022739999999833088,0.022739999999833088,0.022739999999833088
297,Leaf mass per area,"Leaf area per leaf dry mass (specific leaf area, SLA or 1/LMA): undefined if petiole is in- or excluded)",124175,try_31527,1,1,0.02319999999992576,0.02319999999992576,0.02319999999992576
297,Leaf mass per area,"Leaf area per leaf dry mass (specific leaf area, SLA or 1/LMA): undefined if petiole is in- or excluded)",124176,try_31528,1,1,0.024460000000116916,0.024460000000116916,0.024460000000116916
297,Leaf mass per area,"Leaf area per leaf dry mass (specific leaf area, SLA or 1/LMA): undefined if petiole is in- or excluded)",124177,try_31529,1,1,0.007190000000230799,0.007190000000230799,0.007190000000230799
297,Leaf mass per area,"Leaf area per leaf dry mass (specific leaf area, SLA or 1/LMA): undefined if petiole is in- or excluded)",124178,try_31530,1,1,0.021070000000016645,0.021070000000016645,0.021070000000016645
297,Leaf mass per area,"Leaf area per leaf dry mass (specific leaf area, SLA or 1/LMA): undefined if petiole is in- or excluded)",124179,try_31531,1,1,0.023180000000241535,0.023180000000241535,0.023180000000241535
297,Leaf mass per area,"Leaf area per leaf dry mass (specific leaf area, SLA or 1/LMA): undefined if petiole is in- or excluded)",124180,try_31532,1,1,0.019359999999993806,0.019359999999993806,0.019359999999993806
297,Leaf mass per area,"Leaf area per leaf dry mass (specific leaf area, SLA or 1/LMA): undefined if petiole is in- or excluded)",124181,try_31533,1,1,0.01697999999987333,0.01697999999987333,0.01697999999987333
297,Leaf mass per area,"Leaf area per leaf dry mass (specific leaf area, SLA or 1/LMA): undefined if petiole is in- or excluded)",124182,try_31534,1,1,0.017179999999998283,0.017179999999998283,0.017179999999998283
297,Leaf mass per area,"Leaf area per leaf dry mass (specific leaf area, SLA or 1/LMA): undefined if petiole is in- or excluded)",124183,try_31535,1,1,0.02098000000001091,0.02098000000001091,0.02098000000001091
297,Leaf mass per area,"Leaf area per leaf dry mass (specific leaf area, SLA or 1/LMA): undefined if petiole is in- or excluded)",124184,try_31536,1,1,0.015619999999926274,0.015619999999926274,0.015619999999926274
297,Leaf mass per area,"Leaf area per leaf dry mass (specific leaf area, SLA or 1/LMA): undefined if petiole is in- or excluded)",124185,try_31537,1,1,0.02115000000003067,0.02115000000003067,0.02115000000003067
297,Leaf mass per area,"Leaf area per leaf dry mass (specific leaf area, SLA or 1/LMA): undefined if petiole is in- or excluded)",124186,try_31538,1,1,0.018120000000031167,0.018120000000031167,0.018120000000031167
297,Leaf mass per area,"Leaf area per leaf dry mass (specific leaf area, SLA or 1/LMA): undefined if petiole is in- or excluded)",124187,try_31539,1,1,0.02034000000010089,0.02034000000010089,0.02034000000010089
297,Leaf mass per area,"Leaf area per leaf dry mass (specific leaf area, SLA or 1/LMA): undefined if petiole is in- or excluded)",124188,try_31540,1,1,0.00721000000005768,0.00721000000005768,0.00721000000005768
297,Leaf mass per area,"Leaf area per leaf dry mass (specific leaf area, SLA or 1/LMA): undefined if petiole is in- or excluded)",124189,try_31541,1,1,0.016369999999874606,0.016369999999874606,0.016369999999874606
297,Leaf mass per area,"Leaf area per leaf dry mass (specific leaf area, SLA or 1/LMA): undefined if petiole is in- or excluded)",124190,try_31542,1,1,0.019830000000192947,0.019830000000192947,0.019830000000192947
297,Leaf mass per area,"Leaf area per leaf dry mass (specific leaf area, SLA or 1/LMA): undefined if petiole is in- or excluded)",124191,try_31543,1,1,0.0215900000001412,0.0215900000001412,0.0215900000001412
297,Leaf mass per area,"Leaf area per leaf dry mass (specific leaf area, SLA or 1/LMA): undefined if petiole is in- or excluded)",124192,try_31544,1,1,0.023969999999798174,0.023969999999798174,0.023969999999798174
297,Leaf mass per area,"Leaf area per leaf dry mass (specific leaf area, SLA or 1/LMA): undefined if petiole is in- or excluded)",124193,try_31545,1,1,0.018409999999957842,0.018409999999957842,0.018409999999957842
297,Leaf mass per area,"Leaf area per leaf dry mass (specific leaf area, SLA or 1/LMA): undefined if petiole is in- or excluded)",124194,try_31546,2,2,0.01784000000006137,0.021844999999958304,0.02584999999985524
297,Leaf mass per area,"Leaf area per leaf dry mass (specific leaf area, SLA or 1/LMA): undefined if petiole is in- or excluded)",124195,try_31547,1,1,0.02298000000018706,0.02298000000018706,0.02298000000018706
297,Leaf mass per area,"Leaf area per leaf dry mass (specific leaf area, SLA or 1/LMA): undefined if petiole is in- or excluded)",124196,try_31548,1,1,0.013500000000013501,0.013500000000013501,0.013500000000013501
297,Leaf mass per area,"Leaf area per leaf dry mass (specific leaf area, SLA or 1/LMA): undefined if petiole is in- or excluded)",124197,try_31549,1,1,0.028120000000111358,0.028120000000111358,0.028120000000111358
297,Leaf mass per area,"Leaf area per leaf dry mass (specific leaf area, SLA or 1/LMA): undefined if petiole is in- or excluded)",124198,try_31550,1,1,0.017949999999898582,0.017949999999898582,0.017949999999898582
297,Leaf mass per area,"Leaf area per leaf dry mass (specific leaf area, SLA or 1/LMA): undefined if petiole is in- or excluded)",124199,try_31551,1,1,0.019490000000080495,0.019490000000080495,0.019490000000080495
297,Leaf mass per area,"Leaf area per leaf dry mass (specific leaf area, SLA or 1/LMA): undefined if petiole is in- or excluded)",124200,try_31552,1,1,0.018860000000045642,0.018860000000045642,0.018860000000045642
297,Leaf mass per area,"Leaf area per leaf dry mass (specific leaf area, SLA or 1/LMA): undefined if petiole is in- or excluded)",124201,try_31553,1,1,0.0053999999998596004,0.0053999999998596004,0.0053999999998596004
297,Leaf mass per area,"Leaf area per leaf dry mass (specific leaf area, SLA or 1/LMA): undefined if petiole is in- or excluded)",124202,try_31554,1,1,0.004369999999906045,0.004369999999906045,0.004369999999906045
297,Leaf mass per area,"Leaf area per leaf dry mass (specific leaf area, SLA or 1/LMA): undefined if petiole is in- or excluded)",124203,try_31555,1,1,0.01014999999996752,0.01014999999996752,0.01014999999996752
297,Leaf mass per area,"Leaf area per leaf dry mass (specific leaf area, SLA or 1/LMA): undefined if petiole is in- or excluded)",124204,try_31556,1,1,0.03028000000027252,0.03028000000027252,0.03028000000027252
297,Leaf mass per area,"Leaf area per leaf dry mass (specific leaf area, SLA or 1/LMA): undefined if petiole is in- or excluded)",124205,try_31557,1,1,0.01070000000002675,0.01070000000002675,0.01070000000002675
297,Leaf mass per area,"Leaf area per leaf dry mass (specific leaf area, SLA or 1/LMA): undefined if petiole is in- or excluded)",124206,try_31558,1,1,0.011289999999997292,0.011289999999997292,0.011289999999997292
297,Leaf mass per area,"Leaf area per leaf dry mass (specific leaf area, SLA or 1/LMA): undefined if petiole is in- or excluded)",124207,try_31559,1,1,0.013949999999926065,0.013949999999926065,0.013949999999926065
297,Leaf mass per area,"Leaf area per leaf dry mass (specific leaf area, SLA or 1/LMA): undefined if petiole is in- or excluded)",124208,try_31560,1,1,0.015939999999886826,0.015939999999886826,0.015939999999886826
297,Leaf mass per area,"Leaf area per leaf dry mass (specific leaf area, SLA or 1/LMA): undefined if petiole is in- or excluded)",124209,try_31561,1,1,0.01438000000004803,0.01438000000004803,0.01438000000004803
297,Leaf mass per area,"Leaf area per leaf dry mass (specific leaf area, SLA or 1/LMA): undefined if petiole is in- or excluded)",124210,try_31562,1,1,0.016280000000016278,0.016280000000016278,0.016280000000016278
297,Leaf mass per area,"Leaf area per leaf dry mass (specific leaf area, SLA or 1/LMA): undefined if petiole is in- or excluded)",124211,try_31563,1,1,0.020250000000156938,0.020250000000156938,0.020250000000156938
297,Leaf mass per area,"Leaf area per leaf dry mass (specific leaf area, SLA or 1/LMA): undefined if petiole is in- or excluded)",124213,try_31565,53,6,0.0032131740130421868,0.0083509067902077,0.015829694319912498
297,Leaf mass per area,"Leaf area per leaf dry mass (specific leaf area, SLA or 1/LMA): undefined if petiole is in- or excluded)",124214,try_31566,93,11,0.003913834950981331,0.006957250629104605,0.020532319389823764
297,Leaf mass per area,"Leaf area per leaf dry mass (specific leaf area, SLA or 1/LMA): undefined if petiole is in- or excluded)",124215,try_31567,126,14,0.0010869565219990547,0.006209849505364443,0.013432835820073513
297,Leaf mass per area,"Leaf area per leaf dry mass (specific leaf area, SLA or 1/LMA): undefined if petiole is in- or excluded)",124216,try_31568,42,5,0.0037837837840087652,0.005274790271542512,0.0077504725900264795
297,Leaf mass per area,"Leaf area per leaf dry mass (specific leaf area, SLA or 1/LMA): undefined if petiole is in- or excluded)",124217,try_31569,27,3,0.002770780856032333,0.007266910420109981,0.03266666666982444
297,Leaf mass per area,"Leaf area per leaf dry mass (specific leaf area, SLA or 1/LMA): undefined if petiole is in- or excluded)",124218,try_31570,54,6,0.002561983470976982,0.004847100742454738,0.006896551724137931
297,Leaf mass per area,"Leaf area per leaf dry mass (specific leaf area, SLA or 1/LMA): undefined if petiole is in- or excluded)",124219,try_31571,36,4,0.00221550855998637,0.005169345065962219,0.007217847768792066
297,Leaf mass per area,"Leaf area per leaf dry mass (specific leaf area, SLA or 1/LMA): undefined if petiole is in- or excluded)",124220,try_31572,63,7,0.0037009622500480768,0.006303724927824895,0.0111833550100242
297,Leaf mass per area,"Leaf area per leaf dry mass (specific leaf area, SLA or 1/LMA): undefined if petiole is in- or excluded)",124221,try_31573,27,3,0.004353835522006878,0.0060435699230297945,0.01565865782992568
297,Leaf mass per area,"Leaf area per leaf dry mass (specific leaf area, SLA or 1/LMA): undefined if petiole is in- or excluded)",124222,try_31574,27,3,0.002737020315969166,0.015436241609940544,0.0357798165095598
297,Leaf mass per area,"Leaf area per leaf dry mass (specific leaf area, SLA or 1/LMA): undefined if petiole is in- or excluded)",124223,try_31575,30,4,0.0028776978419750533,0.006498385494018825,0.009197651663009104
297,Leaf mass per area,"Leaf area per leaf dry mass (specific leaf area, SLA or 1/LMA): undefined if petiole is in- or excluded)",124225,try_31577,80,80,0.00324485690181063,0.006677251349886847,0.01688903901368012
297,Leaf mass per area,"Leaf area per leaf dry mass (specific leaf area, SLA or 1/LMA): undefined if petiole is in- or excluded)",124226,try_31578,198,13,0.0015873015873015873,0.005268703898840885,0.011428571428571429
297,Leaf mass per area,"Leaf area per leaf dry mass (specific leaf area, SLA or 1/LMA): undefined if petiole is in- or excluded)",124227,try_31579,192,18,0.0016806722689075631,0.004373883335054958,0.0125
297,Leaf mass per area,"Leaf area per leaf dry mass (specific leaf area, SLA or 1/LMA): undefined if petiole is in- or excluded)",124228,try_31580,186,4,0.002512562814070352,0.005150657050338222,0.008710801393728223
297,Leaf mass per area,"Leaf area per leaf dry mass (specific leaf area, SLA or 1/LMA): undefined if petiole is in- or excluded)",124229,try_31581,197,16,0.0016730801405387317,0.005382131324004305,0.010964912280701754
297,Leaf mass per area,"Leaf area per leaf dry mass (specific leaf area, SLA or 1/LMA): undefined if petiole is in- or excluded)",124230,try_31582,188,17,0.001764602082230457,0.00607719421612135,0.010245901639344263
297,Leaf mass per area,"Leaf area per leaf dry mass (specific leaf area, SLA or 1/LMA): undefined if petiole is in- or excluded)",124231,try_31583,191,13,0.0024307243558580457,0.00512557662737058,0.01150747986191024
297,Leaf mass per area,"Leaf area per leaf dry mass (specific leaf area, SLA or 1/LMA): undefined if petiole is in- or excluded)",124232,try_31584,196,23,0.0016666666666666668,0.005747173893297441,0.011428571428571429
297,Leaf mass per area,"Leaf area per leaf dry mass (specific leaf area, SLA or 1/LMA): undefined if petiole is in- or excluded)",124233,try_31585,188,20,0.0022222222222222222,0.0055037440301642735,0.010101010101010102
297,Leaf mass per area,"Leaf area per leaf dry mass (specific leaf area, SLA or 1/LMA): undefined if petiole is in- or excluded)",124234,try_31586,198,14,0.00145985401459854,0.0049140061006117996,0.007668711656441718
297,Leaf mass per area,"Leaf area per leaf dry mass (specific leaf area, SLA or 1/LMA): undefined if petiole is in- or excluded)",124235,try_31587,194,8,0.0017605633802816902,0.0052562421501718744,0.013280212483399735
297,Leaf mass per area,"Leaf area per leaf dry mass (specific leaf area, SLA or 1/LMA): undefined if petiole is in- or excluded)",124236,try_31588,196,13,0.001458363715910748,0.004621120442329207,0.00927643784786642
297,Leaf mass per area,"Leaf area per leaf dry mass (specific leaf area, SLA or 1/LMA): undefined if petiole is in- or excluded)",124237,try_31589,196,16,0.0018772292096865025,0.005499437203594397,0.010111223458038422
297,Leaf mass per area,"Leaf area per leaf dry mass (specific leaf area, SLA or 1/LMA): undefined if petiole is in- or excluded)",124238,try_31590,20,1,0.002649414664167814,0.003890610560187074,0.00461788031718732
297,Leaf mass per area,"Leaf area per leaf dry mass (specific leaf area, SLA or 1/LMA): undefined if petiole is in- or excluded)",124239,try_31591,4,1,0.0022583201268025687,0.002663011073701008,0.0031706636921032816
297,Leaf mass per area,"Leaf area per leaf dry mass (specific leaf area, SLA or 1/LMA): undefined if petiole is in- or excluded)",124240,try_31592,20,1,0.0021896880967614656,0.00279299815275115,0.00388704318944367
297,Leaf mass per area,"Leaf area per leaf dry mass (specific leaf area, SLA or 1/LMA): undefined if petiole is in- or excluded)",124241,try_31593,56,3,0.0013909774436069308,0.0033828779234408657,0.007007751938193098
297,Leaf mass per area,"Leaf area per leaf dry mass (specific leaf area, SLA or 1/LMA): undefined if petiole is in- or excluded)",124242,try_31594,52,3,0.001832967032969289,0.0031955271310803064,0.0070295698924306
297,Leaf mass per area,"Leaf area per leaf dry mass (specific leaf area, SLA or 1/LMA): undefined if petiole is in- or excluded)",124243,try_31595,17,1,0.0014592274678048962,0.0030103092783678943,0.0040855323021482025
297,Leaf mass per area,"Leaf area per leaf dry mass (specific leaf area, SLA or 1/LMA): undefined if petiole is in- or excluded)",124244,try_31596,20,1,0.0015581787521198028,0.0020251364025639026,0.002914764079128786
297,Leaf mass per area,"Leaf area per leaf dry mass (specific leaf area, SLA or 1/LMA): undefined if petiole is in- or excluded)",124245,try_31597,39,2,0.001512690355337628,0.0022252964427026114,0.0038692390139725306
297,Leaf mass per area,"Leaf area per leaf dry mass (specific leaf area, SLA or 1/LMA): undefined if petiole is in- or excluded)",124246,try_31598,20,1,0.0018801897983327966,0.0024132039158637738,0.004598503740554345
297,Leaf mass per area,"Leaf area per leaf dry mass (specific leaf area, SLA or 1/LMA): undefined if petiole is in- or excluded)",124247,try_31599,40,2,0.0018334700574109577,0.0035231458116755507,0.007575301204605937
297,Leaf mass per area,"Leaf area per leaf dry mass (specific leaf area, SLA or 1/LMA): undefined if petiole is in- or excluded)",124248,try_31600,22,2,0.001379310344827586,0.0019969961200661393,0.0030521225147809375
297,Leaf mass per area,"Leaf area per leaf dry mass (specific leaf area, SLA or 1/LMA): undefined if petiole is in- or excluded)",124249,try_31601,57,3,0.0012244897959133693,0.002343810632513339,0.0041768631813820295
297,Leaf mass per area,"Leaf area per leaf dry mass (specific leaf area, SLA or 1/LMA): undefined if petiole is in- or excluded)",124250,try_31602,39,2,0.0013451776649657425,0.0031492248061862926,0.004994716449337566
297,Leaf mass per area,"Leaf area per leaf dry mass (specific leaf area, SLA or 1/LMA): undefined if petiole is in- or excluded)",124251,try_31603,34,2,0.0014798348682151384,0.00293124849339191,0.005944158706879506
297,Leaf mass per area,"Leaf area per leaf dry mass (specific leaf area, SLA or 1/LMA): undefined if petiole is in- or excluded)",124252,try_31604,10,2,7.615658363276604e-4,0.0015507169598058914,0.0023147683559135985
297,Leaf mass per area,"Leaf area per leaf dry mass (specific leaf area, SLA or 1/LMA): undefined if petiole is in- or excluded)",124253,try_31605,20,1,0.002037685060560778,0.002423930773538116,0.0030805357453609484
297,Leaf mass per area,"Leaf area per leaf dry mass (specific leaf area, SLA or 1/LMA): undefined if petiole is in- or excluded)",124254,try_31606,58,3,0.0017907043056610897,0.003077937225025827,0.011143372832108157
297,Leaf mass per area,"Leaf area per leaf dry mass (specific leaf area, SLA or 1/LMA): undefined if petiole is in- or excluded)",124255,try_31607,17,1,0.001995042311317595,0.002367644993706464,0.005346834947640045
297,Leaf mass per area,"Leaf area per leaf dry mass (specific leaf area, SLA or 1/LMA): undefined if petiole is in- or excluded)",124256,try_31608,73,5,0.006956509584716888,0.013840073759070972,0.028391697950054792
297,Leaf mass per area,"Leaf area per leaf dry mass (specific leaf area, SLA or 1/LMA): undefined if petiole is in- or excluded)",124257,try_31609,87,10,0.00488403743256614,0.013270482557129575,0.058395107259846
297,Leaf mass per area,"Leaf area per leaf dry mass (specific leaf area, SLA or 1/LMA): undefined if petiole is in- or excluded)",124258,try_31610,98,8,0.003941076919875459,0.008980717161723077,0.02812410219077025
297,Leaf mass per area,"Leaf area per leaf dry mass (specific leaf area, SLA or 1/LMA): undefined if petiole is in- or excluded)",124259,try_31611,102,7,0.004530904873244948,0.007764817431793247,0.029736522938576773
297,Leaf mass per area,"Leaf area per leaf dry mass (specific leaf area, SLA or 1/LMA): undefined if petiole is in- or excluded)",124260,try_31612,101,4,0.00480007232580018,0.020767851470825733,0.03669862572971763
297,Leaf mass per area,"Leaf area per leaf dry mass (specific leaf area, SLA or 1/LMA): undefined if petiole is in- or excluded)",124261,try_31613,88,4,0.009949385601973452,0.025016726274466883,0.051604862951109234
297,Leaf mass per area,"Leaf area per leaf dry mass (specific leaf area, SLA or 1/LMA): undefined if petiole is in- or excluded)",124262,try_31614,52,6,0.003414673718595421,0.020243474220044314,0.034824161150005625
297,Leaf mass per area,"Leaf area per leaf dry mass (specific leaf area, SLA or 1/LMA): undefined if petiole is in- or excluded)",124263,try_31615,65,5,0.005199738966448219,0.023164750404123503,0.04568251396124529
297,Leaf mass per area,"Leaf area per leaf dry mass (specific leaf area, SLA or 1/LMA): undefined if petiole is in- or excluded)",124264,try_31616,64,4,0.006400270875438525,0.02306109064720078,0.03993345116240662
297,Leaf mass per area,"Leaf area per leaf dry mass (specific leaf area, SLA or 1/LMA): undefined if petiole is in- or excluded)",124265,try_31617,68,5,0.004697671713685279,0.025234745258541486,0.04776958677492769
297,Leaf mass per area,"Leaf area per leaf dry mass (specific leaf area, SLA or 1/LMA): undefined if petiole is in- or excluded)",124266,try_31618,3,3,0.008151764226195912,0.008535861367208571,0.008945855112987485
297,Leaf mass per area,"Leaf area per leaf dry mass (specific leaf area, SLA or 1/LMA): undefined if petiole is in- or excluded)",124267,try_31619,1,1,0.005499960448959418,0.005499960448959418,0.005499960448959418
297,Leaf mass per area,"Leaf area per leaf dry mass (specific leaf area, SLA or 1/LMA): undefined if petiole is in- or excluded)",124268,try_31620,7,4,0.0068272832743249525,0.010650246375478139,0.023950489362151557
297,Leaf mass per area,"Leaf area per leaf dry mass (specific leaf area, SLA or 1/LMA): undefined if petiole is in- or excluded)",124269,try_31621,15,6,0.0033927716860328995,0.006615677798713554,0.011884216780065123
297,Leaf mass per area,"Leaf area per leaf dry mass (specific leaf area, SLA or 1/LMA): undefined if petiole is in- or excluded)",124270,try_31622,406,45,8.33806290704707e-4,0.004580996583003248,0.029955931091956038
297,Leaf mass per area,"Leaf area per leaf dry mass (specific leaf area, SLA or 1/LMA): undefined if petiole is in- or excluded)",124271,try_31623,200,10,0.0022843687673952872,0.0044835232332555855,0.008071374748480749
297,Leaf mass per area,"Leaf area per leaf dry mass (specific leaf area, SLA or 1/LMA): undefined if petiole is in- or excluded)",124366,try_31718,96,5,0.002609077927896683,0.005133630886136754,0.022252932692536594
297,Leaf mass per area,"Leaf area per leaf dry mass (specific leaf area, SLA or 1/LMA): undefined if petiole is in- or excluded)",124367,try_31719,77,4,0.0023869529413264273,0.004302702751050196,0.009123740398787921
297,Leaf mass per area,"Leaf area per leaf dry mass (specific leaf area, SLA or 1/LMA): undefined if petiole is in- or excluded)",124410,try_31762,15,3,0.005152355141535195,0.019816891918671475,0.037035665345727935
297,Leaf mass per area,"Leaf area per leaf dry mass (specific leaf area, SLA or 1/LMA): undefined if petiole is in- or excluded)",124411,try_31763,15,5,0.0063512226103524935,0.026011861408802413,0.029214993134476615
297,Leaf mass per area,"Leaf area per leaf dry mass (specific leaf area, SLA or 1/LMA): undefined if petiole is in- or excluded)",124412,try_31764,4,2,0.006759405713049708,0.026823051700139454,0.040051265619993594
297,Leaf mass per area,"Leaf area per leaf dry mass (specific leaf area, SLA or 1/LMA): undefined if petiole is in- or excluded)",124413,try_31765,15,3,0.018717828731867104,0.02329807557895718,0.037963630841653696
297,Leaf mass per area,"Leaf area per leaf dry mass (specific leaf area, SLA or 1/LMA): undefined if petiole is in- or excluded)",124414,try_31766,6,1,0.020769294674752845,0.024637524392840386,0.026041666666666668
297,Leaf mass per area,"Leaf area per leaf dry mass (specific leaf area, SLA or 1/LMA): undefined if petiole is in- or excluded)",124415,try_31767,3,1,0.022170491076377342,0.030487804878048783,0.035304501323918804
297,Leaf mass per area,"Leaf area per leaf dry mass (specific leaf area, SLA or 1/LMA): undefined if petiole is in- or excluded)",124416,try_31768,6,1,0.02696362606843368,0.029183846262169452,0.0328310187465117
297,Leaf mass per area,"Leaf area per leaf dry mass (specific leaf area, SLA or 1/LMA): undefined if petiole is in- or excluded)",124417,try_31769,6,2,0.006952700776616676,0.015813206143611258,0.027743868605038288
297,Leaf mass per area,"Leaf area per leaf dry mass (specific leaf area, SLA or 1/LMA): undefined if petiole is in- or excluded)",124418,try_31770,3,1,0.039000039000039004,0.040264132710581414,0.042163848716110806
297,Leaf mass per area,"Leaf area per leaf dry mass (specific leaf area, SLA or 1/LMA): undefined if petiole is in- or excluded)",124419,try_31771,8,2,0.022123893805309734,0.03544406644531241,0.03860407659048796
297,Leaf mass per area,"Leaf area per leaf dry mass (specific leaf area, SLA or 1/LMA): undefined if petiole is in- or excluded)",124420,try_31772,10,2,0.026182808368025556,0.03763290746907527,0.04284673722096063
297,Leaf mass per area,"Leaf area per leaf dry mass (specific leaf area, SLA or 1/LMA): undefined if petiole is in- or excluded)",124421,try_31773,9,2,0.02467003823855927,0.042428613857185285,0.050421015479251756
297,Leaf mass per area,"Leaf area per leaf dry mass (specific leaf area, SLA or 1/LMA): undefined if petiole is in- or excluded)",124422,try_31774,6,1,0.03435953820780649,0.041428935931164756,0.049338859285573314
297,Leaf mass per area,"Leaf area per leaf dry mass (specific leaf area, SLA or 1/LMA): undefined if petiole is in- or excluded)",124423,try_31775,20,4,0.011344685582039092,0.020258725045651328,0.04573519323119141
297,Leaf mass per area,"Leaf area per leaf dry mass (specific leaf area, SLA or 1/LMA): undefined if petiole is in- or excluded)",124424,try_31776,6,1,0.02093013520867345,0.025445483355338357,0.029052032189651668
297,Leaf mass per area,"Leaf area per leaf dry mass (specific leaf area, SLA or 1/LMA): undefined if petiole is in- or excluded)",124425,try_31777,3,1,0.021521575379317766,0.025163563160543533,0.026842034626224667
297,Leaf mass per area,"Leaf area per leaf dry mass (specific leaf area, SLA or 1/LMA): undefined if petiole is in- or excluded)",124426,try_31778,9,3,0.015636972056730935,0.020538519994249216,0.03886060700268138
297,Leaf mass per area,"Leaf area per leaf dry mass (specific leaf area, SLA or 1/LMA): undefined if petiole is in- or excluded)",124427,try_31779,6,2,0.016965830816735094,0.022081982506703533,0.02511426992817319
297,Leaf mass per area,"Leaf area per leaf dry mass (specific leaf area, SLA or 1/LMA): undefined if petiole is in- or excluded)",124428,try_31780,4,1,0.00558029486278055,0.005865374395542685,0.006131696579126479
297,Leaf mass per area,"Leaf area per leaf dry mass (specific leaf area, SLA or 1/LMA): undefined if petiole is in- or excluded)",124429,try_31781,4,1,0.0031856467500031853,0.0045215352527448235,0.006627080903403669
297,Leaf mass per area,"Leaf area per leaf dry mass (specific leaf area, SLA or 1/LMA): undefined if petiole is in- or excluded)",124430,try_31782,2,1,0.004221903233977877,0.0044865645251192365,0.004751225816260595
297,Leaf mass per area,"Leaf area per leaf dry mass (specific leaf area, SLA or 1/LMA): undefined if petiole is in- or excluded)",124431,try_31783,3,1,0.004213187276174426,0.004321446474563966,0.006509102980518254
297,Leaf mass per area,"Leaf area per leaf dry mass (specific leaf area, SLA or 1/LMA): undefined if petiole is in- or excluded)",124432,try_31784,5,1,0.004207302193687364,0.004351647969085892,0.0059137304994736776
297,Leaf mass per area,"Leaf area per leaf dry mass (specific leaf area, SLA or 1/LMA): undefined if petiole is in- or excluded)",124433,try_31785,104,12,0.004365252589423114,0.009810048801989376,0.022556390977613208
297,Leaf mass per area,"Leaf area per leaf dry mass (specific leaf area, SLA or 1/LMA): undefined if petiole is in- or excluded)",124434,try_31786,50,5,0.002186588921298736,0.008017463804794997,0.03389830508474576
297,Leaf mass per area,"Leaf area per leaf dry mass (specific leaf area, SLA or 1/LMA): undefined if petiole is in- or excluded)",124435,try_31787,66,7,0.003947809462274303,0.006477166922682099,0.0196388976875662
297,Leaf mass per area,"Leaf area per leaf dry mass (specific leaf area, SLA or 1/LMA): undefined if petiole is in- or excluded)",124436,try_31788,10,1,0.004334148899016667,0.007026999446053492,0.007770404401153448
297,Leaf mass per area,"Leaf area per leaf dry mass (specific leaf area, SLA or 1/LMA): undefined if petiole is in- or excluded)",124437,try_31789,16,3,0.004648921762609755,0.0074976077656432214,0.030514820593004612
297,Leaf mass per area,"Leaf area per leaf dry mass (specific leaf area, SLA or 1/LMA): undefined if petiole is in- or excluded)",124438,try_31790,60,5,0.0022750775594387275,0.006104669418955561,0.21999999999779998
297,Leaf mass per area,"Leaf area per leaf dry mass (specific leaf area, SLA or 1/LMA): undefined if petiole is in- or excluded)",124439,try_31791,41,4,0.003239232718048356,0.005339517825440649,0.008939171729869404
297,Leaf mass per area,"Leaf area per leaf dry mass (specific leaf area, SLA or 1/LMA): undefined if petiole is in- or excluded)",124440,try_31792,27,3,0.002599890530907226,0.007075471698280083,0.05542857142980669
297,Leaf mass per area,"Leaf area per leaf dry mass (specific leaf area, SLA or 1/LMA): undefined if petiole is in- or excluded)",124441,try_31793,10,3,0.0030443555523722936,0.009016064336038809,0.03290519877728972
297,Leaf mass per area,"Leaf area per leaf dry mass (specific leaf area, SLA or 1/LMA): undefined if petiole is in- or excluded)",124442,try_31794,24,8,0.005443807241393275,0.007059771093664912,0.011731277666953527
297,Leaf mass per area,"Leaf area per leaf dry mass (specific leaf area, SLA or 1/LMA): undefined if petiole is in- or excluded)",124443,try_31795,5,1,0.004224168436008863,0.00447178806606366,0.005304726230355744
297,Leaf mass per area,"Leaf area per leaf dry mass (specific leaf area, SLA or 1/LMA): undefined if petiole is in- or excluded)",124444,try_31796,10,1,0.0029855247285841594,0.003863823722261902,0.01724806201547045
297,Leaf mass per area,"Leaf area per leaf dry mass (specific leaf area, SLA or 1/LMA): undefined if petiole is in- or excluded)",124445,try_31797,6,1,0.023167420814479638,0.029614746033710004,0.032303664921821136
297,Leaf mass per area,"Leaf area per leaf dry mass (specific leaf area, SLA or 1/LMA): undefined if petiole is in- or excluded)",124446,try_31798,3,1,0.029696569920863523,0.03127465857394327,0.03193146417418127
297,Leaf mass per area,"Leaf area per leaf dry mass (specific leaf area, SLA or 1/LMA): undefined if petiole is in- or excluded)",124447,try_31799,3,1,0.0276600441498179,0.028725212464722687,0.029810126582621863
297,Leaf mass per area,"Leaf area per leaf dry mass (specific leaf area, SLA or 1/LMA): undefined if petiole is in- or excluded)",124448,try_31800,6,2,0.006394316163364872,0.01848172420844214,0.033152866241916795
297,Leaf mass per area,"Leaf area per leaf dry mass (specific leaf area, SLA or 1/LMA): undefined if petiole is in- or excluded)",124449,try_31801,3,1,0.0318894009215473,0.03773797338836101,0.03885985748145792
297,Leaf mass per area,"Leaf area per leaf dry mass (specific leaf area, SLA or 1/LMA): undefined if petiole is in- or excluded)",124450,try_31802,3,1,0.005022450288754491,0.007014410391591538,0.007287684892981161
297,Leaf mass per area,"Leaf area per leaf dry mass (specific leaf area, SLA or 1/LMA): undefined if petiole is in- or excluded)",124451,try_31803,8,1,0.005237442922435413,0.005865385321839912,0.008513278188638
297,Leaf mass per area,"Leaf area per leaf dry mass (specific leaf area, SLA or 1/LMA): undefined if petiole is in- or excluded)",124452,try_31804,4,1,0.004905094905042473,0.0066989893133464,0.007783078434265175
297,Leaf mass per area,"Leaf area per leaf dry mass (specific leaf area, SLA or 1/LMA): undefined if petiole is in- or excluded)",124453,try_31805,6,1,0.005152363184155221,0.006621029470286531,0.007120826978596965
297,Leaf mass per area,"Leaf area per leaf dry mass (specific leaf area, SLA or 1/LMA): undefined if petiole is in- or excluded)",124454,try_31806,3,1,0.006478219471359937,0.006517311608961304,0.006970390060167119
297,Leaf mass per area,"Leaf area per leaf dry mass (specific leaf area, SLA or 1/LMA): undefined if petiole is in- or excluded)",124455,try_31807,3,1,0.005650911729920213,0.006687287349206709,0.008089265695384101
297,Leaf mass per area,"Leaf area per leaf dry mass (specific leaf area, SLA or 1/LMA): undefined if petiole is in- or excluded)",124456,try_31808,3,1,0.006952707856507328,0.007654000893878465,0.008762511998111174
297,Leaf mass per area,"Leaf area per leaf dry mass (specific leaf area, SLA or 1/LMA): undefined if petiole is in- or excluded)",124457,try_31809,3,1,0.006351213282197069,0.007519525456969337,0.008135018234382238
297,Leaf mass per area,"Leaf area per leaf dry mass (specific leaf area, SLA or 1/LMA): undefined if petiole is in- or excluded)",124458,try_31810,3,1,0.005596410806713166,0.006786716088994633,0.006835588828295784
297,Leaf mass per area,"Leaf area per leaf dry mass (specific leaf area, SLA or 1/LMA): undefined if petiole is in- or excluded)",124459,try_31811,1,1,0.0067594182982639835,0.0067594182982639835,0.0067594182982639835
297,Leaf mass per area,"Leaf area per leaf dry mass (specific leaf area, SLA or 1/LMA): undefined if petiole is in- or excluded)",124460,try_31812,23,1,7.243778240003026e-4,9.983464886282095e-4,0.0019461077844165713
297,Leaf mass per area,"Leaf area per leaf dry mass (specific leaf area, SLA or 1/LMA): undefined if petiole is in- or excluded)",124461,try_31813,13,1,0.0010073181231116293,0.0013469119579505083,0.002508300996148835
297,Leaf mass per area,"Leaf area per leaf dry mass (specific leaf area, SLA or 1/LMA): undefined if petiole is in- or excluded)",124462,try_31814,5,1,8.153281695882593e-4,8.454437437240239e-4,9.629838406523582e-4
297,Leaf mass per area,"Leaf area per leaf dry mass (specific leaf area, SLA or 1/LMA): undefined if petiole is in- or excluded)",124463,try_31815,4,1,8.314263920519037e-4,0.0015178486541816741,0.0037309995393552758
297,Leaf mass per area,"Leaf area per leaf dry mass (specific leaf area, SLA or 1/LMA): undefined if petiole is in- or excluded)",124464,try_31816,5,1,7.727975270479134e-4,8.138833864288188e-4,0.0017744479495128197
297,Leaf mass per area,"Leaf area per leaf dry mass (specific leaf area, SLA or 1/LMA): undefined if petiole is in- or excluded)",124465,try_31817,25,1,0.0011337868480725624,0.003228890703740939,0.004310921894652018
297,Leaf mass per area,"Leaf area per leaf dry mass (specific leaf area, SLA or 1/LMA): undefined if petiole is in- or excluded)",124466,try_31818,14,1,0.002404298930785047,0.0028890397853977333,0.003337989853657778
297,Leaf mass per area,"Leaf area per leaf dry mass (specific leaf area, SLA or 1/LMA): undefined if petiole is in- or excluded)",124467,try_31819,20,1,8.488964346349745e-4,0.0027332399038942218,0.004056098407841768
297,Leaf mass per area,"Leaf area per leaf dry mass (specific leaf area, SLA or 1/LMA): undefined if petiole is in- or excluded)",124468,try_31820,19,1,0.0010431856421735334,0.0023447908339844724,0.003519132172085226
297,Leaf mass per area,"Leaf area per leaf dry mass (specific leaf area, SLA or 1/LMA): undefined if petiole is in- or excluded)",124469,try_31821,21,1,0.0010464085131585213,0.0013388288014222073,0.0016129524041789325
297,Leaf mass per area,"Leaf area per leaf dry mass (specific leaf area, SLA or 1/LMA): undefined if petiole is in- or excluded)",124470,try_31822,10,1,8.363915678060316e-4,0.0011302697652773646,0.0017186951946799914
297,Leaf mass per area,"Leaf area per leaf dry mass (specific leaf area, SLA or 1/LMA): undefined if petiole is in- or excluded)",124471,try_31823,5,1,0.0013493859082119454,0.0035558328134170612,0.009417040358786623
297,Leaf mass per area,"Leaf area per leaf dry mass (specific leaf area, SLA or 1/LMA): undefined if petiole is in- or excluded)",124472,try_31824,1,1,8.937120970544197e-4,8.937120970544197e-4,8.937120970544197e-4
297,Leaf mass per area,"Leaf area per leaf dry mass (specific leaf area, SLA or 1/LMA): undefined if petiole is in- or excluded)",124473,try_31825,1037,51,7.993605115907274e-4,0.005199307163058822,0.11150991392828517
297,Leaf mass per area,"Leaf area per leaf dry mass (specific leaf area, SLA or 1/LMA): undefined if petiole is in- or excluded)",124474,try_31826,23,3,0.006092560047037166,0.007435625068627054,0.011582715736928463
297,Leaf mass per area,"Leaf area per leaf dry mass (specific leaf area, SLA or 1/LMA): undefined if petiole is in- or excluded)",124475,try_31827,429,18,0.003286813186791335,0.009618874773227032,0.029796680497865224
297,Leaf mass per area,"Leaf area per leaf dry mass (specific leaf area, SLA or 1/LMA): undefined if petiole is in- or excluded)",124476,try_31828,93,4,0.0013666666666725888,0.014461118690361128,0.04159292035482888
297,Leaf mass per area,"Leaf area per leaf dry mass (specific leaf area, SLA or 1/LMA): undefined if petiole is in- or excluded)",124477,try_31829,291,10,0.0017582417582417582,0.0037998228520838436,0.01733298148407033
297,Leaf mass per area,"Leaf area per leaf dry mass (specific leaf area, SLA or 1/LMA): undefined if petiole is in- or excluded)",124478,try_31830,108,11,0.0012831010000077985,0.00642045500002677,0.021334876999868434
297,Leaf mass per area,"Leaf area per leaf dry mass (specific leaf area, SLA or 1/LMA): undefined if petiole is in- or excluded)",124479,try_31831,50,49,0.0027298536798427606,0.005601903025061751,0.01595405232929164
297,Leaf mass per area,"Leaf area per leaf dry mass (specific leaf area, SLA or 1/LMA): undefined if petiole is in- or excluded)",124480,try_31832,20,2,0.009230453659451493,0.014067959928951638,0.02212160986312533
297,Leaf mass per area,"Leaf area per leaf dry mass (specific leaf area, SLA or 1/LMA): undefined if petiole is in- or excluded)",124481,try_31833,10,1,0.010484142734130354,0.013357230113509706,0.016061569349085834
297,Leaf mass per area,"Leaf area per leaf dry mass (specific leaf area, SLA or 1/LMA): undefined if petiole is in- or excluded)",124482,try_31834,10,1,0.009372587936669627,0.01372049881855852,0.015272055689831712
297,Leaf mass per area,"Leaf area per leaf dry mass (specific leaf area, SLA or 1/LMA): undefined if petiole is in- or excluded)",124483,try_31835,15,1,0.01239755892627095,0.018638248539653415,0.02284113677731476
297,Leaf mass per area,"Leaf area per leaf dry mass (specific leaf area, SLA or 1/LMA): undefined if petiole is in- or excluded)",124484,try_31836,14,1,0.024787628481200055,0.030259415073412677,0.0437570939348009
297,Leaf mass per area,"Leaf area per leaf dry mass (specific leaf area, SLA or 1/LMA): undefined if petiole is in- or excluded)",124489,try_31841,53,6,0.0032131740130421868,0.0083509067902077,0.015829694319912498
297,Leaf mass per area,"Leaf area per leaf dry mass (specific leaf area, SLA or 1/LMA): undefined if petiole is in- or excluded)",124490,try_31842,93,11,0.003913834950981331,0.006957250629104605,0.020532319389823764
297,Leaf mass per area,"Leaf area per leaf dry mass (specific leaf area, SLA or 1/LMA): undefined if petiole is in- or excluded)",124491,try_31843,126,14,0.0010869565219990547,0.006209849505364443,0.013432835820073513
297,Leaf mass per area,"Leaf area per leaf dry mass (specific leaf area, SLA or 1/LMA): undefined if petiole is in- or excluded)",124492,try_31844,42,5,0.0037837837840087652,0.005274790271542512,0.0077504725900264795
297,Leaf mass per area,"Leaf area per leaf dry mass (specific leaf area, SLA or 1/LMA): undefined if petiole is in- or excluded)",124493,try_31845,18,2,0.002770780856032333,0.00637072377608284,0.008474755484973362
297,Leaf mass per area,"Leaf area per leaf dry mass (specific leaf area, SLA or 1/LMA): undefined if petiole is in- or excluded)",124494,try_31846,45,5,0.002561983470976982,0.004729109275002424,0.006331877728967316
297,Leaf mass per area,"Leaf area per leaf dry mass (specific leaf area, SLA or 1/LMA): undefined if petiole is in- or excluded)",124495,try_31847,36,4,0.00221550855998637,0.005169345065962219,0.007217847768792066
297,Leaf mass per area,"Leaf area per leaf dry mass (specific leaf area, SLA or 1/LMA): undefined if petiole is in- or excluded)",124496,try_31848,54,6,0.0037009622500480768,0.006064985111446624,0.0111833550100242
297,Leaf mass per area,"Leaf area per leaf dry mass (specific leaf area, SLA or 1/LMA): undefined if petiole is in- or excluded)",124497,try_31849,27,3,0.004353835522006878,0.0060435699230297945,0.01565865782992568
297,Leaf mass per area,"Leaf area per leaf dry mass (specific leaf area, SLA or 1/LMA): undefined if petiole is in- or excluded)",124498,try_31850,18,2,0.002737020315969166,0.00884899583098493,0.01794019933997064
297,Leaf mass per area,"Leaf area per leaf dry mass (specific leaf area, SLA or 1/LMA): undefined if petiole is in- or excluded)",124499,try_31851,36,4,0.0028776978419750533,0.006356228334858054,0.009197651663009104
297,Leaf mass per area,"Leaf area per leaf dry mass (specific leaf area, SLA or 1/LMA): undefined if petiole is in- or excluded)",124500,try_31852,18,2,0.0018650793649957324,0.010439185280961437,0.024229691880025443
297,Leaf mass per area,"Leaf area per leaf dry mass (specific leaf area, SLA or 1/LMA): undefined if petiole is in- or excluded)",124501,try_31853,36,4,0.0043984476070456835,0.0060770731274590525,0.00837438423616443
297,Leaf mass per area,"Leaf area per leaf dry mass (specific leaf area, SLA or 1/LMA): undefined if petiole is in- or excluded)",124502,try_31854,60,1,0.005413508786924417,0.006727188364613976,0.008506071506803378
297,Leaf mass per area,"Leaf area per leaf dry mass (specific leaf area, SLA or 1/LMA): undefined if petiole is in- or excluded)",124503,try_31855,80,1,0.005515149426079763,0.007476266523697773,0.009345129867325512
297,Leaf mass per area,"Leaf area per leaf dry mass (specific leaf area, SLA or 1/LMA): undefined if petiole is in- or excluded)",124504,try_31856,54,6,0.004444839541094993,0.008094037074569236,0.02374858168011001
297,Leaf mass per area,"Leaf area per leaf dry mass (specific leaf area, SLA or 1/LMA): undefined if petiole is in- or excluded)",124505,try_31857,60,1,0.0061219595320506975,0.008595099692490475,0.010153096390039591
297,Leaf mass per area,"Leaf area per leaf dry mass (specific leaf area, SLA or 1/LMA): undefined if petiole is in- or excluded)",124506,try_31858,20,1,0.0067990528218300865,0.008103282299504872,0.009344665593599654
297,Leaf mass per area,"Leaf area per leaf dry mass (specific leaf area, SLA or 1/LMA): undefined if petiole is in- or excluded)",124507,try_31859,30,1,0.006287236909168696,0.007565794549844291,0.008855748709274625
297,Leaf mass per area,"Leaf area per leaf dry mass (specific leaf area, SLA or 1/LMA): undefined if petiole is in- or excluded)",124518,try_31870,6,1,0.0052028595849671995,0.005371430739550412,0.005936563291161226
297,Leaf mass per area,"Leaf area per leaf dry mass (specific leaf area, SLA or 1/LMA): undefined if petiole is in- or excluded)",124519,try_31871,1,1,0.009168991382139911,0.009168991382139911,0.009168991382139911
297,Leaf mass per area,"Leaf area per leaf dry mass (specific leaf area, SLA or 1/LMA): undefined if petiole is in- or excluded)",124520,try_31872,4,1,0.006839316615787416,0.0070101050769131885,0.007562773246887512
297,Leaf mass per area,"Leaf area per leaf dry mass (specific leaf area, SLA or 1/LMA): undefined if petiole is in- or excluded)",124521,try_31873,2,1,0.005773040207842578,0.005899799407893536,0.006026558607944493
297,Leaf mass per area,"Leaf area per leaf dry mass (specific leaf area, SLA or 1/LMA): undefined if petiole is in- or excluded)",124522,try_31874,4,1,0.004854319020920378,0.005171317949528241,0.007214391467216007
297,Leaf mass per area,"Leaf area per leaf dry mass (specific leaf area, SLA or 1/LMA): undefined if petiole is in- or excluded)",124523,try_31875,4,1,0.0036602947229904216,0.00449353343358002,0.005173164840131954
297,Leaf mass per area,"Leaf area per leaf dry mass (specific leaf area, SLA or 1/LMA): undefined if petiole is in- or excluded)",124524,try_31876,4,1,0.00430572237200791,0.0054959137520027655,0.006255299724891625
297,Leaf mass per area,"Leaf area per leaf dry mass (specific leaf area, SLA or 1/LMA): undefined if petiole is in- or excluded)",124525,try_31877,4,1,0.005136186834980091,0.005734198112971533,0.0065066187338257645
297,Leaf mass per area,"Leaf area per leaf dry mass (specific leaf area, SLA or 1/LMA): undefined if petiole is in- or excluded)",124526,try_31878,4,1,0.007138012077967986,0.008446143618903893,0.009809217600792574
297,Leaf mass per area,"Leaf area per leaf dry mass (specific leaf area, SLA or 1/LMA): undefined if petiole is in- or excluded)",124527,try_31879,4,1,0.008521475576178189,0.008700507998018206,0.009206901521590531
297,Leaf mass per area,"Leaf area per leaf dry mass (specific leaf area, SLA or 1/LMA): undefined if petiole is in- or excluded)",124528,try_31880,4,1,0.007781617061109124,0.008861962057557165,0.009545827558732912
297,Leaf mass per area,"Leaf area per leaf dry mass (specific leaf area, SLA or 1/LMA): undefined if petiole is in- or excluded)",124529,try_31881,4,1,0.004524574348075624,0.007697519684031687,0.00872257037271059
297,Leaf mass per area,"Leaf area per leaf dry mass (specific leaf area, SLA or 1/LMA): undefined if petiole is in- or excluded)",124530,try_31882,4,1,0.005842586746122149,0.007088376984540994,0.007948258309153132
297,Leaf mass per area,"Leaf area per leaf dry mass (specific leaf area, SLA or 1/LMA): undefined if petiole is in- or excluded)",124531,try_31883,4,1,0.005704233816131137,0.007022935029616267,0.00757112610799064
297,Leaf mass per area,"Leaf area per leaf dry mass (specific leaf area, SLA or 1/LMA): undefined if petiole is in- or excluded)",124532,try_31884,4,1,0.009332949165004472,0.011074368440040486,0.011874522810003327
297,Leaf mass per area,"Leaf area per leaf dry mass (specific leaf area, SLA or 1/LMA): undefined if petiole is in- or excluded)",124533,try_31885,4,1,0.007959186811825477,0.0089936147237827,0.009522229982648156
297,Leaf mass per area,"Leaf area per leaf dry mass (specific leaf area, SLA or 1/LMA): undefined if petiole is in- or excluded)",124534,try_31886,1,1,0.0069196007337953705,0.0069196007337953705,0.0069196007337953705
297,Leaf mass per area,"Leaf area per leaf dry mass (specific leaf area, SLA or 1/LMA): undefined if petiole is in- or excluded)",124535,try_31887,3,1,0.00524314971394058,0.005975032509037538,0.006991426026239877
297,Leaf mass per area,"Leaf area per leaf dry mass (specific leaf area, SLA or 1/LMA): undefined if petiole is in- or excluded)",124536,try_31888,4,1,0.0057759108011216235,0.006179383827825714,0.009375534436812341
297,Leaf mass per area,"Leaf area per leaf dry mass (specific leaf area, SLA or 1/LMA): undefined if petiole is in- or excluded)",124537,try_31889,4,1,0.006189339497852589,0.0073404630680432795,0.008035385235684462
297,Leaf mass per area,"Leaf area per leaf dry mass (specific leaf area, SLA or 1/LMA): undefined if petiole is in- or excluded)",124538,try_31890,4,1,0.006322748556167457,0.00679786592654233,0.007493122384979762
297,Leaf mass per area,"Leaf area per leaf dry mass (specific leaf area, SLA or 1/LMA): undefined if petiole is in- or excluded)",124539,try_31891,317,4,0.003183462971053657,0.005635095374125295,0.009616740822731947
297,Leaf mass per area,"Leaf area per leaf dry mass (specific leaf area, SLA or 1/LMA): undefined if petiole is in- or excluded)",124540,try_31892,350,4,0.0023525813699081318,0.005879139301503904,0.011665770600258843
297,Leaf mass per area,"Leaf area per leaf dry mass (specific leaf area, SLA or 1/LMA): undefined if petiole is in- or excluded)",124541,try_31893,285,4,0.0026232604504138196,0.00618520992602489,0.010050554288068987
297,Leaf mass per area,"Leaf area per leaf dry mass (specific leaf area, SLA or 1/LMA): undefined if petiole is in- or excluded)",124542,try_31894,2,1,0.008329520436352822,0.008329520436352822,0.008329520436352822
297,Leaf mass per area,"Leaf area per leaf dry mass (specific leaf area, SLA or 1/LMA): undefined if petiole is in- or excluded)",124543,try_31895,2,1,0.009376900464180663,0.009376900464180663,0.009376900464180663
297,Leaf mass per area,"Leaf area per leaf dry mass (specific leaf area, SLA or 1/LMA): undefined if petiole is in- or excluded)",124544,try_31896,2,1,0.00960761134370337,0.00960761134370337,0.00960761134370337
297,Leaf mass per area,"Leaf area per leaf dry mass (specific leaf area, SLA or 1/LMA): undefined if petiole is in- or excluded)",124545,try_31897,2,1,0.00907640932320862,0.00907640932320862,0.00907640932320862
297,Leaf mass per area,"Leaf area per leaf dry mass (specific leaf area, SLA or 1/LMA): undefined if petiole is in- or excluded)",124546,try_31898,2,1,0.007535318807287124,0.007535318807287124,0.007535318807287124
297,Leaf mass per area,"Leaf area per leaf dry mass (specific leaf area, SLA or 1/LMA): undefined if petiole is in- or excluded)",124547,try_31899,2,1,0.010070648530199485,0.010070648530199485,0.010070648530199485
297,Leaf mass per area,"Leaf area per leaf dry mass (specific leaf area, SLA or 1/LMA): undefined if petiole is in- or excluded)",124548,try_31900,2,1,0.007428687656332762,0.007428687656332762,0.007428687656332762
297,Leaf mass per area,"Leaf area per leaf dry mass (specific leaf area, SLA or 1/LMA): undefined if petiole is in- or excluded)",124549,try_31901,2,1,0.007166534873958948,0.007166534873958948,0.007166534873958948
297,Leaf mass per area,"Leaf area per leaf dry mass (specific leaf area, SLA or 1/LMA): undefined if petiole is in- or excluded)",124550,try_31902,12,6,0.00481000481000481,0.006409663270321409,0.010194469062948
297,Leaf mass per area,"Leaf area per leaf dry mass (specific leaf area, SLA or 1/LMA): undefined if petiole is in- or excluded)",124551,try_31903,2,1,0.004472271914132379,0.004472271914132379,0.004472271914132379
297,Leaf mass per area,"Leaf area per leaf dry mass (specific leaf area, SLA or 1/LMA): undefined if petiole is in- or excluded)",124552,try_31904,12,6,0.005327777364280984,0.008680778778203052,0.010330852464298799
297,Leaf mass per area,"Leaf area per leaf dry mass (specific leaf area, SLA or 1/LMA): undefined if petiole is in- or excluded)",124553,try_31905,4,2,0.00843353023237488,0.01994003555643901,0.031446540880503145
297,Leaf mass per area,"Leaf area per leaf dry mass (specific leaf area, SLA or 1/LMA): undefined if petiole is in- or excluded)",124554,try_31906,2,1,0.008244604087243562,0.008244604087243562,0.008244604087243562
297,Leaf mass per area,"Leaf area per leaf dry mass (specific leaf area, SLA or 1/LMA): undefined if petiole is in- or excluded)",124555,try_31907,2,1,0.005438099735748133,0.005438099735748133,0.005438099735748133
297,Leaf mass per area,"Leaf area per leaf dry mass (specific leaf area, SLA or 1/LMA): undefined if petiole is in- or excluded)",124556,try_31908,2,1,0.011876238362058436,0.011876238362058436,0.011876238362058436
297,Leaf mass per area,"Leaf area per leaf dry mass (specific leaf area, SLA or 1/LMA): undefined if petiole is in- or excluded)",124557,try_31909,3,2,0.008720742360895631,0.008720742360895631,0.010662895368906258
297,Leaf mass per area,"Leaf area per leaf dry mass (specific leaf area, SLA or 1/LMA): undefined if petiole is in- or excluded)",124558,try_31910,2,1,0.0063878810567829045,0.0063878810567829045,0.0063878810567829045
297,Leaf mass per area,"Leaf area per leaf dry mass (specific leaf area, SLA or 1/LMA): undefined if petiole is in- or excluded)",124559,try_31911,2,1,0.015883671000309123,0.015883671000309123,0.015883671000309123
297,Leaf mass per area,"Leaf area per leaf dry mass (specific leaf area, SLA or 1/LMA): undefined if petiole is in- or excluded)",124560,try_31912,2,1,0.01219589709626239,0.01219589709626239,0.01219589709626239
297,Leaf mass per area,"Leaf area per leaf dry mass (specific leaf area, SLA or 1/LMA): undefined if petiole is in- or excluded)",124561,try_31913,2,1,0.012823481059672239,0.012823481059672239,0.012823481059672239
297,Leaf mass per area,"Leaf area per leaf dry mass (specific leaf area, SLA or 1/LMA): undefined if petiole is in- or excluded)",124562,try_31914,2,1,0.01197057645460727,0.01197057645460727,0.01197057645460727
297,Leaf mass per area,"Leaf area per leaf dry mass (specific leaf area, SLA or 1/LMA): undefined if petiole is in- or excluded)",124563,try_31915,4,2,0.009484322755493994,0.018926558540867562,0.028368794326241134
297,Leaf mass per area,"Leaf area per leaf dry mass (specific leaf area, SLA or 1/LMA): undefined if petiole is in- or excluded)",124564,try_31916,4,2,0.008551042034800872,0.00875267843173332,0.00895431482866577
297,Leaf mass per area,"Leaf area per leaf dry mass (specific leaf area, SLA or 1/LMA): undefined if petiole is in- or excluded)",124565,try_31917,2,1,0.007665672085191824,0.007665672085191824,0.007665672085191824
297,Leaf mass per area,"Leaf area per leaf dry mass (specific leaf area, SLA or 1/LMA): undefined if petiole is in- or excluded)",124566,try_31918,4,2,0.007608733624386102,0.008000534695560401,0.0083923357667347
297,Leaf mass per area,"Leaf area per leaf dry mass (specific leaf area, SLA or 1/LMA): undefined if petiole is in- or excluded)",124567,try_31919,2,1,0.009294629552039989,0.009294629552039989,0.009294629552039989
297,Leaf mass per area,"Leaf area per leaf dry mass (specific leaf area, SLA or 1/LMA): undefined if petiole is in- or excluded)",124568,try_31920,4,2,0.005724751971468445,0.007047172846792687,0.008369593722116929
297,Leaf mass per area,"Leaf area per leaf dry mass (specific leaf area, SLA or 1/LMA): undefined if petiole is in- or excluded)",124569,try_31921,2,1,0.01270301181859911,0.01270301181859911,0.01270301181859911
297,Leaf mass per area,"Leaf area per leaf dry mass (specific leaf area, SLA or 1/LMA): undefined if petiole is in- or excluded)",124570,try_31922,2,1,0.009496717761311493,0.009496717761311493,0.009496717761311493
297,Leaf mass per area,"Leaf area per leaf dry mass (specific leaf area, SLA or 1/LMA): undefined if petiole is in- or excluded)",124571,try_31923,4,2,0.00674142566705174,0.007586329776751272,0.008431233886450805
297,Leaf mass per area,"Leaf area per leaf dry mass (specific leaf area, SLA or 1/LMA): undefined if petiole is in- or excluded)",124572,try_31924,2,1,0.008863874815124411,0.008863874815124411,0.008863874815124411
297,Leaf mass per area,"Leaf area per leaf dry mass (specific leaf area, SLA or 1/LMA): undefined if petiole is in- or excluded)",124573,try_31925,4,2,0.0049139634920696085,0.007552301504300413,0.010190639516531217
297,Leaf mass per area,"Leaf area per leaf dry mass (specific leaf area, SLA or 1/LMA): undefined if petiole is in- or excluded)",124574,try_31926,6,3,0.006525934783006792,0.008010712049760905,0.015566050001265003
297,Leaf mass per area,"Leaf area per leaf dry mass (specific leaf area, SLA or 1/LMA): undefined if petiole is in- or excluded)",124575,try_31927,2,1,0.010410360914565151,0.010410360914565151,0.010410360914565151
297,Leaf mass per area,"Leaf area per leaf dry mass (specific leaf area, SLA or 1/LMA): undefined if petiole is in- or excluded)",124576,try_31928,2,1,0.00966453248577837,0.00966453248577837,0.00966453248577837
297,Leaf mass per area,"Leaf area per leaf dry mass (specific leaf area, SLA or 1/LMA): undefined if petiole is in- or excluded)",124577,try_31929,4,2,0.011219893260970613,0.012147540573665312,0.013075187886360008
297,Leaf mass per area,"Leaf area per leaf dry mass (specific leaf area, SLA or 1/LMA): undefined if petiole is in- or excluded)",124578,try_31930,4,2,0.011426609198089877,0.011558639782768849,0.01169067036744782
297,Leaf mass per area,"Leaf area per leaf dry mass (specific leaf area, SLA or 1/LMA): undefined if petiole is in- or excluded)",124579,try_31931,2,1,0.01668457666431019,0.01668457666431019,0.01668457666431019
297,Leaf mass per area,"Leaf area per leaf dry mass (specific leaf area, SLA or 1/LMA): undefined if petiole is in- or excluded)",124580,try_31932,2,1,0.012934215079949508,0.012934215079949508,0.012934215079949508
297,Leaf mass per area,"Leaf area per leaf dry mass (specific leaf area, SLA or 1/LMA): undefined if petiole is in- or excluded)",124581,try_31933,3,2,0.012807179957703353,0.012807179957703353,0.015241109352859716
297,Leaf mass per area,"Leaf area per leaf dry mass (specific leaf area, SLA or 1/LMA): undefined if petiole is in- or excluded)",124582,try_31934,8,2,0.0065061808718282375,0.01358000675954889,0.022605207899836416
297,Leaf mass per area,"Leaf area per leaf dry mass (specific leaf area, SLA or 1/LMA): undefined if petiole is in- or excluded)",124583,try_31935,4,1,0.012069818465507897,0.013108602224938619,0.01414738598436934
297,Leaf mass per area,"Leaf area per leaf dry mass (specific leaf area, SLA or 1/LMA): undefined if petiole is in- or excluded)",124584,try_31936,4,1,0.010802139037403118,0.013077125856717836,0.015352112676032554
297,Leaf mass per area,"Leaf area per leaf dry mass (specific leaf area, SLA or 1/LMA): undefined if petiole is in- or excluded)",124585,try_31937,2,1,0.009895833333230252,0.009895833333230252,0.009895833333230252
297,Leaf mass per area,"Leaf area per leaf dry mass (specific leaf area, SLA or 1/LMA): undefined if petiole is in- or excluded)",124586,try_31938,6,3,0.006046274010069559,0.010234395463792066,0.014603401743993912
297,Leaf mass per area,"Leaf area per leaf dry mass (specific leaf area, SLA or 1/LMA): undefined if petiole is in- or excluded)",124587,try_31939,2,1,0.007447859038128089,0.007447859038128089,0.007447859038128089
297,Leaf mass per area,"Leaf area per leaf dry mass (specific leaf area, SLA or 1/LMA): undefined if petiole is in- or excluded)",124588,try_31940,2,1,0.008262719314000988,0.008262719314000988,0.008262719314000988
297,Leaf mass per area,"Leaf area per leaf dry mass (specific leaf area, SLA or 1/LMA): undefined if petiole is in- or excluded)",124589,try_31941,4,2,0.00839576179023104,0.010146900697342295,0.011898039604453552
297,Leaf mass per area,"Leaf area per leaf dry mass (specific leaf area, SLA or 1/LMA): undefined if petiole is in- or excluded)",124590,try_31942,8,3,0.005288207297726071,0.007862678794517713,0.011101321585948076
297,Leaf mass per area,"Leaf area per leaf dry mass (specific leaf area, SLA or 1/LMA): undefined if petiole is in- or excluded)",124591,try_31943,4,2,0.008675676252809798,0.0087238030386856,0.008771929824561403
297,Leaf mass per area,"Leaf area per leaf dry mass (specific leaf area, SLA or 1/LMA): undefined if petiole is in- or excluded)",124592,try_31944,2,1,0.0087070091423596,0.0087070091423596,0.0087070091423596
297,Leaf mass per area,"Leaf area per leaf dry mass (specific leaf area, SLA or 1/LMA): undefined if petiole is in- or excluded)",124593,try_31945,2,1,0.01288354911332081,0.01288354911332081,0.01288354911332081
297,Leaf mass per area,"Leaf area per leaf dry mass (specific leaf area, SLA or 1/LMA): undefined if petiole is in- or excluded)",124594,try_31946,2,1,0.009294482362852912,0.009294482362852912,0.009294482362852912
297,Leaf mass per area,"Leaf area per leaf dry mass (specific leaf area, SLA or 1/LMA): undefined if petiole is in- or excluded)",124595,try_31947,2,1,0.00961807838389094,0.00961807838389094,0.00961807838389094
297,Leaf mass per area,"Leaf area per leaf dry mass (specific leaf area, SLA or 1/LMA): undefined if petiole is in- or excluded)",124596,try_31948,4,2,0.006370821380390827,0.00826481591521858,0.010158810450046333
297,Leaf mass per area,"Leaf area per leaf dry mass (specific leaf area, SLA or 1/LMA): undefined if petiole is in- or excluded)",124597,try_31949,4,2,0.0054296089854128675,0.00902046183630153,0.012611314687190194
297,Leaf mass per area,"Leaf area per leaf dry mass (specific leaf area, SLA or 1/LMA): undefined if petiole is in- or excluded)",124598,try_31950,4,2,0.005815367999888733,0.006793138086807384,0.007770908173726035
297,Leaf mass per area,"Leaf area per leaf dry mass (specific leaf area, SLA or 1/LMA): undefined if petiole is in- or excluded)",124599,try_31951,4,2,0.0065184740161721355,0.007520713832542908,0.008522953648913681
297,Leaf mass per area,"Leaf area per leaf dry mass (specific leaf area, SLA or 1/LMA): undefined if petiole is in- or excluded)",124600,try_31952,2,1,0.007460746460735227,0.007460746460735227,0.007460746460735227
297,Leaf mass per area,"Leaf area per leaf dry mass (specific leaf area, SLA or 1/LMA): undefined if petiole is in- or excluded)",124601,try_31953,2,1,0.008227936066859372,0.008227936066859372,0.008227936066859372
297,Leaf mass per area,"Leaf area per leaf dry mass (specific leaf area, SLA or 1/LMA): undefined if petiole is in- or excluded)",124602,try_31954,2,1,0.007128205128417147,0.007128205128417147,0.007128205128417147
297,Leaf mass per area,"Leaf area per leaf dry mass (specific leaf area, SLA or 1/LMA): undefined if petiole is in- or excluded)",124603,try_31955,4,2,0.008151377986580803,0.008516186328992,0.008880994671403198
297,Leaf mass per area,"Leaf area per leaf dry mass (specific leaf area, SLA or 1/LMA): undefined if petiole is in- or excluded)",124604,try_31956,2,1,0.007389464154547536,0.007389464154547536,0.007389464154547536
297,Leaf mass per area,"Leaf area per leaf dry mass (specific leaf area, SLA or 1/LMA): undefined if petiole is in- or excluded)",124605,try_31957,4,1,0.009413943255378993,0.010258672471415084,0.011103401687451173
297,Leaf mass per area,"Leaf area per leaf dry mass (specific leaf area, SLA or 1/LMA): undefined if petiole is in- or excluded)",124606,try_31958,2,1,0.013666009288385197,0.013666009288385197,0.013666009288385197
297,Leaf mass per area,"Leaf area per leaf dry mass (specific leaf area, SLA or 1/LMA): undefined if petiole is in- or excluded)",124607,try_31959,2,1,0.013367581354095279,0.013367581354095279,0.013367581354095279
297,Leaf mass per area,"Leaf area per leaf dry mass (specific leaf area, SLA or 1/LMA): undefined if petiole is in- or excluded)",124608,try_31960,2,1,0.009748883382516994,0.009748883382516994,0.009748883382516994
297,Leaf mass per area,"Leaf area per leaf dry mass (specific leaf area, SLA or 1/LMA): undefined if petiole is in- or excluded)",124609,try_31961,2,1,0.010638297872340425,0.010638297872340425,0.010638297872340425
297,Leaf mass per area,"Leaf area per leaf dry mass (specific leaf area, SLA or 1/LMA): undefined if petiole is in- or excluded)",124610,try_31962,4,2,0.0034025178632187823,0.006292627159341255,0.009182736455463728
297,Leaf mass per area,"Leaf area per leaf dry mass (specific leaf area, SLA or 1/LMA): undefined if petiole is in- or excluded)",124611,try_31963,2,1,0.007816805042476291,0.007816805042476291,0.007816805042476291
297,Leaf mass per area,"Leaf area per leaf dry mass (specific leaf area, SLA or 1/LMA): undefined if petiole is in- or excluded)",124612,try_31964,2,1,0.011737510017787271,0.011737510017787271,0.011737510017787271
297,Leaf mass per area,"Leaf area per leaf dry mass (specific leaf area, SLA or 1/LMA): undefined if petiole is in- or excluded)",124613,try_31965,2,1,0.009426898678299333,0.009426898678299333,0.009426898678299333
297,Leaf mass per area,"Leaf area per leaf dry mass (specific leaf area, SLA or 1/LMA): undefined if petiole is in- or excluded)",124614,try_31966,2,1,0.00903186139297194,0.00903186139297194,0.00903186139297194
297,Leaf mass per area,"Leaf area per leaf dry mass (specific leaf area, SLA or 1/LMA): undefined if petiole is in- or excluded)",124615,try_31967,2,1,0.047140336689599896,0.047140336689599896,0.047140336689599896
297,Leaf mass per area,"Leaf area per leaf dry mass (specific leaf area, SLA or 1/LMA): undefined if petiole is in- or excluded)",124616,try_31968,2,1,0.013741115578080628,0.013741115578080628,0.013741115578080628
297,Leaf mass per area,"Leaf area per leaf dry mass (specific leaf area, SLA or 1/LMA): undefined if petiole is in- or excluded)",124617,try_31969,2,1,0.01179543622093984,0.01179543622093984,0.01179543622093984
297,Leaf mass per area,"Leaf area per leaf dry mass (specific leaf area, SLA or 1/LMA): undefined if petiole is in- or excluded)",124618,try_31970,2,1,0.014866373893283413,0.014866373893283413,0.014866373893283413
297,Leaf mass per area,"Leaf area per leaf dry mass (specific leaf area, SLA or 1/LMA): undefined if petiole is in- or excluded)",124619,try_31971,543,30,0.0015714003556331685,0.006055776894167394,0.01829931972745546
297,Leaf mass per area,"Leaf area per leaf dry mass (specific leaf area, SLA or 1/LMA): undefined if petiole is in- or excluded)",124620,try_31972,752,43,5.62382659209645e-4,0.007558635159211777,0.02291708669580602
297,Leaf mass per area,"Leaf area per leaf dry mass (specific leaf area, SLA or 1/LMA): undefined if petiole is in- or excluded)",124621,try_31973,118,118,0.0017739462866035406,0.004422559922020565,0.023254066495295635
297,Leaf mass per area,"Leaf area per leaf dry mass (specific leaf area, SLA or 1/LMA): undefined if petiole is in- or excluded)",124622,try_31974,80,8,0.0064130434782538985,0.015229310455438655,0.035891601158126785
297,Leaf mass per area,"Leaf area per leaf dry mass (specific leaf area, SLA or 1/LMA): undefined if petiole is in- or excluded)",124623,try_31975,110,11,0.009289520425977542,0.022191454245248154,0.09887039238978264
297,Leaf mass per area,"Leaf area per leaf dry mass (specific leaf area, SLA or 1/LMA): undefined if petiole is in- or excluded)",124624,try_31976,80,9,0.004358180519220013,0.013495024805420447,0.038933148596830634
297,Leaf mass per area,"Leaf area per leaf dry mass (specific leaf area, SLA or 1/LMA): undefined if petiole is in- or excluded)",124625,try_31977,50,5,0.0024519005162025264,0.007333662012150388,0.01417777777767759
297,Leaf mass per area,"Leaf area per leaf dry mass (specific leaf area, SLA or 1/LMA): undefined if petiole is in- or excluded)",124626,try_31978,108,11,0.003761467889859944,0.021077979537325195,0.07356042173382636
297,Leaf mass per area,"Leaf area per leaf dry mass (specific leaf area, SLA or 1/LMA): undefined if petiole is in- or excluded)",124627,try_31979,100,10,0.004081632653061225,0.02039106192942688,0.03697661772710598
297,Leaf mass per area,"Leaf area per leaf dry mass (specific leaf area, SLA or 1/LMA): undefined if petiole is in- or excluded)",124628,try_31980,40,4,0.004598060681831741,0.023565613491131128,0.038570022958792284
297,Leaf mass per area,"Leaf area per leaf dry mass (specific leaf area, SLA or 1/LMA): undefined if petiole is in- or excluded)",124629,try_31981,92,9,0.007589805825077105,0.018576432225951275,0.03603995901609526
297,Leaf mass per area,"Leaf area per leaf dry mass (specific leaf area, SLA or 1/LMA): undefined if petiole is in- or excluded)",124630,try_31982,86,9,0.003666701537817188,0.016440938707714584,0.0707051684466485
297,Leaf mass per area,"Leaf area per leaf dry mass (specific leaf area, SLA or 1/LMA): undefined if petiole is in- or excluded)",124631,try_31983,76,8,0.007583656216837303,0.017853281117919607,0.08618468146192539
297,Leaf mass per area,"Leaf area per leaf dry mass (specific leaf area, SLA or 1/LMA): undefined if petiole is in- or excluded)",124632,try_31984,60,6,0.010815047021936794,0.019586840205781598,0.03988028432523007
297,Leaf mass per area,"Leaf area per leaf dry mass (specific leaf area, SLA or 1/LMA): undefined if petiole is in- or excluded)",124633,try_31985,40,4,0.008052580330808867,0.020398294882819502,0.03460936388179053
297,Leaf mass per area,"Leaf area per leaf dry mass (specific leaf area, SLA or 1/LMA): undefined if petiole is in- or excluded)",124635,try_31987,10,1,0.0017794227552581942,0.0022573065020685505,0.0025833451736653793
297,Leaf mass per area,"Leaf area per leaf dry mass (specific leaf area, SLA or 1/LMA): undefined if petiole is in- or excluded)",124636,try_31988,49,3,0.0014850632339925035,0.002556720852103926,0.0051215340018642384
297,Leaf mass per area,"Leaf area per leaf dry mass (specific leaf area, SLA or 1/LMA): undefined if petiole is in- or excluded)",124637,try_31989,10,1,0.0020752442043617484,0.003119973040134222,0.00420441884420526
297,Leaf mass per area,"Leaf area per leaf dry mass (specific leaf area, SLA or 1/LMA): undefined if petiole is in- or excluded)",124638,try_31990,10,1,0.0034528479089553066,0.0037353960182649262,0.005967441638420777
297,Leaf mass per area,"Leaf area per leaf dry mass (specific leaf area, SLA or 1/LMA): undefined if petiole is in- or excluded)",124639,try_31991,6,1,0.0017141573973605405,0.0020647422248989476,0.002365934331126705
297,Leaf mass per area,"Leaf area per leaf dry mass (specific leaf area, SLA or 1/LMA): undefined if petiole is in- or excluded)",124640,try_31992,9,1,0.0024136399621541254,0.008733014287211373,0.012144323136150006
297,Leaf mass per area,"Leaf area per leaf dry mass (specific leaf area, SLA or 1/LMA): undefined if petiole is in- or excluded)",124641,try_31993,9,1,0.0021838400206154497,0.0029567953069744887,0.00333310001633219
297,Leaf mass per area,"Leaf area per leaf dry mass (specific leaf area, SLA or 1/LMA): undefined if petiole is in- or excluded)",124642,try_31994,10,1,0.0040413837698027805,0.004909714031206309,0.005319148936170213
297,Leaf mass per area,"Leaf area per leaf dry mass (specific leaf area, SLA or 1/LMA): undefined if petiole is in- or excluded)",124643,try_31995,10,1,0.0030303030303030303,0.0040099718897078414,0.00464155584952076
297,Leaf mass per area,"Leaf area per leaf dry mass (specific leaf area, SLA or 1/LMA): undefined if petiole is in- or excluded)",124644,try_31996,2031,35,0.001228259801513216,0.004182215930985244,0.013016237204388473
297,Leaf mass per area,"Leaf area per leaf dry mass (specific leaf area, SLA or 1/LMA): undefined if petiole is in- or excluded)",124656,try_32008,22,13,0.0081000000002268,0.020099999999934975,0.04310000000091372
297,Leaf mass per area,"Leaf area per leaf dry mass (specific leaf area, SLA or 1/LMA): undefined if petiole is in- or excluded)",124661,try_32013,9,1,0.0211864406779661,0.02247191011235955,0.02551020408163265
297,Leaf mass per area,"Leaf area per leaf dry mass (specific leaf area, SLA or 1/LMA): undefined if petiole is in- or excluded)",124662,try_32014,666,2,0.0038600000000440036,0.006870731439811871,0.011644876862301094
297,Leaf mass per area,"Leaf area per leaf dry mass (specific leaf area, SLA or 1/LMA): undefined if petiole is in- or excluded)",124664,try_32016,15,3,0.008271298593879239,0.011547344110854504,0.015384615384615385
297,Leaf mass per area,"Leaf area per leaf dry mass (specific leaf area, SLA or 1/LMA): undefined if petiole is in- or excluded)",124665,try_32017,5,1,0.013401232913428035,0.014585764294049008,0.01729804532087874
297,Leaf mass per area,"Leaf area per leaf dry mass (specific leaf area, SLA or 1/LMA): undefined if petiole is in- or excluded)",124666,try_32018,6,1,0.024582104228121928,0.0300562084971408,0.031575623618566466
297,Leaf mass per area,"Leaf area per leaf dry mass (specific leaf area, SLA or 1/LMA): undefined if petiole is in- or excluded)",124667,try_32019,2,1,0.033277870216306155,0.037038771909458666,0.04079967360261118
297,Leaf mass per area,"Leaf area per leaf dry mass (specific leaf area, SLA or 1/LMA): undefined if petiole is in- or excluded)",124670,try_32022,14,14,0.0031399999999962317,0.0064849999999590565,0.009039999999717952
297,Leaf mass per area,"Leaf area per leaf dry mass (specific leaf area, SLA or 1/LMA): undefined if petiole is in- or excluded)",124703,try_32055,10,10,0.0037000000000036995,0.006900000000159454,0.010310000000028352
297,Leaf mass per area,"Leaf area per leaf dry mass (specific leaf area, SLA or 1/LMA): undefined if petiole is in- or excluded)",124705,try_32057,15,15,0.0031000000000123997,0.006120000000017136,0.02230000000017617
297,Leaf mass per area,"Leaf area per leaf dry mass (specific leaf area, SLA or 1/LMA): undefined if petiole is in- or excluded)",124708,try_32060,34,34,0.00300000000003,0.0068500000000312495,0.0101000000000101
297,Leaf mass per area,"Leaf area per leaf dry mass (specific leaf area, SLA or 1/LMA): undefined if petiole is in- or excluded)",124711,try_32063,2,2,0.0091699999999514,0.009335000000189449,0.0095000000004275
297,Leaf mass per area,"Leaf area per leaf dry mass (specific leaf area, SLA or 1/LMA): undefined if petiole is in- or excluded)",124712,try_32064,3,3,0.015929999999955716,0.019820000000011495,0.020529999999975367
297,Leaf mass per area,"Leaf area per leaf dry mass (specific leaf area, SLA or 1/LMA): undefined if petiole is in- or excluded)",124713,try_32065,2,1,0.01479999999990528,0.01489999999991514,0.014999999999925
297,Leaf mass per area,"Leaf area per leaf dry mass (specific leaf area, SLA or 1/LMA): undefined if petiole is in- or excluded)",124714,try_32066,2,1,0.025100000000125498,0.030050000000325247,0.035000000000525
297,Leaf mass per area,"Leaf area per leaf dry mass (specific leaf area, SLA or 1/LMA): undefined if petiole is in- or excluded)",124717,try_32069,12,12,0.00251000000001255,0.004585000000002035,0.009039999999717952
297,Leaf mass per area,"Leaf area per leaf dry mass (specific leaf area, SLA or 1/LMA): undefined if petiole is in- or excluded)",124718,try_32070,1,1,0.004199999999916,0.004199999999916,0.004199999999916
297,Leaf mass per area,"Leaf area per leaf dry mass (specific leaf area, SLA or 1/LMA): undefined if petiole is in- or excluded)",124719,try_32071,15,15,0.0021000000000020998,0.005,0.01
297,Leaf mass per area,"Leaf area per leaf dry mass (specific leaf area, SLA or 1/LMA): undefined if petiole is in- or excluded)",124720,try_32072,16,4,0.005575379125780553,0.009252028297027988,0.020916126333403052
297,Leaf mass per area,"Leaf area per leaf dry mass (specific leaf area, SLA or 1/LMA): undefined if petiole is in- or excluded)",124725,try_32077,142,1,0.006785000000049191,0.009662500000120257,0.013949999999926065
297,Leaf mass per area,"Leaf area per leaf dry mass (specific leaf area, SLA or 1/LMA): undefined if petiole is in- or excluded)",124727,try_32079,61,1,0.0032391214017996896,0.008807422344418616,0.01288178888730261
297,Leaf mass per area,"Leaf area per leaf dry mass (specific leaf area, SLA or 1/LMA): undefined if petiole is in- or excluded)",124728,try_32080,21,1,0.0025804321439864605,0.007782040097377007,0.010898930502959751
297,Leaf mass per area,"Leaf area per leaf dry mass (specific leaf area, SLA or 1/LMA): undefined if petiole is in- or excluded)",124729,try_32081,32,1,0.004685521524552904,0.00805366453369221,0.012277424516754084
297,Leaf mass per area,"Leaf area per leaf dry mass (specific leaf area, SLA or 1/LMA): undefined if petiole is in- or excluded)",124730,try_32082,40,1,0.006220199589029597,0.009523831794704608,0.013913961744951324
297,Leaf mass per area,"Leaf area per leaf dry mass (specific leaf area, SLA or 1/LMA): undefined if petiole is in- or excluded)",124731,try_32083,51,1,0.008848166009423746,0.010966836612041505,0.014980087656988689
297,Leaf mass per area,"Leaf area per leaf dry mass (specific leaf area, SLA or 1/LMA): undefined if petiole is in- or excluded)",124732,try_32084,322,76,0.001191951940497759,0.006547751005189969,0.01985899574839852
297,Leaf mass per area,"Leaf area per leaf dry mass (specific leaf area, SLA or 1/LMA): undefined if petiole is in- or excluded)",124733,try_32085,1,1,0.0027932180665344543,0.0027932180665344543,0.0027932180665344543
297,Leaf mass per area,"Leaf area per leaf dry mass (specific leaf area, SLA or 1/LMA): undefined if petiole is in- or excluded)",124734,try_32086,1,1,0.013766519823788546,0.013766519823788546,0.013766519823788546
297,Leaf mass per area,"Leaf area per leaf dry mass (specific leaf area, SLA or 1/LMA): undefined if petiole is in- or excluded)",124735,try_32087,1,1,0.004506534474988734,0.004506534474988734,0.004506534474988734
297,Leaf mass per area,"Leaf area per leaf dry mass (specific leaf area, SLA or 1/LMA): undefined if petiole is in- or excluded)",124736,try_32088,1,1,0.007743534148985598,0.007743534148985598,0.007743534148985598
297,Leaf mass per area,"Leaf area per leaf dry mass (specific leaf area, SLA or 1/LMA): undefined if petiole is in- or excluded)",124737,try_32089,1,1,0.005076142131979695,0.005076142131979695,0.005076142131979695
297,Leaf mass per area,"Leaf area per leaf dry mass (specific leaf area, SLA or 1/LMA): undefined if petiole is in- or excluded)",124738,try_32090,5,5,0.004216562658121099,0.006175126590095097,0.011420740063956145
297,Leaf mass per area,"Leaf area per leaf dry mass (specific leaf area, SLA or 1/LMA): undefined if petiole is in- or excluded)",124739,try_32091,1,1,0.005762360262763628,0.005762360262763628,0.005762360262763628
297,Leaf mass per area,"Leaf area per leaf dry mass (specific leaf area, SLA or 1/LMA): undefined if petiole is in- or excluded)",124740,try_32092,1,1,0.003157662067005589,0.003157662067005589,0.003157662067005589
297,Leaf mass per area,"Leaf area per leaf dry mass (specific leaf area, SLA or 1/LMA): undefined if petiole is in- or excluded)",124741,try_32093,1,1,0.01547269070091289,0.01547269070091289,0.01547269070091289
297,Leaf mass per area,"Leaf area per leaf dry mass (specific leaf area, SLA or 1/LMA): undefined if petiole is in- or excluded)",124742,try_32094,1,1,0.006678688305616777,0.006678688305616777,0.006678688305616777
297,Leaf mass per area,"Leaf area per leaf dry mass (specific leaf area, SLA or 1/LMA): undefined if petiole is in- or excluded)",124743,try_32095,1,1,0.011580775911986104,0.011580775911986104,0.011580775911986104
297,Leaf mass per area,"Leaf area per leaf dry mass (specific leaf area, SLA or 1/LMA): undefined if petiole is in- or excluded)",124744,try_32096,1,1,0.0026050485841560946,0.0026050485841560946,0.0026050485841560946
297,Leaf mass per area,"Leaf area per leaf dry mass (specific leaf area, SLA or 1/LMA): undefined if petiole is in- or excluded)",124745,try_32097,1,1,0.006307954330410648,0.006307954330410648,0.006307954330410648
297,Leaf mass per area,"Leaf area per leaf dry mass (specific leaf area, SLA or 1/LMA): undefined if petiole is in- or excluded)",124746,try_32098,1,1,0.00471120324130783,0.00471120324130783,0.00471120324130783
297,Leaf mass per area,"Leaf area per leaf dry mass (specific leaf area, SLA or 1/LMA): undefined if petiole is in- or excluded)",124747,try_32099,1,1,0.002659150135616657,0.002659150135616657,0.002659150135616657
297,Leaf mass per area,"Leaf area per leaf dry mass (specific leaf area, SLA or 1/LMA): undefined if petiole is in- or excluded)",124748,try_32100,4,4,0.002772387025228722,0.005436172546282984,0.00814464896562958
297,Leaf mass per area,"Leaf area per leaf dry mass (specific leaf area, SLA or 1/LMA): undefined if petiole is in- or excluded)",124749,try_32101,1,1,0.0035314475403467878,0.0035314475403467878,0.0035314475403467878
297,Leaf mass per area,"Leaf area per leaf dry mass (specific leaf area, SLA or 1/LMA): undefined if petiole is in- or excluded)",124750,try_32102,1,1,0.009306654257794323,0.009306654257794323,0.009306654257794323
297,Leaf mass per area,"Leaf area per leaf dry mass (specific leaf area, SLA or 1/LMA): undefined if petiole is in- or excluded)",124751,try_32103,1,1,0.003243173120581177,0.003243173120581177,0.003243173120581177
297,Leaf mass per area,"Leaf area per leaf dry mass (specific leaf area, SLA or 1/LMA): undefined if petiole is in- or excluded)",124752,try_32104,1,1,0.011784115012962526,0.011784115012962526,0.011784115012962526
297,Leaf mass per area,"Leaf area per leaf dry mass (specific leaf area, SLA or 1/LMA): undefined if petiole is in- or excluded)",124753,try_32105,1,1,0.0050609848676552455,0.0050609848676552455,0.0050609848676552455
297,Leaf mass per area,"Leaf area per leaf dry mass (specific leaf area, SLA or 1/LMA): undefined if petiole is in- or excluded)",124754,try_32106,1,1,0.014300014300014298,0.014300014300014298,0.014300014300014298
297,Leaf mass per area,"Leaf area per leaf dry mass (specific leaf area, SLA or 1/LMA): undefined if petiole is in- or excluded)",124755,try_32107,1,1,0.011918951132300357,0.011918951132300357,0.011918951132300357
297,Leaf mass per area,"Leaf area per leaf dry mass (specific leaf area, SLA or 1/LMA): undefined if petiole is in- or excluded)",124756,try_32108,1,1,0.008087997411840828,0.008087997411840828,0.008087997411840828
297,Leaf mass per area,"Leaf area per leaf dry mass (specific leaf area, SLA or 1/LMA): undefined if petiole is in- or excluded)",124777,try_32129,15,15,0.0063411540900443885,0.007955449482895784,0.009302325581395349
297,Leaf mass per area,"Leaf area per leaf dry mass (specific leaf area, SLA or 1/LMA): undefined if petiole is in- or excluded)",124778,try_32130,27,7,0.002888086642599278,0.005354035604336769,0.019890601690701143
297,Leaf mass per area,"Leaf area per leaf dry mass (specific leaf area, SLA or 1/LMA): undefined if petiole is in- or excluded)",124787,try_32139,55,55,0.0021000000000020998,0.0063000000000063,0.0297000000000297
297,Leaf mass per area,"Leaf area per leaf dry mass (specific leaf area, SLA or 1/LMA): undefined if petiole is in- or excluded)",124788,try_32140,408,1,0.005973715651135005,0.012610340479192938,0.034722222222222224
297,Leaf mass per area,"Leaf area per leaf dry mass (specific leaf area, SLA or 1/LMA): undefined if petiole is in- or excluded)",124793,try_32145,16,16,0.003614000000008312,0.006204500000067272,0.011178000000055846
297,Leaf mass per area,"Leaf area per leaf dry mass (specific leaf area, SLA or 1/LMA): undefined if petiole is in- or excluded)",124794,try_32146,15,15,0.0041859999999889486,0.0055230000000890305,0.011263999999988466
297,Leaf mass per area,"Leaf area per leaf dry mass (specific leaf area, SLA or 1/LMA): undefined if petiole is in- or excluded)",124796,try_32148,17,17,0.004634000000082485,0.008036000000026036,0.014097999999976005
297,Leaf mass per area,"Leaf area per leaf dry mass (specific leaf area, SLA or 1/LMA): undefined if petiole is in- or excluded)",124797,try_32149,31,31,0.0034319999999445384,0.008992000000227318,0.019224000000102274
305,Leaf nitrogen content per unit mass,Leaf nitrogen (N) content per leaf dry mass,107857,try_15209,171,17,0.0113986991978194,0.0236638291994553,0.0466475320057809
311,Leaf nitrogen content per unit mass,Leaf nitrogen (N) content per leaf dry mass,107882,try_15234,1487,60,9.22937085168479,24.4,57.7524547255907
312,Leaf nitrogen content per unit mass,Leaf nitrogen (N) content per leaf dry mass,107883,try_15235,16,16,27.8113995476323,34.0786840015766,44.6466792488362
312,Leaf nitrogen content per unit mass,Leaf nitrogen (N) content per leaf dry mass,107884,try_15236,17,15,19.1351987647521,32.7846034387857,48.5570366095552
313,Leaf nitrogen content per unit mass,Leaf nitrogen (N) content per leaf dry mass,107885,try_15237,857,29,4.221,17.69086,37.4784
313,Leaf nitrogen content per unit mass,Leaf nitrogen (N) content per leaf dry mass,107886,try_15238,488,17,6.977425,17.999465,37.87146
325,Leaf mass per area,"Leaf area per leaf dry mass (specific leaf area, SLA or 1/LMA): undefined if petiole is in- or excluded)",108669,try_16021,60,2,0.035496446522629496,0.09224537648232312,0.1346565815523631
333,Leaf mass per area,"Leaf area per leaf dry mass (specific leaf area, SLA or 1/LMA): undefined if petiole is in- or excluded)",108711,try_16063,2505,23,3.785714285660204e-4,0.004503201817471359,0.4354515049951683
341,Leaf nitrogen content per unit mass,Leaf nitrogen (N) content per leaf dry mass,109407,try_16759,60,2,4.43949282169342,10.45665800571445,16.3719773292542
344,Leaf nitrogen content per unit mass,Leaf nitrogen (N) content per leaf dry mass,109410,try_16762,3,3,16.38711597,19.13458586,20.35452752
344,Leaf nitrogen content per unit mass,Leaf nitrogen (N) content per leaf dry mass,109411,try_16763,4,4,16.70871206,18.720584995000003,30.20215202
344,Leaf nitrogen content per unit mass,Leaf nitrogen (N) content per leaf dry mass,109412,try_16764,5,5,18.39652478,25.5802431,28.96453453
344,Leaf nitrogen content per unit mass,Leaf nitrogen (N) content per leaf dry mass,109413,try_16765,4,4,15.22076289,20.19106014,25.24551105
344,Leaf nitrogen content per unit mass,Leaf nitrogen (N) content per leaf dry mass,109414,try_16766,6,6,17.40441328,20.85125528,26.04697418
344,Leaf nitrogen content per unit mass,Leaf nitrogen (N) content per leaf dry mass,109415,try_16767,4,4,13.7624192,20.842388725,28.09368356
344,Leaf nitrogen content per unit mass,Leaf nitrogen (N) content per leaf dry mass,109416,try_16768,5,5,18.33890987,25.30181441,32.63210778
344,Leaf nitrogen content per unit mass,Leaf nitrogen (N) content per leaf dry mass,109417,try_16769,5,5,17.97868898,23.6677117,29.21251474
344,Leaf nitrogen content per unit mass,Leaf nitrogen (N) content per leaf dry mass,109418,try_16770,5,5,15.46089268,20.88153587,28.67932978
344,Leaf nitrogen content per unit mass,Leaf nitrogen (N) content per leaf dry mass,109419,try_16771,4,4,21.37205681,24.288451685,36.87862901
344,Leaf nitrogen content per unit mass,Leaf nitrogen (N) content per leaf dry mass,109420,try_16772,5,5,23.56699823,30.76532056,32.43223358
344,Leaf nitrogen content per unit mass,Leaf nitrogen (N) content per leaf dry mass,109421,try_16773,6,6,16.40467406,23.383514025,38.53321396
344,Leaf nitrogen content per unit mass,Leaf nitrogen (N) content per leaf dry mass,109422,try_16774,5,5,21.51028272,31.22532824,38.21548243
344,Leaf nitrogen content per unit mass,Leaf nitrogen (N) content per leaf dry mass,109423,try_16775,6,6,15.31777046,27.12464706,30.90359725
344,Leaf nitrogen content per unit mass,Leaf nitrogen (N) content per leaf dry mass,109424,try_16776,5,5,19.93112932,21.8,29.00974427
344,Leaf nitrogen content per unit mass,Leaf nitrogen (N) content per leaf dry mass,109425,try_16777,6,6,19.34353337,21.92346078,30.56504271
344,Leaf nitrogen content per unit mass,Leaf nitrogen (N) content per leaf dry mass,109426,try_16778,7,7,19.96496176,28.2538059,42.29598962
344,Leaf nitrogen content per unit mass,Leaf nitrogen (N) content per leaf dry mass,109427,try_16779,4,4,20.62725401,30.33714044,41.42312859
344,Leaf nitrogen content per unit mass,Leaf nitrogen (N) content per leaf dry mass,109428,try_16780,5,5,22.28263277,23.79463006,31.17661684
344,Leaf nitrogen content per unit mass,Leaf nitrogen (N) content per leaf dry mass,109429,try_16781,5,5,16.47688232,26.16329426,26.69905417
344,Leaf nitrogen content per unit mass,Leaf nitrogen (N) content per leaf dry mass,109430,try_16782,6,6,17.51982005,20.650848215,29.57794478
344,Leaf nitrogen content per unit mass,Leaf nitrogen (N) content per leaf dry mass,109431,try_16783,6,6,22.12320091,25.135313615,42.50008
344,Leaf nitrogen content per unit mass,Leaf nitrogen (N) content per leaf dry mass,109432,try_16784,4,4,14.51609682,18.836309505,23.09529499
344,Leaf nitrogen content per unit mass,Leaf nitrogen (N) content per leaf dry mass,109433,try_16785,5,5,19.08007518,20.37145187,27.31858198
344,Leaf nitrogen content per unit mass,Leaf nitrogen (N) content per leaf dry mass,109434,try_16786,6,6,20.85694507,25.982077035,32.89633197
344,Leaf nitrogen content per unit mass,Leaf nitrogen (N) content per leaf dry mass,109435,try_16787,7,7,20.56588669,28.79893543,36.00770402
344,Leaf nitrogen content per unit mass,Leaf nitrogen (N) content per leaf dry mass,109436,try_16788,6,6,17.67996066,20.816086315,29.56751373
344,Leaf nitrogen content per unit mass,Leaf nitrogen (N) content per leaf dry mass,109437,try_16789,6,6,17.5313162,30.100390705,37.20747842
344,Leaf nitrogen content per unit mass,Leaf nitrogen (N) content per leaf dry mass,109438,try_16790,5,5,19.03198576,24.36294459,32.62709773
344,Leaf nitrogen content per unit mass,Leaf nitrogen (N) content per leaf dry mass,109439,try_16791,4,4,19.21142366,25.642259295000002,32.45167647
344,Leaf nitrogen content per unit mass,Leaf nitrogen (N) content per leaf dry mass,109440,try_16792,4,4,19.31743044,21.153992625,30.96850268
344,Leaf nitrogen content per unit mass,Leaf nitrogen (N) content per leaf dry mass,109441,try_16793,5,5,22.13860197,25.85872731,32.06425156
344,Leaf nitrogen content per unit mass,Leaf nitrogen (N) content per leaf dry mass,109442,try_16794,5,5,22.65926549,24.80664038,31.64388371
344,Leaf nitrogen content per unit mass,Leaf nitrogen (N) content per leaf dry mass,109443,try_16795,5,5,20.25004241,20.98191897,30.42858136
344,Leaf nitrogen content per unit mass,Leaf nitrogen (N) content per leaf dry mass,109444,try_16796,5,5,17.63762612,21.00045678,28.1820408
344,Leaf nitrogen content per unit mass,Leaf nitrogen (N) content per leaf dry mass,109445,try_16797,5,5,17.03105441,24.11548088,25.46766621
344,Leaf nitrogen content per unit mass,Leaf nitrogen (N) content per leaf dry mass,109446,try_16798,5,5,20.94031205,25.67313361,28.0018818
344,Leaf nitrogen content per unit mass,Leaf nitrogen (N) content per leaf dry mass,109447,try_16799,5,5,19.58835147,22.42285056,26.81350405
344,Leaf nitrogen content per unit mass,Leaf nitrogen (N) content per leaf dry mass,109448,try_16800,6,6,16.38084066,21.324728885,24.6026715
344,Leaf nitrogen content per unit mass,Leaf nitrogen (N) content per leaf dry mass,109449,try_16801,5,5,14.6455447,18.67952244,27.3685071
344,Leaf nitrogen content per unit mass,Leaf nitrogen (N) content per leaf dry mass,109450,try_16802,4,4,15.25726081,17.874527174999997,21.33422362
344,Leaf nitrogen content per unit mass,Leaf nitrogen (N) content per leaf dry mass,109451,try_16803,5,5,21.28649105,26.41397684,35.24165415
344,Leaf nitrogen content per unit mass,Leaf nitrogen (N) content per leaf dry mass,109452,try_16804,6,6,13.46457184,16.98386416,24.65638259
344,Leaf nitrogen content per unit mass,Leaf nitrogen (N) content per leaf dry mass,109453,try_16805,5,5,16.55198446,22.88547126,40.87108493
344,Leaf nitrogen content per unit mass,Leaf nitrogen (N) content per leaf dry mass,109454,try_16806,5,5,13.69896371,21.64257916,28.93378803
344,Leaf nitrogen content per unit mass,Leaf nitrogen (N) content per leaf dry mass,109455,try_16807,7,7,16.39527418,22.19975105,26.34517042
344,Leaf nitrogen content per unit mass,Leaf nitrogen (N) content per leaf dry mass,109456,try_16808,5,5,15.42101033,19.00674672,46.6077404
344,Leaf nitrogen content per unit mass,Leaf nitrogen (N) content per leaf dry mass,109457,try_16809,4,4,24.96439049,30.10917792,41.20982155
344,Leaf nitrogen content per unit mass,Leaf nitrogen (N) content per leaf dry mass,109458,try_16810,6,6,20.22648637,27.638074685,28.68914559
344,Leaf nitrogen content per unit mass,Leaf nitrogen (N) content per leaf dry mass,109459,try_16811,5,5,20.03888519,23.27014852,26.83644424
346,Leaf mass per area,"Leaf area per leaf dry mass (specific leaf area, SLA or 1/LMA): undefined if petiole is in- or excluded)",109512,try_16864,16,1,142.85714285714286,225,333.3333333333333
346,Leaf mass per area,"Leaf area per leaf dry mass (specific leaf area, SLA or 1/LMA): undefined if petiole is in- or excluded)",109514,try_16866,6,1,125,166.66666666666666,166.66666666666666
346,Leaf mass per area,"Leaf area per leaf dry mass (specific leaf area, SLA or 1/LMA): undefined if petiole is in- or excluded)",109515,try_16867,10,5,58.8235294117647,71.42857142857143,142.85714285714286
346,Leaf mass per area,"Leaf area per leaf dry mass (specific leaf area, SLA or 1/LMA): undefined if petiole is in- or excluded)",109516,try_16868,19,1,90.90909090909092,111.11111111111111,142.85714285714286
346,Leaf mass per area,"Leaf area per leaf dry mass (specific leaf area, SLA or 1/LMA): undefined if petiole is in- or excluded)",109517,try_16869,5,1,125,125,125
346,Leaf mass per area,"Leaf area per leaf dry mass (specific leaf area, SLA or 1/LMA): undefined if petiole is in- or excluded)",109519,try_16871,12,1,47.61904761904761,71.42857142857143,90.90909090909092
346,Leaf mass per area,"Leaf area per leaf dry mass (specific leaf area, SLA or 1/LMA): undefined if petiole is in- or excluded)",109520,try_16872,27,23,37.03703703703704,62.5,83.33333333333333
346,Leaf mass per area,"Leaf area per leaf dry mass (specific leaf area, SLA or 1/LMA): undefined if petiole is in- or excluded)",109521,try_16873,2,1,55.55555555555556,69.44444444444444,83.33333333333333
346,Leaf mass per area,"Leaf area per leaf dry mass (specific leaf area, SLA or 1/LMA): undefined if petiole is in- or excluded)",109522,try_16874,12,1,33.333333333333336,74.17582417582418,83.33333333333333
346,Leaf mass per area,"Leaf area per leaf dry mass (specific leaf area, SLA or 1/LMA): undefined if petiole is in- or excluded)",109523,try_16875,32,2,47.61904761904761,62.5,76.92307692307692
346,Leaf mass per area,"Leaf area per leaf dry mass (specific leaf area, SLA or 1/LMA): undefined if petiole is in- or excluded)",109524,try_16876,8,2,37.03703703703704,52.77777777777778,71.42857142857143
346,Leaf mass per area,"Leaf area per leaf dry mass (specific leaf area, SLA or 1/LMA): undefined if petiole is in- or excluded)",109527,try_16879,6,1,38.46153846153846,44.46640316205534,55.55555555555556
375,Leaf mass per area,"Leaf area per leaf dry mass (specific leaf area, SLA or 1/LMA): undefined if petiole is in- or excluded)",110834,try_18186,195,10,0.018906144497982776,0.08093278465869212,4.361702121627433
375,Leaf mass per area,"Leaf area per leaf dry mass (specific leaf area, SLA or 1/LMA): undefined if petiole is in- or excluded)",110836,try_18188,137,7,0.03203342618830549,0.06818181816632232,0.374999999953125
375,Leaf mass per area,"Leaf area per leaf dry mass (specific leaf area, SLA or 1/LMA): undefined if petiole is in- or excluded)",110837,try_18189,40,2,0.05518763796909492,0.07791586862607555,0.1033816425148741
375,Leaf mass per area,"Leaf area per leaf dry mass (specific leaf area, SLA or 1/LMA): undefined if petiole is in- or excluded)",110838,try_18190,60,3,0.033648306063786,0.053165511579361946,0.08836524297839021
375,Leaf mass per area,"Leaf area per leaf dry mass (specific leaf area, SLA or 1/LMA): undefined if petiole is in- or excluded)",110839,try_18191,58,3,0.050505050505050504,0.07933067684472608,0.13891606339839022
375,Leaf mass per area,"Leaf area per leaf dry mass (specific leaf area, SLA or 1/LMA): undefined if petiole is in- or excluded)",110840,try_18192,38,2,0.060185185168467076,0.07738733086106558,0.1944444444390432
375,Leaf mass per area,"Leaf area per leaf dry mass (specific leaf area, SLA or 1/LMA): undefined if petiole is in- or excluded)",110841,try_18193,120,6,0.03909205548746997,0.05976489505613489,0.1604938271545496
375,Leaf mass per area,"Leaf area per leaf dry mass (specific leaf area, SLA or 1/LMA): undefined if petiole is in- or excluded)",110842,try_18194,40,2,0.036195752539777595,0.05270562770285743,0.07210031346606263
375,Leaf mass per area,"Leaf area per leaf dry mass (specific leaf area, SLA or 1/LMA): undefined if petiole is in- or excluded)",110843,try_18195,80,4,0.03877221324216191,0.06921768831138138,0.5238095238344671
375,Leaf mass per area,"Leaf area per leaf dry mass (specific leaf area, SLA or 1/LMA): undefined if petiole is in- or excluded)",110844,try_18196,20,1,0.08609556607834697,0.11168631296742879,0.13858891287898698
375,Leaf mass per area,"Leaf area per leaf dry mass (specific leaf area, SLA or 1/LMA): undefined if petiole is in- or excluded)",110845,try_18197,6,1,0.05751152759333735,0.06744196513280055,0.08597884966039103
375,Leaf mass per area,"Leaf area per leaf dry mass (specific leaf area, SLA or 1/LMA): undefined if petiole is in- or excluded)",110846,try_18198,80,4,0.06276595744614079,0.11163253953907544,0.3194748359169735
375,Leaf mass per area,"Leaf area per leaf dry mass (specific leaf area, SLA or 1/LMA): undefined if petiole is in- or excluded)",115511,try_22863,20,1,0.048859934845462555,0.062257939849542754,0.0980891720207554
375,Leaf mass per area,"Leaf area per leaf dry mass (specific leaf area, SLA or 1/LMA): undefined if petiole is in- or excluded)",115512,try_22864,20,1,0.0360711261705594,0.04442120830828078,0.058651315796785806
380,Leaf mass per area,"Leaf area per leaf dry mass (specific leaf area, SLA or 1/LMA): undefined if petiole is in- or excluded)",124963,try_32315,1,1,0.1448480652589266,0.1448480652589266,0.1448480652589266
380,Leaf mass per area,"Leaf area per leaf dry mass (specific leaf area, SLA or 1/LMA): undefined if petiole is in- or excluded)",124964,try_32316,1,1,0.16654148270418132,0.16654148270418132,0.16654148270418132
380,Leaf mass per area,"Leaf area per leaf dry mass (specific leaf area, SLA or 1/LMA): undefined if petiole is in- or excluded)",124965,try_32317,1,1,0.12142346591567017,0.12142346591567017,0.12142346591567017
380,Leaf mass per area,"Leaf area per leaf dry mass (specific leaf area, SLA or 1/LMA): undefined if petiole is in- or excluded)",124966,try_32318,2,2,0.11171019697161239,0.12234468205607903,0.13297916714054567
380,Leaf mass per area,"Leaf area per leaf dry mass (specific leaf area, SLA or 1/LMA): undefined if petiole is in- or excluded)",124967,try_32319,1,1,0.12398655171124824,0.12398655171124824,0.12398655171124824
380,Leaf mass per area,"Leaf area per leaf dry mass (specific leaf area, SLA or 1/LMA): undefined if petiole is in- or excluded)",124968,try_32320,1,1,0.13331951782686408,0.13331951782686408,0.13331951782686408
380,Leaf mass per area,"Leaf area per leaf dry mass (specific leaf area, SLA or 1/LMA): undefined if petiole is in- or excluded)",124969,try_32321,1,1,0.1491082012684746,0.1491082012684746,0.1491082012684746
380,Leaf mass per area,"Leaf area per leaf dry mass (specific leaf area, SLA or 1/LMA): undefined if petiole is in- or excluded)",124970,try_32322,6,1,0.11742186929466161,0.13191313534886173,0.1462074542730062
380,Leaf mass per area,"Leaf area per leaf dry mass (specific leaf area, SLA or 1/LMA): undefined if petiole is in- or excluded)",124971,try_32323,10,1,0.15217697618712123,0.1711915105984512,0.2104774156660947
398,Leaf mass per area,"Leaf area per leaf dry mass (specific leaf area, SLA or 1/LMA): undefined if petiole is in- or excluded)",111894,try_19246,339,5,0.1592221050187069,0.24958035459346514,0.7392928914704808
404,Leaf mass per area,"Leaf area per leaf dry mass (specific leaf area, SLA or 1/LMA): petiole included",112095,try_19447,20,2,0.09230453659703945,0.1406795992892544,0.22121609863288433
404,Leaf mass per area,"Leaf area per leaf dry mass (specific leaf area, SLA or 1/LMA): petiole included",112096,try_19448,10,1,0.10484142734114647,0.13357230113509705,0.16061569349171817
404,Leaf mass per area,"Leaf area per leaf dry mass (specific leaf area, SLA or 1/LMA): petiole included",112097,try_19449,10,1,0.0937258793692798,0.13720498818558519,0.15272055689728645
404,Leaf mass per area,"Leaf area per leaf dry mass (specific leaf area, SLA or 1/LMA): petiole included",112098,try_19450,15,1,0.12397558926337257,0.186382485397066,0.22841136777346582
404,Leaf mass per area,"Leaf area per leaf dry mass (specific leaf area, SLA or 1/LMA): petiole included",112099,try_19451,14,1,0.2478762848103041,0.3025941507349773,0.43757093934655383
423,Leaf mass per area,"Leaf area per leaf dry mass (specific leaf area, SLA or 1/LMA): petiole included",112699,try_20051,724,27,0.002263023056974485,0.0051481172607764115,0.015597484275709346
468,Leaf mass per area,"Leaf area per leaf dry mass (specific leaf area, SLA or 1/LMA): undefined if petiole is in- or excluded)",116391,try_23743,11,6,142.85714285714286,185.18518518518516,666.6666666666666
468,Leaf mass per area,"Leaf area per leaf dry mass (specific leaf area, SLA or 1/LMA): undefined if petiole is in- or excluded)",116392,try_23744,5,4,188.67924528301887,200,666.6666666666666
468,Leaf mass per area,"Leaf area per leaf dry mass (specific leaf area, SLA or 1/LMA): undefined if petiole is in- or excluded)",116393,try_23745,2,2,166.66666666666666,211.53846153846155,256.4102564102564
468,Leaf mass per area,"Leaf area per leaf dry mass (specific leaf area, SLA or 1/LMA): undefined if petiole is in- or excluded)",116394,try_23746,3,3,217.3913043478261,232.5581395348837,322.5806451612903
468,Leaf mass per area,"Leaf area per leaf dry mass (specific leaf area, SLA or 1/LMA): undefined if petiole is in- or excluded)",116395,try_23747,3,2,555.5555555555555,588.2352941176471,1666.6666666666667
468,Leaf mass per area,"Leaf area per leaf dry mass (specific leaf area, SLA or 1/LMA): undefined if petiole is in- or excluded)",116396,try_23748,4,3,188.67924528301887,350.98522167487687,357.14285714285717
468,Leaf mass per area,"Leaf area per leaf dry mass (specific leaf area, SLA or 1/LMA): undefined if petiole is in- or excluded)",116397,try_23749,1,1,312.5,312.5,312.5
468,Leaf mass per area,"Leaf area per leaf dry mass (specific leaf area, SLA or 1/LMA): undefined if petiole is in- or excluded)",116398,try_23750,5,1,588.2352941176471,588.2352941176471,625
468,Leaf mass per area,"Leaf area per leaf dry mass (specific leaf area, SLA or 1/LMA): undefined if petiole is in- or excluded)",116399,try_23751,4,3,357.14285714285717,435.18518518518516,526.3157894736842
468,Leaf mass per area,"Leaf area per leaf dry mass (specific leaf area, SLA or 1/LMA): undefined if petiole is in- or excluded)",116400,try_23752,14,2,714.2857142857143,1000,1428.5714285714287
468,Leaf mass per area,"Leaf area per leaf dry mass (specific leaf area, SLA or 1/LMA): undefined if petiole is in- or excluded)",116401,try_23753,5,2,384.61538461538464,588.2352941176471,1428.5714285714287
468,Leaf mass per area,"Leaf area per leaf dry mass (specific leaf area, SLA or 1/LMA): undefined if petiole is in- or excluded)",116402,try_23754,4,2,526.3157894736842,729.1666666666667,909.090909090909
468,Leaf mass per area,"Leaf area per leaf dry mass (specific leaf area, SLA or 1/LMA): undefined if petiole is in- or excluded)",116403,try_23755,3,2,476.1904761904762,500,666.6666666666666
468,Leaf mass per area,"Leaf area per leaf dry mass (specific leaf area, SLA or 1/LMA): undefined if petiole is in- or excluded)",116404,try_23756,10,2,312.5,480.5491990846682,714.2857142857143
468,Leaf mass per area,"Leaf area per leaf dry mass (specific leaf area, SLA or 1/LMA): undefined if petiole is in- or excluded)",116405,try_23757,4,3,434.7826086956522,729.1666666666667,1111.111111111111
468,Leaf mass per area,"Leaf area per leaf dry mass (specific leaf area, SLA or 1/LMA): undefined if petiole is in- or excluded)",116406,try_23758,3,2,500,833.3333333333334,833.3333333333334
468,Leaf mass per area,"Leaf area per leaf dry mass (specific leaf area, SLA or 1/LMA): undefined if petiole is in- or excluded)",116407,try_23759,2,2,500,666.6666666666667,833.3333333333334
468,Leaf mass per area,"Leaf area per leaf dry mass (specific leaf area, SLA or 1/LMA): undefined if petiole is in- or excluded)",116408,try_23760,3,2,500,769.2307692307693,909.090909090909
468,Leaf mass per area,"Leaf area per leaf dry mass (specific leaf area, SLA or 1/LMA): undefined if petiole is in- or excluded)",116409,try_23761,4,1,476.1904761904762,513.1578947368421,588.2352941176471
468,Leaf mass per area,"Leaf area per leaf dry mass (specific leaf area, SLA or 1/LMA): undefined if petiole is in- or excluded)",116410,try_23762,7,2,434.7826086956522,526.3157894736842,1111.111111111111
468,Leaf mass per area,"Leaf area per leaf dry mass (specific leaf area, SLA or 1/LMA): undefined if petiole is in- or excluded)",116411,try_23763,3,2,370.3703703703703,666.6666666666666,666.6666666666666
468,Leaf mass per area,"Leaf area per leaf dry mass (specific leaf area, SLA or 1/LMA): undefined if petiole is in- or excluded)",116412,try_23764,2,2,322.5806451612903,455.40796963946866,588.2352941176471
468,Leaf mass per area,"Leaf area per leaf dry mass (specific leaf area, SLA or 1/LMA): undefined if petiole is in- or excluded)",116413,try_23765,4,2,285.7142857142857,511.50895140664966,666.6666666666666
468,Leaf mass per area,"Leaf area per leaf dry mass (specific leaf area, SLA or 1/LMA): undefined if petiole is in- or excluded)",116414,try_23766,1,1,370.3703703703703,370.3703703703703,370.3703703703703
468,Leaf mass per area,"Leaf area per leaf dry mass (specific leaf area, SLA or 1/LMA): undefined if petiole is in- or excluded)",116415,try_23767,3,3,357.14285714285717,588.2352941176471,714.2857142857143
468,Leaf mass per area,"Leaf area per leaf dry mass (specific leaf area, SLA or 1/LMA): undefined if petiole is in- or excluded)",116416,try_23768,4,3,384.61538461538464,690.4761904761905,1111.111111111111
468,Leaf mass per area,"Leaf area per leaf dry mass (specific leaf area, SLA or 1/LMA): undefined if petiole is in- or excluded)",116417,try_23769,2,2,270.27027027027026,307.5489282385834,344.82758620689657
468,Leaf mass per area,"Leaf area per leaf dry mass (specific leaf area, SLA or 1/LMA): undefined if petiole is in- or excluded)",116418,try_23770,2,1,357.14285714285717,370.87912087912093,384.61538461538464
468,Leaf mass per area,"Leaf area per leaf dry mass (specific leaf area, SLA or 1/LMA): undefined if petiole is in- or excluded)",116419,try_23771,2,1,526.3157894736842,540.9356725146199,555.5555555555555
468,Leaf mass per area,"Leaf area per leaf dry mass (specific leaf area, SLA or 1/LMA): undefined if petiole is in- or excluded)",116420,try_23772,4,2,416.6666666666667,458.33333333333337,666.6666666666666
468,Leaf mass per area,"Leaf area per leaf dry mass (specific leaf area, SLA or 1/LMA): undefined if petiole is in- or excluded)",116421,try_23773,3,1,400,476.1904761904762,526.3157894736842
468,Leaf mass per area,"Leaf area per leaf dry mass (specific leaf area, SLA or 1/LMA): undefined if petiole is in- or excluded)",116422,try_23774,4,1,322.5806451612903,346.47550776583034,384.61538461538464
468,Leaf mass per area,"Leaf area per leaf dry mass (specific leaf area, SLA or 1/LMA): undefined if petiole is in- or excluded)",116423,try_23775,3,2,416.6666666666667,1000,1250
468,Leaf mass per area,"Leaf area per leaf dry mass (specific leaf area, SLA or 1/LMA): undefined if petiole is in- or excluded)",116424,try_23776,9,5,54.6448087431694,454.5454545454545,500
468,Leaf mass per area,"Leaf area per leaf dry mass (specific leaf area, SLA or 1/LMA): undefined if petiole is in- or excluded)",116425,try_23777,7,4,303.03030303030306,555.5555555555555,769.2307692307693
468,Leaf mass per area,"Leaf area per leaf dry mass (specific leaf area, SLA or 1/LMA): undefined if petiole is in- or excluded)",116426,try_23778,9,3,400,476.1904761904762,588.2352941176471
468,Leaf mass per area,"Leaf area per leaf dry mass (specific leaf area, SLA or 1/LMA): undefined if petiole is in- or excluded)",116427,try_23779,5,3,55.24861878453038,62.11180124223603,434.7826086956522
468,Leaf mass per area,"Leaf area per leaf dry mass (specific leaf area, SLA or 1/LMA): undefined if petiole is in- or excluded)",116428,try_23780,2,2,58.47953216374269,267.33500417710945,476.1904761904762
468,Leaf mass per area,"Leaf area per leaf dry mass (specific leaf area, SLA or 1/LMA): undefined if petiole is in- or excluded)",116429,try_23781,5,5,434.7826086956522,526.3157894736842,714.2857142857143
468,Leaf mass per area,"Leaf area per leaf dry mass (specific leaf area, SLA or 1/LMA): undefined if petiole is in- or excluded)",116430,try_23782,15,8,56.17977528089888,500,714.2857142857143
468,Leaf mass per area,"Leaf area per leaf dry mass (specific leaf area, SLA or 1/LMA): undefined if petiole is in- or excluded)",116432,try_23784,1,1,526.3157894736842,526.3157894736842,526.3157894736842
468,Leaf mass per area,"Leaf area per leaf dry mass (specific leaf area, SLA or 1/LMA): undefined if petiole is in- or excluded)",116433,try_23785,3,2,454.5454545454545,1111.111111111111,1111.111111111111
468,Leaf mass per area,"Leaf area per leaf dry mass (specific leaf area, SLA or 1/LMA): undefined if petiole is in- or excluded)",116434,try_23786,3,1,256.4102564102564,312.5,416.6666666666667
468,Leaf mass per area,"Leaf area per leaf dry mass (specific leaf area, SLA or 1/LMA): undefined if petiole is in- or excluded)",116435,try_23787,3,3,357.14285714285717,370.3703703703703,454.5454545454545
468,Leaf mass per area,"Leaf area per leaf dry mass (specific leaf area, SLA or 1/LMA): undefined if petiole is in- or excluded)",116436,try_23788,17,3,312.5,384.61538461538464,666.6666666666666
468,Leaf mass per area,"Leaf area per leaf dry mass (specific leaf area, SLA or 1/LMA): undefined if petiole is in- or excluded)",116437,try_23789,2,2,135.13513513513513,186.61518661518662,238.0952380952381
468,Leaf mass per area,"Leaf area per leaf dry mass (specific leaf area, SLA or 1/LMA): undefined if petiole is in- or excluded)",116438,try_23790,2,1,312.5,328.66379310344826,344.82758620689657
468,Leaf mass per area,"Leaf area per leaf dry mass (specific leaf area, SLA or 1/LMA): undefined if petiole is in- or excluded)",116439,try_23791,2,1,312.5,328.66379310344826,344.82758620689657
468,Leaf mass per area,"Leaf area per leaf dry mass (specific leaf area, SLA or 1/LMA): undefined if petiole is in- or excluded)",116440,try_23792,2,1,232.5581395348837,259.1362126245847,285.7142857142857
468,Leaf mass per area,"Leaf area per leaf dry mass (specific leaf area, SLA or 1/LMA): undefined if petiole is in- or excluded)",116441,try_23793,9,3,52.91005291005291,200,263.1578947368421
468,Leaf mass per area,"Leaf area per leaf dry mass (specific leaf area, SLA or 1/LMA): undefined if petiole is in- or excluded)",116442,try_23794,9,2,204.08163265306123,416.6666666666667,625
468,Leaf mass per area,"Leaf area per leaf dry mass (specific leaf area, SLA or 1/LMA): undefined if petiole is in- or excluded)",116443,try_23795,6,3,71.94244604316548,86.61887694145759,384.61538461538464
468,Leaf mass per area,"Leaf area per leaf dry mass (specific leaf area, SLA or 1/LMA): undefined if petiole is in- or excluded)",116444,try_23796,8,4,357.14285714285717,477.27272727272725,625
468,Leaf mass per area,"Leaf area per leaf dry mass (specific leaf area, SLA or 1/LMA): undefined if petiole is in- or excluded)",116445,try_23797,2,1,526.3157894736842,540.9356725146199,555.5555555555555
468,Leaf mass per area,"Leaf area per leaf dry mass (specific leaf area, SLA or 1/LMA): undefined if petiole is in- or excluded)",116446,try_23798,2,1,500,527.7777777777778,555.5555555555555
468,Leaf mass per area,"Leaf area per leaf dry mass (specific leaf area, SLA or 1/LMA): undefined if petiole is in- or excluded)",116447,try_23799,4,1,588.2352941176471,645.8333333333333,666.6666666666666
468,Leaf mass per area,"Leaf area per leaf dry mass (specific leaf area, SLA or 1/LMA): undefined if petiole is in- or excluded)",116448,try_23800,3,2,384.61538461538464,500,500
468,Leaf mass per area,"Leaf area per leaf dry mass (specific leaf area, SLA or 1/LMA): undefined if petiole is in- or excluded)",116449,try_23801,4,1,555.5555555555555,666.6666666666666,714.2857142857143
468,Leaf mass per area,"Leaf area per leaf dry mass (specific leaf area, SLA or 1/LMA): undefined if petiole is in- or excluded)",116450,try_23802,4,1,588.2352941176471,627.4509803921569,769.2307692307693
468,Leaf mass per area,"Leaf area per leaf dry mass (specific leaf area, SLA or 1/LMA): undefined if petiole is in- or excluded)",116451,try_23803,2,2,476.1904761904762,532.2128851540616,588.2352941176471
468,Leaf mass per area,"Leaf area per leaf dry mass (specific leaf area, SLA or 1/LMA): undefined if petiole is in- or excluded)",116452,try_23804,6,3,476.1904761904762,588.2352941176471,625
468,Leaf mass per area,"Leaf area per leaf dry mass (specific leaf area, SLA or 1/LMA): undefined if petiole is in- or excluded)",116453,try_23805,5,3,322.5806451612903,625,714.2857142857143
468,Leaf mass per area,"Leaf area per leaf dry mass (specific leaf area, SLA or 1/LMA): undefined if petiole is in- or excluded)",116454,try_23806,1,1,333.3333333333333,333.3333333333333,333.3333333333333
468,Leaf mass per area,"Leaf area per leaf dry mass (specific leaf area, SLA or 1/LMA): undefined if petiole is in- or excluded)",116455,try_23807,5,2,357.14285714285717,416.6666666666667,588.2352941176471
468,Leaf mass per area,"Leaf area per leaf dry mass (specific leaf area, SLA or 1/LMA): undefined if petiole is in- or excluded)",116456,try_23808,5,3,263.1578947368421,384.61538461538464,588.2352941176471
468,Leaf mass per area,"Leaf area per leaf dry mass (specific leaf area, SLA or 1/LMA): undefined if petiole is in- or excluded)",116457,try_23809,5,2,833.3333333333334,909.090909090909,1111.111111111111
468,Leaf mass per area,"Leaf area per leaf dry mass (specific leaf area, SLA or 1/LMA): undefined if petiole is in- or excluded)",116458,try_23810,2,1,769.2307692307693,801.2820512820513,833.3333333333334
468,Leaf mass per area,"Leaf area per leaf dry mass (specific leaf area, SLA or 1/LMA): undefined if petiole is in- or excluded)",116459,try_23811,2,1,909.090909090909,1010.10101010101,1111.111111111111
468,Leaf mass per area,"Leaf area per leaf dry mass (specific leaf area, SLA or 1/LMA): undefined if petiole is in- or excluded)",116460,try_23812,1,1,833.3333333333334,833.3333333333334,833.3333333333334
468,Leaf mass per area,"Leaf area per leaf dry mass (specific leaf area, SLA or 1/LMA): undefined if petiole is in- or excluded)",116461,try_23813,4,3,312.5,450,588.2352941176471
468,Leaf mass per area,"Leaf area per leaf dry mass (specific leaf area, SLA or 1/LMA): undefined if petiole is in- or excluded)",116462,try_23814,2,1,208.33333333333334,215.27777777777777,222.22222222222223
468,Leaf mass per area,"Leaf area per leaf dry mass (specific leaf area, SLA or 1/LMA): undefined if petiole is in- or excluded)",116463,try_23815,2,1,212.7659574468085,234.58810692853245,256.4102564102564
468,Leaf mass per area,"Leaf area per leaf dry mass (specific leaf area, SLA or 1/LMA): undefined if petiole is in- or excluded)",116464,try_23816,3,2,200,217.3913043478261,217.3913043478261
468,Leaf mass per area,"Leaf area per leaf dry mass (specific leaf area, SLA or 1/LMA): undefined if petiole is in- or excluded)",116465,try_23817,5,2,212.7659574468085,357.14285714285717,416.6666666666667
468,Leaf mass per area,"Leaf area per leaf dry mass (specific leaf area, SLA or 1/LMA): undefined if petiole is in- or excluded)",116466,try_23818,2,1,1250,1250,1250
468,Leaf mass per area,"Leaf area per leaf dry mass (specific leaf area, SLA or 1/LMA): undefined if petiole is in- or excluded)",116467,try_23819,3,3,476.1904761904762,666.6666666666666,1250
468,Leaf mass per area,"Leaf area per leaf dry mass (specific leaf area, SLA or 1/LMA): undefined if petiole is in- or excluded)",116468,try_23820,1,1,1428.5714285714287,1428.5714285714287,1428.5714285714287
468,Leaf mass per area,"Leaf area per leaf dry mass (specific leaf area, SLA or 1/LMA): undefined if petiole is in- or excluded)",116469,try_23821,8,4,416.6666666666667,833.3333333333334,1111.111111111111
468,Leaf mass per area,"Leaf area per leaf dry mass (specific leaf area, SLA or 1/LMA): undefined if petiole is in- or excluded)",116470,try_23822,3,2,333.3333333333333,1250,1666.6666666666667
468,Leaf mass per area,"Leaf area per leaf dry mass (specific leaf area, SLA or 1/LMA): undefined if petiole is in- or excluded)",116471,try_23823,2,1,294.11764705882354,355.3921568627451,416.6666666666667
468,Leaf mass per area,"Leaf area per leaf dry mass (specific leaf area, SLA or 1/LMA): undefined if petiole is in- or excluded)",116472,try_23824,3,2,526.3157894736842,769.2307692307693,833.3333333333334
468,Leaf mass per area,"Leaf area per leaf dry mass (specific leaf area, SLA or 1/LMA): undefined if petiole is in- or excluded)",116473,try_23825,1,1,277.77777777777777,277.77777777777777,277.77777777777777
468,Leaf mass per area,"Leaf area per leaf dry mass (specific leaf area, SLA or 1/LMA): undefined if petiole is in- or excluded)",116474,try_23826,4,2,128.2051282051282,218.31988609397246,270.27027027027026
468,Leaf mass per area,"Leaf area per leaf dry mass (specific leaf area, SLA or 1/LMA): undefined if petiole is in- or excluded)",116475,try_23827,2,1,270.27027027027026,286.65028665028666,303.03030303030306
468,Leaf mass per area,"Leaf area per leaf dry mass (specific leaf area, SLA or 1/LMA): undefined if petiole is in- or excluded)",116476,try_23828,3,2,256.4102564102564,333.3333333333333,714.2857142857143
468,Leaf mass per area,"Leaf area per leaf dry mass (specific leaf area, SLA or 1/LMA): undefined if petiole is in- or excluded)",116477,try_23829,4,1,100,106.17977528089888,114.9425287356322
468,Leaf mass per area,"Leaf area per leaf dry mass (specific leaf area, SLA or 1/LMA): undefined if petiole is in- or excluded)",116478,try_23830,2,2,123.4567901234568,200.6172839506173,277.77777777777777
468,Leaf mass per area,"Leaf area per leaf dry mass (specific leaf area, SLA or 1/LMA): undefined if petiole is in- or excluded)",116479,try_23831,7,5,45.04504504504504,72.99270072992701,555.5555555555555
468,Leaf mass per area,"Leaf area per leaf dry mass (specific leaf area, SLA or 1/LMA): undefined if petiole is in- or excluded)",116480,try_23832,3,3,357.14285714285717,500,500
468,Leaf mass per area,"Leaf area per leaf dry mass (specific leaf area, SLA or 1/LMA): undefined if petiole is in- or excluded)",116481,try_23833,6,6,68.9655172413793,240.2745995423341,769.2307692307693
468,Leaf mass per area,"Leaf area per leaf dry mass (specific leaf area, SLA or 1/LMA): undefined if petiole is in- or excluded)",116482,try_23834,4,2,588.2352941176471,666.6666666666666,714.2857142857143
468,Leaf mass per area,"Leaf area per leaf dry mass (specific leaf area, SLA or 1/LMA): undefined if petiole is in- or excluded)",116483,try_23835,7,3,625,666.6666666666666,714.2857142857143
468,Leaf mass per area,"Leaf area per leaf dry mass (specific leaf area, SLA or 1/LMA): undefined if petiole is in- or excluded)",116484,try_23836,3,1,666.6666666666666,769.2307692307693,769.2307692307693
468,Leaf mass per area,"Leaf area per leaf dry mass (specific leaf area, SLA or 1/LMA): undefined if petiole is in- or excluded)",116485,try_23837,5,4,454.5454545454545,666.6666666666666,833.3333333333334
468,Leaf mass per area,"Leaf area per leaf dry mass (specific leaf area, SLA or 1/LMA): undefined if petiole is in- or excluded)",116486,try_23838,1,1,175.43859649122805,175.43859649122805,175.43859649122805
468,Leaf mass per area,"Leaf area per leaf dry mass (specific leaf area, SLA or 1/LMA): undefined if petiole is in- or excluded)",116487,try_23839,2,1,196.078431372549,202.20588235294116,208.33333333333334
468,Leaf mass per area,"Leaf area per leaf dry mass (specific leaf area, SLA or 1/LMA): undefined if petiole is in- or excluded)",116488,try_23840,1,1,161.29032258064515,161.29032258064515,161.29032258064515
468,Leaf mass per area,"Leaf area per leaf dry mass (specific leaf area, SLA or 1/LMA): undefined if petiole is in- or excluded)",116489,try_23841,1,1,212.7659574468085,212.7659574468085,212.7659574468085
468,Leaf mass per area,"Leaf area per leaf dry mass (specific leaf area, SLA or 1/LMA): undefined if petiole is in- or excluded)",116490,try_23842,1,1,200,200,200
468,Leaf mass per area,"Leaf area per leaf dry mass (specific leaf area, SLA or 1/LMA): undefined if petiole is in- or excluded)",116491,try_23843,7,3,500,666.6666666666666,769.2307692307693
468,Leaf mass per area,"Leaf area per leaf dry mass (specific leaf area, SLA or 1/LMA): undefined if petiole is in- or excluded)",116492,try_23844,6,2,61.34969325153375,425.72463768115944,500
468,Leaf mass per area,"Leaf area per leaf dry mass (specific leaf area, SLA or 1/LMA): undefined if petiole is in- or excluded)",116493,try_23845,2,1,625,625,625
468,Leaf mass per area,"Leaf area per leaf dry mass (specific leaf area, SLA or 1/LMA): undefined if petiole is in- or excluded)",116494,try_23846,1,1,555.5555555555555,555.5555555555555,555.5555555555555
468,Leaf mass per area,"Leaf area per leaf dry mass (specific leaf area, SLA or 1/LMA): undefined if petiole is in- or excluded)",116495,try_23847,3,1,227.27272727272725,243.90243902439022,256.4102564102564
468,Leaf mass per area,"Leaf area per leaf dry mass (specific leaf area, SLA or 1/LMA): undefined if petiole is in- or excluded)",116496,try_23848,2,2,312.5,348.5576923076923,384.61538461538464
468,Leaf mass per area,"Leaf area per leaf dry mass (specific leaf area, SLA or 1/LMA): undefined if petiole is in- or excluded)",116497,try_23849,2,1,196.078431372549,229.61816305469554,263.1578947368421
468,Leaf mass per area,"Leaf area per leaf dry mass (specific leaf area, SLA or 1/LMA): undefined if petiole is in- or excluded)",116498,try_23850,2,1,625,767.0454545454545,909.090909090909
468,Leaf mass per area,"Leaf area per leaf dry mass (specific leaf area, SLA or 1/LMA): undefined if petiole is in- or excluded)",116499,try_23851,1,1,476.1904761904762,476.1904761904762,476.1904761904762
468,Leaf mass per area,"Leaf area per leaf dry mass (specific leaf area, SLA or 1/LMA): undefined if petiole is in- or excluded)",116500,try_23852,3,1,434.7826086956522,476.1904761904762,476.1904761904762
468,Leaf mass per area,"Leaf area per leaf dry mass (specific leaf area, SLA or 1/LMA): undefined if petiole is in- or excluded)",116501,try_23853,3,3,60.6060606060606,526.3157894736842,588.2352941176471
468,Leaf mass per area,"Leaf area per leaf dry mass (specific leaf area, SLA or 1/LMA): undefined if petiole is in- or excluded)",116502,try_23854,1,1,526.3157894736842,526.3157894736842,526.3157894736842
468,Leaf mass per area,"Leaf area per leaf dry mass (specific leaf area, SLA or 1/LMA): undefined if petiole is in- or excluded)",116503,try_23855,4,2,434.7826086956522,465.3679653679653,909.090909090909
468,Leaf mass per area,"Leaf area per leaf dry mass (specific leaf area, SLA or 1/LMA): undefined if petiole is in- or excluded)",116504,try_23856,2,2,400,438.0952380952381,476.1904761904762
468,Leaf mass per area,"Leaf area per leaf dry mass (specific leaf area, SLA or 1/LMA): undefined if petiole is in- or excluded)",116505,try_23857,2,2,400,512.5,625
468,Leaf mass per area,"Leaf area per leaf dry mass (specific leaf area, SLA or 1/LMA): undefined if petiole is in- or excluded)",116506,try_23858,5,2,333.3333333333333,344.82758620689657,500
468,Leaf mass per area,"Leaf area per leaf dry mass (specific leaf area, SLA or 1/LMA): undefined if petiole is in- or excluded)",116507,try_23859,2,1,370.3703703703703,402.5764895330112,434.7826086956522
468,Leaf mass per area,"Leaf area per leaf dry mass (specific leaf area, SLA or 1/LMA): undefined if petiole is in- or excluded)",116508,try_23860,2,2,454.5454545454545,521.3903743315508,588.2352941176471
468,Leaf mass per area,"Leaf area per leaf dry mass (specific leaf area, SLA or 1/LMA): undefined if petiole is in- or excluded)",116509,try_23861,3,1,434.7826086956522,454.5454545454545,454.5454545454545
468,Leaf mass per area,"Leaf area per leaf dry mass (specific leaf area, SLA or 1/LMA): undefined if petiole is in- or excluded)",116510,try_23862,1,1,434.7826086956522,434.7826086956522,434.7826086956522
468,Leaf mass per area,"Leaf area per leaf dry mass (specific leaf area, SLA or 1/LMA): undefined if petiole is in- or excluded)",116511,try_23863,2,1,322.5806451612903,333.70411568409344,344.82758620689657
468,Leaf mass per area,"Leaf area per leaf dry mass (specific leaf area, SLA or 1/LMA): undefined if petiole is in- or excluded)",116512,try_23864,5,1,666.6666666666666,714.2857142857143,833.3333333333334
468,Leaf mass per area,"Leaf area per leaf dry mass (specific leaf area, SLA or 1/LMA): undefined if petiole is in- or excluded)",116513,try_23865,1,1,666.6666666666666,666.6666666666666,666.6666666666666
468,Leaf mass per area,"Leaf area per leaf dry mass (specific leaf area, SLA or 1/LMA): undefined if petiole is in- or excluded)",116514,try_23866,1,1,666.6666666666666,666.6666666666666,666.6666666666666
468,Leaf mass per area,"Leaf area per leaf dry mass (specific leaf area, SLA or 1/LMA): undefined if petiole is in- or excluded)",116515,try_23867,3,1,555.5555555555555,666.6666666666666,666.6666666666666
468,Leaf mass per area,"Leaf area per leaf dry mass (specific leaf area, SLA or 1/LMA): undefined if petiole is in- or excluded)",116516,try_23868,3,1,454.5454545454545,555.5555555555555,625
468,Leaf mass per area,"Leaf area per leaf dry mass (specific leaf area, SLA or 1/LMA): undefined if petiole is in- or excluded)",116517,try_23869,1,1,526.3157894736842,526.3157894736842,526.3157894736842
468,Leaf mass per area,"Leaf area per leaf dry mass (specific leaf area, SLA or 1/LMA): undefined if petiole is in- or excluded)",116518,try_23870,1,1,666.6666666666666,666.6666666666666,666.6666666666666
468,Leaf mass per area,"Leaf area per leaf dry mass (specific leaf area, SLA or 1/LMA): undefined if petiole is in- or excluded)",116519,try_23871,2,2,70.4225352112676,273.3065057008719,476.1904761904762
468,Leaf mass per area,"Leaf area per leaf dry mass (specific leaf area, SLA or 1/LMA): undefined if petiole is in- or excluded)",119252,try_26604,5,3,277.77777777777777,312.5,344.82758620689657
468,Leaf mass per area,"Leaf area per leaf dry mass (specific leaf area, SLA or 1/LMA): undefined if petiole is in- or excluded)",119253,try_26605,3,2,196.078431372549,232.5581395348837,243.90243902439022
468,Leaf mass per area,"Leaf area per leaf dry mass (specific leaf area, SLA or 1/LMA): undefined if petiole is in- or excluded)",119254,try_26606,4,2,163.93442622950818,215.92442645074223,277.77777777777777
468,Leaf mass per area,"Leaf area per leaf dry mass (specific leaf area, SLA or 1/LMA): undefined if petiole is in- or excluded)",119255,try_26607,3,1,156.25,192.30769230769232,208.33333333333334
468,Leaf mass per area,"Leaf area per leaf dry mass (specific leaf area, SLA or 1/LMA): undefined if petiole is in- or excluded)",119256,try_26608,6,3,106.38297872340425,119.1996594295445,131.57894736842104
468,Leaf mass per area,"Leaf area per leaf dry mass (specific leaf area, SLA or 1/LMA): undefined if petiole is in- or excluded)",119257,try_26609,2,2,181.81818181818184,187.06293706293707,192.30769230769232
468,Leaf mass per area,"Leaf area per leaf dry mass (specific leaf area, SLA or 1/LMA): undefined if petiole is in- or excluded)",119258,try_26610,3,2,161.29032258064515,169.49152542372883,188.67924528301887
468,Leaf mass per area,"Leaf area per leaf dry mass (specific leaf area, SLA or 1/LMA): undefined if petiole is in- or excluded)",119259,try_26611,10,4,93.45794392523365,155.27202696196437,263.1578947368421
468,Leaf mass per area,"Leaf area per leaf dry mass (specific leaf area, SLA or 1/LMA): undefined if petiole is in- or excluded)",119260,try_26612,1,1,212.7659574468085,212.7659574468085,212.7659574468085
468,Leaf mass per area,"Leaf area per leaf dry mass (specific leaf area, SLA or 1/LMA): undefined if petiole is in- or excluded)",119261,try_26613,2,1,322.5806451612903,353.5980148883375,384.61538461538464
468,Leaf mass per area,"Leaf area per leaf dry mass (specific leaf area, SLA or 1/LMA): undefined if petiole is in- or excluded)",119262,try_26614,2,1,217.3913043478261,260.21080368906456,303.03030303030306
468,Leaf mass per area,"Leaf area per leaf dry mass (specific leaf area, SLA or 1/LMA): undefined if petiole is in- or excluded)",119263,try_26615,3,1,99.00990099009901,105.26315789473685,109.89010989010988
468,Leaf mass per area,"Leaf area per leaf dry mass (specific leaf area, SLA or 1/LMA): undefined if petiole is in- or excluded)",119264,try_26616,3,2,135.13513513513513,161.29032258064515,178.57142857142858
468,Leaf mass per area,"Leaf area per leaf dry mass (specific leaf area, SLA or 1/LMA): undefined if petiole is in- or excluded)",119265,try_26617,2,2,114.9425287356322,138.11642565813867,161.29032258064515
468,Leaf mass per area,"Leaf area per leaf dry mass (specific leaf area, SLA or 1/LMA): undefined if petiole is in- or excluded)",119266,try_26618,3,1,238.0952380952381,303.03030303030306,303.03030303030306
468,Leaf mass per area,"Leaf area per leaf dry mass (specific leaf area, SLA or 1/LMA): undefined if petiole is in- or excluded)",119267,try_26619,4,1,158.73015873015873,192.59259259259258,243.90243902439022
468,Leaf mass per area,"Leaf area per leaf dry mass (specific leaf area, SLA or 1/LMA): undefined if petiole is in- or excluded)",119268,try_26620,3,1,169.49152542372883,175.43859649122805,181.81818181818184
468,Leaf mass per area,"Leaf area per leaf dry mass (specific leaf area, SLA or 1/LMA): undefined if petiole is in- or excluded)",119269,try_26621,3,1,384.61538461538464,416.6666666666667,1666.6666666666667
468,Leaf mass per area,"Leaf area per leaf dry mass (specific leaf area, SLA or 1/LMA): undefined if petiole is in- or excluded)",119270,try_26622,1,1,416.6666666666667,416.6666666666667,416.6666666666667
468,Leaf mass per area,"Leaf area per leaf dry mass (specific leaf area, SLA or 1/LMA): undefined if petiole is in- or excluded)",119271,try_26623,1,1,140.8450704225352,140.8450704225352,140.8450704225352
468,Leaf mass per area,"Leaf area per leaf dry mass (specific leaf area, SLA or 1/LMA): undefined if petiole is in- or excluded)",119272,try_26624,2,1,116.27906976744185,121.43067412422725,126.58227848101265
468,Leaf mass per area,"Leaf area per leaf dry mass (specific leaf area, SLA or 1/LMA): undefined if petiole is in- or excluded)",119273,try_26625,3,1,97.08737864077669,101.010101010101,102.04081632653062
468,Leaf mass per area,"Leaf area per leaf dry mass (specific leaf area, SLA or 1/LMA): undefined if petiole is in- or excluded)",119274,try_26626,3,1,129.87012987012986,144.92753623188406,166.66666666666666
468,Leaf mass per area,"Leaf area per leaf dry mass (specific leaf area, SLA or 1/LMA): undefined if petiole is in- or excluded)",119275,try_26627,1,1,161.29032258064515,161.29032258064515,161.29032258064515
468,Leaf mass per area,"Leaf area per leaf dry mass (specific leaf area, SLA or 1/LMA): undefined if petiole is in- or excluded)",119276,try_26628,1,1,188.67924528301887,188.67924528301887,188.67924528301887
468,Leaf mass per area,"Leaf area per leaf dry mass (specific leaf area, SLA or 1/LMA): undefined if petiole is in- or excluded)",119277,try_26629,3,3,57.80346820809249,58.8235294117647,500
468,Leaf mass per area,"Leaf area per leaf dry mass (specific leaf area, SLA or 1/LMA): undefined if petiole is in- or excluded)",119278,try_26630,1,1,181.81818181818184,181.81818181818184,181.81818181818184
468,Leaf mass per area,"Leaf area per leaf dry mass (specific leaf area, SLA or 1/LMA): undefined if petiole is in- or excluded)",119279,try_26631,1,1,344.82758620689657,344.82758620689657,344.82758620689657
468,Leaf mass per area,"Leaf area per leaf dry mass (specific leaf area, SLA or 1/LMA): undefined if petiole is in- or excluded)",119280,try_26632,1,1,217.3913043478261,217.3913043478261,217.3913043478261
468,Leaf mass per area,"Leaf area per leaf dry mass (specific leaf area, SLA or 1/LMA): undefined if petiole is in- or excluded)",119281,try_26633,4,1,181.81818181818184,188.74643874643874,200
468,Leaf mass per area,"Leaf area per leaf dry mass (specific leaf area, SLA or 1/LMA): undefined if petiole is in- or excluded)",119282,try_26634,1,1,192.30769230769232,192.30769230769232,192.30769230769232
468,Leaf mass per area,"Leaf area per leaf dry mass (specific leaf area, SLA or 1/LMA): undefined if petiole is in- or excluded)",119283,try_26635,2,1,312.5,328.66379310344826,344.82758620689657
468,Leaf mass per area,"Leaf area per leaf dry mass (specific leaf area, SLA or 1/LMA): undefined if petiole is in- or excluded)",119284,try_26636,1,1,285.7142857142857,285.7142857142857,285.7142857142857
468,Leaf mass per area,"Leaf area per leaf dry mass (specific leaf area, SLA or 1/LMA): undefined if petiole is in- or excluded)",119285,try_26637,1,1,344.82758620689657,344.82758620689657,344.82758620689657
468,Leaf mass per area,"Leaf area per leaf dry mass (specific leaf area, SLA or 1/LMA): undefined if petiole is in- or excluded)",119286,try_26638,1,1,172.41379310344828,172.41379310344828,172.41379310344828
468,Leaf mass per area,"Leaf area per leaf dry mass (specific leaf area, SLA or 1/LMA): undefined if petiole is in- or excluded)",124982,try_32334,3,2,54.6448087431694,65.78947368421052,69.93006993006993
468,Leaf mass per area,"Leaf area per leaf dry mass (specific leaf area, SLA or 1/LMA): undefined if petiole is in- or excluded)",124983,try_32335,1,1,57.14285714285714,57.14285714285714,57.14285714285714
468,Leaf mass per area,"Leaf area per leaf dry mass (specific leaf area, SLA or 1/LMA): undefined if petiole is in- or excluded)",124984,try_32336,4,1,42.5531914893617,48.78513124390186,49.75124378109453
468,Leaf mass per area,"Leaf area per leaf dry mass (specific leaf area, SLA or 1/LMA): undefined if petiole is in- or excluded)",124985,try_32337,1,1,64.1025641025641,64.1025641025641,64.1025641025641
468,Leaf mass per area,"Leaf area per leaf dry mass (specific leaf area, SLA or 1/LMA): undefined if petiole is in- or excluded)",124986,try_32338,1,1,55.24861878453038,55.24861878453038,55.24861878453038
468,Leaf mass per area,"Leaf area per leaf dry mass (specific leaf area, SLA or 1/LMA): undefined if petiole is in- or excluded)",124987,try_32339,3,1,71.94244604316548,84.03361344537815,86.20689655172414
468,Leaf mass per area,"Leaf area per leaf dry mass (specific leaf area, SLA or 1/LMA): undefined if petiole is in- or excluded)",124988,try_32340,2,1,57.80346820809249,63.38449272473589,68.9655172413793
468,Leaf mass per area,"Leaf area per leaf dry mass (specific leaf area, SLA or 1/LMA): undefined if petiole is in- or excluded)",124989,try_32341,1,1,50.25125628140703,50.25125628140703,50.25125628140703
468,Leaf mass per area,"Leaf area per leaf dry mass (specific leaf area, SLA or 1/LMA): undefined if petiole is in- or excluded)",124990,try_32342,1,1,75.18796992481204,75.18796992481204,75.18796992481204
486,Leaf mass per area,"Leaf area per leaf dry mass (specific leaf area, SLA or 1/LMA): petiole included",119638,try_26990,33,33,0.0012836522776108984,0.0046010868266641875,0.011395629975128834
505,Leaf mass per area,"Leaf area per leaf dry mass (specific leaf area, SLA or 1/LMA): undefined if petiole is in- or excluded)",120814,try_28166,56,3,4.048582995951417e-4,0.002430883073120756,0.03191489361702131
505,Leaf mass per area,"Leaf area per leaf dry mass (specific leaf area, SLA or 1/LMA): undefined if petiole is in- or excluded)",120817,try_28169,7,1,0.001514748870581983,0.0020699761861146747,0.0030251529571719915
505,Leaf mass per area,"Leaf area per leaf dry mass (specific leaf area, SLA or 1/LMA): undefined if petiole is in- or excluded)",120818,try_28170,44,1,0.0021541950113378706,0.002463513759795884,0.0030624263839811594
505,Leaf mass per area,"Leaf area per leaf dry mass (specific leaf area, SLA or 1/LMA): undefined if petiole is in- or excluded)",120819,try_28171,15,2,9.560229445506692e-4,0.011811023622047239,0.1795918367346938
505,Leaf mass per area,"Leaf area per leaf dry mass (specific leaf area, SLA or 1/LMA): undefined if petiole is in- or excluded)",120820,try_28172,89,2,0.002521008403361342,0.005402425578831299,0.012781954887218039
505,Leaf mass per area,"Leaf area per leaf dry mass (specific leaf area, SLA or 1/LMA): undefined if petiole is in- or excluded)",120826,try_28178,11,2,0.009328358208955223,0.024028268551236766,0.045108695652173875
505,Leaf mass per area,"Leaf area per leaf dry mass (specific leaf area, SLA or 1/LMA): undefined if petiole is in- or excluded)",120827,try_28179,66,2,0.002006688963210704,0.003011170013588649,0.012719298245614038
505,Leaf mass per area,"Leaf area per leaf dry mass (specific leaf area, SLA or 1/LMA): undefined if petiole is in- or excluded)",120828,try_28180,26,2,0.002600297176820205,0.0036530526523855383,0.0125
505,Leaf mass per area,"Leaf area per leaf dry mass (specific leaf area, SLA or 1/LMA): undefined if petiole is in- or excluded)",120829,try_28181,3,1,0.013750000000000004,0.021367521367521368,0.022807017543859675
505,Leaf mass per area,"Leaf area per leaf dry mass (specific leaf area, SLA or 1/LMA): undefined if petiole is in- or excluded)",120830,try_28182,24,2,0.0032285471537808,0.00416732865494972,0.013574660633484156
505,Leaf mass per area,"Leaf area per leaf dry mass (specific leaf area, SLA or 1/LMA): undefined if petiole is in- or excluded)",120831,try_28183,44,2,0.0022181146025878023,0.003201013423604679,0.018592964824120598
505,Leaf mass per area,"Leaf area per leaf dry mass (specific leaf area, SLA or 1/LMA): undefined if petiole is in- or excluded)",120832,try_28184,5,1,0.07956448911222767,0.11247443762781187,0.13581129378127238
505,Leaf mass per area,"Leaf area per leaf dry mass (specific leaf area, SLA or 1/LMA): undefined if petiole is in- or excluded)",120833,try_28185,53,1,3.831417624521073e-4,0.0035153797865662235,0.008393956351426996
505,Leaf mass per area,"Leaf area per leaf dry mass (specific leaf area, SLA or 1/LMA): undefined if petiole is in- or excluded)",120834,try_28186,77,3,6.058158319870747e-4,0.002408111533586818,0.019426751592356677
505,Leaf mass per area,"Leaf area per leaf dry mass (specific leaf area, SLA or 1/LMA): undefined if petiole is in- or excluded)",120835,try_28187,60,1,7.638888888888884e-4,0.0026424502707590967,0.007456978967495226
505,Leaf mass per area,"Leaf area per leaf dry mass (specific leaf area, SLA or 1/LMA): undefined if petiole is in- or excluded)",120836,try_28188,52,2,8.064516129032258e-4,0.004673798713483056,0.009628506444276007
505,Leaf mass per area,"Leaf area per leaf dry mass (specific leaf area, SLA or 1/LMA): undefined if petiole is in- or excluded)",120837,try_28189,33,2,8.553654743390351e-4,0.0023853211009174325,0.011428571428571429
505,Leaf mass per area,"Leaf area per leaf dry mass (specific leaf area, SLA or 1/LMA): undefined if petiole is in- or excluded)",120838,try_28190,70,2,0.0011417143983405485,0.0031016970147404914,0.0172549019607843
505,Leaf mass per area,"Leaf area per leaf dry mass (specific leaf area, SLA or 1/LMA): undefined if petiole is in- or excluded)",120839,try_28191,45,3,0.001218521527213647,0.002560240963855419,0.00941108545034646
505,Leaf mass per area,"Leaf area per leaf dry mass (specific leaf area, SLA or 1/LMA): undefined if petiole is in- or excluded)",120840,try_28192,85,2,0.0012541254125412534,0.0026777469990766386,0.004519450800915334
505,Leaf mass per area,"Leaf area per leaf dry mass (specific leaf area, SLA or 1/LMA): undefined if petiole is in- or excluded)",120841,try_28193,64,1,0.0012609649122807011,0.0026799353193270635,0.00668402777777776
505,Leaf mass per area,"Leaf area per leaf dry mass (specific leaf area, SLA or 1/LMA): undefined if petiole is in- or excluded)",120842,try_28194,60,1,0.0012716763005780351,0.004953835443318837,0.01893860561914672
505,Leaf mass per area,"Leaf area per leaf dry mass (specific leaf area, SLA or 1/LMA): undefined if petiole is in- or excluded)",120844,try_28196,57,2,0.0015027322404371573,0.0022123893805309734,0.015616438356164393
505,Leaf mass per area,"Leaf area per leaf dry mass (specific leaf area, SLA or 1/LMA): undefined if petiole is in- or excluded)",120845,try_28197,60,2,0.0016348773841961845,0.0030129140325282316,0.015093085106382981
505,Leaf mass per area,"Leaf area per leaf dry mass (specific leaf area, SLA or 1/LMA): undefined if petiole is in- or excluded)",120846,try_28198,35,1,0.0018641810918774981,0.0028347996089931587,0.007048008171603702
505,Leaf mass per area,"Leaf area per leaf dry mass (specific leaf area, SLA or 1/LMA): undefined if petiole is in- or excluded)",120847,try_28199,91,2,0.001973251479938609,0.004905960792118626,0.03731707317073175
505,Leaf mass per area,"Leaf area per leaf dry mass (specific leaf area, SLA or 1/LMA): undefined if petiole is in- or excluded)",120848,try_28200,43,2,0.002109181141439204,0.0030432136335970784,0.016780821917808213
505,Leaf mass per area,"Leaf area per leaf dry mass (specific leaf area, SLA or 1/LMA): undefined if petiole is in- or excluded)",120849,try_28201,58,1,0.00211954217888936,0.002826878587196468,0.005391743892165122
505,Leaf mass per area,"Leaf area per leaf dry mass (specific leaf area, SLA or 1/LMA): undefined if petiole is in- or excluded)",120850,try_28202,59,1,0.0026760563380281675,0.0044943820224719105,0.007827202737382381
505,Leaf mass per area,"Leaf area per leaf dry mass (specific leaf area, SLA or 1/LMA): undefined if petiole is in- or excluded)",120851,try_28203,71,2,0.0032626427406199023,0.00527631907976994,0.011560693641618497
505,Leaf mass per area,"Leaf area per leaf dry mass (specific leaf area, SLA or 1/LMA): undefined if petiole is in- or excluded)",120852,try_28204,82,2,0.0033490937746256852,0.020287697348458138,0.0435889277760101
505,Leaf mass per area,"Leaf area per leaf dry mass (specific leaf area, SLA or 1/LMA): undefined if petiole is in- or excluded)",120853,try_28205,60,1,0.00337423312883436,0.004183094688702715,0.005856515373352855
505,Leaf mass per area,"Leaf area per leaf dry mass (specific leaf area, SLA or 1/LMA): undefined if petiole is in- or excluded)",120854,try_28206,59,1,0.0034393809114359416,0.005122143420015766,0.015210608424336984
505,Leaf mass per area,"Leaf area per leaf dry mass (specific leaf area, SLA or 1/LMA): undefined if petiole is in- or excluded)",120855,try_28207,52,2,0.004111842105263158,0.00548073036493336,0.024719101123595474
505,Leaf mass per area,"Leaf area per leaf dry mass (specific leaf area, SLA or 1/LMA): undefined if petiole is in- or excluded)",120856,try_28208,10,1,0.006198347107438029,0.00971654568006669,0.01642857142857143
505,Leaf mass per area,"Leaf area per leaf dry mass (specific leaf area, SLA or 1/LMA): undefined if petiole is in- or excluded)",120857,try_28209,5,1,0.02046332046332046,0.02822966507177035,0.03192982456140353
505,Leaf mass per area,"Leaf area per leaf dry mass (specific leaf area, SLA or 1/LMA): undefined if petiole is in- or excluded)",120858,try_28210,3,1,0.02293577981651376,0.02581395348837212,0.1
505,Leaf mass per area,"Leaf area per leaf dry mass (specific leaf area, SLA or 1/LMA): undefined if petiole is in- or excluded)",120859,try_28211,4,1,0.025,0.02798499155535083,0.03299663299663299
509,Leaf mass per area,"Leaf area per leaf dry mass (specific leaf area, SLA or 1/LMA): undefined if petiole is in- or excluded)",120882,try_28234,290,39,0.06286469147327384,1.7152019180557017,47.48580471225383
509,Leaf mass per area,"Leaf area per leaf dry mass (specific leaf area, SLA or 1/LMA): undefined if petiole is in- or excluded)",120883,try_28235,337,38,0.1223537005927827,2.0287260508255724,68.01874787143831
509,Leaf mass per area,"Leaf area per leaf dry mass (specific leaf area, SLA or 1/LMA): undefined if petiole is in- or excluded)",120884,try_28236,233,28,0.6136269009517084,2.1372229331706185,11.974009167804327
509,Leaf mass per area,"Leaf area per leaf dry mass (specific leaf area, SLA or 1/LMA): undefined if petiole is in- or excluded)",120885,try_28237,283,28,0.04472536523874869,2.0018330785500282,79.53794182531304
509,Leaf mass per area,"Leaf area per leaf dry mass (specific leaf area, SLA or 1/LMA): undefined if petiole is in- or excluded)",120886,try_28238,223,25,0.15397233128169696,2.0567126586694684,74.86330521941723
509,Leaf mass per area,"Leaf area per leaf dry mass (specific leaf area, SLA or 1/LMA): undefined if petiole is in- or excluded)",120887,try_28239,295,39,0.028318627271488882,1.8495122633639915,6.534786357020694
509,Leaf mass per area,"Leaf area per leaf dry mass (specific leaf area, SLA or 1/LMA): undefined if petiole is in- or excluded)",120888,try_28240,204,27,0.07645450852993702,1.6386458778788553,7.139661430400896
509,Leaf mass per area,"Leaf area per leaf dry mass (specific leaf area, SLA or 1/LMA): undefined if petiole is in- or excluded)",120889,try_28241,116,15,0.3021806550893558,1.6948707222688428,15.39618360324614
523,Leaf mass per area,"Leaf area per leaf dry mass (specific leaf area, SLA or 1/LMA): petiole included",121497,try_28849,108,11,46.87160839971096,155.75221750565117,779.3618740847369
526,Leaf mass per area,"Leaf area per leaf dry mass (specific leaf area, SLA or 1/LMA): petiole included",121543,try_28895,67,8,0.012363359741689397,0.024197979259564493,0.04059558747690884
530,Leaf mass per area,"Leaf area per leaf dry mass (specific leaf area, SLA or 1/LMA): undefined if petiole is in- or excluded)",123058,try_30410,10,1,2.2158209616662973e-4,2.4092139128663797e-4,2.640612622128334e-4
530,Leaf mass per area,"Leaf area per leaf dry mass (specific leaf area, SLA or 1/LMA): undefined if petiole is in- or excluded)",123059,try_30411,20,1,1.4308644806237104e-4,2.101467631493842e-4,2.951671301883823e-4
530,Leaf mass per area,"Leaf area per leaf dry mass (specific leaf area, SLA or 1/LMA): undefined if petiole is in- or excluded)",123060,try_30412,15,1,2.8422788986169276e-4,3.266685440720928e-4,3.9213028407660623e-4
530,Leaf mass per area,"Leaf area per leaf dry mass (specific leaf area, SLA or 1/LMA): undefined if petiole is in- or excluded)",123061,try_30413,15,1,1.5494576898085659e-4,2.4108003857280618e-4,3.3143939393939363e-4
541,Leaf mass per area,leaf mass per area,124995,bien_traits_5,5,5,0.10966564167528454,0.15111511591689955,0.16902241316977212
541,Leaf mass per area,leaf mass per area,124997,bien_traits_7,6,3,0.11904761904761904,0.19566869300911854,0.2777777777777778
541,Leaf mass per area,leaf mass per area,125002,bien_traits_12,14,14,0.04505756394415153,0.07723958204872122,0.32489592795554956
541,Leaf mass per area,leaf mass per area,125003,bien_traits_13,5,3,0.028097780275358242,0.06999860002799944,0.08010253123998719
541,Leaf mass per area,leaf mass per area,125004,bien_traits_14,8,8,0.12406947890818858,0.1944825935907118,0.2590673575129534
541,Leaf mass per area,leaf mass per area,125013,bien_traits_23,33,33,0.028129395218002815,0.06513597134017261,0.16835016835016833
541,Leaf mass per area,leaf mass per area,125015,bien_traits_25,16,5,0.020491803278688527,0.04464112040459055,0.09803921568627452
541,Leaf mass per area,leaf mass per area,125018,bien_traits_28,4,2,0.14705882352941177,0.17711598746081506,0.24390243902439027
541,Leaf mass per area,leaf mass per area,125023,bien_traits_33,3,3,0.059880239520958084,0.059880239520958084,0.0847457627118644
541,Leaf mass per area,leaf mass per area,125025,bien_traits_35,21,21,0.03501447405569106,0.0794433594467628,0.2523663655930036
541,Leaf mass per area,leaf mass per area,125026,bien_traits_36,10,5,0.08928571428571429,0.13342821561999643,0.18867924528301888
541,Leaf mass per area,leaf mass per area,125030,bien_traits_40,5,5,0.06493506493506493,0.0900900900900901,0.10989010989010989
541,Leaf mass per area,leaf mass per area,125039,bien_traits_49,19,19,0.04784688995215311,0.13513513513513511,0.4166666666666667
541,Leaf mass per area,leaf mass per area,125041,bien_traits_51,5,5,0.07194244604316546,0.13513513513513511,0.25
541,Leaf mass per area,leaf mass per area,125047,bien_traits_57,42,42,0.023529411764705882,0.08735964864430701,0.3333333333333333
541,Leaf mass per area,leaf mass per area,125053,bien_traits_63,8,8,0.05025125628140704,0.06134969325153374,0.07092198581560284
541,Leaf mass per area,leaf mass per area,125061,bien_traits_71,5,3,0.059880239520958084,0.06944444444444445,0.09433962264150944
541,Leaf mass per area,leaf mass per area,125067,bien_traits_77,9,9,0.08064516129032258,0.2518891687657431,0.78125
541,Leaf mass per area,leaf mass per area,125072,bien_traits_82,9,9,0.03389945421878708,0.05229041891595865,0.06365365850898141
541,Leaf mass per area,leaf mass per area,125073,bien_traits_83,6,6,0.058823529411764705,0.06666666666666667,0.125
541,Leaf mass per area,leaf mass per area,125080,bien_traits_90,4,2,0.1075268817204301,0.16283277332644094,0.24390243902439027
541,Leaf mass per area,leaf mass per area,125084,bien_traits_94,7,7,0.016445693502906106,0.0689450438917249,0.15948334439201475
541,Leaf mass per area,leaf mass per area,125085,bien_traits_95,6,2,0.08431703204047218,0.11740369335306043,0.14534883720930233
541,Leaf mass per area,leaf mass per area,125086,bien_traits_96,4,2,0.12987012987012986,0.1450494008829094,0.17857142857142858
541,Leaf mass per area,leaf mass per area,125087,bien_traits_97,6,6,0.12099999999879,0.137999999991885,0.24199999970476
541,Leaf mass per area,leaf mass per area,125088,bien_traits_98,6,3,0.021000021000021,0.04500040200399604,0.08700191404210893
541,Leaf mass per area,leaf mass per area,125090,bien_traits_100,17,1,0.04367765887748417,0.06887052341597796,0.08059966148142178
541,Leaf mass per area,leaf mass per area,125520,bien_traits_530,20,20,0.0182000182000182,0.026949911400962794,0.05480052608505041
541,Leaf mass per area,leaf mass per area,125538,bien_traits_548,10,10,0.05600044800358403,0.09549820957364656,0.10999890001099989
541,Leaf mass per area,leaf mass per area,125539,bien_traits_549,2,1,0.07530120481927711,0.0800594234444138,0.08481764206955048
541,Leaf mass per area,leaf mass per area,125540,bien_traits_550,5,5,0.0590000001475,0.0719999999424,0.110000000011
541,Leaf mass per area,leaf mass per area,125541,bien_traits_551,3,3,0.061766522544780725,0.07283321194464676,0.10857763300760043
541,Leaf mass per area,leaf mass per area,125621,bien_traits_631,14,14,0.021321961620469083,0.07125000000000001,0.20449897750511248
541,Leaf mass per area,leaf mass per area,125625,bien_traits_635,8,8,0.10107881684018453,0.12327669102134808,0.20817737335076186
541,Leaf mass per area,leaf mass per area,125641,bien_traits_651,1,1,0.13003901170351104,0.13003901170351104,0.13003901170351104
541,Leaf mass per area,leaf mass per area,125709,bien_traits_719,5,5,0.11363636363636363,0.14992503748125938,0.2150537634408602
541,Leaf mass per area,leaf mass per area,125712,bien_traits_722,19,19,0.038799999964304,0.0775896863257698,0.15693113039208478
541,Leaf mass per area,leaf mass per area,125713,bien_traits_723,4,3,0.036603221083455345,0.12693025468384075,0.24875621890547267
541,Leaf mass per area,leaf mass per area,125714,bien_traits_724,10,10,0.08090614886731393,0.1265245366368962,0.2785515320334262
541,Leaf mass per area,leaf mass per area,125719,bien_traits_729,23,23,0.05206718355738337,0.08759571222142122,0.2359303390570946
541,Leaf mass per area,leaf mass per area,125721,bien_traits_731,25,21,0.05675446042527081,0.12300000001229999,0.28444611036313955
541,Leaf mass per area,leaf mass per area,125723,bien_traits_733,14,7,0.10638297872340426,0.29411764705882354,0.7692307692307692
541,Leaf mass per area,leaf mass per area,125724,bien_traits_734,10,10,0.05847953216374269,0.08333912077227584,0.3663003663003663
541,Leaf mass per area,leaf mass per area,125725,bien_traits_735,2,2,0.23094688221709006,0.2555294635175086,0.2801120448179272
541,Leaf mass per area,leaf mass per area,125726,bien_traits_736,5,5,0.071200000102528,0.08879999969452801,0.17219999997485883
541,Leaf mass per area,leaf mass per area,125727,bien_traits_737,5,5,0.017537706068046298,0.08795074758135445,0.12135922330097088
541,Leaf mass per area,leaf mass per area,125736,bien_traits_746,56,5,0.023799890520503603,0.04010051927819542,0.1073998496402105
541,Leaf mass per area,leaf mass per area,125739,bien_traits_749,49,38,0.04759275375575837,0.09259259259259259,0.15151515151515152
541,Leaf mass per area,leaf mass per area,125743,bien_traits_753,6,1,0.05221932114882507,0.06984433719496208,0.11160714285714285
541,Leaf mass per area,leaf mass per area,125744,bien_traits_754,1,1,0.1388888888888889,0.1388888888888889,0.1388888888888889
541,Leaf mass per area,leaf mass per area,125747,bien_traits_757,3,3,0.0676132521974307,0.08726003490401396,0.09124087591240876
541,Leaf mass per area,leaf mass per area,125749,bien_traits_759,18,3,0.043859649122807015,0.07067932067932067,0.10869565217391305
541,Leaf mass per area,leaf mass per area,125750,bien_traits_760,6,3,0.060716454159077116,0.0955095509550955,0.10952902519167579
541,Leaf mass per area,leaf mass per area,125751,bien_traits_761,10,5,0.06896551724137931,0.08852330591461027,0.1694915254237288
541,Leaf mass per area,leaf mass per area,125752,bien_traits_762,14,14,0.02549963344276926,0.0620127931105076,0.07940289026520565
541,Leaf mass per area,leaf mass per area,125756,bien_traits_766,6,6,0.06949270326615706,0.08087386805922275,0.09017132551848513
541,Leaf mass per area,leaf mass per area,125758,bien_traits_768,1,1,0.08298755186721991,0.08298755186721991,0.08298755186721991
541,Leaf mass per area,leaf mass per area,125762,bien_traits_772,3,3,0.048299845440494586,0.057405281285878296,0.06579813133307014
541,Leaf mass per area,leaf mass per area,125763,bien_traits_773,6,6,0.06850722751250257,0.07953969089339014,0.12991939800547742
541,Leaf mass per area,leaf mass per area,125764,bien_traits_774,4,4,0.04,0.057539682539682536,0.06535947712418301
541,Leaf mass per area,leaf mass per area,125767,bien_traits_777,5,5,0.06666666666666667,0.07142857142857142,0.07692307692307693
541,Leaf mass per area,leaf mass per area,125785,bien_traits_795,8,2,0.09233610341643582,0.13038708982745162,0.16447368421052633
541,Leaf mass per area,leaf mass per area,125786,bien_traits_796,1,1,0.13793103448275862,0.13793103448275862,0.13793103448275862
541,Leaf mass per area,leaf mass per area,125787,bien_traits_797,2,2,0.055248618784530384,0.1276243093922652,0.2
541,Leaf mass per area,leaf mass per area,125788,bien_traits_798,2,2,0.08771929824561403,0.15024262784621129,0.2127659574468085
541,Leaf mass per area,leaf mass per area,125789,bien_traits_799,2,2,0.07042253521126761,0.14159424632903805,0.2127659574468085
541,Leaf mass per area,leaf mass per area,125790,bien_traits_800,6,1,0.26153482475589684,0.26153482475589684,0.26153482475589684
541,Leaf mass per area,leaf mass per area,125791,bien_traits_801,6,1,0.14942552564709688,0.14942552564709688,0.14942552564709688
541,Leaf mass per area,leaf mass per area,125792,bien_traits_802,6,1,0.2516989680342311,0.2516989680342311,0.2516989680342311
541,Leaf mass per area,leaf mass per area,125793,bien_traits_803,3,1,0.1996007984031936,0.2,0.2
541,Leaf mass per area,leaf mass per area,125794,bien_traits_804,6,1,0.13054830287206265,0.15988446398445888,0.1692047377326565
541,Leaf mass per area,leaf mass per area,125796,bien_traits_806,1,1,0.27502750275027504,0.27502750275027504,0.27502750275027504
541,Leaf mass per area,leaf mass per area,125797,bien_traits_807,1,1,0.17799928800284798,0.17799928800284798,0.17799928800284798
541,Leaf mass per area,leaf mass per area,125798,bien_traits_808,2,1,0.1388888888888889,0.16944444444444445,0.2
541,Leaf mass per area,leaf mass per area,125799,bien_traits_809,1,1,0.12512512512512514,0.12512512512512514,0.12512512512512514
541,Leaf mass per area,leaf mass per area,125800,bien_traits_810,7,7,0.05,0.0563063063063063,0.09132420091324202
541,Leaf mass per area,leaf mass per area,125808,bien_traits_818,5,5,0.04649000464900046,0.1091703056768559,0.16750418760469013
541,Leaf mass per area,leaf mass per area,125809,bien_traits_819,1,1,0.21186440677966104,0.21186440677966104,0.21186440677966104
541,Leaf mass per area,leaf mass per area,125815,bien_traits_825,2,1,0.2136752136752137,0.22616934908104358,0.2386634844868735
541,Leaf mass per area,leaf mass per area,125821,bien_traits_831,1,1,0.1026694045174538,0.1026694045174538,0.1026694045174538
541,Leaf nitrogen content per unit mass,leaf nitrogen content per leaf dry mass,124995,bien_traits_5,5,5,11.9,18.5,20.2
541,Leaf nitrogen content per unit mass,leaf nitrogen content per leaf dry mass,125002,bien_traits_12,14,14,10.8,18.35,22
541,Leaf nitrogen content per unit mass,leaf nitrogen content per leaf dry mass,125003,bien_traits_13,5,3,24.7,30,33.2
541,Leaf nitrogen content per unit mass,leaf nitrogen content per leaf dry mass,125013,bien_traits_23,33,33,8.403,20.30725,37.4838
541,Leaf nitrogen content per unit mass,leaf nitrogen content per leaf dry mass,125015,bien_traits_25,16,5,23.8,26.7,40
541,Leaf nitrogen content per unit mass,leaf nitrogen content per leaf dry mass,125023,bien_traits_33,3,3,20.9,30.4,34.6
541,Leaf nitrogen content per unit mass,leaf nitrogen content per leaf dry mass,125025,bien_traits_35,21,21,14.3,33.4,57.2
541,Leaf nitrogen content per unit mass,leaf nitrogen content per leaf dry mass,125030,bien_traits_40,5,5,18.4,20.4,21.2
541,Leaf nitrogen content per unit mass,leaf nitrogen content per leaf dry mass,125039,bien_traits_49,19,19,10,20.3,39.9
541,Leaf nitrogen content per unit mass,leaf nitrogen content per leaf dry mass,125047,bien_traits_57,42,42,7.6,19.15,58.2
541,Leaf nitrogen content per unit mass,leaf nitrogen content per leaf dry mass,125053,bien_traits_63,8,8,15.2709,21.1551,34.1844
541,Leaf nitrogen content per unit mass,leaf nitrogen content per leaf dry mass,125067,bien_traits_77,9,9,10.6,19.4,39.8
541,Leaf nitrogen content per unit mass,leaf nitrogen content per leaf dry mass,125072,bien_traits_82,9,9,23.65,30.9,45
541,Leaf nitrogen content per unit mass,leaf nitrogen content per leaf dry mass,125084,bien_traits_94,7,7,9.6385467,15.8605,27.5881498
541,Leaf nitrogen content per unit mass,leaf nitrogen content per leaf dry mass,125085,bien_traits_95,6,2,11.4,12.3,19.1
541,Leaf nitrogen content per unit mass,leaf nitrogen content per leaf dry mass,125087,bien_traits_97,6,6,13.7,20.85,27.4
541,Leaf nitrogen content per unit mass,leaf nitrogen content per leaf dry mass,125088,bien_traits_98,6,3,15.5,18.5,24.7
541,Leaf nitrogen content per unit mass,leaf nitrogen content per leaf dry mass,125090,bien_traits_100,16,1,24.9,31.35,40.1
541,Leaf nitrogen content per unit mass,leaf nitrogen content per leaf dry mass,125520,bien_traits_530,20,20,20.67506,26.47835,35.1648
541,Leaf nitrogen content per unit mass,leaf nitrogen content per leaf dry mass,125538,bien_traits_548,10,10,16.667,25.3385,33.66
541,Leaf nitrogen content per unit mass,leaf nitrogen content per leaf dry mass,125539,bien_traits_549,2,1,16.2,17.049999999999997,17.9
541,Leaf nitrogen content per unit mass,leaf nitrogen content per leaf dry mass,125541,bien_traits_551,3,3,21.3,29.1,29.7
541,Leaf nitrogen content per unit mass,leaf nitrogen content per leaf dry mass,125621,bien_traits_631,13,13,8.6,17.3,43.3
541,Leaf nitrogen content per unit mass,leaf nitrogen content per leaf dry mass,125625,bien_traits_635,8,8,13,19.15,31.1
541,Leaf nitrogen content per unit mass,leaf nitrogen content per leaf dry mass,125641,bien_traits_651,1,1,15,15,15
541,Leaf nitrogen content per unit mass,leaf nitrogen content per leaf dry mass,125709,bien_traits_719,5,5,19,20.7,35
541,Leaf nitrogen content per unit mass,leaf nitrogen content per leaf dry mass,125712,bien_traits_722,19,19,16.3,32.7,47.2
541,Leaf nitrogen content per unit mass,leaf nitrogen content per leaf dry mass,125713,bien_traits_723,4,3,10.7,14.649999999999999,18
541,Leaf nitrogen content per unit mass,leaf nitrogen content per leaf dry mass,125714,bien_traits_724,10,10,8.2,12,19.7
541,Leaf nitrogen content per unit mass,leaf nitrogen content per leaf dry mass,125719,bien_traits_729,28,28,10.2,17,26.6
541,Leaf nitrogen content per unit mass,leaf nitrogen content per leaf dry mass,125721,bien_traits_731,25,21,10.3276141,19.0536,25.8226019
541,Leaf nitrogen content per unit mass,leaf nitrogen content per leaf dry mass,125723,bien_traits_733,14,7,7.3,10.2,18.2
541,Leaf nitrogen content per unit mass,leaf nitrogen content per leaf dry mass,125724,bien_traits_734,10,10,10.3,24.2,39
541,Leaf nitrogen content per unit mass,leaf nitrogen content per leaf dry mass,125725,bien_traits_735,2,2,6.8,7.4,8
541,Leaf nitrogen content per unit mass,leaf nitrogen content per leaf dry mass,125726,bien_traits_736,5,5,7,11.2,12.6
541,Leaf nitrogen content per unit mass,leaf nitrogen content per leaf dry mass,125727,bien_traits_737,5,5,7.9,10.6,24.2
541,Leaf nitrogen content per unit mass,leaf nitrogen content per leaf dry mass,125736,bien_traits_746,56,5,7.6,15.95,25.7
541,Leaf nitrogen content per unit mass,leaf nitrogen content per leaf dry mass,125739,bien_traits_749,49,38,10.4,18.3791373,41.3
541,Leaf nitrogen content per unit mass,leaf nitrogen content per leaf dry mass,125743,bien_traits_753,6,1,33.9,39.15,55.7
541,Leaf nitrogen content per unit mass,leaf nitrogen content per leaf dry mass,125747,bien_traits_757,3,3,19,21.8,25.1
541,Leaf nitrogen content per unit mass,leaf nitrogen content per leaf dry mass,125749,bien_traits_759,18,3,15,19.7,23.8
541,Leaf nitrogen content per unit mass,leaf nitrogen content per leaf dry mass,125750,bien_traits_760,6,3,22.7,28,32.4
541,Leaf nitrogen content per unit mass,leaf nitrogen content per leaf dry mass,125752,bien_traits_762,14,14,23.6,31.299999999999997,45.5
541,Leaf nitrogen content per unit mass,leaf nitrogen content per leaf dry mass,125756,bien_traits_766,6,6,15,18,22.5
541,Leaf nitrogen content per unit mass,leaf nitrogen content per leaf dry mass,125758,bien_traits_768,1,1,27.9,27.9,27.9
541,Leaf nitrogen content per unit mass,leaf nitrogen content per leaf dry mass,125762,bien_traits_772,3,3,21,22,24
541,Leaf nitrogen content per unit mass,leaf nitrogen content per leaf dry mass,125764,bien_traits_774,4,4,27.7,38.7,44.1
541,Leaf nitrogen content per unit mass,leaf nitrogen content per leaf dry mass,125767,bien_traits_777,5,5,27.3,43.9,54
541,Leaf nitrogen content per unit mass,leaf nitrogen content per leaf dry mass,125785,bien_traits_795,8,2,9,11.7,13.5
541,Leaf nitrogen content per unit mass,leaf nitrogen content per leaf dry mass,125786,bien_traits_796,1,1,15.6,15.6,15.6
541,Leaf nitrogen content per unit mass,leaf nitrogen content per leaf dry mass,125787,bien_traits_797,2,2,8,16.95,25.9
541,Leaf nitrogen content per unit mass,leaf nitrogen content per leaf dry mass,125788,bien_traits_798,2,2,7.8,12.4,17
541,Leaf nitrogen content per unit mass,leaf nitrogen content per leaf dry mass,125789,bien_traits_799,2,2,8.6,12.149999999999999,15.7
541,Leaf nitrogen content per unit mass,leaf nitrogen content per leaf dry mass,125790,bien_traits_800,6,1,7.1,7.949999999999999,9.4
541,Leaf nitrogen content per unit mass,leaf nitrogen content per leaf dry mass,125791,bien_traits_801,6,1,9.9,11,11.9
541,Leaf nitrogen content per unit mass,leaf nitrogen content per leaf dry mass,125792,bien_traits_802,6,1,7.4,9.7,10.6
541,Leaf nitrogen content per unit mass,leaf nitrogen content per leaf dry mass,125793,bien_traits_803,3,1,14.5,14.6,14.6
541,Leaf nitrogen content per unit mass,leaf nitrogen content per leaf dry mass,125794,bien_traits_804,6,1,11,11.5,13.6
541,Leaf nitrogen content per unit mass,leaf nitrogen content per leaf dry mass,125796,bien_traits_806,1,1,14.8,14.8,14.8
541,Leaf nitrogen content per unit mass,leaf nitrogen content per leaf dry mass,125797,bien_traits_807,1,1,12.5,12.5,12.5
541,Leaf nitrogen content per unit mass,leaf nitrogen content per leaf dry mass,125798,bien_traits_808,2,1,12.1,12.35,12.6
541,Leaf nitrogen content per unit mass,leaf nitrogen content per leaf dry mass,125799,bien_traits_809,1,1,15.7,15.7,15.7
541,Leaf nitrogen content per unit mass,leaf nitrogen content per leaf dry mass,125800,bien_traits_810,7,7,13.9,17.9,39.8
541,Leaf nitrogen content per unit mass,leaf nitrogen content per leaf dry mass,125808,bien_traits_818,5,5,15.7,17.2,23.5
541,Leaf nitrogen content per unit mass,leaf nitrogen content per leaf dry mass,125809,bien_traits_819,1,1,20.7,20.7,20.7
541,Leaf nitrogen content per unit mass,leaf nitrogen content per leaf dry mass,125815,bien_traits_825,2,1,11.2,12.2,13.2
541,Leaf nitrogen content per unit mass,leaf nitrogen content per leaf dry mass,125821,bien_traits_831,1,1,37.9,37.9,37.9
541,Leaf nitrogen content per unit mass,leaf nitrogen content per leaf dry mass,126260,bien_traits_1270,1,1,10.8,10.8,10.8
541,Leaf nitrogen content per unit mass,leaf nitrogen content per leaf dry mass,126381,bien_traits_1391,4,4,6.8,13.75,18.9
541,Leaf nitrogen content per unit mass,leaf nitrogen content per leaf dry mass,126424,bien_traits_1434,4,4,8.8,13.5,20.2
541,Leaf nitrogen content per unit mass,leaf nitrogen content per leaf dry mass,126427,bien_traits_1437,8,1,9.9,11.600000000000001,14.7
543,Leaf nitrogen content per unit mass,leaf nitrogen content per leaf dry mass,124993,bien_traits_3,6,6,21.7,29.85,36.5
543,Leaf nitrogen content per unit mass,leaf nitrogen content per leaf dry mass,124994,bien_traits_4,8,8,15.1,22.1,32.9
543,Leaf nitrogen content per unit mass,leaf nitrogen content per leaf dry mass,125027,bien_traits_37,11,11,11.1,19.1,30.8
543,Leaf nitrogen content per unit mass,leaf nitrogen content per leaf dry mass,125028,bien_traits_38,12,12,14.3,22.45,27.5
543,Leaf nitrogen content per unit mass,leaf nitrogen content per leaf dry mass,125062,bien_traits_72,5,5,20.8,25.4,32.7
543,Leaf nitrogen content per unit mass,leaf nitrogen content per leaf dry mass,125081,bien_traits_91,8,8,16.9,18.05,22.6
543,Leaf nitrogen content per unit mass,leaf nitrogen content per leaf dry mass,125082,bien_traits_92,7,7,10.8,16.2,24.1
543,Leaf nitrogen content per unit mass,leaf nitrogen content per leaf dry mass,125083,bien_traits_93,9,9,11.6,15.5,26.3
543,Leaf nitrogen content per unit mass,leaf nitrogen content per leaf dry mass,125598,bien_traits_608,8,8,12.2,15.25,26.1
556,Leaf mass per area,leaf mass per area,125029,bien_traits_39,2031,35,0.012282598015132162,0.04182215796479996,0.13016240363101042
558,Leaf mass per area,leaf mass per area,125408,bien_traits_418,54,54,0.022253872173758234,0.07007326459383917,0.2240143369175627
558,Leaf nitrogen content per unit mass,leaf nitrogen content per leaf dry mass,125408,bien_traits_418,53,53,10.05,17.45,33.64
566,Leaf mass per area,leaf mass per area,125089,bien_traits_99,235,4,0.03339523942446404,0.06950332534489913,3.302524686000494
579,Leaf mass per area,leaf mass per area,125111,bien_traits_121,18,2,0.018650793649609473,0.1043918528052479,0.24229691877090054
579,Leaf mass per area,leaf mass per area,125257,bien_traits_267,54,6,0.037009622501850484,0.060649851105262255,0.11183355010399401
579,Leaf mass per area,leaf mass per area,125344,bien_traits_354,93,11,0.039138349509813306,0.06957250626684439,0.20532319388980613
579,Leaf mass per area,leaf mass per area,125352,bien_traits_362,108,12,0.010869565219754254,0.06558591958779457,0.13432835819893071
579,Leaf mass per area,leaf mass per area,125429,bien_traits_439,53,6,0.03213174013455166,0.08350906786720817,0.1582969431891018
579,Leaf mass per area,leaf mass per area,125433,bien_traits_443,27,3,0.04353835521438202,0.06043569921934053,0.15658657829925682
579,Leaf mass per area,leaf mass per area,125443,bien_traits_453,36,4,0.02877697841726619,0.06356228334028738,0.09197651659625232
579,Leaf mass per area,leaf mass per area,125461,bien_traits_471,60,1,0.05413508787217478,0.06727188363946238,0.0850607150752691
579,Leaf mass per area,leaf mass per area,125479,bien_traits_489,27,3,0.046875000007324225,0.06313834727732473,0.08374384236865733
579,Leaf mass per area,leaf mass per area,125482,bien_traits_492,45,5,0.025619834707144323,0.047291092741078455,0.06331877728566389
579,Leaf mass per area,leaf mass per area,125483,bien_traits_493,42,5,0.037837837835792545,0.05274790271678412,0.07750472592429272
579,Leaf mass per area,leaf mass per area,125485,bien_traits_495,54,6,0.04444839541292559,0.08094037072603558,0.23748581680674008
579,Leaf mass per area,leaf mass per area,125490,bien_traits_500,20,1,0.06799052823679172,0.08103282299184375,0.09344665591853198
579,Leaf mass per area,leaf mass per area,125491,bien_traits_501,60,1,0.061219595301767786,0.0859509969470675,0.10153096390039591
579,Leaf mass per area,leaf mass per area,125500,bien_traits_510,36,4,0.02215508560231794,0.05169345066253463,0.07217847771396932
579,Leaf mass per area,leaf mass per area,125506,bien_traits_516,18,2,0.0273702031634373,0.0884899583161657,0.17940199339005086
579,Leaf mass per area,leaf mass per area,125507,bien_traits_517,18,2,0.027707808557252443,0.06370723776828267,0.08474755483536933
579,Leaf mass per area,leaf mass per area,125513,bien_traits_523,30,1,0.06287236907192228,0.0756579455242132,0.08855748709274626
579,Leaf mass per area,leaf mass per area,125526,bien_traits_536,80,1,0.05515149426079763,0.07476266521743699,0.09345129866452198
590,Leaf nitrogen content per unit mass,leaf nitrogen content per leaf dry mass,125159,bien_traits_169,287,15,4.4,9.3,44.9
600,Leaf mass per area,leaf mass per area,125514,bien_traits_524,51,51,0.027608064867909215,0.05635358493330553,0.18619893494209214
601,Leaf mass per area,leaf mass per area,125531,bien_traits_541,10,1,0.01779422755258194,0.022573065020685505,0.025833451736653794
601,Leaf mass per area,leaf mass per area,125600,bien_traits_610,10,1,0.014850632339925035,0.02523131518512066,0.030476190476190476
601,Leaf mass per area,leaf mass per area,125601,bien_traits_611,39,2,0.01698727313496728,0.025567208521039254,0.05121534001864238
601,Leaf mass per area,leaf mass per area,125602,bien_traits_612,20,1,0.030303030303030304,0.04009971889707842,0.04641555849520759
601,Leaf mass per area,leaf mass per area,125603,bien_traits_613,6,1,0.017141573973605405,0.020647422248989477,0.023659343311267053
601,Leaf mass per area,leaf mass per area,125604,bien_traits_614,9,1,0.024136399621541255,0.08733014287211374,0.12144323136150008
601,Leaf mass per area,leaf mass per area,125605,bien_traits_615,9,1,0.021838400206154497,0.029567953069744888,0.033331000163321904
601,Leaf mass per area,leaf mass per area,125606,bien_traits_616,11,1,0.0404138376980278,0.049460387175910815,0.05319148936170213
601,Leaf mass per area,leaf mass per area,125707,bien_traits_717,10,1,0.02075244204361748,0.03119973040134222,0.04204418844205259
601,Leaf mass per area,leaf mass per area,125708,bien_traits_718,10,1,0.03452847908955306,0.03735396018264926,0.059674416384207764
611,Leaf nitrogen content per unit mass,leaf nitrogen content per leaf dry mass,125842,bien_traits_852,20,20,13.78063833,25.925489315,60.832432
624,Leaf nitrogen content per unit mass,leaf nitrogen content per leaf dry mass,126297,bien_traits_1307,21,5,11.099,17.558,45.63442963
624,Leaf nitrogen content per unit mass,leaf nitrogen content per leaf dry mass,126306,bien_traits_1316,87,32,10.1,32.6,60.9
624,Leaf nitrogen content per unit mass,leaf nitrogen content per leaf dry mass,126309,bien_traits_1319,90,36,12.173,28.322499999999998,48.569
624,Leaf nitrogen content per unit mass,leaf nitrogen content per leaf dry mass,126323,bien_traits_1333,19,8,14,29,102
624,Leaf nitrogen content per unit mass,leaf nitrogen content per leaf dry mass,126325,bien_traits_1335,32,6,21,35.5,45
624,Leaf nitrogen content per unit mass,leaf nitrogen content per leaf dry mass,126326,bien_traits_1336,20,3,10.842,13.9715,17.2
624,Leaf nitrogen content per unit mass,leaf nitrogen content per leaf dry mass,126342,bien_traits_1352,35,8,9.86008889,15.44462222,24.48468148
624,Leaf nitrogen content per unit mass,leaf nitrogen content per leaf dry mass,126343,bien_traits_1353,17,4,10.507,15.073,27.925
624,Leaf nitrogen content per unit mass,leaf nitrogen content per leaf dry mass,126345,bien_traits_1355,11,3,14.6,19.052,57.666
624,Leaf nitrogen content per unit mass,leaf nitrogen content per leaf dry mass,126346,bien_traits_1356,42,17,10.445,20.7635,42.573
624,Leaf nitrogen content per unit mass,leaf nitrogen content per leaf dry mass,126347,bien_traits_1357,9,3,8.246,11.043,50.621
624,Leaf nitrogen content per unit mass,leaf nitrogen content per leaf dry mass,126348,bien_traits_1358,85,30,8.92,27.633,49
624,Leaf nitrogen content per unit mass,leaf nitrogen content per leaf dry mass,126349,bien_traits_1359,87,30,17.971,31.115,58.314
624,Leaf nitrogen content per unit mass,leaf nitrogen content per leaf dry mass,126422,bien_traits_1432,5,1,13.507,23.721,26.358
660,Stem specific density,stem wood density,126489,bien_traits_1499,375,1,2.9174e-4,3.5478e-4,4.885e-4
660,Stem specific density,stem wood density,126490,bien_traits_1500,356,1,2.57e-4,3.1908999999999996e-4,3.957e-4
660,Stem specific density,stem wood density,126491,bien_traits_1501,389,1,2.6258e-4,3.1858e-4,4.241e-4
