data_source,scale,scale_id,pipeline_name,store_path,resolution_id,component,R2_Nagelkerke_adjusted,R2_Nagelkerke_percentage,fitted_auc_mean,fitted_auc_median,fitted_auc_n,predictive_tjur_r2_mean,predictive_auc_mean,predictive_log_loss_mean,cv_strategy,effective_folds,cv_feasibility_status,n_locations,n_samples,n_taxa,n_effective_mev,regularization_source,source_tier,candidate_id,continent_id,taxonomic_scale,resolution_label,component_label,component_total_percentage
paleo,local,am_r002_l005,pipeline_paleo_spatial_resolution,D:/GITHUB/BIODYNAMICS_vegetation_cooccurrence/Data/targets/paleo_spatial_local/am_r002_l005/pipeline_paleo_spatial_resolution,family,Associations,0.36124784274534394,21.898047746681097,0.7710050182797223,0.8224041928241359,6,-9.737497535662596e-4,0.4711335099334716,0.6939118106307854,spatially_stratified_group_kfold,5,grouped_kfold_feasible,15,355,6,3,unit_cv,NA,candidate_004,america,Family,Family,Biotic co-occurrence,21.898047746681097
paleo,local,am_r002_l005,pipeline_paleo_spatial_resolution,D:/GITHUB/BIODYNAMICS_vegetation_cooccurrence/Data/targets/paleo_spatial_local/am_r002_l005/pipeline_paleo_spatial_resolution,functional_type,Associations,0.2513358206271595,16.603526189558565,0.8365699860835077,0.8452987641737801,5,0.06113586662754193,0.6129128816720146,0.5653320768957538,spatially_stratified_group_kfold,5,grouped_kfold_feasible,15,355,5,3,unit_cv,NA,candidate_004,america,Functional type,Functional type,Biotic co-occurrence,16.603526189558565
paleo,local,am_r002_l005,pipeline_paleo_spatial_resolution,D:/GITHUB/BIODYNAMICS_vegetation_cooccurrence/Data/targets/paleo_spatial_local/am_r002_l005/pipeline_paleo_spatial_resolution,genus,Associations,0.4141406513875634,17.47805591665476,0.8069687105486711,0.8638712496080918,10,0.0868560595691338,0.6417100904917338,0.5334289207971915,spatially_stratified_group_kfold,5,grouped_kfold_feasible,15,355,10,3,unit_cv,NA,candidate_008,america,Genus,Genus,Biotic co-occurrence,17.47805591665476
paleo,local,am_r002_l006,pipeline_paleo_spatial_resolution,D:/GITHUB/BIODYNAMICS_vegetation_cooccurrence/Data/targets/paleo_spatial_local/am_r002_l006/pipeline_paleo_spatial_resolution,family,Associations,0.1970021899089539,12.185062284480171,0.9057373847686102,0.8911996533932018,4,0.07154872200140953,0.6760494407026665,0.5090703175510789,leave_one_location_out,14,leave_one_location_out_required,14,370,4,3,unit_cv,NA,candidate_008,america,Family,Family,Biotic co-occurrence,12.185062284480171
paleo,local,am_r002_l006,pipeline_paleo_spatial_resolution,D:/GITHUB/BIODYNAMICS_vegetation_cooccurrence/Data/targets/paleo_spatial_local/am_r002_l006/pipeline_paleo_spatial_resolution,functional_type,Associations,0.18737453407725743,11.968195545652948,0.8454679610985532,0.863365103685759,6,-0.00461777186201642,0.4786359675388127,0.4446431240507981,spatially_stratified_group_kfold,5,grouped_kfold_feasible,14,370,6,3,unit_cv,NA,candidate_004,america,Functional type,Functional type,Biotic co-occurrence,11.968195545652948
paleo,local,am_r002_l006,pipeline_paleo_spatial_resolution,D:/GITHUB/BIODYNAMICS_vegetation_cooccurrence/Data/targets/paleo_spatial_local/am_r002_l006/pipeline_paleo_spatial_resolution,genus,Associations,0.43769985779250814,18.709402114905966,0.8056149302406336,0.838018152689324,10,0.00449516261331433,0.4247176113786254,0.6374673008675402,spatially_stratified_group_kfold,5,grouped_kfold_feasible,14,370,9,3,unit_cv,NA,candidate_004,america,Genus,Genus,Biotic co-occurrence,18.709402114905966
paleo,local,am_r004_l002,pipeline_paleo_spatial_resolution,D:/GITHUB/BIODYNAMICS_vegetation_cooccurrence/Data/targets/paleo_spatial_local/am_r004_l002/pipeline_paleo_spatial_resolution,family,Associations,0.26811125386533996,15.27280173263972,0.8616203203698748,0.8618351841028639,5,-0.05437328679708285,0.3956222697174273,0.6909250920808252,spatially_stratified_group_kfold,5,grouped_kfold_feasible,9,204,5,NA,unit_cv,NA,candidate_008,america,Family,Family,Biotic co-occurrence,15.27280173263972
paleo,local,am_r004_l002,pipeline_paleo_spatial_resolution,D:/GITHUB/BIODYNAMICS_vegetation_cooccurrence/Data/targets/paleo_spatial_local/am_r004_l002/pipeline_paleo_spatial_resolution,functional_type,Associations,0.18340606084573816,13.703757089246963,0.9095865973631936,0.93302162478083,3,NA,NA,NA,none,NA,tier_pooled_regularization_required,9,204,3,NA,tier_pooled,paleo_spatial_local,candidate_004,america,Functional type,Functional type,Biotic co-occurrence,13.703757089246963
paleo,local,am_r004_l002,pipeline_paleo_spatial_resolution,D:/GITHUB/BIODYNAMICS_vegetation_cooccurrence/Data/targets/paleo_spatial_local/am_r004_l002/pipeline_paleo_spatial_resolution,genus,Associations,0.34401444329158803,18.608433106260748,0.8651010772470079,0.8752762865026738,6,-0.06601171708120783,0.38594237019556055,0.6816605780820568,leave_one_location_out,9,leave_one_location_out_required,9,204,6,NA,unit_cv,NA,candidate_008,america,Genus,Genus,Biotic co-occurrence,18.608433106260748
paleo,local,am_r004_l006,pipeline_paleo_spatial_resolution,D:/GITHUB/BIODYNAMICS_vegetation_cooccurrence/Data/targets/paleo_spatial_local/am_r004_l006/pipeline_paleo_spatial_resolution,family,Associations,0.27222560042119937,16.083555606033208,0.7963428549886338,0.7993754076758232,6,0.02103498517643616,0.5217509020380926,0.6268577400673675,spatially_stratified_group_kfold,5,grouped_kfold_feasible,17,331,6,3,unit_cv,NA,candidate_008,america,Family,Family,Biotic co-occurrence,16.083555606033208
paleo,local,am_r004_l006,pipeline_paleo_spatial_resolution,D:/GITHUB/BIODYNAMICS_vegetation_cooccurrence/Data/targets/paleo_spatial_local/am_r004_l006/pipeline_paleo_spatial_resolution,functional_type,Associations,0.16205580123391128,12.098060420145018,0.8287634149107985,0.8265993265993266,5,0.01354265445804546,0.4860225323101291,0.5153377806500126,spatially_stratified_group_kfold,5,grouped_kfold_feasible,17,331,5,3,unit_cv,NA,candidate_004,america,Functional type,Functional type,Biotic co-occurrence,12.098060420145018
paleo,local,am_r004_l006,pipeline_paleo_spatial_resolution,D:/GITHUB/BIODYNAMICS_vegetation_cooccurrence/Data/targets/paleo_spatial_local/am_r004_l006/pipeline_paleo_spatial_resolution,genus,Associations,0.5388748765401923,22.85050093292408,0.7533765864734902,0.8330912115905031,10,0.03319751997611367,0.5308606044592545,0.5342290943013382,spatially_stratified_group_kfold,5,grouped_kfold_feasible,17,331,10,3,unit_cv,NA,candidate_008,america,Genus,Genus,Biotic co-occurrence,22.85050093292408
paleo,local,am_r005_l005,pipeline_paleo_spatial_resolution,D:/GITHUB/BIODYNAMICS_vegetation_cooccurrence/Data/targets/paleo_spatial_local/am_r005_l005/pipeline_paleo_spatial_resolution,family,Associations,0.3237565937634232,24.125287257490015,0.8865770354125002,0.8829389941380892,4,0.1604139710514982,0.7413387095803788,0.5742951113557399,spatially_stratified_group_kfold,5,grouped_kfold_feasible,11,271,4,NA,unit_cv,NA,candidate_008,america,Family,Family,Biotic co-occurrence,24.125287257490015
paleo,local,am_r005_l005,pipeline_paleo_spatial_resolution,D:/GITHUB/BIODYNAMICS_vegetation_cooccurrence/Data/targets/paleo_spatial_local/am_r005_l005/pipeline_paleo_spatial_resolution,functional_type,Associations,0.1066053821897156,8.608849347977996,0.8769773186003542,0.8909568072512024,4,NA,NA,NA,none,NA,tier_pooled_regularization_required,11,271,3,NA,tier_pooled,paleo_spatial_local,candidate_004,america,Functional type,Functional type,Biotic co-occurrence,8.608849347977996
paleo,local,am_r005_l005,pipeline_paleo_spatial_resolution,D:/GITHUB/BIODYNAMICS_vegetation_cooccurrence/Data/targets/paleo_spatial_local/am_r005_l005/pipeline_paleo_spatial_resolution,genus,Associations,0.565225796566218,22.61399426475176,0.891883675380025,0.8952380952380953,9,0.05145415868442887,0.5596041720745855,0.5298796653353184,spatially_stratified_group_kfold,5,grouped_kfold_feasible,11,271,8,NA,unit_cv,NA,candidate_008,america,Genus,Genus,Biotic co-occurrence,22.61399426475176
paleo,local,am_r005_l006,pipeline_paleo_spatial_resolution,D:/GITHUB/BIODYNAMICS_vegetation_cooccurrence/Data/targets/paleo_spatial_local/am_r005_l006/pipeline_paleo_spatial_resolution,family,Associations,0.18248661603107097,13.823857988774224,0.8352110690813298,0.8479674796747968,5,-0.01661670702741887,0.3914288396477673,0.4803749143826605,spatially_stratified_group_kfold,5,grouped_kfold_feasible,12,291,5,3,unit_cv,NA,candidate_008,america,Family,Family,Biotic co-occurrence,13.823857988774224
paleo,local,am_r005_l006,pipeline_paleo_spatial_resolution,D:/GITHUB/BIODYNAMICS_vegetation_cooccurrence/Data/targets/paleo_spatial_local/am_r005_l006/pipeline_paleo_spatial_resolution,functional_type,Associations,0.07406585503488422,6.952106160025566,0.750670102224666,0.8478564180618975,3,0.00135011626665342,0.3418636164407996,0.37153282864880344,spatially_stratified_group_kfold,5,grouped_kfold_feasible,12,291,3,3,unit_cv,NA,candidate_008,america,Functional type,Functional type,Biotic co-occurrence,6.952106160025566
paleo,local,am_r005_l006,pipeline_paleo_spatial_resolution,D:/GITHUB/BIODYNAMICS_vegetation_cooccurrence/Data/targets/paleo_spatial_local/am_r005_l006/pipeline_paleo_spatial_resolution,genus,Associations,0.19518710034000689,13.431408236995408,0.8395919494671419,0.8439927732610659,5,0.00693749696046856,0.5067666245074636,0.48299654741944625,spatially_stratified_group_kfold,5,grouped_kfold_feasible,12,291,5,3,unit_cv,NA,candidate_008,america,Genus,Genus,Biotic co-occurrence,13.431408236995408
paleo,local,am_r005_l009,pipeline_paleo_spatial_resolution,D:/GITHUB/BIODYNAMICS_vegetation_cooccurrence/Data/targets/paleo_spatial_local/am_r005_l009/pipeline_paleo_spatial_resolution,family,Associations,0.30338513447070486,16.202102593505792,0.8484862358310672,0.9508050089445438,5,0.12609048053852043,0.639220567859373,0.6433301533824679,spatially_stratified_group_kfold,5,grouped_kfold_feasible,11,173,5,NA,unit_cv,NA,candidate_004,america,Family,Family,Biotic co-occurrence,16.202102593505792
paleo,local,am_r005_l009,pipeline_paleo_spatial_resolution,D:/GITHUB/BIODYNAMICS_vegetation_cooccurrence/Data/targets/paleo_spatial_local/am_r005_l009/pipeline_paleo_spatial_resolution,functional_type,Associations,0.20618206523685456,12.032838738139237,0.9344045712106352,0.940142475754604,4,0.15342776756370832,0.6072660228469725,0.4215454925819158,spatially_stratified_group_kfold,5,grouped_kfold_feasible,11,173,4,NA,unit_cv,NA,candidate_004,america,Functional type,Functional type,Biotic co-occurrence,12.032838738139237
paleo,local,am_r005_l009,pipeline_paleo_spatial_resolution,D:/GITHUB/BIODYNAMICS_vegetation_cooccurrence/Data/targets/paleo_spatial_local/am_r005_l009/pipeline_paleo_spatial_resolution,genus,Associations,0.4946116085847983,19.89943452877774,0.8104700131014883,0.9097744360902256,9,0.07122054205597354,0.5254144357360052,0.5986077462517726,spatially_stratified_group_kfold,5,grouped_kfold_feasible,11,173,9,NA,unit_cv,NA,candidate_004,america,Genus,Genus,Biotic co-occurrence,19.89943452877774
paleo,local,am_r007_l004,pipeline_paleo_spatial_resolution,D:/GITHUB/BIODYNAMICS_vegetation_cooccurrence/Data/targets/paleo_spatial_local/am_r007_l004/pipeline_paleo_spatial_resolution,family,Associations,0.518717899819623,22.71432345556919,0.9062133266716396,0.9266376536236348,6,NA,NA,NA,none,NA,tier_pooled_regularization_required,5,122,4,NA,tier_pooled,paleo_spatial_local,candidate_004,america,Family,Family,Biotic co-occurrence,22.71432345556919
paleo,local,am_r007_l004,pipeline_paleo_spatial_resolution,D:/GITHUB/BIODYNAMICS_vegetation_cooccurrence/Data/targets/paleo_spatial_local/am_r007_l004/pipeline_paleo_spatial_resolution,functional_type,Associations,0.28890126411772576,15.642519148823045,0.7569224299821732,0.8652900688298918,5,NA,NA,NA,none,NA,tier_pooled_regularization_required,5,122,4,NA,tier_pooled,paleo_spatial_local,candidate_004,america,Functional type,Functional type,Biotic co-occurrence,15.642519148823045
paleo,local,am_r007_l004,pipeline_paleo_spatial_resolution,D:/GITHUB/BIODYNAMICS_vegetation_cooccurrence/Data/targets/paleo_spatial_local/am_r007_l004/pipeline_paleo_spatial_resolution,genus,Associations,0.5678099210338584,23.091017101205015,0.8788571208277626,0.8721955128205128,7,NA,NA,NA,none,NA,tier_pooled_regularization_required,5,122,4,NA,tier_pooled,paleo_spatial_local,candidate_004,america,Genus,Genus,Biotic co-occurrence,23.091017101205015
paleo,local,am_r007_l005,pipeline_paleo_spatial_resolution,D:/GITHUB/BIODYNAMICS_vegetation_cooccurrence/Data/targets/paleo_spatial_local/am_r007_l005/pipeline_paleo_spatial_resolution,family,Associations,0.17102867895455126,11.63456141853042,0.8708304822163871,0.9200186605846984,4,NA,NA,NA,none,NA,tier_pooled_regularization_required,5,119,4,NA,tier_pooled,paleo_spatial_local,candidate_004,america,Family,Family,Biotic co-occurrence,11.63456141853042
paleo,local,am_r007_l005,pipeline_paleo_spatial_resolution,D:/GITHUB/BIODYNAMICS_vegetation_cooccurrence/Data/targets/paleo_spatial_local/am_r007_l005/pipeline_paleo_spatial_resolution,functional_type,Associations,0.20280274762832584,11.971437911534286,0.8879026504791702,0.9174311926605504,5,NA,NA,NA,none,NA,tier_pooled_regularization_required,5,119,5,NA,tier_pooled,paleo_spatial_local,candidate_004,america,Functional type,Functional type,Biotic co-occurrence,11.971437911534286
paleo,local,am_r007_l005,pipeline_paleo_spatial_resolution,D:/GITHUB/BIODYNAMICS_vegetation_cooccurrence/Data/targets/paleo_spatial_local/am_r007_l005/pipeline_paleo_spatial_resolution,genus,Associations,0.10277114861047842,9.179740004331832,0.8520638084441089,0.9100145137880988,3,NA,NA,NA,none,NA,tier_pooled_regularization_required,5,119,3,NA,tier_pooled,paleo_spatial_local,candidate_004,america,Genus,Genus,Biotic co-occurrence,9.179740004331832
paleo,local,am_r007_l006,pipeline_paleo_spatial_resolution,D:/GITHUB/BIODYNAMICS_vegetation_cooccurrence/Data/targets/paleo_spatial_local/am_r007_l006/pipeline_paleo_spatial_resolution,family,Associations,0.6222429398543445,28.62193188768341,0.7224487320545069,0.7926565559820977,8,NA,NA,NA,none,NA,tier_pooled_regularization_required,5,158,8,NA,tier_pooled,paleo_spatial_local,candidate_004,america,Family,Family,Biotic co-occurrence,28.62193188768341
paleo,local,am_r007_l006,pipeline_paleo_spatial_resolution,D:/GITHUB/BIODYNAMICS_vegetation_cooccurrence/Data/targets/paleo_spatial_local/am_r007_l006/pipeline_paleo_spatial_resolution,functional_type,Associations,0.3360020476586091,19.355168975276335,0.7214134195112418,0.7967793880837359,7,NA,NA,NA,none,NA,tier_pooled_regularization_required,5,158,7,NA,tier_pooled,paleo_spatial_local,candidate_004,america,Functional type,Functional type,Biotic co-occurrence,19.355168975276335
paleo,local,am_r007_l006,pipeline_paleo_spatial_resolution,D:/GITHUB/BIODYNAMICS_vegetation_cooccurrence/Data/targets/paleo_spatial_local/am_r007_l006/pipeline_paleo_spatial_resolution,genus,Associations,1.1737050233078876,40.52358691953203,0.7312307413526284,0.7578181818181818,13,NA,NA,NA,none,NA,tier_pooled_regularization_required,5,158,13,NA,tier_pooled,paleo_spatial_local,candidate_004,america,Genus,Genus,Biotic co-occurrence,40.52358691953203
paleo,local,am_r008_l005,pipeline_paleo_spatial_resolution,D:/GITHUB/BIODYNAMICS_vegetation_cooccurrence/Data/targets/paleo_spatial_local/am_r008_l005/pipeline_paleo_spatial_resolution,family,Associations,0.5848056311213351,23.693854521937254,0.8146998591081317,0.7766784939198732,8,0.03131888415163941,0.5040603818188414,0.7541467468772901,spatially_stratified_group_kfold,5,grouped_kfold_feasible,7,149,8,NA,unit_cv,NA,candidate_004,america,Family,Family,Biotic co-occurrence,23.693854521937254
paleo,local,am_r008_l005,pipeline_paleo_spatial_resolution,D:/GITHUB/BIODYNAMICS_vegetation_cooccurrence/Data/targets/paleo_spatial_local/am_r008_l005/pipeline_paleo_spatial_resolution,functional_type,Associations,0.25142275234412503,12.958786062482696,0.9107841015082608,0.9513973300919114,4,0.13490325660312702,0.656239243090487,0.5431838028494554,leave_one_location_out,7,leave_one_location_out_required,7,149,4,NA,unit_cv,NA,candidate_003,america,Functional type,Functional type,Biotic co-occurrence,12.958786062482696
paleo,local,am_r008_l005,pipeline_paleo_spatial_resolution,D:/GITHUB/BIODYNAMICS_vegetation_cooccurrence/Data/targets/paleo_spatial_local/am_r008_l005/pipeline_paleo_spatial_resolution,genus,Associations,1.442231347110312,36.94466538751253,0.7617075728053277,0.7651955272363817,16,-0.00214037838027753,0.4358713092961579,0.8472988463742168,spatially_stratified_group_kfold,5,grouped_kfold_feasible,7,149,16,NA,unit_cv,NA,candidate_004,america,Genus,Genus,Biotic co-occurrence,36.94466538751253
paleo,local,am_r008_l006,pipeline_paleo_spatial_resolution,D:/GITHUB/BIODYNAMICS_vegetation_cooccurrence/Data/targets/paleo_spatial_local/am_r008_l006/pipeline_paleo_spatial_resolution,family,Associations,0.4294488370425288,20.606949914170062,0.8596221384013154,0.86268572237158625,8,0.01476401204395228,0.43330584833368385,0.5335723006878816,spatially_stratified_group_kfold,5,grouped_kfold_feasible,10,206,5,NA,unit_cv,NA,candidate_008,america,Family,Family,Biotic co-occurrence,20.606949914170062
paleo,local,am_r008_l006,pipeline_paleo_spatial_resolution,D:/GITHUB/BIODYNAMICS_vegetation_cooccurrence/Data/targets/paleo_spatial_local/am_r008_l006/pipeline_paleo_spatial_resolution,functional_type,Associations,0.16104517244223504,11.648948569038906,0.8578682063273182,0.843332724542392,4,0.01433871968353302,0.3640304773249658,0.6680014401913669,spatially_stratified_group_kfold,5,grouped_kfold_feasible,10,206,3,NA,unit_cv,NA,candidate_004,america,Functional type,Functional type,Biotic co-occurrence,11.648948569038906
paleo,local,am_r008_l006,pipeline_paleo_spatial_resolution,D:/GITHUB/BIODYNAMICS_vegetation_cooccurrence/Data/targets/paleo_spatial_local/am_r008_l006/pipeline_paleo_spatial_resolution,genus,Associations,1.1965206196596747,36.478072553505655,0.8706003327246296,0.867671366067088,15,0.0593581522708138,0.5730494965533525,0.5730889426696941,spatially_stratified_group_kfold,5,grouped_kfold_feasible,10,206,13,NA,unit_cv,NA,candidate_008,america,Genus,Genus,Biotic co-occurrence,36.478072553505655
paleo,local,am_r008_l009,pipeline_paleo_spatial_resolution,D:/GITHUB/BIODYNAMICS_vegetation_cooccurrence/Data/targets/paleo_spatial_local/am_r008_l009/pipeline_paleo_spatial_resolution,family,Associations,0.5833463519680361,25.964991662823167,0.8098330258358547,0.8330025628580083,10,0.06614235600078074,0.5659305863434603,0.5412879586149759,spatially_stratified_group_kfold,5,grouped_kfold_feasible,15,352,10,3,unit_cv,NA,candidate_004,america,Family,Family,Biotic co-occurrence,25.964991662823167
paleo,local,am_r008_l009,pipeline_paleo_spatial_resolution,D:/GITHUB/BIODYNAMICS_vegetation_cooccurrence/Data/targets/paleo_spatial_local/am_r008_l009/pipeline_paleo_spatial_resolution,functional_type,Associations,0.29391506046042287,17.784018072169847,0.795356577122486,0.8044473509157128,6,0.09860149934373624,0.6188783439744353,0.4824524577060445,spatially_stratified_group_kfold,5,grouped_kfold_feasible,15,352,6,3,unit_cv,NA,candidate_004,america,Functional type,Functional type,Biotic co-occurrence,17.784018072169847
paleo,local,am_r008_l009,pipeline_paleo_spatial_resolution,D:/GITHUB/BIODYNAMICS_vegetation_cooccurrence/Data/targets/paleo_spatial_local/am_r008_l009/pipeline_paleo_spatial_resolution,genus,Associations,1.1991671024694277,37.64477806094541,0.8385705796956521,0.8230462197026668,19,0.12680582798942533,0.6794598421364809,0.45696005975068305,spatially_stratified_group_kfold,5,grouped_kfold_feasible,15,352,19,3,unit_cv,NA,candidate_008,america,Genus,Genus,Biotic co-occurrence,37.64477806094541
paleo,local,am_r008_l010,pipeline_paleo_spatial_resolution,D:/GITHUB/BIODYNAMICS_vegetation_cooccurrence/Data/targets/paleo_spatial_local/am_r008_l010/pipeline_paleo_spatial_resolution,family,Associations,0.4209641437948849,23.261680345108545,0.6850485526684966,0.8112846513830329,6,0.06872112958886757,0.5503818070075026,0.5446252396088042,spatially_stratified_group_kfold,5,grouped_kfold_feasible,14,263,5,3,unit_cv,NA,candidate_004,america,Family,Family,Biotic co-occurrence,23.261680345108545
paleo,local,am_r008_l010,pipeline_paleo_spatial_resolution,D:/GITHUB/BIODYNAMICS_vegetation_cooccurrence/Data/targets/paleo_spatial_local/am_r008_l010/pipeline_paleo_spatial_resolution,functional_type,Associations,0.28006615587405165,17.605949666614777,0.8079679919464937,0.8145416227608009,5,0.12622163917316245,0.6160163428864586,0.3640275490251476,spatially_stratified_group_kfold,5,grouped_kfold_feasible,14,263,5,3,unit_cv,NA,candidate_004,america,Functional type,Functional type,Biotic co-occurrence,17.605949666614777
paleo,local,am_r008_l010,pipeline_paleo_spatial_resolution,D:/GITHUB/BIODYNAMICS_vegetation_cooccurrence/Data/targets/paleo_spatial_local/am_r008_l010/pipeline_paleo_spatial_resolution,genus,Associations,1.0405322112572497,32.92462750172279,0.7683169789276312,0.8003437257036998,12,0.09448652909013952,0.6001742858646268,0.5558537270064811,spatially_stratified_group_kfold,5,grouped_kfold_feasible,14,263,11,3,unit_cv,NA,candidate_004,america,Genus,Genus,Biotic co-occurrence,32.92462750172279
paleo,local,am_r008_l013,pipeline_paleo_spatial_resolution,D:/GITHUB/BIODYNAMICS_vegetation_cooccurrence/Data/targets/paleo_spatial_local/am_r008_l013/pipeline_paleo_spatial_resolution,family,Associations,0.3874447335635902,17.7087952874799,0.9002120839418369,0.9309091327821444,8,0.1749701730633585,0.7513888435208412,0.4340532169977764,spatially_stratified_group_kfold,5,grouped_kfold_feasible,10,228,8,NA,unit_cv,NA,candidate_008,america,Family,Family,Biotic co-occurrence,17.7087952874799
paleo,local,am_r008_l013,pipeline_paleo_spatial_resolution,D:/GITHUB/BIODYNAMICS_vegetation_cooccurrence/Data/targets/paleo_spatial_local/am_r008_l013/pipeline_paleo_spatial_resolution,functional_type,Associations,0.26460287352272305,13.358400881772928,0.8141451101981367,0.9331656678082192,8,0.07680078502075462,0.5307603843398616,0.4302815125481996,spatially_stratified_group_kfold,5,grouped_kfold_feasible,10,228,8,NA,unit_cv,NA,candidate_008,america,Functional type,Functional type,Biotic co-occurrence,13.358400881772928
paleo,local,am_r008_l013,pipeline_paleo_spatial_resolution,D:/GITHUB/BIODYNAMICS_vegetation_cooccurrence/Data/targets/paleo_spatial_local/am_r008_l013/pipeline_paleo_spatial_resolution,genus,Associations,1.283334912303419,34.605414309422244,0.8799482347874581,0.9127766990291262,19,0.13945755217823752,0.7026776664203747,0.41831534816919985,spatially_stratified_group_kfold,5,grouped_kfold_feasible,10,228,18,NA,unit_cv,NA,candidate_008,america,Genus,Genus,Biotic co-occurrence,34.605414309422244
paleo,local,am_r008_l014,pipeline_paleo_spatial_resolution,D:/GITHUB/BIODYNAMICS_vegetation_cooccurrence/Data/targets/paleo_spatial_local/am_r008_l014/pipeline_paleo_spatial_resolution,family,Associations,0.08784064814644305,7.427091230038315,0.6983971511826336,0.7351152618170089,4,NA,NA,NA,none,NA,tier_pooled_regularization_required,5,104,3,NA,tier_pooled,paleo_spatial_local,candidate_004,america,Family,Family,Biotic co-occurrence,7.427091230038315
paleo,local,am_r008_l014,pipeline_paleo_spatial_resolution,D:/GITHUB/BIODYNAMICS_vegetation_cooccurrence/Data/targets/paleo_spatial_local/am_r008_l014/pipeline_paleo_spatial_resolution,genus,Associations,0.6397773761859631,23.016122506031923,0.9015714203110876,0.9360714516069586,8,NA,NA,NA,none,NA,tier_pooled_regularization_required,5,104,5,NA,tier_pooled,paleo_spatial_local,candidate_004,america,Genus,Genus,Biotic co-occurrence,23.016122506031923
paleo,local,am_r010_l002,pipeline_paleo_spatial_resolution,D:/GITHUB/BIODYNAMICS_vegetation_cooccurrence/Data/targets/paleo_spatial_local/am_r010_l002/pipeline_paleo_spatial_resolution,family,Associations,0.8014093543159995,29.87268728611623,0.7513111797110374,0.7463074137602439,10,0.0326838608928029,0.47081795381833186,0.6986000568942256,spatially_stratified_group_kfold,5,grouped_kfold_feasible,10,251,10,NA,unit_cv,NA,candidate_004,america,Family,Family,Biotic co-occurrence,29.87268728611623
paleo,local,am_r010_l002,pipeline_paleo_spatial_resolution,D:/GITHUB/BIODYNAMICS_vegetation_cooccurrence/Data/targets/paleo_spatial_local/am_r010_l002/pipeline_paleo_spatial_resolution,functional_type,Associations,0.4826708531902116,23.02743248505722,0.781226177925725,0.7617085295656725,7,-0.02457543522587869,0.3923156322506602,0.7851275648803079,spatially_stratified_group_kfold,5,grouped_kfold_feasible,10,251,7,NA,unit_cv,NA,candidate_004,america,Functional type,Functional type,Biotic co-occurrence,23.02743248505722
paleo,local,am_r010_l002,pipeline_paleo_spatial_resolution,D:/GITHUB/BIODYNAMICS_vegetation_cooccurrence/Data/targets/paleo_spatial_local/am_r010_l002/pipeline_paleo_spatial_resolution,genus,Associations,1.2849253450347091,37.29297697828013,0.7429132476157931,0.759166896651394,16,0.03596218080593375,0.46118095346275456,0.7977388705433414,spatially_stratified_group_kfold,5,grouped_kfold_feasible,10,251,16,NA,unit_cv,NA,candidate_004,america,Genus,Genus,Biotic co-occurrence,37.29297697828013
paleo,local,am_r011_l001,pipeline_paleo_spatial_resolution,D:/GITHUB/BIODYNAMICS_vegetation_cooccurrence/Data/targets/paleo_spatial_local/am_r011_l001/pipeline_paleo_spatial_resolution,family,Associations,0.6268862768695969,31.1935696355355,0.7560395985866594,0.8187181760230762,8,0.1163549142572394,0.6533069364035639,0.5236585557450343,spatially_stratified_group_kfold,5,grouped_kfold_feasible,15,291,8,3,unit_cv,NA,candidate_008,america,Family,Family,Biotic co-occurrence,31.1935696355355
paleo,local,am_r011_l001,pipeline_paleo_spatial_resolution,D:/GITHUB/BIODYNAMICS_vegetation_cooccurrence/Data/targets/paleo_spatial_local/am_r011_l001/pipeline_paleo_spatial_resolution,functional_type,Associations,0.3831015817760202,22.51495247090582,0.718207336361013,0.8178925558679887,5,0.11576545634596372,0.5692563205060976,0.5789498547190949,spatially_stratified_group_kfold,5,grouped_kfold_feasible,15,291,5,3,unit_cv,NA,candidate_004,america,Functional type,Functional type,Biotic co-occurrence,22.51495247090582
paleo,local,am_r011_l001,pipeline_paleo_spatial_resolution,D:/GITHUB/BIODYNAMICS_vegetation_cooccurrence/Data/targets/paleo_spatial_local/am_r011_l001/pipeline_paleo_spatial_resolution,genus,Associations,1.4958082249934552,43.75084576362054,0.708567921650326,0.7438624675333926,20,0.01961465535914287,0.4709455727776165,0.7974374189258334,spatially_stratified_group_kfold,5,grouped_kfold_feasible,15,291,19,3,unit_cv,NA,candidate_004,america,Genus,Genus,Biotic co-occurrence,43.75084576362054
paleo,local,am_r011_l002,pipeline_paleo_spatial_resolution,D:/GITHUB/BIODYNAMICS_vegetation_cooccurrence/Data/targets/paleo_spatial_local/am_r011_l002/pipeline_paleo_spatial_resolution,family,Associations,0.6150482066994089,25.4516194560207,0.9108662080734032,0.9068177980412024,6,NA,NA,NA,none,NA,tier_pooled_regularization_required,5,114,6,NA,tier_pooled,paleo_spatial_local,candidate_004,america,Family,Family,Biotic co-occurrence,25.4516194560207
paleo,local,am_r011_l002,pipeline_paleo_spatial_resolution,D:/GITHUB/BIODYNAMICS_vegetation_cooccurrence/Data/targets/paleo_spatial_local/am_r011_l002/pipeline_paleo_spatial_resolution,functional_type,Associations,0.4785161353768519,26.981075742313216,0.9730538558170698,0.9737219302436694,3,NA,NA,NA,none,NA,tier_pooled_regularization_required,5,114,3,NA,tier_pooled,paleo_spatial_local,candidate_004,america,Functional type,Functional type,Biotic co-occurrence,26.981075742313216
paleo,local,am_r011_l002,pipeline_paleo_spatial_resolution,D:/GITHUB/BIODYNAMICS_vegetation_cooccurrence/Data/targets/paleo_spatial_local/am_r011_l002/pipeline_paleo_spatial_resolution,genus,Associations,0.7760423812682964,26.80358199172108,0.8589722732114532,0.9247883195831524,12,NA,NA,NA,none,NA,tier_pooled_regularization_required,5,114,12,NA,tier_pooled,paleo_spatial_local,candidate_004,america,Genus,Genus,Biotic co-occurrence,26.80358199172108
paleo,local,am_r011_l004,pipeline_paleo_spatial_resolution,D:/GITHUB/BIODYNAMICS_vegetation_cooccurrence/Data/targets/paleo_spatial_local/am_r011_l004/pipeline_paleo_spatial_resolution,genus,Associations,0.19075758149780692,13.759393452556628,0.9212328590576347,0.9122641509433962,3,0.09840429670870968,0.6451824930405197,0.673668470697962,leave_one_location_out,7,leave_one_location_out_required,7,93,3,NA,unit_cv,NA,candidate_008,america,Genus,Genus,Biotic co-occurrence,13.759393452556628
paleo,local,am_r011_l005,pipeline_paleo_spatial_resolution,D:/GITHUB/BIODYNAMICS_vegetation_cooccurrence/Data/targets/paleo_spatial_local/am_r011_l005/pipeline_paleo_spatial_resolution,family,Associations,0.7408471681693298,29.979593892279315,0.7509563008656297,0.7705843293492696,13,0.06334655674894474,0.6230140871863857,0.4474640791375584,spatially_stratified_group_kfold,5,grouped_kfold_feasible,42,1007,13,3,unit_cv,NA,candidate_004,america,Family,Family,Biotic co-occurrence,29.979593892279315
paleo,local,am_r011_l005,pipeline_paleo_spatial_resolution,D:/GITHUB/BIODYNAMICS_vegetation_cooccurrence/Data/targets/paleo_spatial_local/am_r011_l005/pipeline_paleo_spatial_resolution,functional_type,Associations,0.42005792447578383,22.395850333630552,0.7883673498437311,0.797823245240125,7,0.12699187553990113,0.6253043398969585,0.39164226084204545,spatially_stratified_group_kfold,5,grouped_kfold_feasible,42,1007,7,3,unit_cv,NA,candidate_004,america,Functional type,Functional type,Biotic co-occurrence,22.395850333630552
paleo,local,am_r011_l005,pipeline_paleo_spatial_resolution,D:/GITHUB/BIODYNAMICS_vegetation_cooccurrence/Data/targets/paleo_spatial_local/am_r011_l005/pipeline_paleo_spatial_resolution,genus,Associations,1.3802648226009628,39.356914969332415,0.6937057077786923,0.7136049706661386,27,0.02941040057592483,0.5365432419055182,0.48128188308686976,spatially_stratified_group_kfold,5,grouped_kfold_feasible,42,1007,26,3,unit_cv,NA,candidate_004,america,Genus,Genus,Biotic co-occurrence,39.356914969332415
paleo,local,am_r011_l006,pipeline_paleo_spatial_resolution,D:/GITHUB/BIODYNAMICS_vegetation_cooccurrence/Data/targets/paleo_spatial_local/am_r011_l006/pipeline_paleo_spatial_resolution,family,Associations,0.5961142562982482,27.49549790773526,0.7951035796179553,0.7896680601141548,10,0.05660942647264842,0.5449326528946568,0.4778121914227282,spatially_stratified_group_kfold,5,grouped_kfold_feasible,21,426,10,3,unit_cv,NA,candidate_004,america,Family,Family,Biotic co-occurrence,27.49549790773526
paleo,local,am_r011_l006,pipeline_paleo_spatial_resolution,D:/GITHUB/BIODYNAMICS_vegetation_cooccurrence/Data/targets/paleo_spatial_local/am_r011_l006/pipeline_paleo_spatial_resolution,functional_type,Associations,0.404908447896295,21.22958062317593,0.8267450287774141,0.8148577190599018,6,0.13829877206958327,0.5733546555315037,0.33731049639056937,spatially_stratified_group_kfold,5,grouped_kfold_feasible,21,426,6,3,unit_cv,NA,candidate_008,america,Functional type,Functional type,Biotic co-occurrence,21.22958062317593
paleo,local,am_r011_l006,pipeline_paleo_spatial_resolution,D:/GITHUB/BIODYNAMICS_vegetation_cooccurrence/Data/targets/paleo_spatial_local/am_r011_l006/pipeline_paleo_spatial_resolution,genus,Associations,1.2198424070907097,42.44834757620088,0.8282851254327954,0.8193429543395013,18,0.11449113065315364,0.608414747498152,0.3888712251153322,spatially_stratified_group_kfold,5,grouped_kfold_feasible,21,426,18,3,unit_cv,NA,candidate_008,america,Genus,Genus,Biotic co-occurrence,42.44834757620088
paleo,local,am_r011_l009,pipeline_paleo_spatial_resolution,D:/GITHUB/BIODYNAMICS_vegetation_cooccurrence/Data/targets/paleo_spatial_local/am_r011_l009/pipeline_paleo_spatial_resolution,family,Associations,0.4145340305398522,20.627970362843083,0.7832610061618315,0.8071574492922807,8,0.0029346614556743,0.4381980663206232,0.7486822332585111,spatially_stratified_group_kfold,5,grouped_kfold_feasible,9,166,7,NA,unit_cv,NA,candidate_004,america,Family,Family,Biotic co-occurrence,20.627970362843083
paleo,local,am_r011_l009,pipeline_paleo_spatial_resolution,D:/GITHUB/BIODYNAMICS_vegetation_cooccurrence/Data/targets/paleo_spatial_local/am_r011_l009/pipeline_paleo_spatial_resolution,functional_type,Associations,0.22516935741269972,13.705412513662612,0.8843358469745817,0.89937106918239,5,0.12587087512257134,0.5742664288890704,0.4947691573039183,spatially_stratified_group_kfold,5,grouped_kfold_feasible,9,166,4,NA,unit_cv,NA,candidate_008,america,Functional type,Functional type,Biotic co-occurrence,13.705412513662612
paleo,local,am_r011_l009,pipeline_paleo_spatial_resolution,D:/GITHUB/BIODYNAMICS_vegetation_cooccurrence/Data/targets/paleo_spatial_local/am_r011_l009/pipeline_paleo_spatial_resolution,genus,Associations,1.1990526835725397,33.740883800311,0.7701767479563405,0.7978603603603603,15,4.459834820492981e-4,0.39684421199230063,0.7722167028830216,spatially_stratified_group_kfold,5,grouped_kfold_feasible,9,166,14,NA,unit_cv,NA,candidate_004,america,Genus,Genus,Biotic co-occurrence,33.740883800311
paleo,local,am_r011_l010,pipeline_paleo_spatial_resolution,D:/GITHUB/BIODYNAMICS_vegetation_cooccurrence/Data/targets/paleo_spatial_local/am_r011_l010/pipeline_paleo_spatial_resolution,family,Associations,0.4234567802303162,18.992823061048902,0.8731257303035678,0.870381974701971,8,0.09075888401822628,0.6644735569918385,0.4759767172223744,spatially_stratified_group_kfold,5,grouped_kfold_feasible,11,236,8,NA,unit_cv,NA,candidate_004,america,Family,Family,Biotic co-occurrence,18.992823061048902
paleo,local,am_r011_l010,pipeline_paleo_spatial_resolution,D:/GITHUB/BIODYNAMICS_vegetation_cooccurrence/Data/targets/paleo_spatial_local/am_r011_l010/pipeline_paleo_spatial_resolution,functional_type,Associations,0.2798557865923636,14.760958112814508,0.86964751824334,0.8505919251751305,6,0.1561256397615238,0.7460605539697567,0.4886131856470204,spatially_stratified_group_kfold,5,grouped_kfold_feasible,11,236,6,NA,unit_cv,NA,candidate_008,america,Functional type,Functional type,Biotic co-occurrence,14.760958112814508
paleo,local,am_r011_l010,pipeline_paleo_spatial_resolution,D:/GITHUB/BIODYNAMICS_vegetation_cooccurrence/Data/targets/paleo_spatial_local/am_r011_l010/pipeline_paleo_spatial_resolution,genus,Associations,0.773536858866136,26.082569768579468,0.8459237007759248,0.8658138736263736,15,0.10436182495963192,0.6258374995306918,0.39832970659753353,spatially_stratified_group_kfold,5,grouped_kfold_feasible,11,236,15,NA,unit_cv,NA,candidate_008,america,Genus,Genus,Biotic co-occurrence,26.082569768579468
paleo,local,am_r011_l014,pipeline_paleo_spatial_resolution,D:/GITHUB/BIODYNAMICS_vegetation_cooccurrence/Data/targets/paleo_spatial_local/am_r011_l014/pipeline_paleo_spatial_resolution,family,Associations,0.26439501551246786,16.985559706282647,0.8876867159573927,0.8957827886399315,4,NA,NA,NA,none,NA,tier_pooled_regularization_required,7,125,4,NA,tier_pooled,paleo_spatial_local,candidate_004,america,Family,Family,Biotic co-occurrence,16.985559706282647
paleo,local,am_r011_l014,pipeline_paleo_spatial_resolution,D:/GITHUB/BIODYNAMICS_vegetation_cooccurrence/Data/targets/paleo_spatial_local/am_r011_l014/pipeline_paleo_spatial_resolution,functional_type,Associations,0.3072494677896024,17.632815717976868,0.8496018962093729,0.8482800982800983,5,0.04385035350982497,0.4501770254667451,0.5776353078908711,leave_one_location_out,7,leave_one_location_out_required,7,125,5,NA,unit_cv,NA,candidate_008,america,Functional type,Functional type,Biotic co-occurrence,17.632815717976868
paleo,local,am_r011_l014,pipeline_paleo_spatial_resolution,D:/GITHUB/BIODYNAMICS_vegetation_cooccurrence/Data/targets/paleo_spatial_local/am_r011_l014/pipeline_paleo_spatial_resolution,genus,Associations,0.7784712675504879,27.0137942991197,0.8895002279461048,0.9100949700146947,10,0.14745676015331122,0.6120542385232132,0.5456558604738684,leave_one_location_out,7,leave_one_location_out_required,7,125,8,NA,unit_cv,NA,candidate_008,america,Genus,Genus,Biotic co-occurrence,27.0137942991197
paleo,local,eu_r001_l002,pipeline_paleo_spatial_resolution,D:/GITHUB/BIODYNAMICS_vegetation_cooccurrence/Data/targets/paleo_spatial_local/eu_r001_l002/pipeline_paleo_spatial_resolution,family,Associations,0.5378613763900602,23.376562488803433,0.7882298495481778,0.7775962535425451,8,0.01797591745240787,0.5231544425992403,0.6722552066436567,spatially_stratified_group_kfold,5,grouped_kfold_feasible,9,152,8,NA,unit_cv,NA,candidate_004,europe,Family,Family,Biotic co-occurrence,23.376562488803433
paleo,local,eu_r001_l002,pipeline_paleo_spatial_resolution,D:/GITHUB/BIODYNAMICS_vegetation_cooccurrence/Data/targets/paleo_spatial_local/eu_r001_l002/pipeline_paleo_spatial_resolution,functional_type,Associations,0.6839290285575865,26.26966829866244,0.8284977901312236,0.8622866059743136,10,0.01350955445602952,0.470228874408492,0.7073276382716179,spatially_stratified_group_kfold,5,grouped_kfold_feasible,9,152,10,NA,unit_cv,NA,candidate_004,europe,Functional type,Functional type,Biotic co-occurrence,26.26966829866244
paleo,local,eu_r001_l002,pipeline_paleo_spatial_resolution,D:/GITHUB/BIODYNAMICS_vegetation_cooccurrence/Data/targets/paleo_spatial_local/eu_r001_l002/pipeline_paleo_spatial_resolution,genus,Associations,0.7047215346596145,25.882587135274115,0.7997777974981263,0.7946150976246735,10,0.03224782581300031,0.5112214741426835,0.6913046650446582,spatially_stratified_group_kfold,5,grouped_kfold_feasible,9,152,10,NA,unit_cv,NA,candidate_004,europe,Genus,Genus,Biotic co-occurrence,25.882587135274115
paleo,local,eu_r002_l001,pipeline_paleo_spatial_resolution,D:/GITHUB/BIODYNAMICS_vegetation_cooccurrence/Data/targets/paleo_spatial_local/eu_r002_l001/pipeline_paleo_spatial_resolution,family,Associations,0.2268006778875016,14.011099690170548,0.8490850989408131,0.8401161155679229,6,0.05715554610915614,0.5989130476420615,0.4212151913218341,spatially_stratified_group_kfold,5,grouped_kfold_feasible,12,231,6,NA,unit_cv,NA,candidate_008,europe,Family,Family,Biotic co-occurrence,14.011099690170548
paleo,local,eu_r002_l001,pipeline_paleo_spatial_resolution,D:/GITHUB/BIODYNAMICS_vegetation_cooccurrence/Data/targets/paleo_spatial_local/eu_r002_l001/pipeline_paleo_spatial_resolution,functional_type,Associations,0.46359167890714414,21.645563033429134,0.7272468332151357,0.7765468227424749,9,0.04764129465100649,0.5511292024922739,0.5372778553162065,spatially_stratified_group_kfold,5,grouped_kfold_feasible,12,231,9,NA,unit_cv,NA,candidate_004,europe,Functional type,Functional type,Biotic co-occurrence,21.645563033429134
paleo,local,eu_r002_l001,pipeline_paleo_spatial_resolution,D:/GITHUB/BIODYNAMICS_vegetation_cooccurrence/Data/targets/paleo_spatial_local/eu_r002_l001/pipeline_paleo_spatial_resolution,genus,Associations,0.5520408331135308,24.729234729900146,0.8481090132483311,0.8548841059602649,11,0.04789540676995833,0.4891643581438856,0.37972894075025576,spatially_stratified_group_kfold,5,grouped_kfold_feasible,12,231,9,NA,unit_cv,NA,candidate_008,europe,Genus,Genus,Biotic co-occurrence,24.729234729900146
paleo,local,eu_r002_l003,pipeline_paleo_spatial_resolution,D:/GITHUB/BIODYNAMICS_vegetation_cooccurrence/Data/targets/paleo_spatial_local/eu_r002_l003/pipeline_paleo_spatial_resolution,family,Associations,0.7533218396870196,30.55495737109351,0.812203652631934,0.8230070218917802,9,0.16484875306118998,0.6860285990837325,0.5430793819991646,spatially_stratified_group_kfold,5,grouped_kfold_feasible,28,413,9,3,unit_cv,NA,candidate_004,europe,Family,Family,Biotic co-occurrence,30.55495737109351
paleo,local,eu_r002_l003,pipeline_paleo_spatial_resolution,D:/GITHUB/BIODYNAMICS_vegetation_cooccurrence/Data/targets/paleo_spatial_local/eu_r002_l003/pipeline_paleo_spatial_resolution,functional_type,Associations,0.4643489360116064,21.38752061347962,0.8825898329475053,0.9110711576525918,6,0.2505198023329549,0.8462043218072846,0.3524211510880879,spatially_stratified_group_kfold,5,grouped_kfold_feasible,28,413,6,3,unit_cv,NA,candidate_004,europe,Functional type,Functional type,Biotic co-occurrence,21.38752061347962
paleo,local,eu_r002_l003,pipeline_paleo_spatial_resolution,D:/GITHUB/BIODYNAMICS_vegetation_cooccurrence/Data/targets/paleo_spatial_local/eu_r002_l003/pipeline_paleo_spatial_resolution,genus,Associations,0.9647802364662056,33.439689469747286,0.8727654759860797,0.8974431151771053,15,0.21196076127545355,0.7214118278240547,0.328335227287998,spatially_stratified_group_kfold,5,grouped_kfold_feasible,28,413,15,3,unit_cv,NA,candidate_008,europe,Genus,Genus,Biotic co-occurrence,33.439689469747286
paleo,local,eu_r002_l004,pipeline_paleo_spatial_resolution,D:/GITHUB/BIODYNAMICS_vegetation_cooccurrence/Data/targets/paleo_spatial_local/eu_r002_l004/pipeline_paleo_spatial_resolution,family,Associations,0.4822573443012695,20.61496425206202,0.8754781932459882,0.8667842848114599,8,0.11434563951378716,0.6183063664470108,0.4387542457255651,spatially_stratified_group_kfold,5,grouped_kfold_feasible,18,296,8,3,unit_cv,NA,candidate_008,europe,Family,Family,Biotic co-occurrence,20.61496425206202
paleo,local,eu_r002_l004,pipeline_paleo_spatial_resolution,D:/GITHUB/BIODYNAMICS_vegetation_cooccurrence/Data/targets/paleo_spatial_local/eu_r002_l004/pipeline_paleo_spatial_resolution,functional_type,Associations,0.4264619817432662,22.379571588337612,0.9017944389981472,0.8834939494258034,6,0.18639449377367184,0.641193826936658,0.2832649289676134,spatially_stratified_group_kfold,5,grouped_kfold_feasible,18,296,6,3,unit_cv,NA,candidate_008,europe,Functional type,Functional type,Biotic co-occurrence,22.379571588337612
paleo,local,eu_r002_l004,pipeline_paleo_spatial_resolution,D:/GITHUB/BIODYNAMICS_vegetation_cooccurrence/Data/targets/paleo_spatial_local/eu_r002_l004/pipeline_paleo_spatial_resolution,genus,Associations,0.89017326575153,27.9105980396416,0.880787468138176,0.8729320111095444,12,0.20230744458426095,0.6828453943983968,0.378327964198589,spatially_stratified_group_kfold,5,grouped_kfold_feasible,18,296,11,3,unit_cv,NA,candidate_008,europe,Genus,Genus,Biotic co-occurrence,27.9105980396416
paleo,local,eu_r002_l005,pipeline_paleo_spatial_resolution,D:/GITHUB/BIODYNAMICS_vegetation_cooccurrence/Data/targets/paleo_spatial_local/eu_r002_l005/pipeline_paleo_spatial_resolution,family,Associations,0.4393702622685789,20.150613717614803,0.8764192578100417,0.8925063050800346,10,0.05300745837781163,0.5676741407196482,0.4542410627434973,spatially_stratified_group_kfold,5,grouped_kfold_feasible,18,322,9,3,unit_cv,NA,candidate_008,europe,Family,Family,Biotic co-occurrence,20.150613717614803
paleo,local,eu_r002_l005,pipeline_paleo_spatial_resolution,D:/GITHUB/BIODYNAMICS_vegetation_cooccurrence/Data/targets/paleo_spatial_local/eu_r002_l005/pipeline_paleo_spatial_resolution,functional_type,Associations,0.6714002534860308,25.33983260629557,0.7931078395721604,0.9080295267339556,10,0.15289540263215506,0.636000270522699,0.4737308108494274,spatially_stratified_group_kfold,5,grouped_kfold_feasible,18,322,10,3,unit_cv,NA,candidate_004,europe,Functional type,Functional type,Biotic co-occurrence,25.33983260629557
paleo,local,eu_r002_l005,pipeline_paleo_spatial_resolution,D:/GITHUB/BIODYNAMICS_vegetation_cooccurrence/Data/targets/paleo_spatial_local/eu_r002_l005/pipeline_paleo_spatial_resolution,genus,Associations,0.8178572503963313,25.855126243014976,0.8984609674039027,0.9113929843448216,14,0.1453094793417292,0.6249812247248282,0.3898973893122336,spatially_stratified_group_kfold,5,grouped_kfold_feasible,18,322,13,3,unit_cv,NA,candidate_008,europe,Genus,Genus,Biotic co-occurrence,25.855126243014976
paleo,local,eu_r002_l006,pipeline_paleo_spatial_resolution,D:/GITHUB/BIODYNAMICS_vegetation_cooccurrence/Data/targets/paleo_spatial_local/eu_r002_l006/pipeline_paleo_spatial_resolution,family,Associations,0.6032142096064618,27.898906224593023,0.7358217924227282,0.7334689194826867,15,0.00351472245196709,0.44528200350956754,0.5185663718391593,spatially_stratified_group_kfold,5,grouped_kfold_feasible,26,316,14,3,unit_cv,NA,candidate_004,europe,Family,Family,Biotic co-occurrence,27.898906224593023
paleo,local,eu_r002_l006,pipeline_paleo_spatial_resolution,D:/GITHUB/BIODYNAMICS_vegetation_cooccurrence/Data/targets/paleo_spatial_local/eu_r002_l006/pipeline_paleo_spatial_resolution,functional_type,Associations,0.3562513136091763,23.74086768038178,0.8280899553992791,0.8484261501210654,9,0.01326782010515311,0.4706445457065024,0.5392863035166722,spatially_stratified_group_kfold,5,grouped_kfold_feasible,26,316,9,3,unit_cv,NA,candidate_004,europe,Functional type,Functional type,Biotic co-occurrence,23.74086768038178
paleo,local,eu_r002_l006,pipeline_paleo_spatial_resolution,D:/GITHUB/BIODYNAMICS_vegetation_cooccurrence/Data/targets/paleo_spatial_local/eu_r002_l006/pipeline_paleo_spatial_resolution,genus,Associations,1.0633861368515936,37.64139596526618,0.6683545567380472,0.6560357675111773,23,9.82017714903825e-4,0.4304596594991616,0.5127183949241171,spatially_stratified_group_kfold,5,grouped_kfold_feasible,26,316,21,3,unit_cv,NA,candidate_004,europe,Genus,Genus,Biotic co-occurrence,37.64139596526618
paleo,local,eu_r002_l007,pipeline_paleo_spatial_resolution,D:/GITHUB/BIODYNAMICS_vegetation_cooccurrence/Data/targets/paleo_spatial_local/eu_r002_l007/pipeline_paleo_spatial_resolution,family,Associations,0.383639436416,18.000186164429195,0.858380232620971,0.8607856081861693,7,0.14282413120498064,0.6619276545891624,0.5006419498270589,spatially_stratified_group_kfold,5,grouped_kfold_feasible,20,229,7,3,unit_cv,NA,candidate_008,europe,Family,Family,Biotic co-occurrence,18.000186164429195
paleo,local,eu_r002_l007,pipeline_paleo_spatial_resolution,D:/GITHUB/BIODYNAMICS_vegetation_cooccurrence/Data/targets/paleo_spatial_local/eu_r002_l007/pipeline_paleo_spatial_resolution,functional_type,Associations,0.16738546405113242,10.158225375841033,0.8982573375431498,0.8880640722008081,6,0.1124119086117163,0.5831301693726756,0.49478673341687057,spatially_stratified_group_kfold,5,grouped_kfold_feasible,20,229,5,3,unit_cv,NA,candidate_004,europe,Functional type,Functional type,Biotic co-occurrence,10.158225375841033
paleo,local,eu_r002_l007,pipeline_paleo_spatial_resolution,D:/GITHUB/BIODYNAMICS_vegetation_cooccurrence/Data/targets/paleo_spatial_local/eu_r002_l007/pipeline_paleo_spatial_resolution,genus,Associations,0.5624886992049255,22.100947097572035,0.8588693135762235,0.8500717368799915,12,0.09657713484013047,0.6014450568071905,0.4017977176755869,spatially_stratified_group_kfold,5,grouped_kfold_feasible,20,229,12,3,unit_cv,NA,candidate_008,europe,Genus,Genus,Biotic co-occurrence,22.100947097572035
paleo,local,eu_r002_l008,pipeline_paleo_spatial_resolution,D:/GITHUB/BIODYNAMICS_vegetation_cooccurrence/Data/targets/paleo_spatial_local/eu_r002_l008/pipeline_paleo_spatial_resolution,family,Associations,0.6021747078590038,24.375749472175777,0.7501496133322151,0.7533206831119544,7,0.08362812996990449,0.5494964253699938,0.7394644265820897,spatially_stratified_group_kfold,5,grouped_kfold_feasible,12,158,6,NA,unit_cv,NA,candidate_004,europe,Family,Family,Biotic co-occurrence,24.375749472175777
paleo,local,eu_r002_l008,pipeline_paleo_spatial_resolution,D:/GITHUB/BIODYNAMICS_vegetation_cooccurrence/Data/targets/paleo_spatial_local/eu_r002_l008/pipeline_paleo_spatial_resolution,functional_type,Associations,0.5137488321667133,25.43111807881244,0.7263901620250801,0.8408519641278263,6,0.13754563955505625,0.6212620414666438,0.6102948315257242,spatially_stratified_group_kfold,5,grouped_kfold_feasible,12,158,6,NA,unit_cv,NA,candidate_004,europe,Functional type,Functional type,Biotic co-occurrence,25.43111807881244
paleo,local,eu_r002_l008,pipeline_paleo_spatial_resolution,D:/GITHUB/BIODYNAMICS_vegetation_cooccurrence/Data/targets/paleo_spatial_local/eu_r002_l008/pipeline_paleo_spatial_resolution,genus,Associations,0.8147016777754943,26.94508821556235,0.7700639593073508,0.8512814178575048,10,0.1374625936686152,0.6482897234276894,0.7129610946576471,spatially_stratified_group_kfold,5,grouped_kfold_feasible,12,158,9,NA,unit_cv,NA,candidate_004,europe,Genus,Genus,Biotic co-occurrence,26.94508821556235
paleo,local,eu_r004_l003,pipeline_paleo_spatial_resolution,D:/GITHUB/BIODYNAMICS_vegetation_cooccurrence/Data/targets/paleo_spatial_local/eu_r004_l003/pipeline_paleo_spatial_resolution,family,Associations,0.27601813633113725,15.88307776980065,0.7902643331159969,0.8018691588785046,7,NA,NA,NA,none,NA,tier_pooled_regularization_required,7,112,4,NA,tier_pooled,paleo_spatial_local,candidate_004,europe,Family,Family,Biotic co-occurrence,15.88307776980065
paleo,local,eu_r004_l003,pipeline_paleo_spatial_resolution,D:/GITHUB/BIODYNAMICS_vegetation_cooccurrence/Data/targets/paleo_spatial_local/eu_r004_l003/pipeline_paleo_spatial_resolution,functional_type,Associations,0.34781966973926337,16.975860743991213,0.9386019067269076,0.9402798539466268,6,0.3320482658401301,0.8352458902778234,0.4377023203756346,spatially_stratified_group_kfold,5,grouped_kfold_feasible,7,112,5,NA,unit_cv,NA,candidate_004,europe,Functional type,Functional type,Biotic co-occurrence,16.975860743991213
paleo,local,eu_r004_l003,pipeline_paleo_spatial_resolution,D:/GITHUB/BIODYNAMICS_vegetation_cooccurrence/Data/targets/paleo_spatial_local/eu_r004_l003/pipeline_paleo_spatial_resolution,genus,Associations,0.7253568694706904,28.644809075043327,0.773105362309913,0.820855614973262,9,0.1258327927373295,0.6238413237988306,0.5844223111129863,leave_one_location_out,7,leave_one_location_out_required,7,112,7,2,unit_cv,NA,candidate_004,europe,Genus,Genus,Biotic co-occurrence,28.644809075043327
paleo,local,eu_r005_l001,pipeline_paleo_spatial_resolution,D:/GITHUB/BIODYNAMICS_vegetation_cooccurrence/Data/targets/paleo_spatial_local/eu_r005_l001/pipeline_paleo_spatial_resolution,family,Associations,0.4560967695141888,20.612762213348315,0.8658139694258683,0.8700626959247649,9,0.06156191228105066,0.5879644980611667,0.5198956029794117,spatially_stratified_group_kfold,5,grouped_kfold_feasible,17,307,8,3,unit_cv,NA,candidate_004,europe,Family,Family,Biotic co-occurrence,20.612762213348315
paleo,local,eu_r005_l001,pipeline_paleo_spatial_resolution,D:/GITHUB/BIODYNAMICS_vegetation_cooccurrence/Data/targets/paleo_spatial_local/eu_r005_l001/pipeline_paleo_spatial_resolution,functional_type,Associations,0.3019986670972185,17.464220477553212,0.7371027895954049,0.8159449272727513,8,0.09407477380171252,0.5396015944617977,0.3703689504964262,spatially_stratified_group_kfold,5,grouped_kfold_feasible,17,307,7,3,unit_cv,NA,candidate_008,europe,Functional type,Functional type,Biotic co-occurrence,17.464220477553212
paleo,local,eu_r005_l001,pipeline_paleo_spatial_resolution,D:/GITHUB/BIODYNAMICS_vegetation_cooccurrence/Data/targets/paleo_spatial_local/eu_r005_l001/pipeline_paleo_spatial_resolution,genus,Associations,1.0248527426814211,31.557099535520106,0.868502042322941,0.8745978120978121,17,0.11489205948975025,0.6637794070340055,0.38225245836553834,spatially_stratified_group_kfold,5,grouped_kfold_feasible,17,307,15,3,unit_cv,NA,candidate_008,europe,Genus,Genus,Biotic co-occurrence,31.557099535520106
paleo,local,eu_r005_l002,pipeline_paleo_spatial_resolution,D:/GITHUB/BIODYNAMICS_vegetation_cooccurrence/Data/targets/paleo_spatial_local/eu_r005_l002/pipeline_paleo_spatial_resolution,family,Associations,0.6406025799982127,26.493127418388628,0.8267701143752383,0.8714053174172545,9,0.06471526731849558,0.6797230690414348,0.5625794209154114,spatially_stratified_group_kfold,5,grouped_kfold_feasible,25,445,9,3,unit_cv,NA,candidate_004,europe,Family,Family,Biotic co-occurrence,26.493127418388628
paleo,local,eu_r005_l002,pipeline_paleo_spatial_resolution,D:/GITHUB/BIODYNAMICS_vegetation_cooccurrence/Data/targets/paleo_spatial_local/eu_r005_l002/pipeline_paleo_spatial_resolution,functional_type,Associations,0.3636995434085504,20.186227729808913,0.8017804513089273,0.8304571323664403,7,0.06226273629551746,0.6369730323431791,0.41300638374772486,spatially_stratified_group_kfold,5,grouped_kfold_feasible,25,445,7,3,unit_cv,NA,candidate_004,europe,Functional type,Functional type,Biotic co-occurrence,20.186227729808913
paleo,local,eu_r005_l002,pipeline_paleo_spatial_resolution,D:/GITHUB/BIODYNAMICS_vegetation_cooccurrence/Data/targets/paleo_spatial_local/eu_r005_l002/pipeline_paleo_spatial_resolution,genus,Associations,1.1554835014486435,36.14113011316022,0.9107643738091696,0.9123846153846152,17,0.16523460154892508,0.7811532962252006,0.32003600797008225,spatially_stratified_group_kfold,5,grouped_kfold_feasible,25,445,16,3,unit_cv,NA,candidate_008,europe,Genus,Genus,Biotic co-occurrence,36.14113011316022
paleo,local,eu_r005_l003,pipeline_paleo_spatial_resolution,D:/GITHUB/BIODYNAMICS_vegetation_cooccurrence/Data/targets/paleo_spatial_local/eu_r005_l003/pipeline_paleo_spatial_resolution,family,Associations,0.7286120460913268,31.35188510881357,0.9065772262743236,0.9227559370988448,6,0.30695436948842436,0.7701208481498224,0.4789280715845187,spatially_stratified_group_kfold,5,grouped_kfold_feasible,9,120,6,NA,unit_cv,NA,candidate_008,europe,Family,Family,Biotic co-occurrence,31.35188510881357
paleo,local,eu_r005_l003,pipeline_paleo_spatial_resolution,D:/GITHUB/BIODYNAMICS_vegetation_cooccurrence/Data/targets/paleo_spatial_local/eu_r005_l003/pipeline_paleo_spatial_resolution,functional_type,Associations,0.28085873050424115,14.434891609246902,0.8002998191715688,0.9367361610352264,5,0.21421909836547995,0.7694808959346748,0.4082153036080584,spatially_stratified_group_kfold,5,grouped_kfold_feasible,9,120,5,NA,unit_cv,NA,candidate_008,europe,Functional type,Functional type,Biotic co-occurrence,14.434891609246902
paleo,local,eu_r005_l003,pipeline_paleo_spatial_resolution,D:/GITHUB/BIODYNAMICS_vegetation_cooccurrence/Data/targets/paleo_spatial_local/eu_r005_l003/pipeline_paleo_spatial_resolution,genus,Associations,0.9328020066050156,33.10385899086615,0.922782107213796,0.9242068155111632,9,0.30953202068564717,0.7944729868602465,0.4359422173161034,spatially_stratified_group_kfold,5,grouped_kfold_feasible,9,120,9,NA,unit_cv,NA,candidate_008,europe,Genus,Genus,Biotic co-occurrence,33.10385899086615
paleo,local,eu_r005_l005,pipeline_paleo_spatial_resolution,D:/GITHUB/BIODYNAMICS_vegetation_cooccurrence/Data/targets/paleo_spatial_local/eu_r005_l005/pipeline_paleo_spatial_resolution,family,Associations,0.5829609452895463,25.39997348599104,0.7926455176916393,0.8020370242621209,12,0.03570074858891784,0.5078271816307931,0.5384697048843263,spatially_stratified_group_kfold,5,grouped_kfold_feasible,17,356,11,3,unit_cv,NA,candidate_004,europe,Family,Family,Biotic co-occurrence,25.39997348599104
paleo,local,eu_r005_l005,pipeline_paleo_spatial_resolution,D:/GITHUB/BIODYNAMICS_vegetation_cooccurrence/Data/targets/paleo_spatial_local/eu_r005_l005/pipeline_paleo_spatial_resolution,functional_type,Associations,0.4263309818354969,22.24182107962852,0.8425287744618738,0.8567173704925009,7,0.05697605668586016,0.5806374107668368,0.4821946596551119,spatially_stratified_group_kfold,5,grouped_kfold_feasible,17,356,7,3,unit_cv,NA,candidate_004,europe,Functional type,Functional type,Biotic co-occurrence,22.24182107962852
paleo,local,eu_r005_l005,pipeline_paleo_spatial_resolution,D:/GITHUB/BIODYNAMICS_vegetation_cooccurrence/Data/targets/paleo_spatial_local/eu_r005_l005/pipeline_paleo_spatial_resolution,genus,Associations,1.3242542047336778,40.1936344960618,0.8450367033356474,0.845981040564374,20,0.06593038502660309,0.5612753635494367,0.3820603190400027,spatially_stratified_group_kfold,5,grouped_kfold_feasible,17,356,18,3,unit_cv,NA,candidate_008,europe,Genus,Genus,Biotic co-occurrence,40.1936344960618
paleo,local,eu_r005_l006,pipeline_paleo_spatial_resolution,D:/GITHUB/BIODYNAMICS_vegetation_cooccurrence/Data/targets/paleo_spatial_local/eu_r005_l006/pipeline_paleo_spatial_resolution,family,Associations,0.8455486744201519,34.96678121306374,0.7069170695500548,0.7570729053318824,17,0.02987334540196781,0.5966046957096749,0.35929711330662845,spatially_stratified_group_kfold,5,grouped_kfold_feasible,102,1840,17,3,unit_cv,NA,candidate_004,europe,Family,Family,Biotic co-occurrence,34.96678121306374
paleo,local,eu_r005_l006,pipeline_paleo_spatial_resolution,D:/GITHUB/BIODYNAMICS_vegetation_cooccurrence/Data/targets/paleo_spatial_local/eu_r005_l006/pipeline_paleo_spatial_resolution,functional_type,Associations,0.46522206162475266,28.749313961524525,0.6911847903941355,0.7573062946538557,9,0.00196111148460529,0.5425724020864043,0.6629920311673893,spatially_stratified_group_kfold,5,grouped_kfold_feasible,102,1840,9,3,unit_cv,NA,candidate_004,europe,Functional type,Functional type,Biotic co-occurrence,28.749313961524525
paleo,local,eu_r005_l006,pipeline_paleo_spatial_resolution,D:/GITHUB/BIODYNAMICS_vegetation_cooccurrence/Data/targets/paleo_spatial_local/eu_r005_l006/pipeline_paleo_spatial_resolution,genus,Associations,1.2452533052648689,39.19039491165842,0.7043428082065811,0.7452087890784487,28,0.02315108112193572,0.5602171401149034,0.4475313015229472,spatially_stratified_group_kfold,5,grouped_kfold_feasible,102,1840,27,3,unit_cv,NA,candidate_004,europe,Genus,Genus,Biotic co-occurrence,39.19039491165842
paleo,local,eu_r005_l007,pipeline_paleo_spatial_resolution,D:/GITHUB/BIODYNAMICS_vegetation_cooccurrence/Data/targets/paleo_spatial_local/eu_r005_l007/pipeline_paleo_spatial_resolution,family,Associations,0.574843767903768,27.273670748438487,0.8387408291908343,0.8115171456980232,10,0.12413548986896344,0.659631369569963,0.3655805306583779,spatially_stratified_group_kfold,5,grouped_kfold_feasible,23,296,8,3,unit_cv,NA,candidate_008,europe,Family,Family,Biotic co-occurrence,27.273670748438487
paleo,local,eu_r005_l007,pipeline_paleo_spatial_resolution,D:/GITHUB/BIODYNAMICS_vegetation_cooccurrence/Data/targets/paleo_spatial_local/eu_r005_l007/pipeline_paleo_spatial_resolution,functional_type,Associations,0.20082650571514477,13.277140506079864,0.8966473373847714,0.922594246031746,6,0.1663306967344048,0.7567108528995906,0.27824347760425455,spatially_stratified_group_kfold,5,grouped_kfold_feasible,23,296,5,3,unit_cv,NA,candidate_004,europe,Functional type,Functional type,Biotic co-occurrence,13.277140506079864
paleo,local,eu_r005_l007,pipeline_paleo_spatial_resolution,D:/GITHUB/BIODYNAMICS_vegetation_cooccurrence/Data/targets/paleo_spatial_local/eu_r005_l007/pipeline_paleo_spatial_resolution,genus,Associations,1.040083159191929,35.40066551729533,0.7804985174892574,0.7484722107095491,16,0.08905627071801124,0.5769798280833662,0.501765265573493,spatially_stratified_group_kfold,5,grouped_kfold_feasible,23,296,13,3,unit_cv,NA,candidate_004,europe,Genus,Genus,Biotic co-occurrence,35.40066551729533
paleo,local,eu_r005_l008,pipeline_paleo_spatial_resolution,D:/GITHUB/BIODYNAMICS_vegetation_cooccurrence/Data/targets/paleo_spatial_local/eu_r005_l008/pipeline_paleo_spatial_resolution,family,Associations,0.4922931618944045,19.70611947697832,0.9137180073422267,0.9080269675651756,8,0.16194400788758592,0.809437525897667,0.39083881928718833,spatially_stratified_group_kfold,5,grouped_kfold_feasible,14,299,8,NA,unit_cv,NA,candidate_008,europe,Family,Family,Biotic co-occurrence,19.70611947697832
paleo,local,eu_r005_l008,pipeline_paleo_spatial_resolution,D:/GITHUB/BIODYNAMICS_vegetation_cooccurrence/Data/targets/paleo_spatial_local/eu_r005_l008/pipeline_paleo_spatial_resolution,functional_type,Associations,0.2918198396091993,23.967159191148923,0.6549464363399382,0.78398563055398,5,0.00186796615599168,0.44020565160639735,0.43892758963716144,spatially_stratified_group_kfold,5,grouped_kfold_feasible,14,299,5,NA,unit_cv,NA,candidate_004,europe,Functional type,Functional type,Biotic co-occurrence,23.967159191148923
paleo,local,eu_r005_l008,pipeline_paleo_spatial_resolution,D:/GITHUB/BIODYNAMICS_vegetation_cooccurrence/Data/targets/paleo_spatial_local/eu_r005_l008/pipeline_paleo_spatial_resolution,genus,Associations,0.9176480879506644,31.009873968850737,0.7840722334003178,0.8694696312428005,12,0.0667469517200687,0.6459929306796237,0.5020032851285446,spatially_stratified_group_kfold,5,grouped_kfold_feasible,14,299,12,NA,unit_cv,NA,candidate_004,europe,Genus,Genus,Biotic co-occurrence,31.009873968850737
paleo,local,eu_r005_l009,pipeline_paleo_spatial_resolution,D:/GITHUB/BIODYNAMICS_vegetation_cooccurrence/Data/targets/paleo_spatial_local/eu_r005_l009/pipeline_paleo_spatial_resolution,family,Associations,0.6156232727577515,25.248164132606547,0.755233957818264,0.795747189902552,12,0.05972133103314056,0.6008012483331981,0.5307433611607281,spatially_stratified_group_kfold,5,grouped_kfold_feasible,14,246,10,3,unit_cv,NA,candidate_004,europe,Family,Family,Biotic co-occurrence,25.248164132606547
paleo,local,eu_r005_l009,pipeline_paleo_spatial_resolution,D:/GITHUB/BIODYNAMICS_vegetation_cooccurrence/Data/targets/paleo_spatial_local/eu_r005_l009/pipeline_paleo_spatial_resolution,functional_type,Associations,0.5938286798726208,26.04119643870512,0.8201388592749763,0.8491723866383716,10,0.02379780304213473,0.5071247788276343,0.5493127634584856,spatially_stratified_group_kfold,5,grouped_kfold_feasible,14,246,10,3,unit_cv,NA,candidate_004,europe,Functional type,Functional type,Biotic co-occurrence,26.04119643870512
paleo,local,eu_r005_l009,pipeline_paleo_spatial_resolution,D:/GITHUB/BIODYNAMICS_vegetation_cooccurrence/Data/targets/paleo_spatial_local/eu_r005_l009/pipeline_paleo_spatial_resolution,genus,Associations,1.419495630793365,35.381515772936076,0.7717177973860283,0.8449950288687043,22,0.02606998203920361,0.5201726320135113,0.7401869095978948,spatially_stratified_group_kfold,5,grouped_kfold_feasible,14,246,20,3,unit_cv,NA,candidate_004,europe,Genus,Genus,Biotic co-occurrence,35.381515772936076
paleo,local,eu_r005_l010,pipeline_paleo_spatial_resolution,D:/GITHUB/BIODYNAMICS_vegetation_cooccurrence/Data/targets/paleo_spatial_local/eu_r005_l010/pipeline_paleo_spatial_resolution,family,Associations,0.489601805840116,22.324257338977542,0.8293233380225732,0.8840821289272827,10,0.11848587796891732,0.6045951660304912,0.26487972520409525,spatially_stratified_group_kfold,5,grouped_kfold_feasible,41,878,8,3,unit_cv,NA,candidate_008,europe,Family,Family,Biotic co-occurrence,22.324257338977542
paleo,local,eu_r005_l010,pipeline_paleo_spatial_resolution,D:/GITHUB/BIODYNAMICS_vegetation_cooccurrence/Data/targets/paleo_spatial_local/eu_r005_l010/pipeline_paleo_spatial_resolution,functional_type,Associations,0.2875474632622817,17.175642487484104,0.6333167439195051,0.7888698919284025,7,0.10735553186909498,0.6184786509237058,0.2660544950544187,spatially_stratified_group_kfold,5,grouped_kfold_feasible,41,878,6,3,unit_cv,NA,candidate_004,europe,Functional type,Functional type,Biotic co-occurrence,17.175642487484104
paleo,local,eu_r005_l010,pipeline_paleo_spatial_resolution,D:/GITHUB/BIODYNAMICS_vegetation_cooccurrence/Data/targets/paleo_spatial_local/eu_r005_l010/pipeline_paleo_spatial_resolution,genus,Associations,0.9520063767004748,33.42522664742359,0.8224071114337681,0.884093980318906,20,0.1415643441907149,0.661003957316404,0.29648680170369807,spatially_stratified_group_kfold,5,grouped_kfold_feasible,41,878,17,3,unit_cv,NA,candidate_008,europe,Genus,Genus,Biotic co-occurrence,33.42522664742359
paleo,local,eu_r005_l011,pipeline_paleo_spatial_resolution,D:/GITHUB/BIODYNAMICS_vegetation_cooccurrence/Data/targets/paleo_spatial_local/eu_r005_l011/pipeline_paleo_spatial_resolution,family,Associations,0.5184545611810818,23.95351788188982,0.8527653739221468,0.8385357957351687,8,0.17629161009681954,0.7855895014022283,0.4148699514604139,spatially_stratified_group_kfold,5,grouped_kfold_feasible,27,495,8,3,unit_cv,NA,candidate_008,europe,Family,Family,Biotic co-occurrence,23.95351788188982
paleo,local,eu_r005_l011,pipeline_paleo_spatial_resolution,D:/GITHUB/BIODYNAMICS_vegetation_cooccurrence/Data/targets/paleo_spatial_local/eu_r005_l011/pipeline_paleo_spatial_resolution,functional_type,Associations,0.3149644556228328,18.279686544634433,0.8316813716059521,0.934789490345046,7,0.1613373976193777,0.6476973293921438,0.2524645392917897,spatially_stratified_group_kfold,5,grouped_kfold_feasible,27,495,7,3,unit_cv,NA,candidate_004,europe,Functional type,Functional type,Biotic co-occurrence,18.279686544634433
paleo,local,eu_r005_l011,pipeline_paleo_spatial_resolution,D:/GITHUB/BIODYNAMICS_vegetation_cooccurrence/Data/targets/paleo_spatial_local/eu_r005_l011/pipeline_paleo_spatial_resolution,genus,Associations,1.138196961958298,40.93897529200694,0.881846094478712,0.8871601042312576,16,0.1841183875913711,0.6888923727581403,0.31240707354796393,spatially_stratified_group_kfold,5,grouped_kfold_feasible,27,495,16,3,unit_cv,NA,candidate_008,europe,Genus,Genus,Biotic co-occurrence,40.93897529200694
paleo,local,eu_r005_l012,pipeline_paleo_spatial_resolution,D:/GITHUB/BIODYNAMICS_vegetation_cooccurrence/Data/targets/paleo_spatial_local/eu_r005_l012/pipeline_paleo_spatial_resolution,family,Associations,0.5869899323938703,24.58702821090604,0.8267570163921105,0.8486398855427518,8,0.24365643309569893,0.7609714466928633,0.4664749451224134,spatially_stratified_group_kfold,5,grouped_kfold_feasible,30,368,8,3,unit_cv,NA,candidate_008,europe,Family,Family,Biotic co-occurrence,24.58702821090604
paleo,local,eu_r005_l012,pipeline_paleo_spatial_resolution,D:/GITHUB/BIODYNAMICS_vegetation_cooccurrence/Data/targets/paleo_spatial_local/eu_r005_l012/pipeline_paleo_spatial_resolution,functional_type,Associations,0.27044171777802745,17.17876196357237,0.8661515253913522,0.886414782240478,6,0.17678295044711367,0.6971763076909123,0.30250227102398136,spatially_stratified_group_kfold,5,grouped_kfold_feasible,30,368,6,3,unit_cv,NA,candidate_004,europe,Functional type,Functional type,Biotic co-occurrence,17.17876196357237
paleo,local,eu_r005_l012,pipeline_paleo_spatial_resolution,D:/GITHUB/BIODYNAMICS_vegetation_cooccurrence/Data/targets/paleo_spatial_local/eu_r005_l012/pipeline_paleo_spatial_resolution,genus,Associations,0.8817715992928894,30.397753097041353,0.8803793569771239,0.906911833884049,16,0.21408212357463136,0.7727401516707296,0.3347446509289536,spatially_stratified_group_kfold,5,grouped_kfold_feasible,30,368,16,3,unit_cv,NA,candidate_008,europe,Genus,Genus,Biotic co-occurrence,30.397753097041353
paleo,local,eu_r005_l014,pipeline_paleo_spatial_resolution,D:/GITHUB/BIODYNAMICS_vegetation_cooccurrence/Data/targets/paleo_spatial_local/eu_r005_l014/pipeline_paleo_spatial_resolution,family,Associations,0.5433961903575886,26.512330637328912,0.7652303139831471,0.8226337448559671,7,0.096516700507545,0.6183686328253936,0.5375598132230189,spatially_stratified_group_kfold,5,grouped_kfold_feasible,14,237,7,NA,unit_cv,NA,candidate_004,europe,Family,Family,Biotic co-occurrence,26.512330637328912
paleo,local,eu_r005_l014,pipeline_paleo_spatial_resolution,D:/GITHUB/BIODYNAMICS_vegetation_cooccurrence/Data/targets/paleo_spatial_local/eu_r005_l014/pipeline_paleo_spatial_resolution,functional_type,Associations,0.2082853532048599,13.422262527692508,0.8684006264285631,0.862942008486563,5,0.21824999261295772,0.6590537803955884,0.27241535156669733,spatially_stratified_group_kfold,5,grouped_kfold_feasible,14,237,5,NA,unit_cv,NA,candidate_008,europe,Functional type,Functional type,Biotic co-occurrence,13.422262527692508
paleo,local,eu_r005_l014,pipeline_paleo_spatial_resolution,D:/GITHUB/BIODYNAMICS_vegetation_cooccurrence/Data/targets/paleo_spatial_local/eu_r005_l014/pipeline_paleo_spatial_resolution,genus,Associations,1.1088041135731437,38.427414792349,0.7509527429599305,0.806063611083558,14,0.06687954661581383,0.5882120282173133,0.6609289200557522,spatially_stratified_group_kfold,5,grouped_kfold_feasible,14,237,14,NA,unit_cv,NA,candidate_004,europe,Genus,Genus,Biotic co-occurrence,38.427414792349
paleo,local,eu_r005_l015,pipeline_paleo_spatial_resolution,D:/GITHUB/BIODYNAMICS_vegetation_cooccurrence/Data/targets/paleo_spatial_local/eu_r005_l015/pipeline_paleo_spatial_resolution,family,Associations,0.6216245673676902,27.78214119897198,0.8577433387326511,0.8630952380952381,7,0.12425837915244266,0.7526354241942048,0.46088702311814667,spatially_stratified_group_kfold,5,grouped_kfold_feasible,20,323,7,3,unit_cv,NA,candidate_004,europe,Family,Family,Biotic co-occurrence,27.78214119897198
paleo,local,eu_r005_l015,pipeline_paleo_spatial_resolution,D:/GITHUB/BIODYNAMICS_vegetation_cooccurrence/Data/targets/paleo_spatial_local/eu_r005_l015/pipeline_paleo_spatial_resolution,functional_type,Associations,0.27446730016467746,18.40610088341572,0.9234253560066848,0.9305586576869708,4,0.27686281752199504,0.8099332674131099,0.24671136401549495,spatially_stratified_group_kfold,5,grouped_kfold_feasible,20,323,4,3,unit_cv,NA,candidate_008,europe,Functional type,Functional type,Biotic co-occurrence,18.40610088341572
paleo,local,eu_r005_l015,pipeline_paleo_spatial_resolution,D:/GITHUB/BIODYNAMICS_vegetation_cooccurrence/Data/targets/paleo_spatial_local/eu_r005_l015/pipeline_paleo_spatial_resolution,genus,Associations,1.1162427026262156,39.01285511527114,0.871511895818054,0.8832271762208068,15,0.27185104263240817,0.7604642865215331,0.30322523284627456,spatially_stratified_group_kfold,5,grouped_kfold_feasible,20,323,13,3,unit_cv,NA,candidate_008,europe,Genus,Genus,Biotic co-occurrence,39.01285511527114
paleo,local,eu_r005_l016,pipeline_paleo_spatial_resolution,D:/GITHUB/BIODYNAMICS_vegetation_cooccurrence/Data/targets/paleo_spatial_local/eu_r005_l016/pipeline_paleo_spatial_resolution,family,Associations,0.29867203389403263,22.062025573220673,0.9313449690245644,0.948322469298543,4,0.28677134517617864,0.8604037207013246,0.4635581246508904,spatially_stratified_group_kfold,5,grouped_kfold_feasible,9,121,4,NA,unit_cv,NA,candidate_008,europe,Family,Family,Biotic co-occurrence,22.062025573220673
paleo,local,eu_r005_l016,pipeline_paleo_spatial_resolution,D:/GITHUB/BIODYNAMICS_vegetation_cooccurrence/Data/targets/paleo_spatial_local/eu_r005_l016/pipeline_paleo_spatial_resolution,functional_type,Associations,0.376080452783811,20.970629908596447,0.8065532417773972,0.8734567901234568,5,0.15058665944623012,0.7110572205422521,0.5741602063399972,spatially_stratified_group_kfold,5,grouped_kfold_feasible,9,121,5,NA,unit_cv,NA,candidate_004,europe,Functional type,Functional type,Biotic co-occurrence,20.970629908596447
paleo,local,eu_r005_l016,pipeline_paleo_spatial_resolution,D:/GITHUB/BIODYNAMICS_vegetation_cooccurrence/Data/targets/paleo_spatial_local/eu_r005_l016/pipeline_paleo_spatial_resolution,genus,Associations,0.8212405024911562,36.61375600156557,0.7396713319337873,0.7755988174522779,6,0.03418009865524041,0.5225474184620214,1.2240134256090816,spatially_stratified_group_kfold,5,grouped_kfold_feasible,9,121,6,NA,unit_cv,NA,candidate_004,europe,Genus,Genus,Biotic co-occurrence,36.61375600156557
paleo,local,eu_r006_l003,pipeline_paleo_spatial_resolution,D:/GITHUB/BIODYNAMICS_vegetation_cooccurrence/Data/targets/paleo_spatial_local/eu_r006_l003/pipeline_paleo_spatial_resolution,family,Associations,0.2856319363968889,20.709209423298713,0.6299482332323735,0.6727093596059114,5,0.06458423262809243,0.5655473143720449,0.5131159180899015,spatially_stratified_group_kfold,5,grouped_kfold_feasible,8,180,5,NA,unit_cv,NA,candidate_004,europe,Family,Family,Biotic co-occurrence,20.709209423298713
paleo,local,eu_r006_l003,pipeline_paleo_spatial_resolution,D:/GITHUB/BIODYNAMICS_vegetation_cooccurrence/Data/targets/paleo_spatial_local/eu_r006_l003/pipeline_paleo_spatial_resolution,functional_type,Associations,0.3210283557362089,20.313826119748313,0.8060190075483022,0.7936909788580689,6,0.0932596076684783,0.533152358782027,0.48263679859085745,spatially_stratified_group_kfold,5,grouped_kfold_feasible,8,180,6,NA,unit_cv,NA,candidate_008,europe,Functional type,Functional type,Biotic co-occurrence,20.313826119748313
paleo,local,eu_r006_l003,pipeline_paleo_spatial_resolution,D:/GITHUB/BIODYNAMICS_vegetation_cooccurrence/Data/targets/paleo_spatial_local/eu_r006_l003/pipeline_paleo_spatial_resolution,genus,Associations,0.6624244680921019,33.621993761593124,0.7833595081063618,0.8603611556982343,8,0.07764955290726885,0.571741011228481,0.4489587047769575,spatially_stratified_group_kfold,5,grouped_kfold_feasible,8,180,7,NA,unit_cv,NA,candidate_008,europe,Genus,Genus,Biotic co-occurrence,33.621993761593124
paleo,local,eu_r006_l005,pipeline_paleo_spatial_resolution,D:/GITHUB/BIODYNAMICS_vegetation_cooccurrence/Data/targets/paleo_spatial_local/eu_r006_l005/pipeline_paleo_spatial_resolution,family,Associations,0.27957203555342947,14.401984415227188,0.8819992475076871,0.8841392169385662,6,0.06241585024062201,0.6147885858480827,0.49259947090274186,spatially_stratified_group_kfold,5,grouped_kfold_feasible,13,259,6,NA,unit_cv,NA,candidate_004,europe,Family,Family,Biotic co-occurrence,14.401984415227188
paleo,local,eu_r006_l005,pipeline_paleo_spatial_resolution,D:/GITHUB/BIODYNAMICS_vegetation_cooccurrence/Data/targets/paleo_spatial_local/eu_r006_l005/pipeline_paleo_spatial_resolution,functional_type,Associations,0.3007341662734373,15.500971197113312,0.8487923399803292,0.9070160881416672,6,0.08973789649799029,0.700100595257783,0.49955074859762927,spatially_stratified_group_kfold,5,grouped_kfold_feasible,13,259,6,NA,unit_cv,NA,candidate_004,europe,Functional type,Functional type,Biotic co-occurrence,15.500971197113312
paleo,local,eu_r006_l005,pipeline_paleo_spatial_resolution,D:/GITHUB/BIODYNAMICS_vegetation_cooccurrence/Data/targets/paleo_spatial_local/eu_r006_l005/pipeline_paleo_spatial_resolution,genus,Associations,0.7832820839987709,28.875428300584677,0.8296589647384144,0.865597667638484,11,0.01464472146496597,0.5014566509411076,0.6918865586089832,spatially_stratified_group_kfold,5,grouped_kfold_feasible,13,259,10,NA,unit_cv,NA,candidate_004,europe,Genus,Genus,Biotic co-occurrence,28.875428300584677
paleo,local,eu_r006_l008,pipeline_paleo_spatial_resolution,D:/GITHUB/BIODYNAMICS_vegetation_cooccurrence/Data/targets/paleo_spatial_local/eu_r006_l008/pipeline_paleo_spatial_resolution,family,Associations,0.2241644820717119,13.62507302675722,0.8573955426530719,0.8611190531129849,4,NA,NA,NA,none,NA,tier_pooled_regularization_required,7,143,4,NA,tier_pooled,paleo_spatial_local,candidate_004,europe,Family,Family,Biotic co-occurrence,13.62507302675722
paleo,local,eu_r006_l008,pipeline_paleo_spatial_resolution,D:/GITHUB/BIODYNAMICS_vegetation_cooccurrence/Data/targets/paleo_spatial_local/eu_r006_l008/pipeline_paleo_spatial_resolution,functional_type,Associations,0.28135770035412627,16.074913506659914,0.8656506456343881,0.8587182688306284,5,NA,NA,NA,none,NA,tier_pooled_regularization_required,7,143,5,NA,tier_pooled,paleo_spatial_local,candidate_004,europe,Functional type,Functional type,Biotic co-occurrence,16.074913506659914
paleo,local,eu_r006_l008,pipeline_paleo_spatial_resolution,D:/GITHUB/BIODYNAMICS_vegetation_cooccurrence/Data/targets/paleo_spatial_local/eu_r006_l008/pipeline_paleo_spatial_resolution,genus,Associations,0.27148339857468096,15.345412766434375,0.7658875441448941,0.8079646017699115,5,NA,NA,NA,none,NA,tier_pooled_regularization_required,7,143,5,NA,tier_pooled,paleo_spatial_local,candidate_004,europe,Genus,Genus,Biotic co-occurrence,15.345412766434375
paleo,local,eu_r007_l001,pipeline_paleo_spatial_resolution,D:/GITHUB/BIODYNAMICS_vegetation_cooccurrence/Data/targets/paleo_spatial_local/eu_r007_l001/pipeline_paleo_spatial_resolution,family,Associations,0.24235781623360145,16.356977849415095,0.83740248820926,0.8858711032741204,4,NA,NA,NA,none,NA,tier_pooled_regularization_required,6,73,3,NA,tier_pooled,paleo_spatial_local,candidate_004,europe,Family,Family,Biotic co-occurrence,16.356977849415095
paleo,local,eu_r007_l001,pipeline_paleo_spatial_resolution,D:/GITHUB/BIODYNAMICS_vegetation_cooccurrence/Data/targets/paleo_spatial_local/eu_r007_l001/pipeline_paleo_spatial_resolution,functional_type,Associations,0.24688127207924335,16.136118844789532,0.8743843787844103,0.8840155945419104,5,-0.03336329187068804,0.49663534927804515,0.5682820450333558,leave_one_location_out,6,leave_one_location_out_required,6,73,5,2,unit_cv,NA,candidate_004,europe,Functional type,Functional type,Biotic co-occurrence,16.136118844789532
paleo,local,eu_r008_l001,pipeline_paleo_spatial_resolution,D:/GITHUB/BIODYNAMICS_vegetation_cooccurrence/Data/targets/paleo_spatial_local/eu_r008_l001/pipeline_paleo_spatial_resolution,family,Associations,0.3460897583445377,15.897238703379502,0.8862873250278935,0.8929172510518935,6,0.10270681384620207,0.6069031664589161,0.7197615554669728,spatially_stratified_group_kfold,5,grouped_kfold_feasible,10,187,6,NA,unit_cv,NA,candidate_008,europe,Family,Family,Biotic co-occurrence,15.897238703379502
paleo,local,eu_r008_l001,pipeline_paleo_spatial_resolution,D:/GITHUB/BIODYNAMICS_vegetation_cooccurrence/Data/targets/paleo_spatial_local/eu_r008_l001/pipeline_paleo_spatial_resolution,functional_type,Associations,0.23867783007144872,12.587848098891508,0.9113295630428452,0.9284543495955307,6,0.06249163132923728,0.4738786631879662,0.38689676412629664,spatially_stratified_group_kfold,5,grouped_kfold_feasible,10,187,4,NA,unit_cv,NA,candidate_004,europe,Functional type,Functional type,Biotic co-occurrence,12.587848098891508
paleo,local,eu_r008_l001,pipeline_paleo_spatial_resolution,D:/GITHUB/BIODYNAMICS_vegetation_cooccurrence/Data/targets/paleo_spatial_local/eu_r008_l001/pipeline_paleo_spatial_resolution,genus,Associations,0.8907006888061328,27.92629244287084,0.8305435065633332,0.8570060882417861,12,0.0811812150835958,0.5574258626618527,0.7394350901253829,spatially_stratified_group_kfold,5,grouped_kfold_feasible,10,187,12,NA,unit_cv,NA,candidate_004,europe,Genus,Genus,Biotic co-occurrence,27.92629244287084
paleo,local,eu_r008_l002,pipeline_paleo_spatial_resolution,D:/GITHUB/BIODYNAMICS_vegetation_cooccurrence/Data/targets/paleo_spatial_local/eu_r008_l002/pipeline_paleo_spatial_resolution,family,Associations,0.6150213066978085,26.721863175980953,0.7727234420820669,0.8298540965207631,9,0.09617540608252056,0.6525144431542422,0.4528302285759845,spatially_stratified_group_kfold,5,grouped_kfold_feasible,18,354,8,3,unit_cv,NA,candidate_004,europe,Family,Family,Biotic co-occurrence,26.721863175980953
paleo,local,eu_r008_l002,pipeline_paleo_spatial_resolution,D:/GITHUB/BIODYNAMICS_vegetation_cooccurrence/Data/targets/paleo_spatial_local/eu_r008_l002/pipeline_paleo_spatial_resolution,functional_type,Associations,0.3544528756902701,20.567071477843896,0.8837679426937921,0.947436052821336,6,0.1547766444524077,0.7319567872825904,0.3424379916024531,spatially_stratified_group_kfold,5,grouped_kfold_feasible,18,354,6,3,unit_cv,NA,candidate_004,europe,Functional type,Functional type,Biotic co-occurrence,20.567071477843896
paleo,local,eu_r008_l002,pipeline_paleo_spatial_resolution,D:/GITHUB/BIODYNAMICS_vegetation_cooccurrence/Data/targets/paleo_spatial_local/eu_r008_l002/pipeline_paleo_spatial_resolution,genus,Associations,1.0585170069437992,38.275696690745,0.90985062954039,0.9354964207905384,15,0.2311017667777567,0.7879978754659148,0.34005131303952196,spatially_stratified_group_kfold,5,grouped_kfold_feasible,18,354,15,3,unit_cv,NA,candidate_008,europe,Genus,Genus,Biotic co-occurrence,38.275696690745
paleo,local,eu_r008_l003,pipeline_paleo_spatial_resolution,D:/GITHUB/BIODYNAMICS_vegetation_cooccurrence/Data/targets/paleo_spatial_local/eu_r008_l003/pipeline_paleo_spatial_resolution,family,Associations,0.7775750529733745,29.214591548397944,0.9366926411767814,0.9289767544077888,6,0.32675975197070223,0.8418142793576756,0.4353000594426907,leave_one_location_out,7,leave_one_location_out_required,7,123,5,NA,unit_cv,NA,candidate_007,europe,Family,Family,Biotic co-occurrence,29.214591548397944
paleo,local,eu_r008_l003,pipeline_paleo_spatial_resolution,D:/GITHUB/BIODYNAMICS_vegetation_cooccurrence/Data/targets/paleo_spatial_local/eu_r008_l003/pipeline_paleo_spatial_resolution,functional_type,Associations,0.3804300796162681,19.351566145800625,0.9794286458269712,0.9774281079586062,4,0.4115006557184006,0.8825098033456634,0.3011665883178968,leave_one_location_out,7,leave_one_location_out_required,7,123,4,NA,unit_cv,NA,candidate_008,europe,Functional type,Functional type,Biotic co-occurrence,19.351566145800625
paleo,local,eu_r008_l003,pipeline_paleo_spatial_resolution,D:/GITHUB/BIODYNAMICS_vegetation_cooccurrence/Data/targets/paleo_spatial_local/eu_r008_l003/pipeline_paleo_spatial_resolution,genus,Associations,1.0576569489268022,34.27940543846806,0.9475430761682816,0.9495597936731656,10,0.31658169463611663,0.8344830663627456,0.4281636885505463,spatially_stratified_group_kfold,5,grouped_kfold_feasible,7,123,9,NA,unit_cv,NA,candidate_008,europe,Genus,Genus,Biotic co-occurrence,34.27940543846806
paleo,local,eu_r008_l004,pipeline_paleo_spatial_resolution,D:/GITHUB/BIODYNAMICS_vegetation_cooccurrence/Data/targets/paleo_spatial_local/eu_r008_l004/pipeline_paleo_spatial_resolution,family,Associations,0.4882600436768326,22.115423008535693,0.794044210340476,0.8205847810906322,8,0.08843646105078039,0.6592737467834048,0.4852506598784904,spatially_stratified_group_kfold,5,grouped_kfold_feasible,22,381,8,3,unit_cv,NA,candidate_004,europe,Family,Family,Biotic co-occurrence,22.115423008535693
paleo,local,eu_r008_l004,pipeline_paleo_spatial_resolution,D:/GITHUB/BIODYNAMICS_vegetation_cooccurrence/Data/targets/paleo_spatial_local/eu_r008_l004/pipeline_paleo_spatial_resolution,functional_type,Associations,0.13710578266710183,10.96869196713572,0.8500539926978903,0.8291340378280914,4,0.13535265190647103,0.773673827559631,0.33207269119381416,spatially_stratified_group_kfold,5,grouped_kfold_feasible,22,381,4,3,unit_cv,NA,candidate_008,europe,Functional type,Functional type,Biotic co-occurrence,10.96869196713572
paleo,local,eu_r008_l004,pipeline_paleo_spatial_resolution,D:/GITHUB/BIODYNAMICS_vegetation_cooccurrence/Data/targets/paleo_spatial_local/eu_r008_l004/pipeline_paleo_spatial_resolution,genus,Associations,0.7839557722125778,30.111715944178886,0.8045439517500526,0.8370145766106598,13,0.1258984055440624,0.6685200101777674,0.34445123015305373,spatially_stratified_group_kfold,5,grouped_kfold_feasible,22,381,13,3,unit_cv,NA,candidate_008,europe,Genus,Genus,Biotic co-occurrence,30.111715944178886
paleo,local,eu_r008_l005,pipeline_paleo_spatial_resolution,D:/GITHUB/BIODYNAMICS_vegetation_cooccurrence/Data/targets/paleo_spatial_local/eu_r008_l005/pipeline_paleo_spatial_resolution,family,Associations,0.137946521490436,10.053346709421254,0.9058824038755132,0.9011627906976744,3,NA,NA,NA,none,NA,tier_pooled_regularization_required,5,90,3,NA,tier_pooled,paleo_spatial_local,candidate_004,europe,Family,Family,Biotic co-occurrence,10.053346709421254
paleo,local,eu_r008_l005,pipeline_paleo_spatial_resolution,D:/GITHUB/BIODYNAMICS_vegetation_cooccurrence/Data/targets/paleo_spatial_local/eu_r008_l005/pipeline_paleo_spatial_resolution,functional_type,Associations,0.07268380949427794,5.489657313936282,0.9596053171634568,0.998001998001998,3,NA,NA,NA,none,NA,tier_pooled_regularization_required,5,90,3,NA,tier_pooled,paleo_spatial_local,candidate_004,europe,Functional type,Functional type,Biotic co-occurrence,5.489657313936282
paleo,local,eu_r008_l005,pipeline_paleo_spatial_resolution,D:/GITHUB/BIODYNAMICS_vegetation_cooccurrence/Data/targets/paleo_spatial_local/eu_r008_l005/pipeline_paleo_spatial_resolution,genus,Associations,0.2465168411179705,14.065260588966346,0.9295019283893006,0.9406487232574188,5,NA,NA,NA,none,NA,tier_pooled_regularization_required,5,90,5,NA,tier_pooled,paleo_spatial_local,candidate_004,europe,Genus,Genus,Biotic co-occurrence,14.065260588966346
paleo,local,eu_r008_l007,pipeline_paleo_spatial_resolution,D:/GITHUB/BIODYNAMICS_vegetation_cooccurrence/Data/targets/paleo_spatial_local/eu_r008_l007/pipeline_paleo_spatial_resolution,functional_type,Associations,0.2305603951455712,16.898440003857797,0.9528153988884368,0.9544649633189982,3,NA,NA,NA,none,NA,tier_pooled_regularization_required,5,126,3,NA,tier_pooled,paleo_spatial_local,candidate_004,europe,Functional type,Functional type,Biotic co-occurrence,16.898440003857797
paleo,local,eu_r008_l008,pipeline_paleo_spatial_resolution,D:/GITHUB/BIODYNAMICS_vegetation_cooccurrence/Data/targets/paleo_spatial_local/eu_r008_l008/pipeline_paleo_spatial_resolution,family,Associations,0.4882159404452309,24.41843919803874,0.8054484738782357,0.8461897654803259,8,0.12103190391915863,0.610177075162278,0.37558700409735896,spatially_stratified_group_kfold,5,grouped_kfold_feasible,27,536,6,3,unit_cv,NA,candidate_008,europe,Family,Family,Biotic co-occurrence,24.41843919803874
paleo,local,eu_r008_l008,pipeline_paleo_spatial_resolution,D:/GITHUB/BIODYNAMICS_vegetation_cooccurrence/Data/targets/paleo_spatial_local/eu_r008_l008/pipeline_paleo_spatial_resolution,functional_type,Associations,0.16874433021580731,13.541301521975004,0.8726224618489624,0.8731031698420775,4,0.07149287963274423,0.7083443555490296,0.3284613021214071,spatially_stratified_group_kfold,5,grouped_kfold_feasible,27,536,4,3,unit_cv,NA,candidate_004,europe,Functional type,Functional type,Biotic co-occurrence,13.541301521975004
paleo,local,eu_r008_l008,pipeline_paleo_spatial_resolution,D:/GITHUB/BIODYNAMICS_vegetation_cooccurrence/Data/targets/paleo_spatial_local/eu_r008_l008/pipeline_paleo_spatial_resolution,genus,Associations,0.757633323467023,31.608127418983035,0.7731531419817164,0.8358108249815517,10,0.06483773555198603,0.5872814864025714,0.5552487430728885,spatially_stratified_group_kfold,5,grouped_kfold_feasible,27,536,9,3,unit_cv,NA,candidate_004,europe,Genus,Genus,Biotic co-occurrence,31.608127418983035
paleo,local,eu_r009_l001,pipeline_paleo_spatial_resolution,D:/GITHUB/BIODYNAMICS_vegetation_cooccurrence/Data/targets/paleo_spatial_local/eu_r009_l001/pipeline_paleo_spatial_resolution,genus,Associations,0.5248415742208071,23.34295031618796,0.9069726899402892,0.8970365924147436,6,0.2172099068087377,0.7055291232046986,0.4088562274970976,spatially_stratified_group_kfold,5,grouped_kfold_feasible,9,105,5,NA,unit_cv,NA,candidate_008,europe,Genus,Genus,Biotic co-occurrence,23.34295031618796
paleo,local,eu_r009_l002,pipeline_paleo_spatial_resolution,D:/GITHUB/BIODYNAMICS_vegetation_cooccurrence/Data/targets/paleo_spatial_local/eu_r009_l002/pipeline_paleo_spatial_resolution,functional_type,Associations,0.190738916032879,15.489771524699972,0.8910075328674293,0.9106002554278416,3,NA,NA,NA,spatially_stratified_group_kfold,5,grouped_kfold_feasible,7,137,3,NA,tier_pooled,paleo_spatial_local,candidate_004,europe,Functional type,Functional type,Biotic co-occurrence,15.489771524699972
paleo,local,eu_r009_l002,pipeline_paleo_spatial_resolution,D:/GITHUB/BIODYNAMICS_vegetation_cooccurrence/Data/targets/paleo_spatial_local/eu_r009_l002/pipeline_paleo_spatial_resolution,genus,Associations,0.3140188347657533,19.948626203914458,0.907641787991704,0.908428463350599,4,NA,NA,NA,spatially_stratified_group_kfold,5,grouped_kfold_feasible,7,137,4,NA,tier_pooled,paleo_spatial_local,candidate_004,europe,Genus,Genus,Biotic co-occurrence,19.948626203914458
paleo,local,eu_r009_l003,pipeline_paleo_spatial_resolution,D:/GITHUB/BIODYNAMICS_vegetation_cooccurrence/Data/targets/paleo_spatial_local/eu_r009_l003/pipeline_paleo_spatial_resolution,family,Associations,0.22213811227792143,12.714124785437262,0.8682789918514973,0.8719654140339208,5,NA,NA,NA,none,NA,tier_pooled_regularization_required,6,128,4,NA,tier_pooled,paleo_spatial_local,candidate_004,europe,Family,Family,Biotic co-occurrence,12.714124785437262
paleo,local,eu_r009_l003,pipeline_paleo_spatial_resolution,D:/GITHUB/BIODYNAMICS_vegetation_cooccurrence/Data/targets/paleo_spatial_local/eu_r009_l003/pipeline_paleo_spatial_resolution,functional_type,Associations,0.2794988509802569,18.418233833743656,0.735025791240599,0.8248753987240829,4,0.04100639341089916,0.6415760044049518,0.5531879743394637,leave_one_location_out,6,leave_one_location_out_required,6,128,4,NA,unit_cv,NA,candidate_004,europe,Functional type,Functional type,Biotic co-occurrence,18.418233833743656
paleo,local,eu_r009_l003,pipeline_paleo_spatial_resolution,D:/GITHUB/BIODYNAMICS_vegetation_cooccurrence/Data/targets/paleo_spatial_local/eu_r009_l003/pipeline_paleo_spatial_resolution,genus,Associations,0.7638022386239782,29.95614788863711,0.7950588799056155,0.8395403336385872,8,0.1728723829109863,0.7345616741671086,0.5587037563352217,leave_one_location_out,6,leave_one_location_out_required,6,128,6,NA,unit_cv,NA,candidate_004,europe,Genus,Genus,Biotic co-occurrence,29.95614788863711
paleo,regional,am_r002,pipeline_paleo_spatial_resolution,D:/GITHUB/BIODYNAMICS_vegetation_cooccurrence/Data/targets/paleo_spatial_regional/am_r002/pipeline_paleo_spatial_resolution,family,Associations,0.2823395723192022,17.92468692329675,0.8199545808782375,0.8666943866943867,9,0.0516520708081233,0.5719988088058422,0.33552226538784397,spatially_stratified_group_kfold,5,grouped_kfold_feasible,40,964,9,4,unit_cv,NA,candidate_008,america,Family,Family,Biotic co-occurrence,17.92468692329675
paleo,regional,am_r002,pipeline_paleo_spatial_resolution,D:/GITHUB/BIODYNAMICS_vegetation_cooccurrence/Data/targets/paleo_spatial_regional/am_r002/pipeline_paleo_spatial_resolution,functional_type,Associations,0.3830183318766231,22.96151287021126,0.7925124445782827,0.8403821264197703,9,0.07842632887368543,0.5827636012194204,0.29426918050536466,spatially_stratified_group_kfold,5,grouped_kfold_feasible,40,964,9,4,unit_cv,NA,candidate_008,america,Functional type,Functional type,Biotic co-occurrence,22.96151287021126
paleo,regional,am_r002,pipeline_paleo_spatial_resolution,D:/GITHUB/BIODYNAMICS_vegetation_cooccurrence/Data/targets/paleo_spatial_regional/am_r002/pipeline_paleo_spatial_resolution,genus,Associations,0.8827292398707701,33.5060958162371,0.8188949277807597,0.8327543578454761,18,0.08172028824110299,0.5570382961426752,0.357825371805912,spatially_stratified_group_kfold,5,grouped_kfold_feasible,40,964,18,4,unit_cv,NA,candidate_008,america,Genus,Genus,Biotic co-occurrence,33.5060958162371
paleo,regional,am_r003,pipeline_paleo_spatial_resolution,D:/GITHUB/BIODYNAMICS_vegetation_cooccurrence/Data/targets/paleo_spatial_regional/am_r003/pipeline_paleo_spatial_resolution,genus,Associations,0.4663098398493844,25.362750510501208,0.7880382704872697,0.8948587308939324,5,NA,NA,NA,spatially_stratified_group_kfold,5,grouped_kfold_feasible,7,161,5,NA,tier_pooled,paleo_spatial_regional,candidate_004,america,Genus,Genus,Biotic co-occurrence,25.362750510501208
paleo,regional,am_r004,pipeline_paleo_spatial_resolution,D:/GITHUB/BIODYNAMICS_vegetation_cooccurrence/Data/targets/paleo_spatial_regional/am_r004/pipeline_paleo_spatial_resolution,family,Associations,0.4543211760095562,28.2105924068821,0.7430390258861417,0.7535524058860702,9,0.01217929445224678,0.4569344159053383,0.4762272736251345,spatially_stratified_group_kfold,5,grouped_kfold_feasible,37,773,9,4,unit_cv,NA,candidate_008,america,Family,Family,Biotic co-occurrence,28.2105924068821
paleo,regional,am_r004,pipeline_paleo_spatial_resolution,D:/GITHUB/BIODYNAMICS_vegetation_cooccurrence/Data/targets/paleo_spatial_regional/am_r004/pipeline_paleo_spatial_resolution,functional_type,Associations,0.20970723109463743,16.07707658294349,0.7563625562164731,0.7849604735864831,8,-0.00199720215489213,0.4450559126866637,0.3673555994504525,spatially_stratified_group_kfold,5,grouped_kfold_feasible,37,773,8,4,unit_cv,NA,candidate_008,america,Functional type,Functional type,Biotic co-occurrence,16.07707658294349
paleo,regional,am_r004,pipeline_paleo_spatial_resolution,D:/GITHUB/BIODYNAMICS_vegetation_cooccurrence/Data/targets/paleo_spatial_regional/am_r004/pipeline_paleo_spatial_resolution,genus,Associations,0.8901675458438695,37.97381453431511,0.7862971401587512,0.7694041059215244,14,0.05272641671111725,0.5099922836044465,0.46186087074666465,spatially_stratified_group_kfold,5,grouped_kfold_feasible,37,773,14,4,unit_cv,NA,candidate_008,america,Genus,Genus,Biotic co-occurrence,37.97381453431511
paleo,regional,am_r005,pipeline_paleo_spatial_resolution,D:/GITHUB/BIODYNAMICS_vegetation_cooccurrence/Data/targets/paleo_spatial_regional/am_r005/pipeline_paleo_spatial_resolution,family,Associations,0.34058382749334126,17.0212990393165,0.782129058727553,0.807957209223032,7,0.12153842957584728,0.6866813831984823,0.4214266413352237,spatially_stratified_group_kfold,5,grouped_kfold_feasible,53,1087,7,4,unit_cv,NA,candidate_004,america,Family,Family,Biotic co-occurrence,17.0212990393165
paleo,regional,am_r005,pipeline_paleo_spatial_resolution,D:/GITHUB/BIODYNAMICS_vegetation_cooccurrence/Data/targets/paleo_spatial_regional/am_r005/pipeline_paleo_spatial_resolution,functional_type,Associations,0.1825846709820073,10.792134406487136,0.8235991203988434,0.8188184870979145,7,0.112022247332782,0.5246312877641396,0.2514087885892864,spatially_stratified_group_kfold,5,grouped_kfold_feasible,53,1087,6,4,unit_cv,NA,candidate_008,america,Functional type,Functional type,Biotic co-occurrence,10.792134406487136
paleo,regional,am_r005,pipeline_paleo_spatial_resolution,D:/GITHUB/BIODYNAMICS_vegetation_cooccurrence/Data/targets/paleo_spatial_regional/am_r005/pipeline_paleo_spatial_resolution,genus,Associations,0.5419459419188803,22.00023329067563,0.8184395364164098,0.8175957680257815,14,0.09478358364313912,0.6179410143922602,0.34216824730807865,spatially_stratified_group_kfold,5,grouped_kfold_feasible,53,1087,13,4,unit_cv,NA,candidate_008,america,Genus,Genus,Biotic co-occurrence,22.00023329067563
paleo,regional,am_r006,pipeline_paleo_spatial_resolution,D:/GITHUB/BIODYNAMICS_vegetation_cooccurrence/Data/targets/paleo_spatial_regional/am_r006/pipeline_paleo_spatial_resolution,functional_type,Associations,0.12019917332523856,9.681842954055575,0.9085595776772248,0.9053544494720964,4,NA,NA,NA,none,NA,tier_pooled_regularization_required,6,86,4,NA,tier_pooled,paleo_spatial_regional,candidate_004,america,Functional type,Functional type,Biotic co-occurrence,9.681842954055575
paleo,regional,am_r006,pipeline_paleo_spatial_resolution,D:/GITHUB/BIODYNAMICS_vegetation_cooccurrence/Data/targets/paleo_spatial_regional/am_r006/pipeline_paleo_spatial_resolution,genus,Associations,0.28891115862533046,15.149223442065388,0.8683123341214503,0.9198036006546644,7,NA,NA,NA,none,NA,tier_pooled_regularization_required,6,86,6,NA,tier_pooled,paleo_spatial_regional,candidate_004,america,Genus,Genus,Biotic co-occurrence,15.149223442065388
paleo,regional,am_r007,pipeline_paleo_spatial_resolution,D:/GITHUB/BIODYNAMICS_vegetation_cooccurrence/Data/targets/paleo_spatial_regional/am_r007/pipeline_paleo_spatial_resolution,family,Associations,0.9515264712063022,31.64856198538033,0.8596949267055845,0.8747501185657913,18,0.05389616915820759,0.5338124945713286,0.4219501556109154,spatially_stratified_group_kfold,5,grouped_kfold_feasible,20,534,15,4,unit_cv,NA,candidate_008,america,Family,Family,Biotic co-occurrence,31.64856198538033
paleo,regional,am_r007,pipeline_paleo_spatial_resolution,D:/GITHUB/BIODYNAMICS_vegetation_cooccurrence/Data/targets/paleo_spatial_regional/am_r007/pipeline_paleo_spatial_resolution,functional_type,Associations,0.298073733736272,16.65392456615185,0.7617869927434398,0.8202750491159135,9,0.0564550715286997,0.4996418108510817,0.3361584123634851,spatially_stratified_group_kfold,5,grouped_kfold_feasible,20,534,8,4,unit_cv,NA,candidate_008,america,Functional type,Functional type,Biotic co-occurrence,16.65392456615185
paleo,regional,am_r007,pipeline_paleo_spatial_resolution,D:/GITHUB/BIODYNAMICS_vegetation_cooccurrence/Data/targets/paleo_spatial_regional/am_r007/pipeline_paleo_spatial_resolution,genus,Associations,1.5560872280972826,45.27249655726718,0.8613613282683659,0.8583850962216165,28,0.07514407754682474,0.579907303587587,0.4024684297157301,spatially_stratified_group_kfold,5,grouped_kfold_feasible,20,534,24,4,unit_cv,NA,candidate_008,america,Genus,Genus,Biotic co-occurrence,45.27249655726718
paleo,regional,am_r008,pipeline_paleo_spatial_resolution,D:/GITHUB/BIODYNAMICS_vegetation_cooccurrence/Data/targets/paleo_spatial_regional/am_r008/pipeline_paleo_spatial_resolution,family,Associations,0.7566506895271585,31.391021397319236,0.7505141302195036,0.810146914388607,15,0.10207072246161196,0.5910646522417529,0.32085094302757416,spatially_stratified_group_kfold,5,grouped_kfold_feasible,69,1356,14,4,unit_cv,NA,candidate_008,america,Family,Family,Biotic co-occurrence,31.391021397319236
paleo,regional,am_r008,pipeline_paleo_spatial_resolution,D:/GITHUB/BIODYNAMICS_vegetation_cooccurrence/Data/targets/paleo_spatial_regional/am_r008/pipeline_paleo_spatial_resolution,functional_type,Associations,0.4836479913083453,21.25199599464449,0.7801125488704043,0.8086582860225984,9,0.14568076492844215,0.6681751023792104,0.29759611419690185,spatially_stratified_group_kfold,5,grouped_kfold_feasible,69,1356,9,4,unit_cv,NA,candidate_008,america,Functional type,Functional type,Biotic co-occurrence,21.25199599464449
paleo,regional,am_r008,pipeline_paleo_spatial_resolution,D:/GITHUB/BIODYNAMICS_vegetation_cooccurrence/Data/targets/paleo_spatial_regional/am_r008/pipeline_paleo_spatial_resolution,genus,Associations,1.387655678252861,40.0328920812942,0.6943933417977093,0.6872313685304401,26,0.02467549740205292,0.5573403499005668,0.5682616982630669,spatially_stratified_group_kfold,5,grouped_kfold_feasible,69,1356,24,4,unit_cv,NA,candidate_004,america,Genus,Genus,Biotic co-occurrence,40.0328920812942
paleo,regional,am_r010,pipeline_paleo_spatial_resolution,D:/GITHUB/BIODYNAMICS_vegetation_cooccurrence/Data/targets/paleo_spatial_regional/am_r010/pipeline_paleo_spatial_resolution,family,Associations,1.0533116132132598,31.77403950036282,0.7243325353748445,0.7912485687718358,14,-0.0059000998938456,0.45654365669101943,0.7550704606423151,spatially_stratified_group_kfold,5,grouped_kfold_feasible,15,322,14,4,unit_cv,NA,candidate_004,america,Family,Family,Biotic co-occurrence,31.77403950036282
paleo,regional,am_r010,pipeline_paleo_spatial_resolution,D:/GITHUB/BIODYNAMICS_vegetation_cooccurrence/Data/targets/paleo_spatial_regional/am_r010/pipeline_paleo_spatial_resolution,functional_type,Associations,0.5769824330737983,24.876231578817254,0.8262537445165088,0.8010621828134801,8,-0.01624760152520612,0.4441569662547549,0.6682907874995923,spatially_stratified_group_kfold,5,grouped_kfold_feasible,15,322,8,4,unit_cv,NA,candidate_004,america,Functional type,Functional type,Biotic co-occurrence,24.876231578817254
paleo,regional,am_r010,pipeline_paleo_spatial_resolution,D:/GITHUB/BIODYNAMICS_vegetation_cooccurrence/Data/targets/paleo_spatial_regional/am_r010/pipeline_paleo_spatial_resolution,genus,Associations,1.469746378533116,38.24860305126296,0.7272917497190085,0.7398511269840835,20,-0.01291826714168691,0.4296203391642286,0.7843887502395613,spatially_stratified_group_kfold,5,grouped_kfold_feasible,15,322,19,4,unit_cv,NA,candidate_004,america,Genus,Genus,Biotic co-occurrence,38.24860305126296
paleo,regional,am_r011,pipeline_paleo_spatial_resolution,D:/GITHUB/BIODYNAMICS_vegetation_cooccurrence/Data/targets/paleo_spatial_regional/am_r011/pipeline_paleo_spatial_resolution,family,Associations,0.8667880284928184,36.18033247649583,0.7076846751939712,0.7370305099680582,17,0.03709707473205473,0.5932085169111729,0.3694419076898193,spatially_stratified_group_kfold,5,grouped_kfold_feasible,132,2671,17,4,unit_cv,NA,candidate_004,america,Family,Family,Biotic co-occurrence,36.18033247649583
paleo,regional,am_r011,pipeline_paleo_spatial_resolution,D:/GITHUB/BIODYNAMICS_vegetation_cooccurrence/Data/targets/paleo_spatial_regional/am_r011/pipeline_paleo_spatial_resolution,functional_type,Associations,0.5014162964407309,24.12468539784491,0.8167413928555884,0.8346523459581685,9,0.14204898440328123,0.6306011036954258,0.28148216548549554,spatially_stratified_group_kfold,5,grouped_kfold_feasible,132,2671,9,4,unit_cv,NA,candidate_008,america,Functional type,Functional type,Biotic co-occurrence,24.12468539784491
paleo,regional,am_r011,pipeline_paleo_spatial_resolution,D:/GITHUB/BIODYNAMICS_vegetation_cooccurrence/Data/targets/paleo_spatial_regional/am_r011/pipeline_paleo_spatial_resolution,genus,Associations,1.4239121574118367,46.768964700899666,0.6320868019657649,0.6398508500474709,34,0.00893838231545677,0.5134612364362072,0.41426532010838746,spatially_stratified_group_kfold,5,grouped_kfold_feasible,132,2671,34,4,unit_cv,NA,candidate_004,america,Genus,Genus,Biotic co-occurrence,46.768964700899666
paleo,regional,as_r008,pipeline_paleo_spatial_resolution,D:/GITHUB/BIODYNAMICS_vegetation_cooccurrence/Data/targets/paleo_spatial_regional/as_r008/pipeline_paleo_spatial_resolution,functional_type,Associations,0.1662663828265447,12.219198560320804,0.9043435972571202,0.9338958606736658,4,NA,NA,NA,none,NA,tier_pooled_regularization_required,8,172,4,NA,tier_pooled,paleo_spatial_regional,candidate_004,asia,Functional type,Functional type,Biotic co-occurrence,12.219198560320804
paleo,regional,as_r008,pipeline_paleo_spatial_resolution,D:/GITHUB/BIODYNAMICS_vegetation_cooccurrence/Data/targets/paleo_spatial_regional/as_r008/pipeline_paleo_spatial_resolution,genus,Associations,0.25345634849498505,14.62003808710868,0.8969551353288686,0.9035991755192644,5,NA,NA,NA,spatially_stratified_group_kfold,5,grouped_kfold_feasible,8,172,5,NA,tier_pooled,paleo_spatial_regional,candidate_004,asia,Genus,Genus,Biotic co-occurrence,14.62003808710868
paleo,regional,eu_r001,pipeline_paleo_spatial_resolution,D:/GITHUB/BIODYNAMICS_vegetation_cooccurrence/Data/targets/paleo_spatial_regional/eu_r001/pipeline_paleo_spatial_resolution,family,Associations,0.8075464817139146,29.348150470927777,0.7726656207069822,0.7550860719874805,11,1.7490732334177918e-4,0.4673231646296171,0.6918538789463791,spatially_stratified_group_kfold,5,grouped_kfold_feasible,12,205,10,NA,unit_cv,NA,candidate_004,europe,Family,Family,Biotic co-occurrence,29.348150470927777
paleo,regional,eu_r001,pipeline_paleo_spatial_resolution,D:/GITHUB/BIODYNAMICS_vegetation_cooccurrence/Data/targets/paleo_spatial_regional/eu_r001/pipeline_paleo_spatial_resolution,functional_type,Associations,0.816919234094757,28.088503988048323,0.7800184425798495,0.7957671100978203,10,-0.00824809466564736,0.4758514861710054,0.6845493470839287,spatially_stratified_group_kfold,5,grouped_kfold_feasible,12,205,10,NA,unit_cv,NA,candidate_004,europe,Functional type,Functional type,Biotic co-occurrence,28.088503988048323
paleo,regional,eu_r001,pipeline_paleo_spatial_resolution,D:/GITHUB/BIODYNAMICS_vegetation_cooccurrence/Data/targets/paleo_spatial_regional/eu_r001/pipeline_paleo_spatial_resolution,genus,Associations,1.0485745431422249,31.39481475051053,0.7754702986451858,0.8264444444444444,15,0.02309155136625754,0.5239186442081681,0.7364953352550272,spatially_stratified_group_kfold,5,grouped_kfold_feasible,12,205,13,NA,unit_cv,NA,candidate_004,europe,Genus,Genus,Biotic co-occurrence,31.39481475051053
paleo,regional,eu_r002,pipeline_paleo_spatial_resolution,D:/GITHUB/BIODYNAMICS_vegetation_cooccurrence/Data/targets/paleo_spatial_regional/eu_r002/pipeline_paleo_spatial_resolution,family,Associations,0.6156749059935671,27.319028873484353,0.7237351251653432,0.735747383643089,22,0.04170456556635129,0.5666179678488488,0.32171304502328973,spatially_stratified_group_kfold,5,grouped_kfold_feasible,134,1965,22,4,unit_cv,NA,candidate_004,europe,Family,Family,Biotic co-occurrence,27.319028873484353
paleo,regional,eu_r002,pipeline_paleo_spatial_resolution,D:/GITHUB/BIODYNAMICS_vegetation_cooccurrence/Data/targets/paleo_spatial_regional/eu_r002/pipeline_paleo_spatial_resolution,functional_type,Associations,0.5350154438987573,29.383988276656403,0.8176823168067305,0.8280226065041345,12,0.07619496221734999,0.6134062542737275,0.26114900070715436,spatially_stratified_group_kfold,5,grouped_kfold_feasible,134,1965,12,4,unit_cv,NA,candidate_008,europe,Functional type,Functional type,Biotic co-occurrence,29.383988276656403
paleo,regional,eu_r002,pipeline_paleo_spatial_resolution,D:/GITHUB/BIODYNAMICS_vegetation_cooccurrence/Data/targets/paleo_spatial_regional/eu_r002/pipeline_paleo_spatial_resolution,genus,Associations,1.1291846066786873,37.65106018373534,0.6163913044051815,0.6751080520987464,37,0.02226304571772755,0.5421070751633408,0.3336295830414675,spatially_stratified_group_kfold,5,grouped_kfold_feasible,134,1965,33,4,unit_cv,NA,candidate_004,europe,Genus,Genus,Biotic co-occurrence,37.65106018373534
paleo,regional,eu_r004,pipeline_paleo_spatial_resolution,D:/GITHUB/BIODYNAMICS_vegetation_cooccurrence/Data/targets/paleo_spatial_regional/eu_r004/pipeline_paleo_spatial_resolution,family,Associations,0.549212734385153,21.308856120303304,0.8522523095839276,0.8846695792090229,12,0.06586497468195643,0.5386648707766506,0.5040384767460397,spatially_stratified_group_kfold,5,grouped_kfold_feasible,11,189,10,NA,unit_cv,NA,candidate_008,europe,Family,Family,Biotic co-occurrence,21.308856120303304
paleo,regional,eu_r004,pipeline_paleo_spatial_resolution,D:/GITHUB/BIODYNAMICS_vegetation_cooccurrence/Data/targets/paleo_spatial_regional/eu_r004/pipeline_paleo_spatial_resolution,functional_type,Associations,0.35450697939248793,16.552581274165146,0.8773645328994834,0.8870387038703871,7,0.16207836130786402,0.6447856005940206,0.5258457679890414,spatially_stratified_group_kfold,5,grouped_kfold_feasible,11,189,7,NA,unit_cv,NA,candidate_008,europe,Functional type,Functional type,Biotic co-occurrence,16.552581274165146
paleo,regional,eu_r004,pipeline_paleo_spatial_resolution,D:/GITHUB/BIODYNAMICS_vegetation_cooccurrence/Data/targets/paleo_spatial_regional/eu_r004/pipeline_paleo_spatial_resolution,genus,Associations,1.0398275615306256,32.81035010689948,0.8650775715763007,0.8790268456375839,15,0.08296725973093687,0.5638785629638197,0.49971351623476024,spatially_stratified_group_kfold,5,grouped_kfold_feasible,11,189,13,NA,unit_cv,NA,candidate_008,europe,Genus,Genus,Biotic co-occurrence,32.81035010689948
paleo,regional,eu_r005,pipeline_paleo_spatial_resolution,D:/GITHUB/BIODYNAMICS_vegetation_cooccurrence/Data/targets/paleo_spatial_regional/eu_r005/pipeline_paleo_spatial_resolution,family,Associations,0.6936630277932937,32.44970743043735,0.6668466937686582,0.6927865807554489,23,0.02135721982000718,0.5283585136460077,0.23936288811330864,spatially_stratified_group_kfold,5,grouped_kfold_feasible,365,6423,23,4,unit_cv,NA,candidate_004,europe,Family,Family,Biotic co-occurrence,32.44970743043735
paleo,regional,eu_r005,pipeline_paleo_spatial_resolution,D:/GITHUB/BIODYNAMICS_vegetation_cooccurrence/Data/targets/paleo_spatial_regional/eu_r005/pipeline_paleo_spatial_resolution,functional_type,Associations,0.37158056201760503,24.57019903238886,0.7373394881915862,0.8026016707083563,12,0.00608392692225625,0.553498950373219,0.30622066224163924,spatially_stratified_group_kfold,5,grouped_kfold_feasible,365,6423,11,4,unit_cv,NA,candidate_004,europe,Functional type,Functional type,Biotic co-occurrence,24.57019903238886
paleo,regional,eu_r005,pipeline_paleo_spatial_resolution,D:/GITHUB/BIODYNAMICS_vegetation_cooccurrence/Data/targets/paleo_spatial_regional/eu_r005/pipeline_paleo_spatial_resolution,genus,Associations,1.2795367475386206,40.64741302817222,0.6197667121314453,0.6353187368993951,42,0.01519561884889771,0.534697758764396,0.28045856033023236,spatially_stratified_group_kfold,5,grouped_kfold_feasible,365,6423,40,4,unit_cv,NA,candidate_004,europe,Genus,Genus,Biotic co-occurrence,40.64741302817222
paleo,regional,eu_r006,pipeline_paleo_spatial_resolution,D:/GITHUB/BIODYNAMICS_vegetation_cooccurrence/Data/targets/paleo_spatial_regional/eu_r006/pipeline_paleo_spatial_resolution,family,Associations,0.2685650225545151,16.043036579210572,0.8186141951513273,0.8608060357176965,9,0.04412424341008417,0.5769684047918164,0.34135179621356737,spatially_stratified_group_kfold,5,grouped_kfold_feasible,33,677,9,4,unit_cv,NA,candidate_008,europe,Family,Family,Biotic co-occurrence,16.043036579210572
paleo,regional,eu_r006,pipeline_paleo_spatial_resolution,D:/GITHUB/BIODYNAMICS_vegetation_cooccurrence/Data/targets/paleo_spatial_regional/eu_r006/pipeline_paleo_spatial_resolution,functional_type,Associations,0.2873058707961169,16.14192750402031,0.7254059337801128,0.823355629877369,7,0.07701399354288069,0.6348970316861984,0.4362447125733469,spatially_stratified_group_kfold,5,grouped_kfold_feasible,33,677,7,4,unit_cv,NA,candidate_004,europe,Functional type,Functional type,Biotic co-occurrence,16.14192750402031
paleo,regional,eu_r006,pipeline_paleo_spatial_resolution,D:/GITHUB/BIODYNAMICS_vegetation_cooccurrence/Data/targets/paleo_spatial_regional/eu_r006/pipeline_paleo_spatial_resolution,genus,Associations,0.866241356671568,35.478626303512925,0.6949443763381384,0.6967228505734342,16,0.01113750576910839,0.5118278458028865,0.5886189298219471,spatially_stratified_group_kfold,5,grouped_kfold_feasible,33,677,16,4,unit_cv,NA,candidate_004,europe,Genus,Genus,Biotic co-occurrence,35.478626303512925
paleo,regional,eu_r007,pipeline_paleo_spatial_resolution,D:/GITHUB/BIODYNAMICS_vegetation_cooccurrence/Data/targets/paleo_spatial_regional/eu_r007/pipeline_paleo_spatial_resolution,family,Associations,0.4998313126906088,21.398310856786843,0.9107699437145852,0.9113756613756614,7,-0.04658120516820146,0.42457769750169544,0.9757779139253296,leave_one_location_out,8,leave_one_location_out_required,8,93,7,NA,unit_cv,NA,candidate_004,europe,Family,Family,Biotic co-occurrence,21.398310856786843
paleo,regional,eu_r007,pipeline_paleo_spatial_resolution,D:/GITHUB/BIODYNAMICS_vegetation_cooccurrence/Data/targets/paleo_spatial_regional/eu_r007/pipeline_paleo_spatial_resolution,functional_type,Associations,0.3841121902178645,18.85973345079662,0.9078813203508376,0.9384633080285254,6,NA,NA,NA,spatially_stratified_group_kfold,5,grouped_kfold_feasible,8,93,6,NA,tier_pooled,paleo_spatial_regional,candidate_004,europe,Functional type,Functional type,Biotic co-occurrence,18.85973345079662
paleo,regional,eu_r007,pipeline_paleo_spatial_resolution,D:/GITHUB/BIODYNAMICS_vegetation_cooccurrence/Data/targets/paleo_spatial_regional/eu_r007/pipeline_paleo_spatial_resolution,genus,Associations,0.3973281695070034,18.17767058115317,0.9142637870851484,0.9204685214601388,6,NA,NA,NA,none,NA,tier_pooled_regularization_required,8,93,5,NA,tier_pooled,paleo_spatial_regional,candidate_004,europe,Genus,Genus,Biotic co-occurrence,18.17767058115317
paleo,regional,eu_r008,pipeline_paleo_spatial_resolution,D:/GITHUB/BIODYNAMICS_vegetation_cooccurrence/Data/targets/paleo_spatial_regional/eu_r008/pipeline_paleo_spatial_resolution,family,Associations,0.60024649684833975,28.417807323072935,0.7576872417733843,0.7518449970634602,15,0.04110193178406737,0.5808328568376807,0.31233091804948393,spatially_stratified_group_kfold,5,grouped_kfold_feasible,105,2015,14,4,unit_cv,NA,candidate_004,europe,Family,Family,Biotic co-occurrence,28.417807323072935
paleo,regional,eu_r008,pipeline_paleo_spatial_resolution,D:/GITHUB/BIODYNAMICS_vegetation_cooccurrence/Data/targets/paleo_spatial_regional/eu_r008/pipeline_paleo_spatial_resolution,functional_type,Associations,0.271201521665504,17.037889818465562,0.8044188987883304,0.8419899189129958,9,0.06344193309875876,0.7131765001642969,0.23170995200170924,spatially_stratified_group_kfold,5,grouped_kfold_feasible,105,2015,8,4,unit_cv,NA,candidate_004,europe,Functional type,Functional type,Biotic co-occurrence,17.037889818465562
paleo,regional,eu_r008,pipeline_paleo_spatial_resolution,D:/GITHUB/BIODYNAMICS_vegetation_cooccurrence/Data/targets/paleo_spatial_regional/eu_r008/pipeline_paleo_spatial_resolution,genus,Associations,1.1947559090846205,38.029191361472066,0.7828395917220174,0.7677421656330607,25,0.02340214530176037,0.5795224763256895,0.4701783159405349,spatially_stratified_group_kfold,5,grouped_kfold_feasible,105,2015,24,4,unit_cv,NA,candidate_004,europe,Genus,Genus,Biotic co-occurrence,38.029191361472066
paleo,regional,eu_r009,pipeline_paleo_spatial_resolution,D:/GITHUB/BIODYNAMICS_vegetation_cooccurrence/Data/targets/paleo_spatial_regional/eu_r009/pipeline_paleo_spatial_resolution,family,Associations,0.251230311080878,16.382681098382893,0.7838612022255909,0.8327626010003848,9,0.05773522036672229,0.5740524715190203,0.3490747285980642,spatially_stratified_group_kfold,5,grouped_kfold_feasible,33,573,8,4,unit_cv,NA,candidate_008,europe,Family,Family,Biotic co-occurrence,16.382681098382893
paleo,regional,eu_r009,pipeline_paleo_spatial_resolution,D:/GITHUB/BIODYNAMICS_vegetation_cooccurrence/Data/targets/paleo_spatial_regional/eu_r009/pipeline_paleo_spatial_resolution,functional_type,Associations,0.19799716991618,13.150537679396887,0.653639197088409,0.7074288041393304,6,0.10668439059901574,0.6320180015344316,0.47286892227216065,spatially_stratified_group_kfold,5,grouped_kfold_feasible,33,573,5,4,unit_cv,NA,candidate_004,europe,Functional type,Functional type,Biotic co-occurrence,13.150537679396887
paleo,regional,eu_r009,pipeline_paleo_spatial_resolution,D:/GITHUB/BIODYNAMICS_vegetation_cooccurrence/Data/targets/paleo_spatial_regional/eu_r009/pipeline_paleo_spatial_resolution,genus,Associations,0.6696975556526407,31.39064167512088,0.7876778076214107,0.8150040155859701,14,0.07744500777913989,0.5794411882152868,0.3482837617237983,spatially_stratified_group_kfold,5,grouped_kfold_feasible,33,573,11,4,unit_cv,NA,candidate_008,europe,Genus,Genus,Biotic co-occurrence,31.39064167512088
paleo,continental,america,pipeline_paleo_spatial_resolution,D:/GITHUB/BIODYNAMICS_vegetation_cooccurrence/Data/targets/paleo_spatial_continental/america/pipeline_paleo_spatial_resolution,family,Associations,1.0167643156401374,31.548136913652968,0.878281078687501,0.8897992010464171,33,0.11860349184604307,0.8020353665942441,0.2179143441803752,spatially_stratified_group_kfold,5,grouped_kfold_feasible,385,8096,31,5,unit_cv,NA,candidate_002,america,Family,Family,Biotic co-occurrence,31.548136913652968
paleo,continental,america,pipeline_paleo_spatial_resolution,D:/GITHUB/BIODYNAMICS_vegetation_cooccurrence/Data/targets/paleo_spatial_continental/america/pipeline_paleo_spatial_resolution,functional_type,Associations,0.49648118621986065,24.21808894782646,0.7269615818048085,0.7496356420272436,20,0.05826482898029098,0.546989896281257,0.19301294258750867,spatially_stratified_group_kfold,5,grouped_kfold_feasible,385,8096,20,5,unit_cv,NA,candidate_008,america,Functional type,Functional type,Biotic co-occurrence,24.21808894782646
paleo,continental,america,pipeline_paleo_spatial_resolution,D:/GITHUB/BIODYNAMICS_vegetation_cooccurrence/Data/targets/paleo_spatial_continental/america/pipeline_paleo_spatial_resolution,genus,Associations,1.5550048877597185,41.79031666132687,0.6542541717171104,0.6891058346299868,56,0.0131620779022516,0.5173025001978697,0.3150988419655782,spatially_stratified_group_kfold,5,grouped_kfold_feasible,385,8096,54,5,unit_cv,NA,candidate_004,america,Genus,Genus,Biotic co-occurrence,41.79031666132687
paleo,continental,asia,pipeline_paleo_spatial_resolution,D:/GITHUB/BIODYNAMICS_vegetation_cooccurrence/Data/targets/paleo_spatial_continental/asia/pipeline_paleo_spatial_resolution,functional_type,Associations,0.1788522234650628,11.408614940731654,0.8528289512829278,0.867136916355214,5,0.07752104184445593,0.6379171103064144,0.4738637323338135,spatially_stratified_group_kfold,5,grouped_kfold_feasible,24,435,5,5,unit_cv,NA,candidate_004,asia,Functional type,Functional type,Biotic co-occurrence,11.408614940731654
paleo,continental,asia,pipeline_paleo_spatial_resolution,D:/GITHUB/BIODYNAMICS_vegetation_cooccurrence/Data/targets/paleo_spatial_continental/asia/pipeline_paleo_spatial_resolution,genus,Associations,0.39969798108113086,17.790372385757035,0.8798746743611097,0.8897861613670401,8,0.05994038501562529,0.6081516013660964,0.5550698638531625,spatially_stratified_group_kfold,5,grouped_kfold_feasible,24,435,8,5,unit_cv,NA,candidate_004,asia,Genus,Genus,Biotic co-occurrence,17.790372385757035
paleo,continental,europe,pipeline_paleo_spatial_resolution,D:/GITHUB/BIODYNAMICS_vegetation_cooccurrence/Data/targets/paleo_spatial_continental/europe/pipeline_paleo_spatial_resolution,family,Associations,0.6968581280214806,25.781217368645382,0.8684784639401769,0.8789425974167593,34,0.10329159396489232,0.7967766958881589,0.15539725647768582,spatially_stratified_group_kfold,5,grouped_kfold_feasible,702,12161,33,5,unit_cv,NA,candidate_002,europe,Family,Family,Biotic co-occurrence,25.781217368645382
paleo,continental,europe,pipeline_paleo_spatial_resolution,D:/GITHUB/BIODYNAMICS_vegetation_cooccurrence/Data/targets/paleo_spatial_continental/europe/pipeline_paleo_spatial_resolution,functional_type,Associations,0.4503319792892048,25.82877841904624,0.7891944173584574,0.8354445966725412,18,0.05455904306155799,0.634989097937901,0.1669462272769838,spatially_stratified_group_kfold,5,grouped_kfold_feasible,702,12161,16,5,unit_cv,NA,candidate_008,europe,Functional type,Functional type,Biotic co-occurrence,25.82877841904624
paleo,continental,europe,pipeline_paleo_spatial_resolution,D:/GITHUB/BIODYNAMICS_vegetation_cooccurrence/Data/targets/paleo_spatial_continental/europe/pipeline_paleo_spatial_resolution,genus,Associations,1.3269983494867894,41.65255028364832,0.6436249508919141,0.6510423307974368,59,0.01243715618567033,0.5635122139011932,0.22053035483526107,spatially_stratified_group_kfold,5,grouped_kfold_feasible,702,12161,56,5,unit_cv,NA,candidate_004,europe,Genus,Genus,Biotic co-occurrence,41.65255028364832
